2.50112 0.016805204192265992
2.50233 0.01685037947235273
2.50354 0.01685037947235273
2.50474 0.016669678352005782
2.50595 0.0164438019515721
2.50716 0.016488977231658836
2.50837 0.01657932779183231
2.50957 0.016398626671485363
2.51078 0.016398626671485363
2.51199 0.016127574990964944
2.51319 0.01617275027105168
2.5144 0.015992049150704735
2.51561 0.016082399710878208
2.51681 0.016082399710878208
2.51802 0.01581134803035779
2.51923 0.015766172750271052
2.52043 0.015630646910010842
2.52164 0.015540296349837368
2.52285 0.015540296349837368
2.52405 0.015449945789663895
2.52526 0.015404770509577158
2.52647 0.015178894109143477
2.52767 0.01513371882905674
2.52888 0.015224069389230214
2.53009 0.015224069389230214
2.53129 0.014953017708709795
2.5325 0.01486266714853632
2.53371 0.01486266714853632
2.53492 0.014907842428623056
2.53612 0.0145916154680159
2.53733 0.014636790748102637
2.53854 0.014320563787495483
2.53974 0.01436573906758222
2.54095 0.014546440187929166
2.54216 0.014094687387061799
2.54336 0.014094687387061799
2.54457 0.014049512106975063
2.54578 0.014230213227322009
2.54698 0.014185037947235272
2.54819 0.013913986266714853
2.5494 0.013868810986628117
2.5506 0.013642934586194436
2.55181 0.013462233465847488
2.55302 0.013326707625587278
2.55422 0.013371882905674015
2.55543 0.013326707625587278
2.55664 0.013191181785327069
2.55785 0.013507408745934224
2.55905 0.013462233465847488
2.56026 0.013100831225153596
2.56147 0.013010480664980124
2.56267 0.012874954824719913
2.56388 0.012829779544633177
2.56509 0.012603903144199494
2.56629 0.012603903144199494
2.5675 0.012694253704372967
2.56871 0.01264907842428623
2.56991 0.012558727864112757
2.57112 0.012423202023852548
2.57233 0.012242500903505602
2.57353 0.012152150343332129
2.57474 0.012197325623418865
2.57595 0.011790748102638237
2.57715 0.011610046982291289
2.57836 0.011835923382724973
2.57957 0.011655222262378025
2.58077 0.011474521142031081
2.58198 0.011474521142031081
2.58319 0.011474521142031081
2.5844 0.011338995301770871
2.5856 0.011293820021684135
2.58681 0.011158294181423925
2.58802 0.010887242500903505
2.58922 0.010661366100469824
2.59043 0.01057101554029635
2.59164 0.010390314419949403
2.59284 0.010616190820383087
2.59405 0.010661366100469824
2.59526 0.010525840260209614
2.59646 0.01016443801951572
2.59767 0.009757860498735092
2.59888 0.009803035778821828
2.60008 0.009667509938561619
2.60129 0.009306107697867728
2.6025 0.009441633538127936
2.6037 0.009351282977954463
2.60491 0.009531984098301409
2.60612 0.009441633538127936
2.60732 0.008944705457173834
2.60853 0.009035056017347307
2.60974 0.008899530177087098
2.61095 0.008583303216479942
2.61215 0.008267076255872786
2.61336 0.008312251535959523
2.61457 0.008447777376219733
2.61577 0.008402602096132996
2.61698 0.008176725695699313
2.61819 0.00795084929526563
2.61939 0.007815323455005421
2.6206 0.007724972894831947
2.62181 0.007724972894831947
2.62301 0.007499096494398266
2.62422 0.007408745934224792
2.62543 0.007363570654138055
2.62663 0.007318395374051319
2.62784 0.007002168413444163
2.62905 0.006866642573183954
2.63025 0.00691181785327069
2.63146 0.006866642573183954
2.63267 0.006595590892663534
2.63387 0.006279363932056379
2.63508 0.006189013371882905
2.63629 0.006053487531622696
2.6375 0.006098662811709433
2.6387 0.00600831225153596
2.63991 0.005782435851102277
2.64112 0.005601734730755331
2.64232 0.005375858330321648
2.64353 0.005240332490061439
2.64474 0.005149981929887965
2.64594 0.005104806649801228
2.64715 0.00496928080954102
2.64836 0.004743404409107336
2.64956 0.00456270328876039
2.65077 0.0046078785688471275
2.65198 0.004427177448500181
2.65318 0.0043368268883267076
2.65439 0.004291651608239971
2.6556 0.003885074087459342
2.6568 0.004020599927719552
2.65801 0.0038398988073726054
2.65922 0.0035236718467654498
2.66042 0.0033881460065052402
2.66163 0.0033881460065052402
2.66284 0.0033881460065052402
2.66405 0.003433321286591977
2.66525 0.0034784965666787133
2.66646 0.003433321286591977
2.66767 0.003117094325984821
2.66887 0.0027556920852909285
2.67008 0.002710516805204192
2.67129 0.0027556920852909285
2.67249 0.002439465124683773
2.6737 0.0021684134441633538
2.67491 0.0020780628839898807
2.67611 0.001852186483556198
2.67732 0.0015811348030357788
2.67853 0.0018070112034694616
2.67973 0.0016714853632092519
2.68094 0.0015359595229490423
2.68215 0.0014907842428623058
2.68335 0.0013100831225153597
2.68456 0.0013100831225153597
2.68577 0.00117455728225515
2.68697 0.0011293820021684134
2.68818 0.0012197325623418864
2.68939 0.0009938561619082039
2.6906 0.0008583303216479943
2.6918 0.0008131550415612578
2.69301 0.0009486808818214673
2.69422 0.0008583303216479943
2.69542 0.0009486808818214673
2.69663 0.0009938561619082039
2.69784 0.0008583303216479943
2.69904 0.0008131550415612578
2.70025 0.000677629201301048
2.70146 0.0006324539212143115
2.70266 0.000677629201301048
2.70387 0.0004517528008673654
2.70508 0.0004065775207806289
2.70628 0.0002710516805204192
2.70749 4.517528008673654e-05
2.7087 -4.517528008673654e-05
2.7099 -4.517528008673654e-05
2.71111 0.00018070112034694616
2.71232 4.517528008673654e-05
2.71352 0.0
2.71473 0.0004065775207806289
2.71594 0.0009035056017347308
2.71715 0.0013100831225153597
2.71835 0.0017618359233827249
2.71956 0.0020328876039031442
2.72077 0.0019877123238164077
2.72197 0.001942537043729671
2.72318 0.0023039392844235638
2.72439 0.0027556920852909285
2.72559 0.002665341525117456
2.7268 0.002710516805204192
2.72801 0.003026743765811348
2.72921 0.003433321286591977
2.73042 0.003885074087459342
2.73163 0.004201301048066498
2.73283 0.004517528008673654
2.73404 0.004924105529454283
2.73525 0.005285507770148175
2.73645 0.005782435851102277
2.73766 0.006234188651969642
2.73887 0.006550415612576798
2.74007 0.007589447054571739
2.74128 0.008041199855439104
2.74249 0.008447777376219733
2.7437 0.009215757137694255
2.7449 0.009803035778821828
2.74611 0.010525840260209614
2.74732 0.011519696422117818
2.74852 0.012287676183592338
2.74973 0.013236357065413805
2.75094 0.014094687387061799
2.75214 0.015088543548970004
2.75335 0.01617275027105168
2.75456 0.017256956993133357
2.75576 0.018612215395735456
2.75697 0.020102999638597758
2.75818 0.021458258041199853
2.75938 0.022903867003975426
2.76059 0.024485001807011204
2.7618 0.026111311890133722
2.763 0.027827972533429706
2.76421 0.029544633176725694
2.76542 0.031125767979761475
2.76663 0.03297795446331767
2.76783 0.03496566678713408
2.76904 0.037043729671123966
2.77025 0.03912179255511384
2.77145 0.041380556559450665
2.77266 0.043729671123960964
2.77387 0.046123960968558
2.77507 0.048382724972894836
2.77628 0.05077701481749187
2.77749 0.053352005782435846
2.77869 0.05592699674737984
2.7799 0.05868268883267076
2.78111 0.06121250451752801
2.78231 0.06369714492229851
2.78352 0.06667871340802313
2.78473 0.06961510661366101
2.78593 0.07209974701843151
2.78714 0.07490061438380918
2.78835 0.07779183230936032
2.78955 0.08068305023491146
2.79076 0.0835742681604626
2.79197 0.08646548608601373
2.79318 0.0892663534513914
2.79438 0.09206722081676906
2.79559 0.09486808818214673
2.7968 0.09762378026743766
2.798 0.10051499819298879
2.79921 0.10322551499819298
2.80042 0.10575533068305024
2.80162 0.1082851463679075
2.80283 0.11076978677267799
2.80404 0.1137513552584026
2.80524 0.11664257318395374
2.80645 0.11930791470907119
2.80766 0.12197325623418866
2.80886 0.12459342247921937
2.81007 0.12734911456451029
2.81128 0.13001445608962775
2.81248 0.1328153234550054
2.81369 0.13534513913986268
2.8149 0.13778460426454645
2.8161 0.1405854716299241
2.81731 0.14334116371521505
2.81852 0.14587097940007226
2.81973 0.1484007950849295
2.82093 0.15106613661004697
2.82214 0.15377665341525118
2.82335 0.15644199494036864
2.82455 0.15919768702565956
2.82576 0.1617275027105168
2.82697 0.16425731839537405
2.82817 0.16696783520057823
2.82938 0.16949765088543547
2.83059 0.17193711601011924
2.83179 0.17428623057462958
2.833 0.17659016985905313
2.83421 0.17898445970365018
2.83541 0.18128839898807372
2.83662 0.18350198771232384
2.83783 0.18567040115648717
2.83903 0.18810986628117096
2.84024 0.19045898084568125
2.84145 0.1924918684495844
2.84265 0.19452475605348754
2.84386 0.1966028189374774
2.84507 0.19863570654138057
2.84628 0.20057824358511023
2.84748 0.2025207806288399
2.84869 0.2043729671123961
2.8499 0.2061348030357788
2.8511 0.207986989519335
2.85231 0.209703650162631
2.85352 0.21155583664618718
2.85472 0.21336284784965667
2.85593 0.21494398265269243
2.85714 0.216570292735815
2.85834 0.2182417780990242
2.85955 0.2200939645825804
2.86076 0.22185580050596315
2.86196 0.2235272858691724
2.86317 0.22524394651246837
2.86438 0.22700578243585112
2.86558 0.2284965666787134
2.86679 0.2299873509215757
2.868 0.2315684857246115
2.8692 0.23310444524756052
2.87041 0.23459522949042283
2.87162 0.23599566317311169
2.87283 0.23739609685580051
2.87403 0.23906758221900976
2.87524 0.24078424286230574
2.87645 0.2422298518250813
2.87765 0.24363028550777013
2.87886 0.24525659559089266
2.88007 0.2469280809541019
2.88127 0.24832851463679073
2.88248 0.2497741235995663
2.88369 0.25103903144199496
2.88489 0.25225876400433683
2.8861 0.25374954824719914
2.88731 0.25510480664980123
2.88851 0.2564600650524033
2.88972 0.2579508492952656
2.89093 0.259260932417781
2.89213 0.26039031441994936
2.89334 0.26170039754246477
2.89455 0.26305565594506686
2.89575 0.26441091434766895
2.89696 0.2657209974701843
2.89817 0.26694073003252616
2.89938 0.26825081315504157
2.90058 0.2695608962775569
2.90179 0.2708258041199856
2.903 0.27213588724250093
2.9042 0.27331044452475606
2.90541 0.27434947596675097
2.90662 0.27520780628839897
2.90782 0.27602096132996023
2.90903 0.276924466931695
2.91024 0.2774665702927358
2.91144 0.27791832309360315
2.91265 0.2787314781351644
2.91386 0.2794091073364655
2.91506 0.27986086013733286
2.91627 0.2802222623780268
2.91748 0.28076436573906755
2.91868 0.28099024213950125
2.91989 0.28094506685941456
2.9211 0.28094506685941456
2.9223 0.28089989157932777
2.92351 0.28076436573906755
2.92472 0.28071919045898086
2.92593 0.28076436573906755
2.92713 0.2805384893386339
2.92834 0.28008673653776656
2.92955 0.2795898084568124
2.93075 0.2789573545355981
2.93196 0.2781893747741236
2.93317 0.2773762197325624
2.93437 0.2766082399710878
2.93558 0.27561438380917963
2.93679 0.27443982652692445
2.93799 0.2733556198048428
2.9392 0.27222623780267435
2.94041 0.2710065052403325
2.94161 0.26969642211781714
2.94282 0.26834116371521505
2.94403 0.2668955547524395
2.94523 0.26535959522949043
2.94644 0.26391398626671486
2.94765 0.2623328514636791
2.94885 0.2606613661004698
2.95006 0.25903505601734733
2.95127 0.2574087459342248
2.95248 0.2556017347307553
2.95368 0.25383989880737257
2.95489 0.25194253704372965
2.9561 0.25
2.9573 0.24805746295627032
2.95851 0.24597940007228045
2.95972 0.24385616190820383
2.96092 0.24173292374412722
2.96213 0.2394741597397904
2.96334 0.2372605710155403
2.96454 0.23518250813155042
2.96575 0.2331496205276473
2.96696 0.23084568124322372
2.96816 0.22858691723888688
2.96937 0.22646367907481027
2.97058 0.22429526563064692
2.97178 0.2219461510661366
2.97299 0.21977773762197325
2.9742 0.21774485001807012
2.9754 0.21553126129382003
2.97661 0.2132724972894832
2.97782 0.21114925912540655
2.97903 0.20916154680159016
2.98023 0.20717383447777374
2.98144 0.2050957715937839
2.98265 0.20306288398988073
2.98385 0.20107517166606434
2.98506 0.19908745934224792
2.98627 0.19705457173834479
2.98747 0.19515720997470185
2.98868 0.19335019877123236
2.98989 0.19149801228767616
2.99109 0.1895102999638598
2.9923 0.1876581134803036
2.99351 0.18589627755692084
2.99471 0.18413444163353812
2.99592 0.1825081315504156
2.99713 0.1810173473075533
2.99833 0.1793910372244308
2.99954 0.17758402602096132
3.00075 0.1759577159378388
3.00196 0.1744669316949765
3.00316 0.17293097217202746
3.00437 0.1714853632092519
3.00558 0.1701301048066498
3.00678 0.16886519696422117
3.00799 0.16773581496205278
3.0092 0.16647090711962415
3.0104 0.16502529815684858
3.01161 0.16376039031441994
3.01282 0.16276653415251174
3.01402 0.1617275027105168
3.01523 0.1605981207083484
3.01644 0.15964943982652693
3.01764 0.15870075894470545
3.01885 0.157752078062884
3.02006 0.156893747741236
3.02126 0.15612576797976147
3.02247 0.15535778821828694
3.02368 0.15458980845681244
3.02488 0.1539121792555114
3.02609 0.15327972533429707
3.0273 0.15269244669316948
3.02851 0.1523310444524756
3.02971 0.15192446693169498
3.03092 0.1514727141308276
3.03213 0.1509757860498735
3.03333 0.1504788579689194
3.03454 0.15007228044813878
3.03575 0.14984640404770508
3.03695 0.1496205276472714
3.03816 0.14939465124683773
3.03937 0.14921395012649077
3.04057 0.14907842428623058
3.04178 0.14880737260571014
3.04299 0.14844597036501625
3.04419 0.14817491868449587
3.0454 0.14803939284423565
3.04661 0.14781351644380195
3.04781 0.14758764004336825
3.04902 0.1473617636429346
3.05023 0.14709071196241416
3.05143 0.14686483556198046
3.05264 0.14668413444163353
3.05385 0.14659378388146005
3.05506 0.14645825804119983
3.05626 0.14636790748102638
3.05747 0.14600650524033248
3.05868 0.1455095771593784
3.05988 0.1452837007589447
3.06109 0.14519335019877125
3.0623 0.14501264907842426
3.0635 0.14483194795807733
3.06471 0.14460607155764363
3.06592 0.14419949403686302
3.06712 0.14383809179616913
3.06833 0.1436573906758222
3.06954 0.14352186483556198
3.07074 0.14334116371521505
3.07195 0.14297976147452113
3.07316 0.1425731839537405
3.07436 0.1420762558727864
3.07557 0.14166967835200578
3.07678 0.14135345139139863
3.07798 0.14103722443079147
3.07919 0.1405854716299241
3.0804 0.1402240693892302
3.08161 0.13990784242862306
3.08281 0.1393657390675822
3.08402 0.13882363570654138
3.08523 0.1384622334658475
3.08643 0.13814600650524034
3.08764 0.13778460426454645
3.08885 0.1373780267437658
3.09005 0.13692627394289844
3.09126 0.1365196964221178
3.09247 0.13615829418142392
3.09367 0.13579689194073002
3.09488 0.13534513913986268
3.09609 0.13480303577882183
3.09729 0.13444163353812794
3.0985 0.13408023129743404
3.09971 0.1335381279363932
3.10091 0.1331315504156126
3.10212 0.13286049873509215
3.10333 0.13245392121431152
3.10453 0.13204734369353088
3.10574 0.13159559089266354
3.10695 0.13123418865196965
3.10816 0.13078243585110227
3.10936 0.13019515720997468
3.11057 0.12978857968919408
3.11178 0.12947235272858693
3.11298 0.12920130104806649
3.11419 0.1288398988073726
3.1154 0.1284784965666787
3.1166 0.12816226960607155
3.11781 0.1277105168052042
3.11902 0.12730393928442357
3.12022 0.12703288760390313
3.12143 0.12676183592338272
3.12264 0.12653595952294905
3.12384 0.12640043368268883
3.12505 0.12608420672208168
3.12626 0.12567762920130104
3.12746 0.12549692808095408
3.12867 0.1252710516805204
3.12988 0.12477412359956631
3.13108 0.12423202023852548
3.13229 0.12400614383809179
3.1335 0.12382544271774486
3.13471 0.12341886519696423
3.13591 0.12292193711601013
3.13712 0.12269606071557644
3.13833 0.12251535959522948
3.13953 0.12228948319479581
3.14074 0.12206360679436212
3.14195 0.12183773039392845
3.14315 0.12147632815323456
3.14436 0.12116010119262739
3.14557 0.12097940007228046
3.14677 0.12075352367184676
3.14798 0.1203017708709794
3.14919 0.12003071919045898
3.15039 0.11994036863028551
3.1516 0.11962414166967836
3.15281 0.11917238886881099
3.15401 0.1188109866281171
3.15522 0.11867546078785689
3.15643 0.1184495843874232
3.15763 0.11808818214672931
3.15884 0.11777195518612216
3.16005 0.11750090350560173
3.16126 0.11713950126490785
3.16246 0.11691362486447417
3.16367 0.11677809902421396
3.16488 0.11637152150343333
3.16608 0.11591976870256596
3.16729 0.11573906758221901
3.1685 0.11555836646187205
3.1697 0.11519696422117816
3.17091 0.11488073726057102
3.17212 0.11479038670039754
3.17332 0.11456451029996387
3.17453 0.1141127574990965
3.17574 0.11370617997831588
3.17694 0.11343512829779545
3.17815 0.11311890133718829
3.17936 0.11275749909649439
3.18056 0.11253162269606072
3.18177 0.1122605710155403
3.18298 0.1118991687748464
3.18418 0.11162811709432598
3.18539 0.1114022406938923
3.1866 0.11113118901337188
3.18781 0.11067943621250452
3.18901 0.11036320925189737
3.19022 0.11013733285146367
3.19143 0.10977593061076978
3.19263 0.10927900252981568
3.19384 0.10896277556920853
3.19505 0.10878207444886158
3.19625 0.10842067220816769
3.19746 0.10796891940730033
3.19867 0.1076978677267799
3.19987 0.10742681604625948
3.20108 0.10692988796530538
3.20229 0.1064329598843513
3.20349 0.1062070834839176
3.2047 0.10593603180339717
3.20591 0.10548427900252981
3.20711 0.10512287676183592
3.20832 0.1048518250813155
3.20953 0.10440007228044813
3.21074 0.10394831947958078
3.21194 0.10358691723888687
3.21315 0.10331586555836647
3.21436 0.10281893747741236
3.21556 0.1022316588362848
3.21677 0.10182508131550416
3.21798 0.10155402963498374
3.21918 0.10119262739428984
3.22039 0.10074087459342249
3.2216 0.10019877123238163
3.2228 0.09970184315142754
3.22401 0.09925009035056018
3.22522 0.0987983375496928
3.22642 0.09839176002891219
3.22763 0.09798518250813155
3.22884 0.09757860498735092
3.23004 0.0971720274665703
3.23125 0.09667509938561618
3.23246 0.09613299602457535
3.23366 0.095681243223708
3.23487 0.09527466570292736
3.23608 0.09486808818214673
3.23729 0.09441633538127936
3.23849 0.09396458258041199
3.2397 0.09355800505963137
3.24091 0.09306107697867727
3.24211 0.09251897361763643
3.24332 0.09206722081676906
3.24453 0.09166064329598843
3.24573 0.09134441633538128
3.24694 0.0908926635345139
3.24815 0.09044091073364655
3.24935 0.09007950849295265
3.25056 0.08967293097217202
3.25177 0.08922117817130466
3.25297 0.0889049512106975
3.25418 0.0885435489700036
3.25539 0.08809179616913625
3.25659 0.08750451752800867
3.2578 0.08714311528731479
3.25901 0.08687206360679436
3.26021 0.086420310805927
3.26142 0.08596855800505962
3.26263 0.08560715576436574
3.26384 0.08533610408384532
3.26504 0.08488435128297796
3.26625 0.08443259848211059
3.26746 0.08425189736176364
3.26866 0.08402602096132995
3.26987 0.08352909288037585
3.27108 0.08294181423924829
3.27228 0.0824900614383809
3.27349 0.08217383447777377
3.2747 0.08181243223707987
3.2759 0.08145102999638598
3.27711 0.08127032887603902
3.27832 0.08099927719551862
3.27952 0.08054752439465124
3.28073 0.08000542103361041
3.28194 0.07973436935308999
3.28314 0.07950849295265632
3.28435 0.07919226599204915
3.28556 0.07892121431152872
3.28676 0.07869533791109505
3.28797 0.0783791109504879
3.28918 0.07792735814962054
3.29039 0.07756595590892663
3.29159 0.07724972894831948
3.2928 0.07697867726779906
3.29401 0.07657209974701842
3.29521 0.07612034694615107
3.29642 0.07580411998554391
3.29763 0.07557824358511021
3.29883 0.07539754246476328
3.30004 0.07521684134441634
3.30125 0.07490061438380918
3.30245 0.07462956270328876
3.30366 0.0743133357426816
3.30487 0.07399710878207444
3.30607 0.07372605710155404
3.30728 0.07354535598120708
3.30849 0.07327430430068665
3.30969 0.07300325262016624
3.3109 0.07268702565955909
3.31211 0.07237079869895192
3.31331 0.07200939645825803
3.31452 0.07169316949765088
3.31573 0.07151246837730393
3.31694 0.07128659197687025
3.31814 0.07101554029634985
3.31935 0.07078966389591615
3.32056 0.07060896277556922
3.32176 0.07033791109504879
3.32297 0.07006685941452837
3.32418 0.06979580773400795
3.32538 0.06947958077340079
3.32659 0.06907300325262017
3.3278 0.06871160101192628
3.329 0.06853089989157933
3.33021 0.06844054933140585
3.33142 0.06830502349114564
3.33262 0.06803397181062523
3.33383 0.06780809541019155
3.33504 0.0676273942898446
3.33624 0.06744669316949765
3.33745 0.06713046620889049
3.33866 0.06685941452837008
3.33986 0.06663353812793639
3.34107 0.06645283700758944
3.34228 0.06618178532706903
3.34349 0.06595590892663535
3.34469 0.0657752078062884
3.3459 0.06550415612576799
3.34711 0.06523310444524756
3.34831 0.06505240332490062
3.34952 0.06496205276472715
3.35073 0.06487170220455367
3.35193 0.06473617636429346
3.35314 0.06464582580411998
3.35435 0.06446512468377304
3.35555 0.06437477412359957
3.35676 0.06419407300325262
3.35797 0.0640585471629924
3.35917 0.06401337188290568
3.36038 0.0640585471629924
3.36159 0.06401337188290568
3.36279 0.06387784604264546
3.364 0.06374232020238525
3.36521 0.06369714492229851
3.36641 0.06369714492229851
3.36762 0.06374232020238525
3.36883 0.06365196964221179
3.37004 0.06351644380195157
3.37124 0.06347126852186484
3.37245 0.06351644380195157
3.37366 0.06351644380195157
3.37486 0.0635616190820383
3.37607 0.0635616190820383
3.37728 0.06351644380195157
3.37848 0.06351644380195157
3.37969 0.06351644380195157
3.3809 0.0634260932417781
3.3821 0.0632905674015179
3.38331 0.06324539212143115
3.38452 0.06315504156125767
3.38572 0.06297434044091073
3.38693 0.06279363932056378
3.38814 0.06270328876039032
3.38934 0.0625677629201301
3.39055 0.06238706179978316
3.39176 0.062341886519696424
3.39296 0.062296711239609684
3.39417 0.062296711239609684
3.39538 0.06225153595952295
3.39659 0.06220636067943621
3.39779 0.06216118539934947
3.399 0.06216118539934947
3.40021 0.06220636067943621
3.40141 0.062341886519696424
3.40262 0.06247741235995663
3.40383 0.06265811348030358
3.40503 0.06283881460065052
3.40624 0.06301951572099747
3.40745 0.0632905674015179
3.40865 0.0635616190820383
3.40986 0.06378749548247199
3.41107 0.06410372244307914
3.41227 0.0644199494036863
3.41348 0.06482652692446693
3.41469 0.06523310444524756
3.41589 0.06554933140585471
3.4171 0.0657752078062884
3.41831 0.06595590892663535
3.41952 0.06631731116732924
3.42072 0.0667690639681966
3.42193 0.06704011564871702
3.42314 0.06713046620889049
3.42434 0.06708529092880376
3.42555 0.06704011564871702
3.42676 0.06681423924828334
3.42796 0.06636248644741598
3.42917 0.06573003252620166
3.43038 0.06500722804481388
3.43158 0.06414889772316588
3.43279 0.06315504156125767
3.434 0.06220636067943621
3.4352 0.06143838091796169
3.43641 0.060805926996747375
3.43762 0.060218648355619804
3.43882 0.05976689555475244
3.44003 0.05940549331405855
3.44124 0.059044091073364655
3.44244 0.05863751355258403
3.44365 0.0582309360318034
3.44486 0.05791470907119624
3.44607 0.057643657390675826
3.44727 0.05732743043006867
3.44848 0.05710155402963499
3.44969 0.056920852909288035
3.45089 0.05674015178894109
3.4521 0.05655945066859414
3.45331 0.05628839898807373
3.45451 0.05597217202746657
3.45572 0.055746295627032885
3.45693 0.055520419226599206
3.45813 0.055159016985905314
3.45934 0.05488796530538489
3.46055 0.05470726418503794
3.46175 0.05457173834477774
3.46296 0.05443621250451753
3.46417 0.05416516082399711
3.46537 0.053894109143476684
3.46658 0.05362305746295627
3.46779 0.05339718106252259
3.46899 0.0531713046620889
3.4702 0.05294542826165522
3.47141 0.05285507770148175
3.47262 0.052809902421395015
3.47382 0.052764727141308275
3.47503 0.05253885074087459
3.47624 0.05231297434044091
3.47744 0.0521774485001807
3.47865 0.0520419226599205
3.47986 0.0520419226599205
3.48106 0.05208709794000723
3.48227 0.05208709794000723
3.48348 0.05199674737983375
3.48468 0.051816046259486805
3.48589 0.051590169859053125
3.4871 0.05149981929887965
3.4883 0.05145464401879292
3.48951 0.05145464401879292
3.49072 0.05136429345861944
3.49192 0.051319118178532706
3.49313 0.05136429345861944
3.49434 0.05149981929887965
3.49554 0.05163534513913986
3.49675 0.05172569569931334
3.49796 0.051906396819660285
3.49917 0.052222623780267444
3.50037 0.05258402602096133
3.50158 0.05290025298156849
3.50279 0.0531713046620889
3.50399 0.05330683050234911
3.5052 0.05330683050234911
3.50641 0.05326165522226238
3.50761 0.05312612938200217
3.50882 0.05290025298156849
3.51003 0.05244850018070112
3.51123 0.051816046259486805
3.51244 0.05104806649801229
3.51365 0.05028008673653776
3.51485 0.049557282255149986
3.51606 0.04897000361402241
3.51727 0.04842790025298157
3.51847 0.0479761474521142
3.51968 0.04752439465124684
3.52089 0.047072641850379474
3.52209 0.046756414889772314
3.5233 0.04639501264907842
3.52451 0.0459884351282978
3.52572 0.045581857607517165
3.52692 0.04531080592699675
3.52813 0.04513010480664981
3.52934 0.044949403686302854
3.53054 0.044678352005782435
3.53175 0.04431694976508854
3.53296 0.04404589808456812
3.53416 0.043820021684134444
3.53537 0.04359414528370076
3.53658 0.04336826888326707
3.53778 0.04318756776292013
3.53899 0.04305204192265992
3.5402 0.042871340802312974
3.5414 0.04260028912179255
3.54261 0.04246476328153235
3.54382 0.04237441272135887
3.54502 0.04219371160101192
3.54623 0.042013010480664977
3.54744 0.04187748464040477
3.54864 0.0417871340802313
3.54985 0.04160643295988435
3.55106 0.04133538127936393
3.55227 0.041154680159016986
3.55347 0.04106432959884351
3.55468 0.04092880375858331
3.55589 0.040793277918323094
3.55709 0.04070292735814962
3.5583 0.04061257679797615
3.55951 0.040522226237802675
3.56071 0.04038670039754246
3.56192 0.040251174557282256
3.56313 0.0400704734369353
3.56433 0.03998012287676184
3.56554 0.03998012287676184
3.56675 0.039934947596675104
3.56795 0.03975424647632816
3.56916 0.03952837007589447
3.57037 0.039347668955547525
3.57157 0.03925731839537405
3.57278 0.03912179255511384
3.57399 0.039031441994940366
3.57519 0.03894109143476689
3.5764 0.03889591615468016
3.57761 0.03885074087459342
3.57882 0.038760390314419954
3.58002 0.03857968919407301
3.58123 0.03839898807372606
3.58244 0.038218286953379116
3.58364 0.0380827611131189
3.58485 0.03794723527285869
3.58606 0.03785688471268522
3.58726 0.03785688471268522
3.58847 0.03785688471268522
3.58968 0.037766534152511744
3.59088 0.03763100831225154
3.59209 0.03740513191181785
3.5933 0.03722443079147091
3.5945 0.03713408023129743
3.59571 0.0370889049512107
3.59692 0.03699855439103722
3.59812 0.03690820383086375
3.59933 0.03681785327069027
3.60054 0.03681785327069027
3.60174 0.03672750271051681
3.60295 0.036591976870256594
3.60416 0.036366100469822915
3.60537 0.03618539934947596
3.60657 0.03618539934947596
3.60778 0.03614022406938923
3.60899 0.03595952294904228
3.61019 0.03577882182869534
3.6114 0.03568847126852187
3.61261 0.03568847126852187
3.61381 0.035733646548608604
3.61502 0.035643295988435124
3.61623 0.035417419588001445
3.61743 0.0352367184676545
3.61864 0.035146367907481026
3.61985 0.03505601734730755
3.62105 0.03492049150704734
3.62226 0.034875316226960607
3.62347 0.034875316226960607
3.62467 0.034830140946873867
3.62588 0.03464943982652692
3.62709 0.034468738706179974
3.6283 0.034242862305746295
3.6295 0.03415251174557282
3.63071 0.03415251174557282
3.63192 0.03410733646548609
3.63312 0.03392663534513914
3.63433 0.03379110950487893
3.63554 0.0337459342247922
3.63674 0.03370075894470546
3.63795 0.033610408384531984
3.63916 0.03342970726418504
3.64036 0.033294181423924825
3.64157 0.033294181423924825
3.64278 0.033294181423924825
3.64398 0.03324900614383809
3.64519 0.03311348030357788
3.6464 0.03293277918323093
3.6476 0.03279725334297073
3.64881 0.03266172750271052
3.65002 0.03257137694253705
3.65122 0.032435851102276834
3.65243 0.03230032526201662
3.65364 0.03220997470184315
3.65485 0.03220997470184315
3.65605 0.032164799421756415
3.65726 0.0320292735814962
3.65847 0.03193892302132273
3.65967 0.031848572461149256
3.66088 0.03175822190097578
3.66209 0.03166787134080231
3.66329 0.031532345500542104
3.6645 0.03144199494036863
3.66571 0.031306469100108425
3.66691 0.03121611853993495
3.66812 0.031125767979761475
3.66933 0.031080592699674735
3.67053 0.031080592699674735
3.67174 0.031035417419588002
3.67295 0.03089989157932779
3.67415 0.030764365739067583
3.67536 0.03067401517889411
3.67657 0.030583664618720637
3.67777 0.030493314058547164
3.67898 0.030402963498373688
3.68019 0.030357788218286955
3.6814 0.03026743765811348
3.6826 0.03013191181785327
3.68381 0.030041561257679796
3.68502 0.02990603541741959
3.68622 0.02977050957715938
3.68743 0.029634983736899167
3.68864 0.029634983736899167
3.68984 0.029634983736899167
3.69105 0.029544633176725694
3.69226 0.029409107336465488
3.69346 0.029273581496205275
3.69467 0.0291832309360318
3.69588 0.029138055655945065
3.69708 0.02900252981568486
3.69829 0.028867003975424646
3.6995 0.028776653415251173
3.7007 0.0286863028550777
3.70191 0.028641127574990967
3.70312 0.028595952294904227
3.70432 0.028550777014817494
3.70553 0.028460426454644017
3.70674 0.02832490061438381
3.70795 0.028234550054210338
3.70915 0.028099024213950125
3.71036 0.02796349837368992
3.71157 0.027873147813516443
3.71277 0.02778279725334297
3.71398 0.02778279725334297
3.71519 0.027692446693169497
3.71639 0.02755692085290929
3.7176 0.027421395012649077
3.71881 0.027331044452475604
3.72001 0.027331044452475604
3.72122 0.02724069389230213
3.72243 0.027105168052041922
3.72363 0.026969642211781712
3.72484 0.026879291651608243
3.72605 0.026879291651608243
3.72725 0.026879291651608243
3.72846 0.026834116371521503
3.72967 0.02678894109143477
3.73087 0.026698590531261297
3.73208 0.026608239971087824
3.73329 0.026517889410914347
3.7345 0.0263371882905674
3.7357 0.026156487170220455
3.73691 0.02597578604987351
3.73812 0.02597578604987351
3.73932 0.02597578604987351
3.74053 0.025930610769786772
3.74174 0.0258402602096133
3.74294 0.025749909649439826
3.74415 0.025659559089266353
3.74536 0.025524033249006144
3.74656 0.025433682688832667
3.74777 0.025388507408745934
3.74898 0.0253433321286592
3.75018 0.02529815684857246
3.75139 0.025252981568485725
3.7526 0.02516263100831225
3.7538 0.02507228044813878
3.75501 0.024981929887965305
3.75622 0.024891579327791832
3.75742 0.02480122876761836
3.75863 0.02475605348753162
3.75984 0.024665702927358146
3.76105 0.024620527647271413
3.76225 0.024485001807011204
3.76346 0.02439465124683773
3.76467 0.024304300686664258
3.76587 0.02425912540657752
3.76708 0.024168774846404045
3.76829 0.02412359956631731
3.76949 0.02403324900614384
3.7707 0.02389772316588363
3.77191 0.02376219732562342
3.77311 0.023717022045536683
3.77432 0.023717022045536683
3.77553 0.023671846765449946
3.77673 0.023581496205276473
3.77794 0.023445970365016264
3.77915 0.02335561980484279
3.78035 0.02331044452475605
3.78156 0.023265269244669318
3.78277 0.023174918684495845
3.78397 0.023129743404409108
3.78518 0.023039392844235635
3.78639 0.022949042284062162
3.7876 0.022903867003975426
3.7888 0.022903867003975426
3.79001 0.02281351644380195
3.79122 0.022677990603541743
3.79242 0.022497289483194797
3.79363 0.022406938923021324
3.79484 0.022271413082761114
3.79604 0.02218106252258764
3.79725 0.022090711962414168
3.79846 0.022000361402240695
3.79966 0.021955186122153955
3.80087 0.021955186122153955
3.80208 0.021910010842067222
3.80328 0.021864835561980482
3.80449 0.021729309721720276
3.8057 0.021593783881460066
3.8069 0.021503433321286593
3.80811 0.021458258041199853
3.80932 0.02141308276111312
3.81052 0.021277556920852907
3.81173 0.021187206360679434
3.81294 0.0211420310805927
3.81415 0.02109685580050596
3.81535 0.021006505240332488
3.81656 0.020961329960245755
3.81777 0.020916154680159015
3.81897 0.020825804119985546
3.82018 0.020780628839898806
3.82139 0.0206451029996386
3.82259 0.02059992771955186
3.8238 0.020509577159378387
3.82501 0.020509577159378387
3.82621 0.020464401879291653
3.82742 0.02037405131911818
3.82863 0.020283700758944704
3.82983 0.02019335019877123
3.83104 0.020102999638597758
3.83225 0.019967473798337552
3.83345 0.01983194795807734
3.83466 0.019696422117817133
3.83587 0.019651246837730393
3.83708 0.019651246837730393
3.83828 0.019696422117817133
3.83949 0.019651246837730393
3.8407 0.019651246837730393
3.8419 0.019606071557643656
3.84311 0.019515720997470183
3.84432 0.019380195157209977
3.84552 0.019289844597036504
3.84673 0.01915431875677629
3.84794 0.019109143476689558
3.84914 0.019109143476689558
3.85035 0.019109143476689558
3.85156 0.019063968196602818
3.85276 0.01892844235634261
3.85397 0.018747741235995662
3.85518 0.01865739067582219
3.85638 0.018612215395735456
3.85759 0.018567040115648716
3.8588 0.018476689555475243
3.86 0.01838633899530177
3.86121 0.01825081315504156
3.86242 0.018205637874954824
3.86363 0.018205637874954824
3.86483 0.01825081315504156
3.86604 0.01825081315504156
3.86725 0.018160462594868088
3.86845 0.018024936754607878
3.86966 0.017934586194434405
3.87087 0.017844235634260935
3.87207 0.017753885074087462
3.87328 0.017663534513913986
3.87449 0.017573183953740513
3.87569 0.017573183953740513
3.8769 0.017573183953740513
3.87811 0.01761835923382725
3.87931 0.017528008673653776
3.88052 0.017392482833393567
3.88173 0.017256956993133357
3.88293 0.01721178171304662
3.88414 0.01721178171304662
3.88535 0.01721178171304662
3.88655 0.01707625587278641
3.88776 0.016895554752439465
3.88897 0.01685037947235273
3.89018 0.01685037947235273
3.89138 0.01685037947235273
3.89259 0.016805204192265992
3.8938 0.016669678352005782
3.895 0.01657932779183231
3.89621 0.01657932779183231
3.89742 0.016534152511745573
3.89862 0.016488977231658836
3.89983 0.016353451391398627
3.90104 0.016263100831225154
3.90224 0.01617275027105168
3.90345 0.016217925551138417
3.90466 0.016217925551138417
3.90586 0.01617275027105168
3.90707 0.016082399710878208
3.90828 0.015992049150704735
3.90948 0.01590169859053126
3.91069 0.01590169859053126
3.9119 0.015856523310444525
3.9131 0.015720997470184316
3.91431 0.015585471629924106
3.91552 0.015540296349837368
3.91673 0.015540296349837368
3.91793 0.015585471629924106
3.91914 0.015540296349837368
3.92035 0.015359595229490422
3.92155 0.015178894109143477
3.92276 0.015088543548970004
3.92397 0.015088543548970004
3.92517 0.015088543548970004
3.92638 0.014998192988796531
3.92759 0.014907842428623056
3.92879 0.01486266714853632
3.93 0.014907842428623056
3.93121 0.014953017708709795
3.93241 0.014953017708709795
3.93362 0.014817491868449583
3.93483 0.014681966028189374
3.93603 0.014636790748102637
3.93724 0.0145916154680159
3.93845 0.014546440187929166
3.93965 0.014456089627755693
3.94086 0.01436573906758222
3.94207 0.014275388507408747
3.94328 0.014275388507408747
3.94448 0.014275388507408747
3.94569 0.014185037947235272
3.9469 0.014049512106975063
3.9481 0.013868810986628117
3.94931 0.013778460426454645
3.95052 0.01382363570654138
3.95172 0.013868810986628117
3.95293 0.013868810986628117
3.95414 0.013778460426454645
3.95534 0.013688109866281172
3.95655 0.013642934586194436
3.95776 0.013642934586194436
3.95896 0.013642934586194436
3.96017 0.013552584026020961
3.96138 0.013371882905674015
3.96258 0.013191181785327069
3.96379 0.013100831225153596
3.965 0.013191181785327069
3.9662 0.013281532345500542
3.96741 0.013281532345500542
3.96862 0.013191181785327069
3.96983 0.013100831225153596
3.97103 0.013055655945066861
3.97224 0.013055655945066861
3.97345 0.013055655945066861
3.97465 0.012965305384893386
3.97586 0.012829779544633177
3.97707 0.012739428984459704
3.97827 0.012739428984459704
3.97948 0.01278460426454644
3.98069 0.012829779544633177
3.98189 0.012739428984459704
3.9831 0.01264907842428623
3.98431 0.012513552584026021
3.98551 0.012468377303939284
3.98672 0.012468377303939284
3.98793 0.012423202023852548
3.98913 0.012332851463679073
3.99034 0.012152150343332129
3.99155 0.012061799783158656
3.99275 0.01201662450307192
3.99396 0.012061799783158656
3.99517 0.012061799783158656
3.99638 0.01201662450307192
3.99758 0.011926273942898446
3.99879 0.011835923382724973
4.0 0.011835923382724973
4.0012 0.011790748102638237
4.00241 0.011700397542464762
4.00362 0.011564871702204554
4.00482 0.011429345861944345
4.00603 0.011338995301770871
4.00724 0.011338995301770871
4.00844 0.011384170581857608
4.00965 0.011338995301770871
4.01086 0.011248644741597398
4.01206 0.011113118901337187
4.01327 0.011022768341163714
4.01448 0.011022768341163714
4.01568 0.011022768341163714
4.01689 0.011022768341163714
4.0181 0.010932417780990241
4.0193 0.010842067220816768
4.02051 0.010751716660643297
4.02172 0.010751716660643297
4.02293 0.010751716660643297
4.02413 0.01070654138055656
4.02534 0.010616190820383087
4.02655 0.010525840260209614
4.02775 0.010525840260209614
4.02896 0.010480664980122878
4.03017 0.010480664980122878
4.03137 0.010345139139862666
4.03258 0.010254788579689193
4.03379 0.01016443801951572
4.03499 0.010209613299602457
4.0362 0.010254788579689193
4.03741 0.01029996385977593
4.03861 0.010209613299602457
4.03982 0.010074087459342249
4.04103 0.00993856161908204
4.04223 0.009848211058908566
4.04344 0.009848211058908566
4.04465 0.009803035778821828
4.04586 0.009712685218648355
4.04706 0.009622334658474882
4.04827 0.009577159378388145
4.04948 0.009577159378388145
4.05068 0.009622334658474882
4.05189 0.009577159378388145
4.0531 0.009486808818214672
4.0543 0.009351282977954463
4.05551 0.009260932417780992
4.05672 0.009215757137694255
4.05792 0.009260932417780992
4.05913 0.009306107697867728
4.06034 0.009260932417780992
4.06154 0.009170581857607517
4.06275 0.009080231297434044
4.06396 0.009035056017347307
4.06516 0.00912540657752078
4.06637 0.009170581857607517
4.06758 0.009080231297434044
4.06878 0.008899530177087098
4.06999 0.008764004336826888
4.0712 0.008764004336826888
4.07241 0.008854354897000361
4.07361 0.008899530177087098
4.07482 0.008809179616913625
4.07603 0.008583303216479942
4.07723 0.008447777376219733
4.07844 0.008402602096132996
4.07965 0.008447777376219733
4.08085 0.008492952656306469
4.08206 0.008402602096132996
4.08327 0.008267076255872786
4.08447 0.008131550415612577
4.08568 0.008176725695699313
4.08689 0.008267076255872786
4.08809 0.008267076255872786
4.0893 0.008176725695699313
4.09051 0.007996024575352367
4.09171 0.007815323455005421
4.09292 0.007815323455005421
4.09413 0.007905674015178894
4.09533 0.008041199855439104
4.09654 0.007996024575352367
4.09775 0.007860498735092158
4.09896 0.007679797614745211
4.10016 0.007634622334658475
4.10137 0.007679797614745211
4.10258 0.007724972894831947
4.10378 0.007679797614745211
4.10499 0.007544271774485002
4.1062 0.007408745934224792
4.1074 0.007318395374051319
4.10861 0.007363570654138055
4.10982 0.007499096494398266
4.11102 0.007544271774485002
4.11223 0.007544271774485002
4.11344 0.007499096494398266
4.11464 0.007499096494398266
4.11585 0.007589447054571739
4.11706 0.007679797614745211
4.11826 0.007724972894831947
4.11947 0.007679797614745211
4.12068 0.007589447054571739
4.12188 0.007544271774485002
4.12309 0.007499096494398266
4.1243 0.007499096494398266
4.12551 0.007363570654138055
4.12671 0.00718286953379111
4.12792 0.006866642573183954
4.12913 0.006731116732923744
4.13033 0.006685941452837007
4.13154 0.006731116732923744
4.13275 0.006731116732923744
4.13395 0.006685941452837007
4.13516 0.006550415612576798
4.13637 0.006460065052403325
4.13757 0.006414889772316588
4.13878 0.006460065052403325
4.13999 0.006460065052403325
4.14119 0.006460065052403325
4.1424 0.006324539212143115
4.14361 0.006189013371882905
4.14481 0.006098662811709433
4.14602 0.006053487531622696
4.14723 0.006053487531622696
4.14843 0.00600831225153596
4.14964 0.005917961691362487
4.15085 0.005872786411275749
4.15206 0.005827611131189013
4.15326 0.005872786411275749
4.15447 0.005917961691362487
4.15568 0.005872786411275749
4.15688 0.005782435851102277
4.15809 0.005692085290928804
4.1593 0.005601734730755331
4.1605 0.005601734730755331
4.16171 0.005601734730755331
4.16292 0.005601734730755331
4.16412 0.005556559450668594
4.16533 0.005421033610408384
4.16654 0.005285507770148175
4.16774 0.005285507770148175
4.16895 0.005330683050234912
4.17016 0.005421033610408384
4.17136 0.005421033610408384
4.17257 0.005330683050234912
4.17378 0.005195157209974701
4.17498 0.005104806649801228
4.17619 0.005104806649801228
4.1774 0.005149981929887965
4.17861 0.005195157209974701
4.17981 0.005195157209974701
4.18102 0.005104806649801228
4.18223 0.005014456089627756
4.18343 0.00496928080954102
4.18464 0.004924105529454283
4.18585 0.004924105529454283
4.18705 0.004924105529454283
4.18826 0.004878930249367546
4.18947 0.004833754969280809
4.19067 0.004743404409107336
4.19188 0.0046982291290206
4.19309 0.004653053848933864
4.19429 0.0046078785688471275
4.1955 0.004517528008673654
4.19671 0.004427177448500181
4.19791 0.0043368268883267076
4.19912 0.004291651608239971
4.20033 0.0043368268883267076
4.20153 0.0043368268883267076
4.20274 0.0043368268883267076
4.20395 0.0042464763281532345
4.20516 0.0041561257679797615
4.20636 0.004110950487893025
4.20757 0.0041561257679797615
4.20878 0.004201301048066498
4.20998 0.004201301048066498
4.21119 0.004110950487893025
4.2124 0.003930249367546079
4.2136 0.0037947235272858693
4.21481 0.0037947235272858693
4.21602 0.0037947235272858693
4.21722 0.0038398988073726054
4.21843 0.0038398988073726054
4.21964 0.0037947235272858693
4.22084 0.0036591976870256593
4.22205 0.0035688471268521867
4.22326 0.0035236718467654498
4.22446 0.0035688471268521867
4.22567 0.0036140224069389233
4.22688 0.0036140224069389233
4.22808 0.0035688471268521867
4.22929 0.0035236718467654498
4.2305 0.003433321286591977
4.23171 0.0033881460065052402
4.23291 0.0033881460065052402
4.23412 0.0033429707264185037
4.23533 0.003207444886158294
4.23653 0.003117094325984821
4.23774 0.003026743765811348
4.23895 0.0030719190458980846
4.24015 0.003117094325984821
4.24136 0.003117094325984821
4.24257 0.003117094325984821
4.24377 0.003026743765811348
4.24498 0.0029363932056378746
4.24619 0.002846042645464402
4.24739 0.002846042645464402
4.2486 0.0028008673653776655
4.24981 0.0028008673653776655
4.25101 0.002710516805204192
4.25222 0.002665341525117456
4.25343 0.002665341525117456
4.25463 0.002665341525117456
4.25584 0.0027556920852909285
4.25705 0.002846042645464402
4.25826 0.0029363932056378746
4.25946 0.003026743765811348
4.26067 0.0031622696060715576
4.26188 0.0033429707264185037
4.26308 0.0035688471268521867
4.26429 0.003930249367546079
4.2655 0.004291651608239971
4.2667 0.004517528008673654
4.26791 0.0046078785688471275
4.26912 0.004472352728586917
4.27032 0.0041561257679797615
4.27153 0.0037947235272858693
4.27274 0.003433321286591977
4.27394 0.003207444886158294
4.27515 0.0029815684857246116
4.27636 0.0028008673653776655
4.27756 0.002710516805204192
4.27877 0.0026201662450307194
4.27998 0.002529815684857246
4.28119 0.002529815684857246
4.28239 0.00248464040477051
4.2836 0.0023491145645103
4.28481 0.002258764004336827
4.28601 0.002258764004336827
4.28722 0.0023039392844235638
4.28843 0.0023491145645103
4.28963 0.002439465124683773
4.29084 0.0023942898445970364
4.29205 0.002258764004336827
4.29325 0.0021684134441633538
4.29446 0.0020780628839898807
4.29567 0.0019877123238164077
4.29687 0.0019877123238164077
4.29808 0.0018973617636429347
4.29929 0.0018070112034694616
4.30049 0.0017618359233827249
4.3017 0.0017618359233827249
4.30291 0.0017618359233827249
4.30411 0.0018070112034694616
4.30532 0.0017618359233827249
4.30653 0.0016714853632092519
4.30774 0.0016714853632092519
4.30894 0.0016263100831225155
4.31015 0.0016714853632092519
4.31136 0.0017166606432959886
4.31256 0.0017166606432959886
4.31377 0.0016714853632092519
4.31498 0.0016263100831225155
4.31618 0.0014907842428623058
4.31739 0.0014004336826888327
4.3186 0.0014004336826888327
4.3198 0.0014004336826888327
4.32101 0.0014456089627755693
4.32222 0.0014456089627755693
4.32342 0.0014456089627755693
4.32463 0.0014456089627755693
4.32584 0.0014456089627755693
4.32704 0.0014004336826888327
4.32825 0.0014004336826888327
4.32946 0.001355258402602096
4.33066 0.0013100831225153597
4.33187 0.001264907842428623
4.33308 0.0012197325623418864
4.33429 0.0012197325623418864
4.33549 0.0012197325623418864
4.3367 0.0012197325623418864
4.33791 0.001264907842428623
4.33911 0.001264907842428623
4.34032 0.001264907842428623
4.34153 0.0012197325623418864
4.34273 0.0011293820021684134
4.34394 0.0010842067220816769
4.34515 0.0010842067220816769
4.34635 0.0010842067220816769
4.34756 0.0011293820021684134
4.34877 0.0011293820021684134
4.34997 0.0010842067220816769
4.35118 0.0010842067220816769
4.35239 0.0010390314419949404
4.35359 0.0010390314419949404
4.3548 0.0010390314419949404
4.35601 0.0010390314419949404
4.35721 0.0010390314419949404
4.35842 0.0009938561619082039
4.35963 0.0009486808818214673
4.36084 0.0009035056017347308
4.36204 0.0008583303216479943
4.36325 0.0008131550415612578
4.36446 0.0008131550415612578
4.36566 0.0008131550415612578
4.36687 0.0008131550415612578
4.36808 0.0008131550415612578
4.36928 0.0008131550415612578
4.37049 0.0007679797614745211
4.3717 0.0007228044813877846
4.3729 0.000677629201301048
4.37411 0.0006324539212143115
4.37532 0.0006324539212143115
4.37652 0.000587278641127575
4.37773 0.000587278641127575
4.37894 0.0005421033610408384
4.38014 0.0004969280809541019
4.38135 0.0004517528008673654
4.38256 0.0004517528008673654
4.38376 0.0004065775207806289
4.38497 0.0003614022406938923
4.38618 0.0003614022406938923
4.38739 0.0003614022406938923
4.38859 0.0003614022406938923
4.3898 0.0003614022406938923
4.39101 0.00031622696060715574
4.39221 0.0002710516805204192
4.39342 0.0002258764004336827
4.39463 0.00018070112034694616
4.39583 0.00018070112034694616
4.39704 0.00018070112034694616
4.39825 0.00018070112034694616
4.39945 0.00018070112034694616
4.40066 0.0001355258402602096
4.40187 0.0001355258402602096
4.40307 0.0001355258402602096
4.40428 9.035056017347308e-05
4.40549 9.035056017347308e-05
4.40669 9.035056017347308e-05
4.4079 4.517528008673654e-05
4.40911 0.0
4.41031 0.0
4.41152 -0.0
4.41273 -0.0
4.41394 -4.517528008673654e-05
4.41514 -0.0001355258402602096
4.41635 -0.00018070112034694616
4.41756 -0.00018070112034694616
4.41876 -0.00018070112034694616
4.41997 -9.035056017347308e-05
4.42118 -4.517528008673654e-05
4.42238 -4.517528008673654e-05
4.42359 -9.035056017347308e-05
4.4248 -0.00018070112034694616
4.426 -0.0002710516805204192
4.42721 -0.00031622696060715574
4.42842 -0.00031622696060715574
4.42962 -0.00031622696060715574
4.43083 -0.00031622696060715574
4.43204 -0.00031622696060715574
4.43324 -0.0004065775207806289
4.43445 -0.0004517528008673654
4.43566 -0.0004517528008673654
4.43686 -0.0004517528008673654
4.43807 -0.0004065775207806289
4.43928 -0.0004065775207806289
4.44049 -0.0004065775207806289
4.44169 -0.0004969280809541019
4.4429 -0.000587278641127575
4.44411 -0.0006324539212143115
4.44531 -0.0006324539212143115
4.44652 -0.000587278641127575
4.44773 -0.0005421033610408384
4.44893 -0.0004517528008673654
4.45014 -0.0004065775207806289
4.45135 -0.0004969280809541019
4.45255 -0.000587278641127575
4.45376 -0.000677629201301048
4.45497 -0.0007228044813877846
4.45617 -0.000677629201301048
4.45738 -0.000587278641127575
4.45859 -0.0005421033610408384
4.45979 -0.000587278641127575
4.461 -0.000677629201301048
4.46221 -0.0007228044813877846
4.46341 -0.0007228044813877846
4.46462 -0.0007228044813877846
4.46583 -0.000677629201301048
4.46704 -0.000677629201301048
4.46824 -0.0007228044813877846
4.46945 -0.0007679797614745211
4.47066 -0.0008583303216479943
4.47186 -0.0008583303216479943
4.47307 -0.0008583303216479943
4.47428 -0.0008583303216479943
4.47548 -0.0008583303216479943
4.47669 -0.0009486808818214673
4.4779 -0.0010390314419949404
4.4791 -0.0011293820021684134
4.48031 -0.00117455728225515
4.48152 -0.0010842067220816769
4.48272 -0.0009938561619082039
4.48393 -0.0009035056017347308
4.48514 -0.0008583303216479943
4.48634 -0.0009035056017347308
4.48755 -0.0009486808818214673
4.48876 -0.0009938561619082039
4.48997 -0.0010390314419949404
4.49117 -0.0009938561619082039
4.49238 -0.0009938561619082039
4.49359 -0.0009938561619082039
4.49479 -0.0010390314419949404
4.496 -0.0011293820021684134
4.49721 -0.0012197325623418864
4.49841 -0.001264907842428623
4.49962 -0.0012197325623418864
4.50083 -0.0012197325623418864
4.50203 -0.00117455728225515
4.50324 -0.00117455728225515
4.50445 -0.0012197325623418864
4.50565 -0.0013100831225153597
4.50686 -0.001355258402602096
4.50807 -0.0014004336826888327
4.50927 -0.001355258402602096
4.51048 -0.0013100831225153597
4.51169 -0.0013100831225153597
4.51289 -0.0014004336826888327
4.5141 -0.0014907842428623058
4.51531 -0.0015359595229490423
4.51652 -0.0015359595229490423
4.51772 -0.0014907842428623058
4.51893 -0.0014004336826888327
4.52014 -0.001355258402602096
4.52134 -0.0014004336826888327
4.52255 -0.0014456089627755693
4.52376 -0.0014907842428623058
4.52496 -0.0015359595229490423
4.52617 -0.0014907842428623058
4.52738 -0.0014456089627755693
4.52858 -0.0014456089627755693
4.52979 -0.0014907842428623058
4.531 -0.0015811348030357788
4.5322 -0.0017166606432959886
4.53341 -0.0017618359233827249
4.53462 -0.0017166606432959886
4.53582 -0.0016714853632092519
4.53703 -0.0016263100831225155
4.53824 -0.0015811348030357788
4.53944 -0.0015811348030357788
4.54065 -0.0016263100831225155
4.54186 -0.0016714853632092519
4.54307 -0.0016714853632092519
4.54427 -0.0016263100831225155
4.54548 -0.0015811348030357788
4.54669 -0.0015359595229490423
4.54789 -0.0015359595229490423
4.5491 -0.0015811348030357788
4.55031 -0.0016714853632092519
4.55151 -0.0016714853632092519
4.55272 -0.0016714853632092519
4.55393 -0.0015811348030357788
4.55513 -0.0015359595229490423
4.55634 -0.0015359595229490423
4.55755 -0.0015811348030357788
4.55875 -0.0016714853632092519
4.55996 -0.0017166606432959886
4.56117 -0.0017166606432959886
4.56237 -0.0016714853632092519
4.56358 -0.0015811348030357788
4.56479 -0.0015811348030357788
4.56599 -0.0015811348030357788
4.5672 -0.0016263100831225155
4.56841 -0.0016714853632092519
4.56962 -0.0017166606432959886
4.57082 -0.0017166606432959886
4.57203 -0.0016714853632092519
4.57324 -0.0015811348030357788
4.57444 -0.0015359595229490423
4.57565 -0.0015811348030357788
4.57686 -0.0016263100831225155
4.57806 -0.0017166606432959886
4.57927 -0.0017166606432959886
4.58048 -0.0016714853632092519
4.58168 -0.0015359595229490423
4.58289 -0.0014456089627755693
4.5841 -0.0014004336826888327
4.5853 -0.0014907842428623058
4.58651 -0.0015811348030357788
4.58772 -0.0017166606432959886
4.58892 -0.0017618359233827249
4.59013 -0.0017166606432959886
4.59134 -0.0016263100831225155
4.59254 -0.0015359595229490423
4.59375 -0.0014456089627755693
4.59496 -0.0014456089627755693
4.59617 -0.0015359595229490423
4.59737 -0.0016263100831225155
4.59858 -0.0016714853632092519
4.59979 -0.0015811348030357788
4.60099 -0.0014907842428623058
4.6022 -0.001355258402602096
4.60341 -0.001355258402602096
4.60461 -0.0014004336826888327
4.60582 -0.0015359595229490423
4.60703 -0.0016263100831225155
4.60823 -0.0016714853632092519
4.60944 -0.0015811348030357788
4.61065 -0.0014456089627755693
4.61185 -0.001355258402602096
4.61306 -0.001264907842428623
4.61427 -0.001355258402602096
4.61547 -0.0014004336826888327
4.61668 -0.0014907842428623058
4.61789 -0.0014907842428623058
4.61909 -0.0014004336826888327
4.6203 -0.001264907842428623
4.62151 -0.00117455728225515
4.62272 -0.0011293820021684134
4.62392 -0.00117455728225515
4.62513 -0.001264907842428623
4.62634 -0.0013100831225153597
4.62754 -0.0013100831225153597
4.62875 -0.001264907842428623
4.62996 -0.00117455728225515
4.63116 -0.0010842067220816769
4.63237 -0.0010390314419949404
4.63358 -0.0010842067220816769
4.63478 -0.00117455728225515
4.63599 -0.0012197325623418864
4.6372 -0.00117455728225515
4.6384 -0.0011293820021684134
4.63961 -0.0010390314419949404
4.64082 -0.0009938561619082039
4.64202 -0.0009938561619082039
4.64323 -0.0010390314419949404
4.64444 -0.0010390314419949404
4.64564 -0.0010842067220816769
4.64685 -0.0009938561619082039
4.64806 -0.0009035056017347308
4.64927 -0.0008583303216479943
4.65047 -0.0008131550415612578
4.65168 -0.0008131550415612578
4.65289 -0.0008583303216479943
4.65409 -0.0009035056017347308
4.6553 -0.0009035056017347308
4.65651 -0.0008131550415612578
4.65771 -0.0007228044813877846
4.65892 -0.0006324539212143115
4.66013 -0.000587278641127575
4.66133 -0.000587278641127575
4.66254 -0.000677629201301048
4.66375 -0.000677629201301048
4.66495 -0.000677629201301048
4.66616 -0.000587278641127575
4.66737 -0.0004517528008673654
4.66857 -0.00031622696060715574
4.66978 -0.0002710516805204192
4.67099 -0.00031622696060715574
4.67219 -0.0004065775207806289
4.6734 -0.0004517528008673654
4.67461 -0.0004517528008673654
4.67582 -0.0004065775207806289
4.67702 -0.00031622696060715574
4.67823 -0.0002710516805204192
4.67944 -0.0002710516805204192
4.68064 -0.00031622696060715574
4.68185 -0.0004065775207806289
4.68306 -0.0004969280809541019
4.68426 -0.0004969280809541019
4.68547 -0.0004065775207806289
4.68668 -0.0002710516805204192
4.68788 -0.0001355258402602096
4.68909 -9.035056017347308e-05
4.6903 -9.035056017347308e-05
4.6915 -0.00018070112034694616
4.69271 -0.0002258764004336827
4.69392 -0.0002258764004336827
4.69512 -0.0002258764004336827
4.69633 -0.0001355258402602096
4.69754 -4.517528008673654e-05
4.69875 -4.517528008673654e-05
4.69995 -4.517528008673654e-05
4.70116 -0.0001355258402602096
4.70237 -0.0002258764004336827
4.70357 -0.0002710516805204192
4.70478 -0.0002258764004336827
4.70599 -0.0001355258402602096
4.70719 -0.0
4.7084 0.0
4.70961 -4.517528008673654e-05
4.71081 -0.00018070112034694616
4.71202 -0.00031622696060715574
4.71323 -0.0004065775207806289
4.71443 -0.0003614022406938923
4.71564 -0.0002258764004336827
4.71685 -9.035056017347308e-05
4.71805 -4.517528008673654e-05
4.71926 -4.517528008673654e-05
4.72047 -0.0001355258402602096
4.72167 -0.0002258764004336827
4.72288 -0.0002258764004336827
4.72409 -0.00018070112034694616
4.7253 -4.517528008673654e-05
4.7265 9.035056017347308e-05
4.72771 0.0001355258402602096
4.72892 0.0001355258402602096
4.73012 0.0
4.73133 -0.0001355258402602096
4.73254 -0.0002710516805204192
4.73374 -0.0002258764004336827
4.73495 -0.0001355258402602096
4.73616 -0.0
4.73736 9.035056017347308e-05
4.73857 4.517528008673654e-05
4.73978 -4.517528008673654e-05
4.74098 -0.00018070112034694616
4.74219 -0.0002710516805204192
4.7434 -0.00031622696060715574
4.7446 -0.0002710516805204192
4.74581 -0.0001355258402602096
4.74702 -9.035056017347308e-05
4.74822 -9.035056017347308e-05
4.74943 -0.0002258764004336827
4.75064 -0.0003614022406938923
4.75185 -0.0005421033610408384
4.75305 -0.000587278641127575
4.75426 -0.0005421033610408384
4.75547 -0.0004065775207806289
4.75667 -0.0002258764004336827
4.75788 -0.00018070112034694616
4.75909 -0.00018070112034694616
4.76029 -0.0003614022406938923
4.7615 -0.0004969280809541019
4.76271 -0.0005421033610408384
4.76391 -0.0005421033610408384
4.76512 -0.0004065775207806289
4.76633 -0.0003614022406938923
4.76753 -0.0002710516805204192
4.76874 -0.00031622696060715574
4.76995 -0.0004065775207806289
4.77115 -0.0004969280809541019
4.77236 -0.0005421033610408384
4.77357 -0.0004517528008673654
4.77477 -0.0003614022406938923
4.77598 -0.0002710516805204192
4.77719 -0.00018070112034694616
4.7784 -0.0002258764004336827
4.7796 -0.0002710516805204192
4.78081 -0.0004065775207806289
4.78202 -0.0004969280809541019
4.78322 -0.0005421033610408384
4.78443 -0.0004969280809541019
4.78564 -0.0003614022406938923
4.78684 -0.0002258764004336827
4.78805 -0.00018070112034694616
4.78926 -0.0002258764004336827
4.79046 -0.00031622696060715574
4.79167 -0.0004969280809541019
4.79288 -0.000587278641127575
4.79408 -0.000677629201301048
4.79529 -0.000677629201301048
4.7965 -0.000587278641127575
4.7977 -0.0004969280809541019
4.79891 -0.0004517528008673654
4.80012 -0.0004969280809541019
4.80132 -0.0004969280809541019
4.80253 -0.0005421033610408384
4.80374 -0.0005421033610408384
4.80495 -0.0004517528008673654
4.80615 -0.0003614022406938923
4.80736 -0.0002710516805204192
4.80857 -0.0002258764004336827
4.80977 -0.0002710516805204192
4.81098 -0.0003614022406938923
4.81219 -0.0004517528008673654
4.81339 -0.0005421033610408384
4.8146 -0.0005421033610408384
4.81581 -0.0004517528008673654
4.81701 -0.0003614022406938923
4.81822 -0.0002710516805204192
4.81943 -0.0002258764004336827
4.82063 -0.0002258764004336827
4.82184 -0.0002258764004336827
4.82305 -0.0002710516805204192
4.82425 -0.0002258764004336827
4.82546 -0.0002258764004336827
4.82667 -0.00018070112034694616
4.82787 -0.0001355258402602096
4.82908 -0.0001355258402602096
4.83029 -0.0002258764004336827
4.8315 -0.00031622696060715574
4.8327 -0.0004065775207806289
4.83391 -0.0004517528008673654
4.83512 -0.0004065775207806289
4.83632 -0.00031622696060715574
4.83753 -0.0002710516805204192
4.83874 -0.00018070112034694616
4.83994 -0.00018070112034694616
4.84115 -0.0002258764004336827
4.84236 -0.00031622696060715574
4.84356 -0.0003614022406938923
4.84477 -0.0004065775207806289
4.84598 -0.0004517528008673654
4.84718 -0.0004065775207806289
4.84839 -0.0004065775207806289
4.8496 -0.0004065775207806289
4.8508 -0.0004065775207806289
4.85201 -0.0004969280809541019
4.85322 -0.0005421033610408384
4.85442 -0.0005421033610408384
4.85563 -0.0005421033610408384
4.85684 -0.0004517528008673654
4.85805 -0.0003614022406938923
4.85925 -0.0002710516805204192
4.86046 -0.0002710516805204192
4.86167 -0.0002710516805204192
4.86287 -0.0004065775207806289
4.86408 -0.0004969280809541019
4.86529 -0.0005421033610408384
4.86649 -0.0005421033610408384
4.8677 -0.0004969280809541019
4.86891 -0.0004517528008673654
4.87011 -0.0004517528008673654
4.87132 -0.0004517528008673654
4.87253 -0.0005421033610408384
4.87373 -0.0006324539212143115
4.87494 -0.000677629201301048
4.87615 -0.0007228044813877846
4.87735 -0.0007228044813877846
4.87856 -0.000677629201301048
4.87977 -0.000587278641127575
4.88097 -0.000587278641127575
4.88218 -0.0006324539212143115
4.88339 -0.000677629201301048
4.8846 -0.0007228044813877846
4.8858 -0.0007679797614745211
4.88701 -0.0007679797614745211
4.88822 -0.000677629201301048
4.88942 -0.0006324539212143115
4.89063 -0.0005421033610408384
4.89184 -0.0004969280809541019
4.89304 -0.0005421033610408384
4.89425 -0.000587278641127575
4.89546 -0.000677629201301048
4.89666 -0.0007228044813877846
4.89787 -0.0007228044813877846
4.89908 -0.0006324539212143115
4.90028 -0.0005421033610408384
4.90149 -0.0004969280809541019
4.9027 -0.0004517528008673654
4.9039 -0.0004969280809541019
4.90511 -0.000587278641127575
4.90632 -0.0006324539212143115
4.90753 -0.000677629201301048
4.90873 -0.0006324539212143115
4.90994 -0.0005421033610408384
4.91115 -0.0004517528008673654
4.91235 -0.0003614022406938923
4.91356 -0.0003614022406938923
4.91477 -0.0004065775207806289
4.91597 -0.0004969280809541019
4.91718 -0.000587278641127575
4.91839 -0.0006324539212143115
4.91959 -0.000587278641127575
4.9208 -0.0004969280809541019
4.92201 -0.0004065775207806289
4.92321 -0.00031622696060715574
4.92442 -0.00031622696060715574
4.92563 -0.00031622696060715574
4.92683 -0.0004065775207806289
4.92804 -0.0004517528008673654
4.92925 -0.0004969280809541019
4.93045 -0.0004969280809541019
4.93166 -0.0004065775207806289
4.93287 -0.0003614022406938923
4.93408 -0.0002710516805204192
4.93528 -0.0002710516805204192
4.93649 -0.0002710516805204192
4.9377 -0.0003614022406938923
4.9389 -0.0004065775207806289
4.94011 -0.0004517528008673654
4.94132 -0.0004517528008673654
4.94252 -0.0003614022406938923
4.94373 -0.0002710516805204192
4.94494 -0.0002258764004336827
4.94614 -0.00018070112034694616
4.94735 -0.0002258764004336827
4.94856 -0.0002710516805204192
4.94976 -0.00031622696060715574
4.95097 -0.0003614022406938923
4.95218 -0.00031622696060715574
4.95338 -0.0002258764004336827
4.95459 -0.0001355258402602096
4.9558 -4.517528008673654e-05
4.957 -0.0
4.95821 -0.0
4.95942 -4.517528008673654e-05
4.96063 -9.035056017347308e-05
4.96183 -9.035056017347308e-05
4.96304 -9.035056017347308e-05
4.96425 -4.517528008673654e-05
4.96545 -0.0
4.96666 0.0
4.96787 0.0
4.96907 -0.0
4.97028 -9.035056017347308e-05
4.97149 -0.0001355258402602096
4.97269 -0.0001355258402602096
4.9739 -0.00018070112034694616
4.97511 -0.0001355258402602096
4.97631 -0.0001355258402602096
4.97752 -0.0001355258402602096
4.97873 -0.00018070112034694616
4.97993 -0.0002710516805204192
4.98114 -0.00031622696060715574
4.98235 -0.0003614022406938923
4.98355 -0.0003614022406938923
4.98476 -0.00031622696060715574
4.98597 -0.0002710516805204192
4.98718 -0.0002258764004336827
4.98838 -0.00018070112034694616
4.98959 -0.0002258764004336827
4.9908 -0.0002710516805204192
4.992 -0.0003614022406938923
4.99321 -0.0004065775207806289
4.99442 -0.0004517528008673654
4.99562 -0.0004517528008673654
4.99683 -0.0003614022406938923
4.99804 -0.00031622696060715574
4.99924 -0.00031622696060715574
5.00045 -0.00031622696060715574
5.00166 -0.0003614022406938923
5.00286 -0.0004517528008673654
5.00407 -0.0005421033610408384
5.00528 -0.000587278641127575
5.00648 -0.000587278641127575
5.00769 -0.0005421033610408384
5.0089 -0.0004969280809541019
5.0101 -0.0004517528008673654
5.01131 -0.0004065775207806289
5.01252 -0.0004517528008673654
5.01373 -0.0004969280809541019
5.01493 -0.0005421033610408384
5.01614 -0.0006324539212143115
5.01735 -0.000677629201301048
5.01855 -0.000677629201301048
5.01976 -0.000677629201301048
5.02097 -0.0006324539212143115
5.02217 -0.0006324539212143115
5.02338 -0.000677629201301048
5.02459 -0.0007228044813877846
5.02579 -0.0007679797614745211
5.027 -0.0007679797614745211
5.02821 -0.0007228044813877846
5.02941 -0.000677629201301048
5.03062 -0.0005421033610408384
5.03183 -0.0004969280809541019
5.03303 -0.0004969280809541019
5.03424 -0.0004969280809541019
5.03545 -0.0005421033610408384
5.03665 -0.000587278641127575
5.03786 -0.000587278641127575
5.03907 -0.000587278641127575
5.04028 -0.0004969280809541019
5.04148 -0.0004517528008673654
5.04269 -0.0004065775207806289
5.0439 -0.0004517528008673654
5.0451 -0.0004969280809541019
5.04631 -0.000587278641127575
5.04752 -0.0006324539212143115
5.04872 -0.000677629201301048
5.04993 -0.0006324539212143115
5.05114 -0.0005421033610408384
5.05234 -0.0004517528008673654
5.05355 -0.0003614022406938923
5.05476 -0.0003614022406938923
5.05596 -0.0003614022406938923
5.05717 -0.0004517528008673654
5.05838 -0.0004969280809541019
5.05958 -0.0005421033610408384
5.06079 -0.0005421033610408384
5.062 -0.0004969280809541019
5.0632 -0.0004065775207806289
5.06441 -0.00031622696060715574
5.06562 -0.0002710516805204192
5.06683 -0.0002258764004336827
5.06803 -0.0002258764004336827
5.06924 -0.0002258764004336827
5.07045 -0.0002710516805204192
5.07165 -0.0002710516805204192
5.07286 -0.0002258764004336827
5.07407 -0.0001355258402602096
5.07527 -9.035056017347308e-05
5.07648 -4.517528008673654e-05
5.07769 -4.517528008673654e-05
5.07889 -9.035056017347308e-05
5.0801 -0.00018070112034694616
5.08131 -0.0002710516805204192
5.08251 -0.0003614022406938923
5.08372 -0.0003614022406938923
5.08493 -0.0003614022406938923
5.08613 -0.0002710516805204192
5.08734 -0.0002258764004336827
5.08855 -0.0001355258402602096
5.08975 -0.0001355258402602096
5.09096 -0.0001355258402602096
5.09217 -0.00018070112034694616
5.09338 -0.00018070112034694616
5.09458 -0.0002258764004336827
5.09579 -0.0002258764004336827
5.097 -0.00018070112034694616
5.0982 -9.035056017347308e-05
5.09941 -4.517528008673654e-05
5.10062 0.0
5.10182 0.0
5.10303 -4.517528008673654e-05
5.10424 -0.0001355258402602096
5.10544 -0.00018070112034694616
5.10665 -0.0002258764004336827
5.10786 -0.0002258764004336827
5.10906 -0.00018070112034694616
5.11027 -9.035056017347308e-05
5.11148 -9.035056017347308e-05
5.11268 -9.035056017347308e-05
5.11389 -0.0001355258402602096
5.1151 -0.00018070112034694616
5.11631 -0.0002710516805204192
5.11751 -0.00031622696060715574
5.11872 -0.0003614022406938923
5.11993 -0.00031622696060715574
5.12113 -0.00031622696060715574
5.12234 -0.0002710516805204192
5.12355 -0.0002710516805204192
5.12475 -0.0002710516805204192
5.12596 -0.00031622696060715574
5.12717 -0.0003614022406938923
5.12837 -0.0004517528008673654
5.12958 -0.0004517528008673654
5.13079 -0.0004517528008673654
5.13199 -0.0004065775207806289
5.1332 -0.0003614022406938923
5.13441 -0.0003614022406938923
5.13561 -0.00031622696060715574
5.13682 -0.0003614022406938923
5.13803 -0.0004065775207806289
5.13923 -0.0004517528008673654
5.14044 -0.0004969280809541019
5.14165 -0.0004969280809541019
5.14286 -0.0004969280809541019
5.14406 -0.0004517528008673654
5.14527 -0.0004517528008673654
5.14648 -0.0004517528008673654
5.14768 -0.0004517528008673654
5.14889 -0.0004969280809541019
5.1501 -0.0005421033610408384
5.1513 -0.000587278641127575
5.15251 -0.000587278641127575
5.15372 -0.000587278641127575
5.15492 -0.0004969280809541019
5.15613 -0.0004517528008673654
5.15734 -0.0004065775207806289
5.15854 -0.0004065775207806289
5.15975 -0.0004065775207806289
5.16096 -0.0004517528008673654
5.16216 -0.0004969280809541019
5.16337 -0.0005421033610408384
5.16458 -0.000587278641127575
5.16578 -0.000587278641127575
5.16699 -0.000587278641127575
5.1682 -0.0006324539212143115
5.16941 -0.000677629201301048
5.17061 -0.0007228044813877846
5.17182 -0.0008131550415612578
5.17303 -0.0008583303216479943
5.17423 -0.0009486808818214673
5.17544 -0.0009938561619082039
5.17665 -0.0009938561619082039
5.17785 -0.0009938561619082039
5.17906 -0.0009486808818214673
5.18027 -0.0009938561619082039
5.18147 -0.0009938561619082039
5.18268 -0.0010842067220816769
5.18389 -0.00117455728225515
5.18509 -0.0012197325623418864
5.1863 -0.0013100831225153597
5.18751 -0.001355258402602096
5.18871 -0.001355258402602096
5.18992 -0.001355258402602096
5.19113 -0.001355258402602096
5.19233 -0.001355258402602096
5.19354 -0.0014004336826888327
5.19475 -0.0014456089627755693
5.19596 -0.0015359595229490423
5.19716 -0.0016714853632092519
5.19837 -0.0018070112034694616
5.19958 -0.0018973617636429347
5.20078 -0.001942537043729671
5.20199 -0.001942537043729671
5.2032 -0.001942537043729671
5.2044 -0.0018973617636429347
5.20561 -0.0018973617636429347
5.20682 -0.001942537043729671
5.20802 -0.0020328876039031442
5.20923 -0.0021232381640766173
5.21044 -0.0022135887242500903
5.21164 -0.002258764004336827
5.21285 -0.002258764004336827
5.21406 -0.002258764004336827
5.21526 -0.002258764004336827
5.21647 -0.002258764004336827
5.21768 -0.0023039392844235638
5.21888 -0.0023491145645103
5.22009 -0.002439465124683773
5.2213 -0.002529815684857246
5.22251 -0.0026201662450307194
5.22371 -0.0026201662450307194
5.22492 -0.0026201662450307194
5.22613 -0.002529815684857246
5.22733 -0.00248464040477051
5.22854 -0.002439465124683773
5.22975 -0.002439465124683773
5.23095 -0.00248464040477051
5.23216 -0.0025749909649439824
5.23337 -0.002665341525117456
5.23457 -0.0027556920852909285
5.23578 -0.0028008673653776655
5.23699 -0.0028008673653776655
5.23819 -0.0027556920852909285
5.2394 -0.002710516805204192
5.24061 -0.002665341525117456
5.24181 -0.002665341525117456
5.24302 -0.002710516805204192
5.24423 -0.0028008673653776655
5.24543 -0.0028912179255511385
5.24664 -0.0029815684857246116
5.24785 -0.003026743765811348
5.24906 -0.003026743765811348
5.25026 -0.003026743765811348
5.25147 -0.0029815684857246116
5.25268 -0.0029363932056378746
5.25388 -0.0029363932056378746
5.25509 -0.0029815684857246116
5.2563 -0.003026743765811348
5.2575 -0.003117094325984821
5.25871 -0.0031622696060715576
5.25992 -0.0031622696060715576
5.26112 -0.0031622696060715576
5.26233 -0.003117094325984821
5.26354 -0.0030719190458980846
5.26474 -0.0030719190458980846
5.26595 -0.003117094325984821
5.26716 -0.003207444886158294
5.26836 -0.003297795446331767
5.26957 -0.003433321286591977
5.27078 -0.0035688471268521867
5.27198 -0.0036140224069389233
5.27319 -0.0036140224069389233
5.2744 -0.0036140224069389233
5.27561 -0.0035236718467654498
5.27681 -0.0034784965666787133
5.27802 -0.0034784965666787133
5.27923 -0.0035688471268521867
5.28043 -0.0036140224069389233
5.28164 -0.003749548247199133
5.28285 -0.003885074087459342
5.28405 -0.003930249367546079
5.28526 -0.003975424647632815
5.28647 -0.003975424647632815
5.28767 -0.003930249367546079
5.28888 -0.003930249367546079
5.29009 -0.003930249367546079
5.29129 -0.003975424647632815
5.2925 -0.0040657752078062884
5.29371 -0.004201301048066498
5.29491 -0.004291651608239971
5.29612 -0.004382002168413444
5.29733 -0.004427177448500181
5.29853 -0.004427177448500181
5.29974 -0.004382002168413444
5.30095 -0.004382002168413444
5.30216 -0.004382002168413444
5.30336 -0.004427177448500181
5.30457 -0.004472352728586917
5.30578 -0.00456270328876039
5.30698 -0.004653053848933864
5.30819 -0.0046982291290206
5.3094 -0.004743404409107336
5.3106 -0.0046982291290206
5.31181 -0.004653053848933864
5.31302 -0.0046078785688471275
5.31422 -0.00456270328876039
5.31543 -0.00456270328876039
5.31664 -0.004653053848933864
5.31784 -0.004788579689194073
5.31905 -0.004924105529454283
5.32026 -0.005059631369714492
5.32146 -0.005104806649801228
5.32267 -0.005104806649801228
5.32388 -0.005104806649801228
5.32509 -0.005014456089627756
5.32629 -0.00496928080954102
5.3275 -0.004924105529454283
5.32871 -0.004924105529454283
5.32991 -0.00496928080954102
5.33112 -0.005059631369714492
5.33233 -0.005104806649801228
5.33353 -0.005149981929887965
5.33474 -0.005149981929887965
5.33595 -0.005059631369714492
5.33715 -0.005014456089627756
5.33836 -0.00496928080954102
5.33957 -0.004878930249367546
5.34077 -0.004924105529454283
5.34198 -0.00496928080954102
5.34319 -0.005059631369714492
5.34439 -0.005149981929887965
5.3456 -0.005240332490061439
5.34681 -0.005240332490061439
5.34801 -0.005195157209974701
5.34922 -0.005104806649801228
5.35043 -0.005014456089627756
5.35164 -0.004924105529454283
5.35284 -0.004878930249367546
5.35405 -0.004878930249367546
5.35526 -0.004924105529454283
5.35646 -0.00496928080954102
5.35767 -0.00496928080954102
5.35888 -0.00496928080954102
5.36008 -0.00496928080954102
5.36129 -0.004878930249367546
5.3625 -0.004788579689194073
5.3637 -0.004743404409107336
5.36491 -0.0046982291290206
5.36612 -0.004653053848933864
5.36732 -0.004653053848933864
5.36853 -0.0046982291290206
5.36974 -0.004743404409107336
5.37094 -0.004743404409107336
5.37215 -0.0046982291290206
5.37336 -0.0046078785688471275
5.37456 -0.004517528008673654
5.37577 -0.004427177448500181
5.37698 -0.0043368268883267076
5.37819 -0.004291651608239971
5.37939 -0.0042464763281532345
5.3806 -0.004291651608239971
5.38181 -0.004291651608239971
5.38301 -0.004291651608239971
5.38422 -0.0042464763281532345
5.38543 -0.004201301048066498
5.38663 -0.004110950487893025
5.38784 -0.003975424647632815
5.38905 -0.003885074087459342
5.39025 -0.0037947235272858693
5.39146 -0.0037947235272858693
5.39267 -0.0037947235272858693
5.39387 -0.0037947235272858693
5.39508 -0.0038398988073726054
5.39629 -0.0037947235272858693
5.39749 -0.003749548247199133
5.3987 -0.0036591976870256593
5.39991 -0.0035236718467654498
5.40111 -0.0033881460065052402
5.40232 -0.003297795446331767
5.40353 -0.003207444886158294
5.40474 -0.003207444886158294
5.40594 -0.003252620166245031
5.40715 -0.003297795446331767
5.40836 -0.0033429707264185037
5.40956 -0.003297795446331767
5.41077 -0.003207444886158294
5.41198 -0.0030719190458980846
5.41318 -0.0028912179255511385
5.41439 -0.002710516805204192
5.4156 -0.0025749909649439824
5.4168 -0.00248464040477051
5.41801 -0.00248464040477051
5.41922 -0.00248464040477051
5.42042 -0.002529815684857246
5.42163 -0.00248464040477051
5.42284 -0.002439465124683773
5.42404 -0.0023491145645103
5.42525 -0.0022135887242500903
5.42646 -0.0020328876039031442
5.42766 -0.0018973617636429347
5.42887 -0.0017618359233827249
5.43008 -0.0017166606432959886
5.43129 -0.0016714853632092519
5.43249 -0.0017166606432959886
5.4337 -0.0017618359233827249
5.43491 -0.0018070112034694616
5.43611 -0.0018070112034694616
5.43732 -0.0017618359233827249
5.43853 -0.0016714853632092519
5.43973 -0.0015359595229490423
5.44094 -0.0014456089627755693
5.44215 -0.001355258402602096
5.44335 -0.001264907842428623
5.44456 -0.001264907842428623
5.44577 -0.001264907842428623
5.44697 -0.001264907842428623
5.44818 -0.0012197325623418864
5.44939 -0.00117455728225515
5.45059 -0.0010842067220816769
5.4518 -0.0009486808818214673
5.45301 -0.0007679797614745211
5.45421 -0.0006324539212143115
5.45542 -0.0004969280809541019
5.45663 -0.0004517528008673654
5.45784 -0.0004065775207806289
5.45904 -0.0004065775207806289
5.46025 -0.0004517528008673654
5.46146 -0.0004517528008673654
5.46266 -0.0004065775207806289
5.46387 -0.0003614022406938923
5.46508 -0.0002258764004336827
5.46628 -9.035056017347308e-05
5.46749 0.0
5.4687 9.035056017347308e-05
5.4699 0.0001355258402602096
5.47111 9.035056017347308e-05
5.47232 4.517528008673654e-05
5.47352 0.0
5.47473 -9.035056017347308e-05
5.47594 -0.0001355258402602096
5.47714 -0.0001355258402602096
5.47835 -9.035056017347308e-05
5.47956 4.517528008673654e-05
5.48076 0.0001355258402602096
5.48197 0.00018070112034694616
5.48318 0.00018070112034694616
5.48439 0.0001355258402602096
5.48559 0.0
5.4868 -9.035056017347308e-05
5.48801 -0.00018070112034694616
5.48921 -0.0002710516805204192
5.49042 -0.0002710516805204192
5.49163 -0.0002710516805204192
5.49283 -0.0002258764004336827
5.49404 -0.00018070112034694616
5.49525 -0.0001355258402602096
5.49645 -0.00018070112034694616
5.49766 -0.0002710516805204192
5.49887 -0.0003614022406938923
5.50007 -0.0004969280809541019
5.50128 -0.000587278641127575
5.50249 -0.000587278641127575
5.50369 -0.0005421033610408384
5.5049 -0.0004969280809541019
5.50611 -0.0003614022406938923
5.50731 -0.0002710516805204192
5.50852 -0.0002258764004336827
5.50973 -0.00018070112034694616
5.51094 -0.0002258764004336827
5.51214 -0.0003614022406938923
5.51335 -0.0004517528008673654
5.51456 -0.0005421033610408384
5.51576 -0.0006324539212143115
5.51697 -0.0006324539212143115
5.51818 -0.000587278641127575
5.51938 -0.0005421033610408384
5.52059 -0.0004969280809541019
5.5218 -0.0004969280809541019
5.523 -0.0004969280809541019
5.52421 -0.0004969280809541019
5.52542 -0.0005421033610408384
5.52662 -0.0006324539212143115
5.52783 -0.0006324539212143115
5.52904 -0.0006324539212143115
5.53024 -0.000587278641127575
5.53145 -0.0004969280809541019
5.53266 -0.0004065775207806289
5.53386 -0.00031622696060715574
5.53507 -0.0002710516805204192
5.53628 -0.0002258764004336827
5.53749 -0.0002258764004336827
5.53869 -0.0002710516805204192
5.5399 -0.00031622696060715574
5.54111 -0.0003614022406938923
5.54231 -0.0004065775207806289
5.54352 -0.0004065775207806289
5.54473 -0.0003614022406938923
5.54593 -0.00031622696060715574
5.54714 -0.0002258764004336827
5.54835 -0.00018070112034694616
5.54955 -0.0001355258402602096
5.55076 -0.0001355258402602096
5.55197 -9.035056017347308e-05
5.55317 -9.035056017347308e-05
5.55438 -9.035056017347308e-05
5.55559 -4.517528008673654e-05
5.55679 4.517528008673654e-05
5.558 0.0001355258402602096
5.55921 0.0002710516805204192
5.56042 0.0004065775207806289
5.56162 0.0004969280809541019
5.56283 0.0006324539212143115
5.56404 0.000677629201301048
5.56524 0.000677629201301048
5.56645 0.000677629201301048
5.56766 0.000677629201301048
5.56886 0.0007228044813877846
5.57007 0.0008131550415612578
5.57128 0.0009035056017347308
5.57248 0.0010390314419949404
5.57369 0.0012197325623418864
5.5749 0.001355258402602096
5.5761 0.0014004336826888327
5.57731 0.0014907842428623058
5.57852 0.0014907842428623058
5.57972 0.0014907842428623058
5.58093 0.0014456089627755693
5.58214 0.0014907842428623058
5.58334 0.0015359595229490423
5.58455 0.0016263100831225155
5.58576 0.0017618359233827249
5.58697 0.001942537043729671
5.58817 0.0020780628839898807
5.58938 0.0022135887242500903
5.59059 0.0023039392844235638
5.59179 0.0023491145645103
5.593 0.0023942898445970364
5.59421 0.002439465124683773
5.59541 0.00248464040477051
5.59662 0.0025749909649439824
5.59783 0.002710516805204192
5.59903 0.0028008673653776655
5.60024 0.0029815684857246116
5.60145 0.003117094325984821
5.60265 0.003207444886158294
5.60386 0.003297795446331767
5.60507 0.0033881460065052402
5.60627 0.0033881460065052402
5.60748 0.003433321286591977
5.60869 0.0034784965666787133
5.60989 0.0035236718467654498
5.6111 0.0036140224069389233
5.61231 0.003749548247199133
5.61352 0.003930249367546079
5.61472 0.0040657752078062884
5.61593 0.0042464763281532345
5.61714 0.004382002168413444
5.61834 0.004427177448500181
5.61955 0.004427177448500181
5.62076 0.004472352728586917
5.62196 0.004427177448500181
5.62317 0.004427177448500181
5.62438 0.004472352728586917
5.62558 0.00456270328876039
5.62679 0.0046982291290206
5.628 0.004833754969280809
5.6292 0.005014456089627756
5.63041 0.005149981929887965
5.63162 0.005240332490061439
5.63282 0.005285507770148175
5.63403 0.005285507770148175
5.63524 0.005285507770148175
5.63644 0.005285507770148175
5.63765 0.005330683050234912
5.63886 0.005375858330321648
5.64007 0.005511384170581857
5.64127 0.0056469100108420675
5.64248 0.005782435851102277
5.64369 0.005917961691362487
5.64489 0.005963136971449223
5.6461 0.005963136971449223
5.64731 0.005917961691362487
5.64851 0.005827611131189013
5.64972 0.005692085290928804
5.65093 0.005556559450668594
5.65213 0.0054662088904951205
5.65334 0.005421033610408384
5.65455 0.005421033610408384
5.65575 0.0054662088904951205
5.65696 0.005556559450668594
5.65817 0.005556559450668594
5.65937 0.005556559450668594
5.66058 0.005511384170581857
5.66179 0.005421033610408384
5.66299 0.005240332490061439
5.6642 0.005104806649801228
5.66541 0.00496928080954102
5.66662 0.004878930249367546
5.66782 0.004833754969280809
5.66903 0.004833754969280809
5.67024 0.004878930249367546
5.67144 0.004924105529454283
5.67265 0.004924105529454283
5.67386 0.004924105529454283
5.67506 0.004833754969280809
5.67627 0.004743404409107336
5.67748 0.00456270328876039
5.67868 0.004382002168413444
5.67989 0.0042464763281532345
5.6811 0.004110950487893025
5.6823 0.004020599927719552
5.68351 0.003975424647632815
5.68472 0.003930249367546079
5.68592 0.003885074087459342
5.68713 0.0038398988073726054
5.68834 0.003749548247199133
5.68954 0.0036140224069389233
5.69075 0.003433321286591977
5.69196 0.003252620166245031
5.69317 0.003117094325984821
5.69437 0.0029815684857246116
5.69558 0.0028912179255511385
5.69679 0.002846042645464402
5.69799 0.002846042645464402
5.6992 0.0028912179255511385
5.70041 0.0029363932056378746
5.70161 0.0029363932056378746
5.70282 0.0028912179255511385
5.70403 0.0028008673653776655
5.70523 0.002665341525117456
5.70644 0.00248464040477051
5.70765 0.0023491145645103
5.70885 0.0022135887242500903
5.71006 0.0020780628839898807
5.71127 0.0019877123238164077
5.71247 0.001942537043729671
5.71368 0.0018973617636429347
5.71489 0.0018973617636429347
5.71609 0.001852186483556198
5.7173 0.0017618359233827249
5.71851 0.0016263100831225155
5.71972 0.0014907842428623058
5.72092 0.001355258402602096
5.72213 0.0012197325623418864
5.72334 0.0011293820021684134
5.72454 0.0010390314419949404
5.72575 0.0009938561619082039
5.72696 0.0009938561619082039
5.72816 0.0009938561619082039
5.72937 0.0009938561619082039
5.73058 0.0009486808818214673
5.73178 0.0009035056017347308
5.73299 0.0008583303216479943
5.7342 0.0007228044813877846
5.7354 0.0006324539212143115
5.73661 0.0005421033610408384
5.73782 0.0004517528008673654
5.73902 0.0004517528008673654
5.74023 0.0004517528008673654
5.74144 0.0004517528008673654
5.74264 0.0004969280809541019
5.74385 0.0004969280809541019
5.74506 0.0004517528008673654
5.74627 0.0003614022406938923
5.74747 0.0002710516805204192
5.74868 0.00018070112034694616
5.74989 4.517528008673654e-05
5.75109 -9.035056017347308e-05
5.7523 -0.0001355258402602096
5.75351 -0.00018070112034694616
5.75471 -0.00018070112034694616
5.75592 -0.0001355258402602096
5.75713 -9.035056017347308e-05
5.75833 -4.517528008673654e-05
5.75954 -4.517528008673654e-05
5.76075 -0.0
5.76195 -4.517528008673654e-05
5.76316 -4.517528008673654e-05
5.76437 -9.035056017347308e-05
5.76557 -0.0001355258402602096
5.76678 -0.0001355258402602096
5.76799 -0.0001355258402602096
5.7692 -0.00018070112034694616
5.7704 -0.00018070112034694616
5.77161 -0.0002258764004336827
5.77282 -0.00031622696060715574
5.77402 -0.0003614022406938923
5.77523 -0.0004969280809541019
5.77644 -0.000587278641127575
5.77764 -0.000677629201301048
5.77885 -0.0007679797614745211
5.78006 -0.0008131550415612578
5.78126 -0.0008131550415612578
5.78247 -0.0007679797614745211
5.78368 -0.0007228044813877846
5.78488 -0.000587278641127575
5.78609 -0.0004517528008673654
5.7873 -0.0003614022406938923
5.7885 -0.00031622696060715574
5.78971 -0.0002710516805204192
5.79092 -0.0002710516805204192
5.79212 -0.00031622696060715574
5.79333 -0.0004065775207806289
5.79454 -0.0004517528008673654
5.79575 -0.0004969280809541019
5.79695 -0.0004969280809541019
5.79816 -0.0004517528008673654
5.79937 -0.0004065775207806289
5.80057 -0.0003614022406938923
5.80178 -0.0002258764004336827
5.80299 -0.00018070112034694616
5.80419 -0.0001355258402602096
5.8054 -9.035056017347308e-05
5.80661 -9.035056017347308e-05
5.80781 -9.035056017347308e-05
5.80902 -9.035056017347308e-05
5.81023 -4.517528008673654e-05
5.81143 0.0
5.81264 -0.0
5.81385 4.517528008673654e-05
5.81505 9.035056017347308e-05
5.81626 0.00018070112034694616
5.81747 0.0002710516805204192
5.81867 0.0003614022406938923
5.81988 0.0004065775207806289
5.82109 0.0004065775207806289
5.8223 0.0004065775207806289
5.8235 0.0003614022406938923
5.82471 0.0002710516805204192
5.82592 0.0002710516805204192
5.82712 0.0002258764004336827
5.82833 0.0002710516805204192
5.82954 0.0002710516805204192
5.83074 0.00031622696060715574
5.83195 0.0004065775207806289
5.83316 0.0004065775207806289
5.83436 0.0004517528008673654
5.83557 0.0004517528008673654
5.83678 0.0004517528008673654
5.83798 0.0004065775207806289
5.83919 0.0004065775207806289
5.8404 0.0004517528008673654
5.8416 0.0004969280809541019
5.84281 0.000587278641127575
5.84402 0.000677629201301048
5.84522 0.0008131550415612578
5.84643 0.0009035056017347308
5.84764 0.0009938561619082039
5.84885 0.0010842067220816769
5.85005 0.0010842067220816769
5.85126 0.0010842067220816769
5.85247 0.0010390314419949404
5.85367 0.0009938561619082039
5.85488 0.0009938561619082039
5.85609 0.0009938561619082039
5.85729 0.0010842067220816769
5.8585 0.00117455728225515
5.85971 0.001355258402602096
5.86091 0.0015359595229490423
5.86212 0.0016714853632092519
5.86333 0.0018070112034694616
5.86453 0.0018973617636429347
5.86574 0.001942537043729671
5.86695 0.001942537043729671
5.86815 0.0018973617636429347
5.86936 0.0018973617636429347
5.87057 0.0018973617636429347
5.87177 0.001942537043729671
5.87298 0.0020328876039031442
5.87419 0.0021684134441633538
5.8754 0.0023491145645103
5.8766 0.002529815684857246
5.87781 0.0027556920852909285
5.87902 0.0029363932056378746
5.88022 0.003117094325984821
5.88143 0.003207444886158294
5.88264 0.003297795446331767
5.88384 0.003297795446331767
5.88505 0.0033429707264185037
5.88626 0.0033881460065052402
5.88746 0.0034784965666787133
5.88867 0.0035688471268521867
5.88988 0.0037947235272858693
5.89108 0.004020599927719552
5.89229 0.0042464763281532345
5.8935 0.004517528008673654
5.8947 0.004743404409107336
5.89591 0.004924105529454283
5.89712 0.005059631369714492
5.89832 0.005149981929887965
5.89953 0.005240332490061439
5.90074 0.005285507770148175
5.90195 0.005421033610408384
5.90315 0.005556559450668594
5.90436 0.0057372605710155405
5.90557 0.005963136971449223
5.90677 0.006234188651969642
5.90798 0.006505240332490062
5.90919 0.0067762920130104804
5.91039 0.007002168413444163
5.9116 0.00718286953379111
5.91281 0.007363570654138055
5.91401 0.007499096494398266
5.91522 0.007589447054571739
5.91643 0.007679797614745211
5.91763 0.007815323455005421
5.91884 0.00795084929526563
5.92005 0.00808637513552584
5.92125 0.008267076255872786
5.92246 0.008447777376219733
5.92367 0.008628478496566679
5.92487 0.008809179616913625
5.92608 0.00898988073726057
5.92729 0.00912540657752078
5.9285 0.009215757137694255
5.9297 0.009351282977954463
5.93091 0.009486808818214672
5.93212 0.009622334658474882
5.93332 0.009803035778821828
5.93453 0.009983736899168776
5.93574 0.010209613299602457
5.93694 0.01043548970003614
5.93815 0.010661366100469824
5.93936 0.010887242500903505
5.94056 0.01106794362125045
5.94177 0.011203469461510662
5.94298 0.011338995301770871
5.94418 0.011474521142031081
5.94539 0.011564871702204554
5.9466 0.011655222262378025
5.9478 0.011835923382724973
5.94901 0.011971449222985183
5.95022 0.012197325623418865
5.95142 0.012468377303939284
5.95263 0.01278460426454644
5.95384 0.013100831225153596
5.95505 0.013417058185760751
5.95625 0.013733285146367909
5.95746 0.014004336826888326
5.95867 0.014275388507408747
5.95987 0.01450126490784243
5.96108 0.014772316588362847
5.96229 0.015043368268883268
5.96349 0.015314419949403685
5.9647 0.01567582219009758
5.96591 0.015992049150704735
5.96711 0.016353451391398627
5.96832 0.016760028912179255
5.96953 0.017166606432959884
5.97073 0.017528008673653776
5.97194 0.017844235634260935
5.97315 0.018160462594868088
5.97435 0.018476689555475243
5.97556 0.018747741235995662
5.97677 0.019063968196602818
5.97798 0.01942537043729671
5.97918 0.019786772677990606
5.98039 0.020148174918684498
5.9816 0.02059992771955186
5.9828 0.021051680520419228
5.98401 0.021503433321286593
5.98522 0.022000361402240695
5.98642 0.02254246476328153
5.98763 0.0229942175641489
5.98884 0.023491145645102997
5.99004 0.023942898445970365
5.99125 0.02439465124683773
5.99246 0.024846404047705096
5.99366 0.02529815684857246
5.99487 0.025749909649439826
5.99608 0.026246837730393928
5.99728 0.02678894109143477
5.99849 0.027331044452475604
5.9997 0.027873147813516443
6.0009 0.028460426454644017
6.00211 0.02900252981568486
6.00332 0.029544633176725694
6.00453 0.030086736537766536
6.00573 0.030583664618720637
6.00694 0.031125767979761475
6.00815 0.03166787134080231
6.00935 0.03220997470184315
6.01056 0.03279725334297073
6.01177 0.03347488254427177
6.01297 0.03415251174557282
6.01418 0.03492049150704734
6.01539 0.03568847126852187
6.01659 0.03645645102999639
6.0178 0.037269606071557645
6.01901 0.03803758583303217
6.02021 0.038760390314419954
6.02142 0.03952837007589447
6.02263 0.040205999277195516
6.02383 0.04088362847849657
6.02504 0.04156125767979761
6.02625 0.04219371160101192
6.02745 0.0427809902421395
6.02866 0.04336826888326707
6.02987 0.04391037224430791
6.03108 0.044407300325262015
6.03228 0.04485905312612938
6.03349 0.04531080592699675
6.0347 0.04576255872786411
6.0359 0.046123960968558
6.03711 0.046530538489338635
6.03832 0.046846765449945794
6.03952 0.04725334297072642
6.04073 0.04761474521142031
6.04194 0.0479761474521142
6.04314 0.04842790025298157
6.04435 0.048879653053848934
6.04556 0.04933140585471629
6.04676 0.0498283339356704
6.04797 0.0503252620166245
6.04918 0.0508221900975786
6.05038 0.05122876761835923
6.05159 0.05163534513913986
6.0528 0.05199674737983375
6.054 0.05231297434044091
6.05521 0.05262920130104807
6.05642 0.05294542826165522
6.05763 0.05330683050234911
6.05883 0.053668232743043005
6.06004 0.05407481026382364
6.06125 0.05448138778460426
6.06245 0.054933140585471635
6.06366 0.05543006866642573
6.06487 0.0558818214672931
6.06607 0.05633357426816046
6.06728 0.05678532706902783
6.06849 0.057237079869895194
6.06969 0.057643657390675826
6.0709 0.05805023491145645
6.07211 0.05845681243223708
6.07331 0.05886338995301771
6.07452 0.0592247921937116
6.07573 0.059631369714492226
6.07693 0.06003794723527286
6.07814 0.06044452475605348
6.07935 0.060851102276834115
6.08055 0.06130285507770148
6.08176 0.06170943259848211
6.08297 0.06211601011926274
6.08418 0.06247741235995663
6.08538 0.06283881460065052
6.08659 0.06315504156125767
6.0878 0.06347126852186484
6.089 0.06378749548247199
6.09021 0.0640585471629924
6.09142 0.06437477412359957
6.09262 0.06469100108420672
6.09383 0.06505240332490062
6.09504 0.06541380556559451
6.09624 0.0657752078062884
6.09745 0.06609143476689555
6.09866 0.0664076617275027
6.09986 0.06667871340802313
6.10107 0.06690458980845682
6.10228 0.06713046620889049
6.10348 0.06731116732923745
6.10469 0.0674918684495844
6.1059 0.06767256956993134
6.1071 0.06785327069027829
6.10831 0.06803397181062523
6.10952 0.0682598482110589
6.11073 0.06848572461149259
6.11193 0.06871160101192628
6.11314 0.06889230213227322
6.11435 0.06902782797253343
6.11555 0.06916335381279365
6.11676 0.06920852909288037
6.11797 0.06925370437296711
6.11917 0.06925370437296711
6.12038 0.06916335381279365
6.12159 0.0691181785327069
6.12279 0.06902782797253343
6.124 0.06893747741235995
6.12521 0.06884712685218648
6.12641 0.068756776292013
6.12762 0.06866642573183954
6.12883 0.06853089989157933
6.13003 0.06839537405131912
6.13124 0.06821467293097218
6.13245 0.06798879653053848
6.13365 0.06767256956993134
6.13486 0.06731116732923745
6.13607 0.06694976508854354
6.13728 0.06654318756776292
6.13848 0.06609143476689555
6.13969 0.06568485724611493
6.1409 0.06532345500542104
6.1421 0.06496205276472715
6.14331 0.06460065052403324
6.14452 0.06428442356342609
6.14572 0.06396819660281894
6.14693 0.06365196964221179
6.14814 0.06333574268160462
6.14934 0.06297434044091073
6.15055 0.06261293820021685
6.15176 0.06220636067943621
6.15296 0.06179978315865558
6.15417 0.06134803035778822
6.15538 0.06094145283700759
6.15658 0.06048970003614023
6.15779 0.06008312251535959
6.159 0.059721720274665706
6.1602 0.05940549331405855
6.16141 0.059044091073364655
6.16262 0.058727864112757495
6.16383 0.05841163715215034
6.16503 0.058095410191543184
6.16624 0.05773400795084929
6.16745 0.0573726057101554
6.16865 0.05701120346946151
6.16986 0.05660462594868088
6.17107 0.05624322370798698
6.17227 0.05583664618720636
6.17348 0.055475243946512466
6.17469 0.05511384170581858
6.17589 0.05475243946512469
6.1771 0.05439103722443079
6.17831 0.0540296349837369
6.17951 0.05371340802312974
6.18072 0.053352005782435846
6.18193 0.05299060354174196
6.18313 0.05258402602096133
6.18434 0.0521774485001807
6.18555 0.05172569569931334
6.18676 0.05122876761835923
6.18796 0.05077701481749187
6.18917 0.05028008673653776
6.19038 0.049783158655583665
6.19158 0.04928623057462956
6.19279 0.048834477773762194
6.194 0.048382724972894836
6.1952 0.047930972172027464
6.19641 0.0474792193711601
6.19762 0.047072641850379474
6.19882 0.0466208890495121
6.20003 0.04616913624864474
6.20124 0.04571738344777738
6.20244 0.04522045536682327
6.20365 0.044723527285869175
6.20486 0.04422659920491507
6.20606 0.043729671123960964
6.20727 0.043232743043006866
6.20848 0.04269063968196603
6.20968 0.04223888688109866
6.21089 0.04174195880014456
6.2121 0.04124503071919045
6.21331 0.040793277918323094
6.21451 0.040296349837368996
6.21572 0.03979942175641489
6.21693 0.03925731839537405
6.21813 0.038760390314419954
6.21934 0.038218286953379116
6.22055 0.03767618359233827
6.22175 0.037179255511384166
6.22296 0.03668232743043007
6.22417 0.0362305746295627
6.22537 0.03577882182869534
6.22658 0.03532706902782797
6.22779 0.03492049150704734
6.22899 0.034513913986266714
6.2302 0.03406216118539935
6.23141 0.033610408384531984
6.23261 0.03315865558366462
6.23382 0.03266172750271052
6.23503 0.032164799421756415
6.23623 0.03171304662088905
6.23744 0.03121611853993495
6.23865 0.030764365739067583
6.23986 0.030312612938200215
6.24106 0.02990603541741959
6.24227 0.02949945789663896
6.24348 0.029138055655945065
6.24468 0.028776653415251173
6.24589 0.02841525117455728
6.2471 0.028053848933863392
6.2483 0.027692446693169497
6.24951 0.02728586917238887
6.25072 0.026924466931694976
6.25192 0.026517889410914347
6.25313 0.026111311890133722
6.25434 0.02570473436935309
6.25554 0.02529815684857246
6.25675 0.024891579327791832
6.25796 0.02453017708709794
6.25916 0.024168774846404045
6.26037 0.023852547885796892
6.26158 0.023536320925189737
6.26278 0.023220093964582578
6.26399 0.022903867003975426
6.2652 0.02258764004336827
6.26641 0.022226237802674374
6.26761 0.021864835561980482
6.26882 0.021503433321286593
6.27003 0.0211420310805927
6.27123 0.020735453559812073
6.27244 0.02037405131911818
6.27365 0.020012649078424285
6.27485 0.019696422117817133
6.27606 0.01942537043729671
6.27727 0.019109143476689558
6.27847 0.018883267076255872
6.27968 0.018612215395735456
6.28089 0.01838633899530177
6.28209 0.01811528731478135
6.2833 0.017844235634260935
6.28451 0.017528008673653776
6.28571 0.017256956993133357
6.28692 0.0169407300325262
6.28813 0.016624503071919046
6.28933 0.016353451391398627
6.29054 0.01603722443079147
6.29175 0.015766172750271052
6.29296 0.015495121069750631
6.29416 0.015224069389230214
6.29537 0.014953017708709795
6.29658 0.01472714130827611
6.29778 0.014456089627755693
6.29899 0.014230213227322009
6.3002 0.01395916154680159
6.3014 0.013733285146367909
6.30261 0.013462233465847488
6.30382 0.013236357065413805
6.30502 0.013010480664980124
6.30623 0.01278460426454644
6.30744 0.012603903144199494
6.30864 0.01237802674376581
6.30985 0.012197325623418865
6.31106 0.01201662450307192
6.31226 0.011835923382724973
6.31347 0.011700397542464762
6.31468 0.011519696422117818
6.31588 0.011338995301770871
6.31709 0.011203469461510662
6.3183 0.011022768341163714
6.31951 0.010842067220816768
6.32071 0.010616190820383087
6.32192 0.010390314419949403
6.32313 0.01016443801951572
6.32433 0.00993856161908204
6.32554 0.009712685218648355
6.32675 0.009486808818214672
6.32795 0.009351282977954463
6.32916 0.009215757137694255
6.33037 0.009080231297434044
6.33157 0.00898988073726057
6.33278 0.008944705457173834
6.33399 0.008854354897000361
6.33519 0.008809179616913625
6.3364 0.008718829056740152
6.33761 0.008628478496566679
6.33881 0.008492952656306469
6.34002 0.00835742681604626
6.34123 0.00822190097578605
6.34243 0.008131550415612577
6.34364 0.007996024575352367
6.34485 0.007860498735092158
6.34606 0.007724972894831947
6.34726 0.007634622334658475
6.34847 0.007544271774485002
6.34968 0.007453921214311528
6.35088 0.007408745934224792
6.35209 0.007318395374051319
6.3533 0.007273220093964583
6.3545 0.00718286953379111
6.35571 0.007092518973617636
6.35692 0.007002168413444163
6.35812 0.006866642573183954
6.35933 0.0067762920130104804
6.36054 0.006640766172750271
6.36174 0.006505240332490062
6.36295 0.006369714492229852
6.36416 0.006279363932056379
6.36536 0.006189013371882905
6.36657 0.006143838091796169
6.36778 0.006098662811709433
6.36898 0.006098662811709433
6.37019 0.006053487531622696
6.3714 0.006053487531622696
6.37261 0.00600831225153596
6.37381 0.005963136971449223
6.37502 0.005917961691362487
6.37623 0.005827611131189013
6.37743 0.0057372605710155405
6.37864 0.005601734730755331
6.37985 0.005511384170581857
6.38105 0.005421033610408384
6.38226 0.005330683050234912
6.38347 0.005330683050234912
6.38467 0.005285507770148175
6.38588 0.005285507770148175
6.38709 0.005330683050234912
6.38829 0.005375858330321648
6.3895 0.005421033610408384
6.39071 0.0054662088904951205
6.39191 0.005511384170581857
6.39312 0.005511384170581857
6.39433 0.005556559450668594
6.39554 0.005511384170581857
6.39674 0.005511384170581857
6.39795 0.005511384170581857
6.39916 0.005511384170581857
6.40036 0.005511384170581857
6.40157 0.005511384170581857
6.40278 0.005556559450668594
6.40398 0.005601734730755331
6.40519 0.005692085290928804
6.4064 0.0057372605710155405
6.4076 0.005827611131189013
6.40881 0.005917961691362487
6.41002 0.005963136971449223
6.41122 0.00600831225153596
6.41243 0.006053487531622696
6.41364 0.006098662811709433
6.41484 0.006098662811709433
6.41605 0.006098662811709433
6.41726 0.006098662811709433
6.41846 0.006143838091796169
6.41967 0.006143838091796169
6.42088 0.006189013371882905
6.42209 0.006234188651969642
6.42329 0.006279363932056379
6.4245 0.006324539212143115
6.42571 0.006324539212143115
6.42691 0.006369714492229852
6.42812 0.006414889772316588
6.42933 0.006460065052403325
6.43053 0.006460065052403325
6.43174 0.006505240332490062
6.43295 0.006505240332490062
6.43415 0.006550415612576798
6.43536 0.006550415612576798
6.43657 0.006595590892663534
6.43777 0.006640766172750271
6.43898 0.006640766172750271
6.44019 0.006731116732923744
6.44139 0.0067762920130104804
6.4426 0.006821467293097218
6.44381 0.00691181785327069
6.44501 0.0069569931333574265
6.44622 0.007002168413444163
6.44743 0.0070473436935308996
6.44864 0.0071376942537043735
6.44984 0.00718286953379111
6.45105 0.0072280448138778465
6.45226 0.007273220093964583
6.45346 0.007318395374051319
6.45467 0.007408745934224792
6.45588 0.007453921214311528
6.45708 0.007544271774485002
6.45829 0.007634622334658475
6.4595 0.007770148174918684
6.4607 0.007860498735092158
6.46191 0.00795084929526563
6.46312 0.008041199855439104
6.46432 0.008131550415612577
6.46553 0.008176725695699313
6.46674 0.008267076255872786
6.46794 0.008312251535959523
6.46915 0.00835742681604626
6.47036 0.008447777376219733
6.47156 0.008492952656306469
6.47277 0.008583303216479942
6.47398 0.008673653776653415
6.47519 0.008764004336826888
6.47639 0.008899530177087098
6.4776 0.009035056017347307
6.47881 0.009170581857607517
6.48001 0.009306107697867728
6.48122 0.009441633538127936
6.48243 0.009577159378388145
6.48363 0.009712685218648355
6.48484 0.009848211058908566
6.48605 0.009983736899168776
6.48725 0.010119262739428984
6.48846 0.010254788579689193
6.48967 0.010390314419949403
6.49087 0.010480664980122878
6.49208 0.010616190820383087
6.49329 0.01070654138055656
6.49449 0.010796891940730033
6.4957 0.010842067220816768
6.49691 0.010887242500903505
6.49811 0.010887242500903505
6.49932 0.010887242500903505
6.50053 0.010887242500903505
6.50174 0.010887242500903505
6.50294 0.010842067220816768
6.50415 0.010842067220816768
6.50536 0.010887242500903505
6.50656 0.010932417780990241
6.50777 0.010977593061076978
6.50898 0.01106794362125045
6.51018 0.011158294181423925
6.51139 0.011248644741597398
6.5126 0.011384170581857608
6.5138 0.011474521142031081
6.51501 0.011564871702204554
6.51622 0.011700397542464762
6.51742 0.011790748102638237
6.51863 0.011835923382724973
6.51984 0.011926273942898446
6.52104 0.011971449222985183
6.52225 0.01201662450307192
6.52346 0.012106975063245392
6.52466 0.012152150343332129
6.52587 0.012197325623418865
6.52708 0.012287676183592338
6.52829 0.01237802674376581
6.52949 0.012513552584026021
6.5307 0.012603903144199494
6.53191 0.012739428984459704
6.53311 0.012874954824719913
6.53432 0.012965305384893386
6.53553 0.013055655945066861
6.53673 0.013146006505240332
6.53794 0.013236357065413805
6.53915 0.013281532345500542
6.54035 0.013326707625587278
6.54156 0.013371882905674015
6.54277 0.013462233465847488
6.54397 0.013552584026020961
6.54518 0.013642934586194436
6.54639 0.013778460426454645
6.54759 0.013913986266714853
6.5488 0.014094687387061799
6.55001 0.014275388507408747
6.55121 0.014410914347668956
6.55242 0.0145916154680159
6.55363 0.014772316588362847
6.55484 0.014953017708709795
6.55604 0.015088543548970004
6.55725 0.015178894109143477
6.55846 0.015314419949403685
6.55966 0.015404770509577158
6.56087 0.015495121069750631
6.56208 0.015540296349837368
6.56328 0.015630646910010842
6.56449 0.015766172750271052
6.5657 0.015856523310444525
6.5669 0.015946873870617998
6.56811 0.016082399710878208
6.56932 0.016217925551138417
6.57052 0.016353451391398627
6.57173 0.0164438019515721
6.57294 0.01657932779183231
6.57414 0.016669678352005782
6.57535 0.016760028912179255
6.57656 0.01685037947235273
6.57776 0.016895554752439465
6.57897 0.016985905312612938
6.58018 0.01707625587278641
6.58139 0.017121431152873148
6.58259 0.01721178171304662
6.5838 0.017302132273220094
6.58501 0.017392482833393567
6.58621 0.017528008673653776
6.58742 0.017663534513913986
6.58863 0.017799060354174195
6.58983 0.01797976147452114
6.59104 0.01811528731478135
6.59225 0.01825081315504156
6.59345 0.01838633899530177
6.59466 0.018476689555475243
6.59587 0.018567040115648716
6.59707 0.01865739067582219
6.59828 0.018702565955908926
6.59949 0.018747741235995662
6.60069 0.018838091796169135
6.6019 0.018883267076255872
6.60311 0.018973617636429345
6.60432 0.019063968196602818
6.60552 0.01919949403686303
6.60673 0.019335019877123237
6.60794 0.019470545717383447
6.60914 0.019606071557643656
6.61035 0.019741597397903866
6.61156 0.01987712323816408
6.61276 0.019967473798337552
6.61397 0.020057824358511025
6.61518 0.020102999638597758
6.61638 0.020102999638597758
6.61759 0.020148174918684498
6.6188 0.020148174918684498
6.62 0.02019335019877123
6.62121 0.020238525478857967
6.62242 0.020283700758944704
6.62362 0.02037405131911818
6.62483 0.020509577159378387
6.62604 0.0206451029996386
6.62724 0.020780628839898806
6.62845 0.020961329960245755
6.62966 0.0211420310805927
6.63087 0.021277556920852907
6.63207 0.02141308276111312
6.63328 0.021593783881460066
6.63449 0.021729309721720276
6.63569 0.021864835561980482
6.6369 0.021955186122153955
6.63811 0.022090711962414168
6.63931 0.02218106252258764
6.64052 0.02231658836284785
6.64173 0.022406938923021324
6.64293 0.02254246476328153
6.64414 0.022677990603541743
6.64535 0.02281351644380195
6.64655 0.022949042284062162
6.64776 0.02308456812432237
6.64897 0.023220093964582578
6.65017 0.02335561980484279
6.65138 0.023445970365016264
6.65259 0.023536320925189737
6.65379 0.023581496205276473
6.655 0.023671846765449946
6.65621 0.02376219732562342
6.65742 0.023807372605710156
6.65862 0.023852547885796892
6.65983 0.023942898445970365
6.66104 0.02407842428623057
6.66224 0.024168774846404045
6.66345 0.024349475966750994
6.66466 0.024485001807011204
6.66586 0.024665702927358146
6.66707 0.024891579327791832
6.66828 0.02507228044813878
6.66948 0.02529815684857246
6.67069 0.025478857968919407
6.6719 0.025659559089266353
6.6731 0.0258402602096133
6.67431 0.02597578604987351
6.67552 0.026066136610046982
6.67672 0.02620166245030719
6.67793 0.026292013010480664
6.67914 0.026382363570654137
6.68034 0.02647271413082761
6.68155 0.026608239971087824
6.68276 0.02674376581134803
6.68397 0.026879291651608243
6.68517 0.02701481749186845
6.68638 0.027195518612215395
6.68759 0.027331044452475604
6.68879 0.02751174557282255
6.69 0.027692446693169497
6.69121 0.027827972533429706
6.69241 0.02796349837368992
6.69362 0.028144199494036865
6.69483 0.02827972533429707
6.69603 0.028370075894470544
6.69724 0.028505601734730754
6.69845 0.028641127574990967
6.69965 0.028776653415251173
6.70086 0.02895735453559812
6.70207 0.029092880375858332
6.70327 0.029273581496205275
6.70448 0.02945428261655222
6.70569 0.029680159016985907
6.70689 0.029860860137332853
6.7081 0.030041561257679796
6.70931 0.03022226237802674
6.71052 0.030402963498373688
6.71172 0.0305384893386339
6.71293 0.03067401517889411
6.71414 0.030809541019154316
6.71534 0.03094506685941453
6.71655 0.031080592699674735
6.71776 0.03121611853993495
6.71896 0.03135164438019516
6.72017 0.031487170220455364
6.72138 0.03166787134080231
6.72258 0.031848572461149256
6.72379 0.03207444886158294
6.725 0.03225514998192989
6.7262 0.032435851102276834
6.72741 0.03261655222262378
6.72862 0.03284242862305747
6.72982 0.033023129743404406
6.73103 0.03320383086375135
6.73224 0.0333845319840983
6.73344 0.033565233104445244
6.73465 0.0337459342247922
6.73586 0.03392663534513914
6.73707 0.03410733646548609
6.73827 0.034288037585833035
6.73948 0.034468738706179974
6.74069 0.03469461510661366
6.74189 0.034875316226960607
6.7431 0.03505601734730755
6.74431 0.03528189374774124
6.74551 0.03546259486808818
6.74672 0.035643295988435124
6.74793 0.03586917238886881
6.74913 0.036049873509215756
6.75034 0.0362305746295627
6.75155 0.03641127574990965
6.75275 0.036591976870256594
6.75396 0.03677267799060354
6.75517 0.03699855439103722
6.75637 0.037179255511384166
6.75758 0.03735995663173111
6.75879 0.0375858330321648
6.75999 0.037811709432598484
6.7612 0.03803758583303217
6.76241 0.03826346223346585
6.76362 0.03848933863389953
6.76482 0.038760390314419954
6.76603 0.03898626671485363
6.76724 0.03921214311528731
6.76844 0.039438019515721
6.76965 0.039618720636067944
6.77086 0.039844597036501624
6.77206 0.04002529815684857
6.77327 0.040251174557282256
6.77448 0.0404318756776292
6.77568 0.04065775207806288
6.77689 0.04083845319840983
6.7781 0.04106432959884351
6.7793 0.0412902059992772
6.78051 0.04156125767979761
6.78172 0.0417871340802313
6.78292 0.042058185760751716
6.78413 0.042329237441272136
6.78534 0.04260028912179255
6.78654 0.042871340802312974
6.78775 0.04314239248283339
6.78896 0.04341344416335381
6.79017 0.04368449584387423
6.79137 0.04391037224430791
6.79258 0.044181423924828336
6.79379 0.044407300325262015
6.79499 0.04458800144560896
6.7962 0.04481387784604265
6.79741 0.04503975424647633
6.79861 0.04522045536682327
6.79982 0.04544633176725695
6.80103 0.04567220816769064
6.80223 0.045852909288037584
6.80344 0.04607878568847127
6.80465 0.046304662088904956
6.80585 0.046530538489338635
6.80706 0.046756414889772314
6.80827 0.046982291290205994
6.80947 0.04716299241055295
6.81068 0.04734369353089989
6.81189 0.04752439465124684
6.81309 0.047705095771593785
6.8143 0.04788579689194073
6.81551 0.048021322732200944
6.81672 0.04820202385254789
6.81792 0.04833754969280809
6.81913 0.04851825081315504
6.82034 0.04869895193350199
6.82154 0.048879653053848934
6.82275 0.04906035417419588
6.82396 0.049241055294542826
6.82516 0.04942175641488977
6.82637 0.04960245753523672
6.82758 0.04973798337549693
6.82878 0.04991868449584388
6.82999 0.050054210336104084
6.8312 0.05023491145645103
6.8324 0.05037043729671124
6.83361 0.05050596313697145
6.83482 0.050641488977231655
6.83602 0.0508221900975786
6.83723 0.05100289121792555
6.83844 0.05113841705818576
6.83965 0.051319118178532706
6.84085 0.05149981929887965
6.84206 0.05172569569931334
6.84327 0.051906396819660285
6.84447 0.05208709794000723
6.84568 0.05226779906035418
6.84689 0.05244850018070112
6.84809 0.05262920130104807
6.8493 0.052809902421395015
6.85051 0.05294542826165522
6.85171 0.05312612938200217
6.85292 0.05326165522226238
6.85413 0.053442356342609326
6.85533 0.05362305746295627
6.85654 0.05380375858330322
6.85775 0.053984459703650164
6.85895 0.05416516082399711
6.86016 0.05434586194434406
6.86137 0.05457173834477774
6.86257 0.05479761474521142
6.86378 0.0550234911456451
6.86499 0.05520419226599205
6.8662 0.05543006866642573
6.8674 0.05565594506685941
6.86861 0.05583664618720636
6.86982 0.056017347307553304
6.87102 0.05615287314781352
6.87223 0.05633357426816046
6.87344 0.056469100108420676
6.87464 0.05655945066859414
6.87585 0.056694976508854356
6.87706 0.05683050234911456
6.87826 0.056920852909288035
6.87947 0.05705637874954825
6.88068 0.057191904589808454
6.88188 0.05732743043006867
6.88309 0.05750813155041561
6.8843 0.05768883267076256
6.8855 0.05791470907119624
6.88671 0.058095410191543184
6.88792 0.0583664618720636
6.88912 0.05859233827249729
6.89033 0.05886338995301771
6.89154 0.05908926635345139
6.89275 0.059360318033971814
6.89395 0.05958619443440549
6.89516 0.05981207083483918
6.89637 0.059947596675099385
6.89757 0.06012829779544633
6.89878 0.06026382363570654
6.89999 0.06039934947596675
6.90119 0.06053487531622696
6.9024 0.06062522587640043
6.90361 0.06076075171666064
6.90481 0.06094145283700759
6.90602 0.0610769786772678
6.90723 0.06125767979761474
6.90843 0.061483556198048434
6.90964 0.06166425731839538
6.91085 0.06189013371882906
6.91205 0.06211601011926274
6.91326 0.062341886519696424
6.91447 0.06252258764004337
6.91567 0.06270328876039032
6.91688 0.06288398988073726
6.91809 0.06306469100108421
6.9193 0.06324539212143115
6.9205 0.06338091796169136
6.92171 0.0635616190820383
6.92292 0.06374232020238525
6.92412 0.0639230213227322
6.92533 0.06410372244307914
6.92654 0.06432959884351283
6.92774 0.06451029996385978
6.92895 0.06473617636429346
6.93016 0.06496205276472715
6.93136 0.06518792916516082
6.93257 0.06536863028550777
6.93378 0.06559450668594145
6.93498 0.0657752078062884
6.93619 0.06595590892663535
6.9374 0.06609143476689555
6.9386 0.0662721358872425
6.93981 0.0664076617275027
6.94102 0.06654318756776292
6.94222 0.06672388868810987
6.94343 0.06690458980845682
6.94464 0.06708529092880376
6.94585 0.06726599204915071
6.94705 0.0674918684495844
6.94826 0.0677629201301048
6.94947 0.06803397181062523
6.95067 0.0682598482110589
6.95188 0.06853089989157933
6.95309 0.06880195157209974
6.95429 0.06907300325262017
6.9555 0.0693440549331406
6.95671 0.06956993133357427
6.95791 0.06979580773400795
6.95912 0.07002168413444164
6.96033 0.07024756053487531
6.96153 0.07042826165522226
6.96274 0.07065413805565594
6.96395 0.07083483917600289
6.96515 0.07101554029634985
6.96636 0.07124141669678352
6.96757 0.07142211781713047
6.96877 0.07164799421756414
6.96998 0.07187387061799784
6.97119 0.07209974701843151
6.9724 0.0723256234188652
6.9736 0.07259667509938562
6.97481 0.0728225514998193
6.97602 0.07309360318033972
6.97722 0.07331947958077341
6.97843 0.07359053126129382
6.97964 0.0738164076617275
6.98084 0.07404228406216118
6.98205 0.07422298518250812
6.98326 0.07440368630285507
6.98446 0.07458438742320203
6.98567 0.07476508854354896
6.98688 0.07494578966389592
6.98808 0.07512649078424286
6.98929 0.07530719190458982
6.9905 0.07544271774485002
6.9917 0.07562341886519697
6.99291 0.07584929526563064
6.99412 0.0760299963859776
6.99532 0.07625587278641127
6.99653 0.07648174918684496
6.99774 0.07670762558727863
6.99895 0.07693350198771233
7.00015 0.07715937838814602
7.00136 0.07734007950849295
7.00257 0.07756595590892663
7.00377 0.07774665702927358
7.00498 0.07792735814962054
7.00619 0.07810805926996747
7.00739 0.07828876039031443
7.0086 0.07846946151066136
7.00981 0.07865016263100831
7.01101 0.07878568847126853
7.01222 0.07896638959161546
7.01343 0.07914709071196242
7.01463 0.07928261655222262
7.01584 0.07946331767256958
7.01705 0.07964401879291652
7.01825 0.07982471991326347
7.01946 0.07996024575352367
7.02067 0.0801409468738706
7.02187 0.08032164799421757
7.02308 0.08050234911456451
7.02429 0.0807282255149982
7.0255 0.08090892663534513
7.0267 0.08104445247560535
7.02791 0.0812251535959523
7.02912 0.08140585471629924
7.03032 0.08158655583664619
7.03153 0.08176725695699313
7.03274 0.08194795807734008
7.03394 0.08212865919768703
7.03515 0.08235453559812071
7.03636 0.0825804119985544
7.03756 0.08280628839898807
7.03877 0.08303216479942176
7.03998 0.08325804119985543
7.04118 0.08348391760028911
7.04239 0.08370979400072281
7.0436 0.08393567040115649
7.0448 0.08416154680159017
7.04601 0.0843422479219371
7.04722 0.08447777376219733
7.04843 0.08461329960245753
7.04963 0.08474882544271774
7.05084 0.08483917600289123
7.05205 0.0849295265630647
7.05325 0.08501987712323816
7.05446 0.08511022768341163
7.05567 0.0852005782435851
7.05687 0.08533610408384532
7.05808 0.0854264546440188
7.05929 0.08560715576436574
7.06049 0.08574268160462595
7.0617 0.0859233827249729
7.06291 0.08614925912540658
7.06411 0.08632996024575351
7.06532 0.08651066136610047
7.06653 0.08673653776653414
7.06773 0.0869172388868811
7.06894 0.08709794000722804
7.07015 0.08732381640766172
7.07135 0.08750451752800867
7.07256 0.08768521864835561
7.07377 0.08786591976870256
7.07498 0.0880466208890495
7.07618 0.08827249728948319
7.07739 0.08849837368991688
7.0786 0.08872425009035056
7.0798 0.08895012649078424
7.08101 0.08922117817130466
7.08222 0.08949222985182509
7.08342 0.08971810625225876
7.08463 0.08994398265269245
7.08584 0.09016985905312612
7.08704 0.09035056017347308
7.08825 0.09057643657390675
7.08946 0.09071196241416697
7.09066 0.0908926635345139
7.09187 0.09102818937477412
7.09308 0.09120889049512107
7.09428 0.09134441633538128
7.09549 0.0914799421756415
7.0967 0.09166064329598843
7.0979 0.09184134441633539
7.09911 0.09206722081676906
7.10032 0.092247921937116
7.10153 0.09247379833754969
7.10273 0.0927448500180701
7.10394 0.0929707264185038
7.10515 0.0932417780990242
7.10635 0.0934676544994579
7.10756 0.09373870617997832
7.10877 0.09396458258041199
7.10997 0.09419045898084569
7.11118 0.09441633538127936
7.11239 0.09464221178171305
7.11359 0.09491326346223347
7.1148 0.09513913986266714
7.11601 0.09536501626310083
7.11721 0.09559089266353452
7.11842 0.09581676906396819
7.11963 0.09604264546440189
7.12083 0.09631369714492229
7.12204 0.09653957354535599
7.12325 0.0968106252258764
7.12445 0.09703650162631008
7.12566 0.0973075533068305
7.12687 0.0975334297072642
7.12808 0.09775930610769787
7.12928 0.09798518250813155
7.13049 0.09821105890856523
7.1317 0.09843693530899891
7.1329 0.09866281170943259
7.13411 0.09888868810986629
7.13532 0.09906938923021323
7.13652 0.0992952656306469
7.13773 0.09947596675099386
7.13894 0.0996566678713408
7.14014 0.09983736899168776
7.14135 0.10001807011203469
7.14256 0.1001535959522949
7.14376 0.10033429707264185
7.14497 0.10046982291290206
7.14618 0.100650524033249
7.14738 0.10078604987350921
7.14859 0.10092157571376942
7.1498 0.10110227683411638
7.151 0.10123780267437658
7.15221 0.1013733285146368
7.15342 0.10155402963498374
7.15463 0.10168955547524394
7.15583 0.10182508131550416
7.15704 0.10196060715576437
7.15825 0.10209613299602457
7.15945 0.1022316588362848
7.16066 0.10236718467654499
7.16187 0.10250271051680519
7.16307 0.10268341163715215
7.16428 0.10286411275749908
7.16549 0.10304481387784604
7.16669 0.10327069027827972
7.1679 0.1034965666787134
7.16911 0.10372244307914709
7.17031 0.1039934947596675
7.17152 0.10426454644018793
7.17273 0.10453559812070835
7.17393 0.10480664980122877
7.17514 0.10507770148174918
7.17635 0.1053487531622696
7.17755 0.10561980484279003
7.17876 0.10589085652331044
7.17997 0.10616190820383087
7.18118 0.1064329598843513
7.18238 0.10674918684495845
7.18359 0.10702023852547886
7.1848 0.10738164076617275
7.186 0.10774304300686664
7.18721 0.10823997108782074
7.18842 0.10873689916877485
7.18962 0.10932417780990242
7.19083 0.11000180701120348
7.19204 0.11076978677267799
7.19324 0.11162811709432598
7.19445 0.11257679797614746
7.19566 0.11366100469822912
7.19686 0.11488073726057102
7.19807 0.11619082038308637
7.19928 0.11763642934586195
7.20048 0.11926273942898445
7.20169 0.12111492591254065
7.2029 0.1231478135164438
7.2041 0.12540657752078063
7.20531 0.1278460426454644
7.20652 0.13051138417058186
7.20773 0.1335381279363932
7.20893 0.13679074810263825
7.21014 0.14013371882905673
7.21135 0.14352186483556198
7.21255 0.14709071196241416
7.21376 0.1508402602096133
7.21497 0.15436393205637874
7.21617 0.15748102638236358
7.21738 0.16019154318756776
7.21859 0.16263100831225152
7.21979 0.1645735453559812
7.221 0.1657932779183231
7.22221 0.166154680159017
7.22341 0.16574810263823636
7.22462 0.16466389591615468
7.22583 0.1630827611131189
7.22703 0.16095952294904228
7.22824 0.15806830502349115
7.22945 0.15477050957715938
7.23065 0.15133718829056741
7.23186 0.14799421756414888
7.23307 0.14451572099747018
7.23428 0.14099204915070473
7.23548 0.13764907842428623
7.23669 0.13471268521864835
7.2379 0.13204734369353088
7.2391 0.12960787856884712
7.24031 0.1274846404047705
7.24152 0.12558727864112756
7.24272 0.12405131911817853
7.24393 0.12278641127574991
7.24514 0.12170220455366823
7.24634 0.1207986989519335
7.24755 0.12007589447054572
7.24876 0.11953379110950488
7.24996 0.11912721358872426
7.25117 0.11876581134803037
7.25238 0.11849475966750994
7.25358 0.118314058547163
7.25479 0.11822370798698952
7.256 0.11813335742681605
7.25721 0.11808818214672931
7.25841 0.11808818214672931
7.25962 0.11808818214672931
7.26083 0.11813335742681605
7.26203 0.11813335742681605
7.26324 0.11813335742681605
7.26445 0.11817853270690278
7.26565 0.11813335742681605
7.26686 0.11813335742681605
7.26807 0.11808818214672931
7.26927 0.11799783158655584
7.27048 0.11790748102638238
7.27169 0.11786230574629562
7.27289 0.11777195518612216
7.2741 0.11768160462594868
7.27531 0.11759125406577521
7.27651 0.11750090350560173
7.27772 0.11745572822551499
7.27893 0.11745572822551499
7.28013 0.11745572822551499
7.28134 0.11745572822551499
7.28255 0.11754607878568847
7.28376 0.11759125406577521
7.28496 0.11772677990603542
7.28617 0.11786230574629562
7.28738 0.1179526563064691
7.28858 0.11808818214672931
7.28979 0.11822370798698952
7.291 0.11835923382724974
7.2922 0.11849475966750994
7.29341 0.11858511022768341
7.29462 0.11867546078785689
7.29582 0.11876581134803037
7.29703 0.1188109866281171
7.29824 0.11890133718829056
7.29944 0.1189465124683773
7.30065 0.11899168774846404
7.30186 0.11908203830863752
7.30306 0.11917238886881099
7.30427 0.11926273942898445
7.30548 0.11939826526924466
7.30668 0.11953379110950488
7.30789 0.11966931694976508
7.3091 0.11985001807011204
7.31031 0.12007589447054572
7.31151 0.12025659559089266
7.31272 0.12043729671123961
7.31393 0.1206631731116733
7.31513 0.12084387423202024
7.31634 0.12097940007228046
7.31755 0.12116010119262739
7.31875 0.1212956270328876
7.31996 0.12143115287314782
7.32117 0.12156667871340802
7.32237 0.12165702927358149
7.32358 0.12179255511384171
7.32479 0.12192808095410192
7.32599 0.12206360679436212
7.3272 0.12219913263462234
7.32841 0.12233465847488255
7.32961 0.12247018431514274
7.33082 0.1226508854354897
7.33203 0.12287676183592337
7.33323 0.12305746295627033
7.33444 0.12323816407661727
7.33565 0.12346404047705095
7.33686 0.1236447415973979
7.33806 0.12387061799783158
7.33927 0.12405131911817853
7.34048 0.12427719551861222
7.34168 0.12445789663895916
7.34289 0.12463859775930611
7.3441 0.1248644741597398
7.3453 0.12504517528008674
7.34651 0.1252258764004337
7.34772 0.12540657752078063
7.34892 0.12558727864112756
7.35013 0.12581315504156126
7.35134 0.1259938561619082
7.35254 0.1262197325623419
7.35375 0.12640043368268883
7.35496 0.1266263100831225
7.35616 0.1268521864835562
7.35737 0.12707806288398987
7.35858 0.12730393928442357
7.35978 0.1274846404047705
7.36099 0.1277105168052042
7.3622 0.12793639320563788
7.36341 0.1281170943259848
7.36461 0.1283429707264185
7.36582 0.12852367184676544
7.36703 0.1287043729671124
7.36823 0.12888507408745933
7.36944 0.1290657752078063
7.37065 0.12924647632815323
7.37185 0.12942717744850019
7.37306 0.12960787856884712
7.37427 0.12978857968919408
7.37547 0.129969280809541
7.37668 0.13014998192988797
7.37789 0.1303306830502349
7.37909 0.13055655945066857
7.3803 0.13073726057101553
7.38151 0.1309631369714492
7.38271 0.1311890133718829
7.38392 0.13136971449222987
7.38513 0.13159559089266354
7.38633 0.1317762920130105
7.38754 0.13200216841344417
7.38875 0.1321828695337911
7.38996 0.13240874593422478
7.39116 0.13258944705457174
7.39237 0.1327701481749187
7.39358 0.13295084929526563
7.39478 0.1331315504156126
7.39599 0.13331225153595952
7.3972 0.13349295265630648
7.3984 0.13371882905674015
7.39961 0.13389953017708708
7.40082 0.13412540657752078
7.40202 0.13430610769786772
7.40323 0.13453198409830142
7.40444 0.1347578604987351
7.40564 0.1349837368991688
7.40685 0.13520961329960246
7.40806 0.1353903144199494
7.40926 0.1356161908203831
7.41047 0.13584206722081676
7.41168 0.13606794362125046
7.41288 0.1362486447415974
7.41409 0.1364745211420311
7.4153 0.13670039754246477
7.41651 0.1368810986628117
7.41771 0.13710697506324537
7.41892 0.13728767618359233
7.42013 0.13746837730393927
7.42133 0.13769425370437297
7.42254 0.1378749548247199
7.42375 0.13805565594506686
7.42495 0.1382363570654138
7.42616 0.1384622334658475
7.42737 0.13864293458619442
7.42857 0.13882363570654138
7.42978 0.13904951210697505
7.43099 0.13923021322732201
7.43219 0.13945608962775569
7.4334 0.13968196602818936
7.43461 0.13986266714853632
7.43581 0.14008854354897
7.43702 0.1403144199494037
7.43823 0.14054029634983736
7.43943 0.14072099747018432
7.44064 0.140946873870618
7.44185 0.14117275027105167
7.44306 0.14139862667148537
7.44426 0.14162450307191907
7.44547 0.1418503794723527
7.44668 0.1420310805926997
7.44788 0.14225695699313334
7.44909 0.14248283339356704
7.4503 0.14270870979400072
7.4515 0.14293458619443442
7.45271 0.14311528731478135
7.45392 0.14334116371521505
7.45512 0.14352186483556198
7.45633 0.14374774123599568
7.45754 0.1439284423563426
7.45874 0.14410914347668954
7.45995 0.1442898445970365
7.46116 0.14447054571738346
7.46236 0.1446512468377304
7.46357 0.14483194795807733
7.46478 0.14501264907842426
7.46599 0.14519335019877125
7.46719 0.14537405131911818
7.4684 0.1455547524394651
7.46961 0.14573545355981204
7.47081 0.14596132996024574
7.47202 0.14614203108059268
7.47323 0.14636790748102638
7.47443 0.14659378388146005
7.47564 0.14681966028189375
7.47685 0.14704553668232745
7.47805 0.1472714130827611
7.47926 0.14754246476328153
7.48047 0.14776834116371523
7.48167 0.14799421756414888
7.48288 0.14822009396458258
7.48409 0.1484007950849295
7.48529 0.1486266714853632
7.4865 0.14885254788579688
7.48771 0.14903324900614384
7.48891 0.14921395012649077
7.49012 0.14939465124683773
7.49133 0.1496205276472714
7.49254 0.14980122876761837
7.49374 0.1499819298879653
7.49495 0.15016263100831226
7.49616 0.1503433321286592
7.49736 0.15056920852909286
7.49857 0.15074990964943982
7.49978 0.15093061076978678
7.50098 0.15115648717022043
7.50219 0.15133718829056741
7.5034 0.1515630646910011
7.5046 0.15174376581134805
7.50581 0.15192446693169498
7.50702 0.15215034333212868
7.50822 0.1523310444524756
7.50943 0.15251174557282254
7.51064 0.15269244669316948
7.51184 0.15287314781351646
7.51305 0.1530538489338634
7.51426 0.15323455005421033
7.51546 0.15341525117455726
7.51667 0.15359595229490425
7.51788 0.15377665341525118
7.51909 0.1539573545355981
7.52029 0.1541832309360318
7.5215 0.15436393205637874
7.52271 0.15458980845681244
7.52391 0.15481568485724612
7.52512 0.15504156125767982
7.52633 0.15526743765811346
7.52753 0.15549331405854716
7.52874 0.15571919045898086
7.52995 0.15599024213950125
7.53115 0.15621611853993495
7.53236 0.15644199494036864
7.53357 0.15666787134080232
7.53477 0.156893747741236
7.53598 0.15711962414166966
7.53719 0.15730032526201662
7.53839 0.1575262016624503
7.5396 0.157752078062884
7.54081 0.15793277918323093
7.54201 0.15815865558366463
7.54322 0.1583845319840983
7.54443 0.158610408384532
7.54564 0.15879110950487893
7.54684 0.15901698590531263
7.54805 0.15924286230574627
7.54926 0.15946873870617997
7.55046 0.15969461510661365
7.55167 0.15992049150704735
7.55288 0.16014636790748105
7.55408 0.16032706902782798
7.55529 0.16055294542826165
7.5565 0.1607336465486086
7.5577 0.16091434766895554
7.55891 0.16109504878930248
7.56012 0.16127574990964946
7.56132 0.16141127574990963
7.56253 0.16159197687025662
7.56374 0.16177267799060355
7.56494 0.16195337911095048
7.56615 0.1621340802312974
7.56736 0.16231478135164437
7.56856 0.16249548247199133
7.56977 0.16272135887242503
7.57098 0.16290205999277196
7.57219 0.16312793639320566
7.57339 0.1633538127936393
7.5746 0.16362486447415975
7.57581 0.16385074087459342
7.57701 0.1640766172750271
7.57822 0.16434766895554753
7.57943 0.1645735453559812
7.58063 0.16484459703650164
7.58184 0.16507047343693532
7.58305 0.165296349837369
7.58425 0.16552222623780266
7.58546 0.16574810263823636
7.58667 0.16597397903867006
7.58787 0.166154680159017
7.58908 0.16633538127936393
7.59029 0.16656125767979763
7.59149 0.16674195880014456
7.5927 0.1669226599204915
7.59391 0.1671485363209252
7.59511 0.16732923744127212
7.59632 0.16750993856161908
7.59753 0.16773581496205278
7.59874 0.1679165160823997
7.59994 0.1681423924828334
7.60115 0.16832309360318035
7.60236 0.16854897000361405
7.60356 0.16872967112396098
7.60477 0.1689103722443079
7.60598 0.16909107336465484
7.60718 0.16927177448500183
7.60839 0.16945247560534876
7.6096 0.1696331767256957
7.6108 0.16976870256595591
7.61201 0.1699042284062161
7.61322 0.17003975424647633
7.61442 0.17022045536682326
7.61563 0.17035598120708348
7.61684 0.1704915070473437
7.61804 0.1706270328876039
7.61925 0.17080773400795085
7.62046 0.1709884351282978
7.62166 0.17116913624864474
7.62287 0.17134983736899168
7.62408 0.17157571376942538
7.62529 0.17180159016985905
7.62649 0.17202746657029275
7.6277 0.1722533429707264
7.62891 0.17252439465124683
7.63011 0.17275027105168053
7.63132 0.1729761474521142
7.63253 0.17320202385254788
7.63373 0.1733827249728948
7.63494 0.1736086013733285
7.63615 0.17378930249367544
7.63735 0.17397000361402243
7.63856 0.17415070473436936
7.63977 0.17428623057462958
7.64097 0.1744669316949765
7.64218 0.17464763281532344
7.64339 0.1748283339356704
7.64459 0.17500903505601734
7.6458 0.1751897361763643
7.64701 0.175415612576798
7.64821 0.17564148897723164
7.64942 0.17586736537766534
7.65063 0.176093241778099
7.65184 0.17636429345861943
7.65304 0.17659016985905313
7.65425 0.17681604625948683
7.65546 0.1770870979400072
7.65666 0.1773129743404409
7.65787 0.1775388507408746
7.65908 0.17776472714130828
7.66028 0.17799060354174195
7.66149 0.17817130466208891
7.6627 0.1783971810625226
7.6639 0.17857788218286955
7.66511 0.17875858330321648
7.66632 0.1789392844235634
7.66752 0.17911998554391037
7.66873 0.17930068666425733
7.66994 0.17948138778460426
7.67114 0.17966208890495122
7.67235 0.1798879653053849
7.67356 0.18006866642573183
7.67477 0.18029454282616553
7.67597 0.18052041922659923
7.67718 0.18074629562703287
7.67839 0.18097217202746657
7.67959 0.18119804842790024
7.6808 0.18142392482833394
7.68201 0.18164980122876764
7.68321 0.1818756776292013
7.68442 0.18214672930972173
7.68563 0.18237260571015543
7.68683 0.18259848211058907
7.68804 0.18282435851102277
7.68925 0.18305023491145644
7.69045 0.18327611131189014
7.69166 0.18350198771232384
7.69287 0.1837278641127575
7.69407 0.18390856523310445
7.69528 0.18413444163353812
7.69649 0.1843603180339718
7.69769 0.18454101915431875
7.6989 0.18476689555475242
7.70011 0.18499277195518612
7.70132 0.18526382363570654
7.70252 0.1854897000361402
7.70373 0.1857155764365739
7.70494 0.18598662811709432
7.70614 0.18625767979761476
7.70735 0.1864835561980484
7.70856 0.18675460787856885
7.70976 0.18702565955908926
7.71097 0.18729671123960967
7.71218 0.18752258764004337
7.71338 0.1877936393205638
7.71459 0.1880646910010842
7.7158 0.1882905674015179
7.717 0.1885616190820383
7.71821 0.188787495482472
7.71942 0.18901337188290568
7.72062 0.18923924828333935
7.72183 0.1895102999638598
7.72304 0.18973617636429346
7.72424 0.19000722804481388
7.72545 0.19023310444524758
7.72666 0.190504156125768
7.72787 0.19077520780628837
7.72907 0.19100108420672207
7.73028 0.1912721358872425
7.73149 0.19154318756776292
7.73269 0.19181423924828334
7.7339 0.19208529092880378
7.73511 0.1923563426093242
7.73631 0.19262739428984457
7.73752 0.19285327069027827
7.73873 0.1931243223707987
7.73993 0.19339537405131912
7.74114 0.1936212504517528
7.74235 0.1938923021322732
7.74355 0.1941181785327069
7.74476 0.19438923021322732
7.74597 0.194615106613661
7.74717 0.1948861582941814
7.74838 0.1951120346946151
7.74959 0.19538308637513552
7.75079 0.19565413805565596
7.752 0.19588001445608963
7.75321 0.19615106613661004
7.75442 0.19642211781713045
7.75562 0.1967383447777376
7.75683 0.19700939645825805
7.75804 0.19728044813877846
7.75924 0.19755149981929887
7.76045 0.19786772677990602
7.76166 0.19813877846042646
7.76286 0.19840983014094687
7.76407 0.1986808818214673
7.76528 0.19895193350198773
7.76648 0.19922298518250814
7.76769 0.19949403686302855
7.7689 0.199765088543549
7.7701 0.20003614022406938
7.77131 0.2003071919045898
7.77252 0.20057824358511023
7.77372 0.20084929526563064
7.77493 0.20112034694615105
7.77614 0.2013913986266715
7.77734 0.20170762558727864
7.77855 0.20197867726779906
7.77976 0.2022949042284062
7.78097 0.2026111311890134
7.78217 0.20292735814962054
7.78338 0.20319840983014095
7.78459 0.2035146367907481
7.78579 0.20383086375135526
7.787 0.2041470907119624
7.78821 0.2044633176725696
7.78941 0.20473436935308997
7.79062 0.20505059631369715
7.79183 0.20532164799421754
7.79303 0.20559269967473798
7.79424 0.2058637513552584
7.79545 0.2061348030357788
7.79665 0.2063606794362125
7.79786 0.20663173111673294
7.79907 0.20690278279725335
7.80027 0.20717383447777374
7.80148 0.20744488615829418
7.80269 0.20776111311890136
7.80389 0.20807734007950848
7.8051 0.20839356704011563
7.80631 0.2087097940007228
7.80752 0.2090711962414167
7.80872 0.20943259848211057
7.80993 0.2097940007228045
7.81114 0.21015540296349836
7.81234 0.21051680520419228
7.81355 0.21087820744488617
7.81476 0.21123960968558006
7.81596 0.21155583664618718
7.81717 0.21187206360679434
7.81838 0.21218829056740152
7.81958 0.21250451752800867
7.82079 0.2127755692085291
7.822 0.21304662088904952
7.8232 0.21331767256956993
7.82441 0.21358872425009037
7.82562 0.21390495121069752
7.82682 0.21417600289121794
7.82803 0.2144922298518251
7.82924 0.21480845681243224
7.83044 0.2151246837730394
7.83165 0.21544091073364657
7.83286 0.21580231297434044
7.83407 0.21616371521503433
7.83527 0.21652511745572822
7.83648 0.21693169497650885
7.83769 0.21729309721720272
7.83889 0.21765449945789664
7.8401 0.21806107697867727
7.84131 0.21842247921937114
7.84251 0.21878388146006505
7.84372 0.21914528370075892
7.84493 0.2194615106613661
7.84613 0.21977773762197325
7.84734 0.2200487893024937
7.84855 0.2203198409830141
7.84975 0.22063606794362126
7.85096 0.22090711962414167
7.85217 0.22113299602457534
7.85337 0.22140404770509575
7.85458 0.2216750993856162
7.85579 0.2219461510661366
7.85699 0.22221720274665702
7.8582 0.22248825442717746
7.85941 0.2228044813877846
7.86062 0.22312070834839176
7.86182 0.2234369353089989
7.86303 0.22375316226960607
7.86424 0.22406938923021322
7.86544 0.22443079147090714
7.86665 0.2247470184315143
7.86786 0.22506324539212144
7.86906 0.22542464763281533
7.87027 0.22574087459342249
7.87148 0.22605710155402964
7.87268 0.22632815323455005
7.87389 0.2266443801951572
7.8751 0.22691543187567761
7.8763 0.22718648355619805
7.87751 0.22741235995663175
7.87872 0.22768341163715214
7.87992 0.22790928803758584
7.88113 0.22818033971810625
7.88234 0.22840621611853995
7.88355 0.22863209251897362
7.88475 0.22890314419949404
7.88596 0.22917419588001445
7.88717 0.2294452475605349
7.88837 0.22976147452114204
7.88958 0.23003252620166245
7.89079 0.2303487531622696
7.89199 0.23066498012287676
7.8932 0.23098120708348394
7.89441 0.2312974340440911
7.89561 0.23161366100469824
7.89682 0.23192988796530536
7.89803 0.2322009396458258
7.89923 0.23247199132634622
7.90044 0.23269786772677992
7.90165 0.2329689194073003
7.90285 0.233194795807734
7.90406 0.2334206722081677
7.90527 0.23364654860860137
7.90647 0.23387242500903505
7.90768 0.23409830140946872
7.90889 0.23432417780990242
7.9101 0.23455005421033612
7.9113 0.2348211058908565
7.91251 0.23509215757137694
7.91372 0.23536320925189735
7.91492 0.23567943621250453
7.91613 0.23595048789302492
7.91734 0.2362667148536321
7.91854 0.23658294181423925
7.91975 0.2368991687748464
7.92096 0.23721539573545355
7.92216 0.23748644741597397
7.92337 0.2377574990964944
7.92458 0.23802855077701482
7.92578 0.23825442717744852
7.92699 0.2385254788579689
7.9282 0.2387513552584026
7.9294 0.2389772316588363
7.93061 0.23915793277918324
7.93182 0.23938380917961694
7.93302 0.23960968558005058
7.93423 0.23983556198048428
7.93544 0.24006143838091795
7.93665 0.24028731478135165
7.93785 0.24055836646187206
7.93906 0.2408294181423925
7.94027 0.24110046982291292
7.94147 0.24141669678352007
7.94268 0.24177809902421393
7.94389 0.2420943259848211
7.94509 0.242455728225515
7.9463 0.2428171304662089
7.94751 0.2431785327069028
7.94871 0.24353993494759668
7.94992 0.24390133718829057
7.95113 0.24426273942898447
7.95233 0.24457896638959162
7.95354 0.24494036863028548
7.95475 0.24521142031080592
7.95595 0.2455276472714131
7.95716 0.24584387423202025
7.95837 0.24611492591254067
7.95957 0.24638597759306108
7.96078 0.24661185399349475
7.96199 0.24683773039392845
7.9632 0.24710878207444886
7.9644 0.2473798337549693
7.96561 0.24765088543548971
7.96682 0.2479219371160101
7.96802 0.24819298879653054
7.96923 0.24850921575713772
7.97044 0.24882544271774484
7.97164 0.249141669678352
7.97285 0.24950307191904592
7.97406 0.24986447415973978
7.97526 0.2502258764004337
7.97647 0.25058727864112756
7.97768 0.2509486808818215
7.97888 0.25131008312251535
7.98009 0.25162631008312253
7.9813 0.2519877123238164
7.9825 0.2523039392844236
7.98371 0.252574990964944
7.98492 0.25289121792555114
7.98612 0.2531622696060716
7.98733 0.2533881460065052
7.98854 0.25365919768702566
7.98975 0.2539302493675461
7.99095 0.2542013010480665
7.99216 0.2544723527285869
7.99337 0.25474340440910737
7.99457 0.2550596313697145
7.99578 0.2553758583303216
7.99699 0.2556920852909288
7.99819 0.2560534875316227
7.9994 0.2564148897723166
8.00061 0.2568214672930972
8.00181 0.2571828695337911
8.00302 0.25763462233465845
8.00423 0.2580411998554391
8.00543 0.25849295265630645
8.00664 0.2588995301770871
8.00785 0.2593061076978677
8.00905 0.2597126852186484
8.01026 0.260119262739429
8.01147 0.2605258402602096
8.01267 0.2608872425009035
8.01388 0.26124864474159737
8.01509 0.2616100469822913
8.0163 0.2619262739428984
8.0175 0.2622425009035056
8.01871 0.2625587278641128
8.01992 0.2628749548247199
8.02112 0.2631911817853271
8.02233 0.26346223346584746
8.02354 0.26377846042645464
8.02474 0.26413986266714856
8.02595 0.2644560896277557
8.02716 0.26486266714853635
8.02836 0.2652240693892302
8.02957 0.2656306469100108
8.03078 0.2660372244307915
8.03198 0.2664438019515721
8.03319 0.2668955547524395
8.0344 0.2673021322732201
8.0356 0.2677538850740875
8.03681 0.2681604625948681
8.03802 0.26856704011564875
8.03922 0.2689284423563426
8.04043 0.26928984459703653
8.04164 0.2696512468377304
8.04285 0.27001264907842426
8.04405 0.27032887603903144
8.04526 0.27064510299963856
8.04647 0.27096132996024574
8.04767 0.2712775569208529
8.04888 0.27159378388146005
8.05009 0.27191001084206723
8.05129 0.27222623780267435
8.0525 0.2725876400433683
8.05371 0.2729490422840622
8.05491 0.2733556198048428
8.05612 0.27371702204553666
8.05733 0.2741235995663173
8.05853 0.2745301770870979
8.05974 0.27493675460787853
8.06095 0.2753433321286592
8.06215 0.2757499096494398
8.06336 0.2762016624503072
8.06457 0.27656306469100106
8.06577 0.2769696422117817
8.06698 0.2773762197325624
8.06819 0.27773762197325624
8.0694 0.2780990242139501
8.0706 0.27850560173473077
8.07181 0.2788218286953379
8.07302 0.2791832309360318
8.07422 0.2795446331767257
8.07543 0.2799060354174196
8.07664 0.28026743765811346
8.07784 0.2806288398988074
8.07905 0.28099024213950125
8.08026 0.2813968196602819
8.08146 0.2818033971810625
8.08267 0.2822099747018431
8.08388 0.2826165522226238
8.08508 0.2830683050234911
8.08629 0.2835200578243585
8.0875 0.28397181062522586
8.0887 0.28442356342609326
8.08991 0.28483014094687387
8.09112 0.2852818937477412
8.09232 0.2857336465486086
8.09353 0.28618539934947596
8.09474 0.28659197687025656
8.09595 0.2869985543910372
8.09715 0.2874051319118178
8.09836 0.2878117094325985
8.09957 0.28817311167329235
8.10077 0.288579689194073
8.10198 0.28894109143476693
8.10319 0.2893024936754608
8.10439 0.28966389591615466
8.1056 0.2900252981568485
8.10681 0.2903867003975425
8.10801 0.29074810263823636
8.10922 0.29115468015901697
8.11043 0.2915612576797976
8.11163 0.2919678352005783
8.11284 0.2923744127213589
8.11405 0.29282616552222623
8.11525 0.29327791832309363
8.11646 0.2937296711239609
8.11767 0.29422659920491506
8.11888 0.2947235272858692
8.12008 0.2952204553668233
8.12129 0.29567220816769063
8.1225 0.2961691362486447
8.1237 0.29666606432959886
8.12491 0.2971178171304662
8.12612 0.29756956993133354
8.12732 0.29802132273220094
8.12853 0.29842790025298155
8.12974 0.29878930249367547
8.13094 0.2991958800144561
8.13215 0.29955728225514994
8.13336 0.2999186844958439
8.13456 0.30023491145645104
8.13577 0.30059631369714496
8.13698 0.3009125406577521
8.13818 0.30127394289844595
8.13939 0.30163534513913987
8.1406 0.3019967473798338
8.1418 0.3024033249006144
8.14301 0.30280990242139505
8.14422 0.30326165522226234
8.14543 0.30371340802312974
8.14663 0.30416516082399714
8.14784 0.3046620889049512
8.14905 0.3051590169859053
8.15025 0.30570112034694613
8.15146 0.30619804842790027
8.15267 0.30669497650885436
8.15387 0.3072370798698952
8.15508 0.3077340079508493
8.15629 0.3082309360318034
8.15749 0.3087278641127575
8.1587 0.3091796169136249
8.15991 0.309676544994579
8.16111 0.31008312251535963
8.16232 0.3105348753162269
8.16353 0.3109866281170943
8.16473 0.311393205637875
8.16594 0.31184495843874227
8.16715 0.31229671123960967
8.16835 0.31270328876039033
8.16956 0.31315504156125773
8.17077 0.313606794362125
8.17198 0.3140585471629924
8.17318 0.3145554752439465
8.17439 0.3150072280448139
8.1756 0.31554933140585467
8.1768 0.3160462594868088
8.17801 0.3165431875677629
8.17922 0.3170852909288038
8.18042 0.31758221900975786
8.18163 0.3181243223707987
8.18284 0.31866642573183956
8.18404 0.3192085290928804
8.18525 0.3197506324539212
8.18646 0.3203379110950488
8.18766 0.3208800144560896
8.18887 0.3214221178171305
8.19008 0.3219642211781713
8.19128 0.32250632453921213
8.19249 0.323048427900253
8.1937 0.32359053126129383
8.1949 0.32413263462233466
8.19611 0.3246747379833755
8.19732 0.3251716660643296
8.19853 0.32571376942537045
8.19973 0.3262558727864113
8.20094 0.3267979761474521
8.20215 0.32729490422840624
8.20335 0.32783700758944706
8.20456 0.32833393567040114
8.20577 0.328876039031442
8.20697 0.32941814239248285
8.20818 0.32991507047343693
8.20939 0.3304571738344778
8.21059 0.3309541019154319
8.2118 0.331451029996386
8.21301 0.3319931333574268
8.21421 0.3324900614383809
8.21542 0.33298698951933503
8.21663 0.3335290928803759
8.21783 0.33402602096133
8.21904 0.3345229490422841
8.22025 0.33501987712323816
8.22145 0.3355168052041923
8.22266 0.33605890856523307
8.22387 0.3365558366461872
8.22508 0.3370979400072281
8.22628 0.33764004336826886
8.22749 0.3382273220093965
8.2287 0.3387694253704373
8.2299 0.3393567040115649
8.23111 0.33994398265269243
8.23232 0.34057643657390674
8.23352 0.34116371521503436
8.23473 0.34179616913624866
8.23594 0.34242862305746297
8.23714 0.3430610769786772
8.23835 0.3436935308998916
8.23956 0.3443259848211059
8.24076 0.3449584387423202
8.24197 0.3455908926635345
8.24318 0.3461781713046621
8.24438 0.3468106252258764
8.24559 0.347397903867004
8.2468 0.34798518250813154
8.248 0.34857246114925916
8.24921 0.34915973979038667
8.25042 0.3497470184315143
8.25163 0.3503342970726418
8.25283 0.3509215757137694
8.25404 0.35150885435489704
8.25525 0.35209613299602455
8.25645 0.35268341163715217
8.25766 0.35331586555836647
8.25887 0.3539031441994941
8.26007 0.35453559812070834
8.26128 0.35516805204192264
8.26249 0.35584568124322374
8.26369 0.3565233104445248
8.2649 0.35720093964582583
8.26611 0.3578785688471268
8.26731 0.35860137332851466
8.26852 0.3592790025298157
8.26973 0.36000180701120343
8.27093 0.3606794362125045
8.27214 0.3614022406938923
8.27335 0.36212504517528005
8.27455 0.36280267437658115
8.27576 0.36352547885796893
8.27697 0.36420310805927
8.27818 0.36488073726057096
8.27938 0.36555836646187206
8.28059 0.3662359956631731
8.2818 0.3669588001445609
8.283 0.36763642934586194
8.28421 0.36831405854716304
8.28542 0.368991687748464
8.28662 0.3697144922298518
8.28783 0.37039212143115285
8.28904 0.37111492591254064
8.29024 0.3718377303939284
8.29145 0.37260571015540295
8.29266 0.3733285146367908
8.29386 0.37409649439826526
8.29507 0.37481929887965304
8.29628 0.3755872786411276
8.29748 0.3763552584026021
8.29869 0.3770780628839899
8.2999 0.37784604264546445
8.3011 0.3785688471268522
8.30231 0.3793368268883267
8.30352 0.3800596313697145
8.30473 0.3807824358511023
8.30593 0.38150524033249006
8.30714 0.38222804481387784
8.30835 0.3829960245753523
8.30955 0.38371882905674015
8.31076 0.38444163353812794
8.31197 0.3851644380195157
8.31317 0.38593241778099024
8.31438 0.38665522226237803
8.31559 0.38742320202385255
8.31679 0.3882363570654138
8.318 0.38900433682688834
8.31921 0.3898174918684496
8.32041 0.3905854716299241
8.32162 0.39139862667148534
8.32283 0.3922569569931334
8.32403 0.3930701120346946
8.32524 0.3939284423563426
8.32645 0.39478677267799056
8.32766 0.3956451029996386
8.32886 0.3964582580411999
8.33007 0.39731658836284783
8.33128 0.39817491868449584
8.33248 0.3989880737260571
8.33369 0.3998464040477051
8.3349 0.40065955908926637
8.3361 0.4015178894109144
8.33731 0.4023310444524756
8.33852 0.40309902421395016
8.33972 0.40391217925551137
8.34093 0.40472533429707264
8.34214 0.4054933140585472
8.34334 0.4063064691001084
8.34455 0.4071196241416697
8.34576 0.40788760390314416
8.34696 0.4087007589447054
8.34817 0.4095139139862667
8.34938 0.41032706902782795
8.35058 0.4111402240693892
8.35179 0.4119985543910372
8.353 0.4128568847126852
8.35421 0.4136700397542465
8.35541 0.41452837007589444
8.35662 0.4153867003975425
8.35783 0.41624503071919045
8.35903 0.41710336104083845
8.36024 0.41796169136248645
8.36145 0.4187748464040477
8.36265 0.4196331767256957
8.36386 0.42044633176725693
8.36507 0.42130466208890494
8.36627 0.4221178171304662
8.36748 0.42293097217202746
8.36869 0.4237441272135887
8.36989 0.42455728225514994
8.3711 0.4253704372967112
8.37231 0.42618359233827247
8.37351 0.4269967473798338
8.37472 0.42780990242139505
8.37593 0.4286230574629563
8.37713 0.42948138778460426
8.37834 0.4302945428261655
8.37955 0.4311528731478135
8.38076 0.43201120346946154
8.38196 0.4328243585110228
8.38317 0.43368268883267075
8.38438 0.43454101915431875
8.38558 0.4353993494759667
8.38679 0.43625767979761476
8.388 0.4371160101192627
8.3892 0.4379743404409107
8.39041 0.4388326707625587
8.39162 0.4396910010842067
8.39282 0.44054933140585467
8.39403 0.44136248644741594
8.39524 0.442220816769064
8.39644 0.44303397181062526
8.39765 0.4438471268521865
8.39886 0.444615106613661
8.40006 0.4454282616552222
8.40127 0.4461962414166968
8.40248 0.4469642211781713
8.40368 0.44777737621973257
8.40489 0.4485001807011203
8.4061 0.4492681604625948
8.40731 0.4500361402240694
8.40851 0.45075894470545713
8.40972 0.45152692446693166
8.41093 0.45229490422840624
8.41213 0.4531080592699675
8.41334 0.453876039031442
8.41455 0.4546440187929165
8.41575 0.4554571738344778
8.41696 0.4562703288760391
8.41817 0.45708348391760034
8.41937 0.4579418142392483
8.42058 0.45875496928080955
8.42179 0.4596132996024575
8.42299 0.46042645464401877
8.4242 0.46123960968558003
8.42541 0.4620527647271413
8.42661 0.46286591976870256
8.42782 0.4636338995301771
8.42903 0.4644018792916516
8.43023 0.46516985905312613
8.43144 0.4659378388146006
8.43265 0.46666064329598844
8.43386 0.4673382724972895
8.43506 0.4680610769786772
8.43627 0.4687387061799783
8.43748 0.4694615106613661
8.43868 0.47013913986266714
8.43989 0.47086194434405493
8.4411 0.47153957354535597
8.4423 0.47226237802674376
8.44351 0.47298518250813154
8.44472 0.4737079869895193
8.44592 0.47447596675099385
8.44713 0.4752439465124684
8.44834 0.4760119262739429
8.44954 0.47682508131550416
8.45075 0.47759306107697863
8.45196 0.4783610408384532
8.45316 0.4791741958800144
8.45437 0.4799873509215757
8.45558 0.4807553306830502
8.45678 0.4815684857246115
8.45799 0.48233646548608605
8.4592 0.4831044452475605
8.46041 0.4838272497289483
8.46161 0.4845500542103361
8.46282 0.4852728586917239
8.46403 0.48599566317311166
8.46523 0.48671846765449944
8.46644 0.4873960968558005
8.46765 0.48807372605710153
8.46885 0.4887513552584026
8.47006 0.4894289844597037
8.47127 0.4901066136610047
8.47247 0.49078424286230576
8.47368 0.4915070473436935
8.47489 0.4921846765449946
8.47609 0.4929074810263824
8.4773 0.49358511022768337
8.47851 0.4943079147090712
8.47971 0.495030719190459
8.48092 0.4957986989519335
8.48213 0.49652150343332124
8.48333 0.49728948319479577
8.48454 0.49805746295627035
8.48575 0.4987802674376581
8.48696 0.4995482471991326
8.48816 0.5003162269606072
8.48937 0.5010842067220816
8.49058 0.5018521864835561
8.49178 0.5026201662450307
8.49299 0.5033429707264185
8.4942 0.504110950487893
8.4954 0.5048337549692808
8.49661 0.5055565594506686
8.49782 0.5063245392121432
8.49902 0.5070473436935309
8.50023 0.5077701481749187
8.50144 0.5084929526563065
8.50264 0.5092157571376943
8.50385 0.509938561619082
8.50506 0.5107065413805566
8.50626 0.5114293458619443
8.50747 0.5121973256234188
8.50868 0.5130104806649801
8.50988 0.5138236357065413
8.51109 0.5146367907481026
8.5123 0.5154499457896639
8.51351 0.5163082761113119
8.51471 0.5171666064329599
8.51592 0.5180249367546078
8.51713 0.5189284423563426
8.51833 0.5198319479580774
8.51954 0.5207354535598121
8.52075 0.52159378388146
8.52195 0.5224972894831947
8.52316 0.5233556198048428
8.52437 0.5242139501264907
8.52557 0.5250271051680521
8.52678 0.5258854354897
8.52799 0.5266985905312613
8.52919 0.5275117455728225
8.5304 0.5282797253342971
8.53161 0.5290477050957716
8.53281 0.5298608601373329
8.53402 0.5306288398988074
8.53523 0.5313968196602818
8.53644 0.5322099747018432
8.53764 0.5329779544633176
8.53885 0.533791109504879
8.54006 0.5346042645464402
8.54126 0.5354174195880015
8.54247 0.5362757499096494
8.54368 0.5371340802312975
8.54488 0.5380375858330322
8.54609 0.5388959161546801
8.5473 0.5397994217564149
8.5485 0.5407029273581496
8.54971 0.5416064329598843
8.55092 0.5425551138417058
8.55212 0.5435037947235273
8.55333 0.5444073003252621
8.55454 0.5453559812070835
8.55574 0.5462594868088182
8.55695 0.5471178171304661
8.55816 0.5480213227322009
8.55936 0.5488796530538489
8.56057 0.549737983375497
8.56178 0.5505511384170582
8.56299 0.5514094687387062
8.56419 0.5521774485001807
8.5654 0.552990603541742
8.56661 0.5537585833032165
8.56781 0.554526563064691
8.56902 0.5552493675460788
8.57023 0.5560173473075533
8.57143 0.5567853270690278
8.57264 0.5575533068305023
8.57385 0.5582761113118901
8.57505 0.5590440910733646
8.57626 0.5597668955547525
8.57747 0.5605348753162269
8.57867 0.5612576797976148
8.57988 0.5620256595590893
8.58109 0.5627936393205638
8.58229 0.5635164438019515
8.5835 0.564284423563426
8.58471 0.5650072280448138
8.58591 0.5657300325262017
8.58712 0.5664076617275027
8.58833 0.5671304662088905
8.58954 0.5678080954101915
8.59074 0.5684857246114926
8.59195 0.569118178532707
8.59316 0.5697506324539212
8.59436 0.5703830863751356
8.59557 0.5709703650162631
8.59678 0.5716028189374774
8.59798 0.5721449222985183
8.59919 0.5727322009396458
8.6004 0.5732743043006867
8.6016 0.5738615829418142
8.60281 0.5743585110227684
8.60402 0.5749006143838092
8.60522 0.5753975424647634
8.60643 0.575939645825804
8.60764 0.5764365739067582
8.60884 0.5768883267076256
8.61005 0.5773852547885797
8.61126 0.577837007589447
8.61246 0.5782887603903145
8.61367 0.578695337911095
8.61488 0.5791470907119625
8.61609 0.5795084929526563
8.61729 0.5799150704734369
8.6185 0.5802764727141309
8.61971 0.5806378749548248
8.62091 0.5809541019154318
8.62212 0.581270328876039
8.62333 0.5815865558366462
8.62453 0.5818576075171666
8.62574 0.5821286591976871
8.62695 0.5823997108782075
8.62815 0.582670762558728
8.62936 0.5828966389591616
8.63057 0.5831225153595953
8.63177 0.5833483917600288
8.63298 0.5835742681604625
8.63419 0.5838001445608964
8.63539 0.5840260209613299
8.6366 0.5842518973617636
8.63781 0.5844777737621973
8.63901 0.5847036501626309
8.64022 0.5849295265630647
8.64143 0.5851554029634984
8.64264 0.585381279363932
8.64384 0.5856071557643657
8.64505 0.5858330321647993
8.64626 0.5861040838453198
8.64746 0.5863299602457535
8.64867 0.5865558366461873
8.64988 0.5867817130466209
8.65108 0.5870075894470546
8.65229 0.5872334658474883
8.6535 0.5874141669678352
8.6547 0.5876400433682689
8.65591 0.5878207444886159
8.65712 0.5880014456089627
8.65832 0.5881821467293098
8.65953 0.58831767256957
8.66074 0.5884983736899169
8.66194 0.5886338995301771
8.66315 0.5887242500903506
8.66436 0.5888597759306108
8.66556 0.5889501264907843
8.66677 0.5890404770509577
8.66798 0.5890856523310444
8.66919 0.589176002891218
8.67039 0.5892211781713046
8.6716 0.5892663534513914
8.67281 0.5893115287314782
8.67401 0.5893567040115648
8.67522 0.5894018792916517
8.67643 0.5894470545717384
8.67763 0.589492229851825
8.67884 0.5895825804119985
8.68005 0.5896729309721721
8.68125 0.5897632815323455
8.68246 0.589853632092519
8.68367 0.5899891579327792
8.68487 0.5900795084929528
8.68608 0.5901698590531261
8.68729 0.5903053848933864
8.68849 0.5904409107336466
8.6897 0.5905764365739068
8.69091 0.5906667871340803
8.69211 0.5908023129743405
8.69332 0.5908926635345139
8.69453 0.5909830140946873
8.69574 0.5910733646548609
8.69694 0.5911637152150343
8.69815 0.5912540657752078
8.69936 0.5913444163353813
8.70056 0.5914347668955547
8.70177 0.5915251174557282
8.70298 0.5916154680159017
8.70418 0.5917058185760752
8.70539 0.5918413444163353
8.7066 0.5919316949765089
8.7078 0.5921123960968557
8.70901 0.592247921937116
8.71022 0.592428623057463
8.71142 0.5926544994578966
8.71263 0.5928352005782437
8.71384 0.5930159016985905
8.71504 0.5931966028189375
8.71625 0.5934224792193712
8.71746 0.5936483556198049
8.71866 0.5938742320202385
8.71987 0.5940549331405854
8.72108 0.5942808095410191
8.72229 0.5944615106613661
8.72349 0.5946422117817131
8.7247 0.59482291290206
8.72591 0.5950036140224069
8.72711 0.5951843151427539
8.72832 0.5953650162631008
8.72953 0.5955457173834477
8.73073 0.5957264185037947
8.73194 0.5959071196241417
8.73315 0.5960878207444886
8.73435 0.5963136971449223
8.73556 0.5964943982652692
8.73677 0.596720274665703
8.73797 0.5969009757860498
8.73918 0.5971268521864835
8.74039 0.5973527285869171
8.74159 0.5975786049873509
8.7428 0.5978044813877846
8.74401 0.5980755330683051
8.74522 0.5983014094687387
8.74642 0.5985272858691724
8.74763 0.5987531622696061
8.74884 0.5990242139501265
8.75004 0.5992500903505601
8.75125 0.5995211420310805
8.75246 0.5997470184315142
8.75366 0.6000180701120347
8.75487 0.6002891217925551
8.75608 0.6005149981929888
8.75728 0.6007860498735093
8.75849 0.6010571015540297
8.7597 0.6013281532345501
8.7609 0.6015540296349837
8.76211 0.6018250813155042
8.76332 0.6020961329960246
8.76452 0.6023220093964583
8.76573 0.6025930610769787
8.76694 0.6028641127574992
8.76814 0.6030899891579328
8.76935 0.6033610408384532
8.77056 0.6035869172388869
8.77177 0.6038579689194074
8.77297 0.6041290205999277
8.77418 0.6044000722804481
8.77539 0.6047162992410553
8.77659 0.6049873509215757
8.7778 0.6053035778821828
8.77901 0.6056649801228767
8.78021 0.6059812070834839
8.78142 0.6063426093241778
8.78263 0.6067491868449585
8.78383 0.6071105890856524
8.78504 0.6075623418865197
8.78625 0.6079689194073004
8.78745 0.608375496928081
8.78866 0.6088272497289483
8.78987 0.6093241778099024
8.79107 0.6097759306107697
8.79228 0.6102728586917239
8.79349 0.6107697867726779
8.79469 0.6112667148536322
8.7959 0.6117636429345863
8.79711 0.6122605710155403
8.79832 0.6127574990964945
8.79952 0.6132996024575352
8.80073 0.6138417058185761
8.80194 0.6143386338995301
8.80314 0.614880737260571
8.80435 0.6154228406216118
8.80556 0.6160101192627395
8.80676 0.6165522226237802
8.80797 0.6171395012649079
8.80918 0.6176816046259487
8.81038 0.6183140585471629
8.81159 0.6189013371882907
8.8128 0.6195337911095049
8.814 0.6201210697506324
8.81521 0.6207986989519334
8.81642 0.6214311528731478
8.81762 0.6220636067943621
8.81883 0.6227412359956632
8.82004 0.6234188651969643
8.82124 0.6240513191181786
8.82245 0.6247289483194796
8.82366 0.6254517528008673
8.82487 0.6261745572822552
8.82607 0.6269425370437296
8.82728 0.6277105168052042
8.82849 0.6284784965666786
8.82969 0.62929165160824
8.8309 0.630149981929888
8.83211 0.6310534875316227
8.83331 0.6320473436935309
8.83452 0.6330863751355258
8.83573 0.6341254065775207
8.83693 0.6352547885796892
8.83814 0.6364293458619443
8.83935 0.6376039031441995
8.84055 0.6387332851463678
8.84176 0.6399530177087098
8.84297 0.6412179255511384
8.84417 0.6425280086736538
8.84538 0.6437929165160824
8.84659 0.6450126490784243
8.84779 0.6461420310805926
8.849 0.6472262378026744
8.85021 0.6482200939645826
8.85142 0.6492139501264907
8.85262 0.6501626310083122
8.85383 0.6510209613299602
8.85504 0.6518341163715216
8.85624 0.6525569208529093
8.85745 0.6531893747741235
8.85866 0.6537766534152512
8.85986 0.6542735814962052
8.86107 0.6547705095771594
8.86228 0.6552674376581136
8.86348 0.6557643657390676
8.86469 0.656216118539935
8.8659 0.6566678713408023
8.8671 0.657074448861583
8.86831 0.6575262016624503
8.86952 0.6579779544633176
8.87072 0.6584748825442718
8.87193 0.6590169859053127
8.87314 0.6595590892663534
8.87434 0.660146367907481
8.87555 0.6607336465486086
8.87676 0.6613661004698229
8.87797 0.6619985543910373
8.87917 0.6626310083122515
8.88038 0.6633086375135525
8.88159 0.6639862667148536
8.88279 0.6647090711962413
8.884 0.6654318756776292
8.88521 0.6661095048789303
8.88641 0.6667871340802314
8.88762 0.6674647632815323
8.88883 0.6681875677629202
8.89003 0.6688651969642212
8.89124 0.6695428261655223
8.89245 0.6701752800867365
8.89365 0.6708077340079509
8.89486 0.6714401879291653
8.89607 0.6720274665702928
8.89727 0.6726147452114203
8.89848 0.6732020238525479
8.89969 0.6737893024936755
8.90089 0.6743314058547164
8.9021 0.6748735092157571
8.90331 0.6753704372967112
8.90452 0.6758673653776653
8.90572 0.6763642934586194
8.90693 0.6768612215395735
8.90814 0.6773581496205276
8.90934 0.677809902421395
8.91055 0.6783068305023492
8.91176 0.6787585833032165
8.91296 0.6792103361040839
8.91417 0.6796620889049512
8.91538 0.6801138417058186
8.91658 0.6805204192265992
8.91779 0.6809269967473799
8.919 0.6813335742681605
8.9202 0.681740151788941
8.92141 0.682101554029635
8.92262 0.6824629562703289
8.92382 0.682779183230936
8.92503 0.6830954101915432
8.92624 0.6833664618720635
8.92744 0.6835923382724973
8.92865 0.6838633899530177
8.92986 0.6840440910733646
8.93107 0.6842699674737983
8.93227 0.6844506685941453
8.93348 0.6845861944344055
8.93469 0.6847217202746657
8.93589 0.6848120708348392
8.9371 0.6849475966750994
8.93831 0.6850379472352729
8.93951 0.6851282977954463
8.94072 0.6852638236357065
8.94193 0.6853541741958801
8.94313 0.6854445247560536
8.94434 0.6855348753162269
8.94555 0.6856252258764004
8.94675 0.6857607517166606
8.94796 0.6858511022768342
8.94917 0.6859866281170944
8.95037 0.6861221539573544
8.95158 0.6862576797976147
8.95279 0.6863932056378749
8.954 0.6864835561980485
8.9552 0.6866190820383086
8.95641 0.6867546078785688
8.95762 0.686890133718829
8.95882 0.6870256595590892
8.96003 0.6871611853993495
8.96124 0.6872515359595229
8.96244 0.6873870617997832
8.96365 0.6874774123599566
8.96486 0.6876129382002168
8.96606 0.6877032887603903
8.96727 0.6877936393205638
8.96848 0.6878839898807372
8.96968 0.6879743404409108
8.97089 0.6880646910010842
8.9721 0.6881550415612576
8.9733 0.6882453921214312
8.97451 0.6883809179616913
8.97572 0.6884712685218649
8.97692 0.6885616190820383
8.97813 0.6886971449222985
8.97934 0.6888326707625587
8.98055 0.6889681966028189
8.98175 0.6891488977231658
8.98296 0.6893295988435129
8.98417 0.6894651246837731
8.98537 0.6896910010842067
8.98658 0.6898717022045537
8.98779 0.6900975786049873
8.98899 0.690323455005421
8.9902 0.6905493314058547
8.99141 0.6907752078062883
8.99261 0.6910010842067221
8.99382 0.6912269606071558
8.99503 0.6914528370075894
8.99623 0.6916787134080231
8.99744 0.6919045898084568
8.99865 0.6921304662088905
8.99985 0.6923111673292375
9.00106 0.6925370437296711
9.00227 0.6927177448500181
9.00347 0.692898445970365
9.00468 0.6930339718106252
9.00589 0.6932146729309722
9.0071 0.6933501987712324
9.0083 0.6935308998915792
9.00951 0.6937116010119263
9.01072 0.6938923021322732
9.01192 0.694118178532707
9.01313 0.6942988796530538
9.01434 0.6945247560534875
9.01554 0.6947506324539212
9.01675 0.6950216841344415
9.01796 0.6953379110950488
9.01916 0.6956541380556559
9.02037 0.6960155402963499
9.02158 0.6963769425370437
9.02278 0.6967835200578243
9.02399 0.697190097578605
9.0252 0.6975966750993856
9.0264 0.6980484279002529
9.02761 0.6985001807011204
9.02882 0.6989519335019877
9.03002 0.6994036863028551
9.03123 0.6998554391037225
9.03244 0.7003071919045898
9.03365 0.7007589447054572
9.03485 0.7012106975063245
9.03606 0.7016172750271051
9.03727 0.7020690278279725
9.03847 0.7024756053487532
9.03968 0.7029273581496205
9.04089 0.7034242862305745
9.04209 0.703876039031442
9.0433 0.704372967112396
9.04451 0.7048698951933502
9.04571 0.7053668232743043
9.04692 0.7058637513552584
9.04813 0.706451029996386
9.04933 0.7069931333574269
9.05054 0.7076255872786411
9.05175 0.7082580411998555
9.05295 0.7088904951210697
9.05416 0.7095681243223707
9.05537 0.7102457535236718
9.05657 0.7109233827249729
9.05778 0.7116010119262739
9.05899 0.7123238164076616
9.0602 0.7130466208890496
9.0614 0.7137694253704373
9.06261 0.714492229851825
9.06382 0.7152150343332128
9.06502 0.7159378388146007
9.06623 0.7166606432959884
9.06744 0.717428623057463
9.06864 0.7181514275388508
9.06985 0.7188742320202385
9.07106 0.7195970365016262
9.07226 0.7203198409830142
9.07347 0.7209974701843151
9.07468 0.7216750993856162
9.07588 0.7223527285869171
9.07709 0.7230303577882182
9.0783 0.7237079869895193
9.0795 0.7243856161908203
9.08071 0.7250180701120347
9.08192 0.725650524033249
9.08312 0.7262829779544633
9.08433 0.7269154318756776
9.08554 0.7275478857968919
9.08675 0.7281803397181063
9.08795 0.7288127936393206
9.08916 0.7294904228406217
9.09037 0.7301680520419226
9.09157 0.7308456812432237
9.09278 0.7315233104445247
9.09399 0.7322461149259126
9.09519 0.7329689194073004
9.0964 0.7336917238886881
9.09761 0.7344597036501627
9.09881 0.7352276834116371
9.10002 0.7359956631731117
9.10123 0.7368088182146729
9.10243 0.7375767979761474
9.10364 0.738344777737622
9.10485 0.7390675822190097
9.10605 0.7397903867003975
9.10726 0.7405131911817854
9.10847 0.7411908203830864
9.10967 0.7419136248644741
9.11088 0.7425912540657752
9.11209 0.7432237079869896
9.1133 0.7438561619082038
9.1145 0.7444434405493313
9.11571 0.745030719190459
9.11692 0.7455728225514998
9.11812 0.7461601011926274
9.11933 0.7467022045536682
9.12054 0.7472894831947958
9.12174 0.7478315865558366
9.12295 0.7484188651969643
9.12416 0.748960968558005
9.12536 0.7495482471991327
9.12657 0.7500903505601735
9.12778 0.7506776292013011
9.12898 0.7512649078424286
9.13019 0.751897361763643
9.1314 0.7524846404047705
9.1326 0.7531170943259848
9.13381 0.7537495482471991
9.13502 0.7543368268883267
9.13622 0.754969280809541
9.13743 0.7556017347307553
9.13864 0.7562341886519696
9.13985 0.7568666425731839
9.14105 0.7574990964943983
9.14226 0.7581315504156125
9.14347 0.7587640043368269
9.14467 0.7593512829779544
9.14588 0.7599837368991688
9.14709 0.7605710155402964
9.14829 0.7611582941814239
9.1495 0.7617455728225515
9.15071 0.7623328514636791
9.15191 0.7629201301048066
9.15312 0.7634622334658475
9.15433 0.7640043368268883
9.15553 0.7645464401879292
9.15674 0.7650433682688833
9.15795 0.7655402963498373
9.15915 0.7660372244307915
9.16036 0.7665341525117455
9.16157 0.7669859053126129
9.16278 0.7674376581134803
9.16398 0.767844235634261
9.16519 0.7682959884351283
9.1664 0.7687025659559089
9.1676 0.7691091434766896
9.16881 0.769560896277557
9.17002 0.7700126490784243
9.17122 0.7704192265992049
9.17243 0.7708709794000722
9.17364 0.7712775569208529
9.17484 0.7717293097217203
9.17605 0.7721810625225877
9.17726 0.772632815323455
9.17846 0.7730845681243224
9.17967 0.7735814962052765
9.18088 0.7740332490061438
9.18208 0.7745301770870979
9.18329 0.7749819298879653
9.1845 0.7754788579689195
9.1857 0.7758854354897001
9.18691 0.7763371882905674
9.18812 0.7767437658113481
9.18933 0.7771503433321286
9.19053 0.7775569208529093
9.19174 0.7779634983736899
9.19295 0.7783249006143838
9.19415 0.7786863028550777
9.19536 0.7790025298156849
9.19657 0.779318756776292
9.19777 0.7795898084568125
9.19898 0.7799060354174195
9.20019 0.7802222623780267
9.20139 0.7805384893386339
9.2026 0.7808547162992411
9.20381 0.7811257679797615
9.20501 0.7814419949403686
9.20622 0.7817582219009758
9.20743 0.7821196241416697
9.20863 0.7824358511022768
9.20984 0.7828424286230574
9.21105 0.7832038308637513
9.21225 0.783610408384532
9.21346 0.7840169859053127
9.21467 0.78446873870618
9.21588 0.7849204915070472
9.21708 0.7853270690278279
9.21829 0.7857788218286954
9.2195 0.7862757499096494
9.2207 0.7867275027105168
9.22191 0.7872244307914709
9.22312 0.7876761835923383
9.22432 0.7881731116732923
9.22553 0.7886248644741598
9.22674 0.7890314419949405
9.22794 0.7894831947958078
9.22915 0.7898897723165884
9.23036 0.7902963498373691
9.23156 0.7907029273581496
9.23277 0.7910643295988434
9.23398 0.7914257318395375
9.23518 0.7917871340802314
9.23639 0.7921485363209252
9.2376 0.7924647632815323
9.2388 0.7927809902421395
9.24001 0.7930972172027466
9.24122 0.7934134441633538
9.24243 0.7937748464040477
9.24363 0.7940910733646548
9.24484 0.7944524756053487
9.24605 0.7948138778460427
9.24725 0.7951752800867365
9.24846 0.7955366823274305
9.24967 0.7958980845681244
9.25087 0.7962594868088182
9.25208 0.7966660643295989
9.25329 0.7970726418503795
9.25449 0.7974792193711601
9.2557 0.7978857968919407
9.25691 0.7982471991326346
9.25811 0.7986537766534153
9.25932 0.7990151788941091
9.26053 0.799376581134803
9.26173 0.7997379833754968
9.26294 0.8000542103361041
9.26415 0.8004156125767979
9.26535 0.8007318395374051
9.26656 0.8010480664980123
9.26777 0.8013642934586194
9.26898 0.8016353451391398
9.27018 0.8019063968196602
9.27139 0.8021774485001807
9.2726 0.8024485001807011
9.2738 0.8027195518612215
9.27501 0.8030357788218287
9.27622 0.8033520057824358
9.27742 0.803668232743043
9.27863 0.8039844597036501
9.27984 0.8043458619443441
9.28104 0.804707264185038
9.28225 0.8050686664257318
9.28346 0.8054752439465124
9.28466 0.8059269967473799
9.28587 0.8064239248283339
9.28708 0.8069208529092881
9.28828 0.8074177809902421
9.28949 0.807959884351283
9.2907 0.8084568124322371
9.2919 0.8089989157932779
9.29311 0.8095410191543188
9.29432 0.8100831225153596
9.29553 0.8106704011564871
9.29673 0.8112576797976147
9.29794 0.8117997831586555
9.29915 0.8123418865196964
9.30035 0.8128839898807372
9.30156 0.8134260932417781
9.30277 0.8139681966028189
9.30397 0.8144651246837731
9.30518 0.8149620527647271
9.30639 0.815504156125768
9.30759 0.8160010842067221
9.3088 0.8164980122876763
9.31001 0.8169497650885436
9.31121 0.8174466931694977
9.31242 0.8179436212504517
9.31363 0.818395374051319
9.31483 0.8188923021322732
9.31604 0.8193440549331406
9.31725 0.8198409830140947
9.31845 0.8203379110950488
9.31966 0.8207896638959161
9.32087 0.8212865919768702
9.32208 0.8217835200578243
9.32328 0.8222352728586917
9.32449 0.8227322009396458
9.3257 0.8232291290206
9.3269 0.8236808818214673
9.32811 0.8241778099024214
9.32932 0.8246747379833754
9.33052 0.8251716660643296
9.33173 0.8256685941452836
9.33294 0.8261655222262377
9.33414 0.8266172750271051
9.33535 0.8271142031080593
9.33656 0.8276111311890134
9.33776 0.8281080592699674
9.33897 0.8286049873509216
9.34018 0.8291019154318756
9.34138 0.8296440187929165
9.34259 0.8301409468738706
9.3438 0.8306378749548248
9.345 0.8311799783158655
9.34621 0.8316769063968197
9.34742 0.8322190097578605
9.34863 0.8327611131189013
9.34983 0.8332580411998555
9.35104 0.833845319840983
9.35225 0.8343874232020239
9.35345 0.8349295265630647
9.35466 0.8355168052041922
9.35587 0.8361040838453198
9.35707 0.8366461872063606
9.35828 0.8372334658474883
9.35949 0.8377755692085291
9.36069 0.8383628478496566
9.3619 0.8389501264907842
9.36311 0.8395374051319119
9.36431 0.8401246837730394
9.36552 0.8406667871340803
9.36673 0.8412540657752078
9.36793 0.8417961691362487
9.36914 0.8423382724972894
9.37035 0.8428352005782437
9.37155 0.8433773039392845
9.37276 0.8439194073003252
9.37397 0.8444163353812794
9.37518 0.8449132634622335
9.37638 0.8454553668232744
9.37759 0.8459522949042284
9.3788 0.8464040477050958
9.38 0.8469009757860498
9.38121 0.847397903867004
9.38242 0.847894831947958
9.38362 0.8483917600289121
9.38483 0.8488886881098663
9.38604 0.8493856161908203
9.38724 0.8498825442717745
9.38845 0.8504246476328153
9.38966 0.8509215757137695
9.39086 0.8514636790748104
9.39207 0.8519606071557644
9.39328 0.8525027105168052
9.39448 0.853044813877846
9.39569 0.8535869172388869
9.3969 0.8541290205999277
9.39811 0.8547162992410553
9.39931 0.8552584026020961
9.40052 0.855800505963137
9.40173 0.8563877846042645
9.40293 0.8569298879653053
9.40414 0.8574719913263462
9.40535 0.858014094687387
9.40655 0.8586013733285147
9.40776 0.8591434766895554
9.40897 0.8596404047705095
9.41017 0.8601825081315504
9.41138 0.8606342609324178
9.41259 0.8611311890133719
9.41379 0.8616281170943261
9.415 0.8620798698951934
9.41621 0.8625316226960607
9.41741 0.8629382002168413
9.41862 0.8633899530177087
9.41983 0.8637965305384893
9.42103 0.8642031080592699
9.42224 0.8646096855800506
9.42345 0.8650162631008312
9.42466 0.8653776653415252
9.42586 0.8657842428623057
9.42707 0.8661908203830864
9.42828 0.866597397903867
9.42948 0.8670491507047343
9.43069 0.867455728225515
9.4319 0.8679074810263824
9.4331 0.8683140585471629
9.43431 0.8687658113480304
9.43552 0.8692175641488977
9.43672 0.869669316949765
9.43793 0.8701210697506324
9.43914 0.8705728225514998
9.44034 0.8710697506324538
9.44155 0.8715215034333214
9.44276 0.8719732562341886
9.44396 0.872425009035056
9.44517 0.8728767618359234
9.44638 0.8732833393567041
9.44758 0.8736899168774845
9.44879 0.874141669678352
9.45 0.8745482471991327
9.45121 0.8749096494398265
9.45241 0.8752710516805204
9.45362 0.8756324539212144
9.45483 0.8759486808818214
9.45603 0.8762649078424286
9.45724 0.8765811348030357
9.45845 0.8768521864835561
9.45965 0.8771232381640766
9.46086 0.8774394651246838
9.46207 0.8777105168052042
9.46327 0.8779815684857246
9.46448 0.8782074448861582
9.46569 0.8784784965666786
9.46689 0.8787495482471991
9.4681 0.8789754246476328
9.46931 0.8792464763281532
9.47051 0.8795175280086737
9.47172 0.8797434044091074
9.47293 0.8800144560896278
9.47413 0.8802855077701482
9.47534 0.8805565594506687
9.47655 0.8808276111311889
9.47776 0.8810534875316227
9.47896 0.8813245392121432
9.48017 0.8815955908926635
9.48138 0.8818214672930973
9.48258 0.8820925189736176
9.48379 0.8823183953740513
9.485 0.8825894470545717
9.4862 0.8828153234550055
9.48741 0.8830411998554392
9.48862 0.8832670762558728
9.48982 0.8834477773762198
9.49103 0.8836736537766534
9.49224 0.8838995301770871
9.49344 0.8840802312974341
9.49465 0.8842609324177809
9.49586 0.884441633538128
9.49706 0.8846223346584748
9.49827 0.8848030357788218
9.49948 0.8849837368991688
9.50068 0.885119262739429
9.50189 0.8852999638597759
9.5031 0.8854354897000362
9.50431 0.885616190820383
9.50551 0.8857968919407301
9.50672 0.8859775930610769
9.50793 0.8861582941814239
9.50913 0.8862938200216841
9.51034 0.8864745211420311
9.51155 0.886655222262378
9.51275 0.8868810986628117
9.51396 0.8870617997831587
9.51517 0.8872876761835924
9.51637 0.887513552584026
9.51758 0.8877394289844597
9.51879 0.8879653053848935
9.51999 0.8881911817853271
9.5212 0.8883718829056739
9.52241 0.888552584026021
9.52361 0.8887332851463678
9.52482 0.8889139862667148
9.52603 0.8890946873870619
9.52723 0.889230213227322
9.52844 0.8893657390675822
9.52965 0.8895012649078424
9.53086 0.8895916154680159
9.53206 0.8896367907481026
9.53327 0.8896819660281894
9.53448 0.889727141308276
9.53568 0.889727141308276
9.53689 0.8896819660281894
9.5381 0.8896819660281894
9.5393 0.8896367907481026
9.54051 0.8896367907481026
9.54172 0.8895916154680159
9.54292 0.8895464401879292
9.54413 0.8894560896277557
9.54534 0.889410914347669
9.54654 0.8893205637874955
9.54775 0.8892753885074087
9.54896 0.889230213227322
9.55016 0.8891398626671485
9.55137 0.8890946873870619
9.55258 0.889049512106975
9.55378 0.8890043368268883
9.55499 0.8889591615468017
9.5562 0.8889139862667148
9.55741 0.8888236357065414
9.55861 0.8887784604264546
9.55982 0.8887332851463678
9.56103 0.8886429345861944
9.56223 0.8885977593061077
9.56344 0.8885074087459341
9.56465 0.8884170581857608
9.56585 0.8883267076255873
9.56706 0.8882363570654137
9.56827 0.8881460065052403
9.56947 0.8880104806649801
9.57068 0.8879201301048066
9.57189 0.8877846042645464
9.57309 0.8876490784242862
9.5743 0.887513552584026
9.57551 0.8874232020238526
9.57671 0.8872876761835924
9.57792 0.8871069750632453
9.57913 0.8869714492229851
9.58033 0.886835923382725
9.58154 0.8867003975424648
9.58275 0.8866100469822913
9.58396 0.8865196964221178
9.58516 0.8864293458619443
9.58637 0.886338995301771
9.58758 0.8862486447415974
9.58878 0.8862034694615107
9.58999 0.8861582941814239
9.5912 0.8861131189013371
9.5924 0.8861131189013371
9.59361 0.8861131189013371
9.59482 0.8861582941814239
9.59602 0.8862486447415974
9.59723 0.886338995301771
9.59844 0.8864293458619443
9.59964 0.8865196964221178
9.60085 0.8866100469822913
9.60206 0.8867003975424648
9.60326 0.886835923382725
9.60447 0.8869714492229851
9.60568 0.8871069750632453
9.60689 0.8872876761835924
9.60809 0.8874232020238526
9.6093 0.887513552584026
9.61051 0.8876039031441995
9.61171 0.887694253704373
9.61292 0.8877846042645464
9.61413 0.8878297795446333
9.61533 0.8878749548247199
9.61654 0.8879201301048066
9.61775 0.8879201301048066
9.61895 0.8879653053848935
9.62016 0.8879653053848935
9.62137 0.8879653053848935
9.62257 0.8879201301048066
9.62378 0.8879201301048066
9.62499 0.8878749548247199
9.62619 0.8878749548247199
9.6274 0.8878749548247199
9.62861 0.8879201301048066
9.62981 0.8880104806649801
9.63102 0.8880556559450669
9.63223 0.8881460065052403
9.63344 0.8882815323455006
9.63464 0.8883718829056739
9.63585 0.888552584026021
9.63706 0.8886881098662812
9.63826 0.8889139862667148
9.63947 0.8890946873870619
9.64068 0.8893657390675822
9.64188 0.8896367907481026
9.64309 0.8899078424286231
9.6443 0.8901788941091435
9.6455 0.890449945789664
9.64671 0.8906758221900976
9.64792 0.890946873870618
9.64912 0.8912179255511384
9.65033 0.8914889772316588
9.65154 0.8917600289121792
9.65274 0.8920310805926996
9.65395 0.8922569569931333
9.65516 0.892482833393567
9.65636 0.8927087097940007
9.65757 0.8928894109143476
9.65878 0.8930701120346947
9.65999 0.8932959884351283
9.66119 0.8934315142753885
9.6624 0.8936122153957355
9.66361 0.8937929165160824
9.66481 0.8939736176364294
9.66602 0.8941091434766896
9.66723 0.8942446693169497
9.66843 0.8943801951572099
9.66964 0.894560896277557
9.67085 0.8946964221178172
9.67205 0.8948319479580774
9.67326 0.8950126490784243
9.67447 0.8951481749186845
9.67567 0.8953288760390314
9.67688 0.8955095771593783
9.67809 0.8956902782797254
9.67929 0.8958709794000722
9.6805 0.896096855800506
9.68171 0.8962775569208529
9.68291 0.8965034333212866
9.68412 0.8967293097217203
9.68533 0.8970003614022406
9.68654 0.8972262378026744
9.68774 0.8974972894831948
9.68895 0.8977683411637152
9.69016 0.8980393928442356
9.69136 0.8983104445247561
9.69257 0.8985814962052765
9.69378 0.8988525478857969
9.69498 0.899168774846404
9.69619 0.8994398265269244
9.6974 0.8997108782074449
9.6986 0.900027105168052
9.69981 0.9002981568485724
9.70102 0.9005692085290928
9.70222 0.9008402602096133
9.70343 0.9011113118901337
9.70464 0.9013371882905674
9.70584 0.9016082399710879
9.70705 0.9018341163715216
9.70826 0.902105168052042
9.70946 0.9023310444524756
9.71067 0.902602096132996
9.71188 0.9028279725334297
9.71309 0.9030990242139502
9.71429 0.9033249006143838
9.7155 0.9035507770148175
9.71671 0.9038218286953379
9.71791 0.9040477050957716
9.71912 0.904318756776292
9.72033 0.9045446331767256
9.72153 0.9047705095771594
9.72274 0.9050415612576798
9.72395 0.9052674376581136
9.72515 0.9055384893386339
9.72636 0.9057643657390676
9.72757 0.9059902421395013
9.72877 0.9062612938200217
9.72998 0.9064871702204553
9.73119 0.906713046620889
9.73239 0.9069389230213227
9.7336 0.9072099747018432
9.73481 0.9074358511022768
9.73601 0.9076617275027105
9.73722 0.9078876039031443
9.73843 0.9081134803035779
9.73964 0.9083845319840983
9.74084 0.908610408384532
9.74205 0.9088362847849657
9.74326 0.9090621611853993
9.74446 0.909288037585833
9.74567 0.9095590892663534
9.74688 0.9097849656667872
9.74808 0.9100108420672208
9.74929 0.9102818937477413
9.7505 0.910507770148175
9.7517 0.9107788218286954
9.75291 0.911004698229129
9.75412 0.9112757499096494
9.75532 0.9115468015901698
9.75653 0.9118178532706902
9.75774 0.9120889049512106
9.75894 0.9123599566317311
9.76015 0.9126310083122515
9.76136 0.912902059992772
9.76256 0.9131731116732923
9.76377 0.9134441633538127
9.76498 0.91376039031442
9.76619 0.9140314419949405
9.76739 0.9143476689555475
9.7686 0.914618720636068
9.76981 0.914934947596675
9.77101 0.9152059992771955
9.77222 0.9155222262378027
9.77343 0.9157932779183231
9.77463 0.9161095048789303
9.77584 0.9163805565594507
9.77705 0.9166967835200578
9.77825 0.9169678352005782
9.77946 0.9172840621611854
9.78067 0.9175551138417058
9.78187 0.9178713408023129
9.78308 0.9181875677629201
9.78429 0.9185037947235273
9.78549 0.9187748464040477
9.7867 0.9190910733646548
9.78791 0.9194073003252621
9.78911 0.9197235272858691
9.79032 0.9200849295265631
9.79153 0.9204011564871702
9.79274 0.9208077340079509
9.79394 0.9211691362486448
9.79515 0.9215757137694253
9.79636 0.9219822912902059
9.79756 0.9223888688109866
9.79877 0.922840621611854
9.79998 0.9232471991326346
9.80118 0.9237441272135887
9.80239 0.9241958800144562
9.8036 0.9247379833754968
9.8048 0.925234911456451
9.80601 0.9257770148174919
9.80722 0.9263191181785327
9.80842 0.9268612215395735
9.80963 0.9274033249006144
9.81084 0.9279906035417419
9.81204 0.9285327069027828
9.81325 0.9291199855439103
9.81446 0.929707264185038
9.81567 0.9302945428261655
9.81687 0.9309269967473799
9.81808 0.9315142753885074
9.81929 0.932101554029635
9.82049 0.9326888326707625
9.8217 0.9332761113118901
9.82291 0.9338633899530177
9.82411 0.9344506685941453
9.82532 0.9350379472352729
9.82653 0.9356252258764004
9.82773 0.936212504517528
9.82894 0.9367546078785688
9.83015 0.9372967112396097
9.83135 0.9378388146006505
9.83256 0.9383357426816047
9.83377 0.9388326707625587
9.83497 0.9393747741235996
9.83618 0.9398265269244669
9.83739 0.940323455005421
9.83859 0.9408203830863752
9.8398 0.9412721358872425
9.84101 0.9417238886881099
9.84222 0.9421756414889773
9.84342 0.9425822190097579
9.84463 0.9430339718106252
9.84584 0.9434405493314059
9.84704 0.9438923021322732
9.84825 0.9443440549331406
9.84946 0.944795807734008
9.85066 0.9452475605348754
9.85187 0.9456993133357426
9.85308 0.9461510661366099
9.85428 0.9466028189374774
9.85549 0.9470997470184315
9.8567 0.9475514998192989
9.8579 0.9480032526201663
9.85911 0.9485001807011204
9.86032 0.9489971087820744
9.86152 0.9494488615829418
9.86273 0.9499457896638959
9.86394 0.95044271774485
9.86514 0.9508944705457174
9.86635 0.9513913986266715
9.86756 0.9518431514275388
9.86877 0.9522949042284061
9.86997 0.9527918323093603
9.87118 0.9532435851102277
9.87239 0.953695337911095
9.87359 0.9541470907119625
9.8748 0.954553668232743
9.87601 0.9550054210336104
9.87721 0.9554571738344777
9.87842 0.9558637513552584
9.87963 0.9563155041561258
9.88083 0.9567220816769064
9.88204 0.9571286591976871
9.88325 0.9575352367184677
9.88445 0.9579418142392482
9.88566 0.9583935670401157
9.88687 0.9588001445608964
9.88807 0.9592067220816769
9.88928 0.9596132996024576
9.89049 0.9600198771232382
9.89169 0.9604264546440189
9.8929 0.9608330321647993
9.89411 0.96123960968558
9.89532 0.9616461872063606
9.89652 0.9620527647271413
9.89773 0.9624593422479218
9.89894 0.9628659197687025
9.90014 0.9632724972894832
9.90135 0.9636790748102638
9.90256 0.9640856523310444
9.90376 0.964492229851825
9.90497 0.964853632092519
9.90618 0.9652602096132996
9.90738 0.9656216118539934
9.90859 0.9659830140946873
9.9098 0.9663444163353813
9.911 0.9667058185760752
9.91221 0.9670220455366824
9.91342 0.9673834477773762
9.91462 0.9676996747379835
9.91583 0.9680159016985905
9.91704 0.9683321286591977
9.91824 0.9686483556198049
9.91945 0.9689194073003252
9.92066 0.9692356342609324
9.92187 0.9695066859414528
9.92307 0.96982291290206
9.92428 0.9700939645825803
9.92549 0.9704101915431875
9.92669 0.970681243223708
9.9279 0.9709522949042284
9.92911 0.9712685218648356
9.93031 0.971539573545356
9.93152 0.9718106252258765
9.93273 0.9720816769063969
9.93393 0.9723527285869171
9.93514 0.9726237802674376
9.93635 0.972894831947958
9.93755 0.9731658836284784
9.93876 0.9734369353089989
9.93997 0.9736628117094326
9.94117 0.973933863389953
9.94238 0.9741597397903867
9.94359 0.9743856161908203
9.94479 0.974611492591254
9.946 0.974792193711601
9.94721 0.974972894831948
9.94842 0.9751535959522949
9.94962 0.9753342970726419
9.95083 0.9755149981929888
9.95204 0.9756956993133358
9.95324 0.975831225153596
9.95445 0.9759667509938562
9.95566 0.9761022768341164
9.95686 0.9762378026743765
9.95807 0.9763733285146368
9.95928 0.9764636790748104
9.96048 0.9765992049150706
9.96169 0.9766895554752439
9.9629 0.9768250813155042
9.9641 0.9769154318756776
9.96531 0.977005782435851
9.96652 0.9771413082761112
9.96772 0.9771864835561981
9.96893 0.9772768341163715
9.97014 0.9773671846765449
9.97134 0.9774123599566317
9.97255 0.9774575352367185
9.97376 0.9774575352367185
9.97497 0.9775027105168052
9.97617 0.9775027105168052
9.97738 0.9775027105168052
9.97859 0.9774575352367185
9.97979 0.9774123599566317
9.981 0.9773671846765449
9.98221 0.9772768341163715
9.98341 0.9771413082761112
9.98462 0.977005782435851
9.98583 0.9768702565955908
9.98703 0.9766895554752439
9.98824 0.976508854354897
9.98945 0.9762829779544633
9.99065 0.9761022768341164
9.99186 0.975831225153596
9.99307 0.9756053487531623
9.99427 0.9752891217925551
9.99548 0.9750180701120347
9.99669 0.9747018431514276
9.99789 0.9744307914709072
9.9991 0.9741145645102999
10.00031 0.9738435128297795
10.00152 0.9735272858691724
10.00272 0.9732110589085653
10.00393 0.972894831947958
10.00514 0.9725786049873509
10.00634 0.9722623780267438
10.00755 0.9719461510661367
10.00876 0.9716750993856162
10.00996 0.971358872425009
10.01117 0.9710878207444886
10.01238 0.9708167690639682
10.01358 0.9705457173834477
10.01479 0.9702294904228406
10.016 0.9699584387423202
10.0172 0.9696873870617998
10.01841 0.9693711601011926
10.01962 0.9690549331405854
10.02082 0.9687387061799783
10.02203 0.9684224792193712
10.02324 0.968106252258764
10.02445 0.9677900252981568
10.02565 0.967428623057463
10.02686 0.9671123960968557
10.02807 0.9667509938561619
10.02927 0.9663444163353813
10.03048 0.9659830140946873
10.03169 0.9655764365739068
10.03289 0.9651698590531261
10.0341 0.9647181062522587
10.03531 0.9643115287314782
10.03651 0.9638597759306108
10.03772 0.9634531984098301
10.03893 0.9630466208890496
10.04013 0.9625948680881821
10.04134 0.9621882905674015
10.04255 0.9617817130466209
10.04375 0.9613751355258402
10.04496 0.9609233827249729
10.04617 0.9605168052041922
10.04737 0.9601102276834116
10.04858 0.9597036501626309
10.04979 0.9592970726418504
10.051 0.9588904951210697
10.0522 0.9584839176002891
10.05341 0.9580773400795084
10.05462 0.9577159378388146
10.05582 0.9573093603180339
10.05703 0.9569027827972534
10.05824 0.9564962052764727
10.05944 0.9561348030357788
10.06065 0.9557282255149981
10.06186 0.9553216479942175
10.06306 0.9549150704734369
10.06427 0.954553668232743
10.06548 0.9541470907119625
10.06668 0.9537856884712685
10.06789 0.9533791109504879
10.0691 0.9530177087097941
10.0703 0.9526563064691002
10.07151 0.9522949042284061
10.07272 0.9519335019877123
10.07392 0.9515720997470184
10.07513 0.9512558727864113
10.07634 0.950939645825804
10.07755 0.950623418865197
10.07875 0.9503071919045898
10.07996 0.9500361402240693
10.08117 0.949765088543549
10.08237 0.9494940368630286
10.08358 0.9492229851825081
10.08479 0.9489971087820744
10.08599 0.9487712323816408
10.0872 0.948545355981207
10.08841 0.9483646548608602
10.08961 0.9481839537405131
10.09082 0.9480484279002529
10.09203 0.9479129020599927
10.09323 0.9477773762197325
10.09444 0.9476418503794724
10.09565 0.9475514998192989
10.09685 0.9475063245392121
10.09806 0.9474159739790387
10.09927 0.9473707986989519
10.10047 0.9473707986989519
10.10168 0.9473707986989519
10.10289 0.9473707986989519
10.1041 0.9473707986989519
10.1053 0.9474159739790387
10.10651 0.9474611492591254
10.10772 0.9475063245392121
10.10892 0.9475966750993856
10.11013 0.9476870256595591
10.11134 0.9477773762197325
10.11254 0.947867726779906
10.11375 0.9480032526201663
10.11496 0.9481387784604265
10.11616 0.9482743043006867
10.11737 0.9484098301409468
10.11858 0.9485905312612938
10.11978 0.948726057101554
10.12099 0.948906758221901
10.1222 0.9490874593422479
10.1234 0.9492681604625949
10.12461 0.9494488615829418
10.12582 0.9496747379833754
10.12702 0.9499006143838092
10.12823 0.9501264907842429
10.12944 0.9503523671846765
10.13065 0.9505782435851102
10.13185 0.9508492952656307
10.13306 0.9511203469461511
10.13427 0.9513913986266715
10.13547 0.9516624503071919
10.13668 0.9519786772677991
10.13789 0.952340079508493
10.13909 0.9527014817491868
10.1403 0.9530628839898807
10.14151 0.9534242862305745
10.14271 0.9538308637513552
10.14392 0.9542374412721358
10.14513 0.9546440187929165
10.14633 0.955050596313697
10.14754 0.9555023491145646
10.14875 0.9559089266353452
10.14995 0.9564058547162992
10.15116 0.9568576075171666
10.15237 0.9573093603180339
10.15357 0.957806288398988
10.15478 0.9582580411998555
10.15599 0.9587097940007228
10.1572 0.9591163715215034
10.1584 0.9595229490422841
10.15961 0.9599747018431514
10.16082 0.960381279363932
10.16202 0.9607878568847127
10.16323 0.9611492591254066
10.16444 0.9615558366461873
10.16564 0.9619172388868811
10.16685 0.962278641127575
10.16806 0.9625948680881821
10.16926 0.9629110950487894
10.17047 0.9632273220093964
10.17168 0.9635435489700036
10.17288 0.963814600650524
10.17409 0.9640856523310444
10.1753 0.9643567040115648
10.1765 0.9646729309721721
10.17771 0.9649439826526925
10.17892 0.9652150343332128
10.18012 0.9654860860137332
10.18133 0.9657571376942536
10.18254 0.9660281893747741
10.18375 0.9662992410552945
10.18495 0.966570292735815
10.18616 0.9668413444163353
10.18737 0.9671123960968557
10.18857 0.9673834477773762
10.18978 0.9676544994578966
10.19099 0.967925551138417
10.19219 0.9681966028189375
10.1934 0.9684676544994578
10.19461 0.9687387061799783
10.19581 0.9690097578604987
10.19702 0.9692356342609324
10.19823 0.9694615106613661
10.19943 0.9697325623418864
10.20064 0.9699584387423202
10.20185 0.9701843151427539
10.20305 0.9704101915431875
10.20426 0.9706360679436212
10.20547 0.9708619443440549
10.20667 0.9710426454644019
10.20788 0.9712233465847487
10.20909 0.9714492229851825
10.2103 0.9715847488254428
10.2115 0.9717654499457896
10.21271 0.9719461510661367
10.21392 0.9721268521864835
10.21512 0.9722623780267438
10.21633 0.972397903867004
10.21754 0.9725334297072642
10.21874 0.9726689555475244
10.21995 0.9728044813877846
10.22116 0.9729400072280449
10.22236 0.9730303577882182
10.22357 0.9731658836284784
10.22478 0.9732562341886519
10.22598 0.9733465847488255
10.22719 0.9734369353089989
10.2284 0.9735272858691724
10.2296 0.9735724611492591
10.23081 0.9736628117094326
10.23202 0.9737079869895193
10.23323 0.9737531622696061
10.23443 0.9737983375496928
10.23564 0.9738435128297795
10.23685 0.9738435128297795
10.23805 0.9738886881098663
10.23926 0.9738886881098663
10.24047 0.973933863389953
10.24167 0.973933863389953
10.24288 0.973933863389953
10.24409 0.9738886881098663
10.24529 0.9738886881098663
10.2465 0.9738435128297795
10.24771 0.9737531622696061
10.24891 0.9737079869895193
10.25012 0.9736176364293458
10.25133 0.9735272858691724
10.25253 0.9733917600289121
10.25374 0.9732562341886519
10.25495 0.9731207083483917
10.25615 0.9729400072280449
10.25736 0.9727141308276112
10.25857 0.9724430791470907
10.25978 0.9722172027466571
10.26098 0.9719009757860498
10.26219 0.9715847488254428
10.2634 0.9712685218648356
10.2646 0.9709071196241417
10.26581 0.970500542103361
10.26702 0.9701391398626671
10.26822 0.9696873870617998
10.26943 0.9692356342609324
10.27064 0.968783881460065
10.27184 0.968286953379111
10.27305 0.9677448500180701
10.27426 0.967247921937116
10.27546 0.9667058185760752
10.27667 0.9661637152150343
10.27788 0.9656216118539934
10.27908 0.9650343332128659
10.28029 0.964492229851825
10.2815 0.9639049512106975
10.2827 0.96331767256957
10.28391 0.9626852186483557
10.28512 0.962097940007228
10.28633 0.9614654860860137
10.28753 0.9608330321647993
10.28874 0.9601554029634984
10.28995 0.9595229490422841
10.29115 0.958845319840983
10.29236 0.958167690639682
10.29357 0.9574448861582942
10.29477 0.9567220816769064
10.29598 0.9559992771955186
10.29719 0.9552312974340441
10.29839 0.9544633176725695
10.2996 0.9536501626310083
10.30081 0.952837007589447
10.30201 0.9519786772677991
10.30322 0.9511203469461511
10.30443 0.9502168413444163
10.30563 0.9493133357426816
10.30684 0.9484098301409468
10.30805 0.9475063245392121
10.30925 0.9466028189374774
10.31046 0.9456541380556559
10.31167 0.9446602818937477
10.31288 0.9437116010119263
10.31408 0.9427177448500181
10.31529 0.9417238886881099
10.3165 0.9407300325262017
10.3177 0.9397813516443801
10.31891 0.9388326707625587
10.32012 0.9378839898807372
10.32132 0.9369353089989158
10.32253 0.9359866281170944
10.32374 0.9350379472352729
10.32494 0.9340892663534515
10.32615 0.9331857607517167
10.32736 0.9322822551499819
10.32856 0.9313335742681605
10.32977 0.9304752439465124
10.33098 0.9295717383447778
10.33218 0.9287134080231298
10.33339 0.927809902421395
10.3346 0.9269515720997471
10.3358 0.9260932417780989
10.33701 0.925234911456451
10.33822 0.924376581134803
10.33943 0.9235182508131551
10.34063 0.922659920491507
10.34184 0.9218015901698591
10.34305 0.9209432598482111
10.34425 0.9200849295265631
10.34546 0.919226599204915
10.34667 0.9183682688832671
10.34787 0.9175099385616191
10.34908 0.9166967835200578
10.35029 0.9158384531984098
10.35149 0.9149801228767618
10.3527 0.9141217925551138
10.35391 0.9133086375135525
10.35511 0.9124503071919046
10.35632 0.9116371521503434
10.35753 0.9107788218286954
10.35873 0.9099656667871341
10.35994 0.9091525117455729
10.36115 0.9083393567040116
10.36235 0.907571376942537
10.36356 0.9067582219009758
10.36477 0.9059902421395013
10.36598 0.90517708709794
10.36718 0.9044091073364654
10.36839 0.9036863028550777
10.3696 0.9029183230936031
10.3708 0.9021503433321286
10.37201 0.9014275388507409
10.37322 0.900704734369353
10.37442 0.900027105168052
10.37563 0.8993043006866642
10.37684 0.8986266714853632
10.37804 0.8979038670039754
10.37925 0.8972262378026744
10.38046 0.8965486086013733
10.38166 0.8958258041199856
10.38287 0.8951481749186845
10.38408 0.8945157209974701
10.38528 0.8938380917961691
10.38649 0.893160462594868
10.3877 0.892482833393567
10.3889 0.8918503794723528
10.39011 0.8911727502710517
10.39132 0.8905402963498373
10.39253 0.8898626671485362
10.39373 0.8891850379472352
10.39494 0.888552584026021
10.39615 0.8878749548247199
10.39735 0.8872425009035055
10.39856 0.8866100469822913
10.39977 0.8859775930610769
10.40097 0.8853451391398626
10.40218 0.8847578604987351
10.40339 0.8841254065775207
10.40459 0.8835381279363932
10.4058 0.8829508492952657
10.40701 0.8823635706541381
10.40821 0.8817762920130104
10.40942 0.8812341886519696
10.41063 0.8806920852909289
10.41183 0.8801951572099748
10.41304 0.8796530538489339
10.41425 0.8792013010480665
10.41545 0.8787043729671123
10.41666 0.8782526201662451
10.41787 0.8778008673653777
10.41908 0.877394289844597
10.42028 0.8769877123238163
10.42149 0.8766263100831225
10.4227 0.8763100831225155
10.4239 0.8759938561619082
10.42511 0.8756776292013011
10.42632 0.8754065775207807
10.42752 0.875180701120347
10.42873 0.8749548247199133
10.42994 0.874819298879653
10.43114 0.8746385977593061
10.43235 0.8745482471991327
10.43356 0.8745030719190459
10.43476 0.8744578966389591
10.43597 0.8744578966389591
10.43718 0.8745030719190459
10.43838 0.8745934224792193
10.43959 0.8746837730393928
10.4408 0.874819298879653
10.44201 0.875
10.44321 0.8752258764004337
10.44442 0.8754969280809541
10.44563 0.8758131550415612
10.44683 0.8761293820021684
10.44804 0.876535959522949
10.44925 0.8769425370437296
10.45045 0.877394289844597
10.45166 0.8778912179255511
10.45287 0.8783881460065053
10.45407 0.8789754246476328
10.45528 0.8795627032887604
10.45649 0.8802403324900614
10.45769 0.8809179616913625
10.4589 0.8816407661727502
10.46011 0.8824087459342248
10.46131 0.8831767256956994
10.46252 0.8839898807372605
10.46373 0.8848482110589085
10.46493 0.8857517166606432
10.46614 0.8867003975424648
10.46735 0.8876490784242862
10.46856 0.8886881098662812
10.46976 0.889727141308276
10.47097 0.890766172750271
10.47218 0.8918503794723528
10.47338 0.8929345861944344
10.47459 0.8939736176364294
10.4758 0.8951029996385979
10.477 0.8961872063606794
10.47821 0.8973617636429346
10.47942 0.898491145645103
10.48062 0.8996657029273581
10.48183 0.9007950849295265
10.48304 0.9019696422117818
10.48424 0.9030538489338633
10.48545 0.9041380556559451
10.48666 0.9052222623780267
10.48786 0.9063064691001084
10.48907 0.9073455005421034
10.49028 0.9083845319840983
10.49148 0.9094235634260932
10.49269 0.9104174195880014
10.4939 0.9113661004698229
10.49511 0.9123147813516443
10.49631 0.9132182869533791
10.49752 0.9141217925551138
10.49873 0.914934947596675
10.49993 0.9157932779183231
10.50114 0.9165612576797976
10.50235 0.917329237441272
10.50355 0.91805204192266
10.50476 0.9187748464040477
10.50597 0.9194524756053487
10.50717 0.9200849295265631
10.50838 0.9207173834477773
10.50959 0.921304662088905
10.51079 0.9218467654499457
10.512 0.9223436935308998
10.51321 0.922840621611854
10.51441 0.923337549692808
10.51562 0.9237893024936755
10.51683 0.9241958800144562
10.51803 0.92455728225515
10.51924 0.9249186844958439
10.52045 0.925234911456451
10.52166 0.9255511384170582
10.52286 0.9258221900975786
10.52407 0.9260480664980123
10.52528 0.9263191181785327
10.52648 0.9265449945789664
10.52769 0.9267256956993133
10.5289 0.9269063968196602
10.5301 0.9270870979400073
10.53131 0.9272226237802674
10.53252 0.9273581496205276
10.53372 0.9274485001807011
10.53493 0.9275388507408746
10.53614 0.9276292013010481
10.53734 0.9277195518612215
10.53855 0.927809902421395
10.53976 0.9278550777014817
10.54096 0.9279002529815685
10.54217 0.9279454282616553
10.54338 0.9279906035417419
10.54458 0.9280357788218287
10.54579 0.9280357788218287
10.547 0.9280357788218287
10.54821 0.9280357788218287
10.54941 0.9279906035417419
10.55062 0.9279906035417419
10.55183 0.9279454282616553
10.55303 0.9279002529815685
10.55424 0.9278550777014817
10.55545 0.927809902421395
10.55665 0.9277195518612215
10.55786 0.9276292013010481
10.55907 0.9275840260209613
10.56027 0.9274936754607879
10.56148 0.9274033249006144
10.56269 0.9273129743404409
10.56389 0.9272226237802674
10.5651 0.9270870979400073
10.56631 0.9269967473798337
10.56751 0.9268612215395735
10.56872 0.9267708709794
10.56993 0.9266805204192267
10.57113 0.9265449945789664
10.57234 0.926454644018793
10.57355 0.9263191181785327
10.57476 0.9262287676183592
10.57596 0.9260932417780989
10.57717 0.9259577159378388
10.57838 0.9258673653776653
10.57958 0.9257318395374051
10.58079 0.9255963136971449
10.582 0.9254607878568847
10.5832 0.9253252620166246
10.58441 0.9251897361763644
10.58562 0.9250542103361041
10.58682 0.9248735092157571
10.58803 0.9247379833754968
10.58924 0.9246024575352366
10.59044 0.9244217564148898
10.59165 0.9242862305746296
10.59286 0.9241507047343693
10.59406 0.9239700036140224
10.59527 0.9238344777737622
10.59648 0.923698951933502
10.59768 0.9235182508131551
10.59889 0.9233827249728949
10.6001 0.9232020238525479
10.60131 0.9230664980122877
10.60251 0.9229309721720275
10.60372 0.922840621611854
10.60493 0.9227050957715938
10.60613 0.9225695699313337
10.60734 0.9224792193711601
10.60855 0.9223888688109866
10.60975 0.9222533429707264
10.61096 0.922162992410553
10.61217 0.9220726418503795
10.61337 0.9219822912902059
10.61458 0.9219371160101193
10.61579 0.9218467654499457
10.61699 0.9218015901698591
10.6182 0.9217112396096855
10.61941 0.9216660643295989
10.62061 0.9216208890495121
10.62182 0.9215757137694253
10.62303 0.9215305384893386
10.62423 0.9214853632092519
10.62544 0.9214401879291653
10.62665 0.9213950126490784
10.62786 0.9213498373689917
10.62906 0.9213498373689917
10.63027 0.921304662088905
10.63148 0.921304662088905
10.63268 0.921304662088905
10.63389 0.9212594868088182
10.6351 0.921304662088905
10.6363 0.921304662088905
10.63751 0.921304662088905
10.63872 0.921304662088905
10.63992 0.9213498373689917
10.64113 0.9213950126490784
10.64234 0.9213950126490784
10.64354 0.9214401879291653
10.64475 0.9214853632092519
10.64596 0.9215305384893386
10.64716 0.9216208890495121
10.64837 0.9216660643295989
10.64958 0.9217564148897723
10.65078 0.9218467654499457
10.65199 0.9218919407300326
10.6532 0.9219822912902059
10.65441 0.9220726418503795
10.65561 0.9222081676906396
10.65682 0.9222985182508132
10.65803 0.9224340440910734
10.65923 0.9225243946512468
10.66044 0.922659920491507
10.66165 0.9227954463317672
10.66285 0.9229309721720275
10.66406 0.9231116732923744
10.66527 0.9232471991326346
10.66647 0.9233827249728949
10.66768 0.9235634260932418
10.66889 0.9237441272135887
10.67009 0.9238796530538489
10.6713 0.924060354174196
10.67251 0.9242410552945428
10.67371 0.9244217564148898
10.67492 0.9246024575352366
10.67613 0.9247831586555837
10.67734 0.9249638597759305
10.67854 0.9251445608962775
10.67975 0.9253252620166246
10.68096 0.9255059631369714
10.68216 0.9256414889772316
10.68337 0.9258221900975786
10.68458 0.9260028912179256
10.68578 0.9261384170581858
10.68699 0.9263191181785327
10.6882 0.926454644018793
10.6894 0.9266353451391398
10.69061 0.9267708709794
10.69182 0.9269515720997471
10.69302 0.9270870979400073
10.69423 0.9272226237802674
10.69544 0.9273581496205276
10.69664 0.9275388507408746
10.69785 0.9276743765811348
10.69906 0.927809902421395
10.70026 0.9279906035417419
10.70147 0.9281261293820021
10.70268 0.9283068305023492
10.70389 0.928487531622696
10.70509 0.928668232743043
10.7063 0.9288489338633898
10.70751 0.9290296349837369
10.70871 0.9292103361040839
10.70992 0.9294362125045176
10.71113 0.9296169136248644
10.71233 0.9298427900252982
10.71354 0.9300686664257318
10.71475 0.9303397181062523
10.71595 0.930565594506686
10.71716 0.9308366461872064
10.71837 0.9310625225876401
10.71957 0.9313335742681605
10.72078 0.9316046259486808
10.72199 0.9319208529092881
10.72319 0.9321919045898085
10.7244 0.9325081315504156
10.72561 0.932779183230936
10.72681 0.9330954101915432
10.72802 0.9334116371521504
10.72923 0.9337730393928442
10.73044 0.9340892663534515
10.73164 0.9344054933140585
10.73285 0.9347668955547525
10.73406 0.9350831225153596
10.73526 0.9353993494759667
10.73647 0.9357607517166606
10.73768 0.9360769786772678
10.73888 0.9364383809179617
10.74009 0.9367997831586555
10.7413 0.9371160101192628
10.7425 0.9374774123599566
10.74371 0.9377936393205638
10.74492 0.938109866281171
10.74612 0.9384712685218649
10.74733 0.938787495482472
10.74854 0.9390585471629924
10.74974 0.9393747741235996
10.75095 0.9396910010842067
10.75216 0.9400072280448138
10.75336 0.9402782797253343
10.75457 0.9405945066859415
10.75578 0.9408655583664619
10.75699 0.941181785327069
10.75819 0.9414528370075894
10.7594 0.9417238886881099
10.76061 0.942040115648717
10.76181 0.9423111673292375
10.76302 0.9425822190097579
10.76423 0.9428532706902784
10.76543 0.9431243223707988
10.76664 0.943395374051319
10.76785 0.9436664257318395
10.76905 0.9439374774123599
10.77026 0.9442085290928803
10.77147 0.9444795807734008
10.77267 0.9447506324539212
10.77388 0.9450216841344415
10.77509 0.945292735814962
10.77629 0.9455637874954824
10.7775 0.9458348391760029
10.77871 0.9461058908565233
10.77991 0.946331767256957
10.78112 0.9466028189374774
10.78233 0.9468738706179979
10.78354 0.9470997470184315
10.78474 0.9473707986989519
10.78595 0.9475966750993856
10.78716 0.9478225514998193
10.78836 0.9480484279002529
10.78957 0.9482743043006867
10.79078 0.9485001807011204
10.79198 0.9486808818214673
10.79319 0.948906758221901
10.7944 0.9490874593422479
10.7956 0.9492681604625949
10.79681 0.9494488615829418
10.79802 0.9496295627032888
10.79922 0.949765088543549
10.80043 0.9499457896638959
10.80164 0.9500813155041561
10.80284 0.9502620166245032
10.80405 0.9503975424647634
10.80526 0.9505330683050236
10.80646 0.9507137694253704
10.80767 0.9508492952656307
10.80888 0.9509848211058909
10.81009 0.9511203469461511
10.81129 0.9512558727864113
10.8125 0.9513913986266715
10.81371 0.9515269244669318
10.81491 0.9516624503071919
10.81612 0.9518431514275388
10.81733 0.9519786772677991
10.81853 0.9521142031080593
10.81974 0.9522949042284061
10.82095 0.9524304300686663
10.82215 0.9525659559089266
10.82336 0.9527014817491868
10.82457 0.952837007589447
10.82577 0.9529725334297072
10.82698 0.9531080592699674
10.82819 0.9532435851102277
10.82939 0.9533791109504879
10.8306 0.9535146367907481
10.83181 0.9536049873509216
10.83301 0.953695337911095
10.83422 0.9537856884712685
10.83543 0.9538308637513552
10.83664 0.953876039031442
10.83784 0.953876039031442
10.83905 0.9539212143115287
10.84026 0.953876039031442
10.84146 0.953876039031442
10.84267 0.9538308637513552
10.84388 0.9537856884712685
10.84508 0.953695337911095
10.84629 0.9536501626310083
10.8475 0.9535598120708347
10.8487 0.9534242862305745
10.84991 0.9532887603903145
10.85112 0.9531080592699674
10.85232 0.9529725334297072
10.85353 0.9527918323093603
10.85474 0.9526111311890134
10.85594 0.9524304300686663
10.85715 0.9522045536682328
10.85836 0.9520238525478858
10.85956 0.9518431514275388
10.86077 0.9516624503071919
10.86198 0.9514365739067582
10.86319 0.9512558727864113
10.86439 0.9510299963859776
10.8656 0.9508492952656307
10.86681 0.950623418865197
10.86801 0.9503975424647634
10.86922 0.9501716660643296
10.87043 0.9499457896638959
10.87163 0.9497199132634623
10.87284 0.9494940368630286
10.87405 0.9492229851825081
10.87525 0.9489971087820744
10.87646 0.948726057101554
10.87767 0.9484550054210336
10.87887 0.9481839537405131
10.88008 0.947867726779906
10.88129 0.9475514998192989
10.88249 0.9472352728586917
10.8837 0.9468738706179979
10.88491 0.9464672930972172
10.88612 0.9461058908565233
10.88732 0.9456993133357426
10.88853 0.945292735814962
10.88974 0.9448409830140947
10.89094 0.9443892302132274
10.89215 0.9439374774123599
10.89336 0.9434857246114926
10.89456 0.9430339718106252
10.89577 0.9425370437296711
10.89698 0.942040115648717
10.89818 0.9414980122876763
10.89939 0.9410010842067221
10.9006 0.9404589808456812
10.9018 0.9399620527647271
10.90301 0.9394199494036862
10.90422 0.9389230213227322
10.90542 0.9384260932417781
10.90663 0.937929165160824
10.90784 0.9374322370798699
10.90904 0.9369353089989158
10.91025 0.9364835561980485
10.91146 0.9359866281170944
10.91267 0.9354897000361402
10.91387 0.9350379472352729
10.91508 0.9345861944344055
10.91629 0.9341344416335381
10.91749 0.9336826888326708
10.9187 0.9332309360318034
10.91991 0.932779183230936
10.92111 0.9323726057101553
10.92232 0.9319660281893748
10.92353 0.9315142753885074
10.92473 0.9311076978677267
10.92594 0.9307011203469462
10.92715 0.9302945428261655
10.92835 0.9298427900252982
10.92956 0.9294362125045176
10.93077 0.9290296349837369
10.93197 0.9286230574629563
10.93318 0.9282164799421757
10.93439 0.927809902421395
10.93559 0.9274033249006144
10.9368 0.9269515720997471
10.93801 0.9265449945789664
10.93922 0.9261384170581858
10.94042 0.9256866642573184
10.94163 0.925234911456451
10.94284 0.9247831586555837
10.94404 0.924376581134803
10.94525 0.9239248283339357
10.94646 0.9234730755330682
10.94766 0.9230213227322009
10.94887 0.9225695699313337
10.95008 0.922162992410553
10.95128 0.9217112396096855
10.95249 0.9212594868088182
10.9537 0.9208077340079509
10.9549 0.9203559812070835
10.95611 0.9199042284062161
10.95732 0.9194524756053487
10.95852 0.9190458980845682
10.95973 0.9185941452837008
10.96094 0.9181875677629201
10.96214 0.9178261655222262
10.96335 0.9174195880014456
10.96456 0.9170581857607518
10.96577 0.9166967835200578
10.96697 0.9163353812793639
10.96818 0.9159739790386701
10.96939 0.9156577520780629
10.97059 0.9152963498373691
10.9718 0.9149801228767618
10.97301 0.9146638959161547
10.97421 0.9143476689555475
10.97542 0.9140314419949405
10.97663 0.91376039031442
10.97783 0.9134893386338996
10.97904 0.9132182869533791
10.98025 0.9129472352728587
10.98145 0.9126761835923383
10.98266 0.9124051319118179
10.98387 0.9120889049512106
10.98507 0.9118178532706902
10.98628 0.9115468015901698
10.98749 0.9112305746295627
10.98869 0.9109595229490423
10.9899 0.9106432959884352
10.99111 0.9103722443079147
10.99232 0.9100560173473075
10.99352 0.9097849656667872
10.99473 0.90946873870618
10.99594 0.9091525117455729
10.99714 0.9088362847849657
10.99835 0.9085200578243585
10.99956 0.9082038308637513
11.00076 0.9078876039031443
11.00197 0.9075262016624503
11.00318 0.9072099747018432
11.00438 0.906893747741236
11.00559 0.9065775207806288
11.0068 0.9062612938200217
11.008 0.9059450668594146
11.00921 0.9056288398988074
11.01042 0.9053577882182869
11.01162 0.9050415612576798
11.01283 0.9047705095771594
11.01404 0.9044542826165523
11.01524 0.9041832309360318
11.01645 0.9039573545355981
11.01766 0.9036863028550777
11.01887 0.903460426454644
11.02007 0.903279725334297
11.02128 0.9030990242139502
11.02249 0.9029183230936031
11.02369 0.9027827972533429
11.0249 0.9026472714130827
11.02611 0.9025117455728227
11.02731 0.9024213950126491
11.02852 0.9023310444524756
11.02973 0.9022858691723888
11.03093 0.9021955186122154
11.03214 0.9021955186122154
11.03335 0.9021503433321286
11.03455 0.9021955186122154
11.03576 0.9021955186122154
11.03697 0.9022406938923022
11.03817 0.9022858691723888
11.03938 0.9023762197325624
11.04059 0.9024665702927358
11.04179 0.9025117455728227
11.043 0.902602096132996
11.04421 0.9026924466931695
11.04542 0.9027376219732562
11.04662 0.9028279725334297
11.04783 0.9029634983736899
11.04904 0.9030538489338633
11.05024 0.9031441994940368
11.05145 0.903279725334297
11.05266 0.9033700758944706
11.05386 0.9035056017347308
11.05507 0.9035959522949042
11.05628 0.9037314781351644
11.05748 0.9038218286953379
11.05869 0.9039121792555114
11.0599 0.9040477050957716
11.0611 0.9041380556559451
11.06231 0.9042735814962052
11.06352 0.9044091073364654
11.06472 0.9045446331767256
11.06593 0.9046801590169858
11.06714 0.9048608601373329
11.06834 0.9049963859775931
11.06955 0.90517708709794
11.07076 0.9054029634983737
11.07197 0.9055836646187206
11.07317 0.9057643657390676
11.07438 0.9059902421395013
11.07559 0.906216118539935
11.07679 0.9064871702204553
11.078 0.906713046620889
11.07921 0.9069840983014095
11.08041 0.9073003252620165
11.08162 0.9076165522226238
11.08283 0.9079327791832309
11.08403 0.9082490061438381
11.08524 0.9085652331044453
11.08645 0.9089266353451391
11.08765 0.909288037585833
11.08886 0.909649439826527
11.09007 0.9100108420672208
11.09127 0.9103722443079147
11.09248 0.9107788218286954
11.09369 0.911185399349476
11.0949 0.9115919768702566
11.0961 0.9119985543910373
11.09731 0.9124051319118179
11.09852 0.9128568847126852
11.09972 0.9132634622334659
11.10093 0.9137152150343332
11.10214 0.9141217925551138
11.10334 0.9145735453559811
11.10455 0.9150252981568486
11.10576 0.9154318756776292
11.10696 0.9158836284784966
11.10817 0.9163353812793639
11.10938 0.9167871340802314
11.11058 0.9172388868810987
11.11179 0.917690639681966
11.113 0.9181875677629201
11.1142 0.9186393205637875
11.11541 0.9191362486447416
11.11662 0.9195880014456089
11.11782 0.9200849295265631
11.11903 0.9205366823274305
11.12024 0.9210336104083846
11.12145 0.9215305384893386
11.12265 0.9220274665702928
11.12386 0.9225695699313337
11.12507 0.9230664980122877
11.12627 0.9236086013733285
11.12748 0.9241507047343693
11.12869 0.9247379833754968
11.12989 0.9252800867365377
11.1311 0.9258673653776653
11.13231 0.926454644018793
11.13351 0.9270419226599205
11.13472 0.9276292013010481
11.13593 0.9282616552222623
11.13713 0.9288941091434767
11.13834 0.929526563064691
11.13955 0.9301590169859053
11.14075 0.9308366461872064
11.14196 0.9314691001084208
11.14317 0.9321467293097216
11.14437 0.9328695337911095
11.14558 0.9335471629924106
11.14679 0.9342247921937117
11.148 0.9349024213950127
11.1492 0.9356252258764004
11.15041 0.9363028550777015
11.15162 0.9369804842790026
11.15282 0.9377032887603903
11.15403 0.9383809179616913
11.15524 0.9391037224430792
11.15644 0.9397813516443801
11.15765 0.9405041561257679
11.15886 0.941181785327069
11.16006 0.9418594145283701
11.16127 0.9425370437296711
11.16248 0.9432146729309722
11.16368 0.9438471268521865
11.16489 0.9445247560534875
11.1661 0.9451572099747018
11.1673 0.9457896638959161
11.16851 0.9464221178171304
11.16972 0.9470545717383447
11.17092 0.9476418503794724
11.17213 0.9482743043006867
11.17334 0.9488615829418142
11.17455 0.9494488615829418
11.17575 0.9500361402240693
11.17696 0.950623418865197
11.17817 0.9511655222262377
11.17937 0.9517528008673654
11.18058 0.9522949042284061
11.18179 0.952837007589447
11.18299 0.9533791109504879
11.1842 0.9539212143115287
11.18541 0.9544633176725695
11.18661 0.955050596313697
11.18782 0.9555926996747379
11.18903 0.9561799783158655
11.19023 0.9567220816769064
11.19144 0.9573093603180339
11.19265 0.9578514636790748
11.19385 0.9584387423202023
11.19506 0.9589808456812432
11.19627 0.9595681243223707
11.19747 0.9601554029634984
11.19868 0.960742681604626
11.19989 0.9613751355258402
11.2011 0.9619624141669678
11.2023 0.9625948680881821
11.20351 0.9632273220093964
11.20472 0.9638597759306108
11.20592 0.964492229851825
11.20713 0.9651698590531261
11.20834 0.9658023129743405
11.20954 0.9664347668955547
11.21075 0.9670220455366824
11.21196 0.9676544994578966
11.21316 0.968286953379111
11.21437 0.9689194073003252
11.21558 0.9695518612215396
11.21678 0.9701843151427539
11.21799 0.9707715937838814
11.2192 0.9714040477050958
11.2204 0.9719913263462233
11.22161 0.9726237802674376
11.22282 0.9732110589085653
11.22402 0.9737983375496928
11.22523 0.9743404409107337
11.22644 0.9749277195518612
11.22765 0.9754698229129021
11.22885 0.9760119262739428
11.23006 0.9765540296349837
11.23127 0.9770961329960246
11.23247 0.9776382363570654
11.23368 0.9781803397181063
11.23489 0.9787224430791471
11.23609 0.9792645464401879
11.2373 0.9798066498012288
11.23851 0.9803487531622697
11.23971 0.9808456812432237
11.24092 0.9813877846042645
11.24213 0.9819298879653053
11.24333 0.9824268160462595
11.24454 0.9829237441272136
11.24575 0.9834658474882545
11.24695 0.9839627755692085
11.24816 0.9844597036501627
11.24937 0.9849566317311167
11.25057 0.9854535598120708
11.25178 0.985950487893025
11.25299 0.986447415973979
11.2542 0.9868991687748463
11.2554 0.9873960968558004
11.25661 0.9878478496566678
11.25782 0.9882996024575352
11.25902 0.9887513552584026
11.26023 0.9891579327791832
11.26144 0.9895645102999638
11.26264 0.9899710878207445
11.26385 0.9903776653415252
11.26506 0.9907390675822191
11.26626 0.9911004698229129
11.26747 0.9914618720636068
11.26868 0.9918232743043006
11.26988 0.9921846765449945
11.27109 0.9925009035056017
11.2723 0.9928171304662089
11.2735 0.9931333574268161
11.27471 0.9934495843874231
11.27592 0.9937206360679436
11.27712 0.993991687748464
11.27833 0.9942627394289845
11.27954 0.9945337911095049
11.28075 0.9948048427900252
11.28195 0.9950758944705457
11.28316 0.9953469461510661
11.28437 0.9955728225514998
11.28557 0.9958438742320203
11.28678 0.9960697506324538
11.28799 0.9963408023129743
11.28919 0.996566678713408
11.2904 0.9967925551138418
11.29161 0.9970184315142754
11.29281 0.9972443079147091
11.29402 0.9974701843151428
11.29523 0.9976960607155764
11.29643 0.9978767618359234
11.29764 0.998102638236357
11.29885 0.9982833393567041
11.30005 0.998464040477051
11.30126 0.9986899168774845
11.30247 0.9988706179978316
11.30368 0.9990513191181786
11.30488 0.9991868449584387
11.30609 0.9993223707986989
11.3073 0.9994578966389591
11.3085 0.9995934224792193
11.30971 0.9996837730393928
11.31092 0.9997741235995663
11.31212 0.9998644741597398
11.31333 0.9999096494398265
11.31454 0.9999548247199133
11.31574 1.0
11.31695 1.0
11.31816 1.0
11.31936 1.0
11.32057 0.9999548247199133
11.32178 0.9999096494398265
11.32298 0.999819298879653
11.32419 0.9997289483194796
11.3254 0.9995934224792193
11.3266 0.9994578966389591
11.32781 0.9993223707986989
11.32902 0.999141669678352
11.33023 0.998960968558005
11.33143 0.9987802674376581
11.33264 0.9985995663173112
11.33385 0.9983736899168775
11.33505 0.9981478135164439
11.33626 0.9979219371160102
11.33747 0.9976508854354897
11.33867 0.9974250090350559
11.33988 0.9971539573545356
11.34109 0.9968377303939284
11.34229 0.996566678713408
11.3435 0.9962504517528009
11.34471 0.9959794000722805
11.34591 0.9956631731116733
11.34712 0.9953469461510661
11.34833 0.995030719190459
11.34953 0.9947144922298518
11.35074 0.9943982652692447
11.35195 0.9940368630285509
11.35315 0.9937206360679436
11.35436 0.9933592338272498
11.35557 0.9929978315865559
11.35678 0.9926364293458619
11.35798 0.9922298518250813
11.35919 0.9918684495843875
11.3604 0.9914618720636068
11.3616 0.9910552945428261
11.36281 0.9906487170220456
11.36402 0.9902421395012649
11.36522 0.9898355619804843
11.36643 0.989383809179617
11.36764 0.9889320563787495
11.36884 0.9884803035778822
11.37005 0.987983375496928
11.37126 0.987486447415974
11.37246 0.9869895193350199
11.37367 0.9864925912540659
11.37488 0.985950487893025
11.37608 0.9854083845319841
11.37729 0.9848662811709433
11.3785 0.9843241778099024
11.3797 0.9837368991687749
11.38091 0.9831496205276472
11.38212 0.9825623418865197
11.38333 0.9819298879653053
11.38453 0.9812974340440911
11.38574 0.9806198048427901
11.38695 0.9799873509215757
11.38815 0.9792645464401879
11.38936 0.9785869172388869
11.39057 0.9778641127574992
11.39177 0.9771413082761112
11.39298 0.9764185037947235
11.39419 0.9756956993133358
11.39539 0.974972894831948
11.3966 0.9742049150704735
11.39781 0.9734369353089989
11.39901 0.9726237802674376
11.40022 0.9718558005059631
11.40143 0.9710426454644019
11.40263 0.9702294904228406
11.40384 0.9694163353812794
11.40505 0.968603180339718
11.40625 0.9677900252981568
11.40746 0.9669316949765089
11.40867 0.9661185399349476
11.40988 0.9652602096132996
11.41108 0.9644018792916517
11.41229 0.9635435489700036
11.4135 0.9626852186483557
11.4147 0.9618268883267076
11.41591 0.9609233827249729
11.41712 0.9600650524033248
11.41832 0.9591615468015902
11.41953 0.9582580411998555
11.42074 0.9573093603180339
11.42194 0.9564058547162992
11.42315 0.9554571738344777
11.42436 0.954553668232743
11.42556 0.9536049873509216
11.42677 0.9526111311890134
11.42798 0.9516624503071919
11.42918 0.9506685941452836
11.43039 0.9497199132634623
11.4316 0.948726057101554
11.4328 0.9477322009396458
11.43401 0.9467383447777377
11.43522 0.9456993133357426
11.43643 0.9446602818937477
11.43763 0.9436212504517528
11.43884 0.9425822190097579
11.44005 0.9415431875677629
11.44125 0.9404589808456812
11.44246 0.9394199494036862
11.44367 0.9383809179616913
11.44487 0.9373418865196964
11.44608 0.9362576797976147
11.44729 0.9352186483556199
11.44849 0.9341796169136248
11.4497 0.9330954101915432
11.45091 0.9320563787495483
11.45211 0.9310173473075533
11.45332 0.9299331405854716
11.45453 0.9288941091434767
11.45573 0.9278550777014817
11.45694 0.9268160462594869
11.45815 0.9257770148174919
11.45935 0.9247379833754968
11.46056 0.923698951933502
11.46177 0.9227050957715938
11.46298 0.9216660643295989
11.46418 0.9206722081676907
11.46539 0.9196783520057825
11.4666 0.9186844958438742
11.4678 0.9176454644018793
11.46901 0.9166516082399712
11.47022 0.9156125767979761
11.47142 0.914618720636068
11.47263 0.913579689194073
11.47384 0.9125406577520782
11.47504 0.9115468015901698
11.47625 0.910507770148175
11.47746 0.9095139139862668
11.47866 0.9084748825442718
11.47987 0.9074358511022768
11.48108 0.906396819660282
11.48228 0.9053126129382002
11.48349 0.9042735814962052
11.4847 0.9031893747741235
11.4859 0.902105168052042
11.48711 0.9010209613299602
11.48832 0.8999367546078786
11.48953 0.8988073726057101
11.49073 0.8977231658836285
11.49194 0.89659378388146
11.49315 0.8955095771593783
11.49435 0.8943801951572099
11.49556 0.8932959884351283
11.49677 0.8921666064329599
11.49797 0.8910823997108782
11.49918 0.8899530177087098
11.50039 0.8888236357065414
11.50159 0.8877394289844597
11.5028 0.8866100469822913
11.50401 0.8854806649801228
11.50521 0.8843964582580411
11.50642 0.8833122515359596
11.50763 0.8821828695337911
11.50883 0.8811438380917962
11.51004 0.8800596313697145
11.51125 0.8789754246476328
11.51246 0.8779363932056379
11.51366 0.876897361763643
11.51487 0.875858330321648
11.51608 0.874819298879653
11.51728 0.8737802674376581
11.51849 0.8727412359956632
11.5197 0.8717473798337549
11.5209 0.8707535236718468
11.52211 0.8697144922298518
11.52332 0.8687206360679436
11.52452 0.8677267799060354
11.52573 0.866778099024214
11.52694 0.8657842428623057
11.52814 0.8648355619804843
11.52935 0.8638868810986629
11.53056 0.8628930249367547
11.53176 0.8619443440549331
11.53297 0.860950487893025
11.53418 0.8600018070112035
11.53538 0.8590079508492954
11.53659 0.8580592699674738
11.5378 0.8570654138055656
11.53901 0.8561167329237441
11.54021 0.855122876761836
11.54142 0.8541290205999277
11.54263 0.8531803397181063
11.54383 0.8521864835561981
11.54504 0.8511926273942899
11.54625 0.8501987712323816
11.54745 0.8492049150704735
11.54866 0.8482110589085653
11.54987 0.8471720274665703
11.55107 0.8461329960245754
11.55228 0.8450939645825803
11.55349 0.8440549331405854
11.55469 0.8430159016985905
11.5559 0.8419768702565955
11.55711 0.8409378388146007
11.55831 0.8398988073726057
11.55952 0.8389049512106975
11.56073 0.8378659197687025
11.56193 0.8368268883267076
11.56314 0.8357878568847127
11.56435 0.8347488254427178
11.56556 0.8337097940007228
11.56676 0.832670762558728
11.56797 0.8316317311167329
11.56918 0.8305926996747379
11.57038 0.8295988435128298
11.57159 0.8286049873509216
11.5728 0.8276111311890134
11.574 0.8266172750271051
11.57521 0.8256685941452836
11.57642 0.8247199132634623
11.57762 0.8237712323816408
11.57883 0.8228225514998193
11.58004 0.8219190458980845
11.58124 0.8209703650162631
11.58245 0.8200668594145284
11.58366 0.8191633538127936
11.58486 0.818259848211059
11.58607 0.8173563426093242
11.58728 0.8164980122876763
11.58848 0.8155945066859415
11.58969 0.8147361763642935
11.5909 0.8138778460426453
11.59211 0.8130646910010842
11.59331 0.8122063606794362
11.59452 0.8113480303577882
11.59573 0.8104897000361402
11.59693 0.8096313697144922
11.59814 0.8087730393928442
11.59935 0.8078695337911095
11.60055 0.8069660281893748
11.60176 0.8060625225876401
11.60297 0.8051590169859053
11.60417 0.8042555113841705
11.60538 0.8033068305023492
11.60659 0.8024033249006144
11.60779 0.801454644018793
11.609 0.8005059631369714
11.61021 0.79955728225515
11.61141 0.7985634260932418
11.61262 0.7976147452114203
11.61383 0.7966208890495121
11.61503 0.7955818576075171
11.61624 0.7945428261655223
11.61745 0.7935037947235273
11.61866 0.7924647632815323
11.61986 0.7914257318395375
11.62107 0.7903867003975424
11.62228 0.7893476689555475
11.62348 0.7883086375135525
11.62469 0.7873147813516443
11.6259 0.7863209251897362
11.6271 0.7853270690278279
11.62831 0.7843332128659197
11.62952 0.7833393567040116
11.63072 0.7823455005421034
11.63193 0.781396819660282
11.63314 0.7804029634983737
11.63434 0.7794542826165523
11.63555 0.7785507770148175
11.63676 0.777602096132996
11.63796 0.7766985905312613
11.63917 0.7757950849295265
11.64038 0.7749367546078786
11.64158 0.7740784242862305
11.64279 0.7732652692446693
11.644 0.7724069389230213
11.64521 0.77159378388146
11.64641 0.7708258041199856
11.64762 0.7700126490784243
11.64883 0.769199494036863
11.65003 0.7683863389953017
11.65124 0.7675280086736538
11.65245 0.7667148536320926
11.65365 0.7659016985905313
11.65486 0.76508854354897
11.65607 0.7642753885074087
11.65727 0.7634622334658475
11.65848 0.7626490784242862
11.65969 0.761835923382725
11.66089 0.7609775930610769
11.6621 0.760119262739429
11.66331 0.7592609324177809
11.66451 0.758402602096133
11.66572 0.7574990964943983
11.66693 0.7565955908926635
11.66813 0.7556920852909289
11.66934 0.7547885796891941
11.67055 0.7538398988073726
11.67176 0.7528912179255511
11.67296 0.7519425370437296
11.67417 0.7509938561619082
11.67538 0.7500451752800867
11.67658 0.7490964943982652
11.67779 0.7481478135164439
11.679 0.7471539573545356
11.6802 0.7462052764727141
11.68141 0.7452114203108059
11.68262 0.7442175641488977
11.68382 0.7432237079869896
11.68503 0.7422298518250813
11.68624 0.7412359956631731
11.68744 0.7402873147813516
11.68865 0.7392934586194434
11.68986 0.7382996024575352
11.69106 0.7373509215757138
11.69227 0.7364022406938923
11.69348 0.7354535598120708
11.69468 0.734550054210336
11.69589 0.7336013733285147
11.6971 0.7326526924466932
11.69831 0.7317491868449585
11.69951 0.7308456812432237
11.70072 0.7298970003614021
11.70193 0.7289934947596676
11.70313 0.7280899891579328
11.70434 0.7272316588362848
11.70555 0.7263281532345501
11.70675 0.7254698229129021
11.70796 0.724611492591254
11.70917 0.7237531622696061
11.71037 0.722894831947958
11.71158 0.7220365016263101
11.71279 0.7212233465847487
11.71399 0.7203650162631008
11.7152 0.7195066859414528
11.71641 0.7186483556198049
11.71761 0.7177900252981568
11.71882 0.7169316949765089
11.72003 0.7160281893747741
11.72124 0.7151698590531261
11.72244 0.7143115287314782
11.72365 0.7134531984098301
11.72486 0.7125496928080954
11.72606 0.7116913624864475
11.72727 0.7107878568847127
11.72848 0.709884351282978
11.72968 0.7089808456812432
11.73089 0.7080321647994218
11.7321 0.7070834839176002
11.7333 0.7061348030357788
11.73451 0.7051409468738706
11.73572 0.7041470907119625
11.73692 0.7031984098301409
11.73813 0.702159378388146
11.73934 0.7011655222262377
11.74054 0.7001716660643296
11.74175 0.6991778099024214
11.74296 0.6981387784604265
11.74416 0.6971449222985183
11.74537 0.6961058908565233
11.74658 0.6950668594145284
11.74779 0.6940278279725334
11.74899 0.6929887965305386
11.7502 0.6919045898084568
11.75141 0.6908655583664619
11.75261 0.6898265269244669
11.75382 0.688787495482472
11.75503 0.687748464040477
11.75623 0.6867094325984822
11.75744 0.6856704011564871
11.75865 0.684676544994579
11.75985 0.6836826888326708
11.76106 0.6826436573906758
11.76227 0.6816498012287676
11.76347 0.6806559450668594
11.76468 0.6796620889049512
11.76589 0.6787134080231298
11.76709 0.6777195518612215
11.7683 0.6767256956993133
11.76951 0.6757318395374051
11.77071 0.6747831586555837
11.77192 0.6737893024936755
11.77313 0.672840621611854
11.77434 0.6718467654499457
11.77554 0.6708980845681244
11.77675 0.6699494036863028
11.77796 0.6690007228044814
11.77916 0.66805204192266
11.78037 0.6670581857607518
11.78158 0.6661095048789303
11.78278 0.665115648717022
11.78399 0.6641217925551138
11.7852 0.6631279363932057
11.7864 0.6621340802312975
11.78761 0.6611402240693892
11.78882 0.6601011926273943
11.79002 0.6591073364654861
11.79123 0.6580683050234911
11.79244 0.657074448861583
11.79364 0.6560354174195879
11.79485 0.6550415612576798
11.79606 0.6540477050957716
11.79726 0.6530086736537767
11.79847 0.6520148174918685
11.79968 0.6510209613299602
11.80089 0.6499819298879653
11.80209 0.6489880737260572
11.8033 0.6479490422840621
11.80451 0.646955186122154
11.80571 0.6459613299602458
11.80692 0.6449674737983376
11.80813 0.6440187929165161
11.80933 0.6430701120346947
11.81054 0.6421666064329599
11.81175 0.6412631008312251
11.81295 0.6404047705095771
11.81416 0.6395464401879292
11.81537 0.6386881098662812
11.81657 0.6378749548247199
11.81778 0.6370617997831587
11.81899 0.6362938200216841
11.82019 0.6355258402602096
11.8214 0.6347578604987351
11.82261 0.6340802312974341
11.82381 0.6333574268160462
11.82502 0.6327249728948319
11.82623 0.6320925189736176
11.82744 0.63150524033249
11.82864 0.6309179616913625
11.82985 0.6303758583303216
11.83106 0.6298789302493676
11.83226 0.6293368268883267
11.83347 0.6288850740874593
11.83468 0.6283881460065053
11.83588 0.6279363932056379
11.83709 0.6274846404047705
11.8383 0.6270780628839898
11.8395 0.6266714853632093
11.84071 0.6262649078424286
11.84192 0.6259035056017348
11.84312 0.6255421033610409
11.84433 0.6252258764004337
11.84554 0.6248644741597398
11.84674 0.6245934224792193
11.84795 0.6242771955186123
11.84916 0.623960968558005
11.85036 0.6236899168774845
11.85157 0.6234188651969643
11.85278 0.6231478135164439
11.85399 0.6229219371160102
11.85519 0.6226508854354897
11.8564 0.622425009035056
11.85761 0.6221991326346223
11.85881 0.6219732562341886
11.86002 0.6217925551138418
11.86123 0.6216118539934947
11.86243 0.6214311528731478
11.86364 0.6212956270328877
11.86485 0.6211601011926274
11.86605 0.6210697506324538
11.86726 0.6209794000722805
11.86847 0.620889049512107
11.86967 0.6207986989519334
11.87088 0.6207535236718468
11.87209 0.62070834839176
11.87329 0.62070834839176
11.8745 0.62070834839176
11.87571 0.62070834839176
11.87691 0.62070834839176
11.87812 0.6207535236718468
11.87933 0.6207986989519334
11.88054 0.620889049512107
11.88174 0.6209794000722805
11.88295 0.6211149259125407
11.88416 0.6212504517528009
11.88536 0.6213859775930611
11.88657 0.6215215034333214
11.88778 0.6216570292735816
11.88898 0.6218377303939284
11.89019 0.6219732562341886
11.8914 0.6221087820744489
11.8926 0.6222894831947958
11.89381 0.622425009035056
11.89502 0.622605710155403
11.89622 0.62278641127575
11.89743 0.6229671123960968
11.89864 0.6231478135164439
11.89984 0.6233285146367907
11.90105 0.623464040477051
11.90226 0.6236447415973979
11.90346 0.6237802674376581
11.90467 0.6239157932779184
11.90588 0.6240061438380918
11.90709 0.6240964943982652
11.90829 0.6241868449584387
11.9095 0.6242771955186123
11.91071 0.6243675460787856
11.91191 0.6244127213588725
11.91312 0.6244578966389591
11.91433 0.6245030719190459
11.91553 0.6245030719190459
11.91674 0.6245030719190459
11.91795 0.6245030719190459
11.91915 0.6245030719190459
11.92036 0.6244127213588725
11.92157 0.6243675460787856
11.92277 0.6242771955186123
11.92398 0.6241868449584387
11.92519 0.6240964943982652
11.92639 0.623960968558005
11.9276 0.6238254427177448
11.92881 0.6236899168774845
11.93001 0.6235092157571377
11.93122 0.6233285146367907
11.93243 0.6231478135164439
11.93364 0.6229671123960968
11.93484 0.6227412359956632
11.93605 0.6225153595952295
11.93726 0.6222894831947958
11.93846 0.6220636067943621
11.93967 0.6217925551138418
11.94088 0.6215215034333214
11.94208 0.6212052764727141
11.94329 0.6209342247921936
11.9445 0.6206179978315866
11.9457 0.6202565955908926
11.94691 0.6199403686302855
11.94812 0.6195789663895915
11.94932 0.6192175641488977
11.95053 0.6188109866281171
11.95174 0.6184495843874231
11.95294 0.6180430068666425
11.95415 0.6175912540657752
11.95536 0.6171846765449945
11.95657 0.6167329237441272
11.95777 0.6162359956631731
11.95898 0.6157390675822191
11.96019 0.6152421395012649
11.96139 0.6147000361402241
11.9626 0.6141579327791832
11.96381 0.6135706541380557
11.96501 0.612983375496928
11.96622 0.6123960968558005
11.96743 0.6117636429345863
11.96863 0.6111311890133719
11.96984 0.6104987350921576
11.97105 0.6098211058908565
11.97225 0.6091886519696422
11.97346 0.6084658474882545
11.97467 0.6077882182869534
11.97587 0.6071105890856524
11.97708 0.6063426093241778
11.97829 0.6056198048427901
11.97949 0.6048518250813155
11.9807 0.604083845319841
11.98191 0.6033158655583665
11.98312 0.6025478857968919
11.98432 0.6017347307553307
11.98553 0.6009667509938562
11.98674 0.6001987712323816
11.98794 0.5994307914709072
11.98915 0.5986628117094326
11.99036 0.597894831947958
11.99156 0.5970816769063969
11.99277 0.5963136971449223
11.99398 0.5955457173834477
11.99518 0.5947777376219733
11.99639 0.5940097578604987
11.9976 0.5932417780990242
11.9988 0.5924737983375497
12.00001 0.5917058185760752
12.00122 0.5909378388146007
12.00242 0.5901698590531261
12.00363 0.5894470545717384
12.00484 0.5886790748102638
12.00604 0.587956270328876
12.00725 0.5872334658474883
12.00846 0.5865106613661004
12.00967 0.5857878568847127
12.01087 0.5850650524033248
12.01208 0.5842970726418504
12.01329 0.5835742681604625
12.01449 0.5828514636790748
12.0157 0.5821286591976871
12.01691 0.5814058547162992
12.01811 0.5806830502349114
12.01932 0.5799150704734369
12.02053 0.5791922659920491
12.02173 0.5784694615106614
12.02294 0.5777466570292736
12.02415 0.5770238525478858
12.02535 0.5762558727864113
12.02656 0.5755330683050236
12.02777 0.5748102638236356
12.02897 0.5740874593422479
12.03018 0.5733194795807733
12.03139 0.5725966750993856
12.03259 0.571828695337911
12.0338 0.5711058908565233
12.03501 0.5703379110950488
12.03622 0.569615106613661
12.03742 0.5688471268521865
12.03863 0.5681243223707988
12.03984 0.5673563426093242
12.04104 0.5666335381279365
12.04225 0.5659107336465485
12.04346 0.5651427538850741
12.04466 0.5644199494036862
12.04587 0.5636971449222985
12.04708 0.562929165160824
12.04828 0.5622063606794362
12.04949 0.5614835561980485
12.0507 0.5607607517166606
12.0519 0.5599927719551862
12.05311 0.5592699674737983
12.05432 0.5585471629924106
12.05552 0.5578243585110227
12.05673 0.557101554029635
12.05794 0.5563787495482472
12.05914 0.5556559450668594
12.06035 0.5549783158655583
12.06156 0.5542555113841705
12.06277 0.5535327069027828
12.06397 0.552809902421395
12.06518 0.552132273220094
12.06639 0.5514094687387062
12.06759 0.5507318395374051
12.0688 0.5500090350560173
12.07001 0.5493314058547163
12.07121 0.5486537766534153
12.07242 0.5479309721720275
12.07363 0.5472533429707264
12.07483 0.5465757137694254
12.07604 0.5458980845681244
12.07725 0.5452204553668233
12.07845 0.5445428261655222
12.07966 0.5438651969642212
12.08087 0.5431875677629201
12.08207 0.5424647632815324
12.08328 0.5417871340802313
12.08449 0.5411095048789303
12.08569 0.5404318756776292
12.0869 0.5397542464763282
12.08811 0.5390314419949404
12.08932 0.5383538127936394
12.09052 0.5376310083122515
12.09173 0.5369533791109504
12.09294 0.5362305746295627
12.09414 0.5355529454282617
12.09535 0.5348301409468739
12.09656 0.5341525117455728
12.09776 0.533429707264185
12.09897 0.5327069027827972
12.10018 0.5319840983014095
12.10138 0.5312612938200216
12.10259 0.5304933140585472
12.1038 0.5297705095771593
12.105 0.5290025298156849
12.10621 0.5282797253342971
12.10742 0.5275117455728225
12.10862 0.526743765811348
12.10983 0.5260209613299602
12.11104 0.5252529815684858
12.11224 0.5245301770870979
12.11345 0.5237621973256235
12.11466 0.5230393928442356
12.11587 0.5223165883628479
12.11707 0.5215486086013733
12.11828 0.5208258041199856
12.11949 0.5201029996385977
12.12069 0.51938019515721
12.1219 0.5186573906758222
12.12311 0.5179345861944344
12.12431 0.5172117817130466
12.12552 0.5164889772316589
12.12673 0.5158113480303578
12.12793 0.5151337188290568
12.12914 0.5144560896277557
12.13035 0.5138236357065413
12.13155 0.5131911817853271
12.13276 0.5125587278641128
12.13397 0.5119262739428985
12.13517 0.5113389953017708
12.13638 0.5107517166606432
12.13759 0.510119262739429
12.13879 0.5095319840983014
12.14 0.5089447054571739
12.14121 0.5083574268160462
12.14242 0.507724972894832
12.14362 0.5071376942537044
12.14483 0.5065504156125767
12.14604 0.506008312251536
12.14724 0.5054210336104084
12.14845 0.5048337549692808
12.14966 0.50429165160824
12.15086 0.5037043729671125
12.15207 0.5031622696060716
12.15328 0.502574990964944
12.15448 0.5019877123238163
12.15569 0.5013552584026021
12.1569 0.5007679797614746
12.1581 0.5001355258402602
12.15931 0.4995030719190459
12.16052 0.4988706179978316
12.16172 0.49819298879653057
12.16293 0.4975605348753162
12.16414 0.4968829056740152
12.16535 0.4962052764727141
12.16655 0.49557282255149987
12.16776 0.49489519335019877
12.16897 0.4942175641488977
12.17017 0.4935399349475967
12.17138 0.4929074810263824
12.17259 0.49222985182508133
12.17379 0.4915522226237803
12.175 0.49087459342247924
12.17621 0.49019696422117814
12.17741 0.4895193350198771
12.17862 0.48884170581857606
12.17983 0.48816407661727507
12.18103 0.487486447415974
12.18224 0.48685399349475966
12.18345 0.48622153957354536
12.18465 0.48558908565233105
12.18586 0.48500180701120343
12.18707 0.4844145283700759
12.18827 0.4838272497289483
12.18948 0.4832851463679075
12.19069 0.4827430430068666
12.1919 0.48220093964582583
12.1931 0.481658836284785
12.19431 0.48111673292374413
12.19552 0.48061980484279
12.19672 0.4800777014817492
12.19793 0.4795807734007951
12.19914 0.479083845319841
12.20034 0.4785869172388869
12.20155 0.47808998915793277
12.20276 0.4776382363570654
12.20396 0.477186483556198
12.20517 0.4767347307553307
12.20638 0.4762829779544633
12.20758 0.47583122515359594
12.20879 0.4753794723527286
12.21 0.47497289483194793
12.2112 0.47447596675099385
12.21241 0.47402421395012645
12.21362 0.47352728586917237
12.21482 0.47307553306830497
12.21603 0.4725786049873509
12.21724 0.47203650162631006
12.21845 0.47153957354535597
12.21965 0.4710426454644019
12.22086 0.47050054210336106
12.22207 0.4700036140224069
12.22327 0.4694615106613661
12.22448 0.4689194073003253
12.22569 0.4683773039392844
12.22689 0.46783520057824357
12.2281 0.46729309721720275
12.22931 0.4667058185760752
12.23051 0.46616371521503436
12.23172 0.46557643657390674
12.23293 0.46494398265269243
12.23413 0.4643567040115649
12.23534 0.4637694253704373
12.23655 0.463136971449223
12.23775 0.4625496928080954
12.23896 0.46196241416696787
12.24017 0.46137513552584025
12.24137 0.46078785688471263
12.24258 0.4602005782435851
12.24379 0.45965847488254424
12.245 0.4590711962414167
12.2462 0.4585290928803759
12.24741 0.45798698951933503
12.24862 0.45739971087820747
12.24982 0.4568576075171666
12.25103 0.4563606794362125
12.25224 0.4558185760751717
12.25344 0.4552764727141308
12.25465 0.4547795446331767
12.25586 0.45428261655222263
12.25706 0.4537856884712685
12.25827 0.4532887603903144
12.25948 0.45283700758944706
12.26068 0.4523852547885797
12.26189 0.4519335019877123
12.2631 0.45152692446693166
12.2643 0.4511203469461511
12.26551 0.4506685941452837
12.26672 0.45026201662450305
12.26792 0.44985543910372244
12.26913 0.4494488615829418
12.27034 0.4489971087820745
12.27155 0.44859053126129383
12.27275 0.44818395374051323
12.27396 0.44777737621973257
12.27517 0.44737079869895197
12.27637 0.4469642211781713
12.27758 0.44655764365739065
12.27879 0.44615106613661004
12.27999 0.4457444886158294
12.2812 0.4453379110950488
12.28241 0.4449313335742681
12.28361 0.44447958077340083
12.28482 0.44407300325262017
12.28603 0.44362125045175277
12.28723 0.44321467293097216
12.28844 0.4427629201301048
12.28965 0.4422659920491507
12.29085 0.44181423924828334
12.29206 0.44136248644741594
12.29327 0.44086555836646185
12.29447 0.44041380556559445
12.29568 0.43991687748464037
12.29689 0.4394199494036863
12.2981 0.43896819660281894
12.2993 0.4384712685218648
12.30051 0.4380195157209975
12.30172 0.43752258764004337
12.30292 0.4370256595590893
12.30413 0.43652873147813515
12.30534 0.43603180339718106
12.30654 0.4355348753162269
12.30775 0.43503794723527284
12.30896 0.43454101915431875
12.31016 0.43408926635345135
12.31137 0.43359233827249727
12.31258 0.4330954101915432
12.31378 0.4326436573906758
12.31499 0.4321919045898085
12.3162 0.43178532706902784
12.3174 0.43133357426816044
12.31861 0.43092699674737983
12.31982 0.43052041922659917
12.32102 0.43011384170581857
12.32223 0.4297072641850379
12.32344 0.42930068666425736
12.32465 0.42893928442356344
12.32585 0.4285327069027828
12.32706 0.4281713046620889
12.32827 0.42780990242139505
12.32947 0.42749367546078787
12.33068 0.42713227322009395
12.33189 0.42681604625948677
12.33309 0.42649981929887965
12.3343 0.42622876761835926
12.33551 0.4259125406577521
12.33671 0.42564148897723164
12.33792 0.4253704372967112
12.33913 0.4250993856161908
12.34033 0.4248283339356704
12.34154 0.42455728225514994
12.34275 0.42428623057462955
12.34395 0.4240151788941091
12.34516 0.4237441272135887
12.34637 0.42342790025298155
12.34757 0.42315684857246116
12.34878 0.4228857968919407
12.34999 0.4226147452114203
12.3512 0.4222985182508131
12.3524 0.4220274665702927
12.35361 0.42175641488977234
12.35482 0.42144018792916516
12.35602 0.4211691362486447
12.35723 0.4208529092880376
12.35844 0.42053668232743047
12.35964 0.4201752800867365
12.36085 0.41985905312612937
12.36206 0.4194976508854355
12.36326 0.4190910733646549
12.36447 0.4187296711239609
12.36568 0.4183230936031803
12.36688 0.41796169136248645
12.36809 0.4175551138417058
12.3693 0.4171485363209252
12.3705 0.41674195880014453
12.37171 0.416335381279364
12.37292 0.4159288037585833
12.37413 0.4155674015178894
12.37533 0.41516082399710874
12.37654 0.41475424647632814
12.37775 0.4143476689555475
12.37895 0.41389591615468013
12.38016 0.41348933863389953
12.38137 0.41308276111311887
12.38257 0.4126310083122516
12.38378 0.4122244307914709
12.38499 0.4118178532706903
12.38619 0.41141127574990966
12.3874 0.41100469822912905
12.38861 0.4106432959884351
12.38981 0.4102367184676545
12.39102 0.4098753162269606
12.39223 0.4095139139862667
12.39343 0.4091525117455728
12.39464 0.40883628478496564
12.39585 0.4084748825442718
12.39705 0.4081586555836646
12.39826 0.40779725334297073
12.39947 0.40748102638236355
12.40068 0.40716479942175643
12.40188 0.40680339718106256
12.40309 0.4064871702204554
12.4043 0.4061709432598482
12.4055 0.4058547162992411
12.40671 0.4055384893386339
12.40792 0.4052222623780268
12.40912 0.40495121069750634
12.41033 0.40463498373689916
12.41154 0.40436393205637877
12.41274 0.4040477050957716
12.41395 0.40377665341525115
12.41516 0.40346042645464403
12.41636 0.40314419949403685
12.41757 0.4028731478135164
12.41878 0.4025569208529093
12.41998 0.4022406938923021
12.42119 0.40187929165160824
12.4224 0.40156306469100106
12.4236 0.40124683773039393
12.42481 0.40093061076978675
12.42602 0.4006143838091796
12.42723 0.4002529815684857
12.42843 0.39993675460787853
12.42964 0.39957535236718467
12.43085 0.39925912540657754
12.43205 0.3988977231658836
12.43326 0.39853632092518976
12.43447 0.39817491868449584
12.43567 0.397813516443802
12.43688 0.39745211420310805
12.43809 0.3970907119624142
12.43929 0.39672930972172027
12.4405 0.39632273220093966
12.44171 0.3959613299602458
12.44291 0.39555475243946514
12.44412 0.3951933501987712
12.44533 0.39483194795807736
12.44653 0.39447054571738344
12.44774 0.39410914347668957
12.44895 0.39374774123599565
12.45015 0.3933863389953018
12.45136 0.39302493675460787
12.45257 0.39266353451391395
12.45378 0.3923021322732201
12.45498 0.39198590531261296
12.45619 0.39162450307191904
12.4574 0.3913082761113119
12.4586 0.390946873870618
12.45981 0.39063064691001087
12.46102 0.3903144199494037
12.46222 0.38999819298879657
12.46343 0.3896819660281894
12.46464 0.3893657390675822
12.46584 0.38909468738706177
12.46705 0.3888236357065413
12.46826 0.388552584026021
12.46946 0.38828153234550056
12.47067 0.3880104806649801
12.47188 0.3877846042645464
12.47308 0.387513552584026
12.47429 0.38728767618359233
12.4755 0.3870166245030719
12.4767 0.3867455728225515
12.47791 0.38647452114203107
12.47912 0.38620346946151063
12.48033 0.38593241778099024
12.48153 0.3856613661004698
12.48274 0.38539031441994936
12.48395 0.3851644380195157
12.48515 0.3848933863389953
12.48636 0.38462233465847484
12.48757 0.38435128297795446
12.48877 0.38403505601734733
12.48998 0.3837640043368269
12.49119 0.3834477773762197
12.49239 0.3831767256956993
12.4936 0.3828153234550054
12.49481 0.3824990964943982
12.49601 0.38213769425370436
12.49722 0.3817762920130105
12.49843 0.38141488977231663
12.49963 0.38105348753162266
12.50084 0.3806920852909288
12.50205 0.3802855077701482
12.50325 0.37992410552945427
12.50446 0.37951752800867367
12.50567 0.379110950487893
12.50688 0.3787043729671124
12.50808 0.37829779544633174
12.50929 0.3779363932056379
12.5105 0.3775298156848573
12.5117 0.3770780628839899
12.51291 0.3766714853632092
12.51412 0.3762197325623419
12.51532 0.37581315504156126
12.51653 0.37536140224069386
12.51774 0.37495482471991326
12.51894 0.3745030719190459
12.52015 0.37409649439826526
12.52136 0.37368991687748465
12.52256 0.373283339356704
12.52377 0.3728767618359234
12.52498 0.3724701843151427
12.52618 0.3720636067943621
12.52739 0.37170220455366826
12.5286 0.3712956270328876
12.5298 0.37093422479219373
12.53101 0.37057282255149987
12.53222 0.3702114203108059
12.53343 0.36985001807011203
12.53463 0.36948861582941817
12.53584 0.36912721358872425
12.53705 0.3687658113480303
12.53825 0.36840440910733646
12.53946 0.3680881821467293
12.54067 0.36777195518612216
12.54187 0.36741055294542824
12.54308 0.3670943259848211
12.54429 0.3668232743043007
12.54549 0.3665070473436935
12.5467 0.36619082038308637
12.54791 0.36587459342247924
12.54911 0.3656035417419588
12.55032 0.3652873147813516
12.55153 0.3649710878207445
12.55273 0.3646548608601373
12.55394 0.3643386338995302
12.55515 0.364022406938923
12.55635 0.36370617997831584
12.55756 0.3634351282977954
12.55877 0.36311890133718827
12.55998 0.36280267437658115
12.56118 0.362486447415974
12.56239 0.36217022045536684
12.5636 0.36185399349475966
12.5648 0.36153776653415254
12.56601 0.36117636429345856
12.56722 0.3608601373328515
12.56842 0.3604987350921576
12.56963 0.3601825081315504
12.57084 0.35982110589085653
12.57204 0.3594597036501626
12.57325 0.35909830140946875
12.57446 0.3586917238886881
12.57566 0.3583303216479942
12.57687 0.35796891940730036
12.57808 0.3575623418865197
12.57928 0.3571557643657391
12.58049 0.3567943621250452
12.5817 0.35638778460426457
12.58291 0.3559812070834839
12.58411 0.3555746295627033
12.58532 0.35521322732200944
12.58653 0.3548066498012288
12.58773 0.3543548970003614
12.58894 0.3539483194795808
12.59015 0.3535417419588001
12.59135 0.35308998915793277
12.59256 0.35268341163715217
12.59377 0.35223165883628477
12.59497 0.35182508131550416
12.59618 0.3514185037947235
12.59739 0.3510119262739429
12.59859 0.35056017347307555
12.5998 0.3501535959522949
12.60101 0.34979219371160103
12.60221 0.3493856161908204
12.60342 0.34897903867003977
12.60463 0.34861763642934585
12.60583 0.3482110589085652
12.60704 0.34780448138778464
12.60825 0.3474430791470907
12.60946 0.3470816769063968
12.61066 0.3466750993856162
12.61187 0.34631369714492233
12.61308 0.3459522949042284
12.61428 0.3455457173834478
12.61549 0.3451843151427539
12.6167 0.34482291290205996
12.6179 0.3444615106613661
12.61911 0.34410010842067223
12.62032 0.3437387061799783
12.62152 0.3433773039392844
12.62273 0.3430610769786772
12.62394 0.34269967473798335
12.62514 0.3423382724972895
12.62635 0.3419768702565956
12.62756 0.3416154680159017
12.62876 0.34120889049512104
12.62997 0.3408474882544272
12.63118 0.3404409107336465
12.63238 0.3400343332128659
12.63359 0.33967293097217205
12.6348 0.3392663534513914
12.63601 0.33881460065052404
12.63721 0.33840802312974344
12.63842 0.3380014456089628
12.63963 0.3375496928080954
12.64083 0.3371431152873148
12.64204 0.33669136248644743
12.64325 0.33623960968558003
12.64445 0.3358330321647994
12.64566 0.3353812793639321
12.64687 0.3349295265630647
12.64807 0.3344777737621973
12.64928 0.3339808456812432
12.65049 0.3335290928803759
12.65169 0.3330321647994217
12.6529 0.33253523671846763
12.65411 0.33203830863751355
12.65531 0.3315865558366462
12.65652 0.33108962775569206
12.65773 0.330592699674738
12.65893 0.33014094687387063
12.66014 0.3296891940730033
12.66135 0.32919226599204915
12.66256 0.3287856884712685
12.66376 0.32833393567040114
12.66497 0.3278821828695338
12.66618 0.32743043006866646
12.66738 0.32697867726779906
12.66859 0.3265720997470184
12.6698 0.3261203469461511
12.671 0.32571376942537045
12.67221 0.32530719190458984
12.67342 0.3249006143838092
12.67462 0.3244940368630286
12.67583 0.3240874593422479
12.67704 0.32372605710155405
12.67824 0.3233194795807734
12.67945 0.3229580773400795
12.68066 0.3225966750993856
12.68186 0.3222804481387785
12.68307 0.32191904589808457
12.68428 0.32160281893747744
12.68548 0.3212414166967835
12.68669 0.3209251897361764
12.6879 0.3206089627755692
12.68911 0.3202475605348753
12.69031 0.31988615829418143
12.69152 0.31956993133357425
12.69273 0.3192085290928804
12.69393 0.3188471268521865
12.69514 0.31848572461149255
12.69635 0.3181243223707987
12.69755 0.3177629201301048
12.69876 0.3174015178894109
12.69997 0.31704011564871704
12.70117 0.3166787134080231
12.70238 0.31631731116732925
12.70359 0.31595590892663533
12.70479 0.31554933140585467
12.706 0.3151427538850741
12.70721 0.31473617636429346
12.70841 0.31432959884351286
12.70962 0.31387784604264546
12.71083 0.3134712685218648
12.71203 0.3130195157209975
12.71324 0.31252258764004337
12.71445 0.312070834839176
12.71566 0.31157390675822194
12.71686 0.31112215395735454
12.71807 0.31062522587640046
12.71928 0.3101282977954463
12.72048 0.309676544994579
12.72169 0.3091796169136249
12.7229 0.3087278641127575
12.7241 0.3082309360318034
12.72531 0.307779183230936
12.72652 0.3072822551499819
12.72772 0.3068305023491145
12.72893 0.30633357426816044
12.73014 0.30583664618720635
12.73134 0.30538489338633895
12.73255 0.30488796530538487
12.73376 0.3044362125045176
12.73496 0.3039844597036502
12.73617 0.3035327069027828
12.73738 0.30308095410191543
12.73858 0.30267437658113483
12.73979 0.30226779906035417
12.741 0.30186122153957357
12.74221 0.30149981929887965
12.74341 0.3011384170581857
12.74462 0.30077701481749186
12.74583 0.300415612576798
12.74703 0.30005421033610413
12.74824 0.29973798337549695
12.74945 0.29937658113480303
12.75065 0.29906035417419585
12.75186 0.298698951933502
12.75307 0.2983827249728948
12.75427 0.29802132273220094
12.75548 0.29770509577159376
12.75669 0.2973436935308999
12.75789 0.2970274665702927
12.7591 0.2967112396096856
12.76031 0.2963950126490784
12.76151 0.296123960968558
12.76272 0.29580773400795085
12.76393 0.29549150704734367
12.76513 0.2951752800867365
12.76634 0.2948138778460426
12.76755 0.2944976508854355
12.76876 0.2941362486447416
12.76996 0.2937748464040477
12.77117 0.2934134441633538
12.77238 0.2930068666425732
12.77358 0.29260028912179253
12.77479 0.29219371160101193
12.776 0.29178713408023127
12.7772 0.291335381279364
12.77841 0.2909288037585833
12.77962 0.2904770509577159
12.78082 0.2900252981568485
12.78203 0.28957354535598123
12.78324 0.28907661727502715
12.78444 0.28862486447415975
12.78565 0.28817311167329235
12.78686 0.28767618359233826
12.78806 0.2871792555113842
12.78927 0.2866823274304301
12.79048 0.2861402240693892
12.79169 0.2856432959884351
12.79289 0.2851011926273943
12.7941 0.2845590892663535
12.79531 0.2840169859053126
12.79651 0.2834748825442718
12.79772 0.2829779544633177
12.79893 0.28243585110227687
12.80013 0.281893747741236
12.80134 0.2813968196602819
12.80255 0.28089989157932777
12.80375 0.28035778821828694
12.80496 0.27986086013733286
12.80617 0.2793639320563787
12.80737 0.27886700397542463
12.80858 0.27837007589447055
12.80979 0.27787314781351646
12.81099 0.2773762197325624
12.8122 0.27687929165160824
12.81341 0.27638236357065415
12.81461 0.27593061076978675
12.81582 0.27543368268883267
12.81703 0.2749819298879653
12.81824 0.2745301770870979
12.81944 0.2740784242862306
12.82065 0.2736266714853632
12.82186 0.27317491868449584
12.82306 0.27276834116371523
12.82427 0.27231658836284783
12.82548 0.27191001084206723
12.82668 0.27150343332128657
12.82789 0.27109685580050596
12.8291 0.27069027827972536
12.8303 0.27023852547885796
12.83151 0.26983194795807736
12.83272 0.2694253704372967
12.83392 0.2690187929165161
12.83513 0.26861221539573543
12.83634 0.2682056378749548
12.83754 0.2677538850740875
12.83875 0.2673473075533068
12.83996 0.26694073003252616
12.84116 0.26653415251174556
12.84237 0.26612757499096495
12.84358 0.2657209974701843
12.84479 0.2653144199494037
12.84599 0.26490784242862303
12.8472 0.2645012649078424
12.84841 0.2640495121069751
12.84961 0.2636429345861944
12.85082 0.2631911817853271
12.85203 0.26273942898445973
12.85323 0.2623328514636791
12.85444 0.26188109866281173
12.85565 0.26142934586194433
12.85685 0.260977593061077
12.85806 0.2605258402602096
12.85927 0.2600289121792555
12.86047 0.25957715937838816
12.86168 0.2591254065775208
12.86289 0.2586736537766534
12.86409 0.2581767256956993
12.8653 0.2577249728948319
12.86651 0.25722804481387784
12.86771 0.2567762920130105
12.86892 0.2562793639320564
12.87013 0.2557824358511023
12.87134 0.2552855077701482
12.87254 0.25478857968919405
12.87375 0.25429165160823997
12.87496 0.2537947235272859
12.87616 0.2532977954463318
12.87737 0.25280086736537766
12.87858 0.2523039392844236
12.87978 0.25180701120346943
12.88099 0.25131008312251535
12.8822 0.250858330321648
12.8834 0.25036140224069386
12.88461 0.24986447415973978
12.88582 0.2493675460787857
12.88702 0.24887061799783158
12.88823 0.2483736899168775
12.88944 0.2478767618359234
12.89064 0.2473798337549693
12.89185 0.24688290567401516
12.89306 0.24638597759306108
12.89426 0.24588904951210697
12.89547 0.24539212143115288
12.89668 0.24489519335019877
12.89789 0.2444434405493314
12.89909 0.2439465124683773
12.9003 0.2434495843874232
12.90151 0.24299783158655583
12.90271 0.24250090350560172
12.90392 0.24204915070473437
12.90513 0.24155222262378026
12.90633 0.24110046982291292
12.90754 0.2406035417419588
12.90875 0.24015178894109143
12.90995 0.2397000361402241
12.91116 0.23920310805926995
12.91237 0.2387513552584026
12.91357 0.23829960245753523
12.91478 0.23780267437658112
12.91599 0.23735092157571377
12.91719 0.2368991687748464
12.9184 0.23644741597397903
12.91961 0.23599566317311169
12.92081 0.23554391037224431
12.92202 0.23509215757137694
12.92323 0.23464040477050957
12.92444 0.2341886519696422
12.92564 0.23373689916877485
12.92685 0.23323997108782074
12.92806 0.23278821828695337
12.92926 0.232336465486086
12.93047 0.2318395374051319
12.93168 0.23138778460426454
12.93288 0.23089085652331046
12.93409 0.23043910372244308
12.9353 0.22994217564148897
12.9365 0.2294452475605349
12.93771 0.22899349475966752
12.93892 0.2284965666787134
12.94012 0.22799963859775932
12.94133 0.2275027105168052
12.94254 0.22700578243585112
12.94374 0.22655402963498375
12.94495 0.22605710155402964
12.94616 0.22556017347307555
12.94736 0.22506324539212144
12.94857 0.22456631731116733
12.94978 0.22406938923021322
12.95099 0.22357246114925913
12.95219 0.22307553306830502
12.9534 0.22253342970726417
12.95461 0.22203650162631008
12.95581 0.22153957354535597
12.95702 0.2210426454644019
12.95823 0.22054571738344778
12.95943 0.2200487893024937
12.96064 0.21955186122153955
12.96185 0.2191001084206722
12.96305 0.21860318033971812
12.96426 0.21815142753885075
12.96547 0.21769967473798335
12.96667 0.21720274665702927
12.96788 0.21675099385616192
12.96909 0.21629924105529455
12.97029 0.21584748825442718
12.9715 0.2153957354535598
12.97271 0.21498915793277917
12.97391 0.2145374051319118
12.97512 0.21408565233104446
12.97633 0.21363389953017708
12.97754 0.21318214672930974
12.97874 0.21273039392844237
12.97995 0.21227864112757497
12.98116 0.21187206360679434
12.98236 0.211420310805927
12.98357 0.21096855800505962
12.98478 0.210561980484279
12.98598 0.21011022768341164
12.98719 0.20965847488254427
12.9884 0.20925189736176364
12.9896 0.20880014456089627
12.99081 0.20834839176002892
12.99202 0.20789663895916155
12.99322 0.20744488615829418
12.99443 0.2069931333574268
12.99564 0.20649620527647272
12.99684 0.20604445247560535
12.99805 0.20554752439465124
12.99926 0.2050957715937839
13.00047 0.20459884351282975
13.00167 0.20410191543187567
13.00288 0.20360498735092156
13.00409 0.20310805926996747
13.00529 0.2026111311890134
13.0065 0.20211420310805928
13.00771 0.2016172750271052
13.00891 0.20112034694615105
13.01012 0.20062341886519697
13.01133 0.20012649078424286
13.01253 0.19962956270328877
13.01374 0.19913263462233466
13.01495 0.19863570654138057
13.01615 0.19809360318033972
13.01736 0.1975966750993856
13.01857 0.19709974701843153
13.01977 0.19655764365739067
13.02098 0.1960607155764366
13.02219 0.19556378749548248
13.02339 0.1950668594145284
13.0246 0.19456993133357425
13.02581 0.19407300325262017
13.02702 0.19357607517166606
13.02822 0.19307914709071197
13.02943 0.19258221900975786
13.03064 0.1921304662088905
13.03184 0.19163353812793638
13.03305 0.19118178532706903
13.03426 0.19068485724611492
13.03546 0.19023310444524758
13.03667 0.18973617636429346
13.03788 0.1892844235634261
13.03908 0.18883267076255872
13.04029 0.18838091796169137
13.0415 0.18792916516082397
13.0427 0.18747741235995663
13.04391 0.18702565955908926
13.04512 0.1865739067582219
13.04632 0.18612215395735454
13.04753 0.1857155764365739
13.04874 0.18526382363570654
13.04994 0.1848572461149259
13.05115 0.18445066859414527
13.05236 0.18399891579327793
13.05357 0.1835923382724973
13.05477 0.18318576075171666
13.05598 0.18277918323093603
13.05719 0.18232743043006866
13.05839 0.18192085290928803
13.0596 0.18146910010842066
13.06081 0.18106252258764002
13.06201 0.18061076978677268
13.06322 0.18020419226599205
13.06443 0.17979761474521141
13.06563 0.17934586194434404
13.06684 0.1789392844235634
13.06805 0.17848753162269607
13.06925 0.1780809541019154
13.07046 0.17762920130104806
13.07167 0.17722262378026743
13.07287 0.17677087097940006
13.07408 0.1763191181785327
13.07529 0.17591254065775208
13.07649 0.1754607878568847
13.0777 0.17500903505601734
13.07891 0.17451210697506322
13.08012 0.17406035417419588
13.08132 0.1736086013733285
13.08253 0.17311167329237442
13.08374 0.1726147452114203
13.08494 0.17216299241055294
13.08615 0.17166606432959883
13.08736 0.17121431152873148
13.08856 0.17071738344777737
13.08977 0.17022045536682326
13.09098 0.16972352728586917
13.09218 0.16927177448500183
13.09339 0.1687748464040477
13.0946 0.16832309360318035
13.0958 0.16782616552222626
13.09701 0.16732923744127212
13.09822 0.16687748464040478
13.09942 0.16638055655945067
13.10063 0.16588362847849658
13.10184 0.16538670039754244
13.10304 0.1649349475966751
13.10425 0.164438019515721
13.10546 0.1639410914347669
13.10667 0.16348933863389953
13.10787 0.16299241055294544
13.10908 0.16254065775207804
13.11029 0.1620889049512107
13.11149 0.16159197687025662
13.1127 0.16114022406938924
13.11391 0.16068847126852184
13.11511 0.1602818937477412
13.11632 0.15983014094687387
13.11753 0.1593783881460065
13.11873 0.15892663534513915
13.11994 0.15847488254427178
13.12115 0.1580231297434044
13.12235 0.15761655222262377
13.12356 0.15716479942175643
13.12477 0.15671304662088903
13.12597 0.15626129382002168
13.12718 0.1558095410191543
13.12839 0.15535778821828694
13.12959 0.1549060354174196
13.1308 0.15445428261655222
13.13201 0.15400252981568488
13.13322 0.15355077701481748
13.13442 0.1530538489338634
13.13563 0.15260209613299602
13.13684 0.15215034333212868
13.13804 0.15169859053126128
13.13925 0.15124683773039393
13.14046 0.15079508492952656
13.14166 0.15029815684857248
13.14287 0.14984640404770508
13.14408 0.14939465124683773
13.14528 0.14889772316588365
13.14649 0.14844597036501625
13.1477 0.14794904228406217
13.1489 0.14745211420310808
13.15011 0.14695518612215397
13.15132 0.1465034333212866
13.15252 0.14600650524033248
13.15373 0.1455095771593784
13.15494 0.14505782435851103
13.15614 0.14456089627755692
13.15735 0.14406396819660283
13.15856 0.14361221539573546
13.15977 0.1431604625948681
13.16097 0.14266353451391398
13.16218 0.14221178171304663
13.16339 0.14176002891217926
13.16459 0.14126310083122515
13.1658 0.14081134803035777
13.16701 0.14035959522949043
13.16821 0.13990784242862306
13.16942 0.13945608962775569
13.17063 0.13900433682688831
13.17183 0.13855258402602097
13.17304 0.1381008312251536
13.17425 0.13764907842428623
13.17545 0.13719732562341888
13.17666 0.13674557282255148
13.17787 0.13633899530177088
13.17907 0.1358872425009035
13.18028 0.13543548970003613
13.18149 0.1350289121792555
13.18269 0.13457715937838816
13.1839 0.13417058185760752
13.18511 0.1337640043368269
13.18632 0.13331225153595952
13.18752 0.1329056740151789
13.18873 0.13249909649439826
13.18994 0.13204734369353088
13.19114 0.13164076617275028
13.19235 0.1311890133718829
13.19356 0.13078243585110227
13.19476 0.13037585833032164
13.19597 0.1299241055294543
13.19718 0.12951752800867367
13.19838 0.1290657752078063
13.19959 0.12865919768702566
13.2008 0.12825262016624503
13.202 0.12780086736537766
13.20321 0.12739428984459703
13.20442 0.12694253704372968
13.20562 0.12653595952294905
13.20683 0.12608420672208168
13.20804 0.12567762920130104
13.20924 0.1252258764004337
13.21045 0.12477412359956631
13.21166 0.12432237079869894
13.21287 0.12387061799783158
13.21407 0.12341886519696423
13.21528 0.12296711239609687
13.21649 0.12247018431514274
13.21769 0.12201843151427538
13.2189 0.12156667871340802
13.22011 0.12106975063245393
13.22131 0.12061799783158657
13.22252 0.12016624503071918
13.22373 0.11966931694976508
13.22493 0.11921756414889773
13.22614 0.11872063606794363
13.22735 0.11822370798698952
13.22855 0.11777195518612216
13.22976 0.11727502710516806
13.23097 0.11677809902421396
13.23217 0.11628117094325985
13.23338 0.11578424286230575
13.23459 0.11528731478135165
13.2358 0.11479038670039754
13.237 0.11429345861944344
13.23821 0.11379653053848934
13.23942 0.11329960245753525
13.24062 0.11280267437658113
13.24183 0.11235092157571376
13.24304 0.11185399349475968
13.24424 0.1114022406938923
13.24545 0.11095048789302493
13.24666 0.11049873509215756
13.24786 0.11000180701120348
13.24907 0.1095500542103361
13.25028 0.10909830140946875
13.25148 0.10869172388868811
13.25269 0.10823997108782074
13.2539 0.10778821828695337
13.2551 0.10738164076617275
13.25631 0.10697506324539212
13.25752 0.10652331044452476
13.25872 0.10616190820383087
13.25993 0.10575533068305024
13.26114 0.10539392844235634
13.26235 0.10503252620166245
13.26355 0.10467112396096856
13.26476 0.10430972172027467
13.26597 0.1039934947596675
13.26717 0.10367726779906036
13.26838 0.1033610408384532
13.26959 0.10304481387784604
13.27079 0.10272858691723888
13.272 0.10241235995663173
13.27321 0.10209613299602457
13.27441 0.10182508131550416
13.27562 0.101508854354897
13.27683 0.10123780267437658
13.27803 0.10092157571376942
13.27924 0.100650524033249
13.28045 0.10033429707264185
13.28165 0.10006324539212143
13.28286 0.099792193711601
13.28407 0.0995211420310806
13.28527 0.09925009035056018
13.28648 0.09897903867003975
13.28769 0.09870798698951934
13.2889 0.09843693530899891
13.2901 0.09816588362847849
13.29131 0.09789483194795807
13.29252 0.09762378026743766
13.29372 0.0973075533068305
13.29493 0.09703650162631008
13.29614 0.09672027466570292
13.29734 0.09640404770509578
13.29855 0.09604264546440189
13.29976 0.09572641850379472
13.30096 0.09541019154318757
13.30217 0.09504878930249368
13.30338 0.09473256234188651
13.30458 0.09441633538127936
13.30579 0.09405493314058548
13.307 0.09373870617997832
13.3082 0.09337730393928442
13.30941 0.09306107697867727
13.31062 0.0927448500180701
13.31182 0.09242862305746295
13.31303 0.09211239609685579
13.31424 0.09175099385616192
13.31545 0.09143476689555476
13.31665 0.09107336465486086
13.31786 0.09075713769425371
13.31907 0.09044091073364655
13.32027 0.09007950849295265
13.32148 0.0897632815323455
13.32269 0.08944705457173835
13.32389 0.08917600289121792
13.3251 0.08885977593061077
13.32631 0.08858872425009034
13.32751 0.08836284784965667
13.32872 0.08809179616913625
13.32993 0.08786591976870256
13.33113 0.08768521864835561
13.33234 0.08745934224792193
13.33355 0.087278641127575
13.33475 0.08709794000722804
13.33596 0.08696241416696783
13.33717 0.0867817130466209
13.33837 0.08664618720636068
13.33958 0.08651066136610047
13.34079 0.086420310805927
13.342 0.08628478496566679
13.3432 0.08614925912540658
13.34441 0.08605890856523311
13.34562 0.08596855800505962
13.34682 0.08587820744488615
13.34803 0.08578785688471269
13.34924 0.08574268160462595
13.35044 0.08569750632453922
13.35165 0.08565233104445248
13.35286 0.08565233104445248
13.35406 0.08560715576436574
13.35527 0.08560715576436574
13.35648 0.085561980484279
13.35768 0.085561980484279
13.35889 0.08551680520419226
13.3601 0.08551680520419226
13.3613 0.08547162992410552
13.36251 0.0854264546440188
13.36372 0.08533610408384532
13.36492 0.08529092880375859
13.36613 0.08524575352367185
13.36734 0.08515540296349837
13.36855 0.0850650524033249
13.36975 0.08501987712323816
13.37096 0.0849295265630647
13.37217 0.08483917600289123
13.37337 0.08474882544271774
13.37458 0.08465847488254427
13.37579 0.0845681243223708
13.37699 0.08447777376219733
13.3782 0.08438742320202385
13.37941 0.08425189736176364
13.38061 0.08416154680159017
13.38182 0.08402602096132995
13.38303 0.08389049512106975
13.38423 0.08375496928080954
13.38544 0.08361944344054932
13.38665 0.08348391760028911
13.38785 0.08330321647994218
13.38906 0.08316769063968196
13.39027 0.08298698951933503
13.39147 0.08285146367907481
13.39268 0.0827159378388146
13.39389 0.08253523671846766
13.3951 0.08239971087820744
13.3963 0.08230936031803397
13.39751 0.08217383447777377
13.39872 0.08208348391760029
13.39992 0.08194795807734008
13.40113 0.08185760751716661
13.40234 0.08176725695699313
13.40354 0.08167690639681965
13.40475 0.08158655583664619
13.40596 0.08149620527647272
13.40716 0.08145102999638598
13.40837 0.08136067943621252
13.40958 0.08131550415612576
13.41078 0.0812251535959523
13.41199 0.08117997831586556
13.4132 0.08113480303577882
13.4144 0.08108962775569209
13.41561 0.08104445247560535
13.41682 0.08099927719551862
13.41802 0.08099927719551862
13.41923 0.08099927719551862
13.42044 0.08099927719551862
13.42165 0.08099927719551862
13.42285 0.08099927719551862
13.42406 0.08104445247560535
13.42527 0.08104445247560535
13.42647 0.08104445247560535
13.42768 0.08104445247560535
13.42889 0.08104445247560535
13.43009 0.08104445247560535
13.4313 0.08099927719551862
13.43251 0.08099927719551862
13.43371 0.08095410191543187
13.43492 0.08090892663534513
13.43613 0.0808637513552584
13.43733 0.0808637513552584
13.43854 0.08081857607517166
13.43975 0.08077340079508492
13.44095 0.0807282255149982
13.44216 0.08063787495482473
13.44337 0.08059269967473799
13.44458 0.08050234911456451
13.44578 0.08041199855439103
13.44699 0.08032164799421757
13.4482 0.08018612215395735
13.4494 0.08005059631369714
13.45061 0.07991507047343693
13.45182 0.07973436935308999
13.45302 0.07955366823274304
13.45423 0.0793729671123961
13.45544 0.07919226599204915
13.45664 0.07896638959161546
13.45785 0.07874051319118179
13.45906 0.0785146367907481
13.46026 0.07828876039031443
13.46147 0.078017708709794
13.46268 0.07774665702927358
13.46388 0.07747560534875315
13.46509 0.07720455366823274
13.4663 0.07693350198771233
13.4675 0.0766624503071919
13.46871 0.07634622334658474
13.46992 0.0760299963859776
13.47113 0.07571376942537043
13.47233 0.07535236718467654
13.47354 0.07503614022406939
13.47475 0.0746747379833755
13.47595 0.0743133357426816
13.47716 0.07395193350198771
13.47837 0.07354535598120708
13.47957 0.07318395374051319
13.48078 0.0728225514998193
13.48199 0.0724611492591254
13.48319 0.07205457173834477
13.4844 0.07169316949765088
13.48561 0.07133176725695699
13.48681 0.0709703650162631
13.48802 0.07060896277556922
13.48923 0.07020238525478859
13.49043 0.06984098301409468
13.49164 0.06947958077340079
13.49285 0.06907300325262017
13.49405 0.06871160101192628
13.49526 0.06830502349114564
13.49647 0.06794362125045175
13.49768 0.06753704372967112
13.49888 0.06717564148897723
13.50009 0.06681423924828334
13.5013 0.06645283700758944
13.5025 0.06609143476689555
13.50371 0.06573003252620166
13.50492 0.06536863028550777
13.50612 0.06500722804481388
13.50733 0.06464582580411998
13.50854 0.06428442356342609
13.50974 0.06396819660281894
13.51095 0.06360679436212505
13.51216 0.0632905674015179
13.51336 0.062929165160824
13.51457 0.0625677629201301
13.51578 0.06225153595952295
13.51698 0.06189013371882906
13.51819 0.0615739067582219
13.5194 0.06121250451752801
13.5206 0.060896277556920855
13.52181 0.06053487531622696
13.52302 0.060218648355619804
13.52423 0.05985724611492591
13.52543 0.05954101915431876
13.52664 0.05917961691362487
13.52785 0.05886338995301771
13.52905 0.058501987712323816
13.53026 0.058185760751716664
13.53147 0.057869533791109505
13.53267 0.05750813155041561
13.53388 0.057191904589808454
13.53509 0.0568756776292013
13.53629 0.05651427538850741
13.5375 0.05619804842790025
13.53871 0.05583664618720636
13.53991 0.055520419226599206
13.54112 0.055159016985905314
13.54233 0.054842790025298155
13.54353 0.05448138778460426
13.54474 0.05416516082399711
13.54595 0.05380375858330322
13.54715 0.05348753162269606
13.54836 0.0531713046620889
13.54957 0.052809902421395015
13.55078 0.052493675460787856
13.55198 0.0521774485001807
13.55319 0.051906396819660285
13.5544 0.051590169859053125
13.5556 0.051319118178532706
13.55681 0.05104806649801229
13.55802 0.050731839537405135
13.55922 0.05046078785688471
13.56043 0.0501897361763643
13.56164 0.04996385977593061
13.56284 0.04969280809541019
13.56405 0.04942175641488977
13.56526 0.04919588001445609
13.56646 0.04897000361402241
13.56767 0.04874412721358872
13.56888 0.04851825081315504
13.57008 0.04833754969280809
13.57129 0.04811167329237441
13.5725 0.0479761474521142
13.5737 0.04779544633176726
13.57491 0.04765992049150705
13.57612 0.04752439465124684
13.57733 0.047388868810986626
13.57853 0.04725334297072642
13.57974 0.04716299241055295
13.58095 0.047072641850379474
13.58215 0.046982291290205994
13.58336 0.04689194073003253
13.58457 0.046846765449945794
13.58577 0.046756414889772314
13.58698 0.04671123960968558
13.58819 0.04666606432959885
13.58939 0.04657571376942537
13.5906 0.046530538489338635
13.59181 0.0464853632092519
13.59301 0.046440187929165155
13.59422 0.046440187929165155
13.59543 0.04639501264907842
13.59663 0.04639501264907842
13.59784 0.04639501264907842
13.59905 0.04634983736899169
13.60025 0.04634983736899169
13.60146 0.04634983736899169
13.60267 0.04639501264907842
13.60388 0.04639501264907842
13.60508 0.04639501264907842
13.60629 0.04639501264907842
13.6075 0.04634983736899169
13.6087 0.04634983736899169
13.60991 0.04634983736899169
13.61112 0.04634983736899169
13.61232 0.04634983736899169
13.61353 0.046304662088904956
13.61474 0.046304662088904956
13.61594 0.046304662088904956
13.61715 0.046259486808818216
13.61836 0.046259486808818216
13.61956 0.046259486808818216
13.62077 0.046259486808818216
13.62198 0.046259486808818216
13.62318 0.046259486808818216
13.62439 0.046259486808818216
13.6256 0.046259486808818216
13.6268 0.046304662088904956
13.62801 0.046304662088904956
13.62922 0.046304662088904956
13.63043 0.04634983736899169
13.63163 0.04634983736899169
13.63284 0.04639501264907842
13.63405 0.04639501264907842
13.63525 0.046440187929165155
13.63646 0.046440187929165155
13.63767 0.0464853632092519
13.63887 0.046530538489338635
13.64008 0.04657571376942537
13.64129 0.04666606432959885
13.64249 0.04671123960968558
13.6437 0.04680159016985905
13.64491 0.04689194073003253
13.64611 0.046982291290205994
13.64732 0.04711781713046621
13.64853 0.04720816769063968
13.64973 0.04734369353089989
13.65094 0.0474792193711601
13.65215 0.04761474521142031
13.65336 0.04775027105168052
13.65456 0.04788579689194073
13.65577 0.048021322732200944
13.65698 0.04820202385254789
13.65818 0.04833754969280809
13.65939 0.04851825081315504
13.6606 0.04869895193350199
13.6618 0.048879653053848934
13.66301 0.04906035417419588
13.66422 0.049241055294542826
13.66542 0.04942175641488977
13.66663 0.04964763281532345
13.66784 0.0498283339356704
13.66904 0.050054210336104084
13.67025 0.05028008673653776
13.67146 0.05050596313697145
13.67266 0.050731839537405135
13.67387 0.050957715937838814
13.67508 0.05118359233827249
13.67628 0.05140946873870618
13.67749 0.05163534513913986
13.6787 0.051816046259486805
13.67991 0.0520419226599205
13.68111 0.05226779906035418
13.68232 0.05244850018070112
13.68353 0.0526743765811348
13.68473 0.05290025298156849
13.68594 0.053080954101915434
13.68715 0.05330683050234911
13.68835 0.05348753162269606
13.68956 0.05371340802312974
13.69077 0.053894109143476684
13.69197 0.05411998554391037
13.69318 0.05430068666425732
13.69439 0.054526563064691
13.69559 0.05470726418503794
13.6968 0.05488796530538489
13.69801 0.055068666425731834
13.69921 0.05524936754607878
13.70042 0.05543006866642573
13.70163 0.05561076978677268
13.70283 0.055791470907119625
13.70404 0.05592699674737984
13.70525 0.056107697867726784
13.70646 0.05624322370798698
13.70766 0.05642392482833393
13.70887 0.05655945066859414
13.71008 0.056694976508854356
13.71128 0.0568756776292013
13.71249 0.05701120346946151
13.7137 0.057191904589808454
13.7149 0.05732743043006867
13.71611 0.05750813155041561
13.71732 0.057643657390675826
13.71852 0.05782435851102277
13.71973 0.05795988435128298
13.72094 0.058095410191543184
13.72214 0.05827611131189013
13.72335 0.05841163715215034
13.72456 0.05859233827249729
13.72576 0.058727864112757495
13.72697 0.05890856523310444
13.72818 0.059044091073364655
13.72938 0.05917961691362487
13.73059 0.059360318033971814
13.7318 0.05949584387423202
13.73301 0.059676544994578966
13.73421 0.05981207083483918
13.73542 0.059947596675099385
13.73663 0.06012829779544633
13.73783 0.06026382363570654
13.73904 0.06044452475605348
13.74025 0.06062522587640043
13.74145 0.06076075171666064
13.74266 0.06094145283700759
13.74387 0.061122153957354534
13.74507 0.06125767979761474
13.74628 0.061393205637874954
13.74749 0.0615739067582219
13.74869 0.06170943259848211
13.7499 0.061844958438742326
13.75111 0.061980484279002525
13.75231 0.062070834839176005
13.75352 0.06220636067943621
13.75473 0.062296711239609684
13.75593 0.06238706179978316
13.75714 0.06252258764004337
13.75835 0.06261293820021685
13.75956 0.06270328876039032
13.76076 0.06279363932056378
13.76197 0.06283881460065052
13.76318 0.062929165160824
13.76438 0.06297434044091073
13.76559 0.06306469100108421
13.7668 0.06310986628117095
13.768 0.06310986628117095
13.76921 0.06315504156125767
13.77042 0.06315504156125767
13.77162 0.06315504156125767
13.77283 0.06310986628117095
13.77404 0.06310986628117095
13.77524 0.06306469100108421
13.77645 0.06301951572099747
13.77766 0.062929165160824
13.77886 0.06288398988073726
13.78007 0.06279363932056378
13.78128 0.06270328876039032
13.78248 0.06261293820021685
13.78369 0.06252258764004337
13.7849 0.06238706179978316
13.78611 0.062296711239609684
13.78731 0.06216118539934947
13.78852 0.062025659559089265
13.78973 0.06193530899891579
13.79093 0.061754607878568846
13.79214 0.06161908203830863
13.79335 0.06143838091796169
13.79455 0.06125767979761474
13.79576 0.0610769786772678
13.79697 0.060896277556920855
13.79817 0.06071557643657391
13.79938 0.06048970003614023
13.80059 0.060308998915793284
13.80179 0.06008312251535959
13.803 0.059902421395012645
13.80421 0.059721720274665706
13.80541 0.05949584387423202
13.80662 0.059315142753885074
13.80783 0.05913444163353812
13.80903 0.05895374051319119
13.81024 0.058773039392844235
13.81145 0.05859233827249729
13.81266 0.05841163715215034
13.81386 0.0582309360318034
13.81507 0.05805023491145645
13.81628 0.05791470907119624
13.81748 0.05773400795084929
13.81869 0.057553306830502346
13.8199 0.0573726057101554
13.8211 0.057191904589808454
13.82231 0.05701120346946151
13.82352 0.0568756776292013
13.82472 0.056694976508854356
13.82593 0.05651427538850741
13.82714 0.05633357426816046
13.82834 0.05619804842790025
13.82955 0.056017347307553304
13.83076 0.0558818214672931
13.83196 0.05570112034694615
13.83317 0.05556559450668594
13.83438 0.05538489338633899
13.83558 0.05524936754607878
13.83679 0.055068666425731834
13.838 0.054933140585471635
13.83921 0.05475243946512469
13.84041 0.054616913624864476
13.84162 0.05443621250451753
13.84283 0.054255511384170584
13.84403 0.05407481026382364
13.84524 0.053894109143476684
13.84645 0.05371340802312974
13.84765 0.05348753162269606
13.84886 0.05330683050234911
13.85007 0.05312612938200217
13.85127 0.05290025298156849
13.85248 0.05271955186122154
13.85369 0.052493675460787856
13.85489 0.05226779906035418
13.8561 0.0520419226599205
13.85731 0.051816046259486805
13.85851 0.051590169859053125
13.85972 0.05136429345861944
13.86093 0.05113841705818576
13.86214 0.050867365377665334
13.86334 0.05059631369714492
13.86455 0.05037043729671124
13.86576 0.050054210336104084
13.86696 0.049783158655583665
13.86817 0.04951210697506324
13.86938 0.04919588001445609
13.87058 0.048879653053848934
13.87179 0.048563426093241775
13.873 0.048292374412721356
13.8742 0.0479761474521142
13.87541 0.04761474521142031
13.87662 0.04729851825081315
13.87782 0.046982291290205994
13.87903 0.04666606432959885
13.88024 0.04634983736899169
13.88144 0.04603361040838453
13.88265 0.04571738344777738
13.88386 0.045355981207083486
13.88506 0.04503975424647633
13.88627 0.044678352005782435
13.88748 0.04436212504517528
13.88869 0.04400072280448139
13.88989 0.0436393205637875
13.8911 0.04332309360318034
13.89231 0.04296169136248645
13.89351 0.042645464401879295
13.89472 0.0422840621611854
13.89593 0.04196783520057824
13.89713 0.04160643295988435
13.89834 0.0412902059992772
13.89955 0.04097397903867004
13.90075 0.04065775207806288
13.90196 0.04034152511745573
13.90317 0.0400704734369353
13.90437 0.03975424647632816
13.90558 0.039438019515721
13.90679 0.03916696783520058
13.90799 0.03889591615468016
13.9092 0.03857968919407301
13.91041 0.03830863751355258
13.91161 0.03803758583303217
13.91282 0.037766534152511744
13.91403 0.037495482471991325
13.91524 0.03722443079147091
13.91644 0.036953379110950486
13.91765 0.03668232743043007
13.91886 0.03645645102999639
13.92006 0.03618539934947596
13.92127 0.03595952294904228
13.92248 0.035733646548608604
13.92368 0.035507770148174925
13.92489 0.03528189374774124
13.9261 0.03505601734730755
13.9273 0.034830140946873867
13.92851 0.03464943982652692
13.92972 0.03442356342609324
13.93092 0.03419768702565956
13.93213 0.034016985905312616
13.93334 0.03379110950487893
13.93454 0.033610408384531984
13.93575 0.0333845319840983
13.93696 0.03315865558366462
13.93816 0.03293277918323093
13.93937 0.032752078062883994
13.94058 0.03252620166245031
13.94179 0.03230032526201662
13.94299 0.03207444886158294
13.9442 0.031893747741235996
13.94541 0.03166787134080231
13.94661 0.03144199494036863
13.94782 0.03121611853993495
13.94903 0.031035417419588002
13.95023 0.030809541019154316
13.95144 0.030583664618720637
13.95265 0.030357788218286955
13.95385 0.03013191181785327
13.95506 0.02990603541741959
13.95627 0.029680159016985907
13.95747 0.02945428261655222
13.95868 0.02922840621611854
13.95989 0.02895735453559812
13.96109 0.02873147813516444
13.9623 0.028460426454644017
13.96351 0.028189374774123598
13.96471 0.02796349837368992
13.96592 0.027692446693169497
13.96713 0.027421395012649077
13.96834 0.027195518612215395
13.96954 0.026924466931694976
13.97075 0.026698590531261297
13.97196 0.026427538850740874
13.97316 0.026156487170220455
13.97437 0.025930610769786772
13.97558 0.02570473436935309
13.97678 0.025433682688832667
13.97799 0.025207806288398988
13.9792 0.024981929887965305
13.9804 0.024710878207444886
13.98161 0.024485001807011204
13.98282 0.02425912540657752
13.98402 0.0239880737260571
13.98523 0.02376219732562342
13.98644 0.023536320925189737
13.98764 0.02331044452475605
13.98885 0.02308456812432237
13.99006 0.02285869172388869
13.99126 0.022632815323455003
13.99247 0.022406938923021324
13.99368 0.022226237802674374
13.99489 0.022000361402240695
13.99609 0.02181966028189375
13.9973 0.021593783881460066
13.99851 0.02141308276111312
13.99971 0.021232381640766174
14.00092 0.021006505240332488
14.00213 0.020825804119985546
14.00333 0.0206451029996386
14.00454 0.020464401879291653
14.00575 0.020283700758944704
14.00695 0.020102999638597758
14.00816 0.019967473798337552
14.00937 0.019786772677990606
14.01057 0.019606071557643656
14.01178 0.01942537043729671
14.01299 0.019244669316949764
14.01419 0.019063968196602818
14.0154 0.018883267076255872
14.01661 0.018702565955908926
14.01781 0.018521864835561983
14.01902 0.01838633899530177
14.02023 0.018205637874954824
14.02144 0.018024936754607878
14.02264 0.01788941091434767
14.02385 0.017708709794000722
14.02506 0.017528008673653776
14.02626 0.01734730755330683
14.02747 0.01721178171304662
14.02868 0.017031080592699675
14.02988 0.01685037947235273
14.03109 0.016669678352005782
14.0323 0.016488977231658836
14.0335 0.01630827611131189
14.03471 0.016127574990964944
14.03592 0.015946873870617998
14.03712 0.015766172750271052
14.03833 0.015585471629924106
14.03954 0.015404770509577158
14.04074 0.015224069389230214
14.04195 0.014998192988796531
14.04316 0.014817491868449583
14.04436 0.014636790748102637
14.04557 0.014456089627755693
14.04678 0.014275388507408747
14.04799 0.014094687387061799
14.04919 0.013913986266714853
14.0504 0.013733285146367909
14.05161 0.013552584026020961
14.05281 0.013326707625587278
14.05402 0.013146006505240332
14.05523 0.012965305384893386
14.05643 0.01278460426454644
14.05764 0.012603903144199494
14.05885 0.012423202023852548
14.06005 0.012242500903505602
14.06126 0.012061799783158656
14.06247 0.01188109866281171
14.06367 0.011700397542464762
14.06488 0.011519696422117818
14.06609 0.011338995301770871
14.06729 0.011203469461510662
14.0685 0.011022768341163714
14.06971 0.010842067220816768
14.07092 0.01070654138055656
14.07212 0.010525840260209614
14.07333 0.010390314419949403
14.07454 0.010209613299602457
14.07574 0.010074087459342249
14.07695 0.009893386338995303
14.07816 0.009757860498735092
14.07936 0.009622334658474882
14.08057 0.009486808818214672
14.08178 0.009306107697867728
14.08298 0.009170581857607517
14.08419 0.009035056017347307
14.0854 0.008899530177087098
14.0866 0.008764004336826888
14.08781 0.008628478496566679
14.08902 0.008538127936393206
14.09022 0.008402602096132996
14.09143 0.008267076255872786
14.09264 0.008131550415612577
14.09384 0.008041199855439104
14.09505 0.007905674015178894
14.09626 0.007815323455005421
14.09747 0.007679797614745211
14.09867 0.007589447054571739
14.09988 0.007499096494398266
14.10109 0.007363570654138055
14.10229 0.007273220093964583
14.1035 0.00718286953379111
14.10471 0.007092518973617636
14.10591 0.0069569931333574265
14.10712 0.006866642573183954
14.10833 0.0067762920130104804
14.10953 0.006640766172750271
14.11074 0.006550415612576798
14.11195 0.006460065052403325
14.11315 0.006369714492229852
14.11436 0.006279363932056379
14.11557 0.006189013371882905
14.11677 0.006053487531622696
14.11798 0.005963136971449223
14.11919 0.005872786411275749
14.12039 0.005782435851102277
14.1216 0.005692085290928804
14.12281 0.005601734730755331
14.12402 0.005511384170581857
14.12522 0.005421033610408384
14.12643 0.005330683050234912
14.12764 0.005195157209974701
14.12884 0.005104806649801228
14.13005 0.005014456089627756
14.13126 0.004924105529454283
14.13246 0.004833754969280809
14.13367 0.0046982291290206
14.13488 0.0046078785688471275
14.13608 0.004517528008673654
14.13729 0.004427177448500181
14.1385 0.004291651608239971
14.1397 0.004201301048066498
14.14091 0.004110950487893025
14.14212 0.004020599927719552
14.14332 0.003930249367546079
14.14453 0.0038398988073726054
14.14574 0.003749548247199133
14.14694 0.0036591976870256593
14.14815 0.0035688471268521867
14.14936 0.0034784965666787133
14.15057 0.0033881460065052402
14.15177 0.003297795446331767
14.15298 0.003207444886158294
14.15419 0.003117094325984821
14.15539 0.003026743765811348
14.1566 0.0029815684857246116
14.15781 0.0028912179255511385
14.15901 0.0028008673653776655
14.16022 0.002710516805204192
14.16143 0.002665341525117456
14.16263 0.0025749909649439824
14.16384 0.002529815684857246
14.16505 0.002439465124683773
14.16625 0.0023942898445970364
14.16746 0.0023039392844235638
14.16867 0.002258764004336827
14.16987 0.0021684134441633538
14.17108 0.0021232381640766173
14.17229 0.0020780628839898807
14.17349 0.0020328876039031442
14.1747 0.0019877123238164077
14.17591 0.001942537043729671
14.17712 0.001852186483556198
14.17832 0.0018070112034694616
14.17953 0.0017618359233827249
14.18074 0.0017166606432959886
14.18194 0.0016714853632092519
14.18315 0.0016263100831225155
14.18436 0.0015811348030357788
14.18556 0.0015359595229490423
14.18677 0.0014907842428623058
14.18798 0.0014004336826888327
14.18918 0.001355258402602096
14.19039 0.0013100831225153597
14.1916 0.001264907842428623
14.1928 0.0012197325623418864
14.19401 0.00117455728225515
14.19522 0.0011293820021684134
14.19642 0.0010390314419949404
14.19763 0.0009938561619082039
14.19884 0.0009486808818214673
14.20004 0.0009035056017347308
14.20125 0.0008583303216479943
14.20246 0.0008131550415612578
14.20367 0.0007679797614745211
14.20487 0.0007228044813877846
14.20608 0.0006324539212143115
14.20729 0.000587278641127575
14.20849 0.0005421033610408384
14.2097 0.0004969280809541019
14.21091 0.0004065775207806289
14.21211 0.0003614022406938923
14.21332 0.00031622696060715574
14.21453 0.0002710516805204192
14.21573 0.00018070112034694616
14.21694 0.0001355258402602096
14.21815 9.035056017347308e-05
14.21935 4.517528008673654e-05
14.22056 0.0
14.22177 -4.517528008673654e-05
14.22297 -9.035056017347308e-05
14.22418 -0.0001355258402602096
14.22539 -0.0001355258402602096
14.22659 -0.00018070112034694616
14.2278 -0.0002258764004336827
14.22901 -0.0002258764004336827
14.23022 -0.0002710516805204192
14.23142 -0.0002710516805204192
14.23263 -0.0002710516805204192
14.23384 -0.00031622696060715574
14.23504 -0.00031622696060715574
14.23625 -0.00031622696060715574
14.23746 -0.00031622696060715574
14.23866 -0.0003614022406938923
14.23987 -0.0003614022406938923
14.24108 -0.00031622696060715574
14.24228 -0.00031622696060715574
14.24349 -0.00031622696060715574
14.2447 -0.00031622696060715574
14.2459 -0.0002710516805204192
14.24711 -0.0002710516805204192
14.24832 -0.0002258764004336827
14.24952 -0.00018070112034694616
14.25073 -0.0001355258402602096
14.25194 -9.035056017347308e-05
14.25314 -4.517528008673654e-05
14.25435 -0.0
14.25556 4.517528008673654e-05
14.25677 9.035056017347308e-05
14.25797 0.0001355258402602096
14.25918 0.00018070112034694616
14.26039 0.0002258764004336827
14.26159 0.0002710516805204192
14.2628 0.00031622696060715574
14.26401 0.0003614022406938923
14.26521 0.0004065775207806289
14.26642 0.0004517528008673654
14.26763 0.0004969280809541019
14.26883 0.000587278641127575
14.27004 0.0006324539212143115
14.27125 0.000677629201301048
14.27245 0.0007228044813877846
14.27366 0.0007679797614745211
14.27487 0.0008131550415612578
14.27607 0.0008583303216479943
14.27728 0.0009035056017347308
14.27849 0.0009486808818214673
14.2797 0.0009938561619082039
14.2809 0.0009938561619082039
14.28211 0.0010390314419949404
14.28332 0.0010842067220816769
14.28452 0.0010842067220816769
14.28573 0.0011293820021684134
14.28694 0.0011293820021684134
14.28814 0.0011293820021684134
14.28935 0.0011293820021684134
14.29056 0.0011293820021684134
14.29176 0.0011293820021684134
14.29297 0.0011293820021684134
14.29418 0.0011293820021684134
14.29538 0.0011293820021684134
14.29659 0.0011293820021684134
14.2978 0.0011293820021684134
14.299 0.0011293820021684134
14.30021 0.0011293820021684134
14.30142 0.0011293820021684134
14.30262 0.0011293820021684134
14.30383 0.0011293820021684134
14.30504 0.0011293820021684134
14.30625 0.0010842067220816769
14.30745 0.0010842067220816769
14.30866 0.0010842067220816769
14.30987 0.0010842067220816769
14.31107 0.0010842067220816769
14.31228 0.0010842067220816769
14.31349 0.0010842067220816769
14.31469 0.0010842067220816769
14.3159 0.0010842067220816769
14.31711 0.0010842067220816769
14.31831 0.0010842067220816769
14.31952 0.0010842067220816769
14.32073 0.0011293820021684134
14.32193 0.0011293820021684134
14.32314 0.00117455728225515
14.32435 0.00117455728225515
14.32555 0.0012197325623418864
14.32676 0.001264907842428623
14.32797 0.0013100831225153597
14.32917 0.001355258402602096
14.33038 0.0014004336826888327
14.33159 0.0014456089627755693
14.3328 0.0014907842428623058
14.334 0.0015811348030357788
14.33521 0.0016263100831225155
14.33642 0.0016714853632092519
14.33762 0.0017618359233827249
14.33883 0.001852186483556198
14.34004 0.0018973617636429347
14.34124 0.0019877123238164077
14.34245 0.0020780628839898807
14.34366 0.0021684134441633538
14.34486 0.002258764004336827
14.34607 0.0023491145645103
14.34728 0.00248464040477051
14.34848 0.0025749909649439824
14.34969 0.002710516805204192
14.3509 0.0028008673653776655
14.3521 0.0029363932056378746
14.35331 0.0030719190458980846
14.35452 0.0031622696060715576
14.35572 0.003297795446331767
14.35693 0.003433321286591977
14.35814 0.0035688471268521867
14.35935 0.003704372967112396
14.36055 0.0037947235272858693
14.36176 0.003930249367546079
14.36297 0.0040657752078062884
14.36417 0.004201301048066498
14.36538 0.004291651608239971
14.36659 0.004427177448500181
14.36779 0.00456270328876039
14.369 0.0046982291290206
14.37021 0.004833754969280809
14.37141 0.00496928080954102
14.37262 0.005104806649801228
14.37383 0.005240332490061439
14.37503 0.005375858330321648
14.37624 0.005511384170581857
14.37745 0.005601734730755331
14.37865 0.0057372605710155405
14.37986 0.005872786411275749
14.38107 0.00600831225153596
14.38227 0.006098662811709433
14.38348 0.006234188651969642
14.38469 0.006324539212143115
14.3859 0.006414889772316588
14.3871 0.006550415612576798
14.38831 0.006640766172750271
14.38952 0.006731116732923744
14.39072 0.006821467293097218
14.39193 0.00691181785327069
14.39314 0.007002168413444163
14.39434 0.007092518973617636
14.39555 0.00718286953379111
14.39676 0.007273220093964583
14.39796 0.007363570654138055
14.39917 0.007453921214311528
14.40038 0.007589447054571739
14.40158 0.007679797614745211
14.40279 0.007770148174918684
14.404 0.007860498735092158
14.4052 0.00795084929526563
14.40641 0.008041199855439104
14.40762 0.008131550415612577
14.40882 0.00822190097578605
14.41003 0.008312251535959523
14.41124 0.008402602096132996
14.41245 0.008492952656306469
14.41365 0.008628478496566679
14.41486 0.008718829056740152
14.41607 0.008809179616913625
14.41727 0.008899530177087098
14.41848 0.009035056017347307
14.41969 0.009170581857607517
14.42089 0.009260932417780992
14.4221 0.0093964582580412
14.42331 0.009531984098301409
14.42451 0.009667509938561619
14.42572 0.009848211058908566
14.42693 0.009983736899168776
14.42813 0.010119262739428984
14.42934 0.01029996385977593
14.43055 0.010480664980122878
14.43175 0.010616190820383087
14.43296 0.010796891940730033
14.43417 0.010977593061076978
14.43537 0.011158294181423925
14.43658 0.011338995301770871
14.43779 0.011519696422117818
14.439 0.011700397542464762
14.4402 0.011926273942898446
14.44141 0.012106975063245392
14.44262 0.012287676183592338
14.44382 0.012513552584026021
14.44503 0.012694253704372967
14.44624 0.01292013010480665
14.44744 0.013146006505240332
14.44865 0.013371882905674015
14.44986 0.013597759306107697
14.45106 0.013868810986628117
14.45227 0.014094687387061799
14.45348 0.014320563787495483
14.45468 0.014546440187929166
14.45589 0.014817491868449583
14.4571 0.015043368268883268
14.4583 0.01526924466931695
14.45951 0.015495121069750631
14.46072 0.015720997470184316
14.46192 0.015946873870617998
14.46313 0.01617275027105168
14.46434 0.016353451391398627
14.46555 0.01657932779183231
14.46675 0.016805204192265992
14.46796 0.017031080592699675
14.46917 0.017256956993133357
14.47037 0.017437658113480303
14.47158 0.017663534513913986
14.47279 0.01788941091434767
14.47399 0.018070112034694615
14.4752 0.018295988435128297
14.47641 0.018476689555475243
14.47761 0.018702565955908926
14.47882 0.018883267076255872
14.48003 0.019063968196602818
14.48123 0.019244669316949764
14.48244 0.01942537043729671
14.48365 0.01956089627755692
14.48485 0.019741597397903866
14.48606 0.01987712323816408
14.48727 0.020057824358511025
14.48848 0.02019335019877123
14.48968 0.02032887603903144
14.49089 0.020464401879291653
14.4921 0.02059992771955186
14.4933 0.020735453559812073
14.49451 0.020825804119985546
14.49572 0.020961329960245755
14.49692 0.02109685580050596
14.49813 0.021187206360679434
14.49934 0.021322732200939647
14.50054 0.02141308276111312
14.50175 0.021548608601373326
14.50296 0.021638959161546803
14.50416 0.02177448500180701
14.50537 0.021864835561980482
14.50658 0.021955186122153955
14.50778 0.022045536682327428
14.50899 0.0221358872425009
14.5102 0.022226237802674374
14.5114 0.02231658836284785
14.51261 0.022406938923021324
14.51382 0.022497289483194797
14.51503 0.02258764004336827
14.51623 0.022677990603541743
14.51744 0.022768341163715216
14.51865 0.02285869172388869
14.51985 0.022949042284062162
14.52106 0.023039392844235635
14.52227 0.023129743404409108
14.52347 0.023220093964582578
14.52468 0.02331044452475605
14.52589 0.023400795084929524
14.52709 0.023491145645102997
14.5283 0.023581496205276473
14.52951 0.023671846765449946
14.53071 0.023807372605710156
14.53192 0.02389772316588363
14.53313 0.0239880737260571
14.53433 0.02407842428623057
14.53554 0.024168774846404045
14.53675 0.02425912540657752
14.53795 0.024349475966750994
14.53916 0.024439826526924467
14.54037 0.02453017708709794
14.54158 0.024620527647271413
14.54278 0.024710878207444886
14.54399 0.02475605348753162
14.5452 0.024846404047705096
14.5464 0.02493675460787857
14.54761 0.024981929887965305
14.54882 0.02507228044813878
14.55002 0.02516263100831225
14.55123 0.025207806288398988
14.55244 0.02529815684857246
14.55364 0.0253433321286592
14.55485 0.025433682688832667
14.55606 0.025478857968919407
14.55726 0.025524033249006144
14.55847 0.02556920852909288
14.55968 0.025614383809179617
14.56088 0.025659559089266353
14.56209 0.02570473436935309
14.5633 0.025749909649439826
14.5645 0.025749909649439826
14.56571 0.025749909649439826
14.56692 0.025795084929526563
14.56813 0.025795084929526563
14.56933 0.025795084929526563
14.57054 0.025749909649439826
14.57175 0.025749909649439826
14.57295 0.02570473436935309
14.57416 0.02570473436935309
14.57537 0.025659559089266353
14.57657 0.025659559089266353
14.57778 0.025614383809179617
14.57899 0.02556920852909288
14.58019 0.02556920852909288
14.5814 0.025524033249006144
14.58261 0.025478857968919407
14.58381 0.025433682688832667
14.58502 0.025433682688832667
14.58623 0.025388507408745934
14.58743 0.0253433321286592
14.58864 0.02529815684857246
14.58985 0.025252981568485725
14.59105 0.025207806288398988
14.59226 0.02516263100831225
14.59347 0.02507228044813878
14.59468 0.025027105168052042
14.59588 0.024981929887965305
14.59709 0.02493675460787857
14.5983 0.024891579327791832
14.5995 0.024846404047705096
14.60071 0.02480122876761836
14.60192 0.02475605348753162
14.60312 0.024710878207444886
14.60433 0.024710878207444886
14.60554 0.024665702927358146
14.60674 0.024665702927358146
14.60795 0.024665702927358146
14.60916 0.024665702927358146
14.61036 0.024620527647271413
14.61157 0.024620527647271413
14.61278 0.024620527647271413
14.61398 0.024620527647271413
14.61519 0.024665702927358146
14.6164 0.024665702927358146
14.6176 0.024665702927358146
14.61881 0.024665702927358146
14.62002 0.024710878207444886
14.62123 0.024710878207444886
14.62243 0.024710878207444886
14.62364 0.02475605348753162
14.62485 0.02475605348753162
14.62605 0.02480122876761836
14.62726 0.02480122876761836
14.62847 0.024846404047705096
14.62967 0.024891579327791832
14.63088 0.02493675460787857
14.63209 0.024981929887965305
14.63329 0.025027105168052042
14.6345 0.02507228044813878
14.63571 0.025117455728225515
14.63691 0.02516263100831225
14.63812 0.025207806288398988
14.63933 0.025252981568485725
14.64053 0.02529815684857246
14.64174 0.0253433321286592
14.64295 0.025388507408745934
14.64415 0.025433682688832667
14.64536 0.025478857968919407
14.64657 0.025478857968919407
14.64778 0.025524033249006144
14.64898 0.02556920852909288
14.65019 0.02556920852909288
14.6514 0.025614383809179617
14.6526 0.025614383809179617
14.65381 0.025659559089266353
14.65502 0.025659559089266353
14.65622 0.025659559089266353
14.65743 0.02570473436935309
14.65864 0.02570473436935309
14.65984 0.02570473436935309
14.66105 0.025749909649439826
14.66226 0.025749909649439826
14.66346 0.025749909649439826
14.66467 0.025749909649439826
14.66588 0.025749909649439826
14.66708 0.025795084929526563
14.66829 0.025795084929526563
14.6695 0.025795084929526563
14.6707 0.025749909649439826
14.67191 0.025749909649439826
14.67312 0.025749909649439826
14.67433 0.025749909649439826
14.67553 0.02570473436935309
14.67674 0.02570473436935309
14.67795 0.025659559089266353
14.67915 0.025659559089266353
14.68036 0.025659559089266353
14.68157 0.025614383809179617
14.68277 0.025614383809179617
14.68398 0.025614383809179617
14.68519 0.025614383809179617
14.68639 0.025614383809179617
14.6876 0.025614383809179617
14.68881 0.025659559089266353
14.69001 0.025659559089266353
14.69122 0.025659559089266353
14.69243 0.02570473436935309
14.69363 0.02570473436935309
14.69484 0.025749909649439826
14.69605 0.025795084929526563
14.69725 0.025795084929526563
14.69846 0.0258402602096133
14.69967 0.025885435489700036
14.70088 0.025930610769786772
14.70208 0.02597578604987351
14.70329 0.02602096132996025
14.7045 0.026066136610046982
14.7057 0.026111311890133722
14.70691 0.026156487170220455
14.70812 0.026246837730393928
14.70932 0.026292013010480664
14.71053 0.026382363570654137
14.71174 0.02647271413082761
14.71294 0.026563064691001084
14.71415 0.026653415251174557
14.71536 0.02674376581134803
14.71656 0.026834116371521503
14.71777 0.026969642211781712
14.71898 0.027059992771955185
14.72018 0.02715034333212866
14.72139 0.02728586917238887
14.7226 0.027376219732562344
14.72381 0.02751174557282255
14.72501 0.027602096132996023
14.72622 0.027692446693169497
14.72743 0.02778279725334297
14.72863 0.027873147813516443
14.72984 0.02796349837368992
14.73105 0.028053848933863392
14.73225 0.028144199494036865
14.73346 0.028234550054210338
14.73467 0.02832490061438381
14.73587 0.02841525117455728
14.73708 0.028505601734730754
14.73829 0.028595952294904227
14.73949 0.0286863028550777
14.7407 0.028776653415251173
14.74191 0.028867003975424646
14.74311 0.028912179255511386
14.74432 0.02900252981568486
14.74553 0.029047705095771592
14.74673 0.029092880375858332
14.74794 0.029138055655945065
14.74915 0.0291832309360318
14.75036 0.0291832309360318
14.75156 0.0291832309360318
14.75277 0.0291832309360318
14.75398 0.0291832309360318
14.75518 0.0291832309360318
14.75639 0.0291832309360318
14.7576 0.029138055655945065
14.7588 0.029092880375858332
14.76001 0.029047705095771592
14.76122 0.02900252981568486
14.76242 0.02895735453559812
14.76363 0.028912179255511386
14.76484 0.028821828695337913
14.76604 0.02873147813516444
14.76725 0.0286863028550777
14.76846 0.028595952294904227
14.76966 0.028505601734730754
14.77087 0.02841525117455728
14.77208 0.02827972533429707
14.77328 0.028189374774123598
14.77449 0.028053848933863392
14.7757 0.02796349837368992
14.77691 0.027827972533429706
14.77811 0.02764727141308276
14.77932 0.02751174557282255
14.78053 0.027376219732562344
14.78173 0.027195518612215395
14.78294 0.027059992771955185
14.78415 0.026879291651608243
14.78535 0.026698590531261297
14.78656 0.026517889410914347
14.78777 0.0263371882905674
14.78897 0.02620166245030719
14.79018 0.02602096132996025
14.79139 0.0258402602096133
14.79259 0.025659559089266353
14.7938 0.025478857968919407
14.79501 0.02529815684857246
14.79621 0.025117455728225515
14.79742 0.02493675460787857
14.79863 0.02475605348753162
14.79983 0.024575352367184677
14.80104 0.02439465124683773
14.80225 0.024213950126490785
14.80346 0.02403324900614384
14.80466 0.023852547885796892
14.80587 0.02362667148536321
14.80708 0.023445970365016264
14.80828 0.023265269244669318
14.80949 0.023039392844235635
14.8107 0.02285869172388869
14.8119 0.022677990603541743
14.81311 0.022452114203108057
14.81432 0.022271413082761114
14.81552 0.022090711962414168
14.81673 0.021864835561980482
14.81794 0.021684134441633536
14.81914 0.021503433321286593
14.82035 0.021277556920852907
14.82156 0.02109685580050596
14.82276 0.02087097940007228
14.82397 0.020690278279725333
14.82518 0.020509577159378387
14.82638 0.020283700758944704
14.82759 0.020102999638597758
14.8288 0.01987712323816408
14.83001 0.019651246837730393
14.83121 0.01942537043729671
14.83242 0.019244669316949764
14.83363 0.019018792916516085
14.83483 0.0187929165160824
14.83604 0.018567040115648716
14.83725 0.018295988435128297
14.83845 0.018070112034694615
14.83966 0.017844235634260935
14.84087 0.017573183953740513
14.84207 0.01734730755330683
14.84328 0.01707625587278641
14.84449 0.01685037947235273
14.84569 0.01657932779183231
14.8469 0.01630827611131189
14.84811 0.016082399710878208
14.84931 0.01581134803035779
14.85052 0.015540296349837368
14.85173 0.01526924466931695
14.85293 0.014998192988796531
14.85414 0.01472714130827611
14.85535 0.014456089627755693
14.85656 0.014185037947235272
14.85776 0.013913986266714853
14.85897 0.013597759306107697
14.86018 0.013326707625587278
14.86138 0.013055655945066861
14.86259 0.012739428984459704
14.8638 0.012423202023852548
14.865 0.012152150343332129
14.86621 0.011835923382724973
14.86742 0.011519696422117818
14.86862 0.011203469461510662
14.86983 0.010932417780990241
14.87104 0.010616190820383087
14.87224 0.010345139139862666
14.87345 0.010028912179255512
14.87466 0.009757860498735092
14.87586 0.009441633538127936
14.87707 0.009170581857607517
14.87828 0.008899530177087098
14.87948 0.008628478496566679
14.88069 0.00835742681604626
14.8819 0.00808637513552584
14.88311 0.007860498735092158
14.88431 0.007589447054571739
14.88552 0.007318395374051319
14.88673 0.0070473436935308996
14.88793 0.0067762920130104804
14.88914 0.006550415612576798
14.89035 0.006279363932056379
14.89155 0.006053487531622696
14.89276 0.005827611131189013
14.89397 0.005601734730755331
14.89517 0.005375858330321648
14.89638 0.005149981929887965
14.89759 0.004924105529454283
14.89879 0.0046982291290206
14.9 0.004517528008673654
14.90121 0.0043368268883267076
14.90241 0.004110950487893025
14.90362 0.003930249367546079
14.90483 0.003749548247199133
14.90603 0.0036140224069389233
14.90724 0.003433321286591977
14.90845 0.003252620166245031
14.90966 0.003117094325984821
14.91086 0.0029815684857246116
14.91207 0.0028008673653776655
14.91328 0.002665341525117456
14.91448 0.002529815684857246
14.91569 0.0023942898445970364
14.9169 0.002258764004336827
14.9181 0.0021232381640766173
14.91931 0.0019877123238164077
14.92052 0.0018973617636429347
14.92172 0.0017618359233827249
14.92293 0.0016714853632092519
14.92414 0.0015359595229490423
14.92534 0.0014456089627755693
14.92655 0.0013100831225153597
14.92776 0.0012197325623418864
14.92896 0.0011293820021684134
14.93017 0.0010390314419949404
14.93138 0.0009486808818214673
14.93259 0.0008583303216479943
14.93379 0.0008131550415612578
14.935 0.0007228044813877846
14.93621 0.0006324539212143115
14.93741 0.000587278641127575
14.93862 0.0004969280809541019
14.93983 0.0004517528008673654
14.94103 0.0003614022406938923
14.94224 0.00031622696060715574
14.94345 0.0002710516805204192
14.94465 0.0002258764004336827
14.94586 0.0001355258402602096
14.94707 9.035056017347308e-05
14.94827 4.517528008673654e-05
14.94948 0.0
14.95069 -4.517528008673654e-05
14.95189 -9.035056017347308e-05
14.9531 -0.00018070112034694616
14.95431 -0.0002258764004336827
14.95551 -0.0002258764004336827
14.95672 -0.0002710516805204192
14.95793 -0.00031622696060715574
14.95914 -0.0003614022406938923
14.96034 -0.0003614022406938923
14.96155 -0.0004065775207806289
14.96276 -0.0004065775207806289
14.96396 -0.0004065775207806289
14.96517 -0.0004065775207806289
14.96638 -0.0004517528008673654
14.96758 -0.0004517528008673654
14.96879 -0.0004517528008673654
14.97 -0.0004517528008673654
14.9712 -0.0004065775207806289
14.97241 -0.0004065775207806289
14.97362 -0.0004065775207806289
14.97482 -0.0003614022406938923
14.97603 -0.0003614022406938923
14.97724 -0.00031622696060715574
14.97844 -0.0002710516805204192
14.97965 -0.0002258764004336827
14.98086 -0.00018070112034694616
14.98206 -0.0001355258402602096
14.98327 -4.517528008673654e-05
14.98448 4.517528008673654e-05
14.98569 9.035056017347308e-05
14.98689 0.00018070112034694616
14.9881 0.00031622696060715574
14.98931 0.0004065775207806289
14.99051 0.0004969280809541019
14.99172 0.0006324539212143115
14.99293 0.0007679797614745211
14.99413 0.0008583303216479943
14.99534 0.0009938561619082039
14.99655 0.0011293820021684134
14.99775 0.0013100831225153597
14.99896 0.0014456089627755693
15.00017 0.0016263100831225155
15.00137 0.0017618359233827249
15.00258 0.001942537043729671
15.00379 0.0021232381640766173
15.00499 0.0023039392844235638
15.0062 0.00248464040477051
15.00741 0.002665341525117456
15.00861 0.0028912179255511385
15.00982 0.0030719190458980846
15.01103 0.003297795446331767
15.01224 0.0035236718467654498
15.01344 0.0037947235272858693
15.01465 0.004020599927719552
15.01586 0.0042464763281532345
15.01706 0.004517528008673654
15.01827 0.004743404409107336
15.01948 0.005014456089627756
15.02068 0.005285507770148175
15.02189 0.005556559450668594
15.0231 0.005782435851102277
15.0243 0.006053487531622696
15.02551 0.006324539212143115
15.02672 0.006595590892663534
15.02792 0.006866642573183954
15.02913 0.0071376942537043735
15.03034 0.007408745934224792
15.03154 0.007679797614745211
15.03275 0.00795084929526563
15.03396 0.00822190097578605
15.03516 0.008492952656306469
15.03637 0.008764004336826888
15.03758 0.009080231297434044
15.03879 0.009351282977954463
15.03999 0.009622334658474882
15.0412 0.00993856161908204
15.04241 0.010209613299602457
15.04361 0.010480664980122878
15.04482 0.010796891940730033
15.04603 0.01106794362125045
15.04723 0.011338995301770871
15.04844 0.011610046982291289
15.04965 0.011926273942898446
15.05085 0.012197325623418865
15.05206 0.012468377303939284
15.05327 0.012739428984459704
15.05447 0.013010480664980124
15.05568 0.013281532345500542
15.05689 0.013552584026020961
15.05809 0.01382363570654138
15.0593 0.014094687387061799
15.06051 0.01436573906758222
15.06171 0.014636790748102637
15.06292 0.014907842428623056
15.06413 0.015178894109143477
15.06534 0.015449945789663895
15.06654 0.015720997470184316
15.06775 0.01603722443079147
15.06896 0.01630827611131189
15.07016 0.01657932779183231
15.07137 0.01685037947235273
15.07258 0.017166606432959884
15.07378 0.017437658113480303
15.07499 0.017753885074087462
15.0762 0.018024936754607878
15.0774 0.018341163715215034
15.07861 0.018612215395735456
15.07982 0.01892844235634261
15.08102 0.01919949403686303
15.08223 0.019515720997470183
15.08344 0.01983194795807734
15.08464 0.020148174918684498
15.08585 0.020419226599204914
15.08706 0.020735453559812073
15.08826 0.021051680520419228
15.08947 0.02136790748102638
15.09068 0.021684134441633536
15.09189 0.022000361402240695
15.09309 0.022361763642934587
15.0943 0.022677990603541743
15.09551 0.023039392844235635
15.09671 0.02335561980484279
15.09792 0.023717022045536683
15.09913 0.02407842428623057
15.10033 0.024439826526924467
15.10154 0.02480122876761836
15.10275 0.02516263100831225
15.10395 0.025524033249006144
15.10516 0.025885435489700036
15.10637 0.026246837730393928
15.10757 0.026608239971087824
15.10878 0.026969642211781712
15.10999 0.027376219732562344
15.11119 0.027737621973256233
15.1124 0.028099024213950125
15.11361 0.028505601734730754
15.11481 0.028867003975424646
15.11602 0.02922840621611854
15.11723 0.029634983736899167
15.11844 0.029996385977593062
15.11964 0.030402963498373688
15.12085 0.030764365739067583
15.12206 0.031170943259848212
15.12326 0.03157752078062884
15.12447 0.03193892302132273
15.12568 0.03234550054210336
15.12688 0.032752078062883994
15.12809 0.03311348030357788
15.1293 0.03352005782435851
15.1305 0.03392663534513914
15.13171 0.03433321286591977
15.13292 0.03469461510661366
15.13412 0.03510119262739429
15.13533 0.035507770148174925
15.13654 0.03586917238886881
15.13774 0.03627574990964944
15.13895 0.03668232743043007
15.14016 0.037043729671123966
15.14137 0.03745030719190459
15.14257 0.037811709432598484
15.14378 0.038218286953379116
15.14499 0.03857968919407301
15.14619 0.03898626671485363
15.1474 0.039347668955547525
15.14861 0.03975424647632816
15.14981 0.04011564871702205
15.15102 0.040522226237802675
15.15223 0.04088362847849657
15.15343 0.0412902059992772
15.15464 0.041696783520057824
15.15585 0.042058185760751716
15.15705 0.04246476328153235
15.15826 0.042871340802312974
15.15947 0.043277918323093606
15.16067 0.04368449584387423
15.16188 0.044091073364654856
15.16309 0.04449765088543549
15.16429 0.044949403686302854
15.1655 0.045355981207083486
15.16671 0.04576255872786411
15.16792 0.04616913624864474
15.16912 0.04657571376942537
15.17033 0.04702746657029274
15.17154 0.047434044091073366
15.17274 0.04788579689194073
15.17395 0.048292374412721356
15.17516 0.04874412721358872
15.17636 0.04919588001445609
15.17757 0.04964763281532345
15.17878 0.05009938561619082
15.17998 0.05055113841705819
15.18119 0.05100289121792555
15.1824 0.05145464401879292
15.1836 0.05195157209974702
15.18481 0.05244850018070112
15.18602 0.05290025298156849
15.18722 0.05339718106252259
15.18843 0.053894109143476684
15.18964 0.05439103722443079
15.19084 0.05488796530538489
15.19205 0.05543006866642573
15.19326 0.05592699674737984
15.19447 0.05642392482833393
15.19567 0.056966028189374775
15.19688 0.05746295627032888
15.19809 0.05800505963136972
15.19929 0.05854716299241055
15.2005 0.059044091073364655
15.20171 0.05958619443440549
15.20291 0.06012829779544633
15.20412 0.06067040115648717
15.20533 0.06121250451752801
15.20653 0.061754607878568846
15.20774 0.062296711239609684
15.20895 0.06283881460065052
15.21015 0.0634260932417781
15.21136 0.06396819660281894
15.21257 0.06451029996385978
15.21377 0.06509757860498734
15.21498 0.06568485724611493
15.21619 0.06622696060715576
15.21739 0.06681423924828334
15.2186 0.06740151788941091
15.21981 0.06794362125045175
15.22102 0.06853089989157933
15.22222 0.0691181785327069
15.22343 0.06966028189374773
15.22464 0.07024756053487531
15.22584 0.07083483917600289
15.22705 0.07137694253704374
15.22826 0.0719642211781713
15.22946 0.07250632453921213
15.23067 0.07309360318033972
15.23188 0.07363570654138055
15.23308 0.07422298518250812
15.23429 0.0748102638236357
15.2355 0.07535236718467654
15.2367 0.07593964582580412
15.23791 0.0765269244669317
15.23912 0.07706902782797252
15.24032 0.07765630646910011
15.24153 0.07819840983014094
15.24274 0.07878568847126853
15.24394 0.07932779183230936
15.24515 0.07991507047343693
15.24636 0.08045717383447777
15.24757 0.08099927719551862
15.24877 0.08158655583664619
15.24998 0.08212865919768703
15.25119 0.08267076255872786
15.25239 0.0832128659197687
15.2536 0.08375496928080954
15.25481 0.08429707264185038
15.25601 0.08483917600289123
15.25722 0.08538127936393206
15.25843 0.08587820744488615
15.25963 0.086420310805927
15.26084 0.08696241416696783
15.26205 0.08750451752800867
15.26325 0.08800144560896278
15.26446 0.0885435489700036
15.26567 0.08908565233104446
15.26687 0.08958258041199856
15.26808 0.0901246837730394
15.26929 0.0906216118539935
15.27049 0.09116371521503433
15.2717 0.09166064329598843
15.27291 0.09215757137694254
15.27412 0.09269967473798338
15.27532 0.09319660281893748
15.27653 0.09369353089989159
15.27774 0.09419045898084569
15.27894 0.09468738706179979
15.28015 0.09522949042284062
15.28136 0.09572641850379472
15.28256 0.09622334658474882
15.28377 0.09672027466570292
15.28498 0.09721720274665703
15.28618 0.09771413082761113
15.28739 0.09821105890856523
15.2886 0.09870798698951934
15.2898 0.09920491507047344
15.29101 0.0996566678713408
15.29222 0.1001535959522949
15.29342 0.100650524033249
15.29463 0.1011474521142031
15.29584 0.1016443801951572
15.29704 0.10214130827611131
15.29825 0.10263823635706541
15.29946 0.10313516443801951
15.30067 0.10363209251897361
15.30187 0.10412902059992772
15.30308 0.10462594868088182
15.30429 0.10512287676183592
15.30549 0.10561980484279003
15.3067 0.10611673292374413
15.30791 0.10661366100469823
15.30911 0.10706541380556558
15.31032 0.1075623418865197
15.31153 0.1080592699674738
15.31273 0.1085561980484279
15.31394 0.109053126129382
15.31515 0.10950487893024938
15.31635 0.11000180701120348
15.31756 0.11049873509215756
15.31877 0.11095048789302493
15.31997 0.11144741597397904
15.32118 0.11194434405493314
15.32239 0.1123960968558005
15.32359 0.1128930249367546
15.3248 0.11338995301770871
15.32601 0.11384170581857607
15.32722 0.11433863389953017
15.32842 0.11479038670039754
15.32963 0.11528731478135165
15.33084 0.11573906758221901
15.33204 0.11623599566317311
15.33325 0.11668774846404047
15.33446 0.11718467654499458
15.33566 0.11763642934586195
15.33687 0.11808818214672931
15.33808 0.11858511022768341
15.33928 0.11903686302855077
15.34049 0.11948861582941815
15.3417 0.11994036863028551
15.3429 0.12039212143115287
15.34411 0.12084387423202024
15.34532 0.1212956270328876
15.34652 0.12174737983375497
15.34773 0.12219913263462234
15.34894 0.1226508854354897
15.35015 0.12310263823635706
15.35135 0.12355439103722443
15.35256 0.12396096855800505
15.35377 0.12441272135887242
15.35497 0.1248644741597398
15.35618 0.12531622696060715
15.35739 0.12576797976147452
15.35859 0.12617455728225516
15.3598 0.1266263100831225
15.36101 0.12707806288398987
15.36221 0.12752981568485725
15.36342 0.12798156848572462
15.36463 0.12838814600650525
15.36583 0.1288398988073726
15.36704 0.12929165160823997
15.36825 0.12974340440910734
15.36945 0.13014998192988797
15.37066 0.13060173473075534
15.37187 0.1310534875316227
15.37307 0.13150524033249006
15.37428 0.1319118178532707
15.37549 0.13236357065413806
15.3767 0.1328153234550054
15.3779 0.13326707625587278
15.37911 0.1336736537766534
15.38032 0.13412540657752078
15.38152 0.13457715937838816
15.38273 0.1350289121792555
15.38394 0.13548066498012287
15.38514 0.13593241778099024
15.38635 0.13638417058185762
15.38756 0.136835923382725
15.38876 0.13728767618359233
15.38997 0.1377394289844597
15.39118 0.13819118178532708
15.39238 0.13864293458619442
15.39359 0.1390946873870618
15.3948 0.13954644018792917
15.396 0.13999819298879654
15.39721 0.14044994578966388
15.39842 0.140946873870618
15.39962 0.14139862667148537
15.40083 0.1418503794723527
15.40204 0.14230213227322008
15.40325 0.14275388507408748
15.40445 0.14320563787495483
15.40566 0.1437025659559089
15.40687 0.14415431875677628
15.40807 0.14460607155764363
15.40928 0.14505782435851103
15.41049 0.1455095771593784
15.41169 0.14596132996024574
15.4129 0.14641308276111312
15.41411 0.14686483556198046
15.41531 0.1473617636429346
15.41652 0.14781351644380195
15.41773 0.14826526924466932
15.41893 0.14871702204553666
15.42014 0.14916877484640406
15.42135 0.1496205276472714
15.42255 0.15007228044813878
15.42376 0.15056920852909286
15.42497 0.15102096132996026
15.42617 0.1514727141308276
15.42738 0.15192446693169498
15.42859 0.15237621973256235
15.4298 0.1528279725334297
15.431 0.15327972533429707
15.43221 0.15373147813516444
15.43342 0.1541832309360318
15.43462 0.15463498373689916
15.43583 0.15508673653776653
15.43704 0.15549331405854716
15.43824 0.15594506685941453
15.43945 0.15639681966028188
15.44066 0.15684857246114925
15.44186 0.15730032526201662
15.44307 0.15770690278279723
15.44428 0.15815865558366463
15.44548 0.158610408384532
15.44669 0.15906216118539934
15.4479 0.15946873870617997
15.4491 0.15992049150704735
15.45031 0.1603722443079147
15.45152 0.16082399710878206
15.45272 0.16127574990964946
15.45393 0.1617275027105168
15.45514 0.16217925551138418
15.45635 0.16263100831225152
15.45755 0.1630827611131189
15.45876 0.16353451391398627
15.45997 0.1639410914347669
15.46117 0.16439284423563424
15.46238 0.16484459703650164
15.46359 0.165296349837369
15.46479 0.16574810263823636
15.466 0.16619985543910373
15.46721 0.16665160823997108
15.46841 0.16710336104083845
15.46962 0.16755511384170582
15.47083 0.1680068666425732
15.47203 0.16845861944344054
15.47324 0.16895554752439465
15.47445 0.16940730032526202
15.47565 0.1698590531261294
15.47686 0.17031080592699674
15.47807 0.1707625587278641
15.47927 0.17125948680881822
15.48048 0.1717112396096856
15.48169 0.17220816769063968
15.4829 0.17265992049150702
15.4841 0.17315684857246116
15.48531 0.1736086013733285
15.48652 0.1741055294542826
15.48772 0.1746024575352367
15.48893 0.17505421033610408
15.49014 0.1755511384170582
15.49134 0.17600289121792556
15.49255 0.17649981929887965
15.49376 0.17699674737983376
15.49496 0.17744850018070113
15.49617 0.17794542826165521
15.49738 0.1783971810625226
15.49858 0.17884893386338996
15.49979 0.17934586194434404
15.501 0.17979761474521141
15.5022 0.1802493675460788
15.50341 0.18074629562703287
15.50462 0.18119804842790024
15.50582 0.18169497650885436
15.50703 0.18214672930972173
15.50824 0.18259848211058907
15.50945 0.18309541019154318
15.51065 0.18354716299241056
15.51186 0.18399891579327793
15.51307 0.184495843874232
15.51427 0.18494759667509938
15.51548 0.18539934947596676
15.51669 0.18585110227683413
15.51789 0.18630285507770147
15.5191 0.18675460787856885
15.52031 0.18716118539934948
15.52151 0.18761293820021682
15.52272 0.18801951572099745
15.52393 0.18847126852186483
15.52513 0.18887784604264546
15.52634 0.1892844235634261
15.52755 0.18969100108420672
15.52875 0.19009757860498736
15.52996 0.190504156125768
15.53117 0.1909107336465486
15.53237 0.1912721358872425
15.53358 0.19167871340802314
15.53479 0.19208529092880378
15.536 0.19244669316949764
15.5372 0.19280809541019156
15.53841 0.1932146729309722
15.53962 0.19357607517166606
15.54082 0.19393747741235998
15.54203 0.19429887965305384
15.54324 0.19466028189374776
15.54444 0.19502168413444163
15.54565 0.19538308637513552
15.54686 0.1957444886158294
15.54806 0.1961058908565233
15.54927 0.19642211781713045
15.55048 0.19678352005782437
15.55168 0.19709974701843153
15.55289 0.1974611492591254
15.5541 0.19777737621973257
15.5553 0.19809360318033972
15.55651 0.19840983014094687
15.55772 0.19872605710155403
15.55893 0.1990422840621612
15.56013 0.19935851102276836
15.56134 0.1996747379833755
15.56255 0.19999096494398264
15.56375 0.2003071919045898
15.56496 0.20062341886519697
15.56617 0.2008944705457174
15.56737 0.20121069750632456
15.56858 0.20152692446693168
15.56979 0.20184315142753884
15.57099 0.20211420310805928
15.5722 0.20243043006866643
15.57341 0.2027466570292736
15.57461 0.203017708709794
15.57582 0.20333393567040117
15.57703 0.20360498735092156
15.57823 0.20392121431152874
15.57944 0.20419226599204915
15.58065 0.2045084929526563
15.58185 0.20477954463317674
15.58306 0.20505059631369715
15.58427 0.2053668232743043
15.58548 0.20563787495482472
15.58668 0.20590892663534516
15.58789 0.2062251535959523
15.5891 0.20649620527647272
15.5903 0.20676725695699313
15.59151 0.20703830863751357
15.59272 0.20730936031803396
15.59392 0.20758041199855437
15.59513 0.2078514636790748
15.59634 0.20812251535959522
15.59754 0.20843874232020237
15.59875 0.2087097940007228
15.59996 0.20898084568124323
15.60116 0.20925189736176364
15.60237 0.20952294904228405
15.60358 0.2097940007228045
15.60478 0.21001987712323814
15.60599 0.21029092880375858
15.6072 0.210561980484279
15.6084 0.21083303216479943
15.60961 0.21110408384531984
15.61082 0.21132996024575354
15.61203 0.21160101192627395
15.61323 0.21182688832670762
15.61444 0.21209794000722804
15.61565 0.21232381640766174
15.61685 0.2125496928080954
15.61806 0.21282074448861582
15.61927 0.21304662088904952
15.62047 0.2132724972894832
15.62168 0.2134983736899169
15.62289 0.21372425009035054
15.62409 0.21395012649078424
15.6253 0.21417600289121794
15.62651 0.2144018792916516
15.62771 0.21462775569208528
15.62892 0.21480845681243224
15.63013 0.21503433321286594
15.63133 0.21526020961329959
15.63254 0.21544091073364657
15.63375 0.2156216118539935
15.63495 0.21584748825442718
15.63616 0.21602818937477414
15.63737 0.21620889049512107
15.63858 0.216389591615468
15.63978 0.216570292735815
15.64099 0.21675099385616192
15.6422 0.21693169497650885
15.6434 0.2171123960968558
15.64461 0.217247921937116
15.64582 0.21742862305746294
15.64702 0.21756414889772316
15.64823 0.21774485001807012
15.64944 0.21788037585833034
15.65064 0.21801590169859053
15.65185 0.21815142753885075
15.65306 0.21828695337911097
15.65426 0.21842247921937114
15.65547 0.21855800505963136
15.65668 0.21869353089989158
15.65788 0.21882905674015177
15.65909 0.218964582580412
15.6603 0.2191001084206722
15.6615 0.2191904589808457
15.66271 0.2193259848211059
15.66392 0.2194615106613661
15.66513 0.21955186122153955
15.66633 0.21968738706179977
15.66754 0.21977773762197325
15.66875 0.21986808818214673
15.66995 0.22000361402240695
15.67116 0.2200939645825804
15.67237 0.22018431514275388
15.67357 0.22027466570292734
15.67478 0.22036501626310082
15.67599 0.22045536682327432
15.67719 0.22054571738344778
15.6784 0.22063606794362126
15.67961 0.22072641850379474
15.68081 0.2208167690639682
15.68202 0.22086194434405496
15.68323 0.2209522949042284
15.68443 0.2210426454644019
15.68564 0.22113299602457534
15.68685 0.22117817130466208
15.68805 0.22126852186483556
15.68926 0.22135887242500904
15.69047 0.22144922298518252
15.69168 0.22149439826526923
15.69288 0.22158474882544274
15.69409 0.22162992410552945
15.6953 0.22172027466570293
15.6965 0.22181062522587638
15.69771 0.22185580050596315
15.69892 0.2219461510661366
15.70012 0.22199132634622337
15.70133 0.22203650162631008
15.70254 0.22212685218648354
15.70374 0.2221720274665703
15.70495 0.22226237802674376
15.70616 0.2223075533068305
15.70736 0.22235272858691724
15.70857 0.22244307914709072
15.70978 0.22248825442717746
15.71098 0.22253342970726417
15.71219 0.22262378026743765
15.7134 0.2226689555475244
15.7146 0.2227141308276111
15.71581 0.2228044813877846
15.71702 0.22284965666787132
15.71823 0.2228948319479581
15.71943 0.2229400072280448
15.72064 0.22303035778821828
15.72185 0.22307553306830502
15.72305 0.22312070834839176
15.72426 0.2231658836284785
15.72547 0.22325623418865195
15.72667 0.22330140946873872
15.72788 0.22334658474882543
15.72909 0.22339176002891217
15.73029 0.2234369353089989
15.7315 0.22348211058908565
15.73271 0.2235272858691724
15.73391 0.22357246114925913
15.73512 0.22361763642934587
15.73633 0.22366281170943259
15.73753 0.22370798698951935
15.73874 0.22375316226960607
15.73995 0.2237983375496928
15.74115 0.22384351282977952
15.74236 0.22388868810986629
15.74357 0.22393386338995303
15.74478 0.22397903867003974
15.74598 0.22397903867003974
15.74719 0.2240242139501265
15.7484 0.22406938923021322
15.7496 0.22411456451029996
15.75081 0.22411456451029996
15.75202 0.2241597397903867
15.75322 0.22420491507047344
15.75443 0.22425009035056015
15.75564 0.22425009035056015
15.75684 0.22429526563064692
15.75805 0.22429526563064692
15.75926 0.22434044091073366
15.76046 0.22438561619082037
15.76167 0.22438561619082037
15.76288 0.22443079147090714
15.76408 0.22443079147090714
15.76529 0.22443079147090714
15.7665 0.22447596675099385
15.76771 0.22447596675099385
15.76891 0.2245211420310806
15.77012 0.2245211420310806
15.77133 0.2245211420310806
15.77253 0.22456631731116733
15.77374 0.22456631731116733
15.77495 0.22456631731116733
15.77615 0.22461149259125407
15.77736 0.22461149259125407
15.77857 0.22461149259125407
15.77977 0.2246566678713408
15.78098 0.2246566678713408
15.78219 0.22470184315142752
15.78339 0.22470184315142752
15.7846 0.2247470184315143
15.78581 0.224792193711601
15.78701 0.224792193711601
15.78822 0.22483736899168774
15.78943 0.22483736899168774
15.79063 0.22488254427177448
15.79184 0.22492771955186122
15.79305 0.22492771955186122
15.79426 0.22497289483194793
15.79546 0.2250180701120347
15.79667 0.22506324539212144
15.79788 0.22506324539212144
15.79908 0.22510842067220815
15.80029 0.22515359595229492
15.8015 0.22519877123238163
15.8027 0.22524394651246837
15.80391 0.2252891217925551
15.80512 0.22533429707264185
15.80632 0.22537947235272857
15.80753 0.22542464763281533
15.80874 0.22546982291290207
15.80994 0.22551499819298879
15.81115 0.22560534875316227
15.81236 0.225650524033249
15.81356 0.22569569931333572
15.81477 0.2257860498735092
15.81598 0.22583122515359594
15.81718 0.22592157571376942
15.81839 0.22596675099385616
15.8196 0.22605710155402964
15.82081 0.22610227683411635
15.82201 0.22619262739428986
15.82322 0.22623780267437657
15.82443 0.22632815323455005
15.82563 0.2263733285146368
15.82684 0.22646367907481027
15.82805 0.22655402963498375
15.82925 0.2265992049150705
15.83046 0.22668955547524394
15.83167 0.22673473075533068
15.83287 0.22682508131550413
15.83408 0.2268702565955909
15.83529 0.22696060715576435
15.83649 0.22700578243585112
15.8377 0.22709613299602457
15.83891 0.22714130827611131
15.84011 0.22723165883628477
15.84132 0.22727683411637153
15.84253 0.227367184676545
15.84373 0.22745753523671847
15.84494 0.2275027105168052
15.84615 0.2275930610769787
15.84736 0.2276382363570654
15.84856 0.2277285869172389
15.84977 0.22777376219732562
15.85098 0.22781893747741236
15.85218 0.22790928803758584
15.85339 0.22795446331767255
15.8546 0.22799963859775932
15.8558 0.22804481387784603
15.85701 0.22808998915793277
15.85822 0.22813516443801954
15.85942 0.22818033971810625
15.86063 0.228225514998193
15.86184 0.22827069027827973
15.86304 0.22831586555836647
15.86425 0.22836104083845318
15.86546 0.22840621611853995
15.86666 0.22840621611853995
15.86787 0.22845139139862666
15.86908 0.2284965666787134
15.87028 0.22854174195880017
15.87149 0.22854174195880017
15.8727 0.22858691723888688
15.87391 0.22858691723888688
15.87511 0.22863209251897362
15.87632 0.22867726779906034
15.87753 0.22867726779906034
15.87873 0.2287224430791471
15.87994 0.22876761835923382
15.88115 0.22876761835923382
15.88235 0.22881279363932056
15.88356 0.22881279363932056
15.88477 0.2288579689194073
15.88597 0.2288579689194073
15.88718 0.22890314419949404
15.88839 0.22890314419949404
15.88959 0.22894831947958078
15.8908 0.22894831947958078
15.89201 0.22899349475966752
15.89321 0.22899349475966752
15.89442 0.22903867003975426
15.89563 0.22903867003975426
15.89683 0.22908384531984097
15.89804 0.22908384531984097
15.89925 0.22912902059992774
15.90046 0.22912902059992774
15.90166 0.22917419588001445
15.90287 0.22917419588001445
15.90408 0.2292193711601012
15.90528 0.2292193711601012
15.90649 0.22926454644018796
15.9077 0.22930972172027467
15.9089 0.22930972172027467
15.91011 0.2293548970003614
15.91132 0.2293548970003614
15.91252 0.22940007228044812
15.91373 0.22940007228044812
15.91494 0.2294452475605349
15.91614 0.2294904228406216
15.91735 0.2294904228406216
15.91856 0.22953559812070834
15.91976 0.22958077340079508
15.92097 0.22958077340079508
15.92218 0.22962594868088182
15.92338 0.22967112396096856
15.92459 0.2297162992410553
15.9258 0.22976147452114204
15.92701 0.22980664980122875
15.92821 0.22985182508131552
15.92942 0.22989700036140223
15.93063 0.22994217564148897
15.93183 0.2299873509215757
15.93304 0.23003252620166245
15.93425 0.23012287676183593
15.93545 0.23016805204192267
15.93666 0.23021322732200938
15.93787 0.23030357788218286
15.93907 0.2303487531622696
15.94028 0.23039392844235632
15.94149 0.23048427900252982
15.94269 0.23052945428261654
15.9439 0.23061980484279002
15.94511 0.2307101554029635
15.94631 0.23075533068305024
15.94752 0.23084568124322372
15.94873 0.23093603180339717
15.94993 0.23098120708348394
15.95114 0.2310715576436574
15.95235 0.23116190820383087
15.95356 0.23125225876400432
15.95476 0.2313426093241778
15.95597 0.23143295988435128
15.95718 0.23152331044452473
15.95838 0.23161366100469824
15.95959 0.23170401156487172
15.9608 0.2318395374051319
15.962 0.23192988796530536
15.96321 0.23202023852547887
15.96442 0.23211058908565235
15.96562 0.23224611492591252
15.96683 0.232336465486086
15.96804 0.23247199132634622
15.96924 0.2325623418865197
15.97045 0.23265269244669315
15.97166 0.23278821828695337
15.97286 0.23287856884712685
15.97407 0.23301409468738707
15.97528 0.23310444524756052
15.97648 0.23323997108782074
15.97769 0.23333032164799422
15.9789 0.2334658474882544
15.98011 0.23355619804842792
15.98131 0.23364654860860137
15.98252 0.23378207444886157
15.98373 0.23387242500903505
15.98493 0.23400795084929527
15.98614 0.23409830140946872
15.98735 0.23423382724972894
15.98855 0.23432417780990242
15.98976 0.23445970365016264
15.99097 0.23455005421033612
15.99217 0.23468558005059634
15.99338 0.2348211058908565
15.99459 0.23491145645102998
15.99579 0.2350469822912902
15.997 0.23513733285146368
15.99821 0.2352728586917239
15.99941 0.2354083845319841
16.00062 0.23554391037224431
16.00183 0.23563426093241777
16.00304 0.23576978677267799
16.00424 0.2359053126129382
16.00545 0.2360408384531984
16.00666 0.23617636429345862
16.00786 0.2362667148536321
16.00907 0.23640224069389232
16.01028 0.23653776653415248
16.01148 0.2366732923744127
16.01269 0.23680881821467292
16.0139 0.23694434405493311
16.0151 0.23707986989519333
16.01631 0.23721539573545355
16.01752 0.23735092157571377
16.01872 0.23748644741597397
16.01993 0.2376219732562342
16.02114 0.2377574990964944
16.02234 0.23793820021684134
16.02355 0.23807372605710153
16.02476 0.23825442717744852
16.02596 0.23838995301770868
16.02717 0.23857065413805567
16.02838 0.2387513552584026
16.02959 0.23893205637874954
16.03079 0.2391127574990965
16.032 0.23929345861944346
16.03321 0.2394741597397904
16.03441 0.23965486086013732
16.03562 0.23988073726057102
16.03683 0.24006143838091795
16.03803 0.24028731478135165
16.03924 0.24046801590169858
16.04045 0.24069389230213228
16.04165 0.24087459342247922
16.04286 0.24110046982291292
16.04407 0.2413263462233466
16.04527 0.24155222262378026
16.04648 0.24177809902421393
16.04769 0.24200397542464763
16.04889 0.2422298518250813
16.0501 0.242455728225515
16.05131 0.24268160462594868
16.05251 0.24295265630646912
16.05372 0.2431785327069028
16.05493 0.2434495843874232
16.05614 0.2436754607878569
16.05734 0.2439465124683773
16.05855 0.2442175641488977
16.05976 0.24448861582941814
16.06096 0.24475966750993855
16.06217 0.24503071919045896
16.06338 0.24534694615106611
16.06458 0.24561799783158655
16.06579 0.24588904951210697
16.067 0.24616010119262738
16.0682 0.24647632815323453
16.06941 0.24674737983375497
16.07062 0.24701843151427538
16.07182 0.24733465847488253
16.07303 0.24760571015540295
16.07424 0.2478767618359234
16.07544 0.24819298879653054
16.07665 0.24846404047705095
16.07786 0.24873509215757136
16.07906 0.2490061438380918
16.08027 0.24927719551861222
16.08148 0.24959342247921937
16.08269 0.24986447415973978
16.08389 0.2501355258402602
16.0851 0.2504517528008674
16.08631 0.2507228044813878
16.08751 0.25099385616190817
16.08872 0.25131008312251535
16.08993 0.2515811348030358
16.09113 0.25185218648355623
16.09234 0.2521232381640766
16.09355 0.2524394651246838
16.09475 0.2527105168052042
16.09596 0.2529815684857246
16.09717 0.253252620166245
16.09837 0.25352367184676544
16.09958 0.2537947235272859
16.10079 0.25406577520780627
16.10199 0.2543368268883267
16.1032 0.25460787856884715
16.10441 0.2548337549692808
16.10561 0.25510480664980123
16.10682 0.25533068305023493
16.10803 0.2556017347307553
16.10924 0.255827611131189
16.11044 0.2560986628117094
16.11165 0.2563245392121431
16.11286 0.2565504156125768
16.11406 0.2568214672930972
16.11527 0.2570473436935309
16.11648 0.2572732200939646
16.11768 0.2574990964943983
16.11889 0.25777014817491867
16.1201 0.25799602457535237
16.1213 0.25822190097578607
16.12251 0.25849295265630645
16.12372 0.25871882905674015
16.12492 0.25894470545717385
16.12613 0.25921575713769424
16.12734 0.2594868088182147
16.12854 0.2597126852186484
16.12975 0.25998373689916876
16.13096 0.26020961329960246
16.13216 0.2604806649801229
16.13337 0.26070654138055654
16.13458 0.26093241778099024
16.13579 0.2612034694615107
16.13699 0.26142934586194433
16.1382 0.26170039754246477
16.13941 0.2619262739428984
16.14061 0.26219732562341885
16.14182 0.2624683773039393
16.14303 0.262694253704373
16.14423 0.2629653053848934
16.14544 0.2632363570654138
16.14665 0.2635074087459342
16.14785 0.26377846042645464
16.14906 0.2640495121069751
16.15027 0.2643657390675822
16.15147 0.26463679074810265
16.15268 0.26495301770870977
16.15389 0.26526924466931695
16.15509 0.2655402963498374
16.1563 0.2658565233104445
16.15751 0.2661727502710517
16.15871 0.2664889772316588
16.15992 0.26685037947235274
16.16113 0.26716660643295986
16.16234 0.26748283339356704
16.16354 0.26784423563426096
16.16475 0.2681604625948681
16.16596 0.26852186483556195
16.16716 0.26883809179616913
16.16837 0.269199494036863
16.16958 0.2695608962775569
16.17078 0.2699222985182508
16.17199 0.2702837007589447
16.1732 0.27064510299963856
16.1744 0.2710065052403325
16.17561 0.27136790748102635
16.17682 0.27172930972172027
16.17802 0.27209071196241413
16.17923 0.27245211420310805
16.18044 0.272813516443802
16.18164 0.2732200939645826
16.18285 0.2735814962052765
16.18406 0.2739880737260571
16.18526 0.27439465124683776
16.18647 0.27480122876761837
16.18768 0.27516263100831223
16.18889 0.2755692085290929
16.19009 0.2759757860498735
16.1913 0.27638236357065415
16.19251 0.27678894109143476
16.19371 0.27719551861221536
16.19492 0.277602096132996
16.19613 0.27800867365377663
16.19733 0.2784152511745573
16.19854 0.27877665341525115
16.19975 0.2791832309360318
16.20095 0.2795898084568124
16.20216 0.27995121069750634
16.20337 0.2803126129382002
16.20457 0.28071919045898086
16.20578 0.2810805926996747
16.20699 0.28148717022045533
16.20819 0.28184857246114925
16.2094 0.2822099747018431
16.21061 0.2826165522226238
16.21182 0.2829779544633177
16.21302 0.28333935670401156
16.21423 0.2837459342247922
16.21544 0.2841073364654861
16.21664 0.28446873870617995
16.21785 0.28483014094687387
16.21906 0.2851915431875678
16.22026 0.28555294542826165
16.22147 0.2859143476689555
16.22268 0.2862305746295627
16.22388 0.28659197687025656
16.22509 0.2869533791109505
16.2263 0.2872696060715576
16.2275 0.2875858330321648
16.22871 0.2879020599927719
16.22992 0.2882182869533791
16.23112 0.28853451391398627
16.23233 0.2888507408745934
16.23354 0.2891669678352006
16.23474 0.289438019515721
16.23595 0.28975424647632814
16.23716 0.2900252981568485
16.23837 0.2903415251174557
16.23957 0.29061257679797614
16.24078 0.2908836284784966
16.24199 0.29115468015901697
16.24319 0.2914257318395374
16.2444 0.29169678352005785
16.24561 0.2919678352005783
16.24681 0.29223888688109867
16.24802 0.2925099385616191
16.24923 0.29278099024213955
16.25043 0.2930520419226599
16.25164 0.2933230936031803
16.25285 0.29359414528370076
16.25405 0.29386519696422114
16.25526 0.2941362486447416
16.25647 0.2943621250451753
16.25767 0.2946331767256957
16.25888 0.29485905312612937
16.26009 0.2951301048066498
16.26129 0.29535598120708345
16.2625 0.2956270328876039
16.26371 0.2958529092880376
16.26492 0.296123960968558
16.26612 0.29634983736899173
16.26733 0.2965757137694254
16.26854 0.2968467654499458
16.26974 0.29707264185037946
16.27095 0.2972985182508131
16.27216 0.29756956993133354
16.27336 0.2977954463317673
16.27457 0.2980664980122877
16.27578 0.2982923744127214
16.27698 0.29856342609324177
16.27819 0.29878930249367547
16.2794 0.29906035417419585
16.2806 0.2993314058547163
16.28181 0.29960245753523673
16.28302 0.2998735092157571
16.28422 0.30014456089627756
16.28543 0.300415612576798
16.28664 0.3006866642573184
16.28784 0.3009577159378388
16.28905 0.30122876761835926
16.29026 0.30149981929887965
16.29147 0.30181604625948677
16.29267 0.3020870979400072
16.29388 0.30235814962052765
16.29509 0.30262920130104803
16.29629 0.3029002529815685
16.2975 0.3031713046620889
16.29871 0.3034875316226961
16.29991 0.3037585833032165
16.30112 0.3040296349837369
16.30233 0.30430068666425736
16.30353 0.3045717383447777
16.30474 0.3048427900252981
16.30595 0.30511384170581857
16.30715 0.30538489338633895
16.30836 0.3056559450668594
16.30957 0.30592699674737983
16.31077 0.30619804842790027
16.31198 0.30646910010842066
16.31319 0.30678532706902784
16.31439 0.3070563787495483
16.3156 0.30732743043006866
16.31681 0.3075984821105891
16.31802 0.30786953379110954
16.31922 0.30814058547163
16.32043 0.3084116371521503
16.32164 0.30868268883267075
16.32284 0.3089537405131912
16.32405 0.3091796169136249
16.32526 0.30945066859414533
16.32646 0.309676544994579
16.32767 0.3099475966750994
16.32888 0.31017347307553306
16.33008 0.3103993494759667
16.33129 0.31062522587640046
16.3325 0.3108511022768341
16.3337 0.3110769786772678
16.33491 0.3113028550777015
16.33612 0.3114835561980484
16.33732 0.31170943259848216
16.33853 0.31189013371882907
16.33974 0.3121160101192627
16.34094 0.31229671123960967
16.34215 0.31247741235995663
16.34336 0.31265811348030353
16.34457 0.31283881460065055
16.34577 0.3130195157209975
16.34698 0.3132002168413444
16.34819 0.3133809179616914
16.34939 0.3135616190820383
16.3506 0.31374232020238524
16.35181 0.3139230213227322
16.35301 0.3141037224430791
16.35422 0.3142844235634261
16.35543 0.31451029996385976
16.35663 0.3146910010842067
16.35784 0.3148717022045537
16.35905 0.3150072280448139
16.36025 0.3151879291651608
16.36146 0.31536863028550777
16.36267 0.31554933140585467
16.36387 0.3156848572461149
16.36508 0.31586555836646185
16.36629 0.31600108420672207
16.36749 0.31618178532706903
16.3687 0.31631731116732925
16.36991 0.31649801228767616
16.37112 0.3166787134080231
16.37232 0.31681423924828334
16.37353 0.31699494036863024
16.37474 0.3171756414889772
16.37594 0.3173563426093242
16.37715 0.3175370437296711
16.37836 0.3177177448500181
16.37956 0.31789844597036504
16.38077 0.31807914709071194
16.38198 0.31830502349114564
16.38318 0.31853089989157934
16.38439 0.3187116010119263
16.3856 0.31893747741235995
16.3868 0.31916335381279365
16.38801 0.3193892302132273
16.38922 0.319615106613661
16.39042 0.3198409830140947
16.39163 0.32006685941452834
16.39284 0.3202927358149621
16.39404 0.32051861221539574
16.39525 0.3207896638959162
16.39646 0.3210155402963498
16.39767 0.3212414166967835
16.39887 0.3215124683773039
16.40008 0.32173834477773766
16.40129 0.32200939645825805
16.40249 0.32223527285869175
16.4037 0.32250632453921213
16.40491 0.32277737621973257
16.40611 0.323048427900253
16.40732 0.32327430430068665
16.40853 0.3235453559812071
16.40973 0.3238164076617275
16.41094 0.3240874593422479
16.41215 0.32435851102276836
16.41335 0.32462956270328874
16.41456 0.32494578966389587
16.41577 0.3252168413444163
16.41697 0.32548789302493675
16.41818 0.3258041199855439
16.41939 0.3260751716660643
16.4206 0.32639139862667144
16.4218 0.3266624503071919
16.42301 0.32697867726779906
16.42422 0.3272497289483195
16.42542 0.3275659559089267
16.42663 0.32783700758944706
16.42784 0.3281532345500542
16.42904 0.3284242862305746
16.43025 0.32869533791109506
16.43146 0.32901156487170224
16.43266 0.32928261655222263
16.43387 0.32955366823274307
16.43508 0.3298698951933502
16.43628 0.33014094687387063
16.43749 0.330411998554391
16.4387 0.33068305023491146
16.4399 0.33099927719551864
16.44111 0.3312703288760391
16.44232 0.33154138055655946
16.44352 0.3318124322370799
16.44473 0.33208348391760034
16.44594 0.33235453559812067
16.44715 0.33267076255872785
16.44835 0.3329418142392483
16.44956 0.33321286591976873
16.45077 0.3334839176002891
16.45197 0.33375496928080955
16.45318 0.33402602096133
16.45439 0.3342970726418504
16.45559 0.3346132996024575
16.4568 0.33488435128297794
16.45801 0.3351554029634984
16.45921 0.33542645464401877
16.46042 0.3356975063245392
16.46163 0.33596855800505965
16.46283 0.33623960968558003
16.46404 0.33651066136610047
16.46525 0.3367817130466209
16.46645 0.3370527647271413
16.46766 0.33732381640766174
16.46887 0.3375496928080954
16.47007 0.3378207444886158
16.47128 0.33809179616913626
16.47249 0.33836284784965664
16.4737 0.3386338995301771
16.4749 0.3389049512106975
16.47611 0.3391760028912179
16.47732 0.33944705457173835
16.47852 0.3397181062522588
16.47973 0.33994398265269243
16.48094 0.3402150343332129
16.48214 0.3404860860137333
16.48335 0.3407571376942537
16.48456 0.3410733646548608
16.48576 0.34134441633538126
16.48697 0.3416154680159017
16.48818 0.3418865196964221
16.48938 0.3421575713769425
16.49059 0.34242862305746297
16.4918 0.34269967473798335
16.493 0.34301590169859053
16.49421 0.34328695337911097
16.49542 0.3435580050596314
16.49662 0.3438290567401518
16.49783 0.3441452837007589
16.49904 0.34441633538127936
16.50025 0.3446873870617998
16.50145 0.3449584387423202
16.50266 0.34527466570292736
16.50387 0.3455457173834478
16.50507 0.34586194434405493
16.50628 0.3461329960245753
16.50749 0.34640404770509575
16.50869 0.34672027466570293
16.5099 0.34703650162631006
16.51111 0.3473075533068305
16.51231 0.3476237802674377
16.51352 0.34789483194795806
16.51473 0.3482110589085652
16.51593 0.34852728586917237
16.51714 0.34884351282977955
16.51835 0.3491145645103
16.51955 0.3494307914709071
16.52076 0.3497470184315143
16.52197 0.35006324539212147
16.52317 0.3503794723527286
16.52438 0.3506956993133358
16.52559 0.3510119262739429
16.5268 0.3513281532345501
16.528 0.35164438019515726
16.52921 0.3519606071557643
16.53042 0.3522768341163715
16.53162 0.35259306107697863
16.53283 0.3529092880375858
16.53404 0.35327069027827973
16.53524 0.3535869172388869
16.53645 0.3539031441994941
16.53766 0.35421937116010116
16.53886 0.35453559812070834
16.54007 0.35485182508131546
16.54128 0.35516805204192264
16.54248 0.35552945428261656
16.54369 0.35584568124322374
16.5449 0.3561619082038308
16.5461 0.3565233104445248
16.54731 0.3568395374051319
16.54852 0.35720093964582583
16.54972 0.35751716660643296
16.55093 0.3578785688471268
16.55214 0.358194795807734
16.55335 0.35855619804842787
16.55455 0.35887242500903505
16.55576 0.3592338272497289
16.55697 0.3595500542103361
16.55817 0.3598662811709432
16.55938 0.3601825081315504
16.56059 0.3604987350921576
16.56179 0.3608149620527647
16.563 0.3611311890133719
16.56421 0.361447415973979
16.56541 0.36171846765449944
16.56662 0.3620346946151066
16.56783 0.3623509215757138
16.56903 0.3626219732562342
16.57024 0.3629382002168413
16.57145 0.36320925189736175
16.57265 0.3634803035778822
16.57386 0.36379653053848937
16.57507 0.36406758221900976
16.57627 0.3643386338995302
16.57748 0.36460968558005064
16.57869 0.36488073726057096
16.5799 0.3651517889410914
16.5811 0.36542284062161184
16.58231 0.36569389230213223
16.58352 0.36596494398265267
16.58472 0.36619082038308637
16.58593 0.3664618720636068
16.58714 0.3666877484640405
16.58834 0.36691362486447415
16.58955 0.3671395012649078
16.59076 0.36736537766534155
16.59196 0.3675912540657752
16.59317 0.36777195518612216
16.59438 0.36799783158655586
16.59558 0.3681785327069028
16.59679 0.3683592338272497
16.598 0.3685399349475967
16.5992 0.3686754607878569
16.60041 0.3688561619082038
16.60162 0.368991687748464
16.60282 0.369172388868811
16.60403 0.3693079147090712
16.60524 0.3694434405493314
16.60645 0.3695789663895916
16.60765 0.3697596675099386
16.60886 0.36989519335019877
16.61007 0.370030719190459
16.61127 0.3701662450307192
16.61248 0.37030177087097943
16.61369 0.37043729671123965
16.61489 0.37057282255149987
16.6161 0.37070834839176
16.61731 0.3708438742320202
16.61851 0.3709794000722804
16.61972 0.37111492591254064
16.62093 0.3712956270328876
16.62213 0.3713859775930611
16.62334 0.37152150343332124
16.62455 0.37165702927358146
16.62575 0.3717925551138417
16.62696 0.3719280809541019
16.62817 0.37201843151427544
16.62938 0.37215395735453555
16.63058 0.37228948319479577
16.63179 0.372425009035056
16.633 0.3725153595952295
16.6342 0.3726508854354897
16.63541 0.3727864112757499
16.63662 0.3729219371160101
16.63782 0.37305746295627035
16.63903 0.37319298879653057
16.64024 0.3733285146367908
16.64144 0.3735092157571377
16.64265 0.3736447415973979
16.64386 0.37382544271774487
16.64506 0.3739609685580051
16.64627 0.37414166967835205
16.64748 0.37432237079869896
16.64868 0.3745030719190459
16.64989 0.3746837730393928
16.6511 0.3748644741597398
16.6523 0.37504517528008674
16.65351 0.37527105168052044
16.65472 0.3754517528008674
16.65593 0.37567762920130104
16.65713 0.37585833032164795
16.65834 0.3760842067220817
16.65955 0.3762649078424286
16.66075 0.3764907842428623
16.66196 0.376716660643296
16.66317 0.37689736176364297
16.66437 0.3771232381640766
16.66558 0.37734911456451026
16.66679 0.377574990964944
16.66799 0.37780086736537766
16.6692 0.37802674376581136
16.67041 0.378252620166245
16.67161 0.3784784965666787
16.67282 0.3787043729671124
16.67403 0.37893024936754605
16.67523 0.3791561257679798
16.67644 0.37938200216841345
16.67765 0.3796530538489339
16.67885 0.37987893024936753
16.68006 0.38010480664980123
16.68127 0.3803758583303216
16.68248 0.38060173473075537
16.68368 0.38087278641127575
16.68489 0.3811438380917962
16.6861 0.38136971449222984
16.6873 0.3816407661727503
16.68851 0.3819118178532707
16.68972 0.38213769425370436
16.69092 0.3824087459342248
16.69213 0.3826797976147452
16.69334 0.3829056740151789
16.69454 0.3831767256956993
16.69575 0.3834477773762197
16.69696 0.38371882905674015
16.69816 0.3839447054571738
16.69937 0.38421575713769424
16.70058 0.3844868088182147
16.70178 0.38475786049873506
16.70299 0.3850289121792555
16.7042 0.38525478857968914
16.7054 0.3855258402602096
16.70661 0.38579689194073
16.70782 0.3860679436212504
16.70903 0.38633899530177085
16.71023 0.3866100469822913
16.71144 0.3868810986628117
16.71265 0.3871521503433321
16.71385 0.38742320202385255
16.71506 0.38769425370437294
16.71627 0.3879653053848934
16.71747 0.3882363570654138
16.71868 0.3885074087459342
16.71989 0.38877846042645464
16.72109 0.3890495121069751
16.7223 0.3893205637874955
16.72351 0.3895916154680159
16.72471 0.38986266714853635
16.72592 0.3901337188290568
16.72713 0.39040477050957717
16.72833 0.39067582219009755
16.72954 0.390946873870618
16.73075 0.3912179255511384
16.73195 0.3914889772316588
16.73316 0.39176002891217926
16.73437 0.39203108059269964
16.73558 0.3923021322732201
16.73678 0.3925731839537405
16.73799 0.3928442356342609
16.7392 0.39311528731478135
16.7404 0.3933863389953018
16.74161 0.39365739067582217
16.74282 0.3939284423563426
16.74402 0.39419949403686305
16.74523 0.3944253704372967
16.74644 0.39469642211781714
16.74764 0.3949674737983375
16.74885 0.3951933501987712
16.75006 0.39546440187929166
16.75126 0.39569027827972536
16.75247 0.3959613299602458
16.75368 0.39618720636067944
16.75488 0.3964130827611131
16.75609 0.3966389591615468
16.7573 0.3968648355619805
16.7585 0.39713588724250093
16.75971 0.3973617636429346
16.76092 0.39754246476328153
16.76213 0.39776834116371523
16.76333 0.3979942175641489
16.76454 0.39822009396458263
16.76575 0.3984459703650163
16.76695 0.3986718467654499
16.76816 0.3988525478857969
16.76937 0.3990784242862306
16.77057 0.39925912540657754
16.77178 0.3994850018070112
16.77299 0.3997108782074449
16.77419 0.39989157932779185
16.7754 0.40007228044813875
16.77661 0.40029815684857245
16.77781 0.4004788579689194
16.77902 0.4007047343693531
16.78023 0.4008854354897
16.78143 0.401066136610047
16.78264 0.4012920130104807
16.78385 0.40147271413082763
16.78505 0.4016534152511746
16.78626 0.4018341163715215
16.78747 0.40201481749186846
16.78868 0.40219551861221536
16.78988 0.4023762197325623
16.79109 0.4025569208529093
16.7923 0.4027376219732562
16.7935 0.4029183230936032
16.79471 0.40309902421395016
16.79592 0.40327972533429707
16.79712 0.4034152511745573
16.79833 0.40359595229490425
16.79954 0.40377665341525115
16.80074 0.4039573545355981
16.80195 0.40413805565594507
16.80316 0.4042735814962053
16.80436 0.4044542826165522
16.80557 0.40463498373689916
16.80678 0.4048156848572461
16.80798 0.40495121069750634
16.80919 0.40513191181785324
16.8104 0.4053126129382002
16.8116 0.4054933140585472
16.81281 0.4056740151788941
16.81402 0.40589989157932777
16.81523 0.4060805926996747
16.81643 0.4062612938200217
16.81764 0.4064419949403686
16.81885 0.4066226960607156
16.82005 0.40680339718106256
16.82126 0.40698409830140947
16.82247 0.40716479942175643
16.82367 0.40730032526201665
16.82488 0.40748102638236355
16.82609 0.4076165522226238
16.82729 0.40779725334297073
16.8285 0.40793277918323095
16.82971 0.4080683050234911
16.83091 0.4081586555836646
16.83212 0.4082941814239248
16.83333 0.4083845319840983
16.83453 0.4084748825442718
16.83574 0.40856523310444526
16.83695 0.40865558366461874
16.83816 0.4087459342247922
16.83936 0.40879110950487896
16.84057 0.4088814600650524
16.84178 0.4089266353451392
16.84298 0.4090169859053126
16.84419 0.4090621611853994
16.8454 0.4091073364654861
16.8466 0.4091525117455728
16.84781 0.4091525117455728
16.84902 0.4091976870256595
16.85022 0.4091976870256595
16.85143 0.4092428623057463
16.85264 0.4092428623057463
16.85384 0.4091976870256595
16.85505 0.4091976870256595
16.85626 0.4091976870256595
16.85746 0.4091525117455728
16.85867 0.4091073364654861
16.85988 0.4090621611853994
16.86108 0.40897181062522586
16.86229 0.4089266353451392
16.8635 0.40883628478496564
16.86471 0.4087007589447054
16.86591 0.408610408384532
16.86712 0.4084748825442718
16.86833 0.40833935670401156
16.86953 0.4081586555836646
16.87074 0.4080231297434044
16.87195 0.4078424286230575
16.87315 0.4076617275027105
16.87436 0.40748102638236355
16.87557 0.40730032526201665
16.87677 0.4071196241416697
16.87798 0.4069389230213227
16.87919 0.40671304662088903
16.88039 0.4065323455005421
16.8816 0.40635164438019516
16.88281 0.40612576797976147
16.88401 0.4059450668594145
16.88522 0.40576436573906755
16.88643 0.40558366461872064
16.88763 0.405357788218287
16.88884 0.40517708709794004
16.89005 0.404996385977593
16.89126 0.4048156848572461
16.89246 0.40463498373689916
16.89367 0.4044542826165522
16.89488 0.4042735814962053
16.89608 0.40409288037585833
16.89729 0.40386700397542463
16.8985 0.40368630285507767
16.8997 0.4035056017347307
16.90091 0.40327972533429707
16.90212 0.40309902421395016
16.90332 0.4029183230936032
16.90453 0.4026924466931695
16.90574 0.40251174557282254
16.90694 0.4022858691723889
16.90815 0.40210516805204194
16.90936 0.4019244669316949
16.91056 0.4016985905312613
16.91177 0.4015178894109144
16.91298 0.4012920130104807
16.91418 0.4011113118901337
16.91539 0.4008854354897
16.9166 0.4007047343693531
16.91781 0.40052403324900615
16.91901 0.40029815684857245
16.92022 0.4001174557282255
16.92143 0.39993675460787853
16.92263 0.3997108782074449
16.92384 0.399530177087098
16.92505 0.399349475966751
16.92625 0.3991235995663173
16.92746 0.39894289844597036
16.92867 0.3987621973256234
16.92987 0.39853632092518976
16.93108 0.39835561980484274
16.93229 0.39817491868449584
16.93349 0.3979490422840622
16.9347 0.39776834116371523
16.93591 0.39754246476328153
16.93711 0.3973617636429346
16.93832 0.39713588724250093
16.93953 0.39695518612215397
16.94073 0.39672930972172027
16.94194 0.39650343332128657
16.94315 0.39632273220093966
16.94436 0.3960968558005059
16.94556 0.39587097940007226
16.94677 0.3956451029996386
16.94798 0.3953740513191182
16.94918 0.39514817491868454
16.95039 0.3949222985182508
16.9516 0.39465124683773034
16.9528 0.39438019515721
16.95401 0.39415431875677626
16.95522 0.39388326707625587
16.95642 0.39361221539573543
16.95763 0.3933863389953018
16.95884 0.39311528731478135
16.96004 0.3928894109143477
16.96125 0.39261835923382726
16.96246 0.3923924828333936
16.96366 0.39216660643295986
16.96487 0.3919407300325262
16.96608 0.3917148536320925
16.96728 0.3914889772316588
16.96849 0.3912631008312252
16.9697 0.39108239971087816
16.97091 0.39090169859053125
16.97211 0.3907209974701843
16.97332 0.3905402963498374
16.97453 0.39035959522949043
16.97573 0.3902240693892302
16.97694 0.39008854354897
16.97815 0.38990784242862303
16.97935 0.3897723165883628
16.98056 0.3896367907481026
16.98177 0.38954644018792917
16.98297 0.38941091434766895
16.98418 0.3892753885074087
16.98539 0.3891850379472353
16.98659 0.3890495121069751
16.9878 0.38895916154680155
16.98901 0.3888688109866281
16.99021 0.3887332851463679
16.99142 0.3886429345861944
16.99263 0.388552584026021
16.99383 0.38846223346584746
16.99504 0.3884170581857608
16.99625 0.38832670762558724
16.99746 0.3882363570654138
16.99866 0.38814600650524034
16.99987 0.38805565594506686
17.00108 0.3880104806649801
17.00228 0.3879653053848934
17.00349 0.38792013010480664
17.0047 0.38787495482471995
17.0059 0.38782977954463316
17.00711 0.3877846042645464
17.00832 0.3877846042645464
17.00952 0.3877846042645464
17.01073 0.38773942898445973
17.01194 0.38773942898445973
17.01314 0.38773942898445973
17.01435 0.38769425370437294
17.01556 0.38769425370437294
17.01676 0.38769425370437294
17.01797 0.3876490784242862
17.01918 0.3876490784242862
17.02038 0.3876039031441995
17.02159 0.3875587278641128
17.0228 0.387513552584026
17.02401 0.38742320202385255
17.02521 0.3873780267437658
17.02642 0.38728767618359233
17.02763 0.38719732562341885
17.02883 0.3871069750632454
17.03004 0.38697144922298515
17.03125 0.3868810986628117
17.03245 0.3867455728225515
17.03366 0.3866100469822913
17.03487 0.38647452114203107
17.03607 0.38633899530177085
17.03728 0.38615829418142394
17.03849 0.3860227683411637
17.03969 0.38584206722081676
17.0409 0.38570654138055654
17.04211 0.3855258402602096
17.04331 0.3853451391398627
17.04452 0.3851644380195157
17.04573 0.3849837368991688
17.04694 0.38480303577882186
17.04814 0.38462233465847484
17.04935 0.38444163353812794
17.05056 0.384260932417781
17.05176 0.384080231297434
17.05297 0.3838995301770871
17.05418 0.3836736537766534
17.05538 0.38349295265630645
17.05659 0.3833122515359595
17.0578 0.38308637513552585
17.059 0.3828604987350922
17.06021 0.3826797976147452
17.06142 0.38245392121431154
17.06262 0.3821828695337911
17.06383 0.3819569931333574
17.06504 0.38173111673292376
17.06624 0.38150524033249006
17.06745 0.3812341886519697
17.06866 0.381008312251536
17.06986 0.3807824358511023
17.07107 0.38051138417058183
17.07228 0.3802855077701482
17.07349 0.3800596313697145
17.07469 0.3797885796891941
17.0759 0.37956270328876035
17.07711 0.3793368268883267
17.07831 0.379110950487893
17.07952 0.37888507408745936
17.08073 0.37865919768702566
17.08193 0.3784784965666787
17.08314 0.37829779544633174
17.08435 0.3780719190458981
17.08555 0.37789121792555114
17.08676 0.37771051680520423
17.08797 0.3775298156848573
17.08917 0.37734911456451026
17.09038 0.37716841344416335
17.09159 0.3769877123238164
17.09279 0.3768521864835562
17.094 0.3766714853632092
17.09521 0.3764907842428623
17.09641 0.3763552584026021
17.09762 0.37617455728225513
17.09883 0.3760390314419949
17.10004 0.37585833032164795
17.10124 0.37572280448138773
17.10245 0.3755872786411276
17.10366 0.3754065775207806
17.10486 0.37527105168052044
17.10607 0.3751355258402602
17.10728 0.375
17.10848 0.3748644741597398
17.10969 0.37472894831947956
17.1109 0.37459342247921934
17.1121 0.3744578966389592
17.11331 0.37432237079869896
17.11452 0.3742320202385255
17.11572 0.37409649439826526
17.11693 0.37400614383809183
17.11814 0.3739157932779183
17.11934 0.3737802674376581
17.12055 0.37368991687748465
17.12176 0.37359956631731117
17.12296 0.3735092157571377
17.12417 0.3734188651969642
17.12538 0.37337368991687747
17.12659 0.373283339356704
17.12779 0.37319298879653057
17.129 0.37310263823635703
17.13021 0.3729671123960968
17.13141 0.3728767618359234
17.13262 0.3727864112757499
17.13383 0.3726960607155764
17.13503 0.3725605348753162
17.13624 0.3724701843151427
17.13745 0.3723346584748825
17.13865 0.37219913263462234
17.13986 0.3720636067943621
17.14107 0.3718829056740152
17.14227 0.371747379833755
17.14348 0.3716118539934948
17.14469 0.3714311528731478
17.14589 0.3712956270328876
17.1471 0.37111492591254064
17.14831 0.3709794000722804
17.14951 0.3707986989519335
17.15072 0.3706631731116733
17.15193 0.37048247199132633
17.15314 0.37030177087097943
17.15434 0.37012106975063247
17.15555 0.3699403686302855
17.15676 0.3697596675099386
17.15796 0.36953379110950485
17.15917 0.36935308998915795
17.16038 0.36912721358872425
17.16158 0.36890133718829055
17.16279 0.3686754607878569
17.164 0.36840440910733646
17.1652 0.3681785327069028
17.16641 0.3679074810263824
17.16762 0.36763642934586194
17.16882 0.36732020238525476
17.17003 0.3670039754246477
17.17124 0.3666877484640405
17.17244 0.36637152150343333
17.17365 0.3660101192627394
17.17486 0.36564871702204554
17.17606 0.36524213950126494
17.17727 0.36488073726057096
17.17848 0.3644741597397904
17.17969 0.36406758221900976
17.18089 0.36366100469822915
17.1821 0.36320925189736175
17.18331 0.36280267437658115
17.18451 0.3623960968558005
17.18572 0.36194434405493314
17.18693 0.36153776653415254
17.18813 0.3611311890133719
17.18934 0.3606794362125045
17.19055 0.3602728586917239
17.19175 0.3598662811709432
17.19296 0.35950487893024935
17.19417 0.35909830140946875
17.19537 0.3587368991687748
17.19658 0.35837549692808096
17.19779 0.35801409468738704
17.19899 0.3576526924466932
17.2002 0.35729129020599926
17.20141 0.3569298879653054
17.20261 0.3565233104445248
17.20382 0.3561619082038308
17.20503 0.35580050596313695
17.20624 0.3554391037224431
17.20744 0.3550325262016624
17.20865 0.35467112396096856
17.20986 0.35430972172027464
17.21106 0.3539483194795808
17.21227 0.35363209251897365
17.21348 0.35327069027827973
17.21468 0.3529544633176726
17.21589 0.3526382363570654
17.2171 0.352367184676545
17.2183 0.3520509577159378
17.21951 0.35182508131550416
17.22072 0.3515540296349837
17.22192 0.3513281532345501
17.22313 0.35114745211420306
17.22434 0.3509215757137694
17.22554 0.3507860498735092
17.22675 0.350650524033249
17.22796 0.3505149981929888
17.22916 0.35042464763281533
17.23037 0.3503794723527286
17.23158 0.3503342970726418
17.23279 0.3502891217925551
17.23399 0.3502439465124684
17.2352 0.3502439465124684
17.23641 0.3502439465124684
17.23761 0.3502891217925551
17.23882 0.3502891217925551
17.24003 0.3503342970726418
17.24123 0.3503794723527286
17.24244 0.350469822912902
17.24365 0.3505149981929888
17.24485 0.35060534875316224
17.24606 0.350650524033249
17.24727 0.35074087459342246
17.24847 0.3507860498735092
17.24968 0.3508764004336827
17.25089 0.35096675099385616
17.25209 0.3510119262739429
17.2533 0.35105710155402964
17.25451 0.35114745211420306
17.25571 0.35119262739428986
17.25692 0.3512829779544633
17.25813 0.3513733285146368
17.25934 0.35150885435489704
17.26054 0.35159920491507046
17.26175 0.3517347307553307
17.26296 0.3518702565955909
17.26416 0.3520057824358511
17.26537 0.35214130827611134
17.26658 0.3522768341163715
17.26778 0.3524123599566317
17.26899 0.35254788579689195
17.2702 0.3526382363570654
17.2714 0.35277376219732565
17.27261 0.3529092880375858
17.27382 0.35304481387784603
17.27502 0.3531351644380195
17.27623 0.353225514998193
17.27744 0.3533610408384532
17.27864 0.3534062161185399
17.27985 0.35349656667871343
17.28106 0.3535417419588001
17.28227 0.3535869172388869
17.28347 0.3535869172388869
17.28468 0.35363209251897365
17.28589 0.35363209251897365
17.28709 0.35363209251897365
17.2883 0.3535869172388869
17.28951 0.3535869172388869
17.29071 0.3535417419588001
17.29192 0.35349656667871343
17.29313 0.3534513913986267
17.29433 0.3534062161185399
17.29554 0.3533610408384532
17.29675 0.35327069027827973
17.29795 0.353225514998193
17.29916 0.3531351644380195
17.30037 0.35308998915793277
17.30157 0.3529996385977593
17.30278 0.3529092880375858
17.30399 0.3528189374774124
17.30519 0.35272858691723885
17.3064 0.3526382363570654
17.30761 0.35254788579689195
17.30882 0.35245753523671847
17.31002 0.352367184676545
17.31123 0.3522768341163715
17.31244 0.352186483556198
17.31364 0.3520509577159378
17.31485 0.3519606071557643
17.31606 0.35182508131550416
17.31726 0.35168955547524394
17.31847 0.3515540296349837
17.31968 0.3514185037947235
17.32088 0.3512829779544633
17.32209 0.3511022768341164
17.3233 0.35096675099385616
17.3245 0.3507860498735092
17.32571 0.350650524033249
17.32692 0.3505149981929888
17.32812 0.3503342970726418
17.32933 0.3501987712323817
17.33054 0.3500180701120347
17.33174 0.3498825442717745
17.33295 0.3497470184315143
17.33416 0.34961149259125407
17.33537 0.34947596675099385
17.33657 0.34934044091073363
17.33778 0.3492500903505602
17.33899 0.3491145645103
17.34019 0.34902421395012645
17.3414 0.348933863389953
17.34261 0.34884351282977955
17.34381 0.34875316226960607
17.34502 0.3486628117094326
17.34623 0.34861763642934585
17.34743 0.34852728586917237
17.34864 0.34843693530899894
17.34985 0.3483465847488254
17.35105 0.3483014094687387
17.35226 0.3482110589085652
17.35347 0.3481658836284785
17.35467 0.34812070834839176
17.35588 0.34807553306830497
17.35709 0.3480303577882183
17.35829 0.34798518250813154
17.3595 0.34794000722804486
17.36071 0.34789483194795806
17.36192 0.34789483194795806
17.36312 0.3478496566678713
17.36433 0.3478496566678713
17.36554 0.3478496566678713
17.36674 0.3478496566678713
17.36795 0.34789483194795806
17.36916 0.34789483194795806
17.37036 0.34794000722804486
17.37157 0.34798518250813154
17.37278 0.3480303577882183
17.37398 0.34807553306830497
17.37519 0.3481658836284785
17.3764 0.348256234188652
17.3776 0.3483014094687387
17.37881 0.34839176002891215
17.38002 0.34852728586917237
17.38122 0.34861763642934585
17.38243 0.3487079869895193
17.38364 0.34884351282977955
17.38484 0.348933863389953
17.38605 0.34906938923021325
17.38726 0.3492049150704734
17.38847 0.34934044091073363
17.38967 0.34947596675099385
17.39088 0.34961149259125407
17.39209 0.3497470184315143
17.39329 0.3498825442717745
17.3945 0.3500180701120347
17.39571 0.3501535959522949
17.39691 0.3502891217925551
17.39812 0.35042464763281533
17.39933 0.35060534875316224
17.40053 0.35074087459342246
17.40174 0.3508764004336827
17.40295 0.35105710155402964
17.40415 0.35119262739428986
17.40536 0.3513733285146368
17.40657 0.3515540296349837
17.40777 0.3517347307553307
17.40898 0.3519154318756776
17.41019 0.35209613299602455
17.41139 0.3522768341163715
17.4126 0.35245753523671847
17.41381 0.3526382363570654
17.41502 0.3528189374774124
17.41622 0.3529996385977593
17.41743 0.35318033971810625
17.41864 0.3533610408384532
17.41984 0.3535417419588001
17.42105 0.3537224430791471
17.42226 0.3539031441994941
17.42346 0.354083845319841
17.42467 0.35426454644018796
17.42588 0.3544000722804482
17.42708 0.3545807734007951
17.42829 0.3547162992410553
17.4295 0.35489700036140226
17.4307 0.3550325262016624
17.43191 0.35516805204192264
17.43312 0.35530357788218286
17.43432 0.35548427900252977
17.43553 0.35561980484279
17.43674 0.3557553306830502
17.43794 0.35589085652331043
17.43915 0.35602638236357065
17.44036 0.3561619082038308
17.44157 0.35629743404409103
17.44277 0.35643295988435125
17.44398 0.3565684857246115
17.44519 0.356658836284785
17.44639 0.3567943621250452
17.4476 0.3569298879653054
17.44881 0.3570654138055656
17.45001 0.35720093964582583
17.45122 0.35729129020599926
17.45243 0.3574268160462595
17.45363 0.35751716660643296
17.45484 0.3576526924466932
17.45605 0.3577882182869534
17.45725 0.3578785688471268
17.45846 0.35796891940730036
17.45967 0.3581044452475605
17.46087 0.358194795807734
17.46208 0.3582851463679075
17.46329 0.35842067220816765
17.46449 0.3585110227683412
17.4657 0.35860137332851466
17.46691 0.3586917238886881
17.46812 0.3587820744488616
17.46932 0.35887242500903505
17.47053 0.3589627755692085
17.47174 0.359053126129382
17.47294 0.3591434766895555
17.47415 0.3592338272497289
17.47536 0.35932417780990245
17.47656 0.35936935308998913
17.47777 0.3594597036501626
17.47898 0.3595500542103361
17.48018 0.35964040477050957
17.48139 0.35973075533068305
17.4826 0.35982110589085653
17.4838 0.35991145645103
17.48501 0.36000180701120343
17.48622 0.36009215757137697
17.48742 0.3601825081315504
17.48863 0.3602728586917239
17.48984 0.36036320925189735
17.49105 0.36045355981207083
17.49225 0.3605439103722443
17.49346 0.3606342609324178
17.49467 0.3607246114925913
17.49587 0.3608149620527647
17.49708 0.36090531261293823
17.49829 0.36099566317311166
17.49949 0.36108601373328514
17.5007 0.36117636429345856
17.50191 0.3612667148536321
17.50311 0.3613570654138056
17.50432 0.361447415973979
17.50553 0.36153776653415254
17.50673 0.36162811709432596
17.50794 0.3617636429345862
17.50915 0.36185399349475966
17.51035 0.36194434405493314
17.51156 0.3620346946151066
17.51277 0.36212504517528005
17.51397 0.36226057101554027
17.51518 0.3623509215757138
17.51639 0.362486447415974
17.5176 0.36257679797614745
17.5188 0.36271232381640767
17.52001 0.36280267437658115
17.52122 0.3629382002168413
17.52242 0.36302855077701485
17.52363 0.36316407661727507
17.52484 0.3632544271774485
17.52604 0.3633899530177087
17.52725 0.36352547885796893
17.52846 0.36366100469822915
17.52966 0.3637513552584026
17.53087 0.3638868810986628
17.53208 0.364022406938923
17.53328 0.36415793277918324
17.53449 0.36429345861944346
17.5357 0.3644289844597037
17.5369 0.36456451029996384
17.53811 0.3646548608601373
17.53932 0.36479038670039754
17.54052 0.36492591254065776
17.54173 0.365061438380918
17.54294 0.36519696422117814
17.54415 0.36533249006143836
17.54535 0.3655131911817853
17.54656 0.36564871702204554
17.54777 0.36578424286230576
17.54897 0.365919768702566
17.55018 0.3660552945428262
17.55139 0.36619082038308637
17.55259 0.36637152150343333
17.5538 0.3665070473436935
17.55501 0.3666425731839537
17.55621 0.3668232743043007
17.55742 0.3669588001445609
17.55863 0.3671395012649078
17.55983 0.367275027105168
17.56104 0.36741055294542824
17.56225 0.3675912540657752
17.56345 0.3677267799060354
17.56466 0.3679074810263824
17.56587 0.3680430068666426
17.56707 0.3682237079869895
17.56828 0.3683592338272497
17.56949 0.36849475966750994
17.5707 0.3686754607878569
17.5719 0.3688109866281171
17.57311 0.368991687748464
17.57432 0.36912721358872425
17.57552 0.3692627394289844
17.57673 0.36939826526924463
17.57794 0.36953379110950485
17.57914 0.3697144922298518
17.58035 0.36985001807011203
17.58156 0.36998554391037225
17.58276 0.37012106975063247
17.58397 0.3702565955908927
17.58518 0.37039212143115285
17.58638 0.3705276472714131
17.58759 0.37070834839176
17.5888 0.3708438742320202
17.59 0.3709794000722804
17.59121 0.37111492591254064
17.59242 0.37125045175280086
17.59362 0.3713859775930611
17.59483 0.37152150343332124
17.59604 0.37165702927358146
17.59725 0.3717925551138417
17.59845 0.3719280809541019
17.59966 0.3720636067943621
17.60087 0.37219913263462234
17.60207 0.3723346584748825
17.60328 0.3724701843151427
17.60449 0.3726508854354897
17.60569 0.3727864112757499
17.6069 0.3729219371160101
17.60811 0.37305746295627035
17.60931 0.37319298879653057
17.61052 0.3733285146367908
17.61173 0.37346404047705095
17.61293 0.37359956631731117
17.61414 0.3737350921575714
17.61535 0.3738706179978316
17.61655 0.37400614383809183
17.61776 0.37414166967835205
17.61897 0.37427719551861216
17.62017 0.3743675460787857
17.62138 0.3745030719190459
17.62259 0.3746837730393928
17.6238 0.37481929887965304
17.625 0.37495482471991326
17.62621 0.3750903505601735
17.62742 0.37522587640043364
17.62862 0.37536140224069386
17.62983 0.3755421033610408
17.63104 0.37567762920130104
17.63224 0.37581315504156126
17.63345 0.37599385616190817
17.63466 0.37617455728225513
17.63586 0.37631008312251535
17.63707 0.3764907842428623
17.63828 0.3766714853632092
17.63948 0.3768521864835562
17.64069 0.3770328876039032
17.6419 0.3772135887242501
17.6431 0.37739428984459705
17.64431 0.377574990964944
17.64552 0.3777556920852909
17.64672 0.3779363932056379
17.64793 0.3781170943259848
17.64914 0.37829779544633174
17.65035 0.37852367184676544
17.65155 0.3787043729671124
17.65276 0.37888507408745936
17.65397 0.379110950487893
17.65517 0.37929165160824
17.65638 0.37951752800867367
17.65759 0.37969822912902057
17.65879 0.37992410552945427
17.66 0.38014998192988797
17.66121 0.38033068305023493
17.66241 0.3805565594506686
17.66362 0.3807824358511023
17.66483 0.381008312251536
17.66603 0.3812341886519697
17.66724 0.3814600650524033
17.66845 0.38168594145283696
17.66965 0.3819118178532707
17.67086 0.38213769425370436
17.67207 0.3824087459342248
17.67327 0.38263462233465845
17.67448 0.3829056740151789
17.67569 0.38313155041561253
17.6769 0.38340260209613297
17.6781 0.38362847849656667
17.67931 0.3838995301770871
17.68052 0.38412540657752076
17.68172 0.3843964582580412
17.68293 0.38466750993856164
17.68414 0.3848933863389953
17.68534 0.3851644380195157
17.68655 0.3854354897000361
17.68776 0.38570654138055654
17.68896 0.38593241778099024
17.69017 0.38620346946151063
17.69138 0.38647452114203107
17.69258 0.3867455728225515
17.69379 0.38697144922298515
17.695 0.3872425009035056
17.6962 0.387513552584026
17.69741 0.38773942898445973
17.69862 0.3880104806649801
17.69983 0.38828153234550056
17.70103 0.388552584026021
17.70224 0.38877846042645464
17.70345 0.3890495121069751
17.70465 0.3893205637874955
17.70586 0.3895916154680159
17.70707 0.38986266714853635
17.70827 0.3901337188290568
17.70948 0.39040477050957717
17.71069 0.39067582219009755
17.71189 0.39090169859053125
17.7131 0.3911727502710517
17.71431 0.39144380195157213
17.71551 0.3917148536320925
17.71672 0.39198590531261296
17.71793 0.3922117817130466
17.71913 0.39248283339356704
17.72034 0.3927538850740875
17.72155 0.3929797614745211
17.72275 0.39325081315504157
17.72396 0.3934766895554752
17.72517 0.39370256595590897
17.72638 0.3939284423563426
17.72758 0.39419949403686305
17.72879 0.3944253704372967
17.73 0.39465124683773034
17.7312 0.3948771232381641
17.73241 0.39510299963859774
17.73362 0.39532887603903144
17.73482 0.39555475243946514
17.73603 0.3957806288398988
17.73724 0.3960065052403325
17.73844 0.39623238164076613
17.73965 0.3964582580411999
17.74086 0.3966389591615468
17.74206 0.3968648355619805
17.74327 0.3970907119624142
17.74448 0.39727141308276115
17.74568 0.3974972894831948
17.74689 0.39772316588362844
17.7481 0.39790386700397545
17.7493 0.3980845681243224
17.75051 0.39831044452475606
17.75172 0.39849114564510296
17.75293 0.3986718467654499
17.75413 0.3988525478857969
17.75534 0.39903324900614384
17.75655 0.3992139501264908
17.75775 0.399349475966751
17.75896 0.399530177087098
17.76017 0.3997108782074449
17.76137 0.3998464040477051
17.76258 0.39998192988796527
17.76379 0.4001626310083123
17.76499 0.40029815684857245
17.7662 0.40043368268883267
17.76741 0.4005692085290929
17.76861 0.4007047343693531
17.76982 0.40084026020961333
17.77103 0.40093061076978675
17.77223 0.401066136610047
17.77344 0.4012016624503072
17.77465 0.4013371882905674
17.77585 0.40147271413082763
17.77706 0.40156306469100106
17.77827 0.4016985905312613
17.77948 0.4018341163715215
17.78068 0.4019244669316949
17.78189 0.40205999277195514
17.7831 0.40219551861221536
17.7843 0.4023310444524756
17.78551 0.4024213950126491
17.78672 0.4025569208529093
17.78792 0.4026924466931695
17.78913 0.4028279725334297
17.79034 0.4029183230936032
17.79154 0.40305384893386337
17.79275 0.4031893747741236
17.79396 0.40327972533429707
17.79516 0.4034152511745573
17.79637 0.4035056017347307
17.79758 0.40364112757499093
17.79878 0.40373147813516447
17.79999 0.40386700397542463
17.8012 0.4039573545355981
17.8024 0.4040477050957716
17.80361 0.40418323093603176
17.80482 0.4042735814962053
17.80603 0.4044091073364655
17.80723 0.40454463317672573
17.80844 0.40463498373689916
17.80965 0.4047705095771594
17.81085 0.4049060354174196
17.81206 0.4050415612576798
17.81327 0.40517708709794004
17.81447 0.4053126129382002
17.81568 0.4054481387784604
17.81689 0.40558366461872064
17.81809 0.40571919045898086
17.8193 0.40589989157932777
17.82051 0.406035417419588
17.82171 0.40621611853993495
17.82292 0.40635164438019516
17.82413 0.4065323455005421
17.82533 0.40671304662088903
17.82654 0.40684857246114925
17.82775 0.4070292735814962
17.82895 0.4072099747018431
17.83016 0.4073906758221901
17.83137 0.40757137694253703
17.83258 0.407752078062884
17.83378 0.40793277918323095
17.83499 0.4081134803035779
17.8362 0.4082941814239248
17.8374 0.4084748825442718
17.83861 0.40865558366461874
17.83982 0.40883628478496564
17.84102 0.4090621611853994
17.84223 0.4092428623057463
17.84344 0.40942356342609326
17.84464 0.40960426454644017
17.84585 0.40983014094687387
17.84706 0.41001084206722077
17.84826 0.4101915431875678
17.84947 0.41037224430791475
17.85068 0.4105981207083484
17.85188 0.4107788218286953
17.85309 0.41100469822912905
17.8543 0.41118539934947596
17.8555 0.41141127574990966
17.85671 0.41159197687025656
17.85792 0.4118178532706903
17.85913 0.41204372967112396
17.86033 0.4122244307914709
17.86154 0.4124503071919046
17.86275 0.41267618359233826
17.86395 0.4129020599927719
17.86516 0.41308276111311887
17.86637 0.41330863751355257
17.86757 0.41353451391398627
17.86878 0.41376039031441997
17.86999 0.41394109143476693
17.87119 0.4141669678352006
17.8724 0.4143476689555475
17.87361 0.41457354535598123
17.87481 0.4147994217564149
17.87602 0.41498012287676184
17.87723 0.41516082399710874
17.87843 0.4153867003975425
17.87964 0.4155674015178894
17.88085 0.41574810263823636
17.88205 0.41597397903867
17.88326 0.41615468015901697
17.88447 0.416335381279364
17.88568 0.4165160823997109
17.88688 0.41669678352005785
17.88809 0.41687748464040475
17.8893 0.4170581857607517
17.8905 0.41723888688109867
17.89171 0.4174195880014456
17.89292 0.41760028912179253
17.89412 0.41778099024213955
17.89533 0.41796169136248645
17.89654 0.4181423924828334
17.89774 0.4183230936031803
17.89895 0.4185037947235273
17.90016 0.41868449584387424
17.90136 0.41886519696422114
17.90257 0.4190458980845681
17.90378 0.41922659920491506
17.90498 0.419407300325262
17.90619 0.419588001445609
17.9074 0.41976870256595594
17.90861 0.41994940368630285
17.90981 0.4201301048066498
17.91102 0.4203108059269967
17.91223 0.42044633176725693
17.91343 0.4206270328876039
17.91464 0.42080773400795085
17.91585 0.42098843512829776
17.91705 0.421123960968558
17.91826 0.42130466208890494
17.91947 0.4214853632092519
17.92067 0.4216208890495121
17.92188 0.421801590169859
17.92309 0.42198229129020604
17.92429 0.42216299241055294
17.9255 0.4222985182508131
17.92671 0.4224792193711601
17.92791 0.4226599204915071
17.92912 0.4227954463317673
17.93033 0.4229761474521142
17.93153 0.42315684857246116
17.93274 0.4233375496928081
17.93395 0.42351825081315503
17.93516 0.423698951933502
17.93636 0.4238796530538489
17.93757 0.42406035417419585
17.93878 0.42428623057462955
17.93998 0.4244669316949765
17.94119 0.4246476328153235
17.9424 0.4248735092157571
17.9436 0.4250542103361041
17.94481 0.4252800867365378
17.94602 0.4255059631369714
17.94722 0.4256866642573184
17.94843 0.4259125406577521
17.94964 0.4261384170581857
17.95084 0.4263642934586195
17.95205 0.4265901698590531
17.95326 0.4267708709794001
17.95446 0.4269967473798338
17.95567 0.42722262378026743
17.95688 0.4274485001807011
17.95808 0.4277195518612215
17.95929 0.4279454282616552
17.9605 0.4281713046620889
17.96171 0.42839718106252256
17.96291 0.4286230574629563
17.96412 0.42884893386338996
17.96533 0.4291199855439104
17.96653 0.42934586194434404
17.96774 0.4295717383447777
17.96895 0.42979761474521144
17.97015 0.4300686664257319
17.97136 0.4302945428261655
17.97257 0.43056559450668597
17.97377 0.4307914709071196
17.97498 0.43106252258764005
17.97619 0.4312883989880737
17.97739 0.43155945066859414
17.9786 0.4318305023491145
17.97981 0.4320563787495483
17.98101 0.43232743043006866
17.98222 0.4325984821105891
17.98343 0.43286953379110954
17.98463 0.43314058547163
17.98584 0.4334116371521503
17.98705 0.43363751355258406
17.98826 0.43390856523310445
17.98946 0.4341796169136249
17.99067 0.43445066859414533
17.99188 0.43472172027466566
17.99308 0.4349927719551861
17.99429 0.43526382363570654
17.9955 0.4355348753162269
17.9967 0.4357607517166607
17.99791 0.43603180339718106
17.99912 0.4363028550777015
18.00032 0.43652873147813515
18.00153 0.4367997831586556
18.00274 0.4370256595590893
18.00394 0.43729671123960967
18.00515 0.43752258764004337
18.00636 0.43774846404047707
18.00756 0.4380195157209975
18.00877 0.43824539212143115
18.00998 0.4384712685218648
18.01118 0.4386971449222985
18.01239 0.4389230213227322
18.0136 0.4391488977231659
18.01481 0.43937477412359954
18.01601 0.43960065052403324
18.01722 0.43982652692446694
18.01843 0.4400524033249006
18.01963 0.44027827972533434
18.02084 0.440504156125768
18.02205 0.44073003252620163
18.02325 0.44095590892663533
18.02446 0.44118178532706903
18.02567 0.44140766172750273
18.02687 0.4416335381279364
18.02808 0.44185941452837
18.02929 0.44213046620889046
18.03049 0.44235634260932416
18.0317 0.44258221900975786
18.03291 0.4428080954101915
18.03411 0.44307914709071194
18.03532 0.44330502349114564
18.03653 0.4435760751716661
18.03773 0.44380195157209973
18.03894 0.44407300325262017
18.04015 0.44429887965305387
18.04136 0.4445247560534875
18.04256 0.4447506324539212
18.04377 0.44502168413444165
18.04498 0.4452475605348753
18.04618 0.445473436935309
18.04739 0.4457444886158294
18.0486 0.4459703650162631
18.0498 0.4462414166967835
18.05101 0.4464672930972172
18.05222 0.44673834477773766
18.05342 0.44700939645825805
18.05463 0.4472804481387785
18.05584 0.4475514998192989
18.05704 0.44782255149981925
18.05825 0.4480936031803397
18.05946 0.4484098301409469
18.06066 0.4486808818214673
18.06187 0.4489971087820745
18.06308 0.4493133357426816
18.06428 0.44962956270328874
18.06549 0.44994578966389587
18.0667 0.45030719190458984
18.06791 0.45062341886519697
18.06911 0.4509848211058909
18.07032 0.45134622334658475
18.07153 0.4517076255872786
18.07273 0.45206902782797254
18.07394 0.45247560534875314
18.07515 0.45283700758944706
18.07635 0.45324358511022766
18.07756 0.45365016263100827
18.07877 0.45401156487170224
18.07997 0.45441814239248285
18.08118 0.4548698951933502
18.08239 0.4552764727141308
18.08359 0.45568305023491146
18.0848 0.45608962775569206
18.08601 0.45654138055655946
18.08721 0.4569479580773401
18.08842 0.45739971087820747
18.08963 0.4578514636790748
18.09083 0.45825804119985547
18.09204 0.4587097940007228
18.09325 0.45916154680159016
18.09446 0.4596132996024575
18.09566 0.4600650524033249
18.09687 0.4605168052041923
18.09808 0.46096855800505965
18.09928 0.461420310805927
18.10049 0.4619172388868811
18.1017 0.4623689916877484
18.1029 0.46286591976870256
18.10411 0.46336284784965664
18.10532 0.46385977593061073
18.10652 0.4643567040115649
18.10773 0.464853632092519
18.10894 0.4653505601734731
18.11014 0.4658926635345139
18.11135 0.466389591615468
18.11256 0.4669316949765088
18.11376 0.46742862305746297
18.11497 0.4679707264185038
18.11618 0.4684676544994579
18.11739 0.4690097578604987
18.11859 0.4695066859414528
18.1198 0.4700036140224069
18.12101 0.4705457173834478
18.12221 0.4710426454644019
18.12342 0.4715847488254427
18.12463 0.4720816769063968
18.12583 0.4725786049873509
18.12704 0.47307553306830497
18.12825 0.47357246114925916
18.12945 0.47406938923021325
18.13066 0.47456631731116733
18.13187 0.47506324539212147
18.13307 0.47556017347307555
18.13428 0.47605710155402964
18.13549 0.4765540296349837
18.13669 0.4770509577159378
18.1379 0.47754788579689195
18.13911 0.47804481387784603
18.14031 0.4785417419588001
18.14152 0.4789934947596675
18.14273 0.4794904228406216
18.14394 0.4799873509215757
18.14514 0.48048427900252977
18.14635 0.4809812070834839
18.14756 0.48143295988435125
18.14876 0.4819298879653054
18.14997 0.4824268160462595
18.15118 0.4828785688471268
18.15238 0.48337549692808096
18.15359 0.4838272497289483
18.1548 0.4842790025298157
18.156 0.4847759306107698
18.15721 0.4852276834116372
18.15842 0.4856794362125045
18.15962 0.4861311890133719
18.16083 0.48653776653415254
18.16204 0.4869895193350199
18.16324 0.4874412721358872
18.16445 0.4878478496566679
18.16566 0.4882996024575353
18.16686 0.48870617997831584
18.16807 0.48915793277918324
18.16928 0.48956451029996384
18.17049 0.4900162631008312
18.17169 0.49042284062161184
18.1729 0.49082941814239245
18.17411 0.4912359956631731
18.17531 0.4916425731839537
18.17652 0.4920491507047344
18.17773 0.492455728225515
18.17893 0.49286230574629564
18.18014 0.4932237079869895
18.18135 0.49363028550777016
18.18255 0.49403686302855077
18.18376 0.49439826526924463
18.18497 0.4948048427900253
18.18617 0.4951662450307192
18.18738 0.4955276472714131
18.18859 0.495889049512107
18.18979 0.49625045175280086
18.191 0.4966118539934948
18.19221 0.49697325623418864
18.19341 0.4973346584748825
18.19462 0.4976508854354897
18.19583 0.4980122876761836
18.19704 0.4983285146367908
18.19824 0.4986447415973979
18.19945 0.49900614383809183
18.20066 0.49932237079869896
18.20186 0.49959342247921934
18.20307 0.4999096494398265
18.20428 0.5002258764004337
18.20548 0.5005421033610408
18.20669 0.5008131550415612
18.2079 0.5011293820021684
18.2091 0.5014004336826888
18.21031 0.501716660643296
18.21152 0.5019877123238163
18.21272 0.5022587640043368
18.21393 0.502574990964944
18.21514 0.5028460426454644
18.21634 0.5031170943259848
18.21755 0.503433321286592
18.21876 0.5037043729671125
18.21996 0.5040205999277195
18.22117 0.50429165160824
18.22238 0.5045627032887604
18.22359 0.5048789302493676
18.22479 0.505149981929888
18.226 0.5054662088904951
18.22721 0.5057372605710155
18.22841 0.506008312251536
18.22962 0.5062793639320564
18.23083 0.5065504156125767
18.23203 0.5068214672930972
18.23324 0.5070925189736176
18.23445 0.5073635706541381
18.23565 0.5076346223346585
18.23686 0.5079056740151789
18.23807 0.5081767256956994
18.23927 0.5084477773762197
18.24048 0.5087188290567402
18.24169 0.5089898807372606
18.24289 0.5092609324177809
18.2441 0.5095319840983014
18.24531 0.5098030357788218
18.24651 0.5100740874593422
18.24772 0.5103903144199494
18.24893 0.5106613661004699
18.25014 0.510977593061077
18.25134 0.5112938200216841
18.25255 0.5115648717022045
18.25376 0.5119262739428985
18.25496 0.5122425009035056
18.25617 0.5125587278641128
18.25738 0.5129201301048066
18.25858 0.5132815323455006
18.25979 0.5136429345861944
18.261 0.5140043368268884
18.2622 0.5143657390675822
18.26341 0.5147271413082761
18.26462 0.5150885435489699
18.26582 0.5154951210697506
18.26703 0.5158565233104445
18.26824 0.5162631008312252
18.26944 0.5166696783520057
18.27065 0.5170310805926996
18.27186 0.5174376581134803
18.27306 0.517844235634261
18.27427 0.5182508131550416
18.27548 0.5186573906758222
18.27669 0.5191091434766896
18.27789 0.5195157209974702
18.2791 0.5199674737983375
18.28031 0.5203740513191182
18.28151 0.5208258041199856
18.28272 0.5212323816407661
18.28393 0.5216841344416335
18.28513 0.5221358872425009
18.28634 0.5225876400433683
18.28755 0.5230393928442356
18.28875 0.5235363209251898
18.28996 0.523988073726057
18.29117 0.5244398265269244
18.29237 0.5249367546078786
18.29358 0.5254336826888326
18.29479 0.5259306107697868
18.29599 0.5264275388507409
18.2972 0.5269244669316949
18.29841 0.5274213950126491
18.29961 0.5279634983736899
18.30082 0.528460426454644
18.30203 0.5290025298156849
18.30324 0.5294994578966389
18.30444 0.5300415612576798
18.30565 0.5305836646187206
18.30686 0.5311257679797614
18.30806 0.5316226960607155
18.30927 0.5321647994217564
18.31048 0.5327069027827972
18.31168 0.5332490061438381
18.31289 0.533791109504879
18.3141 0.5343332128659197
18.3153 0.5348753162269606
18.31651 0.5354174195880015
18.31772 0.5359595229490423
18.31892 0.5364564510299964
18.32013 0.5369985543910373
18.32134 0.537540657752078
18.32254 0.5380827611131189
18.32375 0.5386248644741598
18.32496 0.5391217925551138
18.32617 0.5396638959161547
18.32737 0.5402059992771956
18.32858 0.5407932779183231
18.32979 0.541335381279364
18.33099 0.5418774846404047
18.3322 0.5424195880014456
18.33341 0.5429616913624865
18.33461 0.5435037947235273
18.33582 0.544045898084568
18.33703 0.5446331767256957
18.33823 0.5451752800867365
18.33944 0.5457173834477774
18.34065 0.5462594868088182
18.34185 0.5468015901698591
18.34306 0.5473436935309
18.34427 0.5478857968919407
18.34547 0.5484279002529815
18.34668 0.5489700036140224
18.34789 0.5494669316949765
18.34909 0.5500090350560173
18.3503 0.5505511384170582
18.35151 0.5510480664980123
18.35272 0.5515901698590531
18.35392 0.5520870979400072
18.35513 0.5525840260209613
18.35634 0.5531261293820021
18.35754 0.5536230574629563
18.35875 0.5541199855439104
18.35996 0.5546620889049512
18.36116 0.5551590169859053
18.36237 0.5557011203469461
18.36358 0.5561980484279002
18.36478 0.5567401517889411
18.36599 0.5572370798698952
18.3672 0.5577340079508493
18.3684 0.5582309360318034
18.36961 0.5587278641127574
18.37082 0.5592247921937116
18.37202 0.5597217202746657
18.37323 0.5602186483556197
18.37444 0.5606704011564871
18.37564 0.5611673292374413
18.37685 0.5616190820383087
18.37806 0.562070834839176
18.37927 0.5625225876400434
18.38047 0.562929165160824
18.38168 0.5633809179616913
18.38289 0.563787495482472
18.38409 0.5641940730032526
18.3853 0.5645554752439464
18.38651 0.5649620527647271
18.38771 0.565323455005421
18.38892 0.565684857246115
18.39013 0.5660462594868088
18.39133 0.566362486447416
18.39254 0.5667238886881099
18.39375 0.567040115648717
18.39495 0.5674015178894108
18.39616 0.5677177448500181
18.39737 0.5680339718106252
18.39857 0.5683501987712324
18.39978 0.5686212504517528
18.40099 0.5689374774123599
18.40219 0.5692085290928803
18.4034 0.5694795807734008
18.40461 0.5697506324539212
18.40582 0.5700216841344415
18.40702 0.5702475605348754
18.40823 0.570473436935309
18.40944 0.5706993133357426
18.41064 0.5709251897361763
18.41185 0.5711510661366099
18.41306 0.571331767256957
18.41426 0.571512468377304
18.41547 0.5716931694976508
18.41668 0.5718738706179979
18.41788 0.5720093964582581
18.41909 0.5721449222985183
18.4203 0.5722804481387784
18.4215 0.5723707986989519
18.42271 0.5725063245392121
18.42392 0.5725514998192989
18.42512 0.5726418503794724
18.42633 0.5726870256595591
18.42754 0.5727322009396458
18.42874 0.5727773762197326
18.42995 0.5727773762197326
18.43116 0.5728225514998193
18.43237 0.5728225514998193
18.43357 0.5728225514998193
18.43478 0.5728225514998193
18.43599 0.5727773762197326
18.43719 0.5727773762197326
18.4384 0.5727322009396458
18.43961 0.5727322009396458
18.44081 0.5726870256595591
18.44202 0.5726418503794724
18.44323 0.5725966750993856
18.44443 0.5725514998192989
18.44564 0.5725063245392121
18.44685 0.5725063245392121
18.44805 0.5724611492591254
18.44926 0.5724159739790387
18.45047 0.5723707986989519
18.45167 0.5723256234188652
18.45288 0.5723256234188652
18.45409 0.5722804481387784
18.45529 0.5722352728586917
18.4565 0.5721449222985183
18.45771 0.5720997470184315
18.45892 0.5720093964582581
18.46012 0.5719642211781713
18.46133 0.5718738706179979
18.46254 0.5717835200578243
18.46374 0.5716931694976508
18.46495 0.5716479942175642
18.46616 0.5715576436573906
18.46736 0.5714672930972172
18.46857 0.5713769425370437
18.46978 0.5712865919768702
18.47098 0.5711962414166968
18.47219 0.5711058908565233
18.4734 0.5710155402963499
18.4746 0.5709251897361763
18.47581 0.5708348391760029
18.47702 0.5707896638959161
18.47822 0.5706993133357426
18.47943 0.5706541380556559
18.48064 0.5705637874954824
18.48184 0.5705186122153958
18.48305 0.570473436935309
18.48426 0.5704282616552222
18.48547 0.5703830863751356
18.48667 0.5703830863751356
18.48788 0.5703379110950488
18.48909 0.5703379110950488
18.49029 0.570292735814962
18.4915 0.570292735814962
18.49271 0.570292735814962
18.49391 0.5702475605348754
18.49512 0.5702475605348754
18.49633 0.5702475605348754
18.49753 0.5702475605348754
18.49874 0.5702475605348754
18.49995 0.5702475605348754
18.50115 0.5702475605348754
18.50236 0.5702475605348754
18.50357 0.5702475605348754
18.50477 0.5702475605348754
18.50598 0.5702475605348754
18.50719 0.5702475605348754
18.50839 0.570292735814962
18.5096 0.570292735814962
18.51081 0.570292735814962
18.51202 0.570292735814962
18.51322 0.570292735814962
18.51443 0.570292735814962
18.51564 0.570292735814962
18.51684 0.570292735814962
18.51805 0.570292735814962
18.51926 0.570292735814962
18.52046 0.5703379110950488
18.52167 0.5703379110950488
18.52288 0.5703379110950488
18.52408 0.5703379110950488
18.52529 0.5703379110950488
18.5265 0.5703830863751356
18.5277 0.5703830863751356
18.52891 0.5703830863751356
18.53012 0.5704282616552222
18.53132 0.5704282616552222
18.53253 0.5704282616552222
18.53374 0.5704282616552222
18.53494 0.570473436935309
18.53615 0.570473436935309
18.53736 0.570473436935309
18.53857 0.570473436935309
18.53977 0.5705186122153958
18.54098 0.5705186122153958
18.54219 0.5705186122153958
18.54339 0.5705186122153958
18.5446 0.5705186122153958
18.54581 0.5705186122153958
18.54701 0.5705186122153958
18.54822 0.5705186122153958
18.54943 0.570473436935309
18.55063 0.570473436935309
18.55184 0.570473436935309
18.55305 0.5704282616552222
18.55425 0.5704282616552222
18.55546 0.5703830863751356
18.55667 0.5703830863751356
18.55787 0.5703379110950488
18.55908 0.570292735814962
18.56029 0.5702475605348754
18.5615 0.5702475605348754
18.5627 0.5702023852547886
18.56391 0.5701572099747018
18.56512 0.5701120346946151
18.56632 0.5700668594145284
18.56753 0.5700216841344415
18.56874 0.5699765088543549
18.56994 0.5699313335742682
18.57115 0.5698861582941814
18.57236 0.5698409830140947
18.57356 0.5698409830140947
18.57477 0.569795807734008
18.57598 0.5697506324539212
18.57718 0.5697054571738345
18.57839 0.5696602818937477
18.5796 0.569615106613661
18.5808 0.5695699313335743
18.58201 0.5695247560534875
18.58322 0.5695247560534875
18.58442 0.5694795807734008
18.58563 0.569434405493314
18.58684 0.5693892302132274
18.58805 0.5693892302132274
18.58925 0.5693440549331406
18.59046 0.5692988796530538
18.59167 0.5692537043729672
18.59287 0.5692537043729672
18.59408 0.5692085290928803
18.59529 0.5691633538127936
18.59649 0.569118178532707
18.5977 0.5690730032526201
18.59891 0.5690730032526201
18.60011 0.5690278279725334
18.60132 0.5689826526924467
18.60253 0.5689826526924467
18.60373 0.5689374774123599
18.60494 0.5688923021322732
18.60615 0.5688471268521865
18.60735 0.5688471268521865
18.60856 0.5688019515720997
18.60977 0.5688019515720997
18.61097 0.568756776292013
18.61218 0.568756776292013
18.61339 0.5687116010119263
18.6146 0.5687116010119263
18.6158 0.5686664257318395
18.61701 0.5686664257318395
18.61822 0.5686212504517528
18.61942 0.5686212504517528
18.62063 0.5686212504517528
18.62184 0.5686212504517528
18.62304 0.5686212504517528
18.62425 0.5685760751716661
18.62546 0.5685760751716661
18.62666 0.5685760751716661
18.62787 0.5685760751716661
18.62908 0.5685760751716661
18.63028 0.5685760751716661
18.63149 0.5685760751716661
18.6327 0.5685760751716661
18.6339 0.5685760751716661
18.63511 0.5685760751716661
18.63632 0.5685760751716661
18.63752 0.5685760751716661
18.63873 0.5685760751716661
18.63994 0.5685760751716661
18.64115 0.5685760751716661
18.64235 0.5685760751716661
18.64356 0.5685760751716661
18.64477 0.5685760751716661
18.64597 0.5685760751716661
18.64718 0.5685760751716661
18.64839 0.5685760751716661
18.64959 0.5685760751716661
18.6508 0.5685760751716661
18.65201 0.5685308998915792
18.65321 0.5685308998915792
18.65442 0.5685308998915792
18.65563 0.5685308998915792
18.65683 0.5684857246114926
18.65804 0.5684857246114926
18.65925 0.5684857246114926
18.66045 0.5684857246114926
18.66166 0.5684405493314059
18.66287 0.5684405493314059
18.66407 0.5684405493314059
18.66528 0.5684405493314059
18.66649 0.568395374051319
18.6677 0.568395374051319
18.6689 0.568395374051319
18.67011 0.5683501987712324
18.67132 0.5683501987712324
18.67252 0.5683050234911456
18.67373 0.5683050234911456
18.67494 0.568259848211059
18.67614 0.568259848211059
18.67735 0.5682146729309722
18.67856 0.5681694976508854
18.67976 0.5681694976508854
18.68097 0.5681243223707988
18.68218 0.5680791470907119
18.68338 0.5680339718106252
18.68459 0.5679887965305386
18.6858 0.5679436212504517
18.687 0.567898445970365
18.68821 0.5678532706902784
18.68942 0.5678080954101915
18.69062 0.5677177448500181
18.69183 0.5676725695699313
18.69304 0.5676273942898447
18.69425 0.5675370437296711
18.69545 0.5674918684495844
18.69666 0.5674466931694977
18.69787 0.5673563426093242
18.69907 0.5673111673292375
18.70028 0.567220816769064
18.70149 0.5671756414889773
18.70269 0.5670852909288038
18.7039 0.5669949403686303
18.70511 0.5669497650885436
18.70631 0.5668594145283701
18.70752 0.5667690639681966
18.70873 0.5667238886881099
18.70993 0.5666335381279365
18.71114 0.5665431875677629
18.71235 0.5664980122876763
18.71355 0.5664076617275027
18.71476 0.5663173111673292
18.71597 0.5662721358872425
18.71717 0.566181785327069
18.71838 0.5660914347668956
18.71959 0.5660462594868088
18.7208 0.5659559089266354
18.722 0.5658655583664619
18.72321 0.5657752078062883
18.72442 0.565684857246115
18.72562 0.5655945066859415
18.72683 0.5655493314058547
18.72804 0.5654589808456812
18.72924 0.5653686302855078
18.73045 0.5652782797253343
18.73166 0.5651879291651608
18.73286 0.5650975786049873
18.73407 0.5650072280448138
18.73528 0.5649168774846404
18.73648 0.5648265269244669
18.73769 0.5647361763642935
18.7389 0.56464582580412
18.7401 0.5645554752439464
18.74131 0.5644651246837731
18.74252 0.5643747741235996
18.74372 0.564284423563426
18.74493 0.5641940730032526
18.74614 0.5641488977231659
18.74735 0.5640585471629924
18.74855 0.5639681966028189
18.74976 0.5638778460426455
18.75097 0.5638326707625587
18.75217 0.5637423202023852
18.75338 0.5636519696422118
18.75459 0.563606794362125
18.75579 0.5635164438019515
18.757 0.5634712685218648
18.75821 0.5634260932417781
18.75941 0.5633357426816047
18.76062 0.5632905674015178
18.76183 0.5632002168413445
18.76303 0.5631550415612577
18.76424 0.5631098662811709
18.76545 0.5630646910010842
18.76665 0.5629743404409107
18.76786 0.562929165160824
18.76907 0.5628839898807373
18.77028 0.5627936393205638
18.77148 0.5627484640404771
18.77269 0.5627032887603903
18.7739 0.5626581134803036
18.7751 0.5625677629201301
18.77631 0.5625225876400434
18.77752 0.5624774123599566
18.77872 0.5623870617997832
18.77993 0.5623418865196964
18.78114 0.5622515359595229
18.78234 0.5622063606794362
18.78355 0.5621160101192627
18.78476 0.562070834839176
18.78596 0.5619804842790025
18.78717 0.5619353089989158
18.78838 0.5618449584387423
18.78958 0.5617546078785689
18.79079 0.5617094325984822
18.792 0.5616190820383087
18.7932 0.5615739067582219
18.79441 0.5614835561980485
18.79562 0.561393205637875
18.79683 0.5613480303577882
18.79803 0.5612576797976148
18.79924 0.5611673292374413
18.80045 0.5611221539573545
18.80165 0.5610318033971811
18.80286 0.5609414528370076
18.80407 0.5608962775569208
18.80527 0.5608059269967474
18.80648 0.5607155764365739
18.80769 0.5606252258764004
18.80889 0.5605348753162269
18.8101 0.5604445247560536
18.81131 0.56035417419588
18.81251 0.5602638236357066
18.81372 0.5601734730755331
18.81493 0.5600379472352729
18.81613 0.5599475966750994
18.81734 0.5598572461149259
18.81855 0.5597217202746657
18.81975 0.5596313697144922
18.82096 0.559495843874232
18.82217 0.5593603180339718
18.82338 0.5592247921937116
18.82458 0.5591344416335381
18.82579 0.5589537405131912
18.827 0.558818214672931
18.8282 0.5586826888326708
18.82941 0.5585471629924106
18.83062 0.5584116371521504
18.83182 0.5582309360318034
18.83303 0.5580954101915432
18.83424 0.5579147090711962
18.83544 0.557779183230936
18.83665 0.557598482110589
18.83786 0.5574629562703288
18.83906 0.5572822551499819
18.84027 0.5571467293097216
18.84148 0.5569660281893748
18.84268 0.5568305023491146
18.84389 0.5566498012287676
18.8451 0.5565142753885074
18.8463 0.5563335742681604
18.84751 0.5561980484279002
18.84872 0.5560173473075533
18.84993 0.5558818214672931
18.85113 0.5557462956270329
18.85234 0.5556107697867727
18.85355 0.5554300686664257
18.85475 0.5552945428261655
18.85596 0.5551590169859053
18.85717 0.5550234911456451
18.85837 0.5548879653053849
18.85958 0.5547072641850379
18.86079 0.5545717383447777
18.86199 0.5543910372244307
18.8632 0.5542555113841705
18.86441 0.5541199855439104
18.86561 0.5539392844235634
18.86682 0.5538037585833032
18.86803 0.5536230574629563
18.86923 0.553487531622696
18.87044 0.5533520057824358
18.87165 0.5532164799421756
18.87285 0.5530357788218287
18.87406 0.5529002529815685
18.87527 0.552809902421395
18.87648 0.5526743765811348
18.87768 0.5525388507408746
18.87889 0.5524033249006144
18.8801 0.5523129743404409
18.8813 0.5522226237802674
18.88251 0.552132273220094
18.88372 0.5520419226599205
18.88492 0.551951572099747
18.88613 0.5519063968196602
18.88734 0.5518612215395735
18.88854 0.5517708709794
18.88975 0.5517708709794
18.89096 0.5517256956993133
18.89216 0.5516805204192267
18.89337 0.5516805204192267
18.89458 0.5516353451391398
18.89578 0.5516353451391398
18.89699 0.5516353451391398
18.8982 0.5516353451391398
18.8994 0.5516353451391398
18.90061 0.5516805204192267
18.90182 0.5516805204192267
18.90303 0.5516805204192267
18.90423 0.5517256956993133
18.90544 0.5517708709794
18.90665 0.5518160462594868
18.90785 0.5518612215395735
18.90906 0.5519063968196602
18.91027 0.5519967473798337
18.91147 0.5520419226599205
18.91268 0.552132273220094
18.91389 0.5521774485001807
18.91509 0.5522677990603542
18.9163 0.5523581496205276
18.91751 0.5524936754607879
18.91871 0.5525840260209613
18.91992 0.5526743765811348
18.92113 0.552809902421395
18.92233 0.5529454282616552
18.92354 0.5530809541019154
18.92475 0.5532164799421756
18.92595 0.5533971810625226
18.92716 0.5535327069027828
18.92837 0.5537134080231297
18.92958 0.5538941091434767
18.93078 0.5540748102638237
18.93199 0.5543006866642574
18.9332 0.5544813877846043
18.9344 0.5547072641850379
18.93561 0.5549331405854716
18.93682 0.5551590169859053
18.93802 0.555384893386339
18.93923 0.5556559450668594
18.94044 0.5558818214672931
18.94164 0.5561076978677267
18.94285 0.5563787495482472
18.94406 0.5566046259486809
18.94526 0.5568756776292013
18.94647 0.557101554029635
18.94768 0.5573726057101555
18.94888 0.5576436573906758
18.95009 0.5578695337911095
18.9513 0.5581405854716299
18.9525 0.5583664618720636
18.95371 0.5586375135525841
18.95492 0.5588633899530177
18.95613 0.5591344416335381
18.95733 0.5593603180339718
18.95854 0.5595861944344055
18.95975 0.5598120708348392
18.96095 0.5600831225153596
18.96216 0.5603089989157933
18.96337 0.5605800505963138
18.96457 0.5608059269967474
18.96578 0.5610769786772678
18.96699 0.5613480303577882
18.96819 0.5616190820383087
18.9694 0.5618449584387423
18.97061 0.5621160101192627
18.97181 0.5623870617997832
18.97302 0.5626581134803036
18.97423 0.5628839898807373
18.97543 0.5631550415612577
18.97664 0.5634260932417781
18.97785 0.5636971449222985
18.97906 0.5639230213227322
18.98026 0.5641940730032526
18.98147 0.5644651246837731
18.98268 0.5646910010842067
18.98388 0.5649620527647271
18.98509 0.5651879291651608
18.9863 0.5654138055655945
18.9875 0.565684857246115
18.98871 0.5659107336465485
18.98992 0.5661366100469822
18.99112 0.566362486447416
18.99233 0.5665883628478496
18.99354 0.5668142392482833
18.99474 0.567040115648717
18.99595 0.567220816769064
18.99716 0.5674466931694977
18.99836 0.5676273942898447
18.99957 0.5678532706902784
19.00078 0.5680339718106252
19.00198 0.5682146729309722
19.00319 0.5684405493314059
19.0044 0.5686212504517528
19.00561 0.5688019515720997
19.00681 0.5689826526924467
19.00802 0.5691633538127936
19.00923 0.5693440549331406
19.01043 0.5695247560534875
19.01164 0.5697054571738345
19.01285 0.5698861582941814
19.01405 0.5700668594145284
19.01526 0.570292735814962
19.01647 0.570473436935309
19.01767 0.5706541380556559
19.01888 0.5708348391760029
19.02009 0.5710155402963499
19.02129 0.5712414166967835
19.0225 0.5714221178171304
19.02371 0.5716479942175642
19.02491 0.571828695337911
19.02612 0.5720545717383447
19.02733 0.5722804481387784
19.02853 0.5724611492591254
19.02974 0.5726870256595591
19.03095 0.5729129020599927
19.03216 0.5731387784604265
19.03336 0.5733194795807733
19.03457 0.573545355981207
19.03578 0.5737712323816408
19.03698 0.5739519335019877
19.03819 0.5741778099024214
19.0394 0.5744036863028551
19.0406 0.5746295627032888
19.04181 0.5748554391037225
19.04302 0.5750813155041561
19.04422 0.5753071919045898
19.04543 0.5755330683050236
19.04664 0.5757589447054572
19.04784 0.5759848211058909
19.04905 0.5762106975063245
19.05026 0.5764365739067582
19.05146 0.5767076255872786
19.05267 0.5769335019877123
19.05388 0.5772045536682328
19.05508 0.5774756053487532
19.05629 0.5777014817491868
19.0575 0.5779725334297072
19.05871 0.5782435851102277
19.05991 0.5785146367907481
19.06112 0.5788308637513552
19.06233 0.5791019154318756
19.06353 0.5794181423924829
19.06474 0.5796891940730032
19.06595 0.5800054210336104
19.06715 0.5803216479942175
19.06836 0.5806378749548248
19.06957 0.5809992771955186
19.07077 0.5813155041561258
19.07198 0.5816317311167329
19.07319 0.5819931333574269
19.07439 0.5823093603180339
19.0756 0.582670762558728
19.07681 0.5830321647994218
19.07801 0.5833935670401157
19.07922 0.5837549692808095
19.08043 0.5841163715215034
19.08163 0.5844777737621973
19.08284 0.5848391760028911
19.08405 0.5852005782435851
19.08526 0.5855619804842791
19.08646 0.5859233827249729
19.08767 0.5862847849656668
19.08888 0.5866461872063606
19.09008 0.5870075894470546
19.09129 0.5873689916877485
19.0925 0.5877303939284423
19.0937 0.5880917961691362
19.09491 0.5884531984098301
19.09612 0.588814600650524
19.09732 0.589176002891218
19.09853 0.5895374051319119
19.09974 0.5898988073726057
19.10094 0.5903053848933864
19.10215 0.5906667871340803
19.10336 0.5910281893747741
19.10456 0.5914347668955547
19.10577 0.5917961691362487
19.10698 0.5922027466570293
19.10818 0.5925641488977232
19.10939 0.5929707264185038
19.1106 0.5933773039392845
19.11181 0.5937387061799783
19.11301 0.5941452837007589
19.11422 0.5945066859414528
19.11543 0.5949132634622335
19.11663 0.5952746657029273
19.11784 0.595681243223708
19.11905 0.5960426454644019
19.12025 0.5964492229851825
19.12146 0.5968106252258765
19.12267 0.5971720274665703
19.12387 0.5975334297072642
19.12508 0.597894831947958
19.12629 0.5982562341886519
19.12749 0.5986176364293458
19.1287 0.598933863389953
19.12991 0.599295265630647
19.13111 0.599611492591254
19.13232 0.5999277195518612
19.13353 0.6002439465124684
19.13473 0.6005601734730756
19.13594 0.6008764004336826
19.13715 0.6011474521142031
19.13836 0.6014636790748104
19.13956 0.6017347307553307
19.14077 0.6020509577159379
19.14198 0.6023220093964583
19.14318 0.6025930610769787
19.14439 0.6028641127574992
19.1456 0.6031351644380195
19.1468 0.60340621611854
19.14801 0.6036772677990604
19.14922 0.6039483194795808
19.15042 0.6041741958800144
19.15163 0.6044452475605349
19.15284 0.6047162992410553
19.15404 0.604942175641489
19.15525 0.6052132273220094
19.15646 0.605439103722443
19.15766 0.6057101554029635
19.15887 0.6059360318033972
19.16008 0.6061619082038309
19.16128 0.6064329598843513
19.16249 0.6066588362847849
19.1637 0.6068847126852186
19.16491 0.6071105890856524
19.16611 0.6073816407661727
19.16732 0.6076075171666064
19.16853 0.6078333935670401
19.16973 0.6080592699674738
19.17094 0.6082851463679074
19.17215 0.6085110227683411
19.17335 0.6086917238886881
19.17456 0.6089176002891218
19.17577 0.6090983014094687
19.17697 0.6093241778099024
19.17818 0.6095048789302494
19.17939 0.6096855800505963
19.18059 0.60991145645103
19.1818 0.6100921575713769
19.18301 0.6102728586917239
19.18421 0.6104535598120708
19.18542 0.6106342609324178
19.18663 0.6108149620527648
19.18784 0.6110408384531983
19.18904 0.6112215395735454
19.19025 0.6114022406938923
19.19146 0.6115829418142392
19.19266 0.6118088182146729
19.19387 0.6119895193350199
19.19508 0.6122153957354536
19.19628 0.6123960968558005
19.19749 0.6126219732562342
19.1987 0.6128478496566678
19.1999 0.6130737260571015
19.20111 0.6132996024575352
19.20232 0.6135254788579688
19.20352 0.6137965305384893
19.20473 0.6140224069389231
19.20594 0.6142934586194434
19.20714 0.6145193350198772
19.20835 0.6147903867003975
19.20956 0.615061438380918
19.21076 0.6153324900614384
19.21197 0.6156035417419589
19.21318 0.6158745934224793
19.21439 0.6161456451029997
19.21559 0.6164618720636068
19.2168 0.6167329237441272
19.21801 0.6170039754246477
19.21921 0.6173202023852548
19.22042 0.6175912540657752
19.22163 0.6179074810263824
19.22283 0.6181785327069027
19.22404 0.61849475966751
19.22525 0.6187658113480304
19.22645 0.6190820383086375
19.22766 0.619353089989158
19.22887 0.619669316949765
19.23007 0.6199855439103722
19.23128 0.6202565955908926
19.23249 0.6205728225514998
19.23369 0.6208438742320203
19.2349 0.6211601011926274
19.23611 0.6214763281532345
19.23731 0.6217473798337549
19.23852 0.6220636067943621
19.23973 0.6223346584748826
19.24094 0.6226508854354897
19.24214 0.6229671123960968
19.24335 0.6232833393567041
19.24456 0.6235995663173112
19.24576 0.6239157932779184
19.24697 0.6242320202385254
19.24818 0.6245482471991327
19.24938 0.6248644741597398
19.25059 0.625180701120347
19.2518 0.6255421033610409
19.253 0.625858330321648
19.25421 0.6261745572822552
19.25542 0.6264907842428623
19.25662 0.6268070112034695
19.25783 0.6271232381640766
19.25904 0.6274846404047705
19.26024 0.6278008673653777
19.26145 0.628071919045898
19.26266 0.6283881460065053
19.26386 0.6287043729671123
19.26507 0.6290205999277195
19.26628 0.62929165160824
19.26749 0.6295627032887604
19.26869 0.6298789302493676
19.2699 0.6301048066498012
19.27111 0.6303758583303216
19.27231 0.630646910010842
19.27352 0.6308727864112758
19.27473 0.6311438380917962
19.27593 0.6313697144922298
19.27714 0.6315955908926635
19.27835 0.6317762920130104
19.27955 0.6320021684134441
19.28076 0.6322280448138778
19.28197 0.6324087459342248
19.28317 0.6326346223346585
19.28438 0.6328153234550055
19.28559 0.6330411998554392
19.28679 0.633221900975786
19.288 0.633402602096133
19.28921 0.63358330321648
19.29041 0.6337640043368269
19.29162 0.6339447054571739
19.29283 0.6340802312974341
19.29404 0.6342609324177809
19.29524 0.6343964582580411
19.29645 0.6345319840983014
19.29766 0.6347126852186484
19.29886 0.6348482110589085
19.30007 0.634938561619082
19.30128 0.6350740874593422
19.30248 0.6352096132996025
19.30369 0.6352999638597759
19.3049 0.6354354897000362
19.3061 0.6355258402602096
19.30731 0.635616190820383
19.30852 0.6357065413805566
19.30972 0.6357968919407301
19.31093 0.6358872425009034
19.31214 0.6359324177809903
19.31334 0.6360227683411637
19.31455 0.6360679436212505
19.31576 0.6361131189013371
19.31696 0.6361582941814239
19.31817 0.6361582941814239
19.31938 0.6362034694615107
19.32059 0.6362034694615107
19.32179 0.6362034694615107
19.323 0.6362486447415974
19.32421 0.6362486447415974
19.32541 0.6362034694615107
19.32662 0.6362034694615107
19.32783 0.6362034694615107
19.32903 0.6362034694615107
19.33024 0.6361582941814239
19.33145 0.6361131189013371
19.33265 0.6361131189013371
19.33386 0.6360679436212505
19.33507 0.6360227683411637
19.33627 0.6359775930610769
19.33748 0.6359775930610769
19.33869 0.6359324177809903
19.33989 0.6358872425009034
19.3411 0.6358420672208167
19.34231 0.6357968919407301
19.34351 0.6357517166606432
19.34472 0.6356613661004699
19.34593 0.635616190820383
19.34714 0.6355710155402964
19.34834 0.6355258402602096
19.34955 0.6354806649801228
19.35076 0.6353903144199494
19.35196 0.6352999638597759
19.35317 0.6352547885796892
19.35438 0.6351644380195157
19.35558 0.6350740874593422
19.35679 0.6349837368991688
19.358 0.6348933863389953
19.3592 0.6348030357788218
19.36041 0.6347126852186484
19.36162 0.6345771593783882
19.36282 0.6344868088182146
19.36403 0.6343964582580411
19.36524 0.6342609324177809
19.36644 0.6341705818576076
19.36765 0.6340802312974341
19.36886 0.6339447054571739
19.37006 0.6338543548970003
19.37127 0.6337640043368269
19.37248 0.6336284784965667
19.37369 0.6335381279363932
19.37489 0.6334477773762198
19.3761 0.6333574268160462
19.37731 0.6332670762558728
19.37851 0.6331767256956994
19.37972 0.6330863751355258
19.38093 0.6329960245753523
19.38213 0.6329508492952657
19.38334 0.6328604987350921
19.38455 0.6328153234550055
19.38575 0.6327249728948319
19.38696 0.6326346223346585
19.38817 0.6325894470545717
19.38937 0.6324990964943983
19.39058 0.6324539212143115
19.39179 0.6323635706541381
19.39299 0.6323183953740513
19.3942 0.6322732200939646
19.39541 0.6321828695337911
19.39662 0.6321376942537044
19.39782 0.6320473436935309
19.39903 0.6320021684134441
19.40024 0.6319569931333574
19.40144 0.6319118178532707
19.40265 0.6318214672930973
19.40386 0.6317762920130104
19.40506 0.6317311167329237
19.40627 0.6316859414528371
19.40748 0.6316407661727502
19.40868 0.6315955908926635
19.40989 0.6315504156125769
19.4111 0.6315504156125769
19.4123 0.63150524033249
19.41351 0.6314600650524033
19.41472 0.6314600650524033
19.41592 0.6314148897723166
19.41713 0.6314148897723166
19.41834 0.6313697144922298
19.41954 0.6313697144922298
19.42075 0.6313697144922298
19.42196 0.6313697144922298
19.42317 0.6313697144922298
19.42437 0.6313697144922298
19.42558 0.6313697144922298
19.42679 0.6314148897723166
19.42799 0.6314148897723166
19.4292 0.6314600650524033
19.43041 0.6314600650524033
19.43161 0.63150524033249
19.43282 0.6315504156125769
19.43403 0.6315955908926635
19.43523 0.6316407661727502
19.43644 0.6316407661727502
19.43765 0.6316859414528371
19.43885 0.6317311167329237
19.44006 0.6317762920130104
19.44127 0.6318214672930973
19.44247 0.6318666425731839
19.44368 0.6319118178532707
19.44489 0.6319118178532707
19.44609 0.6319569931333574
19.4473 0.6320021684134441
19.44851 0.6320021684134441
19.44972 0.6320473436935309
19.45092 0.6320473436935309
19.45213 0.6320925189736176
19.45334 0.6320925189736176
19.45454 0.6320925189736176
19.45575 0.6320925189736176
19.45696 0.6320925189736176
19.45816 0.6320925189736176
19.45937 0.6320925189736176
19.46058 0.6320925189736176
19.46178 0.6320925189736176
19.46299 0.6320925189736176
19.4642 0.6320925189736176
19.4654 0.6320473436935309
19.46661 0.6320473436935309
19.46782 0.6320473436935309
19.46902 0.6320473436935309
19.47023 0.6320473436935309
19.47144 0.6320021684134441
19.47264 0.6320021684134441
19.47385 0.6320021684134441
19.47506 0.6319569931333574
19.47627 0.6319569931333574
19.47747 0.6319118178532707
19.47868 0.6318666425731839
19.47989 0.6318666425731839
19.48109 0.6318214672930973
19.4823 0.6317762920130104
19.48351 0.6317311167329237
19.48471 0.6316859414528371
19.48592 0.6316407661727502
19.48713 0.6315955908926635
19.48833 0.63150524033249
19.48954 0.6314600650524033
19.49075 0.6314148897723166
19.49195 0.6313245392121432
19.49316 0.6312341886519696
19.49437 0.6311438380917962
19.49557 0.6310534875316227
19.49678 0.6309631369714491
19.49799 0.6308276111311889
19.49919 0.6307372605710155
19.5004 0.6306017347307553
19.50161 0.6304662088904951
19.50282 0.6303306830502349
19.50402 0.6301951572099748
19.50523 0.6300596313697145
19.50644 0.6299241055294543
19.50764 0.6297885796891941
19.50885 0.6296530538489339
19.51006 0.6295175280086737
19.51126 0.6293368268883267
19.51247 0.6292013010480665
19.51368 0.6290657752078064
19.51488 0.6289302493675462
19.51609 0.6287495482471991
19.5173 0.6286140224069389
19.5185 0.6284784965666786
19.51971 0.6283429707264184
19.52092 0.6282074448861582
19.52212 0.6281170943259848
19.52333 0.6279815684857246
19.52454 0.6278460426454644
19.52574 0.6277556920852909
19.52695 0.6276653415251174
19.52816 0.6275298156848572
19.52937 0.6274394651246838
19.53057 0.6273491145645103
19.53178 0.6272587640043368
19.53299 0.6271684134441634
19.53419 0.6270780628839898
19.5354 0.6269877123238163
19.53661 0.626897361763643
19.53781 0.6268070112034695
19.53902 0.6267166606432959
19.54023 0.6266263100831225
19.54143 0.626535959522949
19.54264 0.6264456089627755
19.54385 0.6263552584026021
19.54505 0.6262649078424286
19.54626 0.6262197325623419
19.54747 0.6261293820021684
19.54867 0.6260842067220816
19.54988 0.6259938561619082
19.55109 0.6259486808818214
19.55229 0.6259035056017348
19.5535 0.625858330321648
19.55471 0.6258131550415612
19.55592 0.6258131550415612
19.55712 0.6257679797614746
19.55833 0.6257679797614746
19.55954 0.6257679797614746
19.56074 0.6257679797614746
19.56195 0.6257679797614746
19.56316 0.6257679797614746
19.56436 0.6258131550415612
19.56557 0.625858330321648
19.56678 0.6259035056017348
19.56798 0.6259486808818214
19.56919 0.626039031441995
19.5704 0.6261293820021684
19.5716 0.6262197325623419
19.57281 0.6263100831225155
19.57402 0.6264004336826888
19.57522 0.626535959522949
19.57643 0.6266263100831225
19.57764 0.6267618359233827
19.57884 0.626897361763643
19.58005 0.6270328876039032
19.58126 0.6271684134441634
19.58247 0.6273491145645103
19.58367 0.6274846404047705
19.58488 0.6276653415251174
19.58609 0.6278008673653777
19.58729 0.6279815684857246
19.5885 0.6281622696060716
19.58971 0.6283429707264184
19.59091 0.6285236718467655
19.59212 0.6287043729671123
19.59333 0.6288850740874593
19.59453 0.6290657752078064
19.59574 0.6292464763281532
19.59695 0.6294271774485002
19.59815 0.6296078785688471
19.59936 0.6297885796891941
19.60057 0.6300144560896278
19.60177 0.6301951572099748
19.60298 0.6303758583303216
19.60419 0.6305565594506687
19.6054 0.6307824358511023
19.6066 0.631008312251536
19.60781 0.6311890133718829
19.60902 0.6314148897723166
19.61022 0.6316859414528371
19.61143 0.6319118178532707
19.61264 0.6321376942537044
19.61384 0.6323635706541381
19.61505 0.6326346223346585
19.61626 0.6328604987350921
19.61746 0.6331315504156125
19.61867 0.6333574268160462
19.61988 0.6336284784965667
19.62108 0.6338995301770871
19.62229 0.6341254065775207
19.6235 0.6343964582580411
19.6247 0.6346223346584748
19.62591 0.6348933863389953
19.62712 0.635119262739429
19.62832 0.6353903144199494
19.62953 0.635616190820383
19.63074 0.6358872425009034
19.63195 0.6361131189013371
19.63315 0.636338995301771
19.63436 0.6365648717022045
19.63557 0.6367907481026382
19.63677 0.637016624503072
19.63798 0.6371973256234189
19.63919 0.6374232020238526
19.64039 0.6376039031441995
19.6416 0.6377846042645464
19.64281 0.6380104806649801
19.64401 0.6381911817853271
19.64522 0.6383718829056739
19.64643 0.638552584026021
19.64763 0.6387332851463678
19.64884 0.6389139862667148
19.65005 0.6390946873870619
19.65125 0.6392753885074087
19.65246 0.6394560896277557
19.65367 0.6396367907481026
19.65487 0.6398174918684496
19.65608 0.6399981929887965
19.65729 0.6401337188290567
19.6585 0.6403144199494037
19.6597 0.640449945789664
19.66091 0.6406306469100108
19.66212 0.640766172750271
19.66332 0.640946873870618
19.66453 0.6410823997108782
19.66574 0.6412179255511384
19.66694 0.6413534513913987
19.66815 0.6414889772316588
19.66936 0.641624503071919
19.67056 0.6417600289121792
19.67177 0.6418955547524394
19.67298 0.6419859053126129
19.67418 0.6421214311528731
19.67539 0.6422117817130466
19.6766 0.6423473075533068
19.6778 0.6424376581134803
19.67901 0.6425280086736538
19.68022 0.6426183592338272
19.68142 0.6427087097940007
19.68263 0.6427990603541742
19.68384 0.642844235634261
19.68505 0.6429345861944344
19.68625 0.6430249367546078
19.68746 0.6430701120346947
19.68867 0.6431152873147813
19.68987 0.6432056378749549
19.69108 0.6432508131550415
19.69229 0.6432959884351283
19.69349 0.6433411637152151
19.6947 0.6433863389953017
19.69591 0.6434315142753885
19.69711 0.6434766895554753
19.69832 0.643521864835562
19.69953 0.6435670401156487
19.70073 0.6435670401156487
19.70194 0.6436122153957355
19.70315 0.6436573906758222
19.70435 0.6436573906758222
19.70556 0.6437025659559089
19.70677 0.6437025659559089
19.70797 0.6437477412359957
19.70918 0.6437477412359957
19.71039 0.6437477412359957
19.7116 0.6437929165160824
19.7128 0.6437929165160824
19.71401 0.6437929165160824
19.71522 0.6438380917961691
19.71642 0.6438380917961691
19.71763 0.6438380917961691
19.71884 0.6438380917961691
19.72004 0.6438380917961691
19.72125 0.6438380917961691
19.72246 0.6438380917961691
19.72366 0.6437929165160824
19.72487 0.6437929165160824
19.72608 0.6437929165160824
19.72728 0.6437477412359957
19.72849 0.6437477412359957
19.7297 0.6437025659559089
19.7309 0.6437025659559089
19.73211 0.6436573906758222
19.73332 0.6436573906758222
19.73452 0.6436122153957355
19.73573 0.6435670401156487
19.73694 0.6435670401156487
19.73815 0.643521864835562
19.73935 0.6434766895554753
19.74056 0.6434766895554753
19.74177 0.6434315142753885
19.74297 0.6433863389953017
19.74418 0.6433863389953017
19.74539 0.6433411637152151
19.74659 0.6432959884351283
19.7478 0.6432959884351283
19.74901 0.6432508131550415
19.75021 0.6432056378749549
19.75142 0.6432056378749549
19.75263 0.643160462594868
19.75383 0.643160462594868
19.75504 0.6431152873147813
19.75625 0.6430701120346947
19.75745 0.6430701120346947
19.75866 0.6430249367546078
19.75987 0.6429797614745212
19.76107 0.6429797614745212
19.76228 0.6429345861944344
19.76349 0.6428894109143476
19.7647 0.642844235634261
19.7659 0.642844235634261
19.76711 0.6427990603541742
19.76832 0.6427538850740874
19.76952 0.6427087097940007
19.77073 0.6427087097940007
19.77194 0.642663534513914
19.77314 0.6426183592338272
19.77435 0.6425731839537405
19.77556 0.6425731839537405
19.77676 0.6425280086736538
19.77797 0.642482833393567
19.77918 0.642482833393567
19.78038 0.6424376581134803
19.78159 0.6424376581134803
19.7828 0.6423924828333936
19.784 0.6423924828333936
19.78521 0.6423473075533068
19.78642 0.6423473075533068
19.78762 0.6423473075533068
19.78883 0.6423021322732201
19.79004 0.6423021322732201
19.79125 0.6423021322732201
19.79245 0.6423021322732201
19.79366 0.6422569569931333
19.79487 0.6422569569931333
19.79607 0.6422569569931333
19.79728 0.6422569569931333
19.79849 0.6422569569931333
19.79969 0.6422569569931333
19.8009 0.6422569569931333
19.80211 0.6422569569931333
19.80331 0.6422569569931333
19.80452 0.6422569569931333
19.80573 0.6422569569931333
19.80693 0.6422569569931333
19.80814 0.6422569569931333
19.80935 0.6422569569931333
19.81055 0.6422569569931333
19.81176 0.6422569569931333
19.81297 0.6422569569931333
19.81417 0.6423021322732201
19.81538 0.6423021322732201
19.81659 0.6423021322732201
19.8178 0.6423473075533068
19.819 0.6423473075533068
19.82021 0.6423924828333936
19.82142 0.6423924828333936
19.82262 0.6424376581134803
19.82383 0.642482833393567
19.82504 0.642482833393567
19.82624 0.6425280086736538
19.82745 0.6425731839537405
19.82866 0.6426183592338272
19.82986 0.642663534513914
19.83107 0.6427087097940007
19.83228 0.6427087097940007
19.83348 0.6427538850740874
19.83469 0.6427990603541742
19.8359 0.6428894109143476
19.8371 0.6429345861944344
19.83831 0.6429797614745212
19.83952 0.6430249367546078
19.84073 0.6430701120346947
19.84193 0.6431152873147813
19.84314 0.6432056378749549
19.84435 0.6432508131550415
19.84555 0.6433411637152151
19.84676 0.6433863389953017
19.84797 0.6434766895554753
19.84917 0.643521864835562
19.85038 0.6436122153957355
19.85159 0.6436573906758222
19.85279 0.6437477412359957
19.854 0.6438380917961691
19.85521 0.6439284423563426
19.85641 0.6440187929165161
19.85762 0.6441091434766896
19.85883 0.644199494036863
19.86003 0.6442898445970365
19.86124 0.6443801951572099
19.86245 0.6444705457173835
19.86365 0.644560896277557
19.86486 0.6446964221178172
19.86607 0.6447867726779906
19.86728 0.6449222985182508
19.86848 0.6450126490784243
19.86969 0.6451481749186845
19.8709 0.6452837007589447
19.8721 0.6454192265992049
19.87331 0.6455095771593783
19.87452 0.6456451029996385
19.87572 0.6458258041199856
19.87693 0.6459613299602458
19.87814 0.646096855800506
19.87934 0.6462323816407662
19.88055 0.6463679074810265
19.88176 0.6465486086013733
19.88296 0.6466841344416335
19.88417 0.6468648355619805
19.88538 0.6470003614022406
19.88658 0.6471810625225877
19.88779 0.6473165883628479
19.889 0.6474972894831948
19.8902 0.647632815323455
19.89141 0.6478135164438019
19.89262 0.6479490422840621
19.89383 0.6481297434044091
19.89503 0.6483104445247561
19.89624 0.6484459703650163
19.89745 0.6486266714853632
19.89865 0.6487621973256233
19.89986 0.6489428984459703
19.90107 0.6491235995663174
19.90227 0.6492591254065775
19.90348 0.6494398265269244
19.90469 0.6495753523671847
19.90589 0.6497560534875316
19.9071 0.6499367546078786
19.90831 0.6501174557282255
19.90951 0.6502981568485724
19.91072 0.6504788579689195
19.91193 0.6506595590892663
19.91313 0.6508402602096133
19.91434 0.6510209613299602
19.91555 0.6512016624503072
19.91675 0.6513823635706542
19.91796 0.6515630646910011
19.91917 0.6517889410914347
19.92038 0.6519696422117818
19.92158 0.6521503433321286
19.92279 0.6523310444524756
19.924 0.6525117455728227
19.9252 0.6526924466931695
19.92641 0.6528731478135165
19.92762 0.6530538489338633
19.92882 0.6532345500542104
19.93003 0.6534152511745572
19.93124 0.6535959522949042
19.93244 0.6537314781351644
19.93365 0.6539121792555114
19.93486 0.6540477050957716
19.93606 0.6542284062161186
19.93727 0.6543639320563788
19.93848 0.654499457896639
19.93968 0.6546349837368992
19.94089 0.6547705095771594
19.9421 0.6549060354174195
19.9433 0.6549963859775931
19.94451 0.6551319118178534
19.94572 0.6552222623780267
19.94693 0.6553577882182869
19.94813 0.6554481387784604
19.94934 0.6555384893386339
19.95055 0.6556288398988074
19.95175 0.6557643657390676
19.95296 0.6558547162992411
19.95417 0.6559450668594146
19.95537 0.6560354174195879
19.95658 0.6560805926996748
19.95779 0.6561709432598481
19.95899 0.6562612938200217
19.9602 0.6563064691001084
19.96141 0.656396819660282
19.96261 0.6564871702204553
19.96382 0.6565323455005421
19.96503 0.6565775207806288
19.96623 0.6566678713408023
19.96744 0.656713046620889
19.96865 0.6567582219009758
19.96985 0.6568033971810625
19.97106 0.6568485724611492
19.97227 0.656893747741236
19.97348 0.656893747741236
19.97468 0.6569389230213227
19.97589 0.6569840983014095
19.9771 0.6569840983014095
19.9783 0.6570292735814962
19.97951 0.6570292735814962
19.98072 0.6570292735814962
19.98192 0.657074448861583
19.98313 0.657074448861583
19.98434 0.6570292735814962
19.98554 0.6570292735814962
19.98675 0.6570292735814962
19.98796 0.6569840983014095
19.98916 0.6569840983014095
19.99037 0.6569389230213227
19.99158 0.656893747741236
19.99278 0.656893747741236
19.99399 0.6568485724611492
19.9952 0.6568033971810625
19.9964 0.6567582219009758
19.99761 0.656713046620889
19.99882 0.6566678713408023
20.00003 0.6565775207806288
20.00123 0.6565323455005421
20.00244 0.6564871702204553
20.00365 0.6564419949403686
20.00485 0.6563516443801951
20.00606 0.6563064691001084
20.00727 0.6562612938200217
20.00847 0.6561709432598481
20.00968 0.6561257679797615
20.01089 0.6560805926996748
20.01209 0.6559902421395013
20.0133 0.6559450668594146
20.01451 0.6558998915793278
20.01571 0.6558095410191543
20.01692 0.6557643657390676
20.01813 0.6557191904589809
20.01933 0.6556740151788941
20.02054 0.6556288398988074
20.02175 0.6555836646187206
20.02295 0.6554933140585472
20.02416 0.6554481387784604
20.02537 0.6554029634983737
20.02658 0.6553577882182869
20.02778 0.6553126129382002
20.02899 0.6552222623780267
20.0302 0.65517708709794
20.0314 0.6551319118178534
20.03261 0.6550867365377665
20.03382 0.6549963859775931
20.03502 0.6549512106975063
20.03623 0.6549060354174195
20.03744 0.6548608601373329
20.03864 0.6547705095771594
20.03985 0.6547253342970727
20.04106 0.6546801590169858
20.04226 0.6545898084568125
20.04347 0.6545446331767256
20.04468 0.654499457896639
20.04588 0.6544091073364654
20.04709 0.6543639320563788
20.0483 0.654318756776292
20.04951 0.6542284062161186
20.05071 0.6541832309360318
20.05192 0.6541380556559451
20.05313 0.6540477050957716
20.05433 0.6540025298156849
20.05554 0.6539121792555114
20.05675 0.6538670039754246
20.05795 0.6538218286953379
20.05916 0.6537314781351644
20.06037 0.6536863028550777
20.06157 0.653641127574991
20.06278 0.6535959522949042
20.06399 0.6535056017347308
20.06519 0.653460426454644
20.0664 0.6534152511745572
20.06761 0.6533700758944706
20.06881 0.6533249006143838
20.07002 0.653279725334297
20.07123 0.6532345500542104
20.07243 0.6531441994940368
20.07364 0.6530990242139502
20.07485 0.6530538489338633
20.07606 0.6530086736537767
20.07726 0.6529634983736899
20.07847 0.6528731478135165
20.07968 0.6528279725334297
20.08088 0.6527827972533429
20.08209 0.6526924466931695
20.0833 0.6526472714130827
20.0845 0.6525569208529093
20.08571 0.6525117455728227
20.08692 0.6524213950126491
20.08812 0.6523762197325624
20.08933 0.6522858691723888
20.09054 0.6521955186122154
20.09174 0.652105168052042
20.09295 0.6520148174918685
20.09416 0.6519244669316949
20.09536 0.6517889410914347
20.09657 0.6516985905312613
20.09778 0.6516082399710879
20.09898 0.6514727141308276
20.10019 0.6513823635706542
20.1014 0.6512468377303939
20.10261 0.6511564871702205
20.10381 0.6510209613299602
20.10502 0.6508854354897001
20.10623 0.6507950849295265
20.10743 0.6506595590892663
20.10864 0.6505240332490061
20.10985 0.6503885074087459
20.11105 0.6502529815684858
20.11226 0.6501174557282255
20.11347 0.6499819298879653
20.11467 0.6498464040477051
20.11588 0.6497108782074449
20.11709 0.6495753523671847
20.11829 0.6493946512468377
20.1195 0.6492591254065775
20.12071 0.6490784242862305
20.12191 0.6489428984459703
20.12312 0.6487621973256233
20.12433 0.6485814962052765
20.12553 0.6484459703650163
20.12674 0.6482652692446693
20.12795 0.6480845681243224
20.12916 0.6479038670039754
20.13036 0.6476779906035417
20.13157 0.6474972894831948
20.13278 0.6473165883628479
20.13398 0.6470907119624142
20.13519 0.6469100108420672
20.1364 0.6466841344416335
20.1376 0.6464582580411998
20.13881 0.6462775569208529
20.14002 0.6460516805204192
20.14122 0.6458258041199856
20.14243 0.6455547524394651
20.14364 0.6453288760390314
20.14484 0.6451029996385979
20.14605 0.6448319479580774
20.14726 0.6446060715576437
20.14846 0.6443350198771233
20.14967 0.6441091434766896
20.15088 0.6438380917961691
20.15208 0.6435670401156487
20.15329 0.6432959884351283
20.1545 0.6430249367546078
20.15571 0.6427538850740874
20.15691 0.642482833393567
20.15812 0.6422117817130466
20.15933 0.6419407300325262
20.16053 0.6416696783520057
20.16174 0.6413534513913987
20.16295 0.6410823997108782
20.16415 0.6408113480303578
20.16536 0.6404951210697506
20.16657 0.6402240693892303
20.16777 0.6399078424286231
20.16898 0.6396367907481026
20.17019 0.6393205637874955
20.17139 0.6390043368268883
20.1726 0.6387332851463678
20.17381 0.6384170581857608
20.17501 0.6381008312251535
20.17622 0.6378297795446333
20.17743 0.637513552584026
20.17863 0.6371973256234189
20.17984 0.6368810986628117
20.18105 0.6365648717022045
20.18226 0.6362034694615107
20.18346 0.6358872425009034
20.18467 0.6355710155402964
20.18588 0.6352547885796892
20.18708 0.6348933863389953
20.18829 0.6345771593783882
20.1895 0.6342157571376942
20.1907 0.6338995301770871
20.19191 0.6335381279363932
20.19312 0.633221900975786
20.19432 0.6328604987350921
20.19553 0.6324990964943983
20.19674 0.6321828695337911
20.19794 0.6318214672930973
20.19915 0.6314600650524033
20.20036 0.6310986628117093
20.20156 0.6307372605710155
20.20277 0.6304210336104085
20.20398 0.6300596313697145
20.20518 0.6296982291290205
20.20639 0.6293368268883267
20.2076 0.6289754246476328
20.20881 0.6286140224069389
20.21001 0.6282977954463318
20.21122 0.6279363932056379
20.21243 0.627574990964944
20.21363 0.62721358872425
20.21484 0.6268521864835561
20.21605 0.6264907842428623
20.21725 0.6261293820021684
20.21846 0.6257679797614746
20.21967 0.6254517528008673
20.22087 0.6250903505601735
20.22208 0.6247289483194796
20.22329 0.6243675460787856
20.22449 0.6240061438380918
20.2257 0.6235995663173112
20.22691 0.6232381640766173
20.22811 0.6228767618359234
20.22932 0.6225153595952295
20.23053 0.6221539573545356
20.23173 0.6217925551138418
20.23294 0.6214311528731478
20.23415 0.6210697506324538
20.23536 0.6206631731116733
20.23656 0.6203017708709794
20.23777 0.6199403686302855
20.23898 0.6195789663895915
20.24018 0.6192175641488977
20.24139 0.6188109866281171
20.2426 0.6184495843874231
20.2438 0.6180881821467293
20.24501 0.6177267799060354
20.24622 0.6173653776653415
20.24742 0.6169588001445608
20.24863 0.616597397903867
20.24984 0.6162359956631731
20.25104 0.6158745934224793
20.25225 0.6155131911817854
20.25346 0.6151066136610047
20.25466 0.6147452114203108
20.25587 0.614383809179617
20.25708 0.6140224069389231
20.25829 0.613661004698229
20.25949 0.6132544271774485
20.2607 0.6128930249367547
20.26191 0.6125316226960607
20.26311 0.6121702204553667
20.26432 0.6118088182146729
20.26553 0.6114022406938923
20.26673 0.6110408384531983
20.26794 0.6106794362125045
20.26915 0.6103180339718106
20.27035 0.6099566317311167
20.27156 0.609550054210336
20.27277 0.6091886519696422
20.27397 0.6088272497289483
20.27518 0.6084658474882545
20.27639 0.6080592699674738
20.27759 0.6076978677267799
20.2788 0.607336465486086
20.28001 0.6069750632453922
20.28121 0.6065684857246115
20.28242 0.6062070834839176
20.28363 0.6058456812432237
20.28484 0.6054842790025299
20.28604 0.6050777014817492
20.28725 0.6047162992410553
20.28846 0.6043548970003615
20.28966 0.6039934947596676
20.29087 0.6035869172388869
20.29208 0.603225514998193
20.29328 0.6028641127574992
20.29449 0.6024575352367185
20.2957 0.6020961329960246
20.2969 0.6017347307553307
20.29811 0.6013733285146368
20.29932 0.6009667509938562
20.30052 0.6006053487531623
20.30173 0.6002439465124684
20.30294 0.5998825442717745
20.30414 0.5994759667509939
20.30535 0.5991145645102999
20.30656 0.5987531622696061
20.30776 0.5983917600289121
20.30897 0.5979851825081315
20.31018 0.5976237802674376
20.31139 0.5972623780267438
20.31259 0.5969009757860498
20.3138 0.5964943982652692
20.31501 0.5961329960245754
20.31621 0.5957715937838814
20.31742 0.5953650162631008
20.31863 0.5950036140224069
20.31983 0.5946422117817131
20.32104 0.5942356342609324
20.32225 0.5938742320202385
20.32345 0.5934676544994578
20.32466 0.593106252258764
20.32587 0.5926996747379835
20.32707 0.5923382724972894
20.32828 0.5919316949765089
20.32949 0.591570292735815
20.33069 0.5911637152150343
20.3319 0.5908023129743405
20.33311 0.5903957354535598
20.33431 0.5899891579327792
20.33552 0.5896277556920853
20.33673 0.5892211781713046
20.33794 0.588814600650524
20.33914 0.5884531984098301
20.34035 0.5880466208890496
20.34156 0.5876400433682689
20.34276 0.5872334658474883
20.34397 0.5868268883267076
20.34518 0.5864654860860137
20.34638 0.5860589085652331
20.34759 0.5856523310444525
20.3488 0.5852457535236718
20.35 0.5848391760028911
20.35121 0.5844325984821106
20.35242 0.5840260209613299
20.35362 0.5836194434405493
20.35483 0.5832128659197686
20.35604 0.5828514636790748
20.35724 0.5824448861582942
20.35845 0.5820383086375136
20.35966 0.5815865558366462
20.36086 0.5811799783158655
20.36207 0.580773400795085
20.36328 0.5803668232743043
20.36449 0.5799602457535237
20.36569 0.579553668232743
20.3669 0.5791470907119625
20.36811 0.5787405131911818
20.36931 0.5783339356704011
20.37052 0.5779273581496205
20.37173 0.5774756053487532
20.37293 0.5770690278279725
20.37414 0.576662450307192
20.37535 0.5762558727864113
20.37655 0.5758041199855438
20.37776 0.5753975424647634
20.37897 0.5749909649439827
20.38017 0.5745392121431152
20.38138 0.5741326346223347
20.38259 0.5736808818214673
20.38379 0.5732743043006867
20.385 0.5728225514998193
20.38621 0.5724159739790387
20.38741 0.5719642211781713
20.38862 0.5715576436573906
20.38983 0.5711058908565233
20.39104 0.5706993133357426
20.39224 0.5702475605348754
20.39345 0.5698409830140947
20.39466 0.5693892302132274
20.39586 0.5689374774123599
20.39707 0.5685308998915792
20.39828 0.5680791470907119
20.39948 0.5676725695699313
20.40069 0.567220816769064
20.4019 0.5668142392482833
20.4031 0.566362486447416
20.40431 0.5659559089266354
20.40552 0.565504156125768
20.40672 0.5650975786049873
20.40793 0.5646910010842067
20.40914 0.5642392482833394
20.41034 0.5638326707625587
20.41155 0.5634260932417781
20.41276 0.5630195157209975
20.41396 0.5625677629201301
20.41517 0.5621611853993495
20.41638 0.5617546078785689
20.41759 0.5613480303577882
20.41879 0.5609414528370076
20.42 0.5605348753162269
20.42121 0.5600831225153596
20.42241 0.559676544994579
20.42362 0.5592699674737983
20.42483 0.5588633899530177
20.42603 0.5584568124322371
20.42724 0.5580502349114564
20.42845 0.5576436573906758
20.42965 0.5572370798698952
20.43086 0.5568305023491146
20.43207 0.5564239248283339
20.43327 0.5560173473075533
20.43448 0.5556107697867727
20.43569 0.555204192265992
20.43689 0.5547976147452114
20.4381 0.5543910372244307
20.43931 0.5539844597036502
20.44051 0.5535778821828695
20.44172 0.553171304662089
20.44293 0.552809902421395
20.44414 0.5524033249006144
20.44534 0.5519967473798337
20.44655 0.5515901698590531
20.44776 0.5512287676183593
20.44896 0.5508221900975786
20.45017 0.5504607878568847
20.45138 0.550054210336104
20.45258 0.5496476328153235
20.45379 0.5492862305746296
20.455 0.5489248283339357
20.4562 0.5485182508131551
20.45741 0.5481568485724612
20.45862 0.5477954463317672
20.45982 0.5473888688109866
20.46103 0.5470274665702928
20.46224 0.5466660643295989
20.46344 0.5463046620889049
20.46465 0.545943259848211
20.46586 0.5455366823274305
20.46707 0.5451752800867365
20.46827 0.5448138778460426
20.46948 0.5444524756053487
20.47069 0.5440910733646549
20.47189 0.543729671123961
20.4731 0.5433682688832671
20.47431 0.5430068666425731
20.47551 0.5426454644018793
20.47672 0.5423292374412721
20.47793 0.5419678352005782
20.47913 0.5416064329598843
20.48034 0.5412450307191905
20.48155 0.5408836284784966
20.48275 0.5405222262378027
20.48396 0.5402059992771956
20.48517 0.5398445970365016
20.48637 0.5394831947958078
20.48758 0.5391217925551138
20.48879 0.5388055655945067
20.48999 0.5384441633538128
20.4912 0.5380827611131189
20.49241 0.537721358872425
20.49362 0.5374051319118178
20.49482 0.5370437296711239
20.49603 0.5366823274304301
20.49724 0.5363661004698229
20.49844 0.536004698229129
20.49965 0.5356432959884351
20.50086 0.5353270690278279
20.50206 0.5349656667871341
20.50327 0.5346494398265269
20.50448 0.534288037585833
20.50568 0.5339266353451392
20.50689 0.533610408384532
20.5081 0.5332490061438381
20.5093 0.532932779183231
20.51051 0.532571376942537
20.51172 0.5322551499819299
20.51292 0.531893747741236
20.51413 0.5315775207806288
20.51534 0.5312612938200216
20.51654 0.5308998915793278
20.51775 0.5305836646187206
20.51896 0.5302222623780267
20.52017 0.5299060354174195
20.52137 0.5295898084568125
20.52258 0.5292284062161186
20.52379 0.5289121792555114
20.52499 0.5285959522949042
20.5262 0.5282797253342971
20.52741 0.5279183230936032
20.52861 0.527602096132996
20.52982 0.5272858691723888
20.53103 0.5269696422117818
20.53223 0.5266534152511746
20.53344 0.5263371882905674
20.53465 0.5260209613299602
20.53585 0.525704734369353
20.53706 0.525388507408746
20.53827 0.5250722804481388
20.53947 0.5247560534875316
20.54068 0.5244398265269244
20.54189 0.5241235995663173
20.54309 0.5238073726057101
20.5443 0.523491145645103
20.54551 0.5231749186844958
20.54672 0.5228586917238887
20.54792 0.5225876400433683
20.54913 0.5222714130827611
20.55034 0.521955186122154
20.55154 0.5216389591615468
20.55275 0.5213679074810263
20.55396 0.5210516805204192
20.55516 0.5207354535598121
20.55637 0.5204644018792917
20.55758 0.5201481749186845
20.55878 0.5198319479580774
20.55999 0.519560896277557
20.5612 0.5192446693169498
20.5624 0.5189284423563426
20.56361 0.5186573906758222
20.56482 0.518341163715215
20.56602 0.5180701120346947
20.56723 0.5177538850740875
20.56844 0.5174376581134803
20.56964 0.5171666064329599
20.57085 0.5168503794723527
20.57206 0.5165793277918322
20.57327 0.5162631008312252
20.57447 0.5159920491507047
20.57568 0.5156758221900976
20.57689 0.5154047705095771
20.57809 0.5150885435489699
20.5793 0.5148174918684496
20.58051 0.5145464401879292
20.58171 0.514230213227322
20.58292 0.5139591615468015
20.58413 0.5136881098662812
20.58533 0.5134170581857608
20.58654 0.5131008312251536
20.58775 0.5128297795446332
20.58895 0.5125587278641128
20.59016 0.5122876761835924
20.59137 0.512016624503072
20.59257 0.5117455728225515
20.59378 0.5114745211420311
20.59499 0.5112034694615106
20.59619 0.5108872425009034
20.5974 0.5106161908203831
20.59861 0.5103451391398627
20.59982 0.5100740874593422
20.60102 0.5098030357788218
20.60223 0.5094868088182147
20.60344 0.5092157571376943
20.60464 0.5088995301770871
20.60585 0.5086284784965667
20.60706 0.5083122515359595
20.60826 0.5080411998554392
20.60947 0.507724972894832
20.61068 0.5074539212143115
20.61188 0.5071376942537044
20.61309 0.5068214672930972
20.6143 0.50650524033249
20.6155 0.5061890133718829
20.61671 0.5058727864112758
20.61792 0.5055565594506686
20.61912 0.5051951572099747
20.62033 0.5048789302493676
20.62154 0.5045627032887604
20.62274 0.5042013010480665
20.62395 0.5038850740874593
20.62516 0.5035688471268522
20.62637 0.5032074448861583
20.62757 0.5028912179255511
20.62878 0.5025298156848572
20.62999 0.5021684134441633
20.63119 0.5018521864835561
20.6324 0.5014907842428623
20.63361 0.5011293820021684
20.63481 0.5008131550415612
20.63602 0.5004517528008674
20.63723 0.5000903505601735
20.63843 0.49972894831947956
20.63964 0.4993675460787857
20.64085 0.49900614383809183
20.64205 0.4986447415973979
20.64326 0.498283339356704
20.64447 0.4979219371160101
20.64567 0.4975605348753162
20.64688 0.49715395735453555
20.64809 0.4967925551138417
20.64929 0.4964311528731478
20.6505 0.49606975063245395
20.65171 0.4956631731116733
20.65292 0.49530177087097943
20.65412 0.49489519335019877
20.65533 0.49453379110950485
20.65654 0.49412721358872425
20.65774 0.4937206360679436
20.65895 0.4933592338272497
20.66016 0.49295265630646906
20.66136 0.49254607878568846
20.66257 0.4921395012649078
20.66378 0.4916877484640405
20.66498 0.49128117094325985
20.66619 0.49087459342247924
20.6674 0.49042284062161184
20.6686 0.4900162631008312
20.66981 0.48956451029996384
20.67102 0.48915793277918324
20.67222 0.48870617997831584
20.67343 0.4882544271774485
20.67464 0.4878478496566679
20.67585 0.4873960968558005
20.67705 0.48694434405493314
20.67826 0.48649259125406574
20.67947 0.48608601373328514
20.68067 0.4856342609324178
20.68188 0.4851825081315504
20.68309 0.4847759306107698
20.68429 0.48432417780990245
20.6855 0.48387242500903505
20.68671 0.48346584748825444
20.68791 0.48301409468738704
20.68912 0.4826075171666064
20.69033 0.48220093964582583
20.69153 0.48174918684495843
20.69274 0.48134260932417783
20.69395 0.48093603180339717
20.69515 0.48052945428261656
20.69636 0.4801228767618359
20.69757 0.47976147452114204
20.69877 0.4793548970003614
20.69998 0.4789934947596675
20.70119 0.4785869172388869
20.7024 0.478225514998193
20.7036 0.4778189374774124
20.70481 0.47745753523671847
20.70602 0.4770509577159378
20.70722 0.47668955547524394
20.70843 0.4762829779544633
20.70964 0.4759215757137694
20.71084 0.47556017347307555
20.71205 0.4751535959522949
20.71326 0.47479219371160103
20.71446 0.4744307914709071
20.71567 0.47406938923021325
20.71688 0.4737079869895193
20.71808 0.4733465847488254
20.71929 0.47298518250813154
20.7205 0.4726237802674377
20.7217 0.47226237802674376
20.72291 0.47190097578604984
20.72412 0.47153957354535597
20.72532 0.47122334658474885
20.72653 0.47086194434405493
20.72774 0.4705457173834478
20.72895 0.4702294904228406
20.73015 0.46986808818214676
20.73136 0.4695518612215396
20.73257 0.46923563426093245
20.73377 0.4689194073003253
20.73498 0.4686031803397181
20.73619 0.46828695337911097
20.73739 0.46801590169859053
20.7386 0.46769967473798335
20.73981 0.46742862305746297
20.74101 0.4671575713769425
20.74222 0.4668413444163354
20.74343 0.46657029273581496
20.74463 0.46634441633538126
20.74584 0.4660733646548608
20.74705 0.4658023129743404
20.74825 0.46557643657390674
20.74946 0.4653053848933863
20.75067 0.46507950849295265
20.75187 0.464853632092519
20.75308 0.46462775569208525
20.75429 0.4644018792916516
20.7555 0.4641760028912179
20.7567 0.46395012649078426
20.75791 0.46372425009035056
20.75912 0.46349837368991686
20.76032 0.4633176725695699
20.76153 0.46309179616913626
20.76274 0.46286591976870256
20.76394 0.4626852186483556
20.76515 0.46245934224792196
20.76636 0.4622334658474882
20.76756 0.4620527647271413
20.76877 0.46182688832670765
20.76998 0.4616461872063607
20.77118 0.461420310805927
20.77239 0.46123960968558003
20.7736 0.4610137332851464
20.7748 0.46078785688471263
20.77601 0.4606071557643657
20.77722 0.4603812793639321
20.77842 0.4601554029634984
20.77963 0.4599295265630647
20.78084 0.45970365016263104
20.78205 0.4595229490422841
20.78325 0.4592970726418504
20.78446 0.4590711962414167
20.78567 0.458845319840983
20.78687 0.458664618720636
20.78808 0.4584387423202024
20.78929 0.45821286591976873
20.79049 0.4580321647994217
20.7917 0.45780628839898807
20.79291 0.4576255872786411
20.79411 0.45739971087820747
20.79532 0.45721900975786045
20.79653 0.4569931333574268
20.79773 0.4568124322370799
20.79894 0.45658655583664615
20.80015 0.45640585471629924
20.80135 0.45617997831586554
20.80256 0.45599927719551864
20.80377 0.4557734007950849
20.80497 0.45554752439465124
20.80618 0.4553668232743043
20.80739 0.45514094687387063
20.8086 0.45491507047343693
20.8098 0.45473436935309
20.81101 0.45450849295265633
20.81222 0.45428261655222263
20.81342 0.45405674015178893
20.81463 0.45383086375135523
20.81584 0.45355981207083484
20.81704 0.45333393567040114
20.81825 0.4531080592699675
20.81946 0.45283700758944706
20.82066 0.45261113118901336
20.82187 0.4523400795084929
20.82308 0.45206902782797254
20.82428 0.4517979761474521
20.82549 0.45152692446693166
20.8267 0.4512558727864113
20.8279 0.4509848211058909
20.82911 0.45071376942537045
20.83032 0.45044271774485
20.83152 0.4501716660643296
20.83273 0.44985543910372244
20.83394 0.449584387423202
20.83515 0.4492681604625948
20.83635 0.4489971087820745
20.83756 0.4486808818214673
20.83877 0.44836465486086013
20.83997 0.4480936031803397
20.84118 0.44777737621973257
20.84239 0.4474611492591254
20.84359 0.44714492229851827
20.8448 0.4468286953379111
20.84601 0.4465124683773039
20.84721 0.4461962414166968
20.84842 0.4458800144560896
20.84963 0.4455637874954824
20.85083 0.4452475605348753
20.85204 0.4449313335742681
20.85325 0.444615106613661
20.85445 0.4442537043729671
20.85566 0.44393747741235995
20.85687 0.44362125045175277
20.85807 0.44330502349114564
20.85928 0.4429436212504517
20.86049 0.4426273942898446
20.8617 0.4423111673292374
20.8629 0.44194976508854356
20.86411 0.4416335381279364
20.86532 0.44131731116732925
20.86652 0.44095590892663533
20.86773 0.4406396819660282
20.86894 0.44027827972533434
20.87014 0.43991687748464037
20.87135 0.4395554752439465
20.87256 0.43919407300325264
20.87376 0.4388326707625587
20.87497 0.4384712685218648
20.87618 0.43810986628117093
20.87738 0.43774846404047707
20.87859 0.43738706179978315
20.8798 0.4370256595590893
20.881 0.4366190820383086
20.88221 0.43625767979761476
20.88342 0.4358962775569209
20.88463 0.43548970003614024
20.88583 0.4351282977954463
20.88704 0.43476689555475245
20.88825 0.43440549331405853
20.88945 0.43399891579327793
20.89066 0.43363751355258406
20.89187 0.4332761113118901
20.89307 0.4329147090711962
20.89428 0.43255330683050236
20.89549 0.4321919045898085
20.89669 0.4318305023491145
20.8979 0.43146910010842066
20.89911 0.4311076978677268
20.90031 0.4307914709071196
20.90152 0.43043006866642575
20.90273 0.43011384170581857
20.90393 0.4297524394651247
20.90514 0.4294362125045176
20.90635 0.4291199855439104
20.90755 0.4288037585833032
20.90876 0.4284875316226961
20.90997 0.4281713046620889
20.91118 0.42785507770148173
20.91238 0.4275388507408746
20.91359 0.42722262378026743
20.9148 0.4269063968196603
20.916 0.4265901698590531
20.91721 0.42627394289844595
20.91842 0.4259577159378388
20.91962 0.42564148897723164
20.92083 0.4253704372967112
20.92204 0.4250542103361041
20.92324 0.42473798337549695
20.92445 0.4244669316949765
20.92566 0.42415070473436933
20.92686 0.4238796530538489
20.92807 0.42356342609324177
20.92928 0.4232923744127214
20.93048 0.42302132273220094
20.93169 0.4227502710516805
20.9329 0.4224792193711601
20.9341 0.4222081676906397
20.93531 0.42193711601011924
20.93652 0.42166606432959886
20.93773 0.42144018792916516
20.93893 0.4211691362486447
20.94014 0.42094325984821107
20.94135 0.42071738344777737
20.94255 0.42049150704734367
20.94376 0.42026563064691
20.94497 0.42003975424647627
20.94617 0.4198138778460426
20.94738 0.4196331767256957
20.94859 0.419407300325262
20.94979 0.41922659920491506
20.951 0.4190458980845681
20.95221 0.41886519696422114
20.95341 0.4187296711239609
20.95462 0.418548970003614
20.95583 0.4184134441633538
20.95703 0.41827791832309363
20.95824 0.4181423924828334
20.95945 0.4180068666425732
20.96065 0.417871340802313
20.96186 0.41773581496205275
20.96307 0.41760028912179253
20.96428 0.4175099385616191
20.96548 0.4173744127213589
20.96669 0.41728406216118535
20.9679 0.41719371160101193
20.9691 0.41710336104083845
20.97031 0.41701301048066497
20.97152 0.4169226599204915
20.97272 0.41683230936031807
20.97393 0.41674195880014453
20.97514 0.4166516082399711
20.97634 0.4165612576797976
20.97755 0.4165160823997109
20.97876 0.4164257318395374
20.97996 0.41638055655945067
20.98117 0.4162902059992772
20.98238 0.41624503071919045
20.98358 0.41615468015901697
20.98479 0.4161095048789302
20.986 0.4160191543187568
20.9872 0.41597397903867
20.98841 0.4159288037585833
20.98962 0.41583845319840984
20.99083 0.4157932779183231
20.99203 0.41574810263823636
20.99324 0.4156577520780629
20.99445 0.41561257679797614
20.99565 0.4155674015178894
20.99686 0.4155222262378027
20.99807 0.4155222262378027
20.99927 0.4154770509577159
21.00048 0.4154318756776292
21.00169 0.4154318756776292
21.00289 0.4153867003975425
21.0041 0.4153867003975425
21.00531 0.4153867003975425
21.00651 0.4153415251174557
21.00772 0.4153415251174557
21.00893 0.4153415251174557
21.01013 0.4153415251174557
21.01134 0.4153415251174557
21.01255 0.41529634983736896
21.01375 0.41529634983736896
21.01496 0.41529634983736896
21.01617 0.41529634983736896
21.01738 0.41529634983736896
21.01858 0.41529634983736896
21.01979 0.41529634983736896
21.021 0.41529634983736896
21.0222 0.4152511745572823
21.02341 0.4152511745572823
21.02462 0.4152511745572823
21.02582 0.4152511745572823
21.02703 0.41520599927719554
21.02824 0.41520599927719554
21.02944 0.41516082399710874
21.03065 0.41516082399710874
21.03186 0.41511564871702206
21.03306 0.4150704734369353
21.03427 0.4150252981568485
21.03548 0.4150252981568485
21.03668 0.41498012287676184
21.03789 0.4149349475966751
21.0391 0.41488977231658836
21.0403 0.4147994217564149
21.04151 0.41475424647632814
21.04272 0.41470907119624145
21.04393 0.41466389591615466
21.04513 0.4146187206360679
21.04634 0.41457354535598123
21.04755 0.4144831947958077
21.04875 0.414438019515721
21.04996 0.4143928442356343
21.05117 0.4143476689555475
21.05237 0.41425731839537405
21.05358 0.41421214311528726
21.05479 0.4141669678352006
21.05599 0.41407661727502715
21.0572 0.41403144199494035
21.05841 0.41394109143476693
21.05961 0.41389591615468013
21.06082 0.4138507408745934
21.06203 0.41376039031441997
21.06323 0.4137152150343332
21.06444 0.41362486447415975
21.06565 0.413579689194073
21.06685 0.41348933863389953
21.06806 0.4134441633538128
21.06927 0.41339898807372605
21.07048 0.41330863751355257
21.07168 0.4132634622334659
21.07289 0.41317311167329235
21.0741 0.41312793639320566
21.0753 0.41308276111311887
21.07651 0.41299241055294544
21.07772 0.4129472352728587
21.07892 0.4129020599927719
21.08013 0.4128117094325985
21.08134 0.4127665341525118
21.08254 0.41267618359233826
21.08375 0.4126310083122516
21.08496 0.41254065775207804
21.08616 0.41249548247199136
21.08737 0.4124051319118178
21.08858 0.41235995663173114
21.08978 0.4122696060715576
21.09099 0.4121792555113842
21.0922 0.41213408023129744
21.0934 0.41204372967112396
21.09461 0.4119985543910372
21.09582 0.41190820383086374
21.09703 0.411863028550777
21.09823 0.4117726779906035
21.09944 0.4117275027105168
21.10065 0.41163715215034336
21.10185 0.41159197687025656
21.10306 0.41150162631008314
21.10427 0.41145645102999634
21.10547 0.4113661004698229
21.10668 0.4113209251897362
21.10789 0.41127574990964944
21.10909 0.4112305746295627
21.1103 0.4111402240693892
21.11151 0.4110950487893025
21.11271 0.41104987350921574
21.11392 0.41100469822912905
21.11513 0.41095952294904226
21.11633 0.4109143476689555
21.11754 0.4109143476689555
21.11875 0.41086917238886883
21.11996 0.41082399710878204
21.12116 0.41082399710878204
21.12237 0.4107788218286953
21.12358 0.4107788218286953
21.12478 0.4107336465486086
21.12599 0.4107336465486086
21.1272 0.41068847126852187
21.1284 0.41068847126852187
21.12961 0.41068847126852187
21.13082 0.4106432959884351
21.13202 0.4106432959884351
21.13323 0.4106432959884351
21.13444 0.4106432959884351
21.13564 0.4106432959884351
21.13685 0.4106432959884351
21.13806 0.4105981207083484
21.13926 0.4105981207083484
21.14047 0.4106432959884351
21.14168 0.4106432959884351
21.14288 0.4106432959884351
21.14409 0.4106432959884351
21.1453 0.4106432959884351
21.14651 0.41068847126852187
21.14771 0.41068847126852187
21.14892 0.41068847126852187
21.15013 0.4107336465486086
21.15133 0.4107336465486086
21.15254 0.4107788218286953
21.15375 0.4107788218286953
21.15495 0.41082399710878204
21.15616 0.41086917238886883
21.15737 0.4109143476689555
21.15857 0.41095952294904226
21.15978 0.41100469822912905
21.16099 0.41104987350921574
21.16219 0.4110950487893025
21.1634 0.4111402240693892
21.16461 0.41118539934947596
21.16581 0.41127574990964944
21.16702 0.4113209251897362
21.16823 0.4113661004698229
21.16943 0.41145645102999634
21.17064 0.4115468015901699
21.17185 0.41159197687025656
21.17306 0.4116823274304301
21.17426 0.4117726779906035
21.17547 0.411863028550777
21.17668 0.4119533791109505
21.17788 0.41204372967112396
21.17909 0.41213408023129744
21.1803 0.4122244307914709
21.1815 0.4123147813516444
21.18271 0.4124051319118178
21.18392 0.41249548247199136
21.18512 0.4126310083122516
21.18633 0.412721358872425
21.18754 0.4128117094325985
21.18874 0.4129472352728587
21.18995 0.41303758583303213
21.19116 0.41317311167329235
21.19236 0.4132634622334659
21.19357 0.41339898807372605
21.19478 0.41348933863389953
21.19598 0.41362486447415975
21.19719 0.4137152150343332
21.1984 0.4138507408745934
21.19961 0.41394109143476693
21.20081 0.41407661727502715
21.20202 0.41421214311528726
21.20323 0.4143024936754608
21.20443 0.414438019515721
21.20564 0.41457354535598123
21.20685 0.41466389591615466
21.20805 0.4147994217564149
21.20926 0.4149349475966751
21.21047 0.4150704734369353
21.21167 0.41520599927719554
21.21288 0.4153415251174557
21.21409 0.4154770509577159
21.21529 0.4156577520780629
21.2165 0.4157932779183231
21.21771 0.4159288037585833
21.21891 0.41606432959884354
21.22012 0.41624503071919045
21.22133 0.41638055655945067
21.22253 0.4165612576797976
21.22374 0.41669678352005785
21.22495 0.41687748464040475
21.22616 0.41701301048066497
21.22736 0.41719371160101193
21.22857 0.41732923744127215
21.22978 0.41746476328153237
21.23098 0.41764546440187933
21.23219 0.41778099024213955
21.2334 0.41796169136248645
21.2346 0.4180972172027466
21.23581 0.41823274304300684
21.23702 0.4184134441633538
21.23822 0.418548970003614
21.23943 0.41868449584387424
21.24064 0.41882002168413446
21.24184 0.4189555475243947
21.24305 0.4190910733646549
21.24426 0.41922659920491506
21.24546 0.4193621250451753
21.24667 0.4194976508854355
21.24788 0.4196331767256957
21.24908 0.4197235272858692
21.25029 0.41985905312612937
21.2515 0.41994940368630285
21.25271 0.42008492952656307
21.25391 0.4201752800867365
21.25512 0.42026563064691
21.25633 0.42040115648717025
21.25753 0.42049150704734367
21.25874 0.42058185760751715
21.25995 0.42071738344777737
21.26115 0.42080773400795085
21.26236 0.42089808456812433
21.26357 0.42098843512829776
21.26477 0.4210787856884713
21.26598 0.4212143115287315
21.26719 0.42130466208890494
21.26839 0.4213950126490784
21.2696 0.4214853632092519
21.27081 0.4215757137694254
21.27201 0.4216208890495121
21.27322 0.4217112396096856
21.27443 0.421801590169859
21.27563 0.4218919407300325
21.27684 0.42198229129020604
21.27805 0.4220274665702927
21.27926 0.4221178171304662
21.28046 0.42216299241055294
21.28167 0.4222533429707264
21.28288 0.4222985182508131
21.28408 0.42238886881098664
21.28529 0.4224340440910733
21.2865 0.4224792193711601
21.2877 0.42256956993133354
21.28891 0.4226147452114203
21.29012 0.4226599204915071
21.29132 0.42270509577159376
21.29253 0.4227502710516805
21.29374 0.4227954463317673
21.29494 0.422840621611854
21.29615 0.4228857968919407
21.29736 0.42293097217202746
21.29856 0.42293097217202746
21.29977 0.4229761474521142
21.30098 0.4229761474521142
21.30218 0.42302132273220094
21.30339 0.42302132273220094
21.3046 0.42302132273220094
21.30581 0.42302132273220094
21.30701 0.42302132273220094
21.30822 0.4230664980122877
21.30943 0.4230664980122877
21.31063 0.4230664980122877
21.31184 0.4230664980122877
21.31305 0.4230664980122877
21.31425 0.4230664980122877
21.31546 0.42302132273220094
21.31667 0.42302132273220094
21.31787 0.42302132273220094
21.31908 0.42302132273220094
21.32029 0.42302132273220094
21.32149 0.42302132273220094
21.3227 0.42302132273220094
21.32391 0.4229761474521142
21.32511 0.4229761474521142
21.32632 0.4229761474521142
21.32753 0.4229761474521142
21.32874 0.4229761474521142
21.32994 0.4229761474521142
21.33115 0.4229761474521142
21.33236 0.4229761474521142
21.33356 0.4229761474521142
21.33477 0.4229761474521142
21.33598 0.4229761474521142
21.33718 0.4229761474521142
21.33839 0.4229761474521142
21.3396 0.4229761474521142
21.3408 0.42302132273220094
21.34201 0.42302132273220094
21.34322 0.42302132273220094
21.34442 0.42302132273220094
21.34563 0.42302132273220094
21.34684 0.42302132273220094
21.34804 0.42302132273220094
21.34925 0.42302132273220094
21.35046 0.42302132273220094
21.35166 0.42302132273220094
21.35287 0.42302132273220094
21.35408 0.42302132273220094
21.35529 0.4230664980122877
21.35649 0.4230664980122877
21.3577 0.4230664980122877
21.35891 0.4230664980122877
21.36011 0.4230664980122877
21.36132 0.4230664980122877
21.36253 0.4230664980122877
21.36373 0.42311167329237437
21.36494 0.42311167329237437
21.36615 0.42311167329237437
21.36735 0.42311167329237437
21.36856 0.42311167329237437
21.36977 0.42315684857246116
21.37097 0.42315684857246116
21.37218 0.42315684857246116
21.37339 0.4232020238525479
21.37459 0.4232020238525479
21.3758 0.4232471991326346
21.37701 0.4232471991326346
21.37821 0.4232923744127214
21.37942 0.4232923744127214
21.38063 0.4233375496928081
21.38184 0.4233827249728948
21.38304 0.4233827249728948
21.38425 0.42342790025298155
21.38546 0.42347307553306834
21.38666 0.42351825081315503
21.38787 0.42356342609324177
21.38908 0.42360860137332856
21.39028 0.42365377665341525
21.39149 0.423698951933502
21.3927 0.4237441272135887
21.3939 0.42378930249367547
21.39511 0.4238344777737622
21.39632 0.4238796530538489
21.39752 0.4239248283339357
21.39873 0.42397000361402243
21.39994 0.42406035417419585
21.40114 0.42410552945428265
21.40235 0.42415070473436933
21.40356 0.4241958800144561
21.40476 0.42428623057462955
21.40597 0.4243314058547163
21.40718 0.42437658113480303
21.40839 0.4244217564148898
21.40959 0.4244669316949765
21.4108 0.42455728225514994
21.41201 0.42460245753523673
21.41321 0.4246476328153235
21.41442 0.42469280809541016
21.41563 0.42473798337549695
21.41683 0.4247831586555837
21.41804 0.4248283339356704
21.41925 0.4248735092157571
21.42045 0.4249186844958439
21.42166 0.4249638597759306
21.42287 0.42500903505601734
21.42407 0.4250542103361041
21.42528 0.4250542103361041
21.42649 0.4250993856161908
21.42769 0.42514456089627756
21.4289 0.4251897361763643
21.43011 0.42523491145645104
21.43131 0.42523491145645104
21.43252 0.4252800867365378
21.43373 0.4253252620166245
21.43494 0.4253704372967112
21.43614 0.425415612576798
21.43735 0.425415612576798
21.43856 0.42546078785688474
21.43976 0.4255059631369714
21.44097 0.4255511384170582
21.44218 0.4255511384170582
21.44338 0.42559631369714496
21.44459 0.42564148897723164
21.4458 0.42564148897723164
21.447 0.4256866642573184
21.44821 0.4257318395374052
21.44942 0.4257318395374052
21.45062 0.42577701481749186
21.45183 0.42577701481749186
21.45304 0.4258221900975786
21.45424 0.4258221900975786
21.45545 0.4258221900975786
21.45666 0.42586736537766534
21.45786 0.42586736537766534
21.45907 0.42586736537766534
21.46028 0.42586736537766534
21.46149 0.42586736537766534
21.46269 0.42586736537766534
21.4639 0.42586736537766534
21.46511 0.42586736537766534
21.46631 0.4258221900975786
21.46752 0.4258221900975786
21.46873 0.4258221900975786
21.46993 0.42577701481749186
21.47114 0.42577701481749186
21.47235 0.4257318395374052
21.47355 0.4256866642573184
21.47476 0.42564148897723164
21.47597 0.42559631369714496
21.47717 0.4255511384170582
21.47838 0.4255059631369714
21.47959 0.42546078785688474
21.48079 0.425415612576798
21.482 0.4253704372967112
21.48321 0.4253252620166245
21.48441 0.42523491145645104
21.48562 0.4251897361763643
21.48683 0.4250993856161908
21.48804 0.4250542103361041
21.48924 0.4249638597759306
21.49045 0.4249186844958439
21.49166 0.4248283339356704
21.49286 0.4247831586555837
21.49407 0.42469280809541016
21.49528 0.42460245753523673
21.49648 0.42451210697506325
21.49769 0.4244669316949765
21.4989 0.42437658113480303
21.5001 0.42428623057462955
21.50131 0.4241958800144561
21.50252 0.42410552945428265
21.50372 0.4240151788941091
21.50493 0.42397000361402243
21.50614 0.4238796530538489
21.50734 0.42378930249367547
21.50855 0.423698951933502
21.50976 0.42360860137332856
21.51096 0.42351825081315503
21.51217 0.42342790025298155
21.51338 0.4233375496928081
21.51459 0.4232471991326346
21.51579 0.42315684857246116
21.517 0.4230664980122877
21.51821 0.4229761474521142
21.51941 0.4228857968919407
21.52062 0.4227954463317673
21.52183 0.42270509577159376
21.52303 0.42256956993133354
21.52424 0.4224792193711601
21.52545 0.42238886881098664
21.52665 0.4222533429707264
21.52786 0.42216299241055294
21.52907 0.4220274665702927
21.53027 0.42193711601011924
21.53148 0.421801590169859
21.53269 0.4217112396096856
21.53389 0.4215757137694254
21.5351 0.4214853632092519
21.53631 0.42134983736899173
21.53752 0.4212594868088182
21.53872 0.421123960968558
21.53993 0.42103361040838455
21.54114 0.42089808456812433
21.54234 0.42080773400795085
21.54355 0.42067220816769063
21.54476 0.42058185760751715
21.54596 0.42044633176725693
21.54717 0.42035598120708345
21.54838 0.4202204553668233
21.54958 0.4201301048066498
21.55079 0.42003975424647627
21.552 0.41990422840621616
21.5532 0.4198138778460426
21.55441 0.4197235272858692
21.55562 0.4196331767256957
21.55682 0.4195428261655222
21.55803 0.41945247560534876
21.55924 0.4193621250451753
21.56044 0.4192717744850018
21.56165 0.4191814239248283
21.56286 0.4190910733646549
21.56407 0.41900072280448136
21.56527 0.41891037224430794
21.56648 0.41882002168413446
21.56769 0.4187296711239609
21.56889 0.4186393205637875
21.5701 0.418548970003614
21.57131 0.41845861944344054
21.57251 0.41836826888326706
21.57372 0.4183230936031803
21.57493 0.41823274304300684
21.57613 0.4181423924828334
21.57734 0.4180520419226599
21.57855 0.4180068666425732
21.57975 0.41791651608239966
21.58096 0.41782616552222623
21.58217 0.41773581496205275
21.58337 0.417690639681966
21.58458 0.41760028912179253
21.58579 0.4175551138417058
21.58699 0.41746476328153237
21.5882 0.4173744127213589
21.58941 0.41732923744127215
21.59062 0.41723888688109867
21.59182 0.41719371160101193
21.59303 0.41710336104083845
21.59424 0.4170581857607517
21.59544 0.41696783520057823
21.59665 0.4169226599204915
21.59786 0.41687748464040475
21.59906 0.41678713408023127
21.60027 0.41674195880014453
21.60148 0.41669678352005785
21.60268 0.4166064329598843
21.60389 0.4165612576797976
21.6051 0.4165160823997109
21.6063 0.4164709071196241
21.60751 0.4164257318395374
21.60872 0.416335381279364
21.60992 0.4162902059992772
21.61113 0.41624503071919045
21.61234 0.41619985543910376
21.61354 0.41615468015901697
21.61475 0.4161095048789302
21.61596 0.41606432959884354
21.61717 0.4160191543187568
21.61837 0.4160191543187568
21.61958 0.41597397903867
21.62079 0.4159288037585833
21.62199 0.4158836284784966
21.6232 0.41583845319840984
21.62441 0.4157932779183231
21.62561 0.4157932779183231
21.62682 0.41574810263823636
21.62803 0.4157029273581496
21.62923 0.4156577520780629
21.63044 0.4156577520780629
21.63165 0.41561257679797614
21.63285 0.4155674015178894
21.63406 0.4155222262378027
21.63527 0.4155222262378027
21.63647 0.4154770509577159
21.63768 0.4154318756776292
21.63889 0.4154318756776292
21.64009 0.4153867003975425
21.6413 0.4153415251174557
21.64251 0.4153415251174557
21.64372 0.41529634983736896
21.64492 0.4152511745572823
21.64613 0.4152511745572823
21.64734 0.41520599927719554
21.64854 0.41516082399710874
21.64975 0.41516082399710874
21.65096 0.41511564871702206
21.65216 0.41511564871702206
21.65337 0.4150704734369353
21.65458 0.4150252981568485
21.65578 0.4150252981568485
21.65699 0.41498012287676184
21.6582 0.41498012287676184
21.6594 0.4149349475966751
21.66061 0.41488977231658836
21.66182 0.41488977231658836
21.66302 0.4148445970365016
21.66423 0.4148445970365016
21.66544 0.4147994217564149
21.66664 0.4147994217564149
21.66785 0.41475424647632814
21.66906 0.41475424647632814
21.67027 0.41470907119624145
21.67147 0.41470907119624145
21.67268 0.41466389591615466
21.67389 0.41466389591615466
21.67509 0.4146187206360679
21.6763 0.4146187206360679
21.67751 0.4146187206360679
21.67871 0.41457354535598123
21.67992 0.41457354535598123
21.68113 0.41452837007589444
21.68233 0.41452837007589444
21.68354 0.4144831947958077
21.68475 0.4144831947958077
21.68595 0.414438019515721
21.68716 0.414438019515721
21.68837 0.4143928442356343
21.68957 0.4143928442356343
21.69078 0.4143476689555475
21.69199 0.4143476689555475
21.69319 0.4143024936754608
21.6944 0.4143024936754608
21.69561 0.41425731839537405
21.69682 0.41425731839537405
21.69802 0.41421214311528726
21.69923 0.4141669678352006
21.70044 0.4141669678352006
21.70164 0.41412179255511383
21.70285 0.41407661727502715
21.70406 0.41407661727502715
21.70526 0.41403144199494035
21.70647 0.4139862667148536
21.70768 0.41394109143476693
21.70888 0.41394109143476693
21.71009 0.41389591615468013
21.7113 0.4138507408745934
21.7125 0.4138507408745934
21.71371 0.4138055655945067
21.71492 0.41376039031441997
21.71612 0.4137152150343332
21.71733 0.4137152150343332
21.71854 0.4136700397542465
21.71974 0.41362486447415975
21.72095 0.41362486447415975
21.72216 0.413579689194073
21.72337 0.413579689194073
21.72457 0.41353451391398627
21.72578 0.41353451391398627
21.72699 0.41348933863389953
21.72819 0.41348933863389953
21.7294 0.4134441633538128
21.73061 0.4134441633538128
21.73181 0.4134441633538128
21.73302 0.41339898807372605
21.73423 0.41339898807372605
21.73543 0.41339898807372605
21.73664 0.41339898807372605
21.73785 0.41339898807372605
21.73905 0.41339898807372605
21.74026 0.41339898807372605
21.74147 0.41339898807372605
21.74267 0.41339898807372605
21.74388 0.41339898807372605
21.74509 0.41339898807372605
21.7463 0.4134441633538128
21.7475 0.4134441633538128
21.74871 0.4134441633538128
21.74992 0.4134441633538128
21.75112 0.4134441633538128
21.75233 0.41348933863389953
21.75354 0.41348933863389953
21.75474 0.41348933863389953
21.75595 0.41353451391398627
21.75716 0.41353451391398627
21.75836 0.413579689194073
21.75957 0.413579689194073
21.76078 0.41362486447415975
21.76198 0.41362486447415975
21.76319 0.4136700397542465
21.7644 0.4137152150343332
21.7656 0.4137152150343332
21.76681 0.41376039031441997
21.76802 0.4138055655945067
21.76922 0.4138055655945067
21.77043 0.4138507408745934
21.77164 0.41389591615468013
21.77285 0.41394109143476693
21.77405 0.4139862667148536
21.77526 0.41403144199494035
21.77647 0.41407661727502715
21.77767 0.41412179255511383
21.77888 0.41421214311528726
21.78009 0.41425731839537405
21.78129 0.4143024936754608
21.7825 0.4143476689555475
21.78371 0.414438019515721
21.78491 0.4144831947958077
21.78612 0.41457354535598123
21.78733 0.4146187206360679
21.78853 0.41470907119624145
21.78974 0.4147994217564149
21.79095 0.41488977231658836
21.79215 0.41498012287676184
21.79336 0.4150704734369353
21.79457 0.41516082399710874
21.79577 0.4152511745572823
21.79698 0.4153867003975425
21.79819 0.4154770509577159
21.7994 0.41561257679797614
21.8006 0.4157029273581496
21.80181 0.4157932779183231
21.80302 0.4159288037585833
21.80422 0.41606432959884354
21.80543 0.41615468015901697
21.80664 0.4162902059992772
21.80784 0.41638055655945067
21.80905 0.4165160823997109
21.81026 0.4166516082399711
21.81146 0.41674195880014453
21.81267 0.41687748464040475
21.81388 0.41701301048066497
21.81508 0.41710336104083845
21.81629 0.41723888688109867
21.8175 0.41732923744127215
21.8187 0.41746476328153237
21.81991 0.4175551138417058
21.82112 0.417690639681966
21.82232 0.41778099024213955
21.82353 0.417871340802313
21.82474 0.4180068666425732
21.82595 0.4180972172027466
21.82715 0.4181875677629201
21.82836 0.41827791832309363
21.82957 0.41836826888326706
21.83077 0.41845861944344054
21.83198 0.418548970003614
21.83319 0.41859414528370076
21.83439 0.41868449584387424
21.8356 0.4187748464040477
21.83681 0.41886519696422114
21.83801 0.41891037224430794
21.83922 0.41900072280448136
21.84043 0.4190910733646549
21.84163 0.4191814239248283
21.84284 0.41922659920491506
21.84405 0.41931694976508854
21.84525 0.419407300325262
21.84646 0.41945247560534876
21.84767 0.4195428261655222
21.84887 0.4196331767256957
21.85008 0.4196783520057824
21.85129 0.41976870256595594
21.8525 0.4198138778460426
21.8537 0.41990422840621616
21.85491 0.41994940368630285
21.85612 0.4199945789663896
21.85732 0.42008492952656307
21.85853 0.4201301048066498
21.85974 0.4201752800867365
21.86094 0.4202204553668233
21.86215 0.42026563064691
21.86336 0.4203108059269967
21.86456 0.42035598120708345
21.86577 0.42040115648717025
21.86698 0.42044633176725693
21.86818 0.42049150704734367
21.86939 0.42053668232743047
21.8706 0.42053668232743047
21.8718 0.42058185760751715
21.87301 0.42058185760751715
21.87422 0.4206270328876039
21.87542 0.4206270328876039
21.87663 0.4206270328876039
21.87784 0.4206270328876039
21.87905 0.4206270328876039
21.88025 0.4206270328876039
21.88146 0.4206270328876039
21.88267 0.4206270328876039
21.88387 0.42058185760751715
21.88508 0.42058185760751715
21.88629 0.42053668232743047
21.88749 0.42053668232743047
21.8887 0.42049150704734367
21.88991 0.42044633176725693
21.89111 0.42044633176725693
21.89232 0.42040115648717025
21.89353 0.42035598120708345
21.89473 0.4203108059269967
21.89594 0.42026563064691
21.89715 0.4202204553668233
21.89835 0.4201752800867365
21.89956 0.42008492952656307
21.90077 0.42003975424647627
21.90197 0.4199945789663896
21.90318 0.41994940368630285
21.90439 0.41985905312612937
21.9056 0.4198138778460426
21.9068 0.41976870256595594
21.90801 0.4196783520057824
21.90922 0.4196331767256957
21.91042 0.419588001445609
21.91163 0.4194976508854355
21.91284 0.41945247560534876
21.91404 0.419407300325262
21.91525 0.41931694976508854
21.91646 0.4192717744850018
21.91766 0.41922659920491506
21.91887 0.4191814239248283
21.92008 0.4190910733646549
21.92128 0.4190458980845681
21.92249 0.41900072280448136
21.9237 0.4189555475243947
21.9249 0.41891037224430794
21.92611 0.41886519696422114
21.92732 0.4187748464040477
21.92852 0.4187296711239609
21.92973 0.41868449584387424
21.93094 0.4186393205637875
21.93215 0.41859414528370076
21.93335 0.418548970003614
21.93456 0.4185037947235273
21.93577 0.41845861944344054
21.93697 0.41836826888326706
21.93818 0.4183230936031803
21.93939 0.41827791832309363
21.94059 0.41823274304300684
21.9418 0.4181875677629201
21.94301 0.4180972172027466
21.94421 0.4180520419226599
21.94542 0.4180068666425732
21.94663 0.41796169136248645
21.94783 0.41791651608239966
21.94904 0.41782616552222623
21.95025 0.41778099024213955
21.95145 0.41773581496205275
21.95266 0.41764546440187933
21.95387 0.41760028912179253
21.95508 0.4175551138417058
21.95628 0.4175099385616191
21.95749 0.4174195880014456
21.9587 0.4173744127213589
21.9599 0.41728406216118535
21.96111 0.41723888688109867
21.96232 0.41719371160101193
21.96352 0.41710336104083845
21.96473 0.4170581857607517
21.96594 0.41696783520057823
21.96714 0.4169226599204915
21.96835 0.41683230936031807
21.96956 0.41678713408023127
21.97076 0.41669678352005785
21.97197 0.4166064329598843
21.97318 0.4165612576797976
21.97438 0.4164709071196241
21.97559 0.4164257318395374
21.9768 0.416335381279364
21.978 0.4162902059992772
21.97921 0.41619985543910376
21.98042 0.41615468015901697
21.98163 0.41606432959884354
21.98283 0.4160191543187568
21.98404 0.4159288037585833
21.98525 0.4158836284784966
21.98645 0.4157932779183231
21.98766 0.4157029273581496
21.98887 0.4156577520780629
21.99007 0.4155674015178894
21.99128 0.4155222262378027
21.99249 0.4154318756776292
21.99369 0.4153415251174557
21.9949 0.4152511745572823
21.99611 0.41520599927719554
21.99731 0.41511564871702206
21.99852 0.4150252981568485
21.99973 0.4149349475966751
22.00093 0.4148445970365016
22.00214 0.41475424647632814
22.00335 0.41466389591615466
22.00455 0.41457354535598123
22.00576 0.4144831947958077
22.00697 0.4143928442356343
22.00818 0.41425731839537405
22.00938 0.4141669678352006
22.01059 0.41407661727502715
22.0118 0.41394109143476693
22.013 0.4138507408745934
22.01421 0.4137152150343332
22.01542 0.41362486447415975
22.01662 0.41348933863389953
22.01783 0.4133538127936393
22.01904 0.4132182869533791
22.02024 0.41308276111311887
22.02145 0.4129472352728587
22.02266 0.4128117094325985
22.02386 0.41267618359233826
22.02507 0.41254065775207804
22.02628 0.4124051319118178
22.02748 0.4122244307914709
22.02869 0.4120889049512107
22.0299 0.41190820383086374
22.0311 0.4117726779906035
22.03231 0.41159197687025656
22.03352 0.41145645102999634
22.03473 0.41127574990964944
22.03593 0.4110950487893025
22.03714 0.41095952294904226
22.03835 0.4107788218286953
22.03955 0.4105981207083484
22.04076 0.41041741958800143
22.04197 0.4102818937477412
22.04317 0.4101011926273943
22.04438 0.40992049150704735
22.04559 0.4097397903867004
22.04679 0.4095590892663535
22.048 0.4093783881460065
22.04921 0.4092428623057463
22.05041 0.4090621611853994
22.05162 0.4088814600650524
22.05283 0.4087007589447054
22.05403 0.4085200578243585
22.05524 0.4083845319840983
22.05645 0.40820383086375134
22.05765 0.4080231297434044
22.05886 0.40788760390314416
22.06007 0.40770690278279725
22.06128 0.40757137694253703
22.06248 0.4073906758221901
22.06369 0.40725514998192985
22.0649 0.4070744488615829
22.0661 0.4069389230213227
22.06731 0.40675822190097577
22.06852 0.4065775207806288
22.06972 0.4064419949403686
22.07093 0.4062612938200217
22.07214 0.40612576797976147
22.07334 0.4059450668594145
22.07455 0.40576436573906755
22.07576 0.4056288398988073
22.07696 0.4054481387784604
22.07817 0.40526743765811346
22.07938 0.40513191181785324
22.08058 0.40495121069750634
22.08179 0.4047705095771594
22.083 0.40463498373689916
22.0842 0.4044542826165522
22.08541 0.4042735814962053
22.08662 0.40413805565594507
22.08783 0.4039573545355981
22.08903 0.4038218286953379
22.09024 0.40364112757499093
22.09145 0.4035056017347307
22.09265 0.4033249006143838
22.09386 0.4031893747741236
22.09507 0.40300867365377663
22.09627 0.4028731478135164
22.09748 0.4027376219732562
22.09869 0.402602096132996
22.09989 0.4024665702927358
22.1011 0.4022858691723889
22.10231 0.4021503433321287
22.10351 0.40201481749186846
22.10472 0.4019244669316949
22.10593 0.4017889410914348
22.10713 0.4016534152511746
22.10834 0.4015178894109144
22.10955 0.40142753885074084
22.11075 0.4012920130104807
22.11196 0.4012016624503072
22.11317 0.401066136610047
22.11438 0.40097578604987355
22.11558 0.40084026020961333
22.11679 0.4007499096494398
22.118 0.40065955908926637
22.1192 0.40052403324900615
22.12041 0.40043368268883267
22.12162 0.4003433321286592
22.12282 0.4002529815684857
22.12403 0.4001174557282255
22.12524 0.40002710516805207
22.12644 0.39993675460787853
22.12765 0.3998464040477051
22.12886 0.3997560534875316
22.13006 0.3996657029273581
22.13127 0.39957535236718467
22.13248 0.399530177087098
22.13368 0.39943982652692445
22.13489 0.399349475966751
22.1361 0.39925912540657754
22.1373 0.3992139501264908
22.13851 0.3991235995663173
22.13972 0.3990784242862306
22.14093 0.3989880737260571
22.14213 0.39894289844597036
22.14334 0.3988977231658836
22.14455 0.39880737260571014
22.14575 0.3987621973256234
22.14696 0.3987170220455367
22.14817 0.3986718467654499
22.14937 0.3986266714853632
22.15058 0.3985814962052765
22.15179 0.39853632092518976
22.15299 0.39853632092518976
22.1542 0.39849114564510296
22.15541 0.3984459703650163
22.15661 0.3984459703650163
22.15782 0.39840079508492954
22.15903 0.39840079508492954
22.16023 0.39840079508492954
22.16144 0.39835561980484274
22.16265 0.39835561980484274
22.16386 0.39835561980484274
22.16506 0.39835561980484274
22.16627 0.39835561980484274
22.16748 0.39835561980484274
22.16868 0.39835561980484274
22.16989 0.39835561980484274
22.1711 0.39840079508492954
22.1723 0.39840079508492954
22.17351 0.39840079508492954
22.17472 0.3984459703650163
22.17592 0.3984459703650163
22.17713 0.39849114564510296
22.17834 0.39849114564510296
22.17954 0.39853632092518976
22.18075 0.3985814962052765
22.18196 0.3986266714853632
22.18316 0.3986266714853632
22.18437 0.3986718467654499
22.18558 0.3987170220455367
22.18678 0.3987621973256234
22.18799 0.3988525478857969
22.1892 0.3988977231658836
22.19041 0.39894289844597036
22.19161 0.3989880737260571
22.19282 0.3990784242862306
22.19403 0.3991235995663173
22.19523 0.399168774846404
22.19644 0.39925912540657754
22.19765 0.399349475966751
22.19885 0.39939465124683776
22.20006 0.3994850018070112
22.20127 0.39957535236718467
22.20247 0.3996205276472714
22.20368 0.3997108782074449
22.20489 0.3998012287676183
22.20609 0.39989157932779185
22.2073 0.40002710516805207
22.20851 0.4001174557282255
22.20971 0.4002529815684857
22.21092 0.4003433321286592
22.21213 0.4004788579689194
22.21333 0.4006143838091796
22.21454 0.4007499096494398
22.21575 0.40093061076978675
22.21696 0.401066136610047
22.21816 0.4012016624503072
22.21937 0.40138236357065415
22.22058 0.40156306469100106
22.22178 0.4016985905312613
22.22299 0.40187929165160824
22.2242 0.40205999277195514
22.2254 0.40219551861221536
22.22661 0.4023762197325623
22.22782 0.4025569208529093
22.22902 0.4027376219732562
22.23023 0.4029183230936032
22.23144 0.40305384893386337
22.23264 0.4032345500542104
22.23385 0.4034152511745573
22.23506 0.4035507770148175
22.23626 0.40373147813516447
22.23747 0.40391217925551137
22.23868 0.4040477050957716
22.23988 0.40418323093603176
22.24109 0.40436393205637877
22.2423 0.40449945789663894
22.24351 0.40463498373689916
22.24471 0.4047705095771594
22.24592 0.40486086013733286
22.24713 0.404996385977593
22.24833 0.40513191181785324
22.24954 0.4052222623780268
22.25075 0.4053126129382002
22.25195 0.4054029634983737
22.25316 0.4054933140585472
22.25437 0.4055384893386339
22.25557 0.4056288398988073
22.25678 0.40571919045898086
22.25799 0.4058095410191543
22.25919 0.40589989157932777
22.2604 0.4059902421395013
22.26161 0.4060805926996747
22.26281 0.40612576797976147
22.26402 0.40621611853993495
22.26523 0.4063064691001084
22.26643 0.4063968196602819
22.26764 0.4064419949403686
22.26885 0.4065323455005421
22.27006 0.4065775207806288
22.27126 0.40666787134080234
22.27247 0.40671304662088903
22.27368 0.40675822190097577
22.27488 0.40680339718106256
22.27609 0.40684857246114925
22.2773 0.406893747741236
22.2785 0.4069389230213227
22.27971 0.40698409830140947
22.28092 0.40698409830140947
22.28212 0.40698409830140947
22.28333 0.4070292735814962
22.28454 0.4070292735814962
22.28574 0.40698409830140947
22.28695 0.40698409830140947
22.28816 0.4069389230213227
22.28936 0.406893747741236
22.29057 0.40684857246114925
22.29178 0.40680339718106256
22.29298 0.40675822190097577
22.29419 0.40666787134080234
22.2954 0.4065775207806288
22.29661 0.4064871702204554
22.29781 0.40635164438019516
22.29902 0.40621611853993495
22.30023 0.4060805926996747
22.30143 0.4059450668594145
22.30264 0.40576436573906755
22.30385 0.40558366461872064
22.30505 0.4054029634983737
22.30626 0.40517708709794004
22.30747 0.40495121069750634
22.30867 0.40472533429707264
22.30988 0.40449945789663894
22.31109 0.40422840621611855
22.31229 0.4039573545355981
22.3135 0.40368630285507767
22.31471 0.4034152511745573
22.31591 0.40309902421395016
22.31712 0.4028279725334297
22.31833 0.40251174557282254
22.31953 0.40219551861221536
22.32074 0.40187929165160824
22.32195 0.40156306469100106
22.32316 0.4012016624503072
22.32436 0.4008854354897
22.32557 0.40052403324900615
22.32678 0.4001626310083123
22.32798 0.3998012287676183
22.32919 0.39943982652692445
22.3304 0.3990784242862306
22.3316 0.3987170220455367
22.33281 0.39835561980484274
22.33402 0.3979942175641489
22.33522 0.397632815323455
22.33643 0.39727141308276115
22.33764 0.3969100108420672
22.33884 0.3965486086013733
22.34005 0.39618720636067944
22.34126 0.3958258041199856
22.34246 0.39546440187929166
22.34367 0.39510299963859774
22.34488 0.3947415973979039
22.34608 0.39438019515721
22.34729 0.3940187929165161
22.3485 0.39370256595590897
22.34971 0.393341163715215
22.35091 0.3929797614745211
22.35212 0.39261835923382726
22.35333 0.3922117817130466
22.35453 0.39185037947235274
22.35574 0.39144380195157213
22.35695 0.3910372244307915
22.35815 0.39063064691001087
22.35936 0.3902240693892302
22.36057 0.3897723165883628
22.36177 0.3893657390675822
22.36298 0.38895916154680155
22.36419 0.3885074087459342
22.36539 0.38805565594506686
22.3666 0.3876490784242862
22.36781 0.38719732562341885
22.36901 0.38679074810263825
22.37022 0.38633899530177085
22.37143 0.38593241778099024
22.37263 0.3854806649801229
22.37384 0.38507408745934224
22.37505 0.38466750993856164
22.37626 0.38421575713769424
22.37746 0.3838091796169136
22.37867 0.38340260209613297
22.37988 0.3830411998554391
22.38108 0.38263462233465845
22.38229 0.3822732200939646
22.3835 0.3819118178532707
22.3847 0.38155041561257674
22.38591 0.3811890133718829
22.38712 0.38087278641127575
22.38832 0.3805565594506686
22.38953 0.3802403324900614
22.39074 0.37992410552945427
22.39194 0.3796530538489339
22.39315 0.37942717744850013
22.39436 0.3791561257679798
22.39556 0.37893024936754605
22.39677 0.3787043729671124
22.39798 0.37852367184676544
22.39919 0.37834297072641854
22.40039 0.3781622696060716
22.4016 0.37798156848572456
22.40281 0.37780086736537766
22.40401 0.37766534152511744
22.40522 0.3774846404047705
22.40643 0.37734911456451026
22.40763 0.3772135887242501
22.40884 0.3771232381640766
22.41005 0.3769877123238164
22.41125 0.37689736176364297
22.41246 0.37676183592338275
22.41367 0.3766714853632092
22.41487 0.3765811348030358
22.41608 0.376535959522949
22.41729 0.37644560896277557
22.41849 0.37640043368268883
22.4197 0.3763552584026021
22.42091 0.37631008312251535
22.42211 0.3762649078424286
22.42332 0.3762649078424286
22.42453 0.3762649078424286
22.42574 0.3762649078424286
22.42694 0.3762649078424286
22.42815 0.3762649078424286
22.42936 0.37631008312251535
22.43056 0.37631008312251535
22.43177 0.3763552584026021
22.43298 0.37640043368268883
22.43418 0.3764907842428623
22.43539 0.376535959522949
22.4366 0.37662631008312253
22.4378 0.376716660643296
22.43901 0.37680701120346943
22.44022 0.37694253704372965
22.44142 0.3770328876039032
22.44263 0.37716841344416335
22.44384 0.3773039392844236
22.44504 0.3774846404047705
22.44625 0.3776201662450307
22.44746 0.37780086736537766
22.44866 0.37798156848572456
22.44987 0.3782074448861583
22.45108 0.3783881460065052
22.45229 0.37865919768702566
22.45349 0.37888507408745936
22.4547 0.379110950487893
22.45591 0.37938200216841345
22.45711 0.3796530538489339
22.45832 0.379969280809541
22.45953 0.3802403324900614
22.46073 0.3805565594506686
22.46194 0.38087278641127575
22.46315 0.3811890133718829
22.46435 0.38155041561257674
22.46556 0.3818666425731839
22.46677 0.38222804481387784
22.46797 0.38258944705457176
22.46918 0.3829508492952656
22.47039 0.3833122515359595
22.47159 0.3836736537766534
22.4728 0.384080231297434
22.47401 0.38444163353812794
22.47521 0.3848482110589086
22.47642 0.38525478857968914
22.47763 0.3856613661004698
22.47884 0.3860227683411637
22.48004 0.3864293458619444
22.48125 0.3868810986628117
22.48246 0.38728767618359233
22.48366 0.38769425370437294
22.48487 0.3881008312251536
22.48608 0.3885074087459342
22.48728 0.38891398626671486
22.48849 0.3893657390675822
22.4897 0.3897723165883628
22.4909 0.39017889410914347
22.49211 0.3905854716299241
22.49332 0.39099204915070473
22.49452 0.39139862667148534
22.49573 0.39185037947235274
22.49694 0.3922569569931334
22.49814 0.3927087097940007
22.49935 0.39311528731478135
22.50056 0.39356704011564875
22.50176 0.3940187929165161
22.50297 0.39447054571738344
22.50418 0.3949674737983375
22.50539 0.3954192265992049
22.50659 0.395916154680159
22.5078 0.39636790748102635
22.50901 0.3968648355619805
22.51021 0.39731658836284783
22.51142 0.397813516443802
22.51263 0.39831044452475606
22.51383 0.39880737260571014
22.51504 0.3993043006866642
22.51625 0.3998012287676183
22.51745 0.40029815684857245
22.51866 0.40079508492952653
22.51987 0.4013371882905674
22.52107 0.4018341163715215
22.52228 0.4023310444524756
22.52349 0.4028279725334297
22.52469 0.4033249006143838
22.5259 0.40386700397542463
22.52711 0.40436393205637877
22.52831 0.40486086013733286
22.52952 0.405357788218287
22.53073 0.4058547162992411
22.53194 0.40635164438019516
22.53314 0.40684857246114925
22.53435 0.40734550054210333
22.53556 0.4078424286230575
22.53676 0.40833935670401156
22.53797 0.40883628478496564
22.53918 0.4093332128659197
22.54038 0.4097849656667871
22.54159 0.4102818937477412
22.5428 0.4107336465486086
22.544 0.4112305746295627
22.54521 0.4116823274304301
22.54642 0.4121792555113842
22.54762 0.41267618359233826
22.54883 0.41317311167329235
22.55004 0.41362486447415975
22.55124 0.41412179255511383
22.55245 0.4146187206360679
22.55366 0.41511564871702206
22.55486 0.41561257679797614
22.55607 0.4161095048789302
22.55728 0.4166064329598843
22.55849 0.41710336104083845
22.55969 0.41760028912179253
22.5609 0.4180972172027466
22.56211 0.418548970003614
22.56331 0.4190458980845681
22.56452 0.4195428261655222
22.56573 0.42003975424647627
22.56693 0.42053668232743047
22.56814 0.42098843512829776
22.56935 0.4214853632092519
22.57055 0.42193711601011924
22.57176 0.4224340440910733
22.57297 0.4228857968919407
22.57417 0.4233375496928081
22.57538 0.42378930249367547
22.57659 0.4242410552945428
22.57779 0.42469280809541016
22.579 0.42514456089627756
22.58021 0.42559631369714496
22.58141 0.4260028912179255
22.58262 0.42640946873870617
22.58383 0.42681604625948677
22.58504 0.42722262378026743
22.58624 0.42762920130104803
22.58745 0.4280357788218287
22.58866 0.42839718106252256
22.58986 0.4287585833032165
22.59107 0.4291199855439104
22.59228 0.42948138778460426
22.59348 0.4298427900252981
22.59469 0.4301590169859053
22.5959 0.43052041922659917
22.5971 0.43088182146729315
22.59831 0.4311980484279002
22.59952 0.4315142753885074
22.60072 0.4318756776292013
22.60193 0.4321919045898085
22.60314 0.4325081315504156
22.60434 0.4328243585110228
22.60555 0.43314058547163
22.60676 0.43345681243223705
22.60797 0.4337278641127575
22.60917 0.43404409107336467
22.61038 0.4343151427538851
22.61159 0.43463136971449223
22.61279 0.4349024213950126
22.614 0.43517347307553306
22.61521 0.4354445247560535
22.61641 0.4357155764365739
22.61762 0.4359414528370076
22.61883 0.436212504517528
22.62003 0.4364383809179617
22.62124 0.43666425731839537
22.62245 0.43689013371882907
22.62365 0.4371160101192627
22.62486 0.43729671123960967
22.62607 0.43752258764004337
22.62727 0.43770328876039033
22.62848 0.4378839898807373
22.62969 0.4380646910010842
22.63089 0.43824539212143115
22.6321 0.4383809179616914
22.63331 0.4385164438019516
22.63452 0.4386519696422118
22.63572 0.438787495482472
22.63693 0.43887784604264546
22.63814 0.4390133718829057
22.63934 0.4391037224430791
22.64055 0.43919407300325264
22.64176 0.4392392482833393
22.64296 0.43928442356342606
22.64417 0.43932959884351286
22.64538 0.43937477412359954
22.64658 0.43937477412359954
22.64779 0.4394199494036863
22.649 0.43937477412359954
22.6502 0.43937477412359954
22.65141 0.43937477412359954
22.65262 0.43932959884351286
22.65382 0.43928442356342606
22.65503 0.43919407300325264
22.65624 0.4391488977231659
22.65744 0.4390585471629924
22.65865 0.4390133718829057
22.65986 0.4389230213227322
22.66107 0.438787495482472
22.66227 0.4386971449222985
22.66348 0.438606794362125
22.66469 0.4384712685218648
22.66589 0.43833574268160463
22.6671 0.4382002168413444
22.66831 0.4380646910010842
22.66951 0.437929165160824
22.67072 0.43779363932056375
22.67193 0.43765811348030353
22.67313 0.43747741235995663
22.67434 0.4373418865196964
22.67555 0.43716118539934945
22.67675 0.4370256595590893
22.67796 0.43684495843874227
22.67917 0.43670943259848216
22.68037 0.43652873147813515
22.68158 0.4363480303577882
22.68279 0.4361673292374413
22.68399 0.43603180339718106
22.6852 0.4358511022768341
22.68641 0.43567040115648714
22.68762 0.43548970003614024
22.68882 0.43535417419588
22.69003 0.43517347307553306
22.69124 0.4349927719551861
22.69244 0.4348572461149259
22.69365 0.434676544994579
22.69486 0.43445066859414533
22.69606 0.4342699674737983
22.69727 0.43404409107336467
22.69848 0.4338633899530177
22.69968 0.43363751355258406
22.70089 0.4334116371521503
22.7021 0.43318576075171666
22.7033 0.43295988435128296
22.70451 0.4326888326707626
22.70572 0.4324629562703289
22.70692 0.4322370798698952
22.70813 0.43196602818937474
22.70934 0.43169497650885436
22.71054 0.43146910010842066
22.71175 0.4311980484279002
22.71296 0.43092699674737983
22.71417 0.43070112034694613
22.71537 0.43043006866642575
22.71658 0.4301590169859053
22.71779 0.42988796530538487
22.71899 0.4296620889049512
22.7202 0.4293910372244308
22.72141 0.4291199855439104
22.72261 0.4288941091434767
22.72382 0.4286230574629563
22.72503 0.42839718106252256
22.72623 0.4281261293820021
22.72744 0.4279002529815685
22.72865 0.42767437658113483
22.72985 0.4274485001807011
22.73106 0.42722262378026743
22.73227 0.4269967473798338
22.73347 0.42681604625948677
22.73468 0.4265901698590531
22.73589 0.42640946873870617
22.73709 0.42622876761835926
22.7383 0.4260480664980123
22.73951 0.42586736537766534
22.74072 0.4256866642573184
22.74192 0.4255511384170582
22.74313 0.4253704372967112
22.74434 0.42523491145645104
22.74554 0.4250542103361041
22.74675 0.4248735092157571
22.74796 0.42473798337549695
22.74916 0.42455728225514994
22.75037 0.42437658113480303
22.75158 0.4242410552945428
22.75278 0.42406035417419585
22.75399 0.4239248283339357
22.7552 0.4237441272135887
22.7564 0.42360860137332856
22.75761 0.42347307553306834
22.75882 0.4233375496928081
22.76002 0.42315684857246116
22.76123 0.42302132273220094
22.76244 0.4228857968919407
22.76364 0.4227954463317673
22.76485 0.4226599204915071
22.76606 0.42252439465124686
22.76727 0.4224340440910733
22.76847 0.4222985182508131
22.76968 0.4222081676906397
22.77089 0.4221178171304662
22.77209 0.4220274665702927
22.7733 0.42198229129020604
22.77451 0.4218919407300325
22.77571 0.4218467654499458
22.77692 0.421801590169859
22.77813 0.42175641488977234
22.77933 0.4217112396096856
22.78054 0.4217112396096856
22.78175 0.4217112396096856
22.78295 0.4217112396096856
22.78416 0.4217112396096856
22.78537 0.42175641488977234
22.78657 0.42175641488977234
22.78778 0.421801590169859
22.78899 0.4218919407300325
22.79019 0.42193711601011924
22.7914 0.4220274665702927
22.79261 0.4221178171304662
22.79382 0.4222081676906397
22.79502 0.4222985182508131
22.79623 0.4224340440910733
22.79744 0.42252439465124686
22.79864 0.4226147452114203
22.79985 0.4227502710516805
22.80106 0.422840621611854
22.80226 0.4229761474521142
22.80347 0.42311167329237437
22.80468 0.4232471991326346
22.80588 0.4233827249728948
22.80709 0.42356342609324177
22.8083 0.423698951933502
22.8095 0.4238796530538489
22.81071 0.42406035417419585
22.81192 0.4242410552945428
22.81312 0.4244669316949765
22.81433 0.4246476328153235
22.81554 0.4248735092157571
22.81675 0.4250993856161908
22.81795 0.4253704372967112
22.81916 0.42564148897723164
22.82037 0.4259125406577521
22.82157 0.42618359233827247
22.82278 0.4264546440187929
22.82399 0.4267708709794001
22.82519 0.4270870979400072
22.8264 0.4274485001807011
22.82761 0.42780990242139505
22.82881 0.4281713046620889
22.83002 0.4285778821828695
22.83123 0.4289844597036502
22.83243 0.4293910372244308
22.83364 0.4298427900252981
22.83485 0.4302945428261655
22.83605 0.4307462956270329
22.83726 0.431243223707987
22.83847 0.43178532706902784
22.83967 0.4322822551499819
22.84088 0.43286953379110954
22.84209 0.4334116371521503
22.8433 0.43404409107336467
22.8445 0.434676544994579
22.84571 0.4353089989157933
22.84692 0.4359866281170943
22.84812 0.43670943259848216
22.84933 0.4374322370798699
22.85054 0.4382002168413444
22.85174 0.43896819660281894
22.85295 0.43973617636429346
22.85416 0.44054933140585467
22.85536 0.44136248644741594
22.85657 0.4421756414889772
22.85778 0.44303397181062526
22.85898 0.4438923021322732
22.86019 0.44479580773400795
22.8614 0.44569931333574264
22.8626 0.44660281893747744
22.86381 0.44750632453921213
22.86502 0.4484098301409469
22.86622 0.44935851102276836
22.86743 0.45026201662450305
22.86864 0.45121069750632453
22.86985 0.452159378388146
22.87105 0.4531080592699675
22.87226 0.45405674015178893
22.87347 0.45505059631369715
22.87467 0.45599927719551864
22.87588 0.4569479580773401
22.87709 0.45789663895916155
22.87829 0.4588904951210698
22.8795 0.45983917600289126
22.88071 0.46078785688471263
22.88191 0.4617365377665341
22.88312 0.4626852186483556
22.88433 0.46358872425009034
22.88553 0.46453740513191183
22.88674 0.4654409107336465
22.88795 0.46634441633538126
22.88915 0.467247921937116
22.89036 0.46815142753885075
22.89157 0.4690097578604987
22.89277 0.46991326346223344
22.89398 0.47086194434405493
22.89519 0.4718106252258764
22.8964 0.4727593061076979
22.8976 0.47375316226960607
22.89881 0.4747470184315143
22.90002 0.4757860498735092
22.90122 0.47682508131550416
22.90243 0.47786411275749907
22.90364 0.478903144199494
22.90484 0.4799873509215757
22.90605 0.4810715576436574
22.90726 0.4821105890856523
22.90846 0.483194795807734
22.90967 0.4842790025298157
22.91088 0.48536320925189735
22.91208 0.4864022406938923
22.91329 0.487486447415974
22.9145 0.48852547885796893
22.9157 0.48956451029996384
22.91691 0.4906035417419588
22.91812 0.4916425731839537
22.91932 0.49263642934586194
22.92053 0.49363028550777016
22.92174 0.4945789663895916
22.92295 0.4955276472714131
22.92415 0.49647632815323456
22.92536 0.4973798337549693
22.92657 0.49823816407661725
22.92777 0.4990513191181785
22.92898 0.4998644741597398
22.93019 0.500677629201301
22.93139 0.5014004336826888
22.9326 0.5021232381640766
22.93381 0.5027556920852909
22.93501 0.5033881460065053
22.93622 0.5039754246476328
22.93743 0.5045175280086737
22.93863 0.5050144560896278
22.93984 0.5054662088904951
22.94105 0.5058727864112758
22.94225 0.5061890133718829
22.94346 0.50650524033249
22.94467 0.5067762920130104
22.94587 0.5070473436935309
22.94708 0.5072732200939646
22.94829 0.5074539212143115
22.9495 0.5075894470545718
22.9507 0.507724972894832
22.95191 0.5078153234550054
22.95312 0.5078604987350922
22.95432 0.5079056740151789
22.95553 0.5079056740151789
22.95674 0.5079056740151789
22.95794 0.5078604987350922
22.95915 0.5077701481749187
22.96036 0.5076797976147451
22.96156 0.507544271774485
22.96277 0.5074087459342248
22.96398 0.5072280448138778
22.96518 0.5070473436935309
22.96639 0.5068214672930972
22.9676 0.5065955908926636
22.9688 0.5063245392121432
22.97001 0.5060534875316227
22.97122 0.5057372605710155
22.97242 0.5054210336104084
22.97363 0.5050596313697144
22.97484 0.5046982291290206
22.97605 0.50429165160824
22.97725 0.5038850740874593
22.97846 0.5034784965666786
22.97967 0.5030267437658114
22.98087 0.502574990964944
22.98208 0.5020780628839899
22.98329 0.5015811348030358
22.98449 0.5010842067220816
22.9857 0.5005872786411276
22.98691 0.5000451752800867
22.98811 0.4994578966389592
22.98932 0.4989157932779183
22.99053 0.4983285146367908
22.99173 0.49774123599566317
22.99294 0.49710878207444886
22.99415 0.49647632815323456
22.99535 0.4957986989519335
22.99656 0.49507589447054573
22.99777 0.4943079147090712
22.99897 0.49349475966750994
23.00018 0.49263642934586194
23.00139 0.49177809902421393
23.0026 0.49087459342247924
23.0038 0.48992591254065776
23.00501 0.4889320563787496
23.00622 0.4879382002168413
23.00742 0.48694434405493314
23.00863 0.48590531261293823
23.00984 0.48482110589085653
23.01104 0.4837368991687748
23.01225 0.4826526924466932
23.01346 0.4815233104445248
23.01466 0.48039392844235634
23.01587 0.47926454644018796
23.01708 0.4781351644380195
23.01828 0.4769606071557643
23.01949 0.47583122515359594
23.0207 0.4746566678713408
23.0219 0.4734821105890856
23.02311 0.47235272858691724
23.02432 0.4711781713046621
23.02553 0.47004878930249366
23.02673 0.4689194073003253
23.02794 0.4677900252981569
23.02915 0.46666064329598844
23.03035 0.46553126129382005
23.03156 0.46444705457173835
23.03277 0.46336284784965664
23.03397 0.46232381640766174
23.03518 0.4612847849656668
23.03639 0.46029092880375855
23.03759 0.4592970726418504
23.0388 0.4583483917600289
23.04001 0.45739971087820747
23.04121 0.4564962052764727
23.04242 0.4556378749548247
23.04363 0.4547795446331767
23.04483 0.45401156487170224
23.04604 0.453198409830141
23.04725 0.4523852547885797
23.04845 0.4516172750271052
23.04966 0.4508041199855439
23.05087 0.4500361402240694
23.05208 0.4492681604625948
23.05328 0.4485001807011203
23.05449 0.44777737621973257
23.0557 0.44700939645825805
23.0569 0.44628659197687026
23.05811 0.4455637874954824
23.05932 0.4448409830140947
23.06052 0.44411817853270685
23.06173 0.44344054933140586
23.06294 0.4427177448500181
23.06414 0.44204011564871704
23.06535 0.44136248644741594
23.06656 0.44073003252620163
23.06776 0.4400524033249006
23.06897 0.4394199494036863
23.07018 0.438787495482472
23.07138 0.43815504156125773
23.07259 0.4375677629201301
23.0738 0.4369353089989158
23.075 0.4363480303577882
23.07621 0.43580592699674736
23.07742 0.4352186483556198
23.07863 0.434676544994579
23.07983 0.43413444163353815
23.08104 0.43359233827249727
23.08225 0.4330954101915432
23.08345 0.43255330683050236
23.08466 0.4320563787495483
23.08587 0.4316046259486809
23.08707 0.4311076978677268
23.08828 0.4306559450668594
23.08949 0.4302493675460788
23.09069 0.42979761474521144
23.0919 0.4293910372244308
23.09311 0.4289844597036502
23.09431 0.4286230574629563
23.09552 0.42821647994217565
23.09673 0.4279002529815685
23.09793 0.4275388507408746
23.09914 0.42722262378026743
23.10035 0.426951572099747
23.10155 0.4266805204192266
23.10276 0.42640946873870617
23.10397 0.42618359233827247
23.10518 0.4259577159378388
23.10638 0.4257318395374052
23.10759 0.4255511384170582
23.1088 0.4253704372967112
23.11 0.4251897361763643
23.11121 0.4250542103361041
23.11242 0.4249186844958439
23.11362 0.4247831586555837
23.11483 0.4246476328153235
23.11604 0.42455728225514994
23.11724 0.4244217564148898
23.11845 0.4243314058547163
23.11966 0.42428623057462955
23.12086 0.4241958800144561
23.12207 0.42410552945428265
23.12328 0.42406035417419585
23.12448 0.4240151788941091
23.12569 0.42397000361402243
23.1269 0.4239248283339357
23.1281 0.4238796530538489
23.12931 0.4238344777737622
23.13052 0.42378930249367547
23.13173 0.4237441272135887
23.13293 0.423698951933502
23.13414 0.423698951933502
23.13535 0.42365377665341525
23.13655 0.42360860137332856
23.13776 0.42356342609324177
23.13897 0.42351825081315503
23.14017 0.42347307553306834
23.14138 0.42342790025298155
23.14259 0.4233827249728948
23.14379 0.4233375496928081
23.145 0.4232923744127214
23.14621 0.4232020238525479
23.14741 0.42315684857246116
23.14862 0.4230664980122877
23.14983 0.42302132273220094
23.15103 0.4229761474521142
23.15224 0.42293097217202746
23.15345 0.4228857968919407
23.15465 0.422840621611854
23.15586 0.4227954463317673
23.15707 0.4227502710516805
23.15828 0.42270509577159376
23.15948 0.42270509577159376
23.16069 0.4226599204915071
23.1619 0.4226147452114203
23.1631 0.4226147452114203
23.16431 0.42256956993133354
23.16552 0.42256956993133354
23.16672 0.42256956993133354
23.16793 0.42252439465124686
23.16914 0.42252439465124686
23.17034 0.42252439465124686
23.17155 0.42252439465124686
23.17276 0.42252439465124686
23.17396 0.4224792193711601
23.17517 0.4224792193711601
23.17638 0.4224792193711601
23.17758 0.4224792193711601
23.17879 0.4224792193711601
23.18 0.4224792193711601
23.1812 0.4224792193711601
23.18241 0.4224792193711601
23.18362 0.4224792193711601
23.18483 0.4224792193711601
23.18603 0.4224340440910733
23.18724 0.4224340440910733
23.18845 0.4224340440910733
23.18965 0.4224340440910733
23.19086 0.4224340440910733
23.19207 0.42238886881098664
23.19327 0.42238886881098664
23.19448 0.42238886881098664
23.19569 0.4223436935308999
23.19689 0.4223436935308999
23.1981 0.4222985182508131
23.19931 0.4222533429707264
23.20051 0.4222533429707264
23.20172 0.4222081676906397
23.20293 0.4222081676906397
23.20413 0.42216299241055294
23.20534 0.4221178171304662
23.20655 0.42207264185037946
23.20775 0.42207264185037946
23.20896 0.4220274665702927
23.21017 0.42198229129020604
23.21138 0.42198229129020604
23.21258 0.42193711601011924
23.21379 0.4218919407300325
23.215 0.4218467654499458
23.2162 0.421801590169859
23.21741 0.421801590169859
23.21862 0.42175641488977234
23.21982 0.4217112396096856
23.22103 0.42166606432959886
23.22224 0.42166606432959886
23.22344 0.4216208890495121
23.22465 0.4215757137694254
23.22586 0.42153053848933864
23.22706 0.4214853632092519
23.22827 0.4214853632092519
23.22948 0.42144018792916516
23.23068 0.4213950126490784
23.23189 0.42134983736899173
23.2331 0.42130466208890494
23.23431 0.42130466208890494
23.23551 0.4212594868088182
23.23672 0.4212143115287315
23.23793 0.4212143115287315
23.23913 0.4211691362486447
23.24034 0.421123960968558
23.24155 0.4210787856884713
23.24275 0.4210787856884713
23.24396 0.42103361040838455
23.24517 0.42103361040838455
23.24637 0.42098843512829776
23.24758 0.42094325984821107
23.24879 0.42094325984821107
23.24999 0.42089808456812433
23.2512 0.42089808456812433
23.25241 0.4208529092880376
23.25361 0.42080773400795085
23.25482 0.42080773400795085
23.25603 0.4207625587278641
23.25723 0.42071738344777737
23.25844 0.42067220816769063
23.25965 0.4206270328876039
23.26086 0.42058185760751715
23.26206 0.42049150704734367
23.26327 0.42044633176725693
23.26448 0.42040115648717025
23.26568 0.42035598120708345
23.26689 0.4203108059269967
23.2681 0.42026563064691
23.2693 0.4201752800867365
23.27051 0.4201301048066498
23.27172 0.42008492952656307
23.27292 0.42003975424647627
23.27413 0.4199945789663896
23.27534 0.41994940368630285
23.27654 0.41990422840621616
23.27775 0.41985905312612937
23.27896 0.4198138778460426
23.28016 0.4198138778460426
23.28137 0.41976870256595594
23.28258 0.4197235272858692
23.28378 0.4197235272858692
23.28499 0.4197235272858692
23.2862 0.4197235272858692
23.28741 0.4196783520057824
23.28861 0.4196783520057824
23.28982 0.4197235272858692
23.29103 0.4197235272858692
23.29223 0.4197235272858692
23.29344 0.41976870256595594
23.29465 0.4198138778460426
23.29585 0.41985905312612937
23.29706 0.41990422840621616
23.29827 0.4199945789663896
23.29947 0.42003975424647627
23.30068 0.4201301048066498
23.30189 0.4202204553668233
23.30309 0.4203108059269967
23.3043 0.42044633176725693
23.30551 0.42053668232743047
23.30671 0.42067220816769063
23.30792 0.4207625587278641
23.30913 0.42089808456812433
23.31033 0.42103361040838455
23.31154 0.4211691362486447
23.31275 0.42130466208890494
23.31396 0.42144018792916516
23.31516 0.4215757137694254
23.31637 0.42175641488977234
23.31758 0.4218919407300325
23.31878 0.42207264185037946
23.31999 0.4222081676906397
23.3212 0.42238886881098664
23.3224 0.42256956993133354
23.32361 0.4227502710516805
23.32482 0.4229761474521142
23.32602 0.42315684857246116
23.32723 0.4233375496928081
23.32844 0.42356342609324177
23.32964 0.42378930249367547
23.33085 0.4240151788941091
23.33206 0.4242410552945428
23.33326 0.4244669316949765
23.33447 0.42469280809541016
23.33568 0.4249186844958439
23.33688 0.4251897361763643
23.33809 0.42546078785688474
23.3393 0.4256866642573184
23.34051 0.4259577159378388
23.34171 0.42627394289844595
23.34292 0.4265449945789664
23.34413 0.42681604625948677
23.34533 0.42713227322009395
23.34654 0.4274485001807011
23.34775 0.4277195518612215
23.34895 0.4280357788218287
23.35016 0.42839718106252256
23.35137 0.42871340802312974
23.35257 0.4290748102638236
23.35378 0.4293910372244308
23.35499 0.4297524394651247
23.35619 0.43011384170581857
23.3574 0.4304752439465125
23.35861 0.43088182146729315
23.35981 0.4312883989880737
23.36102 0.43169497650885436
23.36223 0.43210155402963496
23.36343 0.43255330683050236
23.36464 0.43300505963136976
23.36585 0.43345681243223705
23.36706 0.43390856523310445
23.36826 0.43440549331405853
23.36947 0.4348572461149259
23.37068 0.43535417419588
23.37188 0.4358511022768341
23.37309 0.4363480303577882
23.3743 0.43684495843874227
23.3755 0.4373418865196964
23.37671 0.4378839898807373
23.37792 0.4383809179616914
23.37912 0.4389230213227322
23.38033 0.4394651246837731
23.38154 0.4400072280448139
23.38274 0.44054933140585467
23.38395 0.44109143476689555
23.38516 0.4416335381279364
23.38636 0.4421756414889772
23.38757 0.4427177448500181
23.38878 0.4432598482110589
23.38998 0.44380195157209973
23.39119 0.4443440549331406
23.3924 0.44488615829418143
23.39361 0.4454282616552222
23.39481 0.4459703650162631
23.39602 0.4465124683773039
23.39723 0.4470545717383448
23.39843 0.4475966750993856
23.39964 0.44813877846042643
23.40085 0.4486357065413805
23.40205 0.4491778099024214
23.40326 0.4496747379833755
23.40447 0.4502168413444163
23.40567 0.45071376942537045
23.40688 0.45121069750632453
23.40809 0.4517076255872786
23.40929 0.4522045536682327
23.4105 0.45270148174918684
23.41171 0.45324358511022766
23.41291 0.4537405131911818
23.41412 0.4542374412721359
23.41533 0.4547795446331767
23.41653 0.4553216479942176
23.41774 0.4558185760751717
23.41895 0.4563606794362125
23.42016 0.4569027827972533
23.42136 0.4574448861582942
23.42257 0.45798698951933503
23.42378 0.4584839176002891
23.42498 0.45902602096133
23.42619 0.4595681243223708
23.4274 0.46011022768341164
23.4286 0.4606523310444525
23.42981 0.4611944344054933
23.43102 0.4617365377665341
23.43222 0.4622334658474882
23.43343 0.4627755692085291
23.43464 0.4633176725695699
23.43584 0.46381460065052404
23.43705 0.4643567040115649
23.43826 0.464853632092519
23.43946 0.4653505601734731
23.44067 0.4658474882544272
23.44188 0.46634441633538126
23.44309 0.4668413444163354
23.44429 0.4673382724972895
23.4455 0.4677900252981569
23.44671 0.46828695337911097
23.44791 0.4687387061799783
23.44912 0.46919045898084566
23.45033 0.469642211781713
23.45153 0.4700939645825804
23.45274 0.47050054210336106
23.45395 0.47090711962414167
23.45515 0.47131369714492233
23.45636 0.47172027466570293
23.45757 0.4721268521864836
23.45877 0.47248825442717746
23.45998 0.4728496566678713
23.46119 0.4732110589085652
23.46239 0.47352728586917237
23.4636 0.47388868810986623
23.46481 0.4742049150704734
23.46601 0.47456631731116733
23.46722 0.4748825442717745
23.46843 0.4751987712323817
23.46964 0.4755149981929888
23.47084 0.47583122515359594
23.47205 0.47614745211420306
23.47326 0.4764185037947235
23.47446 0.4767347307553307
23.47567 0.4770057824358511
23.47688 0.47732200939645825
23.47808 0.47759306107697863
23.47929 0.47786411275749907
23.4805 0.4781351644380195
23.4817 0.4784062161185399
23.48291 0.47863209251897365
23.48412 0.478903144199494
23.48532 0.47912902059992774
23.48653 0.4793548970003614
23.48774 0.4795807734007951
23.48894 0.4798066498012288
23.49015 0.4799873509215757
23.49136 0.48021322732200944
23.49256 0.48039392844235634
23.49377 0.4805746295627033
23.49498 0.4807553306830502
23.49619 0.48089085652331043
23.49739 0.4810715576436574
23.4986 0.4812070834839176
23.49981 0.48134260932417783
23.50101 0.48143295988435125
23.50222 0.4815684857246115
23.50343 0.481658836284785
23.50463 0.48174918684495843
23.50584 0.4818395374051319
23.50705 0.48188471268521865
23.50825 0.4819750632453921
23.50946 0.4820202385254789
23.51067 0.4820202385254789
23.51187 0.4820654138055656
23.51308 0.4820654138055656
23.51429 0.4820654138055656
23.51549 0.4820202385254789
23.5167 0.4820202385254789
23.51791 0.4819750632453921
23.51911 0.48188471268521865
23.52032 0.4818395374051319
23.52153 0.48174918684495843
23.52274 0.4816136610046982
23.52394 0.4815233104445248
23.52515 0.48138778460426457
23.52636 0.48125225876400435
23.52756 0.48111673292374413
23.52877 0.48093603180339717
23.52998 0.48080050596313695
23.53118 0.48061980484279
23.53239 0.4804391037224431
23.5336 0.48021322732200944
23.5348 0.4800325262016624
23.53601 0.4798066498012288
23.53722 0.4795807734007951
23.53842 0.4793548970003614
23.53963 0.47912902059992774
23.54084 0.4788579689194073
23.54204 0.47863209251897365
23.54325 0.4783610408384532
23.54446 0.47808998915793277
23.54566 0.4778189374774124
23.54687 0.47754788579689195
23.54808 0.4772768341163715
23.54929 0.4769606071557643
23.55049 0.47668955547524394
23.5517 0.4764185037947235
23.55291 0.4761022768341164
23.55411 0.47583122515359594
23.55532 0.4755149981929888
23.55653 0.4751987712323817
23.55773 0.47492771955186125
23.55894 0.47461149259125407
23.56015 0.4742952656306469
23.56135 0.47397903867003977
23.56256 0.4737079869895193
23.56377 0.47339176002891215
23.56497 0.47307553306830497
23.56618 0.4727593061076979
23.56739 0.47248825442717746
23.56859 0.4721720274665703
23.5698 0.47185580050596315
23.57101 0.4714943982652693
23.57221 0.4711329960245753
23.57342 0.47077159378388145
23.57463 0.4704101915431876
23.57584 0.4700036140224069
23.57704 0.4695970365016263
23.57825 0.46919045898084566
23.57946 0.46878388146006505
23.58066 0.46833212865919766
23.58187 0.4679255511384171
23.58308 0.4674737983375497
23.58428 0.4670220455366823
23.58549 0.46657029273581496
23.5867 0.46611853993494756
23.5879 0.4656667871340803
23.58911 0.4652150343332129
23.59032 0.4647181062522588
23.59152 0.4642663534513914
23.59273 0.46381460065052404
23.59394 0.46336284784965664
23.59514 0.4629110950487893
23.59635 0.46245934224792196
23.59756 0.46200758944705456
23.59876 0.4615558366461872
23.59997 0.4611040838453198
23.60118 0.4606975063245392
23.60239 0.46024575352367186
23.60359 0.45983917600289126
23.6048 0.4594325984821106
23.60601 0.4590711962414167
23.60721 0.458664618720636
23.60842 0.45830321647994215
23.60963 0.4579418142392483
23.61083 0.4575804119985544
23.61204 0.45726418503794725
23.61325 0.4569479580773401
23.61445 0.45663173111673294
23.61566 0.4563606794362125
23.61687 0.45608962775569206
23.61807 0.4558637513552584
23.61928 0.4556378749548247
23.62049 0.455411998554391
23.62169 0.45523129743404406
23.6229 0.45505059631369715
23.62411 0.45491507047343693
23.62531 0.45473436935309
23.62652 0.45459884351282975
23.62773 0.45450849295265633
23.62894 0.4543729671123961
23.63014 0.4542374412721359
23.63135 0.4541470907119624
23.63256 0.45405674015178893
23.63376 0.45396638959161545
23.63497 0.4539212143115287
23.63618 0.453876039031442
23.63738 0.4537856884712685
23.63859 0.4537405131911818
23.6398 0.4537405131911818
23.641 0.45369533791109506
23.64221 0.45369533791109506
23.64342 0.45369533791109506
23.64462 0.45369533791109506
23.64583 0.45369533791109506
23.64704 0.45369533791109506
23.64824 0.4537405131911818
23.64945 0.4537856884712685
23.65066 0.45383086375135523
23.65186 0.453876039031442
23.65307 0.4539212143115287
23.65428 0.45396638959161545
23.65549 0.45405674015178893
23.65669 0.4541470907119624
23.6579 0.4542374412721359
23.65911 0.45432779183230937
23.66031 0.45441814239248285
23.66152 0.45450849295265633
23.66273 0.4546440187929165
23.66393 0.45473436935309
23.66514 0.4548698951933502
23.66635 0.4550054210336104
23.66755 0.45514094687387063
23.66876 0.4552764727141308
23.66997 0.4554571738344778
23.67117 0.455592699674738
23.67238 0.4557734007950849
23.67359 0.4559541019154319
23.67479 0.45608962775569206
23.676 0.4562703288760391
23.67721 0.4564962052764727
23.67842 0.45672208167690637
23.67962 0.4569479580773401
23.68083 0.45721900975786045
23.68204 0.4574900614383809
23.68324 0.45776111311890133
23.68445 0.4580773400795085
23.68566 0.4583935670401157
23.68686 0.4587097940007228
23.68807 0.45902602096133
23.68928 0.45938742320202386
23.69048 0.4597488254427177
23.69169 0.46011022768341164
23.6929 0.46047162992410556
23.6941 0.46087820744488617
23.69531 0.4612847849656668
23.69652 0.4616461872063607
23.69772 0.4620527647271413
23.69893 0.46245934224792196
23.70014 0.46286591976870256
23.70134 0.4632724972894832
23.70255 0.4636790748102638
23.70376 0.4640856523310445
23.70497 0.46449222985182503
23.70617 0.4648988073726057
23.70738 0.4653053848933863
23.70859 0.46571196241416696
23.70979 0.4660733646548608
23.711 0.4664799421756415
23.71221 0.4668413444163354
23.71341 0.467247921937116
23.71462 0.4676093241778099
23.71583 0.4679707264185038
23.71703 0.46833212865919766
23.71824 0.46864835561980484
23.71945 0.468964582580412
23.72065 0.46928080954101914
23.72186 0.4695970365016263
23.72307 0.46986808818214676
23.72427 0.47013913986266714
23.72548 0.4704101915431876
23.72669 0.47063606794362123
23.72789 0.47086194434405493
23.7291 0.4710426454644019
23.73031 0.47126852186483553
23.73152 0.4714492229851825
23.73272 0.4716299241055295
23.73393 0.4717654499457896
23.73514 0.4719461510661366
23.73634 0.4721268521864836
23.73755 0.47226237802674376
23.73876 0.472397903867004
23.73996 0.4725786049873509
23.74117 0.4727141308276111
23.74238 0.4728496566678713
23.74358 0.47294000722804486
23.74479 0.47307553306830497
23.746 0.4731658836284785
23.7472 0.4733014094687387
23.74841 0.47339176002891215
23.74962 0.4734821105890856
23.75082 0.47357246114925916
23.75203 0.4736628117094326
23.75324 0.47375316226960607
23.75444 0.4737983375496928
23.75565 0.47384351282977955
23.75686 0.473933863389953
23.75807 0.47397903867003977
23.75927 0.47402421395012645
23.76048 0.47402421395012645
23.76169 0.47406938923021325
23.76289 0.47406938923021325
23.7641 0.4741145645103
23.76531 0.4741145645103
23.76651 0.4741145645103
23.76772 0.4741145645103
23.76893 0.47406938923021325
23.77013 0.47406938923021325
23.77134 0.47402421395012645
23.77255 0.47397903867003977
23.77375 0.473933863389953
23.77496 0.47388868810986623
23.77617 0.47384351282977955
23.77737 0.4737983375496928
23.77858 0.4737079869895193
23.77979 0.47361763642934585
23.78099 0.47352728586917237
23.7822 0.47343693530899894
23.78341 0.4733465847488254
23.78462 0.4732110589085652
23.78582 0.47312070834839176
23.78703 0.4730303577882183
23.78824 0.47289483194795806
23.78944 0.47280448138778464
23.79065 0.4727141308276111
23.79186 0.4726237802674377
23.79306 0.4725334297072642
23.79427 0.4724430791470907
23.79548 0.47235272858691724
23.79668 0.472217202746657
23.79789 0.4721268521864836
23.7991 0.47203650162631006
23.8003 0.47190097578604984
23.80151 0.4717654499457896
23.80272 0.4716750993856162
23.80392 0.47153957354535597
23.80513 0.47135887242500907
23.80634 0.47122334658474885
23.80754 0.47108782074448863
23.80875 0.47090711962414167
23.80996 0.4707264185037947
23.81117 0.47050054210336106
23.81237 0.47031984098301405
23.81358 0.4700939645825804
23.81479 0.46982291290205996
23.81599 0.4695970365016263
23.8172 0.4693259848211059
23.81841 0.4690097578604987
23.81961 0.4686935308998916
23.82082 0.4683773039392844
23.82203 0.46801590169859053
23.82323 0.46765449945789667
23.82444 0.46729309721720275
23.82565 0.4668865196964221
23.82685 0.46643476689555474
23.82806 0.4659830140946874
23.82927 0.4654860860137333
23.83047 0.4649891579327792
23.83168 0.46444705457173835
23.83289 0.4639049512106975
23.83409 0.4633176725695699
23.8353 0.4626852186483556
23.83651 0.4620527647271413
23.83772 0.46137513552584025
23.83892 0.4606523310444525
23.84013 0.4599747018431514
23.84134 0.45925189736176364
23.84254 0.4585742681604626
23.84375 0.45789663895916155
23.84496 0.45721900975786045
23.84616 0.45654138055655946
23.84737 0.4558185760751717
23.84858 0.45514094687387063
23.84978 0.45446331767256953
23.85099 0.4537405131911818
23.8522 0.45301770870979396
23.8534 0.45229490422840624
23.85461 0.4515720997470184
23.85582 0.4508041199855439
23.85702 0.4500361402240694
23.85823 0.44922298518250814
23.85944 0.4484098301409469
23.86064 0.4475514998192989
23.86185 0.44669316949765087
23.86306 0.4457896638959162
23.86427 0.44488615829418143
23.86547 0.44393747741235995
23.86668 0.4429436212504517
23.86789 0.4419045898084568
23.86909 0.44086555836646185
23.8703 0.4397813516443802
23.87151 0.438606794362125
23.87271 0.4374322370798699
23.87392 0.436212504517528
23.87513 0.4349475966750994
23.87633 0.43363751355258406
23.87754 0.4322370798698952
23.87875 0.43083664618720635
23.87995 0.42934586194434404
23.88116 0.42780990242139505
23.88237 0.42622876761835926
23.88357 0.42460245753523673
23.88478 0.4228857968919407
23.88599 0.421123960968558
23.8872 0.4192717744850018
23.8884 0.4173744127213589
23.88961 0.4153867003975425
23.89082 0.4133538127936393
23.89202 0.4112305746295627
23.89323 0.4090169859053126
23.89444 0.40675822190097577
23.89564 0.4044091073364655
23.89685 0.40201481749186846
23.89806 0.39957535236718467
23.89926 0.3970003614022407
23.90047 0.3944253704372967
23.90168 0.39176002891217926
23.90288 0.38900433682688834
23.90409 0.3862486447415974
23.9053 0.38340260209613297
23.9065 0.38051138417058183
23.90771 0.3775298156848573
23.90892 0.3745482471991326
23.91012 0.37147632815323456
23.91133 0.3683592338272497
23.91254 0.36524213950126494
23.91375 0.3620346946151066
23.91495 0.3587820744488616
23.91616 0.35548427900252977
23.91737 0.352186483556198
23.91857 0.3487983375496928
23.91978 0.3454101915431876
23.92099 0.3419768702565956
23.92219 0.33849837368991686
23.9234 0.3349747018431514
23.92461 0.331451029996386
23.92581 0.3278821828695338
23.92702 0.3242681604625948
23.92823 0.32065413805565596
23.92943 0.31699494036863024
23.93064 0.31333574268160463
23.93185 0.30963136971449223
23.93305 0.30592699674737983
23.93426 0.30217744850018075
23.93547 0.29842790025298155
23.93667 0.2946783520057824
23.93788 0.2908836284784966
23.93909 0.2870889049512107
23.9403 0.2832941814239248
23.9415 0.27949945789663894
23.94271 0.2756595590892663
23.94392 0.2718648355619805
23.94512 0.26802493675460787
23.94633 0.26418503794723525
23.94754 0.2603451391398627
23.94874 0.2565504156125768
23.94995 0.2526201662450307
23.95116 0.24859956631731117
23.95236 0.24448861582941814
23.95357 0.24024213950126488
23.95478 0.23595048789302492
23.95598 0.2315684857246115
23.95719 0.22709613299602457
23.9584 0.22257860498735094
23.9596 0.2179707264185038
23.96081 0.21331767256956993
23.96202 0.2085742681604626
23.96322 0.20383086375135526
23.96443 0.1990422840621612
23.96564 0.1942085290928804
23.96685 0.18932959884351283
23.96805 0.18445066859414527
23.96926 0.17957173834477774
23.97047 0.17464763281532344
23.97167 0.16972352728586917
23.97288 0.16484459703650164
23.97409 0.15992049150704735
23.97529 0.15504156125767982
23.9765 0.15016263100831226
23.97771 0.14532887603903144
23.97891 0.14049512106975062
23.98012 0.13570654138055657
23.98133 0.13100831225153597
23.98253 0.12631008312251535
23.98374 0.12170220455366823
23.98495 0.11713950126490785
23.98615 0.11262197325623419
23.98736 0.108194795807734
23.98857 0.1038579689194073
23.98977 0.09956631731116733
23.99098 0.09541019154318757
23.99219 0.09134441633538128
23.9934 0.08736899168774846
23.9946 0.08352909288037585
23.99581 0.07977954463317671
23.99702 0.0761655222262378
23.99822 0.07264185037947235
23.99943 0.06929887965305384
24.00064 0.06604625948680881
24.00184 0.06297434044091073
24.00305 0.06003794723527286
24.00426 0.057282255149981934
24.00546 0.05457173834477774
24.00667 0.051906396819660285
24.00788 0.04928623057462956
24.00908 0.04671123960968558
24.01029 0.044181423924828336
24.0115 0.041696783520057824
24.0127 0.03925731839537405
24.01391 0.03690820383086375
24.01512 0.03460426454644019
24.01632 0.03234550054210336
24.01753 0.03017708709794001
24.01874 0.028053848933863392
24.01995 0.02597578604987351
24.02115 0.0239880737260571
24.02236 0.022045536682327428
24.02357 0.02019335019877123
24.02477 0.01843151427538851
24.02598 0.01671485363209252
24.02719 0.015043368268883268
24.02839 0.013462233465847488
24.0296 0.011971449222985183
24.03081 0.01057101554029635
24.03201 0.009260932417780992
24.03322 0.007996024575352367
24.03443 0.006821467293097218
24.03563 0.0057372605710155405
24.03684 0.004743404409107336
24.03805 0.0038398988073726054
24.03925 0.003026743765811348
24.04046 0.0023039392844235638
24.04167 0.0016714853632092519
24.04287 0.0011293820021684134
24.04408 0.0007228044813877846
24.04529 0.0003614022406938923
24.0465 0.0001355258402602096
24.0477 0.0
24.04891 -4.517528008673654e-05
24.05012 4.517528008673654e-05
24.05132 0.00018070112034694616
24.05253 0.0004969280809541019
24.05374 0.0008583303216479943
24.05494 0.0014004336826888327
24.05615 0.0019877123238164077
24.05736 0.0027556920852909285
24.05856 0.0036140224069389233
24.05977 0.00456270328876039
24.06098 0.005692085290928804
24.06218 0.007002168413444163
24.06339 0.008447777376219733
24.0646 0.010028912179255512
24.0658 0.011790748102638237
24.06701 0.013688109866281172
24.06822 0.015720997470184316
24.06942 0.017934586194434405
24.07063 0.020238525478857967
24.07184 0.022677990603541743
24.07305 0.025207806288398988
24.07425 0.027873147813516443
24.07546 0.03067401517889411
24.07667 0.033565233104445244
24.07787 0.03654680159016986
24.07908 0.039618720636067944
24.08029 0.0427809902421395
24.08149 0.04603361040838453
24.0827 0.04937658113480304
24.08391 0.052764727141308275
24.08511 0.05624322370798698
24.08632 0.05976689555475244
24.08753 0.06338091796169136
24.08873 0.06704011564871702
24.08994 0.07074448861582942
24.09115 0.07449403686302855
24.09235 0.07828876039031443
24.09356 0.08208348391760029
24.09477 0.08596855800505962
24.09598 0.08985363209251898
24.09718 0.09373870617997832
24.09839 0.09762378026743766
24.0996 0.10155402963498374
24.1008 0.10548427900252981
24.10201 0.10941452837007588
24.10322 0.11329960245753525
24.10442 0.11722985182508132
24.10563 0.12111492591254065
24.10684 0.125
24.10804 0.1288398988073726
24.10925 0.13263462233465848
24.11046 0.13642934586194436
24.11166 0.14017889410914347
24.11287 0.1438832670762559
24.11408 0.1474972894831948
24.11528 0.15111131189013371
24.11649 0.1546801590169859
24.1177 0.15829418142392485
24.1189 0.16195337911095048
24.12011 0.16570292735814962
24.12132 0.16949765088543547
24.12253 0.1733375496928081
24.12373 0.17722262378026743
24.12494 0.1811528731478135
24.12615 0.1850831225153596
24.12735 0.18910372244307916
24.12856 0.1931243223707987
24.12977 0.197190097578605
24.13097 0.20125587278641127
24.13218 0.2053668232743043
24.13339 0.20952294904228405
24.13459 0.21363389953017708
24.1358 0.21779002529815686
24.13701 0.22199132634622337
24.13821 0.22614745211420312
24.13942 0.2303487531622696
24.14063 0.23455005421033612
24.14183 0.2387513552584026
24.14304 0.24290748102638235
24.14425 0.24710878207444886
24.14545 0.2512649078424286
24.14666 0.2554210336104084
24.14787 0.25957715937838816
24.14908 0.2637332851463679
24.15028 0.26784423563426096
24.15149 0.27191001084206723
24.1527 0.2759757860498735
24.1539 0.2799963859775931
24.15511 0.2840169859053126
24.15632 0.2879472352728587
24.15752 0.29187748464040475
24.15873 0.2957625587278641
24.15994 0.29960245753523673
24.16114 0.30339718106252256
24.16235 0.3071467293097217
24.16356 0.3108511022768341
24.16476 0.3144651246837731
24.16597 0.31803397181062526
24.16718 0.32155764365739065
24.16838 0.32499096494398266
24.16959 0.3283791109504879
24.1708 0.3316769063968197
24.172 0.3349295265630647
24.17321 0.338136971449223
24.17442 0.3412992410552946
24.17563 0.3444615106613661
24.17683 0.3475786049873509
24.17804 0.350650524033249
24.17925 0.3537224430791471
24.18045 0.35674918684495843
24.18166 0.35973075533068305
24.18287 0.36271232381640767
24.18407 0.36564871702204554
24.18528 0.36858511022768337
24.18649 0.37147632815323456
24.18769 0.37432237079869896
24.1889 0.37716841344416335
24.19011 0.37992410552945427
24.19131 0.382724972894832
24.19252 0.3854354897000361
24.19373 0.38814600650524034
24.19493 0.3908565233104445
24.19614 0.3934766895554752
24.19735 0.3960968558005059
24.19855 0.3987170220455367
24.19976 0.40124683773039393
24.20097 0.40377665341525115
24.20218 0.4062612938200217
24.20338 0.4087459342247922
24.20459 0.41118539934947596
24.2058 0.413579689194073
24.207 0.41597397903867
24.20821 0.41827791832309363
24.20942 0.42058185760751715
24.21062 0.4228857968919407
24.21183 0.4250993856161908
24.21304 0.42731297434044085
24.21424 0.429526563064691
24.21545 0.4316498012287676
24.21666 0.43377303939284423
24.21786 0.4358511022768341
24.21907 0.4378839898807373
24.22028 0.43991687748464037
24.22148 0.4419045898084568
24.22269 0.4438471268521865
24.2239 0.4457444886158294
24.2251 0.44764185037947235
24.22631 0.4494940368630286
24.22752 0.451301048066498
24.22873 0.4531080592699675
24.22993 0.4548247199132635
24.23114 0.4564962052764727
24.23235 0.45816769063968193
24.23355 0.4597488254427177
24.23476 0.4612847849656668
24.23597 0.4628207444886158
24.23717 0.46431152873147813
24.23838 0.46571196241416696
24.23959 0.46711239609685584
24.24079 0.4684676544994579
24.242 0.4697777376219732
24.24321 0.4710426454644019
24.24441 0.4723075533068305
24.24562 0.47352728586917237
24.24683 0.47470184315142755
24.24803 0.47583122515359594
24.24924 0.4769606071557643
24.25045 0.47804481387784603
24.25165 0.47912902059992774
24.25286 0.4801228767618359
24.25407 0.4811619082038308
24.25528 0.4821105890856523
24.25648 0.4830592699674738
24.25769 0.48400795084929527
24.2589 0.48491145645103
24.2601 0.4858149620527647
24.26131 0.48667329237441276
24.26252 0.4875316226960607
24.26372 0.48834477773762197
24.26493 0.48915793277918324
24.26614 0.4899710878207445
24.26734 0.490739067582219
24.26855 0.4915070473436935
24.26976 0.492275027105168
24.27096 0.49299783158655586
24.27217 0.4937206360679436
24.27338 0.4944434405493314
24.27458 0.4951662450307192
24.27579 0.4958438742320202
24.277 0.49656667871340804
24.2782 0.4972443079147091
24.27941 0.4979219371160101
24.28062 0.49859956631731117
24.28183 0.49932237079869896
24.28303 0.5
24.28424 0.500677629201301
24.28545 0.5013100831225153
24.28665 0.5019425370437297
24.28786 0.5025298156848572
24.28907 0.5030267437658114
24.29027 0.5035236718467655
24.29148 0.503930249367546
24.29269 0.5043368268883267
24.29389 0.5046530538489339
24.2951 0.5049692808095411
24.29631 0.5052403324900614
24.29751 0.5055113841705818
24.29872 0.5056920852909288
24.29993 0.5058727864112758
24.30113 0.5060534875316227
24.30234 0.5061890133718829
24.30355 0.5063245392121432
24.30476 0.5064148897723166
24.30596 0.50650524033249
24.30717 0.5065955908926636
24.30838 0.5066407661727502
24.30958 0.5067311167329238
24.31079 0.5067762920130104
24.312 0.5068666425731839
24.3132 0.5069118178532707
24.31441 0.5070021684134441
24.31562 0.5070925189736176
24.31682 0.5071828695337911
24.31803 0.5072732200939646
24.31924 0.5074087459342248
24.32044 0.507544271774485
24.32165 0.5076797976147451
24.32286 0.5079056740151789
24.32406 0.5080863751355258
24.32527 0.5083574268160462
24.32648 0.5086284784965667
24.32768 0.5089447054571739
24.32889 0.5092609324177809
24.3301 0.5096675099385616
24.33131 0.510119262739429
24.33251 0.5105710155402964
24.33372 0.5111131189013373
24.33493 0.5117003975424648
24.33613 0.5122876761835924
24.33734 0.5130104806649801
24.33855 0.513733285146368
24.33975 0.5145464401879292
24.34096 0.5154047705095771
24.34217 0.5163534513913987
24.34337 0.5173473075533068
24.34458 0.518341163715215
24.34579 0.5194253704372968
24.34699 0.5205095771593784
24.3482 0.5216389591615468
24.34941 0.5228135164438019
24.35061 0.523988073726057
24.35182 0.5252529815684858
24.35303 0.5265178894109144
24.35423 0.5278279725334297
24.35544 0.5291380556559451
24.35665 0.5304933140585472
24.35786 0.531893747741236
24.35906 0.5333393567040116
24.36027 0.5347849656667871
24.36148 0.5362305746295627
24.36268 0.5377665341525117
24.36389 0.539257318395374
24.3651 0.5408384531984098
24.3663 0.5424195880014456
24.36751 0.5440007228044814
24.36872 0.545627032887604
24.36992 0.5472533429707264
24.37113 0.5489248283339357
24.37234 0.5505963136971449
24.37354 0.5523129743404409
24.37475 0.5540296349837369
24.37596 0.5557914709071197
24.37716 0.5575533068305023
24.37837 0.559315142753885
24.37958 0.5610769786772678
24.38078 0.5628839898807373
24.38199 0.5646910010842067
24.3832 0.5665431875677629
24.38441 0.5683501987712324
24.38561 0.5702023852547886
24.38682 0.5720545717383447
24.38803 0.5739519335019877
24.38923 0.5758041199855438
24.39044 0.5777014817491868
24.39165 0.5795988435128298
24.39285 0.5814962052764727
24.39406 0.5833935670401157
24.39527 0.5852909288037587
24.39647 0.5872334658474883
24.39768 0.5891308276111312
24.39889 0.5910733646548609
24.40009 0.5930159016985905
24.4013 0.5950036140224069
24.40251 0.5970816769063969
24.40371 0.5992500903505601
24.40492 0.6014636790748104
24.40613 0.6037224430791471
24.40733 0.6060715576436574
24.40854 0.6084206722081676
24.40975 0.6108601373328515
24.41096 0.613344777737622
24.41216 0.6158294181423924
24.41337 0.6184044091073365
24.41458 0.6209794000722805
24.41578 0.6235543910372245
24.41699 0.6261745572822552
24.4182 0.6288398988073726
24.4194 0.6314600650524033
24.42061 0.6341254065775207
24.42182 0.6367907481026382
24.42302 0.6395012649078424
24.42423 0.6421666064329599
24.42544 0.6448319479580774
24.42664 0.6474521142031081
24.42785 0.6501174557282255
24.42906 0.6527376219732562
24.43026 0.6553126129382002
24.43147 0.6578876039031443
24.43268 0.6604625948680881
24.43388 0.6629472352728587
24.43509 0.6654318756776292
24.4363 0.6678713408023129
24.43751 0.6702204553668233
24.43871 0.6725695699313337
24.43992 0.6748735092157571
24.44113 0.6770870979400073
24.44233 0.6792103361040839
24.44354 0.6813335742681605
24.44475 0.6833212865919769
24.44595 0.6852638236357065
24.44716 0.6871611853993495
24.44837 0.6889230213227322
24.44957 0.6906396819660281
24.45078 0.692220816769064
24.45199 0.693756776292013
24.45319 0.6951572099747018
24.4544 0.6964672930972172
24.45561 0.6976870256595591
24.45681 0.6987712323816408
24.45802 0.699765088543549
24.45923 0.7007137694253704
24.46043 0.7016172750271051
24.46164 0.7024304300686663
24.46285 0.7031984098301409
24.46406 0.7039212143115287
24.46526 0.7045988435128298
24.46647 0.7051861221539573
24.46768 0.7057282255149981
24.46888 0.7062251535959523
24.47009 0.7066317311167329
24.4713 0.7070383086375136
24.4725 0.7073545355981207
24.47371 0.7076255872786411
24.47492 0.7078514636790748
24.47612 0.7080321647994218
24.47733 0.708167690639682
24.47854 0.7082128659197686
24.47974 0.7082580411998555
24.48095 0.7082128659197686
24.48216 0.708167690639682
24.48336 0.7080321647994218
24.48457 0.7078966389591616
24.48578 0.707670762558728
24.48698 0.7074448861582942
24.48819 0.7071286591976871
24.4894 0.7068124322370798
24.49061 0.7064058547162992
24.49181 0.7059992771955186
24.49302 0.7055475243946513
24.49423 0.705050596313697
24.49543 0.7045084929526563
24.49664 0.7039212143115287
24.49785 0.7033339356704011
24.49905 0.7026563064691002
24.50026 0.7019786772677991
24.50147 0.7012558727864113
24.50267 0.7004878930249367
24.50388 0.6997199132634623
24.50509 0.698906758221901
24.50629 0.6980484279002529
24.5075 0.6971449222985183
24.50871 0.6962414166967835
24.50991 0.695292735814962
24.51112 0.6942988796530538
24.51233 0.6933050234911456
24.51354 0.6922659920491506
24.51474 0.691181785327069
24.51595 0.6900524033249006
24.51716 0.6888778460426453
24.51836 0.6876129382002168
24.51957 0.6862576797976147
24.52078 0.6848572461149259
24.52198 0.6833664618720635
24.52319 0.6818305023491146
24.5244 0.680204192265992
24.5256 0.6785778821828696
24.52681 0.6768612215395735
24.52802 0.6750993856161908
24.52922 0.6732471991326346
24.53043 0.6713950126490784
24.53164 0.6694976508854354
24.53284 0.6675099385616191
24.53405 0.6655222262378027
24.53526 0.6634893386338996
24.53646 0.6614564510299964
24.53767 0.6593332128659197
24.53888 0.6572099747018432
24.54009 0.6550415612576798
24.54129 0.6528731478135165
24.5425 0.6506595590892663
24.54371 0.6484459703650163
24.54491 0.6461872063606794
24.54612 0.6439284423563426
24.54733 0.6416696783520057
24.54853 0.639410914347669
24.54974 0.6371069750632453
24.55095 0.6348030357788218
24.55215 0.6324990964943983
24.55336 0.6302403324900614
24.55457 0.6279363932056379
24.55577 0.6256324539212144
24.55698 0.6233736899168775
24.55819 0.6211149259125407
24.55939 0.6188561619082038
24.5606 0.616597397903867
24.56181 0.614383809179617
24.56301 0.6122153957354536
24.56422 0.6100018070112035
24.56543 0.6078785688471269
24.56664 0.6057553306830502
24.56784 0.6036320925189735
24.56905 0.6015992049150706
24.57026 0.5995663173111674
24.57146 0.5975786049873509
24.57267 0.5956360679436212
24.57388 0.5936935308998916
24.57508 0.5917961691362487
24.57629 0.5898988073726057
24.5775 0.587956270328876
24.5787 0.5860589085652331
24.57991 0.5842067220816769
24.58112 0.5823093603180339
24.58232 0.5804119985543911
24.58353 0.5785146367907481
24.58474 0.576662450307192
24.58594 0.574765088543549
24.58715 0.5729129020599927
24.58836 0.5710607155764366
24.58956 0.5692085290928803
24.59077 0.5673563426093242
24.59198 0.565504156125768
24.59319 0.5636519696422118
24.59439 0.5617997831586555
24.5956 0.5599475966750994
24.59681 0.5580954101915432
24.59801 0.556243223707987
24.59922 0.5543910372244307
24.60043 0.5525388507408746
24.60163 0.5507318395374051
24.60284 0.5488796530538489
24.60405 0.5470274665702928
24.60525 0.5452204553668233
24.60646 0.5433682688832671
24.60767 0.5415160823997109
24.60887 0.5396638959161547
24.61008 0.5378568847126852
24.61129 0.536004698229129
24.61249 0.5341525117455728
24.6137 0.5323003252620166
24.61491 0.5304481387784604
24.61611 0.5285959522949042
24.61732 0.526743765811348
24.61853 0.5248915793277918
24.61974 0.5230393928442356
24.62094 0.5211872063606794
24.62215 0.5193350198771233
24.62336 0.5174376581134803
24.62456 0.5155854716299241
24.62577 0.5136881098662812
24.62698 0.511835923382725
24.62818 0.509938561619082
24.62939 0.5080411998554392
24.6306 0.5061438380917962
24.6318 0.5042464763281532
24.63301 0.5023491145645103
24.63422 0.5004065775207805
24.63542 0.49846404047705095
24.63663 0.49652150343332124
24.63784 0.49453379110950485
24.63904 0.49254607878568846
24.64025 0.49055836646187206
24.64146 0.4885706541380556
24.64266 0.4865829418142392
24.64387 0.4845500542103361
24.64508 0.48251716660643296
24.64629 0.48052945428261656
24.64749 0.47849656667871343
24.6487 0.47646367907481024
24.64991 0.4743856161908204
24.65111 0.47235272858691724
24.65232 0.47031984098301405
24.65353 0.46828695337911097
24.65473 0.4662540657752078
24.65594 0.4642211781713047
24.65715 0.4621882905674015
24.65835 0.4601554029634984
24.65956 0.45812251535959525
24.66077 0.45608962775569206
24.66197 0.45410191543187567
24.66318 0.45206902782797254
24.66439 0.4500813155041561
24.66559 0.4480936031803397
24.6668 0.4461058908565233
24.66801 0.44411817853270685
24.66921 0.4421756414889772
24.67042 0.44023310444524755
24.67163 0.43829056740151784
24.67284 0.436393205637875
24.67404 0.434495843874232
24.67525 0.4325984821105891
24.67646 0.43070112034694613
24.67766 0.42884893386338996
24.67887 0.4270419226599205
24.68008 0.42523491145645104
24.68128 0.42342790025298155
24.68249 0.42166606432959886
24.6837 0.41990422840621616
24.6849 0.4181875677629201
24.68611 0.4165160823997109
24.68732 0.4147994217564149
24.68852 0.41317311167329235
24.68973 0.4115468015901699
24.69094 0.40992049150704735
24.69214 0.4082941814239248
24.69335 0.40666787134080234
24.69456 0.4050415612576798
24.69576 0.4033700758944705
24.69697 0.4016985905312613
24.69818 0.40007228044813875
24.69939 0.39840079508492954
24.70059 0.39672930972172027
24.7018 0.395057824358511
24.70301 0.3933863389953018
24.70421 0.39176002891217926
24.70542 0.39008854354897
24.70663 0.38846223346584746
24.70783 0.38683592338272493
24.70904 0.38520961329960246
24.71025 0.38362847849656667
24.71145 0.38200216841344414
24.71266 0.38046620889049515
24.71387 0.37888507408745936
24.71507 0.37734911456451026
24.71628 0.37581315504156126
24.71749 0.37432237079869896
24.71869 0.3728767618359234
24.7199 0.3714311528731478
24.72111 0.36998554391037225
24.72232 0.36863028550777016
24.72352 0.367275027105168
24.72473 0.365919768702566
24.72594 0.3646548608601373
24.72714 0.3633899530177087
24.72835 0.36217022045536684
24.72956 0.36099566317311166
24.73076 0.3598662811709432
24.73197 0.3587368991687748
24.73318 0.3576978677267799
24.73438 0.3567040115648717
24.73559 0.3557101554029635
24.7368 0.3548066498012288
24.738 0.3539483194795808
24.73921 0.3531351644380195
24.74042 0.352367184676545
24.74162 0.35168955547524394
24.74283 0.3510119262739429
24.74404 0.35042464763281533
24.74524 0.3498825442717745
24.74645 0.3494307914709071
24.74766 0.34902421395012645
24.74887 0.3486628117094326
24.75007 0.34839176002891215
24.75128 0.3482110589085652
24.75249 0.3480303577882183
24.75369 0.34794000722804486
24.7549 0.34789483194795806
24.75611 0.34794000722804486
24.75731 0.3480303577882183
24.75852 0.34812070834839176
24.75973 0.3483465847488254
24.76093 0.34857246114925916
24.76214 0.34884351282977955
24.76335 0.34915973979038667
24.76455 0.34956631731116733
24.76576 0.34997289483194793
24.76697 0.35042464763281533
24.76817 0.3509215757137694
24.76938 0.35146367907481024
24.77059 0.3520509577159378
24.77179 0.35268341163715217
24.773 0.35331586555836647
24.77421 0.3539934947596675
24.77542 0.3547162992410553
24.77662 0.35548427900252977
24.77783 0.35625225876400435
24.77904 0.3570202385254789
24.78024 0.3578785688471268
24.78145 0.3586917238886881
24.78266 0.35959522949042283
24.78386 0.36045355981207083
24.78507 0.3613570654138056
24.78628 0.362305746295627
24.78748 0.3632544271774485
24.78869 0.36420310805927
24.7899 0.3651517889410914
24.7911 0.36614564510299963
24.79231 0.3671395012649078
24.79352 0.3681333574268161
24.79472 0.36912721358872425
24.79593 0.37012106975063247
24.79714 0.37111492591254064
24.79834 0.37215395735453555
24.79955 0.3731478135164438
24.80076 0.37414166967835205
24.80197 0.3751355258402602
24.80317 0.3761293820021684
24.80438 0.3771232381640766
24.80559 0.3781170943259848
24.80679 0.379110950487893
24.808 0.3800596313697145
24.80921 0.38105348753162266
24.81041 0.3820925189736176
24.81162 0.3831767256956993
24.81283 0.38430610769786777
24.81403 0.3854354897000361
24.81524 0.38665522226237803
24.81645 0.38792013010480664
24.81765 0.3891850379472353
24.81886 0.39049512106975065
24.82007 0.39185037947235274
24.82127 0.3932056378749548
24.82248 0.39460607155764366
24.82369 0.3960065052403325
24.82489 0.39745211420310805
24.8261 0.3988977231658836
24.82731 0.40038850740874593
24.82852 0.4018341163715215
24.82972 0.4033249006143838
24.83093 0.40486086013733286
24.83214 0.40635164438019516
24.83334 0.40788760390314416
24.83455 0.4093783881460065
24.83576 0.4109143476689555
24.83696 0.4124051319118178
24.83817 0.41394109143476693
24.83938 0.4154318756776292
24.84058 0.4169226599204915
24.84179 0.4184134441633538
24.843 0.41985905312612937
24.8442 0.42130466208890494
24.84541 0.4227502710516805
24.84662 0.42415070473436933
24.84782 0.4255511384170582
24.84903 0.4269063968196603
24.85024 0.42826165522226234
24.85144 0.4295717383447777
24.85265 0.43083664618720635
24.85386 0.4320563787495483
24.85507 0.4332761113118901
24.85627 0.43440549331405853
24.85748 0.4355348753162269
24.85869 0.4366190820383086
24.85989 0.43765811348030353
24.8611 0.4386519696422118
24.86231 0.4395554752439465
24.86351 0.44045898084568125
24.86472 0.4412721358872425
24.86593 0.44204011564871704
24.86713 0.4427629201301048
24.86834 0.44344054933140586
24.86955 0.44407300325262017
24.87075 0.44466028189374773
24.87196 0.44520238525478856
24.87317 0.4457444886158294
24.87437 0.44628659197687026
24.87558 0.44678352005782435
24.87679 0.44723527285869175
24.87799 0.44764185037947235
24.8792 0.448048427900253
24.88041 0.4484098301409469
24.88162 0.44877123238164074
24.88282 0.4490874593422479
24.88403 0.44940368630285504
24.88524 0.4496747379833755
24.88644 0.4499006143838092
24.88765 0.4501264907842429
24.88886 0.4503523671846765
24.89006 0.4505330683050235
24.89127 0.4506685941452837
24.89248 0.4508041199855439
24.89368 0.45089447054571735
24.89489 0.4509848211058909
24.8961 0.45102999638597757
24.8973 0.4510751716660643
24.89851 0.4511203469461511
24.89972 0.4511203469461511
24.90092 0.4510751716660643
24.90213 0.45102999638597757
24.90334 0.4509848211058909
24.90454 0.45089447054571735
24.90575 0.4508041199855439
24.90696 0.4506685941452837
24.90817 0.4505330683050235
24.90937 0.4503523671846765
24.91058 0.4502168413444163
24.91179 0.44999096494398266
24.91299 0.4498102638236357
24.9142 0.449584387423202
24.91541 0.4493133357426816
24.91661 0.4490874593422479
24.91782 0.4488164076617275
24.91903 0.4485001807011203
24.92023 0.44818395374051323
24.92144 0.44786772677990605
24.92265 0.4475514998192989
24.92385 0.44719009757860495
24.92506 0.4468286953379111
24.92627 0.4464672930972172
24.92747 0.4461058908565233
24.92868 0.44565413805565596
24.92989 0.44520238525478856
24.93109 0.4447506324539212
24.9323 0.4442085290928804
24.93351 0.44366642573183956
24.93472 0.44307914709071194
24.93592 0.4424918684495844
24.93713 0.44185941452837
24.93834 0.44118178532706903
24.93954 0.440504156125768
24.94075 0.4397813516443802
24.94196 0.4390133718829057
24.94316 0.43824539212143115
24.94437 0.43747741235995663
24.94558 0.43666425731839537
24.94678 0.4358511022768341
24.94799 0.4349927719551861
24.9492 0.43413444163353815
24.9504 0.4332761113118901
24.95161 0.4323726057101554
24.95282 0.43146910010842066
24.95402 0.43056559450668597
24.95523 0.4296169136248645
24.95644 0.428668232743043
24.95765 0.4277195518612215
24.95885 0.4267708709794001
24.96006 0.4258221900975786
24.96127 0.4248283339356704
24.96247 0.4238344777737622
24.96368 0.4228857968919407
24.96489 0.4218919407300325
24.96609 0.42089808456812433
24.9673 0.41990422840621616
24.96851 0.41891037224430794
24.96971 0.41791651608239966
24.97092 0.4169226599204915
24.97213 0.4159288037585833
24.97333 0.41498012287676184
24.97454 0.4139862667148536
24.97575 0.41303758583303213
24.97695 0.41204372967112396
24.97816 0.4110950487893025
24.97937 0.410146367907481
24.98057 0.4092428623057463
24.98178 0.4082941814239248
24.98299 0.4073906758221901
24.9842 0.4064871702204554
24.9854 0.4056288398988073
24.98661 0.4047705095771594
24.98782 0.40391217925551137
24.98902 0.40305384893386337
24.99023 0.40219551861221536
24.99144 0.4013371882905674
24.99264 0.4004788579689194
24.99385 0.3996657029273581
24.99506 0.39880737260571014
24.99626 0.3979490422840622
24.99747 0.3970907119624142
24.99868 0.3962775569208529
24.99988 0.3954192265992049
25.00109 0.3945608962775569
25.0023 0.39370256595590897
25.0035 0.3928894109143477
25.00471 0.39203108059269964
25.00592 0.3911727502710517
25.00712 0.3903144199494037
25.00833 0.3895012649078424
25.00954 0.3886429345861944
25.01075 0.3877846042645464
25.01195 0.38692627394289847
25.01316 0.3860679436212504
25.01437 0.38520961329960246
25.01557 0.3843964582580412
25.01678 0.3835381279363932
25.01799 0.3826797976147452
25.01919 0.3818214672930972
25.0204 0.38096313697144923
25.02161 0.38010480664980123
25.02281 0.3792464763281532
25.02402 0.3783881460065052
25.02523 0.3775298156848573
25.02643 0.3766714853632092
25.02764 0.37581315504156126
25.02885 0.37495482471991326
25.03005 0.37409649439826526
25.03126 0.37319298879653057
25.03247 0.3723346584748825
25.03367 0.37147632815323456
25.03488 0.37061799783158655
25.03609 0.3697144922298518
25.0373 0.3688561619082038
25.0385 0.36799783158655586
25.03971 0.3670943259848211
25.04092 0.3662359956631731
25.04212 0.36533249006143836
25.04333 0.3644741597397904
25.04454 0.3635706541380556
25.04574 0.3626671485363209
25.04695 0.3618088182146729
25.04816 0.36090531261293823
25.04936 0.36000180701120343
25.05057 0.35909830140946875
25.05178 0.358194795807734
25.05298 0.35729129020599926
25.05419 0.35634260932417783
25.0554 0.3554391037224431
25.0566 0.3544904228406216
25.05781 0.3535417419588001
25.05902 0.3526382363570654
25.06022 0.35168955547524394
25.06143 0.35074087459342246
25.06264 0.34979219371160103
25.06385 0.34884351282977955
25.06505 0.34789483194795806
25.06626 0.34690097578604984
25.06747 0.3459522949042284
25.06867 0.3450036140224069
25.06988 0.3440549331405855
25.07109 0.3430610769786772
25.07229 0.34211239609685584
25.0735 0.34116371521503436
25.07471 0.3402150343332129
25.07591 0.3392211781713047
25.07712 0.3382724972894832
25.07833 0.33732381640766174
25.07953 0.33637513552584025
25.08074 0.33542645464401877
25.08195 0.3344777737621973
25.08315 0.3335290928803759
25.08436 0.3325804119985544
25.08557 0.33163173111673294
25.08677 0.33068305023491146
25.08798 0.32973436935309
25.08919 0.32883086375135523
25.0904 0.3278821828695338
25.0916 0.32697867726779906
25.09281 0.3260751716660643
25.09402 0.3251264907842429
25.09522 0.32422298518250814
25.09643 0.32336465486086013
25.09764 0.3224611492591254
25.09884 0.32155764365739065
25.10005 0.32069931333574264
25.10126 0.3198409830140947
25.10246 0.31898265269244674
25.10367 0.3181243223707987
25.10488 0.3172659920491507
25.10608 0.31645283700758947
25.10729 0.31559450668594147
25.1085 0.3147813516443802
25.1097 0.31396819660281894
25.11091 0.31315504156125773
25.11212 0.31229671123960967
25.11332 0.3114383809179617
25.11453 0.31062522587640046
25.11574 0.30972172027466566
25.11695 0.3088633899530177
25.11815 0.30800505963136976
25.11936 0.3071467293097217
25.12057 0.306243223707987
25.12177 0.30538489338633895
25.12298 0.30448138778460426
25.12419 0.3036230574629563
25.12539 0.30276472714130825
25.1266 0.30186122153957357
25.12781 0.3010028912179255
25.12901 0.30014456089627756
25.13022 0.29928623057462955
25.13143 0.29842790025298155
25.13263 0.29756956993133354
25.13384 0.2967112396096856
25.13505 0.29589808456812433
25.13625 0.2950397542464764
25.13746 0.29422659920491506
25.13867 0.2934134441633538
25.13987 0.29264546440187933
25.14108 0.29187748464040475
25.14229 0.2911095048789302
25.1435 0.2903415251174557
25.1447 0.2896187206360679
25.14591 0.2888959161546802
25.14712 0.28817311167329235
25.14832 0.28749548247199136
25.14953 0.2868178532706903
25.15074 0.28618539934947596
25.15194 0.28555294542826165
25.15315 0.2849656667871341
25.15436 0.2843783881460065
25.15556 0.28383628478496564
25.15677 0.2832941814239248
25.15798 0.28279725334297073
25.15918 0.2823003252620166
25.16039 0.28184857246114925
25.1616 0.28144199494036864
25.1628 0.281035417419588
25.16401 0.2806740151788941
25.16522 0.2803126129382002
25.16643 0.2800415612576798
25.16763 0.2797705095771594
25.16884 0.27949945789663894
25.17005 0.27931875677629203
25.17125 0.27913805565594507
25.17246 0.2789573545355981
25.17367 0.2788218286953379
25.17487 0.2786863028550777
25.17608 0.2785507770148175
25.17729 0.27846042645464403
25.17849 0.2784152511745573
25.1797 0.27837007589447055
25.18091 0.2783249006143838
25.18211 0.2783249006143838
25.18332 0.2783249006143838
25.18453 0.27837007589447055
25.18573 0.2784152511745573
25.18694 0.27850560173473077
25.18815 0.27859595229490425
25.18935 0.2786863028550777
25.19056 0.2788218286953379
25.19177 0.2789573545355981
25.19298 0.27913805565594507
25.19418 0.27931875677629203
25.19539 0.27949945789663894
25.1966 0.27972533429707264
25.1978 0.2799963859775931
25.19901 0.2802222623780268
25.20022 0.2805384893386339
25.20142 0.28080954101915434
25.20263 0.28112576797976147
25.20384 0.28148717022045533
25.20504 0.2818033971810625
25.20625 0.2822099747018431
25.20746 0.28257137694253703
25.20866 0.2829779544633177
25.20987 0.28342970726418504
25.21108 0.28383628478496564
25.21228 0.2843332128659197
25.21349 0.2847849656667871
25.2147 0.2852818937477412
25.2159 0.2858239971087821
25.21711 0.2863209251897362
25.21832 0.286863028550777
25.21953 0.2874503071919046
25.22073 0.28803758583303213
25.22194 0.28862486447415975
25.22315 0.28925731839537405
25.22435 0.28988977231658836
25.22556 0.2905222262378027
25.22677 0.29119985543910376
25.22797 0.29187748464040475
25.22918 0.29260028912179253
25.23039 0.2933230936031803
25.23159 0.2940910733646549
25.2328 0.29485905312612937
25.23401 0.29567220816769063
25.23521 0.2965757137694254
25.23642 0.2974792193711601
25.23763 0.29842790025298155
25.23883 0.29937658113480303
25.24004 0.3003704372967112
25.24125 0.30140946873870617
25.24245 0.30249367546078787
25.24366 0.3035778821828695
25.24487 0.3047072641850379
25.24608 0.30583664618720635
25.24728 0.30701120346946154
25.24849 0.30818576075171666
25.2497 0.30940549331405853
25.2509 0.31062522587640046
25.25211 0.31189013371882907
25.25332 0.31315504156125773
25.25452 0.3144199494036863
25.25573 0.31573003252620163
25.25694 0.31704011564871704
25.25814 0.3183501987712324
25.25935 0.31966028189374773
25.26056 0.3209703650162631
25.26176 0.32232562341886517
25.26297 0.3236808818214673
25.26418 0.32499096494398266
25.26538 0.32634622334658475
25.26659 0.32770148174918684
25.2678 0.32905674015178893
25.269 0.3303668232743043
25.27021 0.33172208167690637
25.27142 0.3330773400795085
25.27263 0.33438742320202386
25.27383 0.3356975063245392
25.27504 0.33700758944705456
25.27625 0.3383176725695699
25.27745 0.33958258041199857
25.27866 0.3408926635345139
25.27987 0.34211239609685584
25.28107 0.3433773039392844
25.28228 0.3445970365016263
25.28349 0.34581676906396824
25.28469 0.34699132634622337
25.2859 0.3481658836284785
25.28711 0.3492952656306469
25.28831 0.3503794723527286
25.28952 0.35146367907481024
25.29073 0.35254788579689195
25.29193 0.3535869172388869
25.29314 0.3545807734007951
25.29435 0.35561980484279
25.29555 0.356658836284785
25.29676 0.3577430430068666
25.29797 0.3587820744488616
25.29918 0.3598662811709432
25.30038 0.3609504878930249
25.30159 0.3620346946151066
25.3028 0.36311890133718827
25.304 0.36424828333935666
25.30521 0.36533249006143836
25.30642 0.36641669678352007
25.30762 0.3675009035056018
25.30883 0.36863028550777016
25.31004 0.3697144922298518
25.31124 0.3707986989519335
25.31245 0.3718829056740152
25.31366 0.3729219371160101
25.31486 0.37400614383809183
25.31607 0.3750903505601735
25.31728 0.3761293820021684
25.31848 0.37716841344416335
25.31969 0.3781622696060716
25.3209 0.3792013010480665
25.3221 0.3801951572099747
25.32331 0.3811890133718829
25.32452 0.38213769425370436
25.32573 0.38308637513552585
25.32693 0.3839898807372606
25.32814 0.3848933863389953
25.32935 0.38579689194073
25.33055 0.38665522226237803
25.33176 0.387513552584026
25.33297 0.38832670762558724
25.33417 0.38909468738706177
25.33538 0.38986266714853635
25.33659 0.3905854716299241
25.33779 0.3912631008312252
25.339 0.3919407300325262
25.34021 0.3925731839537405
25.34141 0.3931604625948681
25.34262 0.39374774123599565
25.34383 0.3942898445970365
25.34503 0.39478677267799056
25.34624 0.39523852547885796
25.34745 0.3956451029996386
25.34865 0.3960065052403325
25.34986 0.39636790748102635
25.35107 0.3966389591615468
25.35228 0.3968648355619805
25.35348 0.3970907119624142
25.35469 0.39722623780267435
25.3559 0.3973617636429346
25.3571 0.39745211420310805
25.35831 0.3974972894831948
25.35952 0.3974972894831948
25.36072 0.39745211420310805
25.36193 0.39740693892302137
25.36314 0.39731658836284783
25.36434 0.3971810625225876
25.36555 0.3970003614022407
25.36676 0.39681966028189375
25.36796 0.3965937838814601
25.36917 0.39632273220093966
25.37038 0.3960516805204192
25.37158 0.39573545355981204
25.37279 0.3953740513191182
25.374 0.3950126490784243
25.37521 0.39460607155764366
25.37641 0.39419949403686305
25.37762 0.39374774123599565
25.37883 0.39325081315504157
25.38003 0.39279906035417417
25.38124 0.3922569569931334
25.38245 0.3917148536320925
25.38365 0.3911727502710517
25.38486 0.3905854716299241
25.38607 0.38995301770870977
25.38727 0.3893657390675822
25.38848 0.3886881098662812
25.38969 0.38805565594506686
25.39089 0.3873780267437658
25.3921 0.3867003975424647
25.39331 0.385977593061077
25.39451 0.38525478857968914
25.39572 0.3845319840983014
25.39693 0.3838091796169136
25.39813 0.3830411998554391
25.39934 0.3822732200939646
25.40055 0.3814600650524033
25.40176 0.3806920852909288
25.40296 0.37987893024936753
25.40417 0.37906577520780627
25.40538 0.378252620166245
25.40658 0.3774394651246838
25.40779 0.37662631008312253
25.409 0.3757679797614745
25.4102 0.37495482471991326
25.41141 0.37409649439826526
25.41262 0.373283339356704
25.41382 0.372425009035056
25.41503 0.37156667871340804
25.41624 0.37070834839176
25.41744 0.36985001807011203
25.41865 0.36890133718829055
25.41986 0.36795265630646906
25.42106 0.3669588001445609
25.42227 0.36596494398265267
25.42348 0.36492591254065776
25.42468 0.36384170581857606
25.42589 0.36271232381640767
25.4271 0.3615829418142392
25.42831 0.3604083845319841
25.42951 0.3592338272497289
25.43072 0.3580592699674738
25.43193 0.3568395374051319
25.43313 0.3555746295627033
25.43434 0.35430972172027464
25.43555 0.35304481387784603
25.43675 0.35177990603541737
25.43796 0.350469822912902
25.43917 0.34915973979038667
25.44037 0.34780448138778464
25.44158 0.3464943982652693
25.44279 0.34513913986266714
25.44399 0.34378388146006505
25.4452 0.3424737983375497
25.44641 0.34111853993494756
25.44761 0.3397632815323455
25.44882 0.33840802312974344
25.45003 0.3370527647271413
25.45123 0.3356975063245392
25.45244 0.3343422479219371
25.45365 0.33298698951933503
25.45486 0.3316769063968197
25.45606 0.3303668232743043
25.45727 0.32905674015178893
25.45848 0.3277466570292736
25.45968 0.32643657390675823
25.46089 0.3251716660643296
25.4621 0.32390675822190096
25.4633 0.32268702565955903
25.46451 0.3214672930972172
25.46572 0.3202475605348753
25.46692 0.31907300325262017
25.46813 0.3179436212504517
25.46934 0.31681423924828334
25.47054 0.3156848572461149
25.47175 0.31460065052403324
25.47296 0.3135616190820383
25.47416 0.3125677629201301
25.47537 0.31157390675822194
25.47658 0.31062522587640046
25.47778 0.309676544994579
25.47899 0.30881821467293097
25.4802 0.3079147090711962
25.48141 0.3070563787495483
25.48261 0.30619804842790027
25.48382 0.30533971810625227
25.48503 0.304526563064691
25.48623 0.303668232743043
25.48744 0.30285507770148173
25.48865 0.3020419226599205
25.48985 0.30122876761835926
25.49106 0.30046078785688474
25.49227 0.2996476328153235
25.49347 0.2988796530538489
25.49468 0.29811167329237437
25.49589 0.29738886881098664
25.49709 0.2966208890495121
25.4983 0.29589808456812433
25.49951 0.2951752800867365
25.50071 0.2944976508854355
25.50192 0.2937748464040477
25.50313 0.2930972172027466
25.50433 0.2924195880014456
25.50554 0.29178713408023127
25.50675 0.29115468015901697
25.50796 0.2905222262378027
25.50916 0.28988977231658836
25.51037 0.2893024936754608
25.51158 0.2886700397542465
25.51278 0.28812793639320566
25.51399 0.28754065775207804
25.5152 0.2869985543910372
25.5164 0.28645645102999634
25.51761 0.28595952294904226
25.51882 0.28546259486808817
25.52002 0.2849656667871341
25.52123 0.2845139139862667
25.52244 0.2840621611853994
25.52364 0.283610408384532
25.52485 0.28320383086375134
25.52606 0.28279725334297073
25.52726 0.2823906758221901
25.52847 0.2820292735814962
25.52968 0.28166787134080234
25.53088 0.2813064691001084
25.53209 0.28099024213950125
25.5333 0.2806740151788941
25.53451 0.2804029634983737
25.53571 0.2801319118178533
25.53692 0.2799060354174196
25.53813 0.2796801590169859
25.53933 0.2794542826165522
25.54054 0.2792735814962053
25.54175 0.27909288037585833
25.54295 0.2789573545355981
25.54416 0.2788218286953379
25.54537 0.2787314781351644
25.54657 0.2786863028550777
25.54778 0.27864112757499093
25.54899 0.27859595229490425
25.55019 0.27859595229490425
25.5514 0.27864112757499093
25.55261 0.2786863028550777
25.55381 0.27877665341525115
25.55502 0.27886700397542463
25.55623 0.2789573545355981
25.55743 0.27909288037585833
25.55864 0.27922840621611855
25.55985 0.2794091073364655
25.56106 0.2795898084568124
25.56226 0.2797705095771594
25.56347 0.2799963859775931
25.56468 0.2802222623780268
25.56588 0.28049331405854716
25.56709 0.28071919045898086
25.5683 0.28099024213950125
25.5695 0.2812612938200217
25.57071 0.28157752078062886
25.57192 0.28184857246114925
25.57312 0.28216479942175643
25.57433 0.28248102638236355
25.57554 0.2828424286230575
25.57674 0.2831586555836646
25.57795 0.2834748825442718
25.57916 0.28383628478496564
25.58036 0.2841976870256595
25.58157 0.2845590892663535
25.58278 0.28492049150704735
25.58399 0.2852818937477412
25.58519 0.2856432959884351
25.5864 0.28600469822912905
25.58761 0.2863661004698229
25.58881 0.2867275027105168
25.59002 0.28713408023129744
25.59123 0.28749548247199136
25.59243 0.2878568847126852
25.59364 0.2882182869533791
25.59485 0.288579689194073
25.59605 0.28894109143476693
25.59726 0.2893024936754608
25.59847 0.2896187206360679
25.59967 0.28998012287676184
25.60088 0.29029634983736896
25.60209 0.29061257679797614
25.60329 0.2909288037585833
25.6045 0.29124503071919045
25.60571 0.2915612576797976
25.60691 0.2919226599204915
25.60812 0.29223888688109867
25.60933 0.29260028912179253
25.61054 0.2930068666425732
25.61174 0.29336826888326706
25.61295 0.2937748464040477
25.61416 0.2941814239248283
25.61536 0.294588001445609
25.61657 0.2950397542464764
25.61778 0.29544633176725693
25.61898 0.29589808456812433
25.62019 0.29634983736899173
25.6214 0.296801590169859
25.6226 0.2972533429707264
25.62381 0.29770509577159376
25.62502 0.2982020238525479
25.62622 0.29865377665341525
25.62743 0.29915070473436933
25.62864 0.29960245753523673
25.62984 0.3000993856161908
25.63105 0.3005511384170582
25.63226 0.3010480664980123
25.63346 0.30149981929887965
25.63467 0.301951572099747
25.63588 0.3024485001807011
25.63709 0.3029002529815685
25.63829 0.3033520057824359
25.6395 0.3038037585833032
25.64071 0.30425551138417056
25.64191 0.3047072641850379
25.64312 0.3051590169859053
25.64433 0.30556559450668597
25.64553 0.30601734730755326
25.64674 0.3064239248283339
25.64795 0.3068305023491145
25.64915 0.3071919045898085
25.65036 0.3075984821105891
25.65157 0.30795988435128296
25.65277 0.3083212865919769
25.65398 0.30868268883267075
25.65519 0.30899891579327793
25.65639 0.3093151427538851
25.6576 0.30963136971449223
25.65881 0.3099024213950126
25.66001 0.31017347307553306
25.66122 0.3103993494759667
25.66243 0.31062522587640046
25.66364 0.3108511022768341
25.66484 0.31103180339718106
25.66605 0.311212504517528
25.66726 0.3113480303577882
25.66846 0.3114835561980484
25.66967 0.3116190820383086
25.67088 0.31175460787856885
25.67208 0.31184495843874227
25.67329 0.3119353089989158
25.6745 0.3120256595590893
25.6757 0.3121160101192627
25.67691 0.31220636067943625
25.67812 0.31225153595952293
25.67932 0.3123418865196964
25.68053 0.31238706179978315
25.68174 0.3124322370798699
25.68294 0.3124322370798699
25.68415 0.31247741235995663
25.68536 0.31247741235995663
25.68656 0.31247741235995663
25.68777 0.31247741235995663
25.68898 0.31247741235995663
25.69019 0.3124322370798699
25.69139 0.31238706179978315
25.6926 0.3123418865196964
25.69381 0.31229671123960967
25.69501 0.31225153595952293
25.69622 0.31216118539934945
25.69743 0.312070834839176
25.69863 0.3119804842790025
25.69984 0.31189013371882907
25.70105 0.31175460787856885
25.70225 0.31166425731839537
25.70346 0.31152873147813515
25.70467 0.3113480303577882
25.70587 0.311212504517528
25.70708 0.31103180339718106
25.70829 0.3108962775569209
25.70949 0.31067040115648714
25.7107 0.31048970003614024
25.71191 0.31026382363570654
25.71311 0.31008312251535963
25.71432 0.3098572461149259
25.71553 0.30958619443440544
25.71674 0.3093603180339718
25.71794 0.30908926635345135
25.71915 0.30881821467293097
25.72036 0.30854716299241053
25.72156 0.3082309360318034
25.72277 0.3079147090711962
25.72398 0.3075984821105891
25.72518 0.3072822551499819
25.72639 0.30692085290928806
25.7276 0.3066046259486809
25.7288 0.30619804842790027
25.73001 0.30583664618720635
25.73122 0.30543006866642575
25.73242 0.3050686664257319
25.73363 0.3046169136248645
25.73484 0.30416516082399714
25.73604 0.30371340802312974
25.73725 0.30321647994217565
25.73846 0.3027195518612215
25.73966 0.30222262378026743
25.74087 0.3016805204192266
25.74208 0.3011384170581857
25.74329 0.3005511384170582
25.74449 0.30000903505601734
25.7457 0.2994217564148898
25.74691 0.29878930249367547
25.74811 0.29815684857246116
25.74932 0.29752439465124686
25.75053 0.2968919407300325
25.75173 0.2962594868088182
25.75294 0.29558185760751715
25.75415 0.29490422840621616
25.75535 0.29422659920491506
25.75656 0.2935037947235273
25.75777 0.29282616552222623
25.75897 0.29210336104083845
25.76018 0.29138055655945067
25.76139 0.2906577520780629
25.76259 0.2899349475966751
25.7638 0.2891669678352006
25.76501 0.2884441633538128
25.76621 0.28767618359233826
25.76742 0.28690820383086374
25.76863 0.28618539934947596
25.76984 0.28541741958800143
25.77104 0.2846494398265269
25.77225 0.2838814600650524
25.77346 0.2831134803035779
25.77466 0.28234550054210333
25.77587 0.28157752078062886
25.77708 0.28080954101915434
25.77828 0.2800415612576798
25.77949 0.2792735814962053
25.7807 0.27850560173473077
25.7819 0.27773762197325624
25.78311 0.2769696422117817
25.78432 0.27624683773039393
25.78552 0.2754788579689194
25.78673 0.2747108782074449
25.78794 0.2739880737260571
25.78914 0.2732652692446693
25.79035 0.27254246476328153
25.79156 0.27181966028189375
25.79277 0.27109685580050596
25.79397 0.2703740513191182
25.79518 0.26969642211781714
25.79639 0.26897361763642935
25.79759 0.26825081315504157
25.7988 0.2675280086736538
25.80001 0.266805204192266
25.80121 0.2660823997108782
25.80242 0.2653144199494037
25.80363 0.26454644018792917
25.80483 0.26377846042645464
25.80604 0.2630104806649801
25.80725 0.2622425009035056
25.80845 0.26147452114203107
25.80966 0.2606613661004698
25.81087 0.2598933863389953
25.81207 0.259080231297434
25.81328 0.25826707625587275
25.81449 0.25745392121431154
25.81569 0.256685941452837
25.8169 0.25587278641127575
25.81811 0.2550596313697145
25.81932 0.2542464763281532
25.82052 0.25343332128659196
25.82173 0.2526201662450307
25.82294 0.25185218648355623
25.82414 0.25103903144199496
25.82535 0.2502258764004337
25.82656 0.24945789663895915
25.82776 0.24864474159739788
25.82897 0.2478767618359234
25.83018 0.24710878207444886
25.83138 0.2462956270328876
25.83259 0.24557282255149981
25.8338 0.24480484279002532
25.835 0.24403686302855077
25.83621 0.24331405854716298
25.83742 0.2425912540657752
25.83862 0.2418684495843874
25.83983 0.24114564510299963
25.84104 0.24042284062161187
25.84224 0.2397452114203108
25.84345 0.23906758221900976
25.84466 0.23843512829779545
25.84587 0.2377574990964944
25.84707 0.2371250451752801
25.84828 0.23649259125406577
25.84949 0.2359053126129382
25.85069 0.23531803397181061
25.8519 0.23473075533068305
25.85311 0.2341886519696422
25.85431 0.23364654860860137
25.85552 0.2331496205276473
25.85673 0.23265269244669315
25.85793 0.23215576436573906
25.85914 0.23170401156487172
25.86035 0.23125225876400432
25.86155 0.23084568124322372
25.86276 0.23043910372244308
25.86397 0.2299873509215757
25.86517 0.22958077340079508
25.86638 0.22917419588001445
25.86759 0.22881279363932056
25.86879 0.22840621611853995
25.87 0.22804481387784603
25.87121 0.22768341163715214
25.87242 0.22732200939645825
25.87362 0.22700578243585112
25.87483 0.2266443801951572
25.87604 0.22632815323455005
25.87724 0.2260119262739429
25.87845 0.22569569931333572
25.87966 0.22542464763281533
25.88086 0.22510842067220815
25.88207 0.22483736899168774
25.88328 0.22456631731116733
25.88448 0.22429526563064692
25.88569 0.22406938923021322
25.8869 0.22384351282977952
25.8881 0.22361763642934587
25.88931 0.22339176002891217
25.89052 0.22321105890856524
25.89172 0.22298518250813154
25.89293 0.2228044813877846
25.89414 0.2226689555475244
25.89534 0.22248825442717746
25.89655 0.22235272858691724
25.89776 0.22221720274665702
25.89897 0.22208167690639682
25.90017 0.22199132634622337
25.90138 0.22190097578604986
25.90259 0.22181062522587638
25.90379 0.22176544994578967
25.905 0.2216750993856162
25.90621 0.22162992410552945
25.90741 0.22162992410552945
25.90862 0.22158474882544274
25.90983 0.22158474882544274
25.91103 0.22158474882544274
25.91224 0.22162992410552945
25.91345 0.22162992410552945
25.91465 0.22172027466570293
25.91586 0.22176544994578967
25.91707 0.22185580050596315
25.91827 0.2219461510661366
25.91948 0.22203650162631008
25.92069 0.2221720274665703
25.92189 0.2223075533068305
25.9231 0.22244307914709072
25.92431 0.22262378026743765
25.92552 0.2228044813877846
25.92672 0.22298518250813154
25.92793 0.22325623418865195
25.92914 0.22348211058908565
25.93034 0.2237983375496928
25.93155 0.22411456451029996
25.93276 0.22443079147090714
25.93396 0.2247470184315143
25.93517 0.22515359595229492
25.93638 0.22551499819298879
25.93758 0.22592157571376942
25.93879 0.2263733285146368
25.94 0.22677990603541742
25.9412 0.22723165883628477
25.94241 0.2277285869172389
25.94362 0.228225514998193
25.94482 0.2287224430791471
25.94603 0.2292193711601012
25.94724 0.22976147452114204
25.94844 0.23030357788218286
25.94965 0.23084568124322372
25.95086 0.23138778460426454
25.95207 0.23197506324539213
25.95327 0.2325623418865197
25.95448 0.23310444524756052
25.95569 0.23373689916877485
25.95689 0.23432417780990242
25.9581 0.23491145645102998
25.95931 0.23554391037224431
25.96051 0.23613118901337188
25.96172 0.23676364293458618
25.96293 0.23735092157571377
25.96413 0.23798337549692808
25.96534 0.23861582941814238
25.96655 0.23920310805926995
25.96775 0.23983556198048428
25.96896 0.24046801590169858
25.97017 0.24105529454282615
25.97137 0.24168774846404048
25.97258 0.24232020238525478
25.97379 0.24290748102638235
25.97499 0.24349475966750994
25.9762 0.24408203830863753
25.97741 0.2446693169497651
25.97862 0.24525659559089266
25.97982 0.24584387423202025
25.98103 0.24638597759306108
25.98224 0.24697325623418867
25.98344 0.2475153595952295
25.98465 0.24801228767618358
25.98586 0.24855439103722443
25.98706 0.24905131911817852
25.98827 0.24954824719913263
25.98948 0.25004517528008674
25.99068 0.2505421033610408
25.99189 0.25103903144199496
25.9931 0.2515811348030358
25.9943 0.2521232381640766
25.99551 0.25266534152511744
25.99672 0.253252620166245
25.99792 0.25383989880737257
25.99913 0.2544723527285869
26.00034 0.2550596313697145
26.00155 0.2556920852909288
26.00275 0.2563245392121431
26.00396 0.2569569931333574
26.00517 0.25763462233465845
26.00637 0.25826707625587275
26.00758 0.25894470545717385
26.00879 0.25957715937838816
26.00999 0.2602547885796892
26.0112 0.2608872425009035
26.01241 0.26156487170220455
26.01361 0.26219732562341885
26.01482 0.2628749548247199
26.01603 0.2635074087459342
26.01723 0.26413986266714856
26.01844 0.26477231658836287
26.01965 0.26540477050957717
26.02085 0.2660372244307915
26.02206 0.26662450307191904
26.02327 0.2672117817130466
26.02447 0.26779906035417417
26.02568 0.26834116371521505
26.02689 0.26888326707625587
26.0281 0.2694253704372967
26.0293 0.2699222985182508
26.03051 0.2704192265992049
26.03172 0.27087097940007226
26.03292 0.27132273220093966
26.03413 0.27172930972172027
26.03534 0.27213588724250093
26.03654 0.2724972894831948
26.03775 0.272813516443802
26.03896 0.2731297434044091
26.04016 0.27340079508492954
26.04137 0.27367184676545
26.04258 0.2738977231658836
26.04378 0.2740784242862306
26.04499 0.27421395012649075
26.0462 0.27434947596675097
26.0474 0.27439465124683776
26.04861 0.27443982652692445
26.04982 0.27443982652692445
26.05102 0.27439465124683776
26.05223 0.2743043006866643
26.05344 0.27421395012649075
26.05465 0.27403324900614384
26.05585 0.27380737260571014
26.05706 0.2735814962052765
26.05827 0.2733556198048428
26.05947 0.27308456812432236
26.06068 0.272813516443802
26.06189 0.2724972894831948
26.06309 0.2721810625225876
26.0643 0.27181966028189375
26.06551 0.27145825804119983
26.06671 0.2710516805204192
26.06792 0.27064510299963856
26.06913 0.2701933501987712
26.07033 0.2697415973979039
26.07154 0.2692446693169498
26.07275 0.26874774123599565
26.07395 0.2682056378749548
26.07516 0.26766353451391395
26.07637 0.2670762558727864
26.07757 0.2664889772316588
26.07878 0.2658565233104445
26.07999 0.2652240693892302
26.0812 0.26454644018792917
26.0824 0.2638688109866281
26.08361 0.26314600650524034
26.08482 0.26242320202385255
26.08602 0.26165522226237803
26.08723 0.26084206722081676
26.08844 0.2600289121792555
26.08964 0.25921575713769424
26.09085 0.25835742681604623
26.09206 0.25745392121431154
26.09326 0.2565504156125768
26.09447 0.2556017347307553
26.09568 0.2546530538489339
26.09688 0.25365919768702566
26.09809 0.25266534152511744
26.0993 0.25162631008312253
26.1005 0.2505421033610408
26.10171 0.24945789663895915
26.10292 0.24832851463679073
26.10412 0.24719913263462232
26.10533 0.2460245753523672
26.10654 0.24485001807011203
26.10775 0.24363028550777013
26.10895 0.24236537766534152
26.11016 0.24110046982291292
26.11137 0.23979038670039754
26.11257 0.23848030357788216
26.11378 0.2371250451752801
26.11499 0.23572461149259125
26.11619 0.23432417780990242
26.1174 0.2329237441272136
26.11861 0.23143295988435128
26.11981 0.22994217564148897
26.12102 0.22840621611853995
26.12223 0.22682508131550413
26.12343 0.22519877123238163
26.12464 0.2235272858691724
26.12585 0.22176544994578967
26.12705 0.21995843874232018
26.12826 0.21815142753885075
26.12947 0.2162540657752078
26.13067 0.21431152873147816
26.13188 0.21232381640766174
26.13309 0.21033610408384532
26.1343 0.20830321647994215
26.1355 0.20617997831586557
26.13671 0.20405674015178896
26.13792 0.20193350198771232
26.13912 0.19971991326346222
26.14033 0.19750632453921216
26.14154 0.19529273581496204
26.14274 0.1929887965305385
26.14395 0.19073003252620166
26.14516 0.18838091796169137
26.14636 0.18607697867726777
26.14757 0.18368268883267078
26.14878 0.18133357426816046
26.14998 0.1789392844235634
26.15119 0.17654499457896639
26.1524 0.17415070473436936
26.1536 0.1717112396096856
26.15481 0.16927177448500183
26.15602 0.166832309360318
26.15722 0.16439284423563424
26.15843 0.16195337911095048
26.15964 0.15951391398626671
26.16085 0.15707444886158295
26.16205 0.15463498373689916
26.16326 0.1521955186122154
26.16447 0.14975605348753163
26.16567 0.14731658836284786
26.16688 0.1449222985182508
26.16809 0.14252800867365378
26.16929 0.14013371882905673
26.1705 0.13778460426454645
26.17171 0.1353903144199494
26.17291 0.13308637513552585
26.17412 0.13073726057101553
26.17533 0.1284784965666787
26.17653 0.12617455728225516
26.17774 0.12396096855800505
26.17895 0.12174737983375497
26.18015 0.11953379110950488
26.18136 0.11741055294542825
26.18257 0.11528731478135165
26.18377 0.11316407661727503
26.18498 0.11113118901337188
26.18619 0.10909830140946875
26.1874 0.10711058908565232
26.1886 0.10507770148174918
26.18981 0.10304481387784604
26.19102 0.1010119262739429
26.19222 0.09893386338995301
26.19343 0.09685580050596314
26.19464 0.09477773762197325
26.19584 0.09269967473798338
26.19705 0.0906216118539935
26.19826 0.0885435489700036
26.19946 0.086420310805927
26.20067 0.0843422479219371
26.20188 0.0822190097578605
26.20308 0.0801409468738706
26.20429 0.07806288398988073
26.2055 0.07593964582580412
26.2067 0.07386158294181423
26.20791 0.07178352005782436
26.20912 0.06970545717383447
26.21032 0.06767256956993134
26.21153 0.06559450668594145
26.21274 0.0635616190820383
26.21395 0.06152873147813517
26.21515 0.05949584387423202
26.21636 0.05750813155041561
26.21757 0.055520419226599206
26.21877 0.05353270690278279
26.21998 0.051590169859053125
26.22119 0.04964763281532345
26.22239 0.04775027105168052
26.2236 0.045852909288037584
26.22481 0.04400072280448139
26.22601 0.04214853632092519
26.22722 0.04034152511745573
26.22843 0.03853451391398626
26.22963 0.03677267799060354
26.23084 0.03501084206722082
26.23205 0.033339356704011565
26.23325 0.03166787134080231
26.23446 0.029996385977593062
26.23567 0.02841525117455728
26.23688 0.026834116371521503
26.23808 0.02529815684857246
26.23929 0.023807372605710156
26.2405 0.022361763642934587
26.2417 0.020961329960245755
26.24291 0.01956089627755692
26.24412 0.01825081315504156
26.24532 0.016985905312612938
26.24653 0.015720997470184316
26.24774 0.014546440187929166
26.24894 0.013371882905674015
26.25015 0.012287676183592338
26.25136 0.011248644741597398
26.25256 0.010254788579689193
26.25377 0.009306107697867728
26.25498 0.008402602096132996
26.25618 0.007589447054571739
26.25739 0.006821467293097218
26.2586 0.006098662811709433
26.2598 0.005421033610408384
26.26101 0.004788579689194073
26.26222 0.004201301048066498
26.26343 0.0036591976870256593
26.26463 0.0031622696060715576
26.26584 0.002710516805204192
26.26705 0.0023039392844235638
26.26825 0.001942537043729671
26.26946 0.0015811348030357788
26.27067 0.0013100831225153597
26.27187 0.0010390314419949404
26.27308 0.0008131550415612578
26.27429 0.000587278641127575
26.27549 0.0004065775207806289
26.2767 0.0002710516805204192
26.27791 0.00018070112034694616
26.27911 4.517528008673654e-05
26.28032 0.0
26.28153 -4.517528008673654e-05
26.28273 -9.035056017347308e-05
26.28394 -0.0001355258402602096
26.28515 -0.0001355258402602096
26.28635 -0.0001355258402602096
26.28756 -9.035056017347308e-05
26.28877 -4.517528008673654e-05
26.28998 0.0
26.29118 4.517528008673654e-05
26.29239 4.517528008673654e-05
26.2936 9.035056017347308e-05
26.2948 0.0001355258402602096
26.29601 0.0002258764004336827
26.29722 0.0002710516805204192
26.29842 0.00031622696060715574
26.29963 0.0003614022406938923
26.30084 0.0004065775207806289
26.30204 0.0004969280809541019
26.30325 0.0005421033610408384
26.30446 0.0005421033610408384
26.30566 0.000587278641127575
26.30687 0.0006324539212143115
26.30808 0.0006324539212143115
26.30928 0.0006324539212143115
26.31049 0.0006324539212143115
26.3117 0.000587278641127575
26.3129 0.0005421033610408384
26.31411 0.0004517528008673654
26.31532 0.0004065775207806289
26.31653 0.0002710516805204192
26.31773 0.0001355258402602096
26.31894 0.0
