2.50112 0.026873654686582742
2.50233 0.02684104102798252
2.50354 0.026580131759180742
2.50474 0.026449677124779854
2.50595 0.02648229078338008
2.50716 0.026319222490378973
2.50837 0.025993085904376753
2.50957 0.026090926880177417
2.51078 0.026123540538777638
2.51199 0.025993085904376753
2.51319 0.025862631269975865
2.5144 0.025666949318374536
2.51561 0.025503881025373428
2.51681 0.025471267366773204
2.51802 0.025275585415171872
2.51923 0.025112517122170764
2.52043 0.02498206248776988
2.52164 0.024916835170569435
2.52285 0.024916835170569435
2.52405 0.024786380536168547
2.52526 0.024558084925966995
2.52647 0.02452547126736677
2.52767 0.024427630291566107
2.52888 0.024362402974365663
2.53009 0.024231948339964778
2.53129 0.02406888004696367
2.5325 0.023807970778161894
2.53371 0.023840584436762114
2.53492 0.02374274346096145
2.53612 0.023644902485160785
2.53733 0.023481834192159677
2.53854 0.023416606874959233
2.53974 0.023286152240558345
2.54095 0.023123083947557237
2.54216 0.022894788337355684
2.54336 0.02286217467875546
2.54457 0.02282956102015524
2.54578 0.022699106385754352
2.54698 0.02263387906855391
2.54819 0.022372969799752136
2.5494 0.022242515165351247
2.5506 0.022209901506751027
2.55181 0.022144674189550583
2.55302 0.021851151262148587
2.55422 0.021590241993346814
2.55543 0.021394560041745482
2.55664 0.021459787358945926
2.55785 0.021361946383145262
2.55905 0.021101037114343486
2.56026 0.021068423455743265
2.56147 0.021068423455743265
2.56267 0.020840127845541713
2.56388 0.020546604918139717
2.56509 0.020448763942339052
2.56629 0.020318309307938164
2.5675 0.020122627356336836
2.56871 0.019894331746135283
2.56991 0.019926945404735504
2.57112 0.019763877111734395
2.57233 0.019470354184332395
2.57353 0.019372513208531734
2.57474 0.019176831256930402
2.57595 0.01898114930532907
2.57715 0.018915921988128626
2.57836 0.018850694670928186
2.57957 0.01858978540212641
2.58077 0.01839410345052508
2.58198 0.018296262474724417
2.58319 0.01787228491292153
2.5844 0.017709216619920424
2.5856 0.017709216619920424
2.58681 0.017546148326919316
2.58802 0.01725262539951732
2.58922 0.017056943447915987
2.59043 0.01686126149631466
2.59164 0.01669819320331355
2.59284 0.016600352227512882
2.59405 0.016469897593111994
2.59526 0.016437283934511774
2.59646 0.016176374665709998
2.59767 0.015882851738308005
2.59888 0.01565455612810645
2.60008 0.015393646859304678
2.60129 0.01510012393190268
2.6025 0.015002282956102016
2.6037 0.01470876002870002
2.60491 0.014513078077098689
2.60612 0.014415237101298025
2.60732 0.01415432783249625
2.60853 0.013991259539495142
2.60974 0.013828191246494032
2.61095 0.01359989563629248
2.61215 0.013371600026090927
2.61336 0.013208531733089817
2.61457 0.012849781488487378
2.61577 0.012458417585284718
2.61698 0.01232796295088383
2.61819 0.012230121975083164
2.61939 0.012164894657882721
2.6206 0.012099667340682279
2.62181 0.011740917096079839
2.62301 0.011512621485878286
2.62422 0.011316939534276956
2.62543 0.011088643924075402
2.62663 0.01102341660687496
2.62784 0.010762507338073185
2.62905 0.01046898441067119
2.63025 0.010371143434870524
2.63146 0.010175461483269192
2.63267 0.009686256604265867
2.63387 0.009653642945665645
2.63508 0.009457960994064313
2.63629 0.009131824408062096
2.6375 0.008968756115060986
2.6387 0.008773074163459658
2.63991 0.008577392211858326
2.64112 0.008512164894657882
2.64232 0.00844693757745744
2.64353 0.008088187332854999
2.64474 0.007827278064053225
2.64594 0.007827278064053225
2.64715 0.007598982453851673
2.64836 0.007305459526449677
2.64956 0.007109777574848346
2.65077 0.006946709281847237
2.65198 0.006685800013045464
2.65318 0.006555345378644576
2.65439 0.006359663427043245
2.6556 0.006196595134042137
2.6568 0.0060009131824408065
2.65801 0.005740003913639032
2.65922 0.00551170830343748
2.66042 0.0053486400104363705
2.66163 0.005087730741634596
2.66284 0.005022503424434153
2.66405 0.004794207814232601
2.66525 0.004696366838431935
2.66646 0.004468071228230382
2.66767 0.004337616593829496
2.66887 0.003978866349227056
2.67008 0.003881025373426391
2.67129 0.0040440936664274995
2.67249 0.003620116104624617
2.6737 0.0031961385428217336
2.67491 0.0029678429326201812
2.67611 0.002870001956819516
2.67732 0.002739547322418629
2.67853 0.0025112517122170765
2.67973 0.0025112517122170765
2.68094 0.0023155697606157457
2.68215 0.0020546604918139717
2.68335 0.0019242058574130848
2.68456 0.001858978540212641
2.68577 0.0018263648816124192
2.68697 0.001695910247211532
2.68818 0.0015328419542104232
2.68939 0.0013697736612093144
2.6906 0.0011088643924075403
2.6918 0.0009457960994064314
2.69301 0.0009131824408062096
2.69422 0.0010436370752070969
2.69542 0.000978409758006653
2.69663 0.0007827278064053226
2.69784 0.0006522731720044355
2.69904 0.0005870458548039919
2.70025 0.0003587502446024395
2.70146 0.000423977561802883
2.70266 0.0004565912204031048
2.70387 0.00029352292740199596
2.70508 -3.261365860022178e-05
2.70628 -0.0001304546344008871
2.70749 -0.0001304546344008871
2.7087 -9.784097580066533e-05
2.7099 -6.522731720044356e-05
2.71111 0.0
2.71232 0.0002282956102015524
2.71352 0.0006522731720044355
2.71473 0.000978409758006653
2.71594 0.0012393190268084275
2.71715 0.001728523905811754
2.71835 0.0024134107364164113
2.71956 0.0029026156154197376
2.72077 0.003391820494423064
2.72197 0.0038157980562259475
2.72318 0.0041419346422281655
2.72439 0.004631139521231491
2.72559 0.005185571717435262
2.7268 0.005805231230839475
2.72801 0.006392277085643467
2.72921 0.007044550257647903
2.73042 0.00772943708825256
2.73163 0.00844693757745744
2.73283 0.009229665383862763
2.73404 0.010045006848868306
2.73525 0.011088643924075402
2.73645 0.012001826364881613
2.73766 0.012980236122888265
2.73887 0.01418694149109647
2.74007 0.015556715152305785
2.74128 0.01669819320331355
2.74249 0.017970125888722197
2.7437 0.019405126867131955
2.7449 0.020807514186941493
2.74611 0.02240558345835236
2.74732 0.02406888004696367
2.74852 0.025699562976974757
2.74973 0.027460700541386735
2.75094 0.02938490639879982
2.75214 0.031504794207814234
2.75335 0.03349422738242776
2.75456 0.03551627421564151
2.75576 0.037864457634857476
2.75697 0.040180027395473224
2.75818 0.042593438131889635
2.75938 0.04516991716130715
2.76059 0.047811623507925116
2.7618 0.05051855717174353
2.763 0.05329071815276238
2.76421 0.05619333376818211
2.76542 0.05935685865240363
2.76663 0.062422542560824475
2.76783 0.0656186811036462
2.76904 0.0689126606222686
2.77025 0.07223925379949123
2.77145 0.07576152892831518
2.77266 0.07938164503293979
2.77387 0.08306698845476486
2.77507 0.08685017285239058
2.77628 0.09069858456721676
2.77749 0.09464483725784359
2.77869 0.09875415824147153
2.7799 0.10283086556649926
2.78111 0.10694018655012719
2.78231 0.11111473485095559
2.78352 0.11545235144478508
2.78473 0.11978996803861457
2.78593 0.12406235731524362
2.78714 0.12846520122627356
2.78835 0.1329984997717044
2.78955 0.13756441197573543
2.79076 0.14209771052116626
2.79197 0.14646794077359598
2.79318 0.15093601200182638
2.79438 0.15553453786445764
2.79559 0.1601004500684887
2.7968 0.16450329397951863
2.798 0.16877568325614767
2.79921 0.1731459135085774
2.80042 0.17754875741960735
2.80162 0.18185376035483658
2.80283 0.18625660426586654
2.80404 0.19065944817689648
2.80524 0.19493183745352552
2.80645 0.1992368403887548
2.80766 0.20337877503098298
2.80886 0.2074554823560107
2.81007 0.21159741699823884
2.81128 0.21564151066466636
2.81248 0.21955514969669299
2.81369 0.22350140238731978
2.8149 0.2274802687365469
2.8161 0.23119822581697214
2.81731 0.2349161828973974
2.81852 0.23873198095362339
2.81973 0.242352097058248
2.82093 0.2459722131628726
2.82214 0.2496901702432979
2.82335 0.2534081273237232
2.82455 0.2567347205009458
2.82576 0.25996347270236775
2.82697 0.26338790685539104
2.82817 0.26658404539821273
2.82938 0.2698127975996347
2.83059 0.2731720044354576
2.83179 0.2763681429782793
2.833 0.27943382688670015
2.83421 0.2824668971365208
2.83541 0.2853695127519405
2.83662 0.28823951470876
2.83783 0.2911421303241798
2.83903 0.2937838366707977
2.84024 0.29652338399321637
2.84145 0.29919770399843454
2.84265 0.30187202400365276
2.84386 0.3045137303502707
2.84507 0.30715543669688866
2.84628 0.3097645293849064
2.84748 0.3123083947557237
2.84869 0.3149174874437415
2.8499 0.31746135281455873
2.8511 0.31997260452677584
2.85231 0.32245124258039265
2.85352 0.3249298806340095
2.85472 0.32737590502902614
2.85593 0.3297567021068424
2.85714 0.3323005674776596
2.85834 0.33481181918987674
2.85955 0.3371273889504925
2.86076 0.3395081860283086
2.86196 0.3419868240819255
2.86317 0.34446546213554236
2.86438 0.34687887287195873
2.86558 0.349259669949775
2.86679 0.35164046702759116
2.868 0.3541517187398083
2.8692 0.3566303567934251
2.87041 0.35904376752984146
2.87162 0.3612941099732568
2.87283 0.3635770660752723
2.87403 0.3660230904702889
2.87524 0.36840388754810516
2.87645 0.37081729828452153
2.87765 0.3730350270693366
2.87886 0.375154914878351
2.88007 0.377503098297567
2.88127 0.379851281716783
2.88248 0.38203639684299784
2.88369 0.38428673928641316
2.88489 0.3864392407540278
2.8861 0.38849390124584177
2.88731 0.3904181071032548
2.88851 0.39237492661926815
2.88972 0.39456004174548304
2.89093 0.3967125432130976
2.89213 0.3985715217533103
2.89334 0.40036527297632246
2.89455 0.4021264105407345
2.89575 0.40388754810514643
2.89696 0.405583458352358
2.89817 0.40721414128236905
2.89938 0.40855130128497813
2.90058 0.4098232339703868
2.90179 0.41116039397299586
2.903 0.4123670993412041
2.9042 0.41354119105081205
2.90541 0.41465005544321965
2.90662 0.415595851542626
2.90782 0.41634596569043114
2.90903 0.41696562520383534
2.91024 0.4174874437414389
2.91144 0.4179766486204422
2.91265 0.4183680125236449
2.91386 0.4186941491096471
2.91506 0.418824603744048
2.91627 0.41872676276824733
2.91748 0.4185636944752463
2.91868 0.4183680125236449
2.91989 0.4180092622790425
2.9211 0.41758528471723955
2.9223 0.41703085252103583
2.92351 0.41624812471463046
2.92472 0.41526971495662385
2.92593 0.4141934642228165
2.92713 0.4132150544648099
2.92834 0.4121714173896027
2.92955 0.4108016437283934
2.93075 0.4093666427499837
2.93196 0.40780118713717306
2.93317 0.40607266323136126
2.93437 0.4041810710325484
2.93558 0.40225686517513537
2.93679 0.40036527297632246
2.93799 0.39834322614310874
2.9392 0.3960928836996934
2.94041 0.39377731393907767
2.94161 0.3914617441784619
2.94282 0.3890809471006458
2.94403 0.3866023090470289
2.94523 0.38392798904181075
2.94644 0.38131889635379296
2.94765 0.37867719000717504
2.94885 0.37580718805035546
2.95006 0.3728393451177353
2.95127 0.370001956819516
2.95248 0.3671319548626965
2.95368 0.36403365729567544
2.95489 0.3608375187528537
2.9561 0.3577066075272324
2.9573 0.3545430826430109
2.95851 0.35111864848998764
2.95972 0.3476289870197639
2.96092 0.34430239384254124
2.96213 0.34110625529971955
2.96334 0.33784488943969737
2.96454 0.3344204552866741
2.96575 0.33096340747505054
2.96696 0.3275715869806275
2.96816 0.3242449938034048
2.96937 0.320885786967582
2.97058 0.317493966473159
2.97178 0.3141347596373361
2.97299 0.3108081664601135
2.9742 0.3074815732828909
2.9754 0.30428543474006914
2.97661 0.3011545235144479
2.97782 0.2979909986302264
2.97903 0.29489270106320525
2.98023 0.29182701715478443
2.98144 0.28882656056356404
2.98265 0.2857934903137434
2.98385 0.28279303372252296
2.98506 0.2799882590829039
2.98627 0.2772813254190855
2.98747 0.2744765507794664
2.98868 0.27163916248124714
2.98989 0.268964842476029
2.99109 0.26635574978801124
2.9923 0.26381188441719394
2.99351 0.26130063270497683
2.99471 0.2587893809927598
2.99592 0.25637597025634334
2.99713 0.2539299458613267
2.99833 0.2515165351249103
2.99954 0.2492988063400952
3.00075 0.2471463048724806
3.00196 0.24502641706346617
3.00316 0.2428413019372513
3.00437 0.2407540277868371
3.00558 0.23873198095362339
3.00678 0.23670993412040964
3.00799 0.23475311460439632
3.0092 0.23299197703998437
3.0104 0.23132868045137306
3.01161 0.2296327702041615
3.01282 0.22793685995694996
3.01402 0.2263387906855391
3.01523 0.22474072141412824
3.01644 0.22314265214271736
3.01764 0.22174026482290782
3.01885 0.2205009457960994
3.02006 0.21919639945209055
3.02126 0.21785923944948143
3.02247 0.21665253408127325
3.02368 0.21551105603026546
3.02488 0.21440219163785795
3.02609 0.21335855456265085
3.0273 0.2124127584632444
3.02851 0.21146696236383797
3.02971 0.210586393581632
3.03092 0.20970582479942598
3.03213 0.20885786967582023
3.03333 0.20810775552801514
3.03454 0.20739025503881023
3.03575 0.20664014089100516
3.03695 0.20592264040180028
3.03816 0.20527036722979583
3.03937 0.2047159350335921
3.04057 0.2041941164959885
3.04178 0.2035744569825843
3.04299 0.2029874111277803
3.04419 0.2025308199073772
3.0454 0.2021720696627748
3.04661 0.2017807057595721
3.04781 0.201324114539169
3.04902 0.2009001369773661
3.05023 0.20047615941556324
3.05143 0.20001956819516015
3.05264 0.19959559063335724
3.05385 0.19926945404735502
3.05506 0.19887809014415236
3.05626 0.1984867262409497
3.05747 0.19812797599634727
3.05868 0.19776922575174483
3.05988 0.1973126345313417
3.06109 0.19692127062813908
3.0623 0.1965299067249364
3.0635 0.19610592916313352
3.06471 0.19564933794273043
3.06592 0.19525797403952774
3.06712 0.1948992237949253
3.06833 0.1945404735503229
3.06954 0.19418172330572045
3.07074 0.19375774574391755
3.07195 0.1932685408649142
3.07316 0.19284456330311134
3.07436 0.19242058574130844
3.07557 0.19196399452090537
3.07678 0.19150740330050225
3.07798 0.19108342573869938
3.07919 0.19052899354249558
3.0804 0.18997456134629184
3.08161 0.18951797012588872
3.08281 0.18899615158828517
3.08402 0.18840910573348119
3.08523 0.18788728719587763
3.08643 0.18749592329267498
3.08764 0.18703933207227186
3.08885 0.18641967255886766
3.09005 0.1857673993868632
3.09126 0.18518035353205922
3.09247 0.18462592133585545
3.09367 0.18407148913965168
3.09488 0.18354967060204813
3.09609 0.1830604657230448
3.09729 0.1825712608440415
3.0985 0.18195160133063726
3.09971 0.1814297827930337
3.10091 0.1809405779140304
3.10212 0.18045137303502706
3.10333 0.17996216815602373
3.10453 0.1794403496184202
3.10574 0.17895114473941687
3.10695 0.17852716717761397
3.10816 0.17807057595721087
3.10936 0.17758137107820754
3.11057 0.17712477985780445
3.11178 0.1766355749788011
3.11298 0.1761463700997978
3.11419 0.17565716522079447
3.1154 0.1752331876589916
3.1166 0.1748418237557889
3.11781 0.17445045985258628
3.11902 0.17402648229078338
3.12022 0.17353727741178004
3.12143 0.17311329984997717
3.12264 0.17268932228817427
3.12384 0.17223273106777118
3.12505 0.17174352618876784
3.12626 0.1713521622855652
3.12746 0.1709281847237623
3.12867 0.17050420716195944
3.12988 0.1701780705759572
3.13108 0.169851933989955
3.13229 0.1693953427695519
3.1335 0.168971365207749
3.13471 0.16854738764594612
3.13591 0.16818863740134368
3.13712 0.16792772813254192
3.13833 0.16753636422933924
3.13953 0.16704715935033593
3.14074 0.1666884091057335
3.14195 0.16636227251973126
3.14315 0.16600352227512882
3.14436 0.16564477203052638
3.14557 0.1653512491031244
3.14677 0.16502511251712215
3.14798 0.16466636227251974
3.14919 0.16427499836931705
3.15039 0.16391624812471461
3.1516 0.16359011153871242
3.15281 0.16323136129410995
3.15401 0.16287261104950754
3.15522 0.1625138608049051
3.15643 0.1621224969017024
3.15763 0.1617637466571
3.15884 0.16143761007109778
3.16005 0.16107885982649534
3.16126 0.1607201095818929
3.16246 0.16039397299589067
3.16367 0.1601330637270889
3.16488 0.15980692714108669
3.16608 0.15941556323788403
3.16729 0.1590568129932816
3.1685 0.15876329006587958
3.1697 0.15840453982127717
3.17091 0.15801317591807448
3.17212 0.15762181201487183
3.17332 0.1572956754288696
3.17453 0.15696953884286738
3.17574 0.15664340225686518
3.17694 0.15625203835366253
3.17815 0.1559259017676603
3.17936 0.15559976518165808
3.18056 0.15527362859565585
3.18177 0.15491487835105341
3.18298 0.15449090078925054
3.18418 0.15393646859304677
3.18539 0.15344726371404344
3.1866 0.1532189681038419
3.18781 0.1529580588350401
3.18901 0.1524688539560368
3.19022 0.15197964907703346
3.19143 0.1515882851738308
3.19263 0.15122953492922836
3.19384 0.15080555736742549
3.19505 0.15038157980562258
3.19625 0.14999021590241995
3.19746 0.14956623834061705
3.19867 0.14910964712021393
3.19987 0.14871828321701128
3.20108 0.14826169199660819
3.20229 0.14780510077620507
3.20349 0.14734850955580195
3.2047 0.14689191833539886
3.20591 0.14637009979779533
3.20711 0.145880894918792
3.20832 0.14539169003978866
3.20953 0.14490248516078533
3.21074 0.14441328028178202
3.21194 0.14398930271997912
3.21315 0.14340225686517513
3.21436 0.14278259735177093
3.21556 0.14226077881416738
3.21677 0.14180418759376426
3.21798 0.1412823690561607
3.21918 0.1406300958841563
3.22039 0.1399125953949514
3.2216 0.13922770856434674
3.2228 0.13864066270954276
3.22401 0.138086230513339
3.22522 0.13746657099993478
3.22642 0.13684691148653055
3.22763 0.13629247929032678
3.22884 0.1357054334355228
3.23004 0.13508577392211857
3.23125 0.13446611440871437
3.23246 0.13384645489531016
3.23366 0.13322679538190593
3.23487 0.13260713586850173
3.23608 0.1319548626964973
3.23729 0.13133520318309308
3.23849 0.13071554366968885
3.2397 0.13012849781488486
3.24091 0.12954145196008088
3.24211 0.12888917878807643
3.24332 0.12826951927467223
3.24453 0.12768247341986824
3.24573 0.12709542756506423
3.24694 0.1265409953688605
3.24815 0.1259865631726567
3.24935 0.1253995173178527
3.25056 0.12481247146304872
3.25177 0.12416019829104429
3.25297 0.12350792511903985
3.25418 0.12292087926423587
3.25539 0.12230121975083164
3.25659 0.12171417389602765
3.2578 0.1211597416998239
3.25901 0.12067053682082055
3.26021 0.12021394560041744
3.26142 0.11969212706281392
3.26263 0.11917030852521036
3.26384 0.11861587632900658
3.26504 0.11799621681560236
3.26625 0.11734394364359793
3.26746 0.11675689778879395
3.26866 0.11626769290979062
3.26987 0.11574587437218707
3.27108 0.11515882851738309
3.27228 0.11470223729697997
3.27349 0.11427825973517709
3.2747 0.11375644119757354
3.2759 0.11316939534276955
3.27711 0.11268019046376622
3.27832 0.11228882656056358
3.27952 0.11183223534016046
3.28073 0.11137564411975735
3.28194 0.1108538255821538
3.28314 0.11036462070315048
3.28435 0.10994064314134759
3.28556 0.1095166655795447
3.28676 0.10896223338334095
3.28797 0.10847302850433761
3.28918 0.1080164372839345
3.29039 0.10755984606353142
3.29159 0.10707064118452807
3.2928 0.1066466636227252
3.29401 0.1063531406953232
3.29521 0.10599439045072076
3.29642 0.10553779923031766
3.29763 0.1050159806927141
3.29883 0.10462461678951143
3.30004 0.104265866544909
3.30125 0.10384188898310612
3.30245 0.10335268410410281
3.30366 0.10292870654229991
3.30487 0.10256995629769747
3.30607 0.10224381971169527
3.30728 0.10181984214989238
3.30849 0.1013958645880895
3.30969 0.10100450068488684
3.3109 0.10067836409888462
3.31211 0.10028700019568194
3.31331 0.09983040897527884
3.31452 0.09940643141347597
3.31573 0.09911290848607397
3.31694 0.09881938555867197
3.31814 0.09842802165546931
3.31935 0.0979714304350662
3.32056 0.09758006653186353
3.32176 0.09731915726306177
3.32297 0.09709086165286022
3.32418 0.09673211140825777
3.32538 0.0963081338464549
3.32659 0.09598199726045269
3.3278 0.09575370165025113
3.329 0.09549279238144935
3.33021 0.09519926945404736
3.33142 0.09487313286804513
3.33262 0.09461222359924336
3.33383 0.09428608701324115
3.33504 0.09392733676863871
3.33624 0.09360120018263648
3.33745 0.09334029091383471
3.33866 0.09311199530363316
3.33986 0.09285108603483139
3.34107 0.09259017676602961
3.34228 0.09236188115582807
3.34349 0.0921335855456265
3.34469 0.09190528993542496
3.3459 0.0916769943252234
3.34711 0.09148131237362207
3.34831 0.09131824408062096
3.34952 0.09118778944622007
3.35073 0.09102472115321897
3.35193 0.09086165286021786
3.35314 0.09069858456721676
3.35435 0.09053551627421565
3.35555 0.09043767529841498
3.35676 0.0903398343226143
3.35797 0.09024199334681364
3.35917 0.09014415237101299
3.36038 0.0901767660296132
3.36159 0.09020937968821342
3.36279 0.09024199334681364
3.364 0.09024199334681364
3.36521 0.09027460700541387
3.36641 0.0903398343226143
3.36762 0.09040506163981475
3.36883 0.09040506163981475
3.37004 0.09040506163981475
3.37124 0.0903398343226143
3.37245 0.09030722066401409
3.37366 0.09027460700541387
3.37486 0.09027460700541387
3.37607 0.09027460700541387
3.37728 0.09027460700541387
3.37848 0.09027460700541387
3.37969 0.0901767660296132
3.3809 0.09004631139521231
3.3821 0.08991585676081143
3.38331 0.08978540212641054
3.38452 0.08965494749200965
3.38572 0.08949187919900854
3.38693 0.08945926554040833
3.38814 0.08939403822320788
3.38934 0.08929619724740721
3.39055 0.0891331289544061
3.39176 0.08906790163720567
3.39296 0.08903528797860544
3.39417 0.08903528797860544
3.39538 0.08903528797860544
3.39659 0.08903528797860544
3.39779 0.08910051529580588
3.399 0.08919835627160655
3.40021 0.08936142456460766
3.40141 0.08952449285760876
3.40262 0.08965494749200965
3.40383 0.08985062944361098
3.40503 0.09007892505381253
3.40624 0.09030722066401409
3.40745 0.09053551627421565
3.40865 0.09079642554301741
3.40986 0.09108994847041942
3.41107 0.09138347139782141
3.41227 0.09161176700802295
3.41348 0.09177483530102407
3.41469 0.09190528993542496
3.41589 0.09206835822842607
3.4171 0.09223142652142717
3.41831 0.09229665383862762
3.41952 0.09232926749722783
3.42072 0.09232926749722783
3.42193 0.09229665383862762
3.42314 0.0921335855456265
3.42434 0.09187267627682473
3.42555 0.09148131237362207
3.42676 0.09099210749461875
3.42796 0.0904702889570152
3.42917 0.08981801578501075
3.43038 0.08906790163720567
3.43158 0.08835040114800077
3.43279 0.08769812797599635
3.434 0.08711108212119235
3.4352 0.08655664992498859
3.43641 0.08600221772878482
3.43762 0.0855130128497815
3.43882 0.08512164894657884
3.44003 0.08476289870197638
3.44124 0.08440414845737394
3.44244 0.08407801187137173
3.44365 0.08375187528536952
3.44486 0.08342573869936729
3.44607 0.08306698845476486
3.44727 0.08274085186876264
3.44848 0.08247994259996086
3.44969 0.08221903333115908
3.45089 0.08195812406235731
3.4521 0.08166460113495531
3.45331 0.08137107820755332
3.45451 0.08107755528015133
3.45572 0.0807514186941491
3.45693 0.08039266844954666
3.45813 0.08006653186354445
3.45934 0.07977300893614245
3.46055 0.07947948600874045
3.46175 0.07915334942273825
3.46296 0.07885982649533625
3.46417 0.07856630356793425
3.46537 0.07827278064053225
3.46658 0.07801187137173048
3.46779 0.07788141673732958
3.46899 0.0777509621029287
3.4702 0.07755528015132737
3.47141 0.07726175722392538
3.47262 0.0770008479551236
3.47382 0.07677255234492204
3.47503 0.0765442567347205
3.47624 0.07634857478311917
3.47744 0.07608766551431739
3.47865 0.07582675624551562
3.47986 0.0756636879525145
3.48106 0.07550061965951341
3.48227 0.07523971039071163
3.48348 0.07491357380470941
3.48468 0.07462005087730741
3.48589 0.07439175526710587
3.4871 0.07416345965690431
3.4883 0.07386993672950232
3.48951 0.07351118648489988
3.49072 0.07321766355749788
3.49192 0.07302198160589655
3.49313 0.072793685995695
3.49434 0.0726306177026939
3.49554 0.07253277672689322
3.49675 0.07253277672689322
3.49796 0.07253277672689322
3.49917 0.07243493575109256
3.50037 0.07233709477529189
3.50158 0.07227186745809144
3.50279 0.07217402648229078
3.50399 0.07194573087208923
3.5052 0.07155436696888658
3.50641 0.07109777574848346
3.50761 0.07057595721087992
3.50882 0.07002152501467615
3.51003 0.06940186550127193
3.51123 0.06878220598786772
3.51244 0.0681625464744635
3.51365 0.06747765964385885
3.51485 0.06685800013045463
3.51606 0.06630356793425086
3.51727 0.06571652207944688
3.51847 0.06512947622464288
3.51968 0.06464027134563956
3.52089 0.06418368012523645
3.52209 0.06375970256343357
3.5233 0.06330311134303046
3.52451 0.06281390646402712
3.52572 0.062357315243624034
3.52692 0.061933337681821146
3.52813 0.06163981475441915
3.52934 0.06134629182701715
3.53054 0.06105276889961516
3.53175 0.06075924597221317
3.53296 0.06049833670341139
3.53416 0.06020481377600939
3.53537 0.0599112908486074
3.53658 0.05958515426260518
3.53778 0.05925901767660296
3.53899 0.05896549474920096
3.5402 0.058671971821798966
3.5414 0.05841106255299719
3.54261 0.05808492596699497
3.54382 0.057824016698193204
3.54502 0.057628334746591875
3.54623 0.05746526645359076
3.54744 0.05726958450198943
3.54864 0.057041288891787875
3.54985 0.0567803796229861
3.55106 0.05651947035418434
3.55227 0.056291174743982784
3.55347 0.05609549279238145
3.55468 0.05589981084078011
3.55589 0.055736742547779015
3.55709 0.05554106059617768
3.5583 0.055345378644576344
3.55951 0.05511708303437479
3.56071 0.05485617376557303
3.56192 0.054595264496771254
3.56313 0.05439958254516992
3.56433 0.05426912791076902
3.56554 0.05413867327636814
3.56675 0.053942991324766806
3.56795 0.05377992303176571
3.56916 0.0536168547387646
3.57037 0.05338855912856304
3.57157 0.053160263518361485
3.57278 0.05296458156676016
3.57399 0.052736285956558604
3.57519 0.05257321766355749
3.5764 0.052410149370556394
3.57761 0.052312308394755716
3.57882 0.05221446741895506
3.58002 0.05201878546735372
3.58123 0.0518231035157524
3.58244 0.05166003522275129
3.58364 0.05152958058835041
3.58485 0.05133389863674907
3.58606 0.05113821668514774
3.58726 0.05094253473354641
3.58847 0.050779466440545304
3.58968 0.050649011806144416
3.59088 0.05051855717174353
3.59209 0.050355488878742416
3.5933 0.050192420585741304
3.5945 0.049996738634139976
3.59571 0.04983367034113887
3.59692 0.04970321570673798
3.59812 0.049572761072337095
3.59933 0.049377079120735766
3.60054 0.049214010827734654
3.60174 0.04905094253473354
3.60295 0.048920487900332654
3.60416 0.048724805948731326
3.60537 0.048594351314330445
3.60657 0.04849651033852977
3.60778 0.048366055704128885
3.60899 0.04826821472832823
3.61019 0.04813776009392734
3.6114 0.04790946448372578
3.61261 0.04771378253212445
3.61381 0.04755071423912334
3.61502 0.04742025960472246
3.61623 0.04728980497032157
3.61743 0.04715935033592068
3.61864 0.04706150936012002
3.61985 0.04693105472571913
3.62105 0.046767986432718026
3.62226 0.046604918139716914
3.62347 0.046474463505316026
3.62467 0.04634400887091514
3.62588 0.04624616789511447
3.62709 0.046115713260713585
3.6283 0.0459852586263127
3.6295 0.04578957667471137
3.63071 0.04559389472311003
3.63192 0.045463440088709145
3.63312 0.045332985454308264
3.63433 0.045202530819907376
3.63554 0.045072076185506495
3.63674 0.044909007892505376
3.63795 0.04474593959950427
3.63916 0.04458287130650316
3.64036 0.04445241667210228
3.64157 0.04435457569630161
3.64278 0.04425673472050095
3.64398 0.04412628008610006
3.64519 0.04399582545169917
3.6464 0.043865370817298285
3.6476 0.0437349161828974
3.64881 0.04363707520709673
3.65002 0.043506620572695845
3.65122 0.043310938621094516
3.65243 0.04318048398669363
3.65364 0.04308264301089296
3.65485 0.043017415693692516
3.65605 0.042952188376492076
3.65726 0.04282173374209119
3.65847 0.04262605179048986
3.65967 0.04249559715608897
3.66088 0.04236514252168808
3.66209 0.042234687887287195
3.66329 0.042039005935685866
3.6645 0.04184332398408453
3.66571 0.041745483008283873
3.66691 0.04171286934968364
3.66812 0.0416476420324832
3.66933 0.0414845737394821
3.67053 0.04135411910508121
3.67174 0.04125627812928054
3.67295 0.04109320983627943
3.67415 0.04093014154327833
3.67536 0.04079968690887744
3.67657 0.04066923227447655
3.67777 0.04050616398147544
3.67898 0.040343095688474336
3.68019 0.04027786837127389
3.6814 0.04021264105407345
3.6826 0.04011480007827278
3.68381 0.039886504468071224
3.68502 0.03972343617507012
3.68622 0.03959298154066923
3.68743 0.03949514056486857
3.68864 0.039332072271867455
3.68984 0.03916900397886635
3.69105 0.03903854934446546
3.69226 0.03894070836866479
3.69346 0.03887548105146435
3.69467 0.038777640075663686
3.69588 0.03867979909986302
3.69708 0.03851673080686191
3.69829 0.03832104885526058
3.6995 0.038157980562259476
3.7007 0.03802752592785859
3.70191 0.037864457634857476
3.70312 0.037734003000456595
3.70432 0.037636162024655924
3.70553 0.03753832104885526
3.70674 0.037440480073054595
3.70795 0.03734263909725393
3.70915 0.03717957080425282
3.71036 0.037016502511251714
3.71157 0.0368534342182506
3.71277 0.03675559324244994
3.71398 0.03669036592524949
3.71519 0.03659252494944883
3.71639 0.036462070315047945
3.7176 0.03633161568064706
3.71881 0.03620116104624617
3.72001 0.03607070641184528
3.72122 0.03594025177744439
3.72243 0.035809797143043505
3.72363 0.03567934250864262
3.72484 0.03561411519144217
3.72605 0.03554888787424173
3.72725 0.035385819581240624
3.72846 0.03522275128823952
3.72967 0.03509229665383863
3.73087 0.03499445567803796
3.73208 0.034896614702237296
3.73329 0.03479877372643663
3.7345 0.03470093275063597
3.7357 0.03457047811623508
3.73691 0.034407409823233974
3.73812 0.034276955188833086
3.73932 0.034179114213032415
3.74053 0.0341465005544322
3.74174 0.03404865957863153
3.74294 0.03391820494423064
3.74415 0.033755136651229534
3.74536 0.033559454699628205
3.74656 0.03342900006522732
3.74777 0.03333115908942665
3.74898 0.03323331811362598
3.75018 0.03310286347922509
3.75139 0.033005022503424436
3.7526 0.03297240884482421
3.7538 0.03293979518622399
3.75501 0.032841954210423324
3.75622 0.03271149957602244
3.75742 0.03251581762442111
3.75863 0.03238536299002022
3.75984 0.03225490835561933
3.76105 0.03215706737981867
3.76225 0.032059226404018
3.76346 0.03196138542821734
3.76467 0.03186354445241667
3.76587 0.031733089818015786
3.76708 0.03163524884221512
3.76829 0.031504794207814234
3.76949 0.031439566890613786
3.7707 0.03134172591481312
3.77191 0.031211271280412237
3.77311 0.03108081664601135
3.77432 0.03098297567021068
3.77553 0.030885134694410017
3.77673 0.03072206640140891
3.77794 0.0305589981084078
3.77915 0.030461157132607133
3.78035 0.030363316156806472
3.78156 0.030232861522405584
3.78277 0.030069793229404475
3.78397 0.02993933859500359
3.78518 0.029874111277803143
3.78639 0.029808883960602703
3.7876 0.029711042984802035
3.7888 0.029515361033200706
3.79001 0.029352292740199595
3.79122 0.029221838105798707
3.79242 0.029156610788598266
3.79363 0.029123997129998046
3.79484 0.029091383471397825
3.79604 0.028993542495597158
3.79725 0.02886308786119627
3.79846 0.02873263322679538
3.79966 0.028569564933794273
3.80087 0.028439110299393385
3.80208 0.0283086556649925
3.80328 0.028243428347792053
3.80449 0.028145587371991392
3.8057 0.028047746396190724
3.8069 0.027917291761789836
3.80811 0.02778683712738895
3.80932 0.027656382492988064
3.81052 0.027558541517187396
3.81173 0.027460700541386735
3.81294 0.027362859565586067
3.81415 0.0272650185897854
3.81535 0.02713456395538451
3.81656 0.027004109320983623
3.81777 0.026873654686582742
3.81897 0.026775813710782075
3.82018 0.02667797273498141
3.82139 0.026580131759180742
3.82259 0.026514904441980302
3.8238 0.026417063466179634
3.82501 0.026319222490378973
3.82621 0.026253995173178526
3.82742 0.026156154197377858
3.82863 0.026025699562976973
3.82983 0.025895244928576085
3.83104 0.025797403952775425
3.83225 0.025732176635574977
3.83345 0.025634335659774316
3.83466 0.02553649468397365
3.83587 0.025471267366773204
3.83708 0.025373426390972537
3.83828 0.025275585415171872
3.83949 0.025145130780770988
3.8407 0.02498206248776988
3.8419 0.02488422151196921
3.84311 0.024818994194768768
3.84432 0.024753766877568327
3.84552 0.02465592590176766
3.84673 0.024558084925966995
3.84794 0.02449285760876655
3.84914 0.024362402974365663
3.85035 0.024231948339964778
3.85156 0.024134107364164114
3.85276 0.02406888004696367
3.85397 0.024003652729763226
3.85518 0.023938425412562782
3.85638 0.023840584436762114
3.85759 0.02371012980236123
3.8588 0.02357967516796034
3.86 0.023481834192159677
3.86121 0.023383993216359013
3.86242 0.02331876589915857
3.86363 0.02318831126475768
3.86483 0.023057856630356793
3.86604 0.02299262931315635
3.86725 0.022927401995955905
3.86845 0.02282956102015524
3.86966 0.022731720044354572
3.87087 0.022601265409953688
3.87207 0.022470810775552803
3.87328 0.022340356141151915
3.87449 0.022242515165351247
3.87569 0.022144674189550583
3.8769 0.02207944687235014
3.87811 0.021981605896549475
3.87931 0.02191637857934903
3.88052 0.021851151262148587
3.88173 0.021818537603548366
3.88293 0.021818537603548366
3.88414 0.021785923944948146
3.88535 0.021720696627747702
3.88655 0.021622855651947034
3.88776 0.02149240101754615
3.88897 0.021361946383145262
3.89018 0.021231491748744374
3.89138 0.021133650772943706
3.89259 0.02103580979714304
3.8938 0.020905355162742157
3.895 0.020840127845541713
3.89621 0.02077490052834127
3.89742 0.020709673211140825
3.89862 0.02064444589394038
3.89983 0.020579218576739937
3.90104 0.020513991259539493
3.90224 0.02041615028373883
3.90345 0.020350922966538385
3.90466 0.0202204683321375
3.90586 0.020122627356336836
3.90707 0.02005740003913639
3.90828 0.019959559063335724
3.90948 0.01986171808753506
3.91069 0.019763877111734395
3.9119 0.01969864979453395
3.9131 0.019633422477333507
3.91431 0.019568195160133063
3.91552 0.019470354184332395
3.91673 0.019372513208531734
3.91793 0.01930728589133129
3.91914 0.019209444915530626
3.92035 0.019144217598330182
3.92155 0.019078990281129738
3.92276 0.019013762963929294
3.92397 0.01894853564672885
3.92517 0.018883308329528406
3.92638 0.018818081012327962
3.92759 0.018752853695127518
3.92879 0.018655012719326854
3.93 0.018524558084925966
3.93121 0.01839410345052508
3.93241 0.018296262474724417
3.93362 0.018263648816124193
3.93483 0.01819842149892375
3.93603 0.018133194181723305
3.93724 0.01803535320592264
3.93845 0.017937512230121973
3.93965 0.01787228491292153
3.94086 0.01783967125432131
3.94207 0.017774443937120864
3.94328 0.0176766029613202
3.94448 0.01761137564411976
3.94569 0.017546148326919316
3.9469 0.017448307351118648
3.9481 0.017350466375317983
3.94931 0.01725262539951732
3.95052 0.017187398082316875
3.95172 0.01712217076511643
3.95293 0.017056943447915987
3.95414 0.01695910247211532
3.95534 0.01689387515491488
3.95655 0.016828647837714435
3.95776 0.016828647837714435
3.95896 0.016796034179114214
3.96017 0.01669819320331355
3.96138 0.016567738568912662
3.96258 0.016437283934511774
3.96379 0.016306829300110886
3.965 0.016274215641510662
3.9662 0.016241601982910442
3.96741 0.016208988324310218
3.96862 0.016111147348509554
3.96983 0.016045920031309113
3.97103 0.01598069271410867
3.97224 0.01598069271410867
3.97345 0.015915465396908225
3.97465 0.01581762442110756
3.97586 0.015687169786706673
3.97707 0.015589328810906009
3.97827 0.015556715152305785
3.97948 0.015524101493705564
3.98069 0.01549148783510534
3.98189 0.015426260517904898
3.9831 0.015328419542104234
3.98431 0.015230578566303566
3.98551 0.015132737590502902
3.98672 0.015067510273302458
3.98793 0.015034896614702238
3.98913 0.015002282956102016
3.99034 0.014937055638901572
3.99155 0.014871828321701128
3.99275 0.014773987345900463
3.99396 0.014676146370099797
3.99517 0.014610919052899353
3.99638 0.014578305394299133
3.99758 0.014545691735698913
3.99879 0.014447850759898245
4.0 0.014317396125497357
4.0012 0.01418694149109647
4.00241 0.014121714173896027
4.00362 0.014056486856695583
4.00482 0.014023873198095362
4.00603 0.013991259539495142
4.00724 0.013926032222294698
4.00844 0.013860804905094254
4.00965 0.01379557758789381
4.01086 0.013730350270693368
4.01206 0.013665122953492924
4.01327 0.013567281977692256
4.01448 0.013502054660491812
4.01568 0.013371600026090927
4.01689 0.013273759050290261
4.0181 0.013175918074489597
4.0193 0.013110690757289153
4.02051 0.013078077098688929
4.02172 0.013045463440088709
4.02293 0.012980236122888265
4.02413 0.012915008805687822
4.02534 0.012849781488487378
4.02655 0.012817167829887158
4.02775 0.012784554171286934
4.02896 0.01271932685408649
4.03017 0.012621485878285826
4.03137 0.012523644902485162
4.03258 0.012458417585284718
4.03379 0.012393190268084274
4.03499 0.01232796295088383
4.0362 0.012262735633683386
4.03741 0.012197508316482942
4.03861 0.012099667340682279
4.03982 0.012001826364881613
4.04103 0.011903985389080947
4.04223 0.01180614441328028
4.04344 0.011740917096079839
4.04465 0.011708303437479617
4.04586 0.011643076120279173
4.04706 0.011545235144478508
4.04827 0.011480007827278064
4.04948 0.01141478051007762
4.05068 0.01141478051007762
4.05189 0.01141478051007762
4.0531 0.011382166851477398
4.0543 0.011284325875676734
4.05551 0.011186484899876068
4.05672 0.011088643924075402
4.05792 0.01105603026547518
4.05913 0.01102341660687496
4.06034 0.010958189289674515
4.06154 0.010892961972474073
4.06275 0.010827734655273629
4.06396 0.010762507338073185
4.06516 0.010697280020872741
4.06637 0.010632052703672297
4.06758 0.010566825386471853
4.06878 0.010566825386471853
4.06999 0.010534211727871633
4.0712 0.01050159806927141
4.07241 0.010403757093470746
4.07361 0.01030591611767008
4.07482 0.010240688800469636
4.07603 0.010208075141869414
4.07723 0.010175461483269192
4.07844 0.01014284782466897
4.07965 0.010077620507468528
4.08085 0.010012393190268084
4.08206 0.00991455221446742
4.08327 0.009849324897266976
4.08447 0.009816711238666754
4.08568 0.00975148392146631
4.08689 0.009653642945665645
4.08809 0.009588415628465201
4.0893 0.009490574652664535
4.09051 0.009457960994064313
4.09171 0.009425347335464093
4.09292 0.00939273367686387
4.09413 0.009360120018263649
4.09533 0.009262279042462983
4.09654 0.009164438066662318
4.09775 0.009099210749461874
4.09896 0.00903398343226143
4.10016 0.009001369773661208
4.10137 0.008968756115060986
4.10258 0.008936142456460764
4.10378 0.008870915139260322
4.10499 0.00880568782205988
4.1062 0.008773074163459658
4.1074 0.008740460504859436
4.10861 0.008740460504859436
4.10982 0.008675233187658992
4.11102 0.008577392211858326
4.11223 0.008512164894657882
4.11344 0.00847955123605766
4.11464 0.00844693757745744
4.11585 0.00847955123605766
4.11706 0.00847955123605766
4.11826 0.00847955123605766
4.11947 0.008414323918857217
4.12068 0.008316482943056553
4.12188 0.008186028308655665
4.12309 0.008055573674254777
4.1243 0.007990346357054335
4.12551 0.00792511903985389
4.12671 0.007859891722653447
4.12792 0.007794664405453004
4.12913 0.00772943708825256
4.13033 0.007631596112451895
4.13154 0.007533755136651229
4.13275 0.007501141478051008
4.13395 0.007468527819450786
4.13516 0.007468527819450786
4.13637 0.007403300502250342
4.13757 0.007305459526449677
4.13878 0.007207618550649012
4.13999 0.007142391233448568
4.14119 0.007109777574848346
4.1424 0.007109777574848346
4.14361 0.007109777574848346
4.14481 0.007109777574848346
4.14602 0.007011936599047681
4.14723 0.006946709281847237
4.14843 0.006881481964646794
4.14964 0.00681625464744635
4.15085 0.00681625464744635
4.15206 0.00681625464744635
4.15326 0.006783640988846128
4.15447 0.006718413671645686
4.15568 0.00662057269584502
4.15688 0.006522731720044354
4.15809 0.006490118061444132
4.1593 0.006457504402843911
4.1605 0.006392277085643467
4.16171 0.006359663427043245
4.16292 0.006261822451242581
4.16412 0.006131367816841693
4.16533 0.00606614049964125
4.16654 0.0060009131824408065
4.16774 0.0060009131824408065
4.16895 0.0060009131824408065
4.17016 0.0059682995238405845
4.17136 0.00590307220664014
4.17257 0.005805231230839475
4.17378 0.005772617572239254
4.17498 0.005740003913639032
4.17619 0.005772617572239254
4.1774 0.005772617572239254
4.17861 0.005740003913639032
4.17981 0.005674776596438588
4.18102 0.005609549279238145
4.18223 0.005576935620637923
4.18343 0.00551170830343748
4.18464 0.0054464809862370366
4.18585 0.0053812536690365925
4.18705 0.0052834126932359265
4.18826 0.005218185376035484
4.18947 0.00515295805883504
4.19067 0.005087730741634596
4.19188 0.005087730741634596
4.19309 0.005087730741634596
4.19429 0.005055117083034375
4.1955 0.004989889765833931
4.19671 0.004924662448633488
4.19791 0.004826821472832823
4.19912 0.004761594155632379
4.20033 0.004761594155632379
4.20153 0.004728980497032157
4.20274 0.004728980497032157
4.20395 0.004728980497032157
4.20516 0.004696366838431935
4.20636 0.004663753179831713
4.20757 0.004631139521231491
4.20878 0.004565912204031048
4.20998 0.004565912204031048
4.21119 0.004533298545430826
4.2124 0.004500684886830604
4.2136 0.00440284391102994
4.21481 0.004305002935229274
4.21602 0.004207161959428609
4.21722 0.0041419346422281655
4.21843 0.0041419346422281655
4.21964 0.0041093209836279435
4.22084 0.0040767073250277215
4.22205 0.004011480007827278
4.22326 0.003946252690626834
4.22446 0.003881025373426391
4.22567 0.0038484117148261695
4.22688 0.0038484117148261695
4.22808 0.0038484117148261695
4.22929 0.0038157980562259475
4.2305 0.0037831843976257255
4.23171 0.003717957080425282
4.23291 0.0036527297632248383
4.23412 0.003587502446024395
4.23533 0.003554888787424173
4.23653 0.0035222751288239516
4.23774 0.0034896614702237296
4.23895 0.003457047811623508
4.24015 0.003424434153023286
4.24136 0.003424434153023286
4.24257 0.003424434153023286
4.24377 0.003457047811623508
4.24498 0.003457047811623508
4.24619 0.003424434153023286
4.24739 0.003391820494423064
4.2486 0.003293979518622399
4.24981 0.003163524884221512
4.25101 0.0030656839084208464
4.25222 0.0030004565912204032
4.25343 0.0030004565912204032
4.25463 0.0030004565912204032
4.25584 0.0030004565912204032
4.25705 0.0030004565912204032
4.25826 0.0029678429326201812
4.25946 0.0029352292740199596
4.26067 0.0029352292740199596
4.26188 0.0029678429326201812
4.26308 0.003033070249820625
4.26429 0.0031309112256212904
4.2655 0.003163524884221512
4.2667 0.0031961385428217336
4.26791 0.0031309112256212904
4.26912 0.003033070249820625
4.27032 0.0029352292740199596
4.27153 0.002837388298219294
4.27274 0.002739547322418629
4.27394 0.0026743200052181853
4.27515 0.00257647902941752
4.27636 0.0025112517122170765
4.27756 0.0024134107364164113
4.27877 0.0023807970778161893
4.27998 0.0023481834192159677
4.28119 0.0023155697606157457
4.28239 0.002282956102015524
4.2836 0.002250342443415302
4.28481 0.0022177287848150805
4.28601 0.002152501467614637
4.28722 0.002119887809014415
4.28843 0.002119887809014415
4.28963 0.002119887809014415
4.29084 0.002119887809014415
4.29205 0.0020872741504141938
4.29325 0.001989433174613528
4.29446 0.0019242058574130848
4.29567 0.001858978540212641
4.29687 0.0018263648816124192
4.29808 0.0018263648816124192
4.29929 0.001858978540212641
4.30049 0.0018263648816124192
4.3017 0.0017611375644119758
4.30291 0.001695910247211532
4.30411 0.0016306829300110886
4.30532 0.0015980692714108668
4.30653 0.0016306829300110886
4.30774 0.0016632965886113106
4.30894 0.001695910247211532
4.31015 0.0016306829300110886
4.31136 0.0015328419542104232
4.31256 0.001435000978409758
4.31377 0.0013697736612093144
4.31498 0.0013371600026090926
4.31618 0.0013697736612093144
4.31739 0.0014023873198095362
4.3186 0.0014023873198095362
4.3198 0.0013697736612093144
4.32101 0.0013371600026090926
4.32222 0.001271932685408649
4.32342 0.0012067053682082057
4.32463 0.0011740917096079839
4.32584 0.001141478051007762
4.32704 0.001141478051007762
4.32825 0.001141478051007762
4.32946 0.0011088643924075403
4.33066 0.0010762507338073185
4.33187 0.0010110234166068749
4.33308 0.000978409758006653
4.33429 0.0009457960994064314
4.33549 0.0009457960994064314
4.3367 0.0009457960994064314
4.33791 0.0009131824408062096
4.33911 0.000847955123605766
4.34032 0.0007827278064053226
4.34153 0.0007501141478051008
4.34273 0.0007501141478051008
4.34394 0.0007827278064053226
4.34515 0.0007827278064053226
4.34635 0.0007827278064053226
4.34756 0.000717500489204879
4.34877 0.0006522731720044355
4.34997 0.0006196595134042137
4.35118 0.0005870458548039919
4.35239 0.0005870458548039919
4.35359 0.0006196595134042137
4.3548 0.0006522731720044355
4.35601 0.0006522731720044355
4.35721 0.0006196595134042137
4.35842 0.0005870458548039919
4.35963 0.0005218185376035484
4.36084 0.0004565912204031048
4.36204 0.000423977561802883
4.36325 0.0003913639032026613
4.36446 0.0003913639032026613
4.36566 0.0003913639032026613
4.36687 0.0003913639032026613
4.36808 0.0003587502446024395
4.36928 0.00029352292740199596
4.37049 0.0002282956102015524
4.3717 0.00019568195160133065
4.3729 0.00019568195160133065
4.37411 0.00019568195160133065
4.37532 0.00016306829300110888
4.37652 0.0001304546344008871
4.37773 0.0001304546344008871
4.37894 9.784097580066533e-05
4.38014 0.0001304546344008871
4.38135 0.0001304546344008871
4.38256 0.00016306829300110888
4.38376 9.784097580066533e-05
4.38497 3.261365860022178e-05
4.38618 -3.261365860022178e-05
4.38739 -6.522731720044356e-05
4.38859 -6.522731720044356e-05
4.3898 -0.0
4.39101 3.261365860022178e-05
4.39221 6.522731720044356e-05
4.39342 3.261365860022178e-05
4.39463 -3.261365860022178e-05
4.39583 -0.0001304546344008871
4.39704 -0.00016306829300110888
4.39825 -0.00019568195160133065
4.39945 -0.00019568195160133065
4.40066 -0.00019568195160133065
4.40187 -0.0002282956102015524
4.40307 -0.0002282956102015524
4.40428 -0.0002609092688017742
4.40549 -0.00029352292740199596
4.40669 -0.00032613658600221776
4.4079 -0.00032613658600221776
4.40911 -0.00032613658600221776
4.41031 -0.00029352292740199596
4.41152 -0.00032613658600221776
4.41273 -0.00032613658600221776
4.41394 -0.0003913639032026613
4.41514 -0.0004565912204031048
4.41635 -0.0004892048790033265
4.41756 -0.0005218185376035484
4.41876 -0.0005544321962037701
4.41997 -0.0005218185376035484
4.42118 -0.0005544321962037701
4.42238 -0.0005544321962037701
4.42359 -0.0005870458548039919
4.4248 -0.0005870458548039919
4.426 -0.0005870458548039919
4.42721 -0.0005870458548039919
4.42842 -0.0005870458548039919
4.42962 -0.0005870458548039919
4.43083 -0.0005870458548039919
4.43204 -0.0006196595134042137
4.43324 -0.0006522731720044355
4.43445 -0.0006848868306046572
4.43566 -0.0007501141478051008
4.43686 -0.0007827278064053226
4.43807 -0.0007827278064053226
4.43928 -0.0007827278064053226
4.44049 -0.0007501141478051008
4.44169 -0.0007501141478051008
4.4429 -0.0007827278064053226
4.44411 -0.0008153414650055443
4.44531 -0.000847955123605766
4.44652 -0.0008805687822059879
4.44773 -0.0008805687822059879
4.44893 -0.0008805687822059879
4.45014 -0.0008805687822059879
4.45135 -0.0009131824408062096
4.45255 -0.0009457960994064314
4.45376 -0.0010110234166068749
4.45497 -0.0010436370752070969
4.45617 -0.0010436370752070969
4.45738 -0.0010110234166068749
4.45859 -0.0009457960994064314
4.45979 -0.0009131824408062096
4.461 -0.0009457960994064314
4.46221 -0.0010110234166068749
4.46341 -0.0010762507338073185
4.46462 -0.0011088643924075403
4.46583 -0.001141478051007762
4.46704 -0.0011088643924075403
4.46824 -0.0011088643924075403
4.46945 -0.0010762507338073185
4.47066 -0.0010762507338073185
4.47186 -0.0011088643924075403
4.47307 -0.001141478051007762
4.47428 -0.0012067053682082057
4.47548 -0.0012067053682082057
4.47669 -0.0012393190268084275
4.4779 -0.0012067053682082057
4.4791 -0.0012067053682082057
4.48031 -0.0012067053682082057
4.48152 -0.0012067053682082057
4.48272 -0.0012393190268084275
4.48393 -0.001271932685408649
4.48514 -0.0013371600026090926
4.48634 -0.0013371600026090926
4.48755 -0.0013697736612093144
4.48876 -0.0013697736612093144
4.48997 -0.0014023873198095362
4.49117 -0.0014023873198095362
4.49238 -0.001435000978409758
4.49359 -0.0014676146370099798
4.49479 -0.0015002282956102016
4.496 -0.0015002282956102016
4.49721 -0.0015002282956102016
4.49841 -0.0015002282956102016
4.49962 -0.0015002282956102016
4.50083 -0.0015328419542104232
4.50203 -0.0015654556128106452
4.50324 -0.0015980692714108668
4.50445 -0.0015980692714108668
4.50565 -0.0015654556128106452
4.50686 -0.0015328419542104232
4.50807 -0.0015002282956102016
4.50927 -0.0015002282956102016
4.51048 -0.0015328419542104232
4.51169 -0.0015980692714108668
4.51289 -0.0016306829300110886
4.5141 -0.001695910247211532
4.51531 -0.001695910247211532
4.51652 -0.001695910247211532
4.51772 -0.0016632965886113106
4.51893 -0.0016306829300110886
4.52014 -0.0016306829300110886
4.52134 -0.0016306829300110886
4.52255 -0.0016632965886113106
4.52376 -0.001695910247211532
4.52496 -0.001728523905811754
4.52617 -0.0017611375644119758
4.52738 -0.0017611375644119758
4.52858 -0.001728523905811754
4.52979 -0.001728523905811754
4.531 -0.0017611375644119758
4.5322 -0.0017937512230121976
4.53341 -0.0018263648816124192
4.53462 -0.0018263648816124192
4.53582 -0.0017937512230121976
4.53703 -0.0017611375644119758
4.53824 -0.001728523905811754
4.53944 -0.001728523905811754
4.54065 -0.0017611375644119758
4.54186 -0.0017611375644119758
4.54307 -0.0018263648816124192
4.54427 -0.001858978540212641
4.54548 -0.001858978540212641
4.54669 -0.001858978540212641
4.54789 -0.0017937512230121976
4.5491 -0.0017611375644119758
4.55031 -0.001728523905811754
4.55151 -0.0017611375644119758
4.55272 -0.0017937512230121976
4.55393 -0.0018263648816124192
4.55513 -0.001858978540212641
4.55634 -0.001858978540212641
4.55755 -0.0018263648816124192
4.55875 -0.0017937512230121976
4.55996 -0.0017611375644119758
4.56117 -0.0017937512230121976
4.56237 -0.0018263648816124192
4.56358 -0.001858978540212641
4.56479 -0.0019242058574130848
4.56599 -0.001956819516013306
4.5672 -0.0019242058574130848
4.56841 -0.0018915921988128628
4.56962 -0.001858978540212641
4.57082 -0.0018263648816124192
4.57203 -0.0017937512230121976
4.57324 -0.0018263648816124192
4.57444 -0.0018263648816124192
4.57565 -0.0017937512230121976
4.57686 -0.0017611375644119758
4.57806 -0.001728523905811754
4.57927 -0.001695910247211532
4.58048 -0.001695910247211532
4.58168 -0.001695910247211532
4.58289 -0.001728523905811754
4.5841 -0.0017611375644119758
4.5853 -0.0017937512230121976
4.58651 -0.0017937512230121976
4.58772 -0.0017611375644119758
4.58892 -0.0017611375644119758
4.59013 -0.001728523905811754
4.59134 -0.001695910247211532
4.59254 -0.001695910247211532
4.59375 -0.001695910247211532
4.59496 -0.001695910247211532
4.59617 -0.0016632965886113106
4.59737 -0.0016306829300110886
4.59858 -0.0015980692714108668
4.59979 -0.0015654556128106452
4.60099 -0.0015654556128106452
4.6022 -0.0015654556128106452
4.60341 -0.0015980692714108668
4.60461 -0.0016632965886113106
4.60582 -0.001695910247211532
4.60703 -0.001695910247211532
4.60823 -0.0016632965886113106
4.60944 -0.0015980692714108668
4.61065 -0.0015002282956102016
4.61185 -0.0014676146370099798
4.61306 -0.0014676146370099798
4.61427 -0.0015002282956102016
4.61547 -0.0015328419542104232
4.61668 -0.0015654556128106452
4.61789 -0.0015328419542104232
4.61909 -0.0015002282956102016
4.6203 -0.001435000978409758
4.62151 -0.0013371600026090926
4.62272 -0.001271932685408649
4.62392 -0.001271932685408649
4.62513 -0.001271932685408649
4.62634 -0.001271932685408649
4.62754 -0.001304546344008871
4.62875 -0.001271932685408649
4.62996 -0.001271932685408649
4.63116 -0.0012393190268084275
4.63237 -0.0012393190268084275
4.63358 -0.001271932685408649
4.63478 -0.001304546344008871
4.63599 -0.0013371600026090926
4.6372 -0.0013371600026090926
4.6384 -0.001304546344008871
4.63961 -0.001304546344008871
4.64082 -0.001271932685408649
4.64202 -0.0012393190268084275
4.64323 -0.0012067053682082057
4.64444 -0.0011740917096079839
4.64564 -0.0011740917096079839
4.64685 -0.0012067053682082057
4.64806 -0.0012067053682082057
4.64927 -0.001141478051007762
4.65047 -0.0011088643924075403
4.65168 -0.0010436370752070969
4.65289 -0.0010110234166068749
4.65409 -0.0010110234166068749
4.6553 -0.0010110234166068749
4.65651 -0.0010436370752070969
4.65771 -0.0010436370752070969
4.65892 -0.0010110234166068749
4.66013 -0.000978409758006653
4.66133 -0.0009131824408062096
4.66254 -0.000847955123605766
4.66375 -0.0007827278064053226
4.66495 -0.0007827278064053226
4.66616 -0.0007827278064053226
4.66737 -0.0008153414650055443
4.66857 -0.000847955123605766
4.66978 -0.000847955123605766
4.67099 -0.000847955123605766
4.67219 -0.0008153414650055443
4.6734 -0.0007501141478051008
4.67461 -0.0006848868306046572
4.67582 -0.0006196595134042137
4.67702 -0.0005870458548039919
4.67823 -0.0006196595134042137
4.67944 -0.0006196595134042137
4.68064 -0.0006196595134042137
4.68185 -0.0006196595134042137
4.68306 -0.0005870458548039919
4.68426 -0.0005544321962037701
4.68547 -0.0005218185376035484
4.68668 -0.0005218185376035484
4.68788 -0.0005218185376035484
4.68909 -0.0005544321962037701
4.6903 -0.0005870458548039919
4.6915 -0.0006196595134042137
4.69271 -0.0005870458548039919
4.69392 -0.0005544321962037701
4.69512 -0.0004892048790033265
4.69633 -0.000423977561802883
4.69754 -0.000423977561802883
4.69875 -0.0003913639032026613
4.69995 -0.0003913639032026613
4.70116 -0.0003587502446024395
4.70237 -0.0003587502446024395
4.70357 -0.00032613658600221776
4.70478 -0.00029352292740199596
4.70599 -0.0002609092688017742
4.70719 -0.0002609092688017742
4.7084 -0.00029352292740199596
4.70961 -0.00029352292740199596
4.71081 -0.00032613658600221776
4.71202 -0.00032613658600221776
4.71323 -0.00029352292740199596
4.71443 -0.0002282956102015524
4.71564 -0.00019568195160133065
4.71685 -0.0001304546344008871
4.71805 -9.784097580066533e-05
4.71926 -0.0001304546344008871
4.72047 -0.0001304546344008871
4.72167 -0.00019568195160133065
4.72288 -0.00019568195160133065
4.72409 -0.00016306829300110888
4.7253 -9.784097580066533e-05
4.7265 -6.522731720044356e-05
4.72771 -0.0
4.72892 0.0
4.73012 0.0
4.73133 -3.261365860022178e-05
4.73254 -9.784097580066533e-05
4.73374 -9.784097580066533e-05
4.73495 -0.0001304546344008871
4.73616 -0.0001304546344008871
4.73736 -0.0001304546344008871
4.73857 -9.784097580066533e-05
4.73978 -6.522731720044356e-05
4.74098 -3.261365860022178e-05
4.74219 -3.261365860022178e-05
4.7434 -3.261365860022178e-05
4.7446 -3.261365860022178e-05
4.74581 -3.261365860022178e-05
4.74702 0.0
4.74822 3.261365860022178e-05
4.74943 9.784097580066533e-05
4.75064 9.784097580066533e-05
4.75185 9.784097580066533e-05
4.75305 6.522731720044356e-05
4.75426 3.261365860022178e-05
4.75547 -0.0
4.75667 -3.261365860022178e-05
4.75788 -3.261365860022178e-05
4.75909 -0.0
4.76029 3.261365860022178e-05
4.7615 6.522731720044356e-05
4.76271 0.0001304546344008871
4.76391 0.0001304546344008871
4.76512 0.00016306829300110888
4.76633 0.00016306829300110888
4.76753 0.00016306829300110888
4.76874 0.00016306829300110888
4.76995 0.00016306829300110888
4.77115 0.00019568195160133065
4.77236 0.0002282956102015524
4.77357 0.0002609092688017742
4.77477 0.00029352292740199596
4.77598 0.00032613658600221776
4.77719 0.00032613658600221776
4.7784 0.0003587502446024395
4.7796 0.0003587502446024395
4.78081 0.0003913639032026613
4.78202 0.0003913639032026613
4.78322 0.000423977561802883
4.78443 0.000423977561802883
4.78564 0.000423977561802883
4.78684 0.0003913639032026613
4.78805 0.0003913639032026613
4.78926 0.0003913639032026613
4.79046 0.0003913639032026613
4.79167 0.000423977561802883
4.79288 0.0004565912204031048
4.79408 0.0004892048790033265
4.79529 0.0005218185376035484
4.7965 0.0005544321962037701
4.7977 0.0005544321962037701
4.79891 0.0005870458548039919
4.80012 0.0006196595134042137
4.80132 0.0006196595134042137
4.80253 0.0006196595134042137
4.80374 0.0006522731720044355
4.80495 0.0006522731720044355
4.80615 0.0006848868306046572
4.80736 0.000717500489204879
4.80857 0.000717500489204879
4.80977 0.0007501141478051008
4.81098 0.0007827278064053226
4.81219 0.0008153414650055443
4.81339 0.000847955123605766
4.8146 0.000847955123605766
4.81581 0.000847955123605766
4.81701 0.000847955123605766
4.81822 0.000847955123605766
4.81943 0.000847955123605766
4.82063 0.0008153414650055443
4.82184 0.0008153414650055443
4.82305 0.0008153414650055443
4.82425 0.000847955123605766
4.82546 0.0008805687822059879
4.82667 0.0009131824408062096
4.82787 0.0009457960994064314
4.82908 0.0009457960994064314
4.83029 0.000978409758006653
4.8315 0.000978409758006653
4.8327 0.000978409758006653
4.83391 0.000978409758006653
4.83512 0.0010110234166068749
4.83632 0.0010436370752070969
4.83753 0.0010436370752070969
4.83874 0.0010762507338073185
4.83994 0.0010762507338073185
4.84115 0.0010762507338073185
4.84236 0.0010762507338073185
4.84356 0.0010762507338073185
4.84477 0.0010762507338073185
4.84598 0.0010762507338073185
4.84718 0.0011088643924075403
4.84839 0.001141478051007762
4.8496 0.001141478051007762
4.8508 0.0011740917096079839
4.85201 0.0011740917096079839
4.85322 0.0011740917096079839
4.85442 0.0011740917096079839
4.85563 0.001141478051007762
4.85684 0.0011088643924075403
4.85805 0.0011088643924075403
4.85925 0.001141478051007762
4.86046 0.0011740917096079839
4.86167 0.0012393190268084275
4.86287 0.001271932685408649
4.86408 0.001304546344008871
4.86529 0.001271932685408649
4.86649 0.0012393190268084275
4.8677 0.0012067053682082057
4.86891 0.0011740917096079839
4.87011 0.0011740917096079839
4.87132 0.001141478051007762
4.87253 0.0011740917096079839
4.87373 0.001141478051007762
4.87494 0.001141478051007762
4.87615 0.001141478051007762
4.87735 0.001141478051007762
4.87856 0.0011740917096079839
4.87977 0.0012067053682082057
4.88097 0.0012067053682082057
4.88218 0.0012393190268084275
4.88339 0.001271932685408649
4.8846 0.001304546344008871
4.8858 0.001304546344008871
4.88701 0.001304546344008871
4.88822 0.001271932685408649
4.88942 0.0012393190268084275
4.89063 0.0012067053682082057
4.89184 0.0012067053682082057
4.89304 0.0012067053682082057
4.89425 0.0012393190268084275
4.89546 0.001271932685408649
4.89666 0.0013371600026090926
4.89787 0.0013697736612093144
4.89908 0.0013697736612093144
4.90028 0.0014023873198095362
4.90149 0.0013697736612093144
4.9027 0.0013697736612093144
4.9039 0.0013697736612093144
4.90511 0.0014023873198095362
4.90632 0.001435000978409758
4.90753 0.0014676146370099798
4.90873 0.0015002282956102016
4.90994 0.0015328419542104232
4.91115 0.0015002282956102016
4.91235 0.0014676146370099798
4.91356 0.001435000978409758
4.91477 0.0014023873198095362
4.91597 0.0013697736612093144
4.91718 0.0014023873198095362
4.91839 0.001435000978409758
4.91959 0.0014676146370099798
4.9208 0.0015002282956102016
4.92201 0.0015328419542104232
4.92321 0.0015328419542104232
4.92442 0.0015002282956102016
4.92563 0.0014676146370099798
4.92683 0.001435000978409758
4.92804 0.0014023873198095362
4.92925 0.0014023873198095362
4.93045 0.0014023873198095362
4.93166 0.001435000978409758
4.93287 0.001435000978409758
4.93408 0.0014676146370099798
4.93528 0.0015002282956102016
4.93649 0.0015002282956102016
4.9377 0.0015328419542104232
4.9389 0.0015328419542104232
4.94011 0.0015328419542104232
4.94132 0.0015328419542104232
4.94252 0.0015654556128106452
4.94373 0.0015654556128106452
4.94494 0.0015654556128106452
4.94614 0.0015328419542104232
4.94735 0.0015328419542104232
4.94856 0.0015002282956102016
4.94976 0.0014676146370099798
4.95097 0.0014676146370099798
4.95218 0.0014676146370099798
4.95338 0.0014676146370099798
4.95459 0.0015002282956102016
4.9558 0.0015328419542104232
4.957 0.0015328419542104232
4.95821 0.0015328419542104232
4.95942 0.0015002282956102016
4.96063 0.001435000978409758
4.96183 0.0014023873198095362
4.96304 0.0014023873198095362
4.96425 0.0014023873198095362
4.96545 0.0014023873198095362
4.96666 0.001435000978409758
4.96787 0.0014676146370099798
4.96907 0.0015002282956102016
4.97028 0.0015002282956102016
4.97149 0.0015002282956102016
4.97269 0.0014676146370099798
4.9739 0.0014676146370099798
4.97511 0.001435000978409758
4.97631 0.001435000978409758
4.97752 0.001435000978409758
4.97873 0.001435000978409758
4.97993 0.001435000978409758
4.98114 0.001435000978409758
4.98235 0.001435000978409758
4.98355 0.0014023873198095362
4.98476 0.0013371600026090926
4.98597 0.001271932685408649
4.98718 0.0011740917096079839
4.98838 0.001141478051007762
4.98959 0.001141478051007762
4.9908 0.001141478051007762
4.992 0.0011740917096079839
4.99321 0.0011740917096079839
4.99442 0.0011740917096079839
4.99562 0.001141478051007762
4.99683 0.0010762507338073185
4.99804 0.0010436370752070969
4.99924 0.000978409758006653
5.00045 0.000978409758006653
5.00166 0.000978409758006653
5.00286 0.000978409758006653
5.00407 0.000978409758006653
5.00528 0.0009457960994064314
5.00648 0.0009457960994064314
5.00769 0.0009131824408062096
5.0089 0.0008805687822059879
5.0101 0.000847955123605766
5.01131 0.000847955123605766
5.01252 0.000847955123605766
5.01373 0.000847955123605766
5.01493 0.000847955123605766
5.01614 0.000847955123605766
5.01735 0.0008153414650055443
5.01855 0.0007827278064053226
5.01976 0.0007501141478051008
5.02097 0.000717500489204879
5.02217 0.0006848868306046572
5.02338 0.0006848868306046572
5.02459 0.0006522731720044355
5.02579 0.0006522731720044355
5.027 0.0006522731720044355
5.02821 0.0006522731720044355
5.02941 0.0006522731720044355
5.03062 0.0006196595134042137
5.03183 0.0006196595134042137
5.03303 0.0005870458548039919
5.03424 0.0005544321962037701
5.03545 0.0005218185376035484
5.03665 0.0004892048790033265
5.03786 0.0004892048790033265
5.03907 0.0004892048790033265
5.04028 0.0005218185376035484
5.04148 0.0005544321962037701
5.04269 0.0005870458548039919
5.0439 0.0005870458548039919
5.0451 0.0005544321962037701
5.04631 0.0005218185376035484
5.04752 0.0004565912204031048
5.04872 0.000423977561802883
5.04993 0.000423977561802883
5.05114 0.000423977561802883
5.05234 0.0004565912204031048
5.05355 0.0004892048790033265
5.05476 0.0005218185376035484
5.05596 0.0005544321962037701
5.05717 0.0005218185376035484
5.05838 0.0004892048790033265
5.05958 0.0004565912204031048
5.06079 0.000423977561802883
5.062 0.0003913639032026613
5.0632 0.0003587502446024395
5.06441 0.0003913639032026613
5.06562 0.0003913639032026613
5.06683 0.0003913639032026613
5.06803 0.0003913639032026613
5.06924 0.0003913639032026613
5.07045 0.0003587502446024395
5.07165 0.00032613658600221776
5.07286 0.00029352292740199596
5.07407 0.0002609092688017742
5.07527 0.0002282956102015524
5.07648 0.00019568195160133065
5.07769 0.00016306829300110888
5.07889 0.00016306829300110888
5.0801 0.00019568195160133065
5.08131 0.00019568195160133065
5.08251 0.00019568195160133065
5.08372 0.00016306829300110888
5.08493 0.0001304546344008871
5.08613 9.784097580066533e-05
5.08734 6.522731720044356e-05
5.08855 6.522731720044356e-05
5.08975 6.522731720044356e-05
5.09096 9.784097580066533e-05
5.09217 0.0001304546344008871
5.09338 0.0001304546344008871
5.09458 0.0001304546344008871
5.09579 0.0001304546344008871
5.097 9.784097580066533e-05
5.0982 6.522731720044356e-05
5.09941 3.261365860022178e-05
5.10062 0.0
5.10182 0.0
5.10303 -0.0
5.10424 0.0
5.10544 0.0
5.10665 -0.0
5.10786 -3.261365860022178e-05
5.10906 -6.522731720044356e-05
5.11027 -9.784097580066533e-05
5.11148 -0.0001304546344008871
5.11268 -0.00016306829300110888
5.11389 -0.00016306829300110888
5.1151 -0.00016306829300110888
5.11631 -0.0001304546344008871
5.11751 -0.0001304546344008871
5.11872 -0.0001304546344008871
5.11993 -0.0001304546344008871
5.12113 -0.00016306829300110888
5.12234 -0.00019568195160133065
5.12355 -0.0002609092688017742
5.12475 -0.00029352292740199596
5.12596 -0.0003587502446024395
5.12717 -0.0003587502446024395
5.12837 -0.0003913639032026613
5.12958 -0.0003587502446024395
5.13079 -0.0003587502446024395
5.13199 -0.0003587502446024395
5.1332 -0.0003587502446024395
5.13441 -0.0003913639032026613
5.13561 -0.000423977561802883
5.13682 -0.0004565912204031048
5.13803 -0.0004892048790033265
5.13923 -0.0005218185376035484
5.14044 -0.0005218185376035484
5.14165 -0.0005218185376035484
5.14286 -0.0004892048790033265
5.14406 -0.0004892048790033265
5.14527 -0.0004565912204031048
5.14648 -0.0004892048790033265
5.14768 -0.0004892048790033265
5.14889 -0.0005218185376035484
5.1501 -0.0005544321962037701
5.1513 -0.0005870458548039919
5.15251 -0.0005870458548039919
5.15372 -0.0006196595134042137
5.15492 -0.0006196595134042137
5.15613 -0.0006522731720044355
5.15734 -0.0006522731720044355
5.15854 -0.0006848868306046572
5.15975 -0.000717500489204879
5.16096 -0.000717500489204879
5.16216 -0.0007501141478051008
5.16337 -0.0007501141478051008
5.16458 -0.0007827278064053226
5.16578 -0.0008153414650055443
5.16699 -0.000847955123605766
5.1682 -0.0008805687822059879
5.16941 -0.0008805687822059879
5.17061 -0.0009131824408062096
5.17182 -0.0009457960994064314
5.17303 -0.0009457960994064314
5.17423 -0.000978409758006653
5.17544 -0.000978409758006653
5.17665 -0.0010110234166068749
5.17785 -0.0010436370752070969
5.17906 -0.0010762507338073185
5.18027 -0.0011088643924075403
5.18147 -0.001141478051007762
5.18268 -0.0011740917096079839
5.18389 -0.0012067053682082057
5.18509 -0.0012393190268084275
5.1863 -0.001304546344008871
5.18751 -0.0013371600026090926
5.18871 -0.0014023873198095362
5.18992 -0.001435000978409758
5.19113 -0.0014676146370099798
5.19233 -0.0014676146370099798
5.19354 -0.0015002282956102016
5.19475 -0.0015002282956102016
5.19596 -0.0015328419542104232
5.19716 -0.0015980692714108668
5.19837 -0.0016306829300110886
5.19958 -0.001695910247211532
5.20078 -0.001728523905811754
5.20199 -0.0017611375644119758
5.2032 -0.0017611375644119758
5.2044 -0.0017611375644119758
5.20561 -0.0017611375644119758
5.20682 -0.0017611375644119758
5.20802 -0.0017611375644119758
5.20923 -0.0017937512230121976
5.21044 -0.0018263648816124192
5.21164 -0.001858978540212641
5.21285 -0.0018915921988128628
5.21406 -0.0019242058574130848
5.21526 -0.001956819516013306
5.21647 -0.001956819516013306
5.21768 -0.001989433174613528
5.21888 -0.001989433174613528
5.22009 -0.0020220468332137497
5.2213 -0.0020220468332137497
5.22251 -0.0020220468332137497
5.22371 -0.0020220468332137497
5.22492 -0.0020220468332137497
5.22613 -0.0020546604918139717
5.22733 -0.0020872741504141938
5.22854 -0.002119887809014415
5.22975 -0.002152501467614637
5.23095 -0.002152501467614637
5.23216 -0.002185115126214859
5.23337 -0.002185115126214859
5.23457 -0.002185115126214859
5.23578 -0.002185115126214859
5.23699 -0.002185115126214859
5.23819 -0.0022177287848150805
5.2394 -0.002250342443415302
5.24061 -0.0023155697606157457
5.24181 -0.0023807970778161893
5.24302 -0.002446024395016633
5.24423 -0.002478638053616855
5.24543 -0.002478638053616855
5.24664 -0.002478638053616855
5.24785 -0.002446024395016633
5.24906 -0.002446024395016633
5.25026 -0.0024134107364164113
5.25147 -0.002446024395016633
5.25268 -0.002446024395016633
5.25388 -0.002478638053616855
5.25509 -0.0025112517122170765
5.2563 -0.00257647902941752
5.2575 -0.00257647902941752
5.25871 -0.002609092688017742
5.25992 -0.0026417063466179632
5.26112 -0.0026417063466179632
5.26233 -0.0026417063466179632
5.26354 -0.0026743200052181853
5.26474 -0.0026743200052181853
5.26595 -0.0026743200052181853
5.26716 -0.0027069336638184073
5.26836 -0.002739547322418629
5.26957 -0.0027721609810188504
5.27078 -0.0028047746396190724
5.27198 -0.002837388298219294
5.27319 -0.002870001956819516
5.2744 -0.0029026156154197376
5.27561 -0.0029352292740199596
5.27681 -0.0029352292740199596
5.27802 -0.0029678429326201812
5.27923 -0.0029678429326201812
5.28043 -0.0030004565912204032
5.28164 -0.003033070249820625
5.28285 -0.0030656839084208464
5.28405 -0.0030656839084208464
5.28526 -0.0030656839084208464
5.28647 -0.0030656839084208464
5.28767 -0.003033070249820625
5.28888 -0.003033070249820625
5.29009 -0.003033070249820625
5.29129 -0.003033070249820625
5.2925 -0.0030656839084208464
5.29371 -0.0030982975670210684
5.29491 -0.003163524884221512
5.29612 -0.0031961385428217336
5.29733 -0.0032287522014219556
5.29853 -0.0032287522014219556
5.29974 -0.003261365860022177
5.30095 -0.003261365860022177
5.30216 -0.003261365860022177
5.30336 -0.003261365860022177
5.30457 -0.003293979518622399
5.30578 -0.003326593177222621
5.30698 -0.003326593177222621
5.30819 -0.003359206835822843
5.3094 -0.003391820494423064
5.3106 -0.003424434153023286
5.31181 -0.003424434153023286
5.31302 -0.003424434153023286
5.31422 -0.003424434153023286
5.31543 -0.003424434153023286
5.31664 -0.003424434153023286
5.31784 -0.003424434153023286
5.31905 -0.003424434153023286
5.32026 -0.003457047811623508
5.32146 -0.003457047811623508
5.32267 -0.003457047811623508
5.32388 -0.0034896614702237296
5.32509 -0.0034896614702237296
5.32629 -0.0035222751288239516
5.3275 -0.0035222751288239516
5.32871 -0.0035222751288239516
5.32991 -0.003554888787424173
5.33112 -0.003554888787424173
5.33233 -0.003554888787424173
5.33353 -0.003554888787424173
5.33474 -0.003554888787424173
5.33595 -0.003554888787424173
5.33715 -0.003587502446024395
5.33836 -0.003587502446024395
5.33957 -0.003620116104624617
5.34077 -0.003620116104624617
5.34198 -0.003620116104624617
5.34319 -0.003587502446024395
5.34439 -0.003554888787424173
5.3456 -0.003554888787424173
5.34681 -0.0035222751288239516
5.34801 -0.0035222751288239516
5.34922 -0.003554888787424173
5.35043 -0.003587502446024395
5.35164 -0.003620116104624617
5.35284 -0.0036527297632248383
5.35405 -0.0036527297632248383
5.35526 -0.0036527297632248383
5.35646 -0.003620116104624617
5.35767 -0.003587502446024395
5.35888 -0.003554888787424173
5.36008 -0.003554888787424173
5.36129 -0.0035222751288239516
5.3625 -0.0035222751288239516
5.3637 -0.0035222751288239516
5.36491 -0.0035222751288239516
5.36612 -0.003554888787424173
5.36732 -0.0035222751288239516
5.36853 -0.0035222751288239516
5.36974 -0.0034896614702237296
5.37094 -0.003457047811623508
5.37215 -0.003391820494423064
5.37336 -0.003359206835822843
5.37456 -0.003326593177222621
5.37577 -0.003293979518622399
5.37698 -0.003261365860022177
5.37819 -0.0032287522014219556
5.37939 -0.0032287522014219556
5.3806 -0.0032287522014219556
5.38181 -0.0032287522014219556
5.38301 -0.0031961385428217336
5.38422 -0.0031961385428217336
5.38543 -0.003163524884221512
5.38663 -0.0031309112256212904
5.38784 -0.0030982975670210684
5.38905 -0.0030656839084208464
5.39025 -0.003033070249820625
5.39146 -0.003033070249820625
5.39267 -0.0030004565912204032
5.39387 -0.0029678429326201812
5.39508 -0.0029352292740199596
5.39629 -0.0029026156154197376
5.39749 -0.002837388298219294
5.3987 -0.0027721609810188504
5.39991 -0.0027069336638184073
5.40111 -0.0026743200052181853
5.40232 -0.0026417063466179632
5.40353 -0.0026417063466179632
5.40474 -0.0026417063466179632
5.40594 -0.0026417063466179632
5.40715 -0.0026417063466179632
5.40836 -0.0026417063466179632
5.40956 -0.002609092688017742
5.41077 -0.002543865370817298
5.41198 -0.0025112517122170765
5.41318 -0.002446024395016633
5.41439 -0.0023807970778161893
5.4156 -0.0023155697606157457
5.4168 -0.002250342443415302
5.41801 -0.002185115126214859
5.41922 -0.002119887809014415
5.42042 -0.0020546604918139717
5.42163 -0.0020220468332137497
5.42284 -0.001989433174613528
5.42404 -0.001956819516013306
5.42525 -0.0019242058574130848
5.42646 -0.0018915921988128628
5.42766 -0.001858978540212641
5.42887 -0.0018263648816124192
5.43008 -0.0017611375644119758
5.43129 -0.001695910247211532
5.43249 -0.0016306829300110886
5.4337 -0.0015654556128106452
5.43491 -0.0015002282956102016
5.43611 -0.001435000978409758
5.43732 -0.0014023873198095362
5.43853 -0.0013697736612093144
5.43973 -0.0013371600026090926
5.44094 -0.001271932685408649
5.44215 -0.0012067053682082057
5.44335 -0.001141478051007762
5.44456 -0.0010762507338073185
5.44577 -0.000978409758006653
5.44697 -0.0009457960994064314
5.44818 -0.0008805687822059879
5.44939 -0.0008805687822059879
5.45059 -0.000847955123605766
5.4518 -0.000847955123605766
5.45301 -0.0008153414650055443
5.45421 -0.0007827278064053226
5.45542 -0.0007501141478051008
5.45663 -0.0006848868306046572
5.45784 -0.0006196595134042137
5.45904 -0.0005544321962037701
5.46025 -0.0004892048790033265
5.46146 -0.000423977561802883
5.46266 -0.0003587502446024395
5.46387 -0.00032613658600221776
5.46508 -0.0002609092688017742
5.46628 -0.0002282956102015524
5.46749 -0.00019568195160133065
5.4687 -0.00016306829300110888
5.4699 -0.0001304546344008871
5.47111 -6.522731720044356e-05
5.47232 -3.261365860022178e-05
5.47352 0.0
5.47473 -0.0
5.47594 -0.0
5.47714 -0.0
5.47835 -0.0
5.47956 -0.0
5.48076 -0.0
5.48197 -0.0
5.48318 -0.0
5.48439 0.0
5.48559 0.0
5.4868 0.0
5.48801 -0.0
5.48921 -3.261365860022178e-05
5.49042 -6.522731720044356e-05
5.49163 -9.784097580066533e-05
5.49283 -0.0001304546344008871
5.49404 -0.00016306829300110888
5.49525 -0.00019568195160133065
5.49645 -0.00019568195160133065
5.49766 -0.00019568195160133065
5.49887 -0.00019568195160133065
5.50007 -0.00016306829300110888
5.50128 -9.784097580066533e-05
5.50249 -6.522731720044356e-05
5.50369 -3.261365860022178e-05
5.5049 -3.261365860022178e-05
5.50611 -3.261365860022178e-05
5.50731 -3.261365860022178e-05
5.50852 -6.522731720044356e-05
5.50973 -6.522731720044356e-05
5.51094 -9.784097580066533e-05
5.51214 -9.784097580066533e-05
5.51335 -6.522731720044356e-05
5.51456 -6.522731720044356e-05
5.51576 -3.261365860022178e-05
5.51697 -0.0
5.51818 0.0
5.51938 0.0
5.52059 -0.0
5.5218 -3.261365860022178e-05
5.523 -3.261365860022178e-05
5.52421 -6.522731720044356e-05
5.52542 -6.522731720044356e-05
5.52662 -6.522731720044356e-05
5.52783 -3.261365860022178e-05
5.52904 0.0
5.53024 3.261365860022178e-05
5.53145 9.784097580066533e-05
5.53266 0.0001304546344008871
5.53386 0.00016306829300110888
5.53507 0.00019568195160133065
5.53628 0.0002282956102015524
5.53749 0.0002609092688017742
5.53869 0.0002609092688017742
5.5399 0.0002609092688017742
5.54111 0.0002609092688017742
5.54231 0.0002609092688017742
5.54352 0.00029352292740199596
5.54473 0.00029352292740199596
5.54593 0.00032613658600221776
5.54714 0.0003587502446024395
5.54835 0.0003913639032026613
5.54955 0.0003913639032026613
5.55076 0.000423977561802883
5.55197 0.000423977561802883
5.55317 0.0004565912204031048
5.55438 0.0004565912204031048
5.55559 0.0004892048790033265
5.55679 0.0005218185376035484
5.558 0.0005870458548039919
5.55921 0.0006522731720044355
5.56042 0.000717500489204879
5.56162 0.0007501141478051008
5.56283 0.0008153414650055443
5.56404 0.000847955123605766
5.56524 0.0008805687822059879
5.56645 0.0009131824408062096
5.56766 0.0009131824408062096
5.56886 0.0009457960994064314
5.57007 0.000978409758006653
5.57128 0.0010110234166068749
5.57248 0.0010762507338073185
5.57369 0.001141478051007762
5.5749 0.0012393190268084275
5.5761 0.0013371600026090926
5.57731 0.001435000978409758
5.57852 0.0015002282956102016
5.57972 0.0015328419542104232
5.58093 0.0015654556128106452
5.58214 0.0015980692714108668
5.58334 0.0015980692714108668
5.58455 0.0015980692714108668
5.58576 0.0015980692714108668
5.58697 0.0016306829300110886
5.58817 0.0016632965886113106
5.58938 0.001695910247211532
5.59059 0.0017611375644119758
5.59179 0.0017937512230121976
5.593 0.001858978540212641
5.59421 0.0019242058574130848
5.59541 0.001989433174613528
5.59662 0.0020220468332137497
5.59783 0.0020872741504141938
5.59903 0.002119887809014415
5.60024 0.002152501467614637
5.60145 0.002185115126214859
5.60265 0.002250342443415302
5.60386 0.002282956102015524
5.60507 0.0023155697606157457
5.60627 0.0023807970778161893
5.60748 0.0024134107364164113
5.60869 0.002478638053616855
5.60989 0.002543865370817298
5.6111 0.002609092688017742
5.61231 0.0026417063466179632
5.61352 0.0027069336638184073
5.61472 0.002739547322418629
5.61593 0.0027721609810188504
5.61714 0.0028047746396190724
5.61834 0.002837388298219294
5.61955 0.0029026156154197376
5.62076 0.0029352292740199596
5.62196 0.0030004565912204032
5.62317 0.0030656839084208464
5.62438 0.0030982975670210684
5.62558 0.0031309112256212904
5.62679 0.0031309112256212904
5.628 0.0031309112256212904
5.6292 0.0031309112256212904
5.63041 0.0031309112256212904
5.63162 0.0031309112256212904
5.63282 0.003163524884221512
5.63403 0.0031961385428217336
5.63524 0.0032287522014219556
5.63644 0.003293979518622399
5.63765 0.003326593177222621
5.63886 0.003359206835822843
5.64007 0.003391820494423064
5.64127 0.003391820494423064
5.64248 0.003391820494423064
5.64369 0.003359206835822843
5.64489 0.003326593177222621
5.6461 0.003293979518622399
5.64731 0.003261365860022177
5.64851 0.0032287522014219556
5.64972 0.0031961385428217336
5.65093 0.003163524884221512
5.65213 0.0031309112256212904
5.65334 0.0031309112256212904
5.65455 0.0031309112256212904
5.65575 0.0030982975670210684
5.65696 0.0030982975670210684
5.65817 0.003033070249820625
5.65937 0.0030004565912204032
5.66058 0.0029352292740199596
5.66179 0.002837388298219294
5.66299 0.0027721609810188504
5.6642 0.0026743200052181853
5.66541 0.002609092688017742
5.66662 0.00257647902941752
5.66782 0.002543865370817298
5.66903 0.0025112517122170765
5.67024 0.002478638053616855
5.67144 0.002446024395016633
5.67265 0.0024134107364164113
5.67386 0.0023481834192159677
5.67506 0.002250342443415302
5.67627 0.002152501467614637
5.67748 0.0020546604918139717
5.67868 0.0019242058574130848
5.67989 0.0018263648816124192
5.6811 0.0017611375644119758
5.6823 0.0016632965886113106
5.68351 0.0015980692714108668
5.68472 0.0015654556128106452
5.68592 0.0015002282956102016
5.68713 0.001435000978409758
5.68834 0.0013371600026090926
5.68954 0.0012067053682082057
5.69075 0.0011088643924075403
5.69196 0.000978409758006653
5.69317 0.000847955123605766
5.69437 0.0007501141478051008
5.69558 0.0006522731720044355
5.69679 0.0005544321962037701
5.69799 0.0004892048790033265
5.6992 0.0003913639032026613
5.70041 0.00032613658600221776
5.70161 0.0002282956102015524
5.70282 0.0001304546344008871
5.70403 3.261365860022178e-05
5.70523 -9.784097580066533e-05
5.70644 -0.0002282956102015524
5.70765 -0.0003587502446024395
5.70885 -0.0004892048790033265
5.71006 -0.0005870458548039919
5.71127 -0.000717500489204879
5.71247 -0.0008153414650055443
5.71368 -0.0009131824408062096
5.71489 -0.000978409758006653
5.71609 -0.0010762507338073185
5.7173 -0.0011088643924075403
5.71851 -0.0011740917096079839
5.71972 -0.0012067053682082057
5.72092 -0.001271932685408649
5.72213 -0.001304546344008871
5.72334 -0.0013697736612093144
5.72454 -0.001435000978409758
5.72575 -0.0015002282956102016
5.72696 -0.0015654556128106452
5.72816 -0.0016306829300110886
5.72937 -0.001695910247211532
5.73058 -0.001728523905811754
5.73178 -0.001728523905811754
5.73299 -0.001728523905811754
5.7342 -0.001728523905811754
5.7354 -0.001695910247211532
5.73661 -0.001695910247211532
5.73782 -0.0016632965886113106
5.73902 -0.0016632965886113106
5.74023 -0.0016632965886113106
5.74144 -0.001695910247211532
5.74264 -0.001695910247211532
5.74385 -0.001695910247211532
5.74506 -0.001695910247211532
5.74627 -0.0016306829300110886
5.74747 -0.0015654556128106452
5.74868 -0.0015002282956102016
5.74989 -0.001435000978409758
5.75109 -0.0014023873198095362
5.7523 -0.0013697736612093144
5.75351 -0.0013371600026090926
5.75471 -0.0013371600026090926
5.75592 -0.0013371600026090926
5.75713 -0.0013697736612093144
5.75833 -0.0013371600026090926
5.75954 -0.0013371600026090926
5.76075 -0.001304546344008871
5.76195 -0.0012393190268084275
5.76316 -0.001141478051007762
5.76437 -0.0010436370752070969
5.76557 -0.0009457960994064314
5.76678 -0.0008805687822059879
5.76799 -0.0008153414650055443
5.7692 -0.0008153414650055443
5.7704 -0.0008153414650055443
5.77161 -0.0008153414650055443
5.77282 -0.000847955123605766
5.77402 -0.000847955123605766
5.77523 -0.0008805687822059879
5.77644 -0.0008805687822059879
5.77764 -0.000847955123605766
5.77885 -0.0008153414650055443
5.78006 -0.0007827278064053226
5.78126 -0.000717500489204879
5.78247 -0.0006848868306046572
5.78368 -0.0006196595134042137
5.78488 -0.0005870458548039919
5.78609 -0.0005544321962037701
5.7873 -0.0005544321962037701
5.7885 -0.0005218185376035484
5.78971 -0.0005218185376035484
5.79092 -0.0005218185376035484
5.79212 -0.0004892048790033265
5.79333 -0.0004892048790033265
5.79454 -0.000423977561802883
5.79575 -0.0003913639032026613
5.79695 -0.00032613658600221776
5.79816 -0.0002609092688017742
5.79937 -0.00019568195160133065
5.80057 -0.0001304546344008871
5.80178 -9.784097580066533e-05
5.80299 -6.522731720044356e-05
5.80419 -6.522731720044356e-05
5.8054 -6.522731720044356e-05
5.80661 -6.522731720044356e-05
5.80781 -6.522731720044356e-05
5.80902 -3.261365860022178e-05
5.81023 0.0
5.81143 3.261365860022178e-05
5.81264 6.522731720044356e-05
5.81385 0.0001304546344008871
5.81505 0.00019568195160133065
5.81626 0.0002609092688017742
5.81747 0.0003587502446024395
5.81867 0.000423977561802883
5.81988 0.0004892048790033265
5.82109 0.0005218185376035484
5.8223 0.0005544321962037701
5.8235 0.0005870458548039919
5.82471 0.0006196595134042137
5.82592 0.0006522731720044355
5.82712 0.000717500489204879
5.82833 0.0007827278064053226
5.82954 0.000847955123605766
5.83074 0.0009457960994064314
5.83195 0.0010436370752070969
5.83316 0.001141478051007762
5.83436 0.0012067053682082057
5.83557 0.001304546344008871
5.83678 0.0013371600026090926
5.83798 0.0014023873198095362
5.83919 0.0014676146370099798
5.8404 0.0015328419542104232
5.8416 0.0015654556128106452
5.84281 0.0016632965886113106
5.84402 0.0017611375644119758
5.84522 0.0018263648816124192
5.84643 0.0019242058574130848
5.84764 0.0020220468332137497
5.84885 0.002119887809014415
5.85005 0.0022177287848150805
5.85126 0.002282956102015524
5.85247 0.0023807970778161893
5.85367 0.0024134107364164113
5.85488 0.002478638053616855
5.85609 0.002543865370817298
5.85729 0.00257647902941752
5.8585 0.0026417063466179632
5.85971 0.0027069336638184073
5.86091 0.0027721609810188504
5.86212 0.002870001956819516
5.86333 0.0029352292740199596
5.86453 0.003033070249820625
5.86574 0.0031309112256212904
5.86695 0.0032287522014219556
5.86815 0.003326593177222621
5.86936 0.003424434153023286
5.87057 0.0034896614702237296
5.87177 0.003554888787424173
5.87298 0.0036527297632248383
5.87419 0.003750570739025504
5.8754 0.0038484117148261695
5.8766 0.004011480007827278
5.87781 0.0041745483008283875
5.87902 0.004337616593829496
5.88022 0.004533298545430826
5.88143 0.004728980497032157
5.88264 0.004859435131433044
5.88384 0.004989889765833931
5.88505 0.005087730741634596
5.88626 0.00515295805883504
5.88746 0.005218185376035484
5.88867 0.0053160263518361485
5.88988 0.0054138673276368145
5.89108 0.005544321962037701
5.89229 0.00570739025503881
5.8935 0.00590307220664014
5.8947 0.006131367816841693
5.89591 0.006327049768443024
5.89712 0.006555345378644576
5.89832 0.006783640988846128
5.89953 0.006979322940447459
5.90074 0.00717500489204879
5.90195 0.007338073185049899
5.90315 0.007533755136651229
5.90436 0.007696823429652339
5.90557 0.007859891722653447
5.90677 0.008022960015654557
5.90798 0.008218641967255887
5.90919 0.008381710260256995
5.91039 0.008544778553258104
5.9116 0.008740460504859436
5.91281 0.008903528797860542
5.91401 0.009066597090861652
5.91522 0.009262279042462983
5.91643 0.009457960994064313
5.91763 0.009653642945665645
5.91884 0.009816711238666754
5.92005 0.010012393190268084
5.92125 0.010208075141869414
5.92246 0.010371143434870524
5.92367 0.01050159806927141
5.92487 0.010664666362272519
5.92608 0.010795120996673407
5.92729 0.010958189289674515
5.9285 0.011121257582675624
5.9297 0.011316939534276956
5.93091 0.011545235144478508
5.93212 0.01180614441328028
5.93332 0.012067053682082057
5.93453 0.01232796295088383
5.93574 0.012588872219685604
5.93694 0.012849781488487378
5.93815 0.013078077098688929
5.93936 0.013306372708890485
5.94056 0.013502054660491812
5.94177 0.013697736612093144
5.94298 0.013893418563694474
5.94418 0.014121714173896027
5.94539 0.014382623442697801
5.9466 0.014643532711499575
5.9478 0.014904441980301351
5.94901 0.015197964907703346
5.95022 0.01549148783510534
5.95142 0.01581762442110756
5.95263 0.016111147348509554
5.95384 0.016437283934511774
5.95505 0.01673080686191377
5.95625 0.017024329789315763
5.95746 0.017350466375317983
5.95867 0.0176766029613202
5.95987 0.018002739547322417
5.96108 0.018361489791924857
5.96229 0.018720240036527298
5.96349 0.01911160393972996
5.9647 0.01950296784293262
5.96591 0.019926945404735504
5.96711 0.020350922966538385
5.96832 0.020807514186941493
5.96953 0.021231491748744374
5.97073 0.02168808296914748
5.97194 0.02211206053095036
5.97315 0.022568651751353468
5.97435 0.02299262931315635
5.97556 0.023416606874959233
5.97677 0.023840584436762114
5.97798 0.024297175657165222
5.97918 0.024786380536168547
5.98039 0.025275585415171872
5.9816 0.025764790294175204
5.9828 0.026286608831778746
5.98401 0.02684104102798252
5.98522 0.027395473224186288
5.98642 0.027982519078990284
5.98763 0.028536951275194053
5.98884 0.029123997129998046
5.99004 0.029711042984802035
5.99125 0.030298088839606024
5.99246 0.030852521035809797
5.99366 0.031439566890613786
5.99487 0.031993999086817555
5.99608 0.032581044941621555
5.99728 0.03316809079642554
5.99849 0.03378775030982976
5.9997 0.03444002348183419
6.0009 0.03509229665383863
6.00211 0.03577718348444329
6.00332 0.036462070315047945
6.00453 0.03717957080425282
6.00573 0.037864457634857476
6.00694 0.03854934446546214
6.00815 0.039266844954667014
6.00935 0.03995173178527167
6.01056 0.04070184593307677
6.01177 0.041451960080881874
6.01297 0.042234687887287195
6.01418 0.043017415693692516
6.01539 0.04383275715869806
6.01659 0.04468071228230383
6.0178 0.045561281064509816
6.01901 0.04640923618811558
6.02021 0.04728980497032157
6.02142 0.04817037375252756
6.02263 0.04905094253473354
6.02383 0.049931511316939535
6.02504 0.05081208009914552
6.02625 0.051692648881351506
6.02745 0.05257321766355749
6.02866 0.05342117278716326
6.02987 0.05433435522796948
6.03108 0.05521492401017546
6.03228 0.05609549279238145
6.03349 0.05700867523318766
6.0347 0.05795447133259409
6.0359 0.0588676537734003
6.03711 0.059780836214206504
6.03832 0.060726632313612944
6.03952 0.06167242841301937
6.04073 0.06258561085382558
6.04194 0.06353140695323202
6.04314 0.06447720305263845
6.04435 0.06542299915204489
6.04556 0.06640140891005153
6.04676 0.06734720500945797
6.04797 0.0682930011088644
6.04918 0.06927141086687104
6.05038 0.07018459330767726
6.05159 0.07113038940708369
6.0528 0.07201095818928967
6.054 0.07292414063009589
6.05521 0.07380470941230187
6.05642 0.07468527819450786
6.05763 0.07556584697671384
6.05883 0.07647902941752005
6.06004 0.07735959819972604
6.06125 0.07824016698193204
6.06245 0.07912073576413801
6.06366 0.07996869088774379
6.06487 0.08084925966994977
6.06607 0.08169721479355554
6.06728 0.08257778357576152
6.06849 0.08345835235796752
6.06969 0.08433892114017351
6.0709 0.08521948992237949
6.07211 0.0861326723631857
6.07331 0.08701324114539169
6.07452 0.08789380992759768
6.07573 0.08877437870980368
6.07693 0.08962233383340944
6.07814 0.09043767529841498
6.07935 0.0912204031048203
6.08055 0.0919705172526254
6.08176 0.09268801774183028
6.08297 0.09340551823103516
6.08418 0.09412301872024004
6.08538 0.09480790555084469
6.08659 0.09552540604004957
6.0878 0.09621029287065422
6.089 0.09692779335985911
6.09021 0.09761268019046376
6.09142 0.0982649533624682
6.09262 0.09894984019307286
6.09383 0.09956949970647708
6.09504 0.1001891592198813
6.09624 0.10077620507468528
6.09745 0.10133063727088905
6.09866 0.10188506946709282
6.09986 0.10240688800469636
6.10107 0.10289609288369969
6.10228 0.10338529776270301
6.10348 0.10387450264170636
6.10469 0.10433109386210944
6.1059 0.10478768508251256
6.1071 0.10521166264431543
6.10831 0.10563564020611833
6.10952 0.10605961776792121
6.11073 0.10645098167112388
6.11193 0.1068097319157263
6.11314 0.10716848216032875
6.11435 0.10752723240493119
6.11555 0.10785336899093341
6.11676 0.1081468919183354
6.11797 0.10840780118713716
6.11917 0.10863609679733872
6.12038 0.10883177874894004
6.12159 0.10899484704194116
6.12279 0.10912530167634205
6.124 0.10922314265214271
6.12521 0.10928836996934316
6.12641 0.10928836996934316
6.12762 0.10922314265214271
6.12883 0.10912530167634205
6.13003 0.10892961972474072
6.13124 0.10870132411453916
6.13245 0.10840780118713716
6.13365 0.10804905094253472
6.13486 0.10762507338073185
6.13607 0.10716848216032875
6.13728 0.10671189093992564
6.13848 0.10622268606092232
6.13969 0.10570086752331877
6.1409 0.10521166264431543
6.1421 0.10468984410671188
6.14331 0.10420063922770856
6.14452 0.10371143434870524
6.14572 0.1032222294697019
6.14693 0.10273302459069858
6.14814 0.10221120605309504
6.14934 0.1017220011740917
6.15055 0.10123279629508838
6.15176 0.10074359141608506
6.15296 0.10022177287848151
6.15417 0.09973256799947817
6.15538 0.09921074946187462
6.15658 0.0987215445828713
6.15779 0.09819972604526776
6.159 0.09767790750766421
6.1602 0.09715608897006066
6.16141 0.0966342704324571
6.16262 0.09607983823625334
6.16383 0.09552540604004957
6.16503 0.09500358750244602
6.16624 0.09441654164764203
6.16745 0.09386210945143826
6.16865 0.09327506359663428
6.16986 0.09268801774183028
6.17107 0.09210097188702629
6.17227 0.0915139260322223
6.17348 0.09089426651881807
6.17469 0.09027460700541387
6.17589 0.08965494749200965
6.1771 0.08903528797860544
6.17831 0.08841562846520122
6.17951 0.08776335529319679
6.18072 0.08714369577979258
6.18193 0.08649142260778814
6.18313 0.0858391494357837
6.18434 0.08518687626377927
6.18555 0.08446937577457439
6.18676 0.08375187528536952
6.18796 0.08303437479616463
6.18917 0.08228426064835953
6.19038 0.0815015328419542
6.19158 0.08071880503554889
6.19279 0.07996869088774379
6.194 0.07918596308133846
6.1952 0.07840323527493313
6.19641 0.07762050746852782
6.19762 0.0768377796621225
6.19882 0.07602243819711696
6.20003 0.07523971039071163
6.20124 0.07442436892570609
6.20244 0.07364164111930076
6.20365 0.07282629965429521
6.20486 0.07201095818928967
6.20606 0.0711630030656839
6.20727 0.07034766160067836
6.20848 0.0694997064770726
6.20968 0.06865175135346682
6.21089 0.06780379622986106
6.2121 0.0669558411062553
6.21331 0.06610788598264954
6.21451 0.06525993085904376
6.21572 0.06444458939403822
6.21693 0.06359663427043245
6.21813 0.06278129280542691
6.21934 0.06199856499902159
6.22055 0.06118322353401604
6.22175 0.060367882069010496
6.22296 0.05958515426260518
6.22417 0.05876981279759964
6.22537 0.05795447133259409
6.22658 0.05717174352618877
6.22779 0.056356402061183225
6.22899 0.05554106059617768
6.2302 0.054725719131172135
6.23141 0.05391037766616659
6.23261 0.05312764985976126
6.23382 0.05234492205335594
6.23503 0.051562194246950625
6.23623 0.050779466440545304
6.23744 0.0500293522927402
6.23865 0.04931185180353532
6.23986 0.04856173765573022
6.24106 0.04784423716652534
6.24227 0.04715935033592068
6.24348 0.0464418498467158
6.24468 0.04572434935751092
6.24589 0.04500684886830605
6.2471 0.04432196203770139
6.2483 0.04360446154849651
6.24951 0.04288696105929163
6.25072 0.04220207422868697
6.25192 0.0414845737394821
6.25313 0.04079968690887744
6.25434 0.04011480007827278
6.25554 0.039429913247668126
6.25675 0.038777640075663686
6.25796 0.03812536690365925
6.25916 0.03747309373165482
6.26037 0.03682082055965038
6.26158 0.036168547387645945
6.26278 0.03554888787424173
6.26399 0.03492922836083752
6.2652 0.0343095688474333
6.26641 0.03368990933402909
6.26761 0.03310286347922509
6.26882 0.03251581762442111
6.27003 0.031928771769617115
6.27123 0.031374339573413346
6.27244 0.030819907377209577
6.27365 0.030265475181005804
6.27485 0.029743656643402255
6.27606 0.029189224447198486
6.27727 0.028667405909594934
6.27847 0.028145587371991392
6.27968 0.027656382492988064
6.28089 0.02716717761398474
6.28209 0.02667797273498141
6.2833 0.026188767855978085
6.28451 0.025732176635574977
6.28571 0.025275585415171872
6.28692 0.024818994194768768
6.28813 0.024329789315765443
6.28933 0.023873198095362338
6.29054 0.023416606874959233
6.29175 0.022927401995955905
6.29296 0.022470810775552803
6.29416 0.02204683321374992
6.29537 0.021590241993346814
6.29658 0.02119887809014415
6.29778 0.020807514186941493
6.29899 0.02041615028373883
6.3002 0.020024786380536168
6.3014 0.019666036135933727
6.30261 0.01930728589133129
6.30382 0.01894853564672885
6.30502 0.01855717174352619
6.30623 0.01819842149892375
6.30744 0.01783967125432131
6.30864 0.01748092100971887
6.30985 0.01712217076511643
6.31106 0.01676342052051399
6.31226 0.016437283934511774
6.31347 0.016111147348509554
6.31468 0.015785010762507337
6.31588 0.01545887417650512
6.31709 0.015165351249103122
6.3183 0.014871828321701128
6.31951 0.014578305394299133
6.32071 0.014317396125497357
6.32192 0.014056486856695583
6.32313 0.013762963929293588
6.32433 0.013502054660491812
6.32554 0.01324114539169004
6.32675 0.012980236122888265
6.32795 0.012686713195486268
6.32916 0.012393190268084274
6.33037 0.0121322809992825
6.33157 0.011871371730480725
6.33278 0.01161046246167895
6.33399 0.011349553192877176
6.33519 0.011121257582675624
6.3364 0.010925575631074293
6.33761 0.010697280020872741
6.33881 0.01050159806927141
6.34002 0.01030591611767008
6.34123 0.01011023416606875
6.34243 0.00991455221446742
6.34364 0.009686256604265867
6.34485 0.009457960994064313
6.34606 0.009229665383862763
6.34726 0.008968756115060986
6.34847 0.008707846846259214
6.34968 0.00844693757745744
6.35088 0.008218641967255887
6.35209 0.007990346357054335
6.3533 0.007794664405453004
6.3545 0.007566368795251451
6.35571 0.00737068684365012
6.35692 0.007207618550649012
6.35812 0.007011936599047681
6.35933 0.00681625464744635
6.36054 0.00662057269584502
6.36174 0.006424890744243689
6.36295 0.006229208792642359
6.36416 0.0060335268410410285
6.36536 0.005870458548039919
6.36657 0.005674776596438588
6.36778 0.00551170830343748
6.36898 0.0053812536690365925
6.37019 0.005218185376035484
6.3714 0.005087730741634596
6.37261 0.00495727610723371
6.37381 0.004826821472832823
6.37502 0.004728980497032157
6.37623 0.00459852586263127
6.37743 0.004500684886830604
6.37864 0.00440284391102994
6.37985 0.004272389276629052
6.38105 0.0041745483008283875
6.38226 0.0040440936664274995
6.38347 0.003913639032026612
6.38467 0.0038157980562259475
6.38588 0.00368534342182506
6.38709 0.003554888787424173
6.38829 0.003424434153023286
6.3895 0.003326593177222621
6.39071 0.0031961385428217336
6.39191 0.0030982975670210684
6.39312 0.0029678429326201812
6.39433 0.002870001956819516
6.39554 0.0027721609810188504
6.39674 0.0026743200052181853
6.39795 0.002609092688017742
6.39916 0.0025112517122170765
6.40036 0.002446024395016633
6.40157 0.0023807970778161893
6.40278 0.0023155697606157457
6.40398 0.002250342443415302
6.40519 0.0022177287848150805
6.4064 0.002185115126214859
6.4076 0.002152501467614637
6.40881 0.002119887809014415
6.41002 0.0020872741504141938
6.41122 0.0020546604918139717
6.41243 0.0020220468332137497
6.41364 0.001989433174613528
6.41484 0.0019242058574130848
6.41605 0.0018915921988128628
6.41726 0.0017937512230121976
6.41846 0.001728523905811754
6.41967 0.0016306829300110886
6.42088 0.0015328419542104232
6.42209 0.001435000978409758
6.42329 0.001304546344008871
6.4245 0.0012067053682082057
6.42571 0.0011088643924075403
6.42691 0.0010436370752070969
6.42812 0.0009457960994064314
6.42933 0.0009131824408062096
6.43053 0.0008805687822059879
6.43174 0.000847955123605766
6.43295 0.000847955123605766
6.43415 0.0008153414650055443
6.43536 0.0008153414650055443
6.43657 0.0008153414650055443
6.43777 0.0008153414650055443
6.43898 0.0007827278064053226
6.44019 0.0007501141478051008
6.44139 0.0006848868306046572
6.4426 0.0006522731720044355
6.44381 0.0005870458548039919
6.44501 0.0005544321962037701
6.44622 0.0004892048790033265
6.44743 0.0004565912204031048
6.44864 0.000423977561802883
6.44984 0.0003913639032026613
6.45105 0.0003587502446024395
6.45226 0.0003587502446024395
6.45346 0.00032613658600221776
6.45467 0.00032613658600221776
6.45588 0.00029352292740199596
6.45708 0.00029352292740199596
6.45829 0.00029352292740199596
6.4595 0.0002609092688017742
6.4607 0.0002609092688017742
6.46191 0.0002282956102015524
6.46312 0.0002282956102015524
6.46432 0.00019568195160133065
6.46553 0.00019568195160133065
6.46674 0.00019568195160133065
6.46794 0.00019568195160133065
6.46915 0.00016306829300110888
6.47036 0.00016306829300110888
6.47156 0.00016306829300110888
6.47277 0.0001304546344008871
6.47398 0.0001304546344008871
6.47519 0.0001304546344008871
6.47639 9.784097580066533e-05
6.4776 9.784097580066533e-05
6.47881 9.784097580066533e-05
6.48001 9.784097580066533e-05
6.48122 9.784097580066533e-05
6.48243 9.784097580066533e-05
6.48363 9.784097580066533e-05
6.48484 0.0001304546344008871
6.48605 0.0001304546344008871
6.48725 0.0001304546344008871
6.48846 0.0001304546344008871
6.48967 0.0001304546344008871
6.49087 9.784097580066533e-05
6.49208 9.784097580066533e-05
6.49329 9.784097580066533e-05
6.49449 9.784097580066533e-05
6.4957 9.784097580066533e-05
6.49691 9.784097580066533e-05
6.49811 9.784097580066533e-05
6.49932 9.784097580066533e-05
6.50053 6.522731720044356e-05
6.50174 3.261365860022178e-05
6.50294 0.0
6.50415 -3.261365860022178e-05
6.50536 -6.522731720044356e-05
6.50656 -0.0001304546344008871
6.50777 -0.00016306829300110888
6.50898 -0.00019568195160133065
6.51018 -0.0002282956102015524
6.51139 -0.0002282956102015524
6.5126 -0.0002282956102015524
6.5138 -0.00019568195160133065
6.51501 -0.00016306829300110888
6.51622 -0.0001304546344008871
6.51742 -9.784097580066533e-05
6.51863 -3.261365860022178e-05
6.51984 -0.0
6.52104 3.261365860022178e-05
6.52225 3.261365860022178e-05
6.52346 3.261365860022178e-05
6.52466 0.0
6.52587 -3.261365860022178e-05
6.52708 -3.261365860022178e-05
6.52829 -9.784097580066533e-05
6.52949 -0.0001304546344008871
6.5307 -0.0001304546344008871
6.53191 -0.0001304546344008871
6.53311 -0.0001304546344008871
6.53432 -0.0001304546344008871
6.53553 -0.0001304546344008871
6.53673 -9.784097580066533e-05
6.53794 -6.522731720044356e-05
6.53915 -3.261365860022178e-05
6.54035 -3.261365860022178e-05
6.54156 -0.0
6.54277 -0.0
6.54397 -0.0
6.54518 -0.0
6.54639 -0.0
6.54759 -3.261365860022178e-05
6.5488 -0.0
6.55001 -0.0
6.55121 0.0
6.55242 -0.0
6.55363 -0.0
6.55484 0.0
6.55604 0.0
6.55725 0.0
6.55846 0.0
6.55966 0.0
6.56087 0.0
6.56208 0.0
6.56328 0.0
6.56449 3.261365860022178e-05
6.5657 3.261365860022178e-05
6.5669 3.261365860022178e-05
6.56811 3.261365860022178e-05
6.56932 6.522731720044356e-05
6.57052 6.522731720044356e-05
6.57173 6.522731720044356e-05
6.57294 9.784097580066533e-05
6.57414 9.784097580066533e-05
6.57535 9.784097580066533e-05
6.57656 9.784097580066533e-05
6.57776 9.784097580066533e-05
6.57897 6.522731720044356e-05
6.58018 6.522731720044356e-05
6.58139 6.522731720044356e-05
6.58259 6.522731720044356e-05
6.5838 3.261365860022178e-05
6.58501 3.261365860022178e-05
6.58621 3.261365860022178e-05
6.58742 3.261365860022178e-05
6.58863 0.0
6.58983 0.0
6.59104 -3.261365860022178e-05
6.59225 -6.522731720044356e-05
6.59345 -6.522731720044356e-05
6.59466 -9.784097580066533e-05
6.59587 -0.0001304546344008871
6.59707 -0.00016306829300110888
6.59828 -0.00016306829300110888
6.59949 -0.00019568195160133065
6.60069 -0.0002282956102015524
6.6019 -0.0002282956102015524
6.60311 -0.0002609092688017742
6.60432 -0.00029352292740199596
6.60552 -0.00032613658600221776
6.60673 -0.0003587502446024395
6.60794 -0.0003913639032026613
6.60914 -0.000423977561802883
6.61035 -0.000423977561802883
6.61156 -0.0004565912204031048
6.61276 -0.0004565912204031048
6.61397 -0.0004565912204031048
6.61518 -0.0004565912204031048
6.61638 -0.0004565912204031048
6.61759 -0.0004565912204031048
6.6188 -0.0004565912204031048
6.62 -0.0004892048790033265
6.62121 -0.0004892048790033265
6.62242 -0.0005218185376035484
6.62362 -0.0005544321962037701
6.62483 -0.0005870458548039919
6.62604 -0.0006196595134042137
6.62724 -0.0006522731720044355
6.62845 -0.000717500489204879
6.62966 -0.0007501141478051008
6.63087 -0.0007827278064053226
6.63207 -0.0008153414650055443
6.63328 -0.0008153414650055443
6.63449 -0.000847955123605766
6.63569 -0.0008153414650055443
6.6369 -0.0008153414650055443
6.63811 -0.0008153414650055443
6.63931 -0.0007827278064053226
6.64052 -0.0007827278064053226
6.64173 -0.0007827278064053226
6.64293 -0.0008153414650055443
6.64414 -0.0008153414650055443
6.64535 -0.000847955123605766
6.64655 -0.0008805687822059879
6.64776 -0.0009131824408062096
6.64897 -0.0009457960994064314
6.65017 -0.000978409758006653
6.65138 -0.000978409758006653
6.65259 -0.0010110234166068749
6.65379 -0.0010110234166068749
6.655 -0.0010436370752070969
6.65621 -0.0010436370752070969
6.65742 -0.0010436370752070969
6.65862 -0.0010436370752070969
6.65983 -0.0010436370752070969
6.66104 -0.0010436370752070969
6.66224 -0.0010436370752070969
6.66345 -0.0010110234166068749
6.66466 -0.0010110234166068749
6.66586 -0.0009457960994064314
6.66707 -0.0009131824408062096
6.66828 -0.0008805687822059879
6.66948 -0.000847955123605766
6.67069 -0.0008153414650055443
6.6719 -0.0007827278064053226
6.6731 -0.0007501141478051008
6.67431 -0.0007501141478051008
6.67552 -0.0007501141478051008
6.67672 -0.0007501141478051008
6.67793 -0.0007501141478051008
6.67914 -0.0007501141478051008
6.68034 -0.0007501141478051008
6.68155 -0.0007501141478051008
6.68276 -0.000717500489204879
6.68397 -0.0006848868306046572
6.68517 -0.0006522731720044355
6.68638 -0.0006196595134042137
6.68759 -0.0005870458548039919
6.68879 -0.0005544321962037701
6.69 -0.0005218185376035484
6.69121 -0.0005218185376035484
6.69241 -0.0004892048790033265
6.69362 -0.0004892048790033265
6.69483 -0.0004892048790033265
6.69603 -0.0005218185376035484
6.69724 -0.0005218185376035484
6.69845 -0.0005218185376035484
6.69965 -0.0005218185376035484
6.70086 -0.0004892048790033265
6.70207 -0.0004892048790033265
6.70327 -0.000423977561802883
6.70448 -0.0003913639032026613
6.70569 -0.00032613658600221776
6.70689 -0.0002609092688017742
6.7081 -0.00019568195160133065
6.70931 -0.0001304546344008871
6.71052 -6.522731720044356e-05
6.71172 0.0
6.71293 6.522731720044356e-05
6.71414 0.0001304546344008871
6.71534 0.00016306829300110888
6.71655 0.0002282956102015524
6.71776 0.0002609092688017742
6.71896 0.00032613658600221776
6.72017 0.0003587502446024395
6.72138 0.000423977561802883
6.72258 0.0004565912204031048
6.72379 0.0005218185376035484
6.725 0.0005544321962037701
6.7262 0.0006196595134042137
6.72741 0.0006848868306046572
6.72862 0.000717500489204879
6.72982 0.0007827278064053226
6.73103 0.000847955123605766
6.73224 0.0009131824408062096
6.73344 0.000978409758006653
6.73465 0.0010762507338073185
6.73586 0.001141478051007762
6.73707 0.0012067053682082057
6.73827 0.001271932685408649
6.73948 0.0013371600026090926
6.74069 0.0014023873198095362
6.74189 0.0014676146370099798
6.7431 0.0015654556128106452
6.74431 0.0016306829300110886
6.74551 0.001695910247211532
6.74672 0.0017937512230121976
6.74793 0.0018915921988128628
6.74913 0.001989433174613528
6.75034 0.002119887809014415
6.75155 0.002250342443415302
6.75275 0.0023807970778161893
6.75396 0.0025112517122170765
6.75517 0.0026417063466179632
6.75637 0.002739547322418629
6.75758 0.002870001956819516
6.75879 0.0029678429326201812
6.75999 0.0030656839084208464
6.7612 0.003163524884221512
6.76241 0.003261365860022177
6.76362 0.003359206835822843
6.76482 0.003457047811623508
6.76603 0.003554888787424173
6.76724 0.0036527297632248383
6.76844 0.003750570739025504
6.76965 0.003881025373426391
6.77086 0.004011480007827278
6.77206 0.0041419346422281655
6.77327 0.004272389276629052
6.77448 0.004435457569630161
6.77568 0.004565912204031048
6.77689 0.004696366838431935
6.7781 0.004859435131433044
6.7793 0.004989889765833931
6.78051 0.005120344400234818
6.78172 0.005250799034635705
6.78292 0.0053812536690365925
6.78413 0.00551170830343748
6.78534 0.005642162937838367
6.78654 0.005772617572239254
6.78775 0.00590307220664014
6.78896 0.0060335268410410285
6.79017 0.006131367816841693
6.79137 0.006294436109842802
6.79258 0.006424890744243689
6.79379 0.006555345378644576
6.79499 0.006718413671645686
6.7962 0.006848868306046572
6.79741 0.007011936599047681
6.79861 0.00717500489204879
6.79982 0.007305459526449677
6.80103 0.007468527819450786
6.80223 0.007598982453851673
6.80344 0.007762050746852782
6.80465 0.007892505381253669
6.80585 0.007990346357054335
6.80706 0.008120800991455221
6.80827 0.008218641967255887
6.80947 0.008283869284456331
6.81068 0.008381710260256995
6.81189 0.00844693757745744
6.81309 0.008544778553258104
6.8143 0.00864261952905877
6.81551 0.008740460504859436
6.81672 0.0088383014806601
6.81792 0.008936142456460764
6.81913 0.00903398343226143
6.82034 0.009131824408062096
6.82154 0.009262279042462983
6.82275 0.009360120018263649
6.82396 0.009457960994064313
6.82516 0.009523188311264757
6.82637 0.009621029287065423
6.82758 0.009653642945665645
6.82878 0.009718870262866088
6.82999 0.009784097580066532
6.8312 0.009816711238666754
6.8324 0.009881938555867198
6.83361 0.00991455221446742
6.83482 0.009979779531667862
6.83602 0.010045006848868306
6.83723 0.01011023416606875
6.83844 0.010208075141869414
6.83965 0.010273302459069858
6.84085 0.010371143434870524
6.84206 0.01046898441067119
6.84327 0.010566825386471853
6.84447 0.010632052703672297
6.84568 0.010729893679472963
6.84689 0.010827734655273629
6.84809 0.010892961972474073
6.8493 0.010990802948274737
6.85051 0.01105603026547518
6.85171 0.011121257582675624
6.85292 0.011186484899876068
6.85413 0.01121909855847629
6.85533 0.011284325875676734
6.85654 0.011349553192877176
6.85775 0.01141478051007762
6.85895 0.011480007827278064
6.86016 0.011545235144478508
6.86137 0.011643076120279173
6.86257 0.011740917096079839
6.86378 0.011838758071880503
6.86499 0.011936599047681169
6.8662 0.012034440023481835
6.8674 0.0121322809992825
6.86861 0.012197508316482942
6.86982 0.012295349292283608
6.87102 0.012360576609484052
6.87223 0.012393190268084274
6.87344 0.012458417585284718
6.87464 0.01249103124388494
6.87585 0.012523644902485162
6.87706 0.012556258561085382
6.87826 0.012588872219685604
6.87947 0.012621485878285826
6.88068 0.012686713195486268
6.88188 0.012751940512686714
6.88309 0.012817167829887158
6.8843 0.012915008805687822
6.8855 0.012980236122888265
6.88671 0.013078077098688929
6.88792 0.013175918074489597
6.88912 0.01324114539169004
6.89033 0.013338986367490705
6.89154 0.01340421368469115
6.89275 0.013469441001891591
6.89395 0.013534668319092035
6.89516 0.01359989563629248
6.89637 0.013665122953492924
6.89757 0.013697736612093144
6.89878 0.013762963929293588
6.89999 0.01379557758789381
6.90119 0.013860804905094254
6.9024 0.013926032222294698
6.90361 0.013991259539495142
6.90481 0.014089100515295806
6.90602 0.01418694149109647
6.90723 0.014284782466897137
6.90843 0.014382623442697801
6.90964 0.014480464418498469
6.91085 0.014610919052899353
6.91205 0.01470876002870002
6.91326 0.014806601004500684
6.91447 0.014904441980301351
6.91567 0.015002282956102016
6.91688 0.01510012393190268
6.91809 0.015197964907703346
6.9193 0.01526319222490379
6.9205 0.015328419542104234
6.92171 0.015393646859304678
6.92292 0.01545887417650512
6.92412 0.015524101493705564
6.92533 0.015589328810906009
6.92654 0.01565455612810645
6.92774 0.015719783445306893
6.92895 0.015785010762507337
6.93016 0.015882851738308005
6.93136 0.01598069271410867
6.93257 0.016078533689909334
6.93378 0.016208988324310218
6.93498 0.016339442958711106
6.93619 0.016469897593111994
6.9374 0.016600352227512882
6.9386 0.01673080686191377
6.93981 0.01686126149631466
6.94102 0.01695910247211532
6.94222 0.017056943447915987
6.94343 0.01715478442371665
6.94464 0.01725262539951732
6.94585 0.017350466375317983
6.94705 0.017415693692518427
6.94826 0.01748092100971887
6.94947 0.017578761985519536
6.95067 0.0176766029613202
6.95188 0.017774443937120864
6.95309 0.017904898571521752
6.95429 0.01803535320592264
6.9555 0.01816580784032353
6.95671 0.018328876133324637
6.95791 0.018491944426325745
6.95912 0.018655012719326854
6.96033 0.018818081012327962
6.96153 0.01894853564672885
6.96274 0.019078990281129738
6.96395 0.019209444915530626
6.96515 0.01930728589133129
6.96636 0.019405126867131955
6.96757 0.019470354184332395
6.96877 0.01953558150153284
6.96998 0.019600808818733283
6.97119 0.01969864979453395
6.9724 0.019763877111734395
6.9736 0.01986171808753506
6.97481 0.019992172721935948
6.97602 0.020090013697736612
6.97722 0.0202204683321375
6.97843 0.020383536625138608
6.97964 0.020513991259539493
6.98084 0.020677059552540605
6.98205 0.020840127845541713
6.98326 0.02100319613854282
6.98446 0.02116626443154393
6.98567 0.021296719065944818
6.98688 0.021427173700345706
6.98808 0.021557628334746594
6.98929 0.021655469310547258
6.9905 0.021753310286347922
6.9917 0.021818537603548366
6.99291 0.02191637857934903
6.99412 0.021981605896549475
6.99532 0.02204683321374992
6.99653 0.02211206053095036
6.99774 0.022209901506751027
6.99895 0.02227512882395147
7.00015 0.022372969799752136
7.00136 0.022470810775552803
7.00257 0.022568651751353468
7.00377 0.022666492727154132
7.00498 0.022796947361555017
7.00619 0.022894788337355684
7.00739 0.023025242971756572
7.0086 0.023123083947557237
7.00981 0.023253538581958125
7.01101 0.02335137955775879
7.01222 0.023449220533559457
7.01343 0.023547061509360118
7.01463 0.02361228882656056
7.01584 0.02371012980236123
7.01705 0.02377535711956167
7.01825 0.023840584436762114
7.01946 0.023905811753962558
7.02067 0.023971039071163002
7.02187 0.02406888004696367
7.02308 0.024134107364164114
7.02429 0.024199334681364558
7.0255 0.024264561998565
7.0267 0.024362402974365663
7.02791 0.024460243950166327
7.02912 0.024558084925966995
7.03032 0.02465592590176766
7.03153 0.024786380536168547
7.03274 0.02488422151196921
7.03394 0.0250146761463701
7.03515 0.025112517122170764
7.03636 0.025242971756571652
7.03756 0.025340812732372316
7.03877 0.02543865370817298
7.03998 0.02553649468397365
7.04118 0.02560172200117409
7.04239 0.025666949318374536
7.0436 0.025732176635574977
7.0448 0.025797403952775425
7.04601 0.025862631269975865
7.04722 0.02592785858717631
7.04843 0.025993085904376753
7.04963 0.026058313221577197
7.05084 0.026156154197377858
7.05205 0.026253995173178526
7.05325 0.026384449807579414
7.05446 0.02648229078338008
7.05567 0.02661274541778097
7.05687 0.026775813710782075
7.05808 0.026906268345182963
7.05929 0.02703672297958385
7.06049 0.02716717761398474
7.0617 0.027297632248385627
7.06291 0.027395473224186288
7.06411 0.027525927858587176
7.06532 0.02762376883438784
7.06653 0.027721609810188508
7.06773 0.02781945078598917
7.06894 0.027917291761789836
7.07015 0.028015132737590504
7.07135 0.028112973713391165
7.07256 0.028210814689191833
7.07377 0.02834126932359272
7.07498 0.028471723957993605
7.07618 0.028602178592394494
7.07739 0.028765246885395602
7.0786 0.02889570151979649
7.0798 0.029058769812797598
7.08101 0.02925445176439893
7.08222 0.02941752005740004
7.08342 0.029580588350401147
7.08463 0.029743656643402255
7.08584 0.029906724936403364
7.08704 0.030069793229404475
7.08825 0.030232861522405584
7.08946 0.030395929815406692
7.09066 0.0305589981084078
7.09187 0.03068945274280869
7.09308 0.030852521035809797
7.09428 0.031015589328810905
7.09549 0.031178657621812017
7.0967 0.031374339573413346
7.0979 0.03153740786641445
7.09911 0.031733089818015786
7.10032 0.031928771769617115
7.10153 0.03215706737981867
7.10273 0.032352749331419996
7.10394 0.032581044941621555
7.10515 0.0328093405518231
7.10635 0.03303763616202465
7.10756 0.03326593177222621
7.10877 0.03346161372382754
7.10997 0.03368990933402909
7.11118 0.03388559128563042
7.11239 0.03408127323723175
7.11359 0.034276955188833086
7.1148 0.03444002348183419
7.11601 0.0346030917748353
7.11721 0.03476616006783641
7.11842 0.03492922836083752
7.11963 0.0350596829952384
7.12083 0.03522275128823952
7.12204 0.035385819581240624
7.12325 0.03551627421564151
7.12445 0.03567934250864262
7.12566 0.035875024460243946
7.12687 0.036038092753245064
7.12808 0.03620116104624617
7.12928 0.036364229339247274
7.13049 0.036527297632248386
7.1317 0.03669036592524949
7.1329 0.0368534342182506
7.13411 0.03698388885265149
7.13532 0.03711434348705238
7.13652 0.03721218446285304
7.13773 0.03731002543865371
7.13894 0.03737525275585415
7.14014 0.037440480073054595
7.14135 0.037505707390255036
7.14256 0.03753832104885526
7.14376 0.03757093470745548
7.14497 0.03760354836605571
7.14618 0.037636162024655924
7.14738 0.03766877568325615
7.14859 0.03770138934185637
7.1498 0.03770138934185637
7.151 0.037734003000456595
7.15221 0.037734003000456595
7.15342 0.03776661665905681
7.15463 0.03776661665905681
7.15583 0.03776661665905681
7.15704 0.037734003000456595
7.15825 0.037734003000456595
7.15945 0.03770138934185637
7.16066 0.03766877568325615
7.16187 0.037636162024655924
7.16307 0.03760354836605571
7.16428 0.03757093470745548
7.16549 0.03753832104885526
7.16669 0.03747309373165482
7.1679 0.037440480073054595
7.16911 0.03737525275585415
7.17031 0.03734263909725393
7.17152 0.03731002543865371
7.17273 0.037277411780053483
7.17393 0.03724479812145326
7.17514 0.03721218446285304
7.17635 0.03717957080425282
7.17755 0.03717957080425282
7.17876 0.0371469571456526
7.17997 0.0371469571456526
7.18118 0.0371469571456526
7.18238 0.0371469571456526
7.18359 0.0371469571456526
7.1848 0.03717957080425282
7.186 0.03717957080425282
7.18721 0.03721218446285304
7.18842 0.037277411780053483
7.18962 0.03731002543865371
7.19083 0.03737525275585415
7.19204 0.03747309373165482
7.19324 0.03760354836605571
7.19445 0.037734003000456595
7.19566 0.0378970712934577
7.19686 0.03812536690365925
7.19807 0.03838627617246102
7.19928 0.038712412758463245
7.20048 0.03907116300306568
7.20169 0.03949514056486857
7.2029 0.04001695910247211
7.2041 0.04057139129867588
7.20531 0.0411910508120801
7.20652 0.04190855130128498
7.20773 0.0426912791076903
7.20893 0.04353923423129607
7.21014 0.04445241667210228
7.21135 0.045332985454308264
7.21255 0.04627878155371469
7.21376 0.04725719131172135
7.21497 0.04817037375252756
7.21617 0.0489857152175331
7.21738 0.04967060204813776
7.21859 0.05032287522014219
7.21979 0.05081208009914552
7.221 0.05113821668514774
7.22221 0.05120344400234818
7.22341 0.05110560302654752
7.22462 0.05081208009914552
7.22583 0.05038810253734264
7.22703 0.04980105668253865
7.22824 0.0489857152175331
7.22945 0.04807253277672689
7.23065 0.04712673667732046
7.23186 0.04621355423651425
7.23307 0.0452351444785076
7.23428 0.04422412106190072
7.23548 0.043310938621094516
7.23669 0.04249559715608897
7.2379 0.041745483008283873
7.2391 0.04109320983627943
7.24031 0.04050616398147544
7.24152 0.04001695910247211
7.24272 0.039625595199269455
7.24393 0.03929945861326724
7.24514 0.03907116300306568
7.24634 0.03887548105146435
7.24755 0.03874502641706347
7.24876 0.03867979909986302
7.24996 0.0386471854412628
7.25117 0.0386471854412628
7.25238 0.0386471854412628
7.25358 0.038712412758463245
7.25479 0.038777640075663686
7.256 0.03884286739286413
7.25721 0.03887548105146435
7.25841 0.03894070836866479
7.25962 0.03900593568586524
7.26083 0.03907116300306568
7.26203 0.039136390320266126
7.26324 0.03916900397886635
7.26445 0.03920161763746657
7.26565 0.03920161763746657
7.26686 0.0392342312960668
7.26807 0.039266844954667014
7.26927 0.039266844954667014
7.27048 0.03929945861326724
7.27169 0.03929945861326724
7.27289 0.039332072271867455
7.2741 0.039364685930467685
7.27531 0.039429913247668126
7.27651 0.03946252690626834
7.27772 0.03952775422346879
7.27893 0.03959298154066923
7.28013 0.03965820885786968
7.28134 0.039756049833670336
7.28255 0.03982127715087078
7.28376 0.03991911812667145
7.28496 0.04001695910247211
7.28617 0.04008218641967256
7.28738 0.040180027395473224
7.28858 0.04024525471267367
7.28979 0.04031048202987411
7.291 0.04037570934707455
7.2922 0.040440936664275
7.29341 0.04050616398147544
7.29462 0.040538777640075664
7.29582 0.04057139129867588
7.29703 0.04063661861587633
7.29824 0.04066923227447655
7.29944 0.04070184593307677
7.30065 0.04073445959167699
7.30186 0.040767073250277217
7.30306 0.04083230056747766
7.30427 0.040897527884678105
7.30548 0.040962755201878545
7.30668 0.041027982519078986
7.30789 0.04109320983627943
7.3091 0.0411910508120801
7.31031 0.04128889178788076
7.31151 0.041386732763681426
7.31272 0.0414845737394821
7.31393 0.041582414715282755
7.31513 0.041680255691083426
7.31634 0.04177809666688409
7.31755 0.04184332398408453
7.31875 0.04190855130128498
7.31996 0.04197377861848542
7.32117 0.042039005935685866
7.32237 0.04207161959428608
7.32358 0.04210423325288631
7.32479 0.042169460570086754
7.32599 0.04220207422868697
7.3272 0.042234687887287195
7.32841 0.04229991520448764
7.32961 0.04236514252168808
7.33082 0.04243036983888853
7.33203 0.04249559715608897
7.33323 0.042593438131889635
7.33444 0.042658665449090076
7.33565 0.04275650642489075
7.33686 0.04285434740069141
7.33806 0.042952188376492076
7.33927 0.04305002935229274
7.34048 0.043147870328093405
7.34168 0.043213097645293845
7.34289 0.043310938621094516
7.3441 0.04337616593829496
7.3453 0.043441393255495404
7.34651 0.043506620572695845
7.34772 0.04357184788989629
7.34892 0.04363707520709673
7.35013 0.043702302524297174
7.35134 0.04380014350009784
7.35254 0.043865370817298285
7.35375 0.043930598134498726
7.35496 0.04402843911029939
7.35616 0.04409366642749984
7.35737 0.0441915074033005
7.35858 0.044289348379101166
7.35978 0.04438718935490184
7.36099 0.044485030330702495
7.3622 0.04458287130650316
7.36341 0.04468071228230383
7.36461 0.04477855325810449
7.36582 0.04487639423390516
7.36703 0.04494162155110561
7.36823 0.045039462526906264
7.36944 0.045137303502706935
7.37065 0.045202530819907376
7.37185 0.04530037179570804
7.37306 0.045398212771508704
7.37427 0.045463440088709145
7.37547 0.045561281064509816
7.37668 0.04565912204031048
7.37789 0.04575696301611115
7.37909 0.04585480399191181
7.3803 0.04595264496771248
7.38151 0.046050485943513145
7.38271 0.04618094057791403
7.38392 0.04627878155371469
7.38513 0.04637662252951536
7.38633 0.046474463505316026
7.38754 0.046604918139716914
7.38875 0.04670275911551758
7.38996 0.04680060009131824
7.39116 0.046898441067118914
7.39237 0.04699628204291957
7.39358 0.04706150936012002
7.39478 0.04715935033592068
7.39599 0.04722457765312112
7.3972 0.047322418628921795
7.3984 0.047387645946122235
7.39961 0.04745287326332268
7.40082 0.04751810058052312
7.40202 0.04758332789772357
7.40323 0.04764855521492401
7.40444 0.04771378253212445
7.40564 0.0477790098493249
7.40685 0.047876850825125564
7.40806 0.04797469180092623
7.40926 0.04807253277672689
7.41047 0.04817037375252756
7.41168 0.048300828386928445
7.41288 0.048398669362729116
7.41409 0.04852912399713
7.4153 0.04869219229013111
7.41651 0.048822646924532
7.41771 0.048953101558932885
7.41892 0.049083556193333766
7.42013 0.049214010827734654
7.42133 0.04931185180353532
7.42254 0.049442306437936206
7.42375 0.04954014741373687
7.42495 0.049637988389537535
7.42616 0.0497358293653382
7.42737 0.04983367034113887
7.42857 0.049931511316939535
7.42978 0.049996738634139976
7.43099 0.05009457960994065
7.43219 0.050192420585741304
7.4334 0.050290261561541975
7.43461 0.05038810253734264
7.43581 0.05051855717174353
7.43702 0.05061639814754419
7.43823 0.05074685278194507
7.43943 0.05087730741634596
7.44064 0.051007762050746856
7.44185 0.05113821668514774
7.44306 0.05126867131954863
7.44426 0.05136651229534929
7.44547 0.05149696692975017
7.44668 0.05159480790555085
7.44788 0.051692648881351506
7.44909 0.05179048985715217
7.4503 0.05188833083295284
7.4515 0.051986171808753506
7.45271 0.05205139912595395
7.45392 0.05214924010175462
7.45512 0.05221446741895506
7.45633 0.052312308394755716
7.45754 0.052410149370556394
7.45874 0.052475376687756835
7.45995 0.05257321766355749
7.46116 0.05267105863935816
7.46236 0.05280151327375905
7.46357 0.05289935424955971
7.46478 0.053029808883960604
7.46599 0.053160263518361485
7.46719 0.05329071815276238
7.4684 0.05342117278716326
7.46961 0.05355162742156415
7.47081 0.053714695714565254
7.47202 0.05384515034896615
7.47323 0.05397560498336703
7.47443 0.0540734459591677
7.47564 0.05420390059356858
7.47685 0.05433435522796948
7.47805 0.054432196203770135
7.47926 0.0545300371795708
7.48047 0.054660491813971694
7.48167 0.05475833278977235
7.48288 0.05485617376557303
7.48409 0.05495401474137369
7.48529 0.05508446937577457
7.4865 0.05518231035157524
7.48771 0.05531276498597613
7.48891 0.055443219620377016
7.49012 0.0555736742547779
7.49133 0.05570412888917879
7.49254 0.055801969864979456
7.49374 0.05593242449938034
7.49495 0.056062879133781225
7.49616 0.05616072010958189
7.49736 0.056291174743982784
7.49857 0.05638901571978344
7.49978 0.05645424303698388
7.50098 0.05655208401278456
7.50219 0.056617311329985
7.5034 0.05671515230578566
7.5046 0.0567803796229861
7.50581 0.056845606940186554
7.50702 0.05694344791598721
7.50822 0.05700867523318766
7.50943 0.057073902550388106
7.51064 0.05717174352618877
7.51184 0.05723697084338921
7.51305 0.05733481181918987
7.51426 0.057432652794990546
7.51546 0.057530493770791204
7.51667 0.057628334746591875
7.51788 0.05772617572239254
7.51909 0.057824016698193204
7.52029 0.05795447133259409
7.5215 0.058052312308394756
7.52271 0.05815015328419541
7.52391 0.05828060791859631
7.52512 0.05837844889439697
7.52633 0.058476289870197644
7.52753 0.058606744504598525
7.52874 0.05870458548039919
7.52995 0.05880242645619986
7.53115 0.05890026743200052
7.53236 0.05899810840780118
7.53357 0.05909594938360185
7.53477 0.05919379035940252
7.53598 0.05929163133520319
7.53719 0.059389472311003846
7.53839 0.05945469962820429
7.5396 0.05955254060400495
7.54081 0.05965038157980562
7.54201 0.05974822255560629
7.54322 0.05984606353140696
7.54443 0.05994390450720762
7.54564 0.060074359141608503
7.54684 0.060172200117409175
7.54805 0.060302654751810056
7.54926 0.06046572304481117
7.55046 0.06059617767921205
7.55167 0.060726632313612944
7.55288 0.06088970060661405
7.55408 0.06102015524101494
7.55529 0.06115060987541582
7.5565 0.06131367816841694
7.5577 0.06144413280281782
7.55891 0.06157458743721871
7.56012 0.06173765573021981
7.56132 0.061868110364620706
7.56253 0.06199856499902159
7.56374 0.06212901963342248
7.56494 0.06225947426782336
7.56615 0.06238992890222426
7.56736 0.06252038353662513
7.56856 0.06265083817102603
7.56977 0.06278129280542691
7.57098 0.06294436109842802
7.57219 0.0630748157328289
7.57339 0.0632052703672298
7.5746 0.06336833866023091
7.57581 0.06349879329463179
7.57701 0.06362924792903267
7.57822 0.06375970256343357
7.57943 0.06385754353923423
7.58063 0.06398799817363511
7.58184 0.06408583914943579
7.58305 0.06421629378383667
7.58425 0.06431413475963733
7.58546 0.064411975735438
7.58667 0.06450981671123866
7.58787 0.06460765768703934
7.58908 0.06470549866283999
7.59029 0.06480333963864066
7.59149 0.06490118061444133
7.5927 0.064999021590242
7.59391 0.06509686256604265
7.59511 0.06522731720044354
7.59632 0.06532515817624421
7.59753 0.06542299915204489
7.59874 0.06552084012784554
7.59994 0.06565129476224642
7.60115 0.0657491357380471
7.60236 0.06587959037244798
7.60356 0.06597743134824866
7.60477 0.06610788598264954
7.60598 0.06620572695845019
7.60718 0.06633618159285108
7.60839 0.06643402256865175
7.6096 0.06653186354445242
7.6108 0.0666623181788533
7.61201 0.06676015915465397
7.61322 0.06689061378905485
7.61442 0.06698845476485552
7.61563 0.0670862957406562
7.61684 0.06715152305785663
7.61804 0.06724936403365729
7.61925 0.06734720500945797
7.62046 0.0674124323266584
7.62166 0.06751027330245907
7.62287 0.06757550061965951
7.62408 0.06767334159546018
7.62529 0.06773856891266063
7.62649 0.06783640988846128
7.6277 0.06793425086426196
7.62891 0.0679994781814624
7.63011 0.06809731915726305
7.63132 0.06822777379166395
7.63253 0.06832561476746461
7.63373 0.06845606940186551
7.63494 0.06855391037766617
7.63615 0.06868436501206705
7.63735 0.06881481964646795
7.63856 0.0689126606222686
7.63977 0.0690431152566695
7.64097 0.06914095623247016
7.64218 0.06923879720827082
7.64339 0.06933663818407149
7.64459 0.06943447915987215
7.6458 0.06953232013567281
7.64701 0.0696301611114735
7.64821 0.06972800208727414
7.64942 0.06979322940447459
7.65063 0.06989107038027526
7.65184 0.06998891135607592
7.65304 0.07008675233187658
7.65425 0.07018459330767726
7.65546 0.07028243428347791
7.65666 0.07038027525927858
7.65787 0.07047811623507926
7.65908 0.07057595721087992
7.66028 0.0707064118452808
7.66149 0.07080425282108146
7.6627 0.07090209379688213
7.6639 0.07103254843128302
7.66511 0.07113038940708369
7.66632 0.07122823038288434
7.66752 0.07132607135868502
7.66873 0.07142391233448568
7.66994 0.07152175331028635
7.67114 0.0715869806274868
7.67235 0.07165220794468724
7.67356 0.07175004892048789
7.67477 0.07181527623768835
7.67597 0.07188050355488879
7.67718 0.07194573087208923
7.67839 0.07201095818928967
7.67959 0.07207618550649013
7.6808 0.07217402648229078
7.68201 0.07223925379949123
7.68321 0.07233709477529189
7.68442 0.07243493575109256
7.68563 0.07256539038549344
7.68683 0.07266323136129411
7.68804 0.072793685995695
7.68925 0.07292414063009589
7.69045 0.07308720892309699
7.69166 0.07321766355749788
7.69287 0.07334811819189876
7.69407 0.07347857282629966
7.69528 0.07360902746070054
7.69649 0.07373948209510144
7.69769 0.07386993672950232
7.6989 0.0740003913639032
7.70011 0.07413084599830409
7.70132 0.07422868697410476
7.70252 0.07435914160850564
7.70373 0.0744569825843063
7.70494 0.0745874372187072
7.70614 0.07468527819450786
7.70735 0.07478311917030853
7.70856 0.07488096014610919
7.70976 0.07497880112190985
7.71097 0.07507664209771052
7.71218 0.07517448307351118
7.71338 0.07527232404931185
7.71459 0.07537016502511251
7.7158 0.07546800600091319
7.717 0.07559846063531407
7.71821 0.07569630161111474
7.71942 0.0757941425869154
7.72062 0.07592459722131628
7.72183 0.07602243819711696
7.72304 0.07615289283151784
7.72424 0.0762507338073185
7.72545 0.07638118844171939
7.72666 0.07651164307612028
7.72787 0.07660948405192095
7.72907 0.07670732502772161
7.73028 0.0768377796621225
7.73149 0.07693562063792315
7.73269 0.07706607527232405
7.7339 0.07716391624812471
7.73511 0.07726175722392538
7.73631 0.07739221185832627
7.73752 0.07749005283412694
7.73873 0.07762050746852782
7.73993 0.07771834844432848
7.74114 0.07784880307872936
7.74235 0.07797925771313026
7.74355 0.07810971234753114
7.74476 0.07827278064053225
7.74597 0.07840323527493313
7.74717 0.07856630356793425
7.74838 0.07872937186093537
7.74959 0.07889244015393647
7.75079 0.07905550844693758
7.752 0.07921857673993868
7.75321 0.07938164503293979
7.75442 0.0795447133259409
7.75562 0.07970778161894201
7.75683 0.07987084991194313
7.75804 0.08003391820494422
7.75924 0.08019698649794534
7.76045 0.08036005479094645
7.76166 0.08052312308394756
7.76286 0.08068619137694867
7.76407 0.08084925966994977
7.76528 0.08101232796295088
7.76648 0.08117539625595199
7.76769 0.0813384645489531
7.7689 0.0815015328419542
7.7701 0.08166460113495531
7.77131 0.08186028308655666
7.77252 0.08202335137955775
7.77372 0.08221903333115908
7.77493 0.08241471528276043
7.77614 0.08261039723436174
7.77734 0.08280607918596308
7.77855 0.08300176113756441
7.77976 0.08319744308916574
7.78097 0.08342573869936729
7.78217 0.08362142065096863
7.78338 0.08381710260256996
7.78459 0.08401278455417129
7.78579 0.08420846650577261
7.787 0.08440414845737394
7.78821 0.08459983040897529
7.78941 0.08476289870197638
7.79062 0.08495858065357771
7.79183 0.08515426260517905
7.79303 0.08534994455678037
7.79424 0.0855130128497815
7.79545 0.08570869480138282
7.79665 0.08590437675298415
7.79786 0.08610005870458548
7.79907 0.08629574065618681
7.80027 0.08652403626638837
7.80148 0.08671971821798968
7.80269 0.08694801382819124
7.80389 0.0871763094383928
7.8051 0.08737199138999413
7.80631 0.08760028700019568
7.80752 0.08782858261039724
7.80872 0.08805687822059878
7.80993 0.08828517383080034
7.81114 0.0885134694410019
7.81234 0.08874176505120344
7.81355 0.08897006066140499
7.81476 0.08919835627160655
7.81596 0.0894266518818081
7.81717 0.08965494749200965
7.81838 0.08988324310221121
7.81958 0.09011153871241276
7.82079 0.09030722066401409
7.822 0.09053551627421565
7.8232 0.09073119822581698
7.82441 0.09095949383601853
7.82562 0.09115517578761985
7.82682 0.09138347139782141
7.82803 0.09157915334942274
7.82924 0.0918074489596243
7.83044 0.09200313091122561
7.83165 0.09223142652142717
7.83286 0.0924271084730285
7.83407 0.09265540408323006
7.83527 0.0928836996934316
7.83648 0.09311199530363316
7.83769 0.09334029091383471
7.83889 0.09356858652403627
7.8401 0.0937642684756376
7.84131 0.09399256408583914
7.84251 0.0942208596960407
7.84372 0.09444915530624225
7.84493 0.0946774509164438
7.84613 0.09490574652664537
7.84734 0.09513404213684691
7.84855 0.09536233774704846
7.84975 0.09559063335725002
7.85096 0.09581892896745156
7.85217 0.0960146109190529
7.85337 0.09624290652925445
7.85458 0.09643858848085578
7.85579 0.09666688409105734
7.85699 0.09686256604265867
7.8582 0.09705824799426
7.85941 0.09725392994586132
7.86062 0.09744961189746265
7.86182 0.097645293849064
7.86303 0.09784097580066531
7.86424 0.09806927141086687
7.86544 0.0982649533624682
7.86665 0.09846063531406954
7.86786 0.09868893092427108
7.86906 0.09888461287587241
7.87027 0.09911290848607397
7.87148 0.09934120409627552
7.87268 0.09956949970647708
7.87389 0.09979779531667862
7.8751 0.10002609092688017
7.8763 0.10022177287848151
7.87751 0.10045006848868306
7.87872 0.10067836409888462
7.87992 0.10087404605048594
7.88113 0.10106972800208727
7.88234 0.1012654099536886
7.88355 0.10146109190528993
7.88475 0.10165677385689126
7.88596 0.1018524558084926
7.88717 0.10204813776009392
7.88837 0.10224381971169527
7.88958 0.10240688800469636
7.89079 0.1026025699562977
7.89199 0.10283086556649926
7.8932 0.10302654751810059
7.89441 0.10325484312830213
7.89561 0.10348313873850369
7.89682 0.10371143434870524
7.89803 0.10390711630030657
7.89923 0.10413541191050812
7.90044 0.10436370752070967
7.90165 0.10459200313091123
7.90285 0.10482029874111279
7.90406 0.10504859435131433
7.90527 0.10524427630291566
7.90647 0.10543995825451698
7.90768 0.10563564020611833
7.90889 0.10583132215771965
7.9101 0.10602700410932098
7.9113 0.10619007240232209
7.91251 0.1063531406953232
7.91372 0.10651620898832431
7.91492 0.10667927728132542
7.91613 0.10684234557432652
7.91734 0.10703802752592786
7.91854 0.10720109581892898
7.91975 0.10736416411193007
7.92096 0.10755984606353142
7.92216 0.10775552801513273
7.92337 0.10795120996673406
7.92458 0.1081468919183354
7.92578 0.10834257386993673
7.92699 0.10853825582153805
7.9282 0.10873393777313939
7.9294 0.10896223338334095
7.93061 0.10915791533494228
7.93182 0.10935359728654359
7.93302 0.10958189289674515
7.93423 0.10977757484834649
7.93544 0.10997325679994782
7.93665 0.11016893875154914
7.93785 0.11036462070315048
7.93906 0.11056030265475181
7.94027 0.11075598460635314
7.94147 0.11095166655795448
7.94268 0.11111473485095559
7.94389 0.1113104168025569
7.94509 0.11150609875415823
7.9463 0.11166916704715935
7.94751 0.11186484899876067
7.94871 0.11202791729176179
7.94992 0.1121909855847629
7.95113 0.11238666753636423
7.95233 0.11254973582936534
7.95354 0.11274541778096665
7.95475 0.11290848607396776
7.95595 0.11310416802556912
7.95716 0.1132672363185702
7.95837 0.11346291827017155
7.95957 0.11365860022177288
7.96078 0.11382166851477399
7.96199 0.11401735046637532
7.9632 0.11421303241797666
7.9644 0.11440871436957797
7.96561 0.11457178266257909
7.96682 0.11476746461418041
7.96802 0.11493053290718153
7.96923 0.11512621485878285
7.97044 0.11528928315178397
7.97164 0.11548496510338528
7.97285 0.11564803339638641
7.97406 0.11581110168938752
7.97526 0.11597416998238863
7.97647 0.11613723827538974
7.97768 0.11630030656839083
7.97888 0.11649598851999218
7.98009 0.1166590568129933
7.9813 0.11685473876459461
7.9825 0.11705042071619594
7.98371 0.11727871632639748
7.98492 0.11747439827799884
7.98612 0.11770269388820037
7.98733 0.11793098949840192
7.98854 0.1181918987672037
7.98975 0.11842019437740527
7.99095 0.11868110364620703
7.99216 0.11890939925640857
7.99337 0.11917030852521036
7.99457 0.11943121779401213
7.99578 0.11969212706281392
7.99699 0.11992042267301545
7.99819 0.12018133194181724
7.9994 0.12040962755201878
8.00061 0.12063792316222034
8.00181 0.1208988324310221
8.00302 0.12109451438262345
8.00423 0.12132280999282498
8.00543 0.12155110560302654
8.00664 0.12174678755462788
8.00785 0.12197508316482944
8.00905 0.12217076511643075
8.01026 0.12239906072663231
8.01147 0.12262735633683387
8.01267 0.12282303828843519
8.01388 0.12305133389863675
8.01509 0.1232796295088383
8.0163 0.12354053877764007
8.0175 0.12376883438784161
8.01871 0.1240297436566434
8.01992 0.12425803926684496
8.02112 0.12451894853564673
8.02233 0.12477985780444852
8.02354 0.1250733807318505
8.02474 0.12533429000065227
8.02595 0.12559519926945406
8.02716 0.12585610853825582
8.02836 0.1261496314656578
8.02957 0.1264105407344596
8.03078 0.12667145000326135
8.03198 0.12696497293066336
8.03319 0.12722588219946515
8.0344 0.1274867914682669
8.0356 0.1277477007370687
8.03681 0.12800861000587047
8.03802 0.12826951927467223
8.03922 0.12853042854347402
8.04043 0.12879133781227578
8.04164 0.12905224708107757
8.04285 0.12931315634987933
8.04405 0.1295740656186811
8.04526 0.12983497488748286
8.04647 0.13009588415628465
8.04767 0.1303567934250864
8.04888 0.13065031635248842
8.05009 0.1309112256212902
8.05129 0.13117213489009197
8.0525 0.13146565781749395
8.05371 0.13175918074489595
8.05491 0.13202009001369774
8.05612 0.13231361294109975
8.05733 0.13260713586850173
8.05853 0.1328680451373035
8.05974 0.1331615680647055
8.06095 0.1334224773335073
8.06215 0.13371600026090927
8.06336 0.13400952318831127
8.06457 0.13427043245711304
8.06577 0.13456395538451502
8.06698 0.13485747831191702
8.06819 0.13515100123931903
8.0694 0.135444524166721
8.0706 0.13573804709412302
8.07181 0.13606418368012524
8.07302 0.13639032026612746
8.07422 0.13671645685212966
8.07543 0.13704259343813188
8.07664 0.1373361163655339
8.07784 0.13766225295153608
8.07905 0.1379883895375383
8.08026 0.13834713978214075
8.08146 0.13864066270954276
8.08267 0.13896679929554498
8.08388 0.13929293588154718
8.08508 0.1396190724675494
8.08629 0.1399125953949514
8.0875 0.1402387319809536
8.0887 0.14053225490835564
8.08991 0.14085839149435783
8.09112 0.14115191442175984
8.09232 0.14147805100776206
8.09353 0.14177157393516404
8.09474 0.14206509686256605
8.09595 0.14239123344856824
8.09715 0.14268475637597025
8.09836 0.14301089296197247
8.09957 0.1433370295479747
8.10077 0.1436305524753767
8.10198 0.1439566890613789
8.10319 0.1442502119887809
8.10439 0.14457634857478313
8.1056 0.14490248516078533
8.10681 0.14519600808818733
8.10801 0.14552214467418956
8.10922 0.14581566760159154
8.11043 0.14614180418759376
8.11163 0.14646794077359598
8.11284 0.14676146370099796
8.11405 0.1470876002870002
8.11525 0.1474137368730024
8.11646 0.1477072598004044
8.11767 0.1480333963864066
8.11888 0.14835953297240886
8.12008 0.14868566955841106
8.12129 0.14901180614441328
8.1225 0.14933794273041548
8.1237 0.1496640793164177
8.12491 0.14999021590241995
8.12612 0.15031635248842215
8.12732 0.15064248907442437
8.12853 0.15096862566042657
8.12974 0.1512947622464288
8.13094 0.15162089883243102
8.13215 0.15194703541843324
8.13336 0.15230578566303568
8.13456 0.1526319222490379
8.13577 0.1529580588350401
8.13698 0.15331680907964257
8.13818 0.15364294566564476
8.13939 0.1540016959102472
8.1406 0.15436044615484965
8.1418 0.15471919639945209
8.14301 0.15507794664405453
8.14422 0.15543669688865697
8.14543 0.1557954471332594
8.14663 0.15618681103646206
8.14784 0.1565455612810645
8.14905 0.1569369251842672
8.15025 0.15732828908746982
8.15146 0.1577196529906725
8.15267 0.15807840323527492
8.15387 0.1584697671384776
8.15508 0.15882851738308004
8.15629 0.1592198812862827
8.15749 0.15957863153088514
8.1587 0.1599699954340878
8.15991 0.16032874567869024
8.16111 0.16068749592329268
8.16232 0.16104624616789512
8.16353 0.16140499641249756
8.16473 0.1617637466571
8.16594 0.1621224969017024
8.16715 0.16248124714630488
8.16835 0.16283999739090732
8.16956 0.16323136129410995
8.17077 0.16359011153871242
8.17198 0.16398147544191508
8.17318 0.16437283934511773
8.17439 0.1647642032483204
8.1756 0.16515556715152305
8.1768 0.1655469310547257
8.17801 0.1659382949579284
8.17922 0.16636227251973126
8.18042 0.16678625008153414
8.18163 0.16721022764333704
8.18284 0.1676015915465397
8.18404 0.16802556910834257
8.18525 0.16844954667014547
8.18646 0.16887352423194835
8.18766 0.16929750179375122
8.18887 0.16972147935555412
8.19008 0.170145456917357
8.19128 0.17053682082055965
8.19249 0.17096079838236253
8.1937 0.1713847759441654
8.1949 0.1717761398473681
8.19611 0.17220011740917096
8.19732 0.17259148131237362
8.19853 0.1730154588741765
8.19973 0.17343943643597937
8.20094 0.17383080033918205
8.20215 0.17425477790098493
8.20335 0.17467875546278783
8.20456 0.1751027330245907
8.20577 0.17552671058639358
8.20697 0.17595068814819645
8.20818 0.17640727936859957
8.20939 0.17683125693040244
8.21059 0.17728784815080556
8.2118 0.17774443937120865
8.21301 0.17816841693301153
8.21421 0.17862500815341464
8.21542 0.17911421303241795
8.21663 0.17957080425282107
8.21783 0.1800273954732242
8.21904 0.18051660035222752
8.22025 0.18097319157263062
8.22145 0.18146239645163395
8.22266 0.18195160133063726
8.22387 0.1824408062096406
8.22508 0.18293001108864393
8.22628 0.18345182962624748
8.22749 0.1839410345052508
8.2287 0.18443023938425412
8.2299 0.18495205792185768
8.23111 0.185441262800861
8.23232 0.18593046767986432
8.23352 0.18645228621746787
8.23473 0.1869414910964712
8.23594 0.18746330963407476
8.23714 0.18795251451307807
8.23835 0.18847433305068162
8.23956 0.18899615158828517
8.24076 0.1894853564672885
8.24197 0.19000717500489203
8.24318 0.19052899354249558
8.24438 0.19108342573869938
8.24559 0.1916052442763029
8.2468 0.19215967647250667
8.248 0.19268149501011023
8.24921 0.193235927206314
8.25042 0.19379035940251776
8.25163 0.19434479159872153
8.25283 0.1948992237949253
8.25404 0.19545365599112907
8.25525 0.19600808818733287
8.25645 0.1965625203835366
8.25766 0.1971169525797404
8.25887 0.19767138477594415
8.26007 0.19822581697214794
8.26128 0.19881286282695193
8.26249 0.19936729502315567
8.26369 0.19992172721935947
8.2649 0.20050877307416345
8.26611 0.20106320527036725
8.26731 0.20165025112517124
8.26852 0.20223729697997522
8.26973 0.202791729176179
8.27093 0.20337877503098298
8.27214 0.20396582088578696
8.27335 0.20455286674059095
8.27455 0.20513991259539494
8.27576 0.20572695845019892
8.27697 0.20631400430500293
8.27818 0.20690105015980692
8.27938 0.2074880960146109
8.28059 0.2080751418694149
8.2818 0.20866218772421888
8.283 0.20928184723762314
8.28421 0.20986889309242712
8.28542 0.2104559389472311
8.28662 0.2110429848020351
8.28783 0.21163003065683908
8.28904 0.2122170765116431
8.29024 0.21280412236644708
8.29145 0.21339116822125107
8.29266 0.21397821407605505
8.29386 0.21456525993085904
8.29507 0.21515230578566302
8.29628 0.21573935164046704
8.29748 0.21632639749527102
8.29869 0.216913443350075
8.2999 0.217500489204879
8.3011 0.21808753505968298
8.30231 0.218674580914487
8.30352 0.21926162676929098
8.30473 0.21984867262409497
8.30593 0.22043571847889895
8.30714 0.22102276433370294
8.30835 0.2216424238471072
8.30955 0.22222946970191118
8.31076 0.22281651555671517
8.31197 0.22343617507011937
8.31317 0.22402322092492336
8.31438 0.22464288043832756
8.31559 0.22522992629313154
8.31679 0.2258495858065358
8.318 0.22646924531994
8.31921 0.227056291174744
8.32041 0.2276759506881482
8.32162 0.22829561020155242
8.32283 0.2288826560563564
8.32403 0.2295023155697606
8.32524 0.2300893614245646
8.32645 0.2307090209379688
8.32766 0.23132868045137306
8.32886 0.23191572630617704
8.33007 0.23253538581958125
8.33128 0.23312243167438523
8.33248 0.23374209118778944
8.33369 0.23436175070119364
8.3349 0.23498141021459787
8.3361 0.23560106972800207
8.33731 0.23622072924140627
8.33852 0.23687300241341072
8.33972 0.23749266192681492
8.34093 0.2381449350988194
8.34214 0.2387972082708238
8.34334 0.23944948144282824
8.34455 0.2401017546148327
8.34576 0.2407540277868371
8.34696 0.24140630095884158
8.34817 0.24205857413084597
8.34938 0.24267823364425023
8.35058 0.24333050681625462
8.35179 0.24395016632965888
8.353 0.24460243950166327
8.35421 0.24522209901506753
8.35541 0.24584175852847173
8.35662 0.24646141804187593
8.35783 0.24708107755528014
8.35903 0.24770073706868437
8.36024 0.24828778292348835
8.36145 0.24890744243689256
8.36265 0.24949448829169654
8.36386 0.2501141478051008
8.36507 0.250733807318505
8.36627 0.251320853173309
8.36748 0.2519405126867132
8.36869 0.2525275585415172
8.36989 0.2531472180549214
8.3711 0.2537668775683256
8.37231 0.2543865370817298
8.37351 0.25503881025373426
8.37472 0.25565846976713846
8.37593 0.2563107429391429
8.37713 0.25696301611114736
8.37834 0.2576152892831518
8.37955 0.2582675624551562
8.38076 0.25891983562716064
8.38196 0.25960472245776534
8.38317 0.2602569956297697
8.38438 0.2609092688017742
8.38558 0.26159415563237887
8.38679 0.26224642880438326
8.388 0.2629313156349879
8.3892 0.2635835888069924
8.39041 0.2642358619789968
8.39162 0.26488813515100124
8.39282 0.26557302198160593
8.39403 0.2662252951536103
8.39524 0.26687756832561477
8.39644 0.2675298414976192
8.39765 0.2681821146696236
8.39886 0.2688343878416281
8.40006 0.2694866610136325
8.40127 0.27013893418563695
8.40248 0.2708238210162416
8.40368 0.27147609418824603
8.40489 0.27216098101885067
8.4061 0.27284586784945536
8.40731 0.27353075468006
8.40851 0.2742482551692649
8.40972 0.27493314199986957
8.41093 0.2756506424890744
8.41213 0.2763355293196791
8.41334 0.27705302980888397
8.41455 0.27777053029808885
8.41575 0.27848803078729367
8.41696 0.2792055312764986
8.41817 0.27989041810710324
8.41937 0.2806079185963081
8.42058 0.28129280542691276
8.42179 0.2820103059161177
8.42299 0.2826951927467223
8.4242 0.2834126932359272
8.42541 0.2840975800665319
8.42661 0.2847824668971365
8.42782 0.2854673537277412
8.42903 0.2861522405583458
8.43023 0.2868697410475507
8.43144 0.2875546278781554
8.43265 0.2882721283673602
8.43386 0.2889896288565651
8.43506 0.28970712934577003
8.43627 0.2904246298349749
8.43748 0.29117474398278
8.43868 0.2919248581305851
8.43989 0.2926749722783902
8.4411 0.29342508642619525
8.4423 0.2941752005740004
8.44351 0.29495792838040574
8.44472 0.2957080425282108
8.44592 0.2964907703346161
8.44713 0.29724088448242125
8.44834 0.29802361228882657
8.44954 0.29877372643663164
8.45075 0.299556454243037
8.45196 0.3003065683908421
8.45316 0.3010892961972474
8.45437 0.30187202400365276
8.45558 0.30262213815145783
8.45678 0.30340486595786315
8.45799 0.3041875937642685
8.4592 0.3049377079120736
8.46041 0.3057204357184789
8.46161 0.3065031635248842
8.46282 0.30728589133128953
8.46403 0.30806861913769484
8.46523 0.3088513469441002
8.46644 0.3096340747505055
8.46765 0.31041680255691084
8.46885 0.3111669167047159
8.47006 0.3119496445111212
8.47127 0.3127323723175266
8.47247 0.31348248646533167
8.47368 0.314265214271737
8.47489 0.3150153284195421
8.47609 0.3157980562259474
8.4773 0.3165481703737525
8.47851 0.3172982845215576
8.47971 0.318081012327963
8.48092 0.31883112647576806
8.48213 0.3195812406235731
8.48333 0.32036396842997844
8.48454 0.32111408257778357
8.48575 0.3218641967255887
8.48696 0.32261431087339376
8.48816 0.3233644250211989
8.48937 0.32408192551040377
8.49058 0.32483203965820884
8.49178 0.32558215380601396
8.49299 0.32629965429521884
8.4942 0.3270497684430239
8.4954 0.32776726893222885
8.49661 0.3285173830800339
8.49782 0.3292348835692388
8.49902 0.3299849977170439
8.50023 0.3307024982062488
8.50144 0.3314526123540539
8.50264 0.332202726501859
8.50385 0.3329528406496641
8.50506 0.33370295479746914
8.50626 0.33445306894527427
8.50747 0.33523579675167964
8.50868 0.3360185245580849
8.50988 0.33680125236449027
8.51109 0.3375839801708956
8.5123 0.33839932163590114
8.51351 0.3392146631009067
8.51471 0.3400300045659122
8.51592 0.34084534603091776
8.51713 0.3416933011545235
8.51833 0.34250864261952907
8.51954 0.3433565977431348
8.52075 0.34420455286674057
8.52195 0.3450198943317461
8.52316 0.3458352357967517
8.52437 0.3466831909203575
8.52557 0.347498532385363
8.52678 0.34831387385036855
8.52799 0.3491292153153741
8.52919 0.34991194312177937
8.5304 0.3507272845867849
8.53161 0.35151001239319024
8.53281 0.3522927401995956
8.53402 0.35307546800600087
8.53523 0.35385819581240624
8.53644 0.35464092361881155
8.53764 0.35542365142521687
8.53885 0.3562063792316222
8.54006 0.35698910703802755
8.54126 0.35777183484443287
8.54247 0.3585545626508381
8.54368 0.3593372904572435
8.54488 0.3601200182636488
8.54609 0.3609027460700541
8.5473 0.36168547387645944
8.5485 0.3624682016828648
8.54971 0.3632509294892701
8.55092 0.36403365729567544
8.55212 0.36481638510208075
8.55333 0.36559911290848607
8.55454 0.3663818407148914
8.55574 0.3671645685212967
8.55695 0.36791468266910177
8.55816 0.36869741047550714
8.55936 0.36944752462331226
8.56057 0.37019763877111733
8.56178 0.3709477529189224
8.56299 0.3716978670667275
8.56419 0.37244798121453265
8.5654 0.3731654817037375
8.56661 0.3739155958515426
8.56781 0.3746330963407475
8.56902 0.37538321048855255
8.57023 0.3761007109777575
8.57143 0.37685082512556256
8.57264 0.3776009392733677
8.57385 0.37831843976257257
8.57505 0.37906855391037764
8.57626 0.37981866805818276
8.57747 0.38053616854738764
8.57867 0.38128628269519277
8.57988 0.38203639684299784
8.58109 0.3827538973322027
8.58229 0.38350401148000784
8.5835 0.38422151196921267
8.58471 0.38493901245841755
8.58591 0.38565651294762243
8.58712 0.38637401343682737
8.58833 0.38709151392603225
8.58954 0.3877764007566369
8.59074 0.3884612875872415
8.59195 0.38914617441784616
8.59316 0.3897984475898506
8.59436 0.39045072076185505
8.59557 0.3911029939338595
8.59678 0.39175526710586395
8.59798 0.39240754027786834
8.59919 0.3930271997912726
8.6004 0.3936468593046768
8.6016 0.394266518818081
8.60281 0.394853564672885
8.60402 0.3954732241862892
8.60522 0.39606027004109323
8.60643 0.39667992955449743
8.60764 0.3972669754093014
8.60884 0.3978540212641054
8.61005 0.3984410671189094
8.61126 0.3990281129737134
8.61246 0.3996151588285174
8.61367 0.40020220468332135
8.61488 0.40078925053812536
8.61609 0.4013762963929294
8.61729 0.40196334224773334
8.6185 0.4025177744439371
8.61971 0.4031048202987411
8.62091 0.4036918661535451
8.62212 0.4042462983497489
8.62333 0.40483334420455286
8.62453 0.4053877764007566
8.62574 0.4059422085969604
8.62695 0.40649664079316417
8.62815 0.40705107298936793
8.62936 0.4076055051855717
8.63057 0.4081273237231753
8.63177 0.40868175591937905
8.63298 0.4092035744569826
8.63419 0.4097253929945861
8.63539 0.41021459787358944
8.6366 0.410736416411193
8.63781 0.41122562129019635
8.63901 0.41168221251059944
8.64022 0.4121714173896027
8.64143 0.41262800861000587
8.64264 0.4131172134890092
8.64384 0.4135738047094123
8.64505 0.41403039592981544
8.64626 0.4144543734916183
8.64746 0.4149109647120214
8.64867 0.41536755593242447
8.64988 0.4158241471528276
8.65108 0.4162807383732307
8.65229 0.4167373295936338
8.6535 0.41719392081403694
8.6547 0.41765051203444004
8.65591 0.4181071032548431
8.65712 0.4185636944752463
8.65832 0.41902028569564936
8.65953 0.41947687691605245
8.66074 0.4199334681364556
8.66194 0.4203900593568586
8.66315 0.4208466505772617
8.66436 0.4212706281390647
8.66556 0.42169460570086753
8.66677 0.4221511969212706
8.66798 0.42257517448307347
8.66919 0.4229991520448764
8.67039 0.42342312960667927
8.6716 0.4238471071684821
8.67281 0.4242710847302851
8.67401 0.4246624486334877
8.67522 0.42508642619529063
8.67643 0.4255104037570935
8.67763 0.42590176766029614
8.67884 0.42632574522209904
8.68005 0.4267497227839019
8.68125 0.42714108668710454
8.68246 0.42756506424890744
8.68367 0.42798904181071035
8.68487 0.4284130193725132
8.68608 0.4288369969343161
8.68729 0.42926097449611894
8.68849 0.4296849520579219
8.6897 0.430141543278325
8.69091 0.43056552084012784
8.69211 0.4310221120605309
8.69332 0.4314460896223338
8.69453 0.4319026808427369
8.69574 0.43235927206314
8.69694 0.4328158632835431
8.69815 0.43327245450394625
8.69936 0.43372904572434934
8.70056 0.4341530232861522
8.70177 0.43460961450655533
8.70298 0.43503359206835823
8.70418 0.4354575696301611
8.70539 0.4359141608505642
8.7066 0.4363055247537669
8.7078 0.4367295023155698
8.70901 0.43712086621877244
8.71022 0.43751223012197504
8.71142 0.43790359402517776
8.71263 0.4382949579283804
8.71384 0.438686321831583
8.71504 0.4390776857347857
8.71625 0.43943643597938814
8.71746 0.43982779988259085
8.71866 0.44021916378579345
8.71987 0.44057791403039587
8.72108 0.4410018915921988
8.72229 0.4413932554954014
8.72349 0.4418172330572044
8.7247 0.44224121061900723
8.72591 0.4426978018394103
8.72711 0.44315439305981347
8.72832 0.4435783706216163
8.72953 0.4440349618420194
8.73073 0.4445241667210228
8.73194 0.4449807579414259
8.73315 0.44546996282042917
8.73435 0.44592655404083226
8.73556 0.44638314526123535
8.73677 0.4468071228230383
8.73797 0.44723110038484115
8.73918 0.44765507794664405
8.74039 0.4480464418498467
8.74159 0.4484378057530494
8.7428 0.448829169656252
8.74401 0.44918791990085444
8.74522 0.4495466701454569
8.74642 0.4499054203900593
8.74763 0.4502315569760616
8.74884 0.450590307220664
8.75004 0.45091644380666623
8.75125 0.45127519405126865
8.75246 0.45166655795447136
8.75366 0.45202530819907377
8.75487 0.4524166721022765
8.75608 0.4528080360054791
8.75728 0.45319939990868174
8.75849 0.4536233774704846
8.7597 0.45404735503228755
8.7609 0.4544713325940904
8.76211 0.45492792381449354
8.76332 0.4553519013762964
8.76452 0.4558084925966995
8.76573 0.4562324701585023
8.76694 0.4566890613789054
8.76814 0.45711303894070837
8.76935 0.4575696301611115
8.77056 0.45799360772291436
8.77177 0.4584175852847172
8.77297 0.45884156284652017
8.77418 0.459265540408323
8.77539 0.45968951797012586
8.77659 0.4601134955319288
8.7778 0.46053747309373166
8.77901 0.4609614506555345
8.78021 0.46138542821733747
8.78142 0.4618094057791403
8.78263 0.4622659969995434
8.78383 0.46272258821994655
8.78504 0.46317917944034964
8.78625 0.46363577066075273
8.78745 0.4640923618811559
8.78866 0.4646141804187594
8.78987 0.46510338529776263
8.79107 0.46562520383536626
8.79228 0.4661470223729698
8.79349 0.4666688409105733
8.79469 0.4672232731067771
8.7959 0.4677777053029809
8.79711 0.4683647511577848
8.79832 0.46891918335398863
8.79952 0.46953884286739284
8.80073 0.47012588872219685
8.80194 0.47074554823560105
8.80314 0.47136520774900525
8.80435 0.4720174809210097
8.80556 0.47266975409301415
8.80676 0.4733220272650186
8.80797 0.47400691409562323
8.80918 0.4746918009262279
8.81038 0.47537668775683256
8.81159 0.4760615745874372
8.8128 0.4767464614180419
8.814 0.47746396190724677
8.81521 0.47818146239645165
8.81642 0.4788989628856565
8.81762 0.4795838497162611
8.81883 0.4803013502054661
8.82004 0.48101885069467093
8.82124 0.4817363511838758
8.82245 0.48242123801448045
8.82366 0.4831387385036853
8.82487 0.48388885265149045
8.82607 0.48460635314069533
8.82728 0.48535646728850046
8.82849 0.4861065814363055
8.82969 0.48682408192551047
8.8309 0.4876068097319157
8.83211 0.48835692387972085
8.83331 0.48913965168612616
8.83452 0.4899223794925314
8.83573 0.490737720957537
8.83693 0.49155306242254254
8.83814 0.4923684038875481
8.83935 0.4931837453525536
8.84055 0.49399908681755916
8.84176 0.4948144282825647
8.84297 0.4956623834061705
8.84417 0.4965103385297762
8.84538 0.497358293653382
8.84659 0.4982062487769878
8.84779 0.4990215902419934
8.849 0.4998369317069989
8.85021 0.5006522731720044
8.85142 0.50146761463701
8.85262 0.5022829561020156
8.85383 0.5030656839084209
8.85504 0.5038810253734264
8.85624 0.5046637531798317
8.85745 0.505446480986237
8.85866 0.5062292087926423
8.85986 0.5069793229404475
8.86107 0.5077620507468528
8.86228 0.5085447785532582
8.86348 0.5093601200182637
8.86469 0.510142847824669
8.8659 0.5109581892896745
8.8671 0.51177353075468
8.86831 0.5126214858782858
8.86952 0.5134368273432913
8.87072 0.5142847824668971
8.87193 0.5151653512491031
8.87314 0.5160133063727089
8.87434 0.5168938751549148
8.87555 0.5178070575957211
8.87676 0.518687626377927
8.87797 0.5195681951601331
8.87917 0.5204487639423391
8.88038 0.521329332724545
8.88159 0.5222099015067511
8.88279 0.523090470288957
8.884 0.5239384254125627
8.88521 0.5247863805361686
8.88641 0.5256343356597744
8.88762 0.5264496771247799
8.88883 0.5272650185897855
8.89003 0.528080360054791
8.89124 0.5288630878611963
8.89245 0.5296132020090014
8.89365 0.5303633161568064
8.89486 0.5311134303046116
8.89607 0.5317983171352163
8.89727 0.5324832039658208
8.89848 0.5331680907964255
8.89969 0.5338203639684299
8.90089 0.5344726371404344
8.9021 0.5350596829952384
8.90331 0.5356793425086427
8.90452 0.5362337747048465
8.90572 0.5367882069010501
8.90693 0.5373426390972539
8.90814 0.5378644576348575
8.90934 0.538386276172461
8.91055 0.5388754810514643
8.91176 0.5393646859304677
8.91296 0.5398212771508708
8.91417 0.5402778683712739
8.91538 0.540734459591677
8.91658 0.5411584371534799
8.91779 0.541615028373883
8.919 0.5420390059356858
8.9202 0.5424303698388885
8.92141 0.5428543474006914
8.92262 0.5432783249624943
8.92382 0.5436696888656969
8.92503 0.5440610527688996
8.92624 0.5444524166721023
8.92744 0.5448437805753049
8.92865 0.5452351444785076
8.92986 0.54559389472311
8.93107 0.5459852586263128
8.93227 0.5463440088709152
8.93348 0.5466701454569173
8.93469 0.5470288957015198
8.93589 0.547355032287522
8.9371 0.5476811688735242
8.93831 0.5480073054595265
8.93951 0.5483334420455287
8.94072 0.5486921922901311
8.94193 0.5490183288761333
8.94313 0.5493444654621356
8.94434 0.549703215706738
8.94555 0.5500619659513404
8.94675 0.5504207161959429
8.94796 0.5508446937577457
8.94917 0.5512360576609484
8.95037 0.5516926488813515
8.95158 0.5521492401017546
8.95279 0.5526058313221578
8.954 0.5530624225425609
8.9552 0.5535516274215642
8.95641 0.5540734459591677
8.95762 0.5545952644967712
8.95882 0.5551170830343748
8.96003 0.5556715152305786
8.96124 0.5561933337681821
8.96244 0.5567477659643859
8.96365 0.5572695845019894
8.96486 0.5578240166981931
8.96606 0.5583784488943969
8.96727 0.5589328810906008
8.96848 0.5594873132868046
8.96968 0.5600417454830083
8.97089 0.560596177679212
8.9721 0.5611506098754158
8.9733 0.5617050420716195
8.97451 0.5622920879264236
8.97572 0.5628465201226274
8.97692 0.5634335659774313
8.97813 0.5640532254908356
8.97934 0.5646728850042397
8.98055 0.565292544517644
8.98175 0.5659122040310482
8.98296 0.5665644772030527
8.98417 0.567216750375057
8.98537 0.5679016372056618
8.98658 0.5685865240362664
8.98779 0.569271410866871
8.98899 0.569988911356076
8.9902 0.5707064118452808
8.99141 0.5714239123344856
8.99261 0.5721740264822908
8.99382 0.5729241406300959
8.99503 0.573674254777901
8.99623 0.5744243689257061
8.99744 0.5752070967321113
8.99865 0.5759898245385167
8.99985 0.5767725523449221
9.00106 0.5775552801513274
9.00227 0.5783706216163329
9.00347 0.5791859630813384
9.00468 0.580001304546344
9.00589 0.5808492596699498
9.0071 0.5816646011349553
9.0083 0.582512556258561
9.00951 0.5833605113821668
9.01072 0.5842084665057726
9.01192 0.5850564216293783
9.01313 0.5859369904115843
9.01434 0.5867849455351901
9.01554 0.5876655143173961
9.01675 0.5885460830996021
9.01796 0.5894266518818081
9.01916 0.5903072206640141
9.02037 0.5911877894462201
9.02158 0.5921009718870263
9.02278 0.5929815406692323
9.02399 0.5938947231100385
9.0252 0.5948079055508446
9.0264 0.5957537016502511
9.02761 0.5966668840910573
9.02882 0.5976126801904638
9.03002 0.5985584762898701
9.03123 0.5995368860478768
9.03244 0.6005152958058835
9.03365 0.6014937055638901
9.03485 0.602504728980497
9.03606 0.6035157523971039
9.03727 0.6045267758137107
9.03847 0.6055704128889179
9.03968 0.6066140499641249
9.04089 0.6076576870393321
9.04209 0.6087013241145391
9.0433 0.6097775748483465
9.04451 0.6108538255821537
9.04571 0.6119300763159611
9.04692 0.6130063270497684
9.04813 0.6140825777835758
9.04933 0.6151588285173831
9.05054 0.6162350792511904
9.05175 0.6173113299849977
9.05295 0.6184201943774053
9.05416 0.6194964451112126
9.05537 0.62057269584502
9.05657 0.6216815602374275
9.05778 0.6227578109712347
9.05899 0.6238340617050421
9.0602 0.6249103124388494
9.0614 0.6259865631726567
9.06261 0.627062813906464
9.06382 0.6281390646402714
9.06502 0.6292479290326789
9.06623 0.6303241797664861
9.06744 0.6314004305002935
9.06864 0.632509294892701
9.06985 0.6336181592851087
9.07106 0.6346944100189159
9.07226 0.6358032744113234
9.07347 0.6369447524623312
9.07468 0.6380536168547388
9.07588 0.6391950949057466
9.07709 0.6403039592981541
9.0783 0.6414454373491618
9.0795 0.6425869154001697
9.08071 0.6437283934511774
9.08192 0.6448698715021851
9.08312 0.646043963211793
9.08433 0.6471854412628009
9.08554 0.6483269193138086
9.08675 0.6495010110234166
9.08795 0.6506424890744243
9.08916 0.6518165807840324
9.09037 0.6529580588350401
9.09157 0.6541321505446481
9.09278 0.6552736285956559
9.09399 0.6564151066466636
9.09519 0.6575891983562716
9.0964 0.6587306764072793
9.09761 0.6598721544582872
9.09881 0.6610136325092949
9.10002 0.6621877242189028
9.10123 0.6633292022699105
9.10243 0.6644706803209184
9.10364 0.6656121583719261
9.10485 0.666753636422934
9.10605 0.6678625008153414
9.10726 0.6690039788663492
9.10847 0.6701128432587568
9.10967 0.6712543213097645
9.11088 0.6723631857021721
9.11209 0.6735046637531799
9.1133 0.6746135281455874
9.1145 0.6757223925379949
9.11571 0.6768312569304025
9.11692 0.67794012132281
9.11812 0.6790489857152175
9.11933 0.6801904637662253
9.12054 0.6812993281586328
9.12174 0.6824408062096405
9.12295 0.6835822842606484
9.12416 0.6846911486530558
9.12536 0.6858326267040636
9.12657 0.6869741047550714
9.12778 0.6881155828060792
9.12898 0.6892244471984866
9.13019 0.6903659252494945
9.1314 0.6915074033005022
9.1326 0.6926162676929098
9.13381 0.6937577457439175
9.13502 0.6948666101363251
9.13622 0.6959754745287327
9.13743 0.6970843389211402
9.13864 0.6981605896549475
9.13985 0.6992368403887548
9.14105 0.7002804774639618
9.14226 0.7013567281977692
9.14347 0.7024003652729763
9.14467 0.7034440023481834
9.14588 0.7044876394233905
9.14709 0.7054986628399974
9.14829 0.7065096862566043
9.1495 0.7075207096732111
9.15071 0.708531733089818
9.15191 0.7095427565064248
9.15312 0.7105537799230318
9.15433 0.7115974169982389
9.15553 0.7126084404148457
9.15674 0.7136194638314526
9.15795 0.7146304872480596
9.15915 0.7156415106646663
9.16036 0.7166525340812732
9.16157 0.7176635574978801
9.16278 0.718674580914487
9.16398 0.7196856043310939
9.16519 0.7206966277477007
9.1664 0.7216750375057074
9.1676 0.722653447263714
9.16881 0.7236318570217206
9.17002 0.7245776531211271
9.17122 0.7255234492205335
9.17243 0.7264366316613398
9.17364 0.7273824277607462
9.17484 0.7282956102015524
9.17605 0.7291761789837584
9.17726 0.7300893614245646
9.17846 0.7310025438653708
9.17967 0.7318831126475768
9.18088 0.7327636814297828
9.18208 0.7336442502119888
9.18329 0.7345248189941948
9.1845 0.7354053877764007
9.1857 0.7363185702172069
9.18691 0.7372317526580132
9.18812 0.7381449350988194
9.18933 0.7390581175396256
9.19053 0.7399712999804319
9.19174 0.7409170960798382
9.19295 0.7418302785206444
9.19415 0.7427434609614506
9.19536 0.7436892570608571
9.19657 0.7446350531602635
9.19777 0.7455482356010698
9.19898 0.7464940317004762
9.20019 0.7474072141412824
9.20139 0.7483530102406888
9.2026 0.749266192681495
9.20381 0.7502119887809015
9.20501 0.7511251712217076
9.20622 0.7520383536625138
9.20743 0.75295153610332
9.20863 0.7538647185441263
9.20984 0.7547779009849325
9.21105 0.7556910834257387
9.21225 0.756604265866545
9.21346 0.7574848346487508
9.21467 0.7583654034309568
9.21588 0.759278585871763
9.21708 0.7601265409953688
9.21829 0.7610071097775748
9.2195 0.7618550649011806
9.2207 0.7627030200247864
9.22191 0.7635183614897919
9.22312 0.7643663166133977
9.22432 0.7651816580784032
9.22553 0.766029613202009
9.22674 0.7668449546670145
9.22794 0.7676602961320201
9.22915 0.7684756375970256
9.23036 0.7692909790620311
9.23156 0.7701063205270368
9.23277 0.7709542756506425
9.23398 0.771769617115648
9.23518 0.7726501858978541
9.23639 0.7734981410214598
9.2376 0.7743787098036659
9.2388 0.7752592785858717
9.24001 0.7761072337094774
9.24122 0.7769878024916835
9.24243 0.7778683712738895
9.24363 0.7787489400560954
9.24484 0.7796621224969017
9.24605 0.7805426912791077
9.24725 0.7814558737199139
9.24846 0.7823364425021199
9.24967 0.7832170112843259
9.25087 0.7840975800665319
9.25208 0.7849781488487378
9.25329 0.7858587176309438
9.25449 0.7867066727545495
9.2557 0.7875872415367556
9.25691 0.7884351966603613
9.25811 0.7893157654425674
9.25932 0.7901963342247733
9.26053 0.791044289348379
9.26173 0.7919248581305851
9.26294 0.7928054269127911
9.26415 0.793685995694997
9.26535 0.7945339508186028
9.26656 0.7954145196008088
9.26777 0.7962950883830148
9.26898 0.7971756571652208
9.27018 0.7980562259474268
9.27139 0.7989367947296327
9.2726 0.7998499771704389
9.2738 0.8007305459526449
9.27501 0.801611114734851
9.27622 0.8024916835170569
9.27742 0.8034048659578632
9.27863 0.8042854347400691
9.27984 0.8051986171808754
9.28104 0.8060791859630813
9.28225 0.8069923684038875
9.28346 0.8078729371860935
9.28466 0.8087861196268997
9.28587 0.8096993020677059
9.28708 0.810579870849912
9.28828 0.8114930532907182
9.28949 0.8124062357315243
9.2907 0.8133194181723306
9.2919 0.8141999869545365
9.29311 0.8151131693953428
9.29432 0.8160263518361489
9.29553 0.8169069206183549
9.29673 0.8178201030591611
9.29794 0.8187332854999674
9.29915 0.8196138542821733
9.30035 0.8205270367229796
9.30156 0.8214076055051854
9.30277 0.8222881742873916
9.30397 0.8232013567281978
9.30518 0.8240819255104038
9.30639 0.8249624942926098
9.30759 0.8258430630748157
9.3088 0.8266910181984214
9.31001 0.8275715869806274
9.31121 0.8284195421042333
9.31242 0.829267497227839
9.31363 0.8301154523514447
9.31483 0.8309307938164503
9.31604 0.8317787489400561
9.31725 0.8325940904050617
9.31845 0.8334420455286674
9.31966 0.834257386993673
9.32087 0.8350727284586785
9.32208 0.8358880699236839
9.32328 0.8367360250472898
9.32449 0.8375513665122953
9.3257 0.8383993216359011
9.3269 0.8392472767595068
9.32811 0.8400952318831126
9.32932 0.8409758006653185
9.33052 0.8418237557889244
9.33173 0.8426717109125301
9.33294 0.8435522796947361
9.33414 0.8444002348183418
9.33535 0.8452481899419477
9.33656 0.8461287587241537
9.33776 0.8469767138477594
9.33897 0.8478572826299654
9.34018 0.8487052377535712
9.34138 0.8495205792185767
9.34259 0.8503359206835823
9.3438 0.8511512621485878
9.345 0.8519666036135934
9.34621 0.8527493314199986
9.34742 0.853532059226404
9.34863 0.8543147870328094
9.34983 0.8550649011806145
9.35104 0.8558476289870197
9.35225 0.8565977431348248
9.35345 0.8573152436240297
9.35466 0.8580653577718348
9.35587 0.8588154719196399
9.35707 0.8595329724088449
9.35828 0.8602504728980497
9.35949 0.8610005870458548
9.36069 0.8617180875350597
9.3619 0.8624355880242646
9.36311 0.8631530885134695
9.36431 0.8638705890026743
9.36552 0.8645880894918792
9.36673 0.8653055899810841
9.36793 0.8660557041288892
9.36914 0.866773204618094
9.37035 0.867490705107299
9.37155 0.8682082055965038
9.37276 0.8689583197443089
9.37397 0.8696758202335139
9.37518 0.8703933207227187
9.37638 0.8711434348705238
9.37759 0.8718609353597286
9.3788 0.8726110495075338
9.38 0.8733611636553388
9.38121 0.8741112778031439
9.38242 0.874861391950949
9.38362 0.8755788924401539
9.38483 0.8762963929293588
9.38604 0.8770465070771639
9.38724 0.8777640075663687
9.38845 0.8784815080555737
9.38966 0.8791663948861782
9.39086 0.8798838953753831
9.39207 0.8805687822059879
9.39328 0.8812536690365925
9.39448 0.8819385558671972
9.39569 0.8826234426978018
9.3969 0.8832757158698064
9.39811 0.8839279890418107
9.39931 0.8845802622138152
9.40052 0.8852325353858196
9.40173 0.8858848085578239
9.40293 0.8865370817298285
9.40414 0.8871893549018328
9.40535 0.8878416280738374
9.40655 0.8884939012458417
9.40776 0.8891461744178462
9.40897 0.8897984475898507
9.41017 0.890450720761855
9.41138 0.8911029939338594
9.41259 0.8917878807644642
9.41379 0.8924401539364686
9.415 0.8930924271084729
9.41621 0.8937120866218772
9.41741 0.8943643597938816
9.41862 0.8949840193072859
9.41983 0.89557106516209
9.42103 0.8961581110168939
9.42224 0.8967451568716978
9.42345 0.8973322027265018
9.42466 0.8978866349227056
9.42586 0.8984410671189094
9.42707 0.8989628856565129
9.42828 0.8995173178527167
9.42948 0.9000391363903202
9.43069 0.9005283412693235
9.4319 0.9010501598069273
9.4331 0.9015393646859304
9.43431 0.902061183223534
9.43552 0.9025830017611376
9.43672 0.9031048202987411
9.43793 0.9036266388363446
9.43914 0.9041810710325484
9.44034 0.9047028895701519
9.44155 0.9052573217663556
9.44276 0.9057791403039592
9.44396 0.906333572500163
9.44517 0.9068553910377665
9.44638 0.9074098232339703
9.44758 0.9079642554301741
9.44879 0.9085186876263779
9.45 0.9090731198225817
9.45121 0.9095949383601851
9.45241 0.9101167568977887
9.45362 0.9106059617767922
9.45483 0.9110951666557954
9.45603 0.9115517578761986
9.45724 0.9120409627552019
9.45845 0.912497553975605
9.45965 0.9129215315374078
9.46086 0.9133781227578108
9.46207 0.9138021003196138
9.46327 0.9141934642228166
9.46448 0.9145848281260192
9.46569 0.9149761920292219
9.46689 0.9153675559324244
9.4681 0.9157263061770269
9.46931 0.9160850564216293
9.47051 0.916476420324832
9.47172 0.9168351705694344
9.47293 0.9171939208140368
9.47413 0.9175526710586392
9.47534 0.9178788076446417
9.47655 0.9182049442306438
9.47776 0.9185636944752462
9.47896 0.9188572174026481
9.48017 0.9191833539886504
9.48138 0.9194768769160525
9.48258 0.9197703998434544
9.48379 0.9200639227708565
9.485 0.9203248320396582
9.4862 0.9206183549670601
9.48741 0.920879264235862
9.48862 0.9211401735046638
9.48982 0.9214010827734654
9.49103 0.9216293783836671
9.49224 0.9218902876524687
9.49344 0.9221185832626704
9.49465 0.9223794925314722
9.49586 0.9226404018002738
9.49706 0.9229013110690758
9.49827 0.9231948339964777
9.49948 0.9234883569238798
9.50068 0.9237818798512817
9.50189 0.9240754027786836
9.5031 0.9243689257060858
9.50431 0.9246624486334877
9.50551 0.9249885852194899
9.50672 0.9252821081468919
9.50793 0.9256082447328942
9.50913 0.9259343813188964
9.51034 0.9262605179048985
9.51155 0.9265540408323006
9.51275 0.9268475637597026
9.51396 0.9271084730285044
9.51517 0.9273367686387058
9.51637 0.9275650642489074
9.51758 0.927793359859109
9.51879 0.9279890418107104
9.51999 0.9281847237623118
9.5212 0.9283477920553128
9.52241 0.9285108603483139
9.52361 0.9286413149827147
9.52482 0.9287391559585155
9.52603 0.9288369969343161
9.52723 0.9289348379101169
9.52844 0.9290000652273172
9.52965 0.9290979062031179
9.53086 0.9291631335203182
9.53206 0.929260974496119
9.53327 0.9293588154719196
9.53448 0.9294566564477204
9.53568 0.9295218837649207
9.53689 0.9296197247407214
9.5381 0.9297175657165221
9.5393 0.9298154066923228
9.54051 0.9299132476681233
9.54172 0.9300437023025242
9.54292 0.930141543278325
9.54413 0.9302719979127259
9.54534 0.9304024525471266
9.54654 0.9305329071815277
9.54775 0.9306307481573283
9.54896 0.9307612027917291
9.55016 0.9308590437675298
9.55137 0.9309894984019307
9.55258 0.9311199530363315
9.55378 0.9312177940121323
9.55499 0.9313156349879329
9.5562 0.9314134759637336
9.55741 0.9315113169395343
9.55861 0.9316091579153349
9.55982 0.9317069988911355
9.56103 0.9317722262083361
9.56223 0.9318374535255364
9.56344 0.9319026808427369
9.56465 0.9319679081599375
9.56585 0.9320005218185377
9.56706 0.932065749135738
9.56827 0.9320983627943382
9.56947 0.9321309764529385
9.57068 0.9321309764529385
9.57189 0.9321635901115387
9.57309 0.9321635901115387
9.5743 0.9321962037701388
9.57551 0.9322288174287391
9.57671 0.9322614310873394
9.57792 0.9322614310873394
9.57913 0.9322940447459396
9.58033 0.9323266584045399
9.58154 0.9323592720631401
9.58275 0.9323918857217401
9.58396 0.9324571130389407
9.58516 0.9325223403561412
9.58637 0.9325875676733415
9.58758 0.9326854086491423
9.58878 0.9327832496249429
9.58999 0.9328810906007436
9.5912 0.9329789315765442
9.5924 0.933076772552345
9.59361 0.9332072271867459
9.59482 0.9333050681625464
9.59602 0.9334355227969474
9.59723 0.9335659774313483
9.59844 0.933696432065749
9.59964 0.9338268867001499
9.60085 0.933957341334551
9.60206 0.9340551823103516
9.60326 0.9341856369447523
9.60447 0.9342834779205531
9.60568 0.934413932554954
9.60689 0.9345117735307548
9.60809 0.9346422281651555
9.6093 0.9347726827995564
9.61051 0.9349031374339574
9.61171 0.9350662057269585
9.61292 0.9351966603613593
9.61413 0.9353597286543605
9.61533 0.9355227969473615
9.61654 0.9356858652403626
9.61775 0.9358815471919639
9.61895 0.9360446154849651
9.62016 0.9362729110951666
9.62137 0.9365012067053683
9.62257 0.9367295023155696
9.62378 0.9369577979257713
9.62499 0.9372187071945731
9.62619 0.9374796164633747
9.6274 0.9377405257321767
9.62861 0.9380014350009783
9.62981 0.9382623442697802
9.63102 0.9385558671971821
9.63223 0.9388167764659839
9.63344 0.9391102993933859
9.63464 0.939403822320788
9.63585 0.9396973452481899
9.63706 0.9399582545169918
9.63826 0.9402517774443937
9.63947 0.9405126867131955
9.64068 0.9408062096405975
9.64188 0.9410671189093992
9.64309 0.9413606418368012
9.6443 0.941621551105603
9.6455 0.941915074033005
9.64671 0.9422085969604069
9.64792 0.9424695062292088
9.64912 0.9427630291566108
9.65033 0.9430565520840127
9.65154 0.9433500750114148
9.65274 0.9436435979388167
9.65395 0.9439697345248189
9.65516 0.9442958711108212
9.65636 0.9446220076968235
9.65757 0.9449481442828256
9.65878 0.9453068945274281
9.65999 0.9456656447720305
9.66119 0.9460570086752332
9.6624 0.9464157589198356
9.66361 0.9468071228230384
9.66481 0.947198486726241
9.66602 0.9475898506294436
9.66723 0.9480138281912465
9.66843 0.9484378057530494
9.66964 0.9488617833148522
9.67085 0.9493183745352554
9.67205 0.9497423520970583
9.67326 0.950166329658861
9.67447 0.9505903072206641
9.67567 0.951014284782467
9.67688 0.95147087600287
9.67809 0.951894853564673
9.67929 0.9523188311264758
9.6805 0.9527428086882787
9.68171 0.9531667862500816
9.68291 0.9535907638118843
9.68412 0.9540147413736872
9.68533 0.9544387189354903
9.68654 0.954862696497293
9.68774 0.955286674059096
9.68895 0.9557106516208989
9.69016 0.9561020155241015
9.69136 0.9565259930859044
9.69257 0.9569499706477073
9.69378 0.95734133455091
9.69498 0.9577653121127128
9.69619 0.9581566760159155
9.6974 0.9585480399191181
9.6986 0.9589394038223208
9.69981 0.9593307677255235
9.70102 0.959722131628726
9.70222 0.9600808818733284
9.70343 0.9604396321179309
9.70464 0.9607983823625333
9.70584 0.961157132607136
9.70705 0.9615158828517384
9.70826 0.9618746330963408
9.70946 0.9622333833409432
9.71067 0.9625921335855457
9.71188 0.9629182701715479
9.71309 0.9632770204161503
9.71429 0.9636357706607528
9.7155 0.9639945209053552
9.71671 0.9643532711499576
9.71791 0.96471202139456
9.71912 0.9651033852977627
9.72033 0.9654947492009655
9.72153 0.9658861131041679
9.72274 0.9662774770073707
9.72395 0.9667014545691736
9.72515 0.9671254321309766
9.72636 0.9675167960341791
9.72757 0.9679081599373818
9.72877 0.9683321374991847
9.72998 0.9687235014023874
9.73119 0.9691474789641902
9.73239 0.9695388428673928
9.7336 0.9699302067705955
9.73481 0.9703215706737982
9.73601 0.9707129345770009
9.73722 0.9710716848216033
9.73843 0.9714304350662057
9.73964 0.971756571652208
9.74084 0.9720827082382101
9.74205 0.9724088448242123
9.74326 0.9727023677516144
9.74446 0.9729958906790164
9.74567 0.9732894136064183
9.74688 0.9735829365338203
9.74808 0.9738764594612223
9.74929 0.9741373687300242
9.7505 0.9743982779988258
9.7517 0.9746591872676277
9.75291 0.9749200965364293
9.75412 0.9751810058052313
9.75532 0.9754419150740331
9.75653 0.9757028243428347
9.75774 0.9759637336116366
9.75894 0.9762246428804383
9.76015 0.9764529384906399
9.76136 0.9767138477594417
9.76256 0.9769747570282434
9.76377 0.977203052638445
9.76498 0.9774639619072467
9.76619 0.9776922575174483
9.76739 0.9779531667862501
9.7686 0.9781814623964515
9.76981 0.9784423716652534
9.77101 0.978670667275455
9.77222 0.9789315765442567
9.77343 0.9791924858130585
9.77463 0.9794860087404604
9.77584 0.9797469180092623
9.77705 0.9800404409366642
9.77825 0.9803339638640663
9.77946 0.9806274867914683
9.78067 0.9809210097188702
9.78187 0.9812471463048725
9.78308 0.9815406692322745
9.78429 0.9818668058182767
9.78549 0.9821929424042788
9.7867 0.982519078990281
9.78791 0.9828452155762833
9.78911 0.9831713521622856
9.79032 0.9834974887482878
9.79153 0.9837910116756897
9.79274 0.9840845346030918
9.79394 0.9843780575304937
9.79515 0.9846715804578958
9.79636 0.9849651033852977
9.79756 0.9852260126540996
9.79877 0.9855195355815015
9.79998 0.9857804448503033
9.80118 0.9860413541191051
9.80239 0.9863022633879069
9.8036 0.9865305589981084
9.8048 0.9867914682669102
9.80601 0.9870197638771118
9.80722 0.9872480594873132
9.80842 0.9874763550975149
9.80963 0.9877046507077164
9.81084 0.987965559976518
9.81204 0.9881938555867197
9.81325 0.9884547648555215
9.81446 0.9887156741243232
9.81567 0.9889439697345248
9.81687 0.9892048790033267
9.81808 0.9894657882721284
9.81929 0.9897266975409302
9.82049 0.9899876068097319
9.8217 0.9902485160785337
9.82291 0.9905420390059356
9.82411 0.9908029482747375
9.82532 0.9910964712021394
9.82653 0.9913573804709412
9.82773 0.991618289739743
9.82894 0.991911812667145
9.83015 0.9921401082773464
9.83135 0.9924010175461483
9.83256 0.99266192681495
9.83377 0.9929228360837519
9.83497 0.9931837453525537
9.83618 0.9934120409627551
9.83739 0.9936403365729567
9.83859 0.9938686321831584
9.8398 0.9940643141347597
9.84101 0.9942599960863611
9.84222 0.9944556780379624
9.84342 0.9946513599895636
9.84463 0.9948144282825648
9.84584 0.9949774965755659
9.84704 0.995140564868567
9.84825 0.9953036331615681
9.84946 0.9954340877959689
9.85066 0.9955645424303697
9.85187 0.9956949970647707
9.85308 0.9958254516991716
9.85428 0.9959232926749721
9.85549 0.9960537473093732
9.8567 0.996184201943774
9.8579 0.9963146565781749
9.85911 0.9964451112125758
9.86032 0.9965755658469767
9.86152 0.9967060204813776
9.86273 0.9968364751157784
9.86394 0.9969669297501794
9.86514 0.9970973843845803
9.86635 0.9972604526775813
9.86756 0.9973909073119822
9.86877 0.9975539756049833
9.86997 0.9977170438979845
9.87118 0.9978801121909856
9.87239 0.9980431804839868
9.87359 0.9982062487769878
9.8748 0.9983693170699889
9.87601 0.99853238536299
9.87721 0.9986628399973908
9.87842 0.9987932946317919
9.87963 0.9989237492661927
9.88083 0.9990542039005935
9.88204 0.9991846585349944
9.88325 0.9992824995107952
9.88445 0.9993803404865957
9.88566 0.9994781814623964
9.88687 0.9995760224381971
9.88807 0.9996412497553976
9.88928 0.9997064770725981
9.89049 0.9997717043897985
9.89169 0.9998369317069989
9.8929 0.9998695453655991
9.89411 0.9999021590241992
9.89532 0.9999347726827995
9.89652 0.9999673863413997
9.89773 0.9999673863413997
9.89894 1.0
9.90014 1.0
9.90135 1.0
9.90256 1.0
9.90376 1.0
9.90497 0.9999673863413997
9.90618 0.9999673863413997
9.90738 0.9999673863413997
9.90859 0.9999347726827995
9.9098 0.9999021590241992
9.911 0.9999021590241992
9.91221 0.9998695453655991
9.91342 0.9998369317069989
9.91462 0.9998043180483986
9.91583 0.9997717043897985
9.91704 0.9997717043897985
9.91824 0.9997390907311982
9.91945 0.9997064770725981
9.92066 0.9996738634139978
9.92187 0.9996412497553976
9.92307 0.9995760224381971
9.92428 0.9995434087795968
9.92549 0.9994781814623964
9.92669 0.9994129541451959
9.9279 0.9993477268279957
9.92911 0.9992498858521949
9.93031 0.9991520448763943
9.93152 0.9990542039005935
9.93273 0.9989237492661927
9.93393 0.9987932946317919
9.93514 0.9986302263387907
9.93635 0.9984671580457894
9.93755 0.9983040897527884
9.93876 0.998108407801187
9.93997 0.9979127258495857
9.94117 0.9977170438979845
9.94238 0.997488748287783
9.94359 0.9972604526775813
9.94479 0.9970321570673798
9.946 0.9967712477985781
9.94721 0.9965429521883765
9.94842 0.9962820429195747
9.94962 0.9959885199921726
9.95083 0.995727610723371
9.95204 0.9954667014545692
9.95324 0.9952057921857673
9.95445 0.9949448829169656
9.95566 0.9946839736481637
9.95686 0.9943904507207618
9.95807 0.99412954145196
9.95928 0.993836018524558
9.96048 0.9935751092557562
9.96169 0.9932815863283543
9.9629 0.9929880634009524
9.9641 0.9926945404735502
9.96531 0.9923684038875481
9.96652 0.9920748809601462
9.96772 0.991748744374144
9.96893 0.9914552214467418
9.97014 0.9910964712021394
9.97134 0.990737720957537
9.97255 0.9903789707129346
9.97376 0.9900202204683322
9.97497 0.9896288565651294
9.97617 0.9892374926619267
9.97738 0.9888461287587242
9.97859 0.9884221511969212
9.97979 0.9879981736351183
9.981 0.9875415824147153
9.98221 0.9870849911943121
9.98341 0.9865957863153089
9.98462 0.9861065814363056
9.98583 0.985584762898702
9.98703 0.9850629443610983
9.98824 0.9845411258234948
9.98945 0.9840193072858913
9.99065 0.9834648750896875
9.99186 0.9828778292348836
9.99307 0.9822907833800796
9.99427 0.9817037375252756
9.99548 0.9811166916704716
9.99669 0.9804970321570674
9.99789 0.9798773726436631
9.9991 0.979257713130259
10.00031 0.9786380536168547
10.00152 0.9780183941034505
10.00272 0.9773987345900463
10.00393 0.9767790750766421
10.00514 0.9761268019046376
10.00634 0.9755071423912334
10.00755 0.974854869219229
10.00876 0.9742352097058248
10.00996 0.9735829365338203
10.01117 0.9729632770204161
10.01238 0.9723110038484117
10.01358 0.9716913443350075
10.01479 0.971039071163003
10.016 0.9703867979909987
10.0172 0.9697345248189941
10.01841 0.9690822516469898
10.01962 0.9684299784749852
10.02082 0.9677450916443806
10.02203 0.967060204813776
10.02324 0.9663753179831714
10.02445 0.9656578174939665
10.02565 0.9649729306633618
10.02686 0.9642554301741568
10.02807 0.9635053160263519
10.02927 0.9627878155371469
10.03048 0.9620377013893419
10.03169 0.9612875872415367
10.03289 0.9605048594351314
10.0341 0.9597547452873263
10.03531 0.9589720174809211
10.03651 0.9581892896745157
10.03772 0.9574065618681104
10.03893 0.9566564477203052
10.04013 0.9558737199139
10.04134 0.9550909921074946
10.04255 0.9543408779596895
10.04375 0.953558150153284
10.04496 0.9527754223468788
10.04617 0.9519926945404735
10.04737 0.9512099667340681
10.04858 0.9504598525862632
10.04979 0.9496771247798578
10.051 0.9489270106320526
10.0522 0.9481442828256473
10.05341 0.9473941686778423
10.05462 0.9466440545300372
10.05582 0.9458613267236319
10.05703 0.9451112125758268
10.05824 0.9443610984280216
10.05944 0.9436109842802165
10.06065 0.9428282564738113
10.06186 0.9420781423260062
10.06306 0.941328028178201
10.06427 0.9405779140303959
10.06548 0.9398277998825908
10.06668 0.9390776857347857
10.06789 0.9383601852455807
10.0691 0.9376100710977758
10.0703 0.936925184267171
10.07151 0.9362076837779661
10.07272 0.9354901832887613
10.07392 0.9348052964581567
10.07513 0.934120409627552
10.07634 0.9334355227969474
10.07755 0.9327832496249429
10.07875 0.9320983627943382
10.07996 0.9314460896223339
10.08117 0.9307938164503293
10.08237 0.930141543278325
10.08358 0.9295218837649207
10.08479 0.9288696105929163
10.08599 0.928249951079512
10.0872 0.9276302915661079
10.08841 0.9270106320527036
10.08961 0.9263909725392995
10.09082 0.9257713130258952
10.09203 0.925151653512491
10.09323 0.9245319939990868
10.09444 0.9239449481442829
10.09565 0.9233579022894788
10.09685 0.922803470093275
10.09806 0.9222490378970712
10.09927 0.9217272193594677
10.10047 0.9211727871632639
10.10168 0.9206835822842606
10.10289 0.9201617637466571
10.1041 0.9196725588676539
10.1053 0.9192159676472507
10.10651 0.9187267627682474
10.10772 0.9183027852064444
10.10892 0.9178788076446417
10.11013 0.9174548300828387
10.11134 0.917063466179636
10.11254 0.9167047159350336
10.11375 0.9163133520318308
10.11496 0.9159546017872284
10.11616 0.915595851542626
10.11737 0.9152371012980236
10.11858 0.9148783510534211
10.11978 0.914552214467419
10.12099 0.9142260778814167
10.1222 0.9138999412954146
10.1234 0.9135738047094122
10.12461 0.9132476681234101
10.12582 0.9129215315374078
10.12702 0.9126280086100059
10.12823 0.9123018720240036
10.12944 0.9119757354380014
10.13065 0.9116495988519993
10.13185 0.9113560759245973
10.13306 0.9110299393385949
10.13427 0.910736416411193
10.13547 0.910442893483791
10.13668 0.910149370556389
10.13789 0.9098558476289871
10.13909 0.9095949383601851
10.1403 0.9093014154327832
10.14151 0.9090405061639814
10.14271 0.9087795968951797
10.14392 0.9085186876263779
10.14513 0.9082903920161765
10.14633 0.9080620964059748
10.14754 0.9078664144543735
10.14875 0.9076707325027722
10.14995 0.9074750505511708
10.15116 0.9073119822581697
10.15237 0.9071489139651686
10.15357 0.9069858456721676
10.15478 0.9068553910377665
10.15599 0.9066923227447654
10.1572 0.9065618681103645
10.1584 0.906464027134564
10.15961 0.9063661861587633
10.16082 0.9062683451829626
10.16202 0.9062031178657621
10.16323 0.9061052768899616
10.16444 0.9060400495727611
10.16564 0.9059422085969605
10.16685 0.9058443676211597
10.16806 0.9057465266453592
10.16926 0.9056160720109582
10.17047 0.9055182310351575
10.17168 0.9054203900593568
10.17288 0.905289935424956
10.17409 0.9051594807905551
10.1753 0.9050290261561542
10.1765 0.904865957863153
10.17771 0.9047028895701519
10.17892 0.9045398212771508
10.18012 0.9043441393255495
10.18133 0.9041484573739481
10.18254 0.903952775422347
10.18375 0.9037570934707456
10.18495 0.9035614115191443
10.18616 0.9033657295675429
10.18737 0.9031700476159416
10.18857 0.9030069793229405
10.18978 0.9028112973713391
10.19099 0.9026156154197378
10.19219 0.9024199334681364
10.1934 0.9022242515165351
10.19461 0.902061183223534
10.19581 0.901898114930533
10.19702 0.9017350466375318
10.19823 0.9016045920031308
10.19943 0.9014415237101298
10.20064 0.9013110690757289
10.20185 0.901180614441328
10.20305 0.9010827734655273
10.20426 0.9009523188311265
10.20547 0.9008218641967256
10.20667 0.9006914095623247
10.20788 0.9005935685865241
10.20909 0.9004631139521232
10.2103 0.9003652729763224
10.2115 0.9002348183419215
10.21271 0.900136977366121
10.21392 0.90000652273172
10.21512 0.8999086817559194
10.21633 0.8997782271215186
10.21754 0.8996477724871176
10.21874 0.899549931511317
10.21995 0.8994194768769161
10.22116 0.8992890222425151
10.22236 0.8991585676081143
10.22357 0.8990281129737134
10.22478 0.8988976583393125
10.22598 0.8987345900463113
10.22719 0.8985715217533102
10.2284 0.8984084534603092
10.2296 0.898245385167308
10.23081 0.898082316874307
10.23202 0.8979192485813059
10.23323 0.8977561802883047
10.23443 0.8975604983367035
10.23564 0.8973322027265018
10.23685 0.8971365207749005
10.23805 0.8968756115060988
10.23926 0.8966473158958972
10.24047 0.8963864066270953
10.24167 0.8961254973582937
10.24288 0.8958645880894919
10.24409 0.89557106516209
10.24529 0.8952449285760877
10.2465 0.8949514056486856
10.24771 0.8946252690626835
10.24891 0.8942991324766812
10.25012 0.8939403822320788
10.25133 0.8935816319874764
10.25253 0.8931902680842737
10.25374 0.892798904181071
10.25495 0.8924075402778683
10.25615 0.8920161763746656
10.25736 0.8916248124714631
10.25857 0.8912008349096602
10.25978 0.8908094710064575
10.26098 0.8903854934446546
10.26219 0.8899289022242515
10.2634 0.8895049246624486
10.2646 0.8890483334420456
10.26581 0.8885591285630423
10.26702 0.8880699236840388
10.26822 0.8875807188050355
10.26943 0.8870589002674321
10.27064 0.8865370817298285
10.27184 0.886015263192225
10.27305 0.8854608309960211
10.27426 0.8849063987998174
10.27546 0.8843193529450134
10.27667 0.8837323070902093
10.27788 0.8831126475768052
10.27908 0.8824603744048006
10.28029 0.8817754875741961
10.2815 0.8811232144021917
10.2827 0.8804057139129868
10.28391 0.879688213423782
10.28512 0.8789707129345771
10.28633 0.878253212445372
10.28753 0.8775030982975671
10.28874 0.876752984149762
10.28995 0.8759702563433566
10.29115 0.8751875285369511
10.29236 0.8744048007305459
10.29357 0.8735894592655403
10.29477 0.8728067314591351
10.29598 0.8719913899941295
10.29719 0.8711760485291241
10.29839 0.8703607070641184
10.2996 0.869545365599113
10.30081 0.8687300241341074
10.30201 0.8679146826691019
10.30322 0.8670993412040963
10.30443 0.8662839997390908
10.30563 0.865436044615485
10.30684 0.8646207031504795
10.30805 0.8637727480268735
10.30925 0.8629247929032678
10.31046 0.8621094514382623
10.31167 0.8612614963146565
10.31288 0.8604135411910508
10.31408 0.8595329724088449
10.31529 0.8586850172852392
10.3165 0.8578370621616332
10.3177 0.8569564933794273
10.31891 0.8560759245972213
10.32012 0.8551953558150154
10.32132 0.8543147870328094
10.32253 0.8534016045920032
10.32374 0.8525210358097972
10.32494 0.851607853368991
10.32615 0.850727284586785
10.32736 0.8498141021459789
10.32856 0.8489009197051726
10.32977 0.8480203509229665
10.33098 0.8471071684821604
10.33218 0.8461939860413542
10.33339 0.845313417259148
10.3346 0.8444002348183418
10.3358 0.8434870523775357
10.33701 0.8425738699367296
10.33822 0.8416933011545235
10.33943 0.8407801187137172
10.34063 0.8398995499315113
10.34184 0.838986367490705
10.34305 0.8381057987084991
10.34425 0.8372252299262931
10.34546 0.8363446611440871
10.34667 0.8354314787032809
10.34787 0.834550909921075
10.34908 0.833670341138869
10.35029 0.8327897723566631
10.35149 0.8319092035744569
10.3527 0.831028634792251
10.35391 0.830148066010045
10.35511 0.829267497227839
10.35632 0.828386928445633
10.35753 0.8275063596634271
10.35873 0.8266584045398212
10.35994 0.8258104494162155
10.36115 0.8249298806340095
10.36235 0.8240819255104038
10.36356 0.8232339703867979
10.36477 0.8223860152631922
10.36598 0.8215380601395865
10.36718 0.8207227186745809
10.36839 0.8198747635509751
10.3696 0.8190594220859695
10.3708 0.8182440806209641
10.37201 0.8174613528145587
10.37322 0.8166460113495532
10.37442 0.8158632835431479
10.37563 0.8150805557367425
10.37684 0.8142978279303372
10.37804 0.8135151001239319
10.37925 0.8127649859761268
10.38046 0.8119822581697215
10.38166 0.8112321440219163
10.38287 0.8105146435327114
10.38408 0.8097645293849064
10.38528 0.8090470288957016
10.38649 0.8082969147478964
10.3877 0.8075794142586915
10.3889 0.8068619137694867
10.39011 0.8061444132802819
10.39132 0.8054269127910769
10.39253 0.804709412301872
10.39373 0.803991911812667
10.39494 0.8032744113234622
10.39615 0.8025569108342574
10.39735 0.8018394103450525
10.39856 0.8011545235144478
10.39977 0.800437023025243
10.40097 0.7997521361946383
10.40218 0.7990672493640336
10.40339 0.7983497488748288
10.40459 0.797664862044224
10.4058 0.7969799752136195
10.40701 0.7962950883830148
10.40821 0.7956428152110104
10.40942 0.794990542039006
10.41063 0.7943382688670015
10.41183 0.7937186093535973
10.41304 0.7931315634987932
10.41425 0.7925119039853891
10.41545 0.7919248581305851
10.41666 0.7913704259343813
10.41787 0.7908159937381776
10.41908 0.790294175200574
10.42028 0.7897723566629704
10.42149 0.7893157654425674
10.4227 0.7888591742221642
10.4239 0.7884025830017611
10.42511 0.7880112190985584
10.42632 0.7876198551953558
10.42752 0.7872284912921532
10.42873 0.7869023547061509
10.42994 0.7865762181201488
10.43114 0.7862826951927467
10.43235 0.7859891722653447
10.43356 0.7857608766551432
10.43476 0.7855325810449416
10.43597 0.7853042854347401
10.43718 0.785141217141739
10.43838 0.7849781488487378
10.43959 0.784847694214337
10.4408 0.7847498532385363
10.44201 0.7846520122627356
10.44321 0.7846193986041353
10.44442 0.7845867849455352
10.44563 0.7845867849455352
10.44683 0.7846193986041353
10.44804 0.7846846259213359
10.44925 0.7847498532385363
10.45045 0.7848803078729372
10.45166 0.785010762507338
10.45287 0.7852064444589394
10.45407 0.7854021264105407
10.45528 0.7856304220207423
10.45649 0.7859239449481443
10.45769 0.7862174678755462
10.4589 0.7865436044615485
10.46011 0.7869023547061509
10.46131 0.7872611049507533
10.46252 0.7876850825125563
10.46373 0.7880764464157589
10.46493 0.788533037636162
10.46614 0.7889896288565651
10.46735 0.7895114473941687
10.46856 0.7900332659317723
10.46976 0.7905876981279759
10.47097 0.7911421303241797
10.47218 0.7916965625203835
10.47338 0.7922509947165873
10.47459 0.7928054269127911
10.4758 0.7933598591089949
10.477 0.7939469049637988
10.47821 0.7945665644772031
10.47942 0.795153610332007
10.48062 0.7957406561868111
10.48183 0.7963603157002153
10.48304 0.796914747896419
10.48424 0.7974691800926227
10.48545 0.7980236122888266
10.48666 0.7985454308264301
10.48786 0.7990672493640336
10.48907 0.7995564542430369
10.49028 0.8000782727806406
10.49148 0.8005348640010437
10.49269 0.8009914552214468
10.4939 0.8014154327832497
10.49511 0.8018067966864523
10.49631 0.8021655469310548
10.49752 0.8025242971756572
10.49873 0.8028178201030591
10.49993 0.8031113430304612
10.50114 0.8033722522992629
10.50235 0.8036005479094644
10.50355 0.8037962298610658
10.50476 0.803991911812667
10.50597 0.8041549801056683
10.50717 0.8042854347400691
10.50838 0.8043832757158698
10.50959 0.8044811166916704
10.51079 0.8045137303502707
10.512 0.8045463440088709
10.51321 0.8045463440088709
10.51441 0.8045463440088709
10.51562 0.8045463440088709
10.51683 0.8045137303502707
10.51803 0.8044811166916704
10.51924 0.8044485030330703
10.52045 0.8043832757158698
10.52166 0.8042854347400691
10.52286 0.8041875937642684
10.52407 0.8040897527884677
10.52528 0.803991911812667
10.52648 0.8038940708368665
10.52769 0.8037636162024656
10.5289 0.8036657752266649
10.5301 0.803535320592264
10.53131 0.8034048659578632
10.53252 0.8032744113234622
10.53372 0.8031439566890614
10.53493 0.8030135020546605
10.53614 0.8028504337616593
10.53734 0.8026547518100581
10.53855 0.8024916835170569
10.53976 0.8022633879068554
10.54096 0.8020677059552541
10.54217 0.8018394103450525
10.54338 0.801611114734851
10.54458 0.8013828191246494
10.54579 0.8011219098558476
10.547 0.8008283869284456
10.54821 0.8005674776596439
10.54941 0.8002739547322418
10.55062 0.7999478181462396
10.55183 0.7996216815602375
10.55303 0.7992955449742352
10.55424 0.7989367947296327
10.55545 0.7985780444850303
10.55665 0.7981866805818277
10.55786 0.7978279303372252
10.55907 0.7974691800926227
10.56027 0.7971104298480203
10.56148 0.7967516796034179
10.56269 0.7963929293588154
10.56389 0.7960015654556128
10.5651 0.7956428152110104
10.56631 0.7952514513078077
10.56751 0.7948927010632053
10.56872 0.7945339508186028
10.56993 0.7941752005740004
10.57113 0.7938490639879981
10.57234 0.7935229274019959
10.57355 0.7931967908159938
10.57476 0.7928706542299915
10.57596 0.7925445176439893
10.57717 0.7922509947165873
10.57838 0.7919574717891853
10.57958 0.7916639488617834
10.58079 0.7913704259343813
10.582 0.7910769030069793
10.5832 0.7907833800795773
10.58441 0.7905224708107755
10.58562 0.7902615615419738
10.58682 0.790000652273172
10.58803 0.7897397430043702
10.58924 0.7895114473941687
10.59044 0.7892505381253668
10.59165 0.7890222425151654
10.59286 0.7887613332463635
10.59406 0.788533037636162
10.59527 0.7882721283673603
10.59648 0.7880438327571587
10.59768 0.7878155371469572
10.59889 0.7875872415367556
10.6001 0.787358945926554
10.60131 0.7871306503163525
10.60251 0.7869023547061509
10.60372 0.7866740590959495
10.60493 0.7864457634857478
10.60613 0.7862174678755462
10.60734 0.7859891722653447
10.60855 0.7857608766551432
10.60975 0.7855325810449416
10.61096 0.7853042854347401
10.61217 0.7851086034831387
10.61337 0.7848803078729372
10.61458 0.7846846259213359
10.61579 0.7844889439697346
10.61699 0.7842932620181332
10.6182 0.7840975800665319
10.61941 0.7839345117735308
10.62061 0.7837388298219294
10.62182 0.7835757615289283
10.62303 0.7834126932359272
10.62423 0.7832822386015262
10.62544 0.7831517839671255
10.62665 0.7830213293327245
10.62786 0.7829234883569238
10.62906 0.7828256473811231
10.63027 0.7827604200639228
10.63148 0.7826625790881221
10.63268 0.7825973517709217
10.63389 0.7825321244537211
10.6351 0.7824668971365207
10.6363 0.7824342834779205
10.63751 0.7823690561607201
10.63872 0.7823364425021199
10.63992 0.7823364425021199
10.64113 0.7823038288435197
10.64234 0.7823038288435197
10.64354 0.7822712151849194
10.64475 0.7822712151849194
10.64596 0.7822386015263192
10.64716 0.7822386015263192
10.64837 0.782205987867719
10.64958 0.782205987867719
10.65078 0.7821733742091187
10.65199 0.7821733742091187
10.6532 0.7821407605505185
10.65441 0.7821407605505185
10.65561 0.7821081468919183
10.65682 0.7821081468919183
10.65803 0.7821081468919183
10.65923 0.7820755332333181
10.66044 0.7820755332333181
10.66165 0.7820429195747179
10.66285 0.7820429195747179
10.66406 0.7820103059161176
10.66527 0.7820103059161176
10.66647 0.7820103059161176
10.66768 0.7820103059161176
10.66889 0.7820103059161176
10.67009 0.7820103059161176
10.6713 0.7820103059161176
10.67251 0.7820103059161176
10.67371 0.7820103059161176
10.67492 0.7820429195747179
10.67613 0.7820429195747179
10.67734 0.7820755332333181
10.67854 0.7821081468919183
10.67975 0.7821407605505185
10.68096 0.782205987867719
10.68216 0.7822386015263192
10.68337 0.7823038288435197
10.68458 0.7823690561607201
10.68578 0.7824342834779205
10.68699 0.782499510795121
10.6882 0.7825647381123214
10.6894 0.7826625790881221
10.69061 0.7827604200639228
10.69182 0.7828582610397234
10.69302 0.7829561020155241
10.69423 0.783086556649925
10.69544 0.7832170112843259
10.69664 0.7833474659187267
10.69785 0.7834779205531276
10.69906 0.7836083751875286
10.70026 0.7837714434805296
10.70147 0.7839018981149305
10.70268 0.7840649664079317
10.70389 0.7842606483595329
10.70509 0.7844237166525341
10.7063 0.7845867849455352
10.70751 0.7847824668971366
10.70871 0.7849781488487378
10.70992 0.7851738308003392
10.71113 0.7853695127519404
10.71233 0.7855651947035418
10.71354 0.7857934903137433
10.71475 0.7859891722653447
10.71595 0.7861848542169461
10.71716 0.7864131498271476
10.71837 0.7866414454373492
10.71957 0.7868697410475507
10.72078 0.7870980366577522
10.72199 0.7873263322679539
10.72319 0.7875546278781553
10.7244 0.7877829234883569
10.72561 0.7880112190985584
10.72681 0.78823951470876
10.72802 0.7884678103189616
10.72923 0.7887287195877634
10.73044 0.7889570151979649
10.73164 0.7892179244667668
10.73285 0.7894462200769682
10.73406 0.78970712934577
10.73526 0.7899354249559716
10.73647 0.7901963342247733
10.73768 0.7904246298349749
10.73888 0.7906855391037766
10.74009 0.7909138347139782
10.7413 0.79117474398278
10.7425 0.7914030395929815
10.74371 0.7916639488617834
10.74492 0.7918922444719848
10.74612 0.7921531537407867
10.74733 0.7924140630095884
10.74854 0.7926423586197899
10.74974 0.7929032678885918
10.75095 0.7931641771573935
10.75216 0.7933924727675951
10.75336 0.7936533820363969
10.75457 0.7939142913051986
10.75578 0.7941425869154002
10.75699 0.7944034961842019
10.75819 0.7946644054530037
10.7594 0.7949253147218055
10.76061 0.7951862239906072
10.76181 0.7954145196008088
10.76302 0.7956754288696105
10.76423 0.7959363381384124
10.76543 0.7961972474072142
10.76664 0.7964581566760159
10.76785 0.7966864522862175
10.76905 0.7969473615550192
10.77026 0.7971756571652208
10.77147 0.7974365664340226
10.77267 0.797664862044224
10.77388 0.7978931576544257
10.77509 0.7981540669232274
10.77629 0.798382362533429
10.7775 0.7986106581436305
10.77871 0.7988389537538321
10.77991 0.7990672493640336
10.78112 0.7992955449742352
10.78233 0.7995238405844368
10.78354 0.7997195225360382
10.78474 0.7999478181462396
10.78595 0.800143500097841
10.78716 0.8003717957080425
10.78836 0.8005674776596439
10.78957 0.8007957732698454
10.79078 0.8009914552214468
10.79198 0.8012197508316483
10.79319 0.8014154327832497
10.7944 0.8016437283934511
10.7956 0.8018720240036528
10.79681 0.8020677059552541
10.79802 0.8022960015654556
10.79922 0.8024916835170569
10.80043 0.8026873654686583
10.80164 0.8029156610788598
10.80284 0.8031113430304612
10.80405 0.8033070249820625
10.80526 0.803535320592264
10.80646 0.8037310025438653
10.80767 0.803959298154067
10.80888 0.8041549801056683
10.81009 0.8043506620572696
10.81129 0.8045137303502707
10.8125 0.804709412301872
10.81371 0.8048724805948732
10.81491 0.805002935229274
10.81612 0.8051660035222751
10.81733 0.8053290718152762
10.81853 0.8054595264496771
10.81974 0.805589981084078
10.82095 0.8056878220598787
10.82215 0.8058182766942795
10.82336 0.8058835040114799
10.82457 0.8059813449872806
10.82577 0.8060465723044812
10.82698 0.8060791859630813
10.82819 0.8061444132802819
10.82939 0.8061444132802819
10.8306 0.8061770269388819
10.83181 0.8061770269388819
10.83301 0.8061770269388819
10.83422 0.8061770269388819
10.83543 0.8061770269388819
10.83664 0.8061770269388819
10.83784 0.8061444132802819
10.83905 0.8061117996216816
10.84026 0.8060791859630813
10.84146 0.8060465723044812
10.84267 0.8059813449872806
10.84388 0.8059487313286805
10.84508 0.8058835040114799
10.84629 0.8058182766942795
10.8475 0.8057530493770791
10.8487 0.8057204357184788
10.84991 0.8056552084012785
10.85112 0.805589981084078
10.85232 0.8054921401082773
10.85353 0.8054269127910769
10.85474 0.8053290718152762
10.85594 0.8052638444980758
10.85715 0.8051660035222751
10.85836 0.8050355488878742
10.85956 0.8049377079120735
10.86077 0.8048072532776727
10.86198 0.8046767986432718
10.86319 0.8045137303502707
10.86439 0.8043832757158698
10.8656 0.8042202074228687
10.86681 0.8040571391298676
10.86801 0.8038614571782663
10.86922 0.8036983888852651
10.87043 0.8035027069336639
10.87163 0.8033070249820625
10.87284 0.8030787293718609
10.87405 0.8028504337616593
10.87525 0.8026221381514579
10.87646 0.8023938425412562
10.87767 0.8021655469310548
10.87887 0.801904637662253
10.88008 0.8016437283934511
10.88129 0.8013828191246494
10.88249 0.8011219098558476
10.8837 0.8008283869284456
10.88491 0.8005674776596439
10.88612 0.8002739547322418
10.88732 0.7999804318048399
10.88853 0.7996869088774379
10.88974 0.7993607722914357
10.89094 0.7990672493640336
10.89215 0.7987411127780314
10.89336 0.7984149761920292
10.89456 0.7980888396060271
10.89577 0.7977627030200247
10.89698 0.7974039527754223
10.89818 0.7970452025308199
10.89939 0.7967190659448177
10.9006 0.7963603157002153
10.9018 0.7960015654556128
10.90301 0.7956428152110104
10.90422 0.7952840649664079
10.90542 0.7949253147218055
10.90663 0.7945665644772031
10.90784 0.7942078142326006
10.90904 0.7938490639879981
10.91025 0.7934903137433957
10.91146 0.7931315634987932
10.91267 0.7927401995955906
10.91387 0.7923814493509882
10.91508 0.7920226991063858
10.91629 0.7916639488617834
10.91749 0.791305198617181
10.9187 0.7909464483725784
10.91991 0.7905876981279759
10.92111 0.7902289478833735
10.92232 0.7898701976387711
10.92353 0.7895114473941687
10.92473 0.7891526971495662
10.92594 0.7887939469049637
10.92715 0.7884351966603613
10.92835 0.7881090600743591
10.92956 0.7877503098297567
10.93077 0.7873915595851543
10.93197 0.7870328093405519
10.93318 0.7866740590959495
10.93439 0.7863153088513469
10.93559 0.7859891722653447
10.9368 0.7856304220207423
10.93801 0.7853042854347401
10.93922 0.7849781488487378
10.94042 0.7846193986041353
10.94163 0.7842932620181332
10.94284 0.783967125432131
10.94404 0.783673602504729
10.94525 0.7833474659187267
10.94646 0.7830539429913248
10.94766 0.7827278064053225
10.94887 0.7824342834779205
10.95008 0.7821733742091187
10.95128 0.7818798512817168
10.95249 0.781618942012915
10.9537 0.7813580327441132
10.9549 0.7811297371339117
10.95611 0.7808688278651099
10.95732 0.7806405322549083
10.95852 0.7804122366447068
10.95973 0.7801839410345052
10.96094 0.7799882590829039
10.96214 0.7797925771313026
10.96335 0.7795968951797012
10.96456 0.7794012132281
10.96577 0.7792055312764986
10.96697 0.7790424629834974
10.96818 0.7788793946904964
10.96939 0.7787163263974953
10.97059 0.7785532581044942
10.9718 0.7784228034700933
10.97301 0.7782923488356923
10.97421 0.7781292805426913
10.97542 0.7779988259082904
10.97663 0.7779009849324897
10.97783 0.7777705302980888
10.97904 0.7776726893222882
10.98025 0.7775422346878873
10.98145 0.7774443937120866
10.98266 0.777346552736286
10.98387 0.7772487117604853
10.98507 0.7771834844432849
10.98628 0.7770856434674842
10.98749 0.7770204161502837
10.98869 0.776922575174483
10.9899 0.7768573478572826
10.99111 0.7767921205400822
10.99232 0.7767268932228818
10.99352 0.7766942795642815
10.99473 0.7766290522470811
10.99594 0.7765638249298806
10.99714 0.7765312112712804
10.99835 0.77646598395408
10.99956 0.7764333702954798
11.00076 0.7763681429782794
11.00197 0.7763355293196791
11.00318 0.7763029156610788
11.00438 0.7762703020024787
11.00559 0.7762376883438784
11.0068 0.7762050746852781
11.008 0.7762050746852781
11.00921 0.7762050746852781
11.01042 0.7762050746852781
11.01162 0.776172461026678
11.01283 0.7762050746852781
11.01404 0.7762050746852781
11.01524 0.7762376883438784
11.01645 0.7762703020024787
11.01766 0.7763029156610788
11.01887 0.7763681429782794
11.02007 0.7764333702954798
11.02128 0.7765312112712804
11.02249 0.7766290522470811
11.02369 0.7767268932228818
11.0249 0.7768573478572826
11.02611 0.7769878024916835
11.02731 0.7771182571260844
11.02852 0.7772813254190855
11.02973 0.7774443937120866
11.03093 0.777640075663688
11.03214 0.7778357576152892
11.03335 0.7780314395668906
11.03455 0.7782597351770922
11.03576 0.7784880307872937
11.03697 0.7787489400560954
11.03817 0.7790098493248973
11.03938 0.7792707585936991
11.04059 0.779564281521101
11.04179 0.7798578044485031
11.043 0.7801187137173048
11.04421 0.7804122366447068
11.04542 0.7807383732307089
11.04662 0.781031896158111
11.04783 0.7813580327441132
11.04904 0.7816841693301154
11.05024 0.7820103059161176
11.05145 0.7823690561607201
11.05266 0.7826951927467224
11.05386 0.7830539429913248
11.05507 0.7834126932359272
11.05628 0.7837714434805296
11.05748 0.784130193725132
11.05869 0.7844889439697346
11.0599 0.7848803078729372
11.0611 0.7852390581175397
11.06231 0.7856304220207423
11.06352 0.7860217859239449
11.06472 0.7864131498271476
11.06593 0.7868371273889505
11.06714 0.7872284912921532
11.06834 0.787652468853956
11.06955 0.7880764464157589
11.07076 0.788533037636162
11.07197 0.7889570151979649
11.07317 0.789413606418368
11.07438 0.7898701976387711
11.07559 0.7903267888591742
11.07679 0.7907833800795773
11.078 0.7912725849585807
11.07921 0.791761789837584
11.08041 0.7922509947165873
11.08162 0.7927728132541908
11.08283 0.7932946317917944
11.08403 0.793816450329398
11.08524 0.7943382688670015
11.08645 0.7948927010632053
11.08765 0.7954471332594091
11.08886 0.7960015654556128
11.09007 0.7965559976518166
11.09127 0.7971430435066206
11.09248 0.7977300893614246
11.09369 0.7983171352162285
11.0949 0.7989367947296327
11.0961 0.7995564542430369
11.09731 0.8001761137564413
11.09852 0.8007957732698454
11.09972 0.8014480464418497
11.10093 0.8020677059552541
11.10214 0.8026873654686583
11.10334 0.8033396386406627
11.10455 0.803959298154067
11.10576 0.8046115713260714
11.10696 0.8052312308394756
11.10817 0.8058835040114799
11.10938 0.8065357771834845
11.11058 0.8071880503554889
11.11179 0.8078403235274934
11.113 0.8084599830408975
11.1142 0.809112256212902
11.11541 0.8097319157263062
11.11662 0.8103841888983107
11.11782 0.8110038484117148
11.11903 0.8116235079251191
11.12024 0.8122431674385232
11.12145 0.8128954406105277
11.12265 0.8135151001239319
11.12386 0.8141347596373361
11.12507 0.8147544191507403
11.12627 0.8154066923227449
11.12748 0.8160263518361489
11.12869 0.8166460113495532
11.12989 0.8172656708629573
11.1311 0.8178853303763616
11.13231 0.8185049898897659
11.13351 0.81912464940317
11.13472 0.8197769225751744
11.13593 0.8203965820885787
11.13713 0.8210162416019829
11.13834 0.8216359011153871
11.13955 0.8222881742873916
11.14075 0.8229078338007957
11.14196 0.8235274933142
11.14317 0.8241797664862044
11.14437 0.8247994259996086
11.14558 0.825451699171613
11.14679 0.8260713586850174
11.148 0.8267236318570217
11.1492 0.827343291370426
11.15041 0.8279955645424304
11.15162 0.8286478377144347
11.15282 0.829267497227839
11.15403 0.8299197703998433
11.15524 0.8305720435718479
11.15644 0.8312243167438522
11.15765 0.8318765899158568
11.15886 0.8325288630878612
11.16006 0.8331811362598656
11.16127 0.8338334094318701
11.16248 0.8344530689452742
11.16368 0.8351053421172787
11.16489 0.835757615289283
11.1661 0.8363772748026874
11.1673 0.8370295479746918
11.16851 0.8376818211466963
11.16972 0.8383014806601005
11.17092 0.8389211401735047
11.17213 0.8395407996869088
11.17334 0.8401604592003131
11.17455 0.8407801187137172
11.17575 0.8413671645685212
11.17696 0.8419542104233253
11.17817 0.8425412562781294
11.17937 0.8430956884743331
11.18058 0.843682734329137
11.18179 0.8442371665253408
11.18299 0.8447915987215445
11.1842 0.8453460309177483
11.18541 0.8459004631139521
11.18661 0.8464548953101558
11.18782 0.8469767138477594
11.18903 0.8474985323853629
11.19023 0.8480203509229665
11.19144 0.8485421694605702
11.19265 0.8490639879981737
11.19385 0.8495531928771769
11.19506 0.8500750114147805
11.19627 0.850596829952384
11.19747 0.8511186484899875
11.19868 0.8516404670275911
11.19989 0.8521622855651948
11.2011 0.8526841041027983
11.2023 0.853238536299002
11.20351 0.8537603548366056
11.20472 0.8543147870328094
11.20592 0.8548366055704129
11.20713 0.8553910377666167
11.20834 0.8559128563042202
11.20954 0.856467288500424
11.21075 0.8570217206966277
11.21196 0.8576087665514318
11.21316 0.8581631987476355
11.21437 0.8587502446024394
11.21558 0.8593372904572435
11.21678 0.8598917226534473
11.21799 0.8604787685082513
11.2192 0.8610658143630552
11.2204 0.861620246559259
11.22161 0.862207292414063
11.22282 0.8627617246102668
11.22402 0.8633161568064706
11.22523 0.8638705890026743
11.22644 0.8644250211988781
11.22765 0.8649468397364817
11.22885 0.8655012719326854
11.23006 0.8660230904702889
11.23127 0.8665775226664927
11.23247 0.8670993412040963
11.23368 0.8675885460830995
11.23489 0.8681103646207032
11.23609 0.8685995694997065
11.2373 0.8690887743787098
11.23851 0.8695779792577131
11.23971 0.8700671841367165
11.24092 0.8705237753571196
11.24213 0.8709803665775228
11.24333 0.8714369577979257
11.24454 0.8718935490183289
11.24575 0.8723501402387319
11.24695 0.8727741178005349
11.24816 0.8732307090209379
11.24937 0.8736546865827408
11.25057 0.8740786641445438
11.25178 0.8745026417063466
11.25299 0.8749266192681495
11.2542 0.8753505968299524
11.2554 0.875741960733155
11.25661 0.8761659382949579
11.25782 0.8765573021981606
11.25902 0.8769486661013633
11.26023 0.877340030004566
11.26144 0.8776987802491685
11.26264 0.878090144152371
11.26385 0.8784488943969734
11.26506 0.8788076446415758
11.26626 0.8791663948861782
11.26747 0.8795251451307807
11.26868 0.8798838953753831
11.26988 0.8802100319613855
11.27109 0.8805687822059879
11.2723 0.8808949187919901
11.2735 0.8812210553779922
11.27471 0.8815471919639944
11.27592 0.8818733285499967
11.27712 0.882199465135999
11.27833 0.8825256017220012
11.27954 0.8828191246494032
11.28075 0.8831452612354053
11.28195 0.8834387841628074
11.28316 0.8837323070902093
11.28437 0.8840258300176115
11.28557 0.8843193529450134
11.28678 0.8846128758724153
11.28799 0.8849063987998174
11.28919 0.8851999217272193
11.2904 0.8854608309960211
11.29161 0.8857217402648229
11.29281 0.8859826495336247
11.29402 0.8862435588024263
11.29523 0.886471854412628
11.29643 0.8867001500228295
11.29764 0.8869284456330312
11.29885 0.8871567412432326
11.30005 0.887352423194834
11.30126 0.8875481051464353
11.30247 0.8877437870980366
11.30368 0.8879068553910378
11.30488 0.8880699236840388
11.30609 0.8882329919770399
11.3073 0.888363446611441
11.3085 0.8884612875872415
11.30971 0.8885591285630423
11.31092 0.8886569695388429
11.31212 0.8887221968560434
11.31333 0.8887874241732437
11.31454 0.8888200378318439
11.31574 0.8888526514904442
11.31695 0.8888852651490444
11.31816 0.8888852651490444
11.31936 0.8888852651490444
11.32057 0.8888526514904442
11.32178 0.8888200378318439
11.32298 0.8887874241732437
11.32419 0.8887221968560434
11.3254 0.8886569695388429
11.3266 0.8885591285630423
11.32781 0.8884939012458417
11.32902 0.888363446611441
11.33023 0.8882656056356402
11.33143 0.8881351510012393
11.33264 0.8880373100254386
11.33385 0.8879068553910378
11.33505 0.8877764007566369
11.33626 0.8876133324636358
11.33747 0.8874828778292347
11.33867 0.8873198095362337
11.33988 0.8871567412432326
11.34109 0.8869610592916313
11.34229 0.8867979909986302
11.3435 0.8866023090470289
11.34471 0.8864066270954275
11.34591 0.8862109451438264
11.34712 0.886015263192225
11.34833 0.8858195812406237
11.34953 0.8856238992890223
11.35074 0.8853956036788206
11.35195 0.8851673080686191
11.35315 0.8849390124584177
11.35436 0.8846781031896158
11.35557 0.884417193920814
11.35678 0.8841562846520122
11.35798 0.8838627617246102
11.35919 0.8835692387972083
11.3604 0.8832757158698064
11.3616 0.8829495792838041
11.36281 0.8826234426978018
11.36402 0.8822646924531994
11.36522 0.8819059422085969
11.36643 0.8815471919639944
11.36764 0.8811558280607917
11.36884 0.8807644641575892
11.37005 0.8803404865957863
11.37126 0.8799165090339833
11.37246 0.8794599178135803
11.37367 0.8790033265931771
11.37488 0.8785141217141739
11.37608 0.8780249168351706
11.37729 0.8775030982975671
11.3785 0.8770138934185636
11.3797 0.8764594612223598
11.38091 0.8759376426847563
11.38212 0.8753832104885525
11.38333 0.8748287782923487
11.38453 0.874274346096145
11.38574 0.8736873002413411
11.38695 0.873100254386537
11.38815 0.8725132085317331
11.38936 0.8718935490183289
11.39057 0.8712738895049247
11.39177 0.8706542299915203
11.39298 0.8700345704781163
11.39419 0.8693822973061117
11.39539 0.8687626377927076
11.3966 0.8681103646207032
11.39781 0.8674580914486987
11.39901 0.8668058182766943
11.40022 0.8661209314460895
11.40143 0.8654686582740851
11.40263 0.8647837714434805
11.40384 0.8640988846128759
11.40505 0.863381384123671
11.40625 0.8626964972930663
11.40746 0.8619789968038614
11.40867 0.8612614963146565
11.40988 0.8605439958254516
11.41108 0.8598264953362468
11.41229 0.8591089948470418
11.4135 0.8583588806992367
11.4147 0.8576413802100319
11.41591 0.8568586524036267
11.41712 0.8561085382558216
11.41832 0.8553258104494161
11.41953 0.8545430826430108
11.42074 0.8537603548366056
11.42194 0.8529450133716
11.42315 0.8521296719065945
11.42436 0.8512817167829886
11.42556 0.8504337616593829
11.42677 0.8495858065357772
11.42798 0.8487378514121715
11.42918 0.8478572826299654
11.43039 0.8469767138477594
11.4316 0.8460635314069531
11.4328 0.8451503489661469
11.43401 0.8442371665253408
11.43522 0.8432913704259345
11.43643 0.842345574326528
11.43763 0.8413671645685212
11.43884 0.8403887548105147
11.44005 0.8393777313939077
11.44125 0.8383993216359011
11.44246 0.8373882982192942
11.44367 0.8363772748026874
11.44487 0.8353662513860804
11.44608 0.8343552279694736
11.44729 0.8333442045528668
11.44849 0.8323005674776596
11.4497 0.8312569304024525
11.45091 0.8302132933272455
11.45211 0.8291696562520384
11.45332 0.8281260191768312
11.45453 0.8270823821016241
11.45573 0.8260061313678169
11.45694 0.8249624942926098
11.45815 0.8239514708760027
11.45935 0.8229078338007957
11.46056 0.8218641967255886
11.46177 0.8208531733089819
11.46298 0.8198095362337746
11.46418 0.8187985128171679
11.46539 0.8177548757419608
11.4666 0.8167438523253538
11.4678 0.815732828908747
11.46901 0.8146891918335398
11.47022 0.813678168416933
11.47142 0.8126345313417259
11.47263 0.8116235079251191
11.47384 0.8106124845085121
11.47504 0.8096014610919052
11.47625 0.8085578240166982
11.47746 0.8075468006000913
11.47866 0.8065357771834845
11.47987 0.8055247537668775
11.48108 0.8044811166916704
11.48228 0.8034374796164634
11.48349 0.8023938425412562
11.4847 0.8013502054660492
11.4859 0.800306568390842
11.48711 0.7992303176570348
11.48832 0.7981866805818277
11.48953 0.7971104298480203
11.49073 0.796034179114213
11.49194 0.7949579283804057
11.49315 0.7938816776465983
11.49435 0.7927728132541908
11.49556 0.7916965625203835
11.49677 0.7905876981279759
11.49797 0.7894788337355685
11.49918 0.788369969343161
11.50039 0.7872611049507533
11.50159 0.7861196268997456
11.5028 0.7849781488487378
11.50401 0.7838692844563303
11.50521 0.7827278064053225
11.50642 0.7815863283543147
11.50763 0.780444850303307
11.50883 0.7793359859108995
11.51004 0.7781945078598916
11.51125 0.7770530298088839
11.51246 0.7759115517578762
11.51366 0.7747700737068685
11.51487 0.7736285956558607
11.51608 0.7725197312634531
11.51728 0.7713782532124454
11.51849 0.7702367751614376
11.5197 0.7690952971104299
11.5209 0.7679864327180222
11.52211 0.7668449546670145
11.52332 0.765736090274607
11.52452 0.7646272258821994
11.52573 0.7635183614897919
11.52694 0.7623768834387842
11.52814 0.7613006327049768
11.52935 0.7601917683125693
11.53056 0.7590829039201618
11.53176 0.7579740395277542
11.53297 0.7568651751353467
11.53418 0.7557889244015393
11.53538 0.7547126736677321
11.53659 0.7536038092753244
11.5378 0.7525275585415172
11.53901 0.7514513078077099
11.54021 0.7503750570739026
11.54142 0.7493314199986955
11.54263 0.7482551692648881
11.54383 0.7471789185310808
11.54504 0.7461026677972735
11.54625 0.7450264170634662
11.54745 0.7439501663296588
11.54866 0.7428739155958516
11.54987 0.7417976648620442
11.55107 0.7407214141282369
11.55228 0.7396451633944295
11.55349 0.7385689126606222
11.55469 0.737492661926815
11.5559 0.7364164111930076
11.55711 0.7353075468006001
11.55831 0.7342312960667927
11.55952 0.7331224316743852
11.56073 0.7320461809405778
11.56193 0.7309373165481704
11.56314 0.7298284521557629
11.56435 0.7287195877633553
11.56556 0.7276107233709477
11.56676 0.7265018589785402
11.56797 0.7253929945861327
11.56918 0.7242515165351249
11.57038 0.7231426521427174
11.57159 0.7220337877503098
11.5728 0.7209249233579023
11.574 0.7197834453068945
11.57521 0.718674580914487
11.57642 0.7175657165220795
11.57762 0.7164242384710717
11.57883 0.7153153740786641
11.58004 0.7141738960276564
11.58124 0.7130650316352488
11.58245 0.7119235535842411
11.58366 0.7108146891918335
11.58486 0.709705824799426
11.58607 0.7085969604070185
11.58728 0.7074880960146109
11.58848 0.7063792316222034
11.58969 0.705302980888396
11.5909 0.7041941164959885
11.59211 0.7031178657621812
11.59331 0.7020090013697736
11.59452 0.7009327506359664
11.59573 0.699856499902159
11.59693 0.6987802491683517
11.59814 0.6977039984345444
11.59935 0.6966277477007371
11.60055 0.6955841106255299
11.60176 0.6945078598917227
11.60297 0.6934642228165155
11.60417 0.6924205857413085
11.60538 0.6913769486661014
11.60659 0.6903333115908943
11.60779 0.6893222881742873
11.609 0.6882786510990803
11.61021 0.6872350140238732
11.61141 0.686191376948666
11.61262 0.685147739873459
11.61383 0.684104102798252
11.61503 0.6830604657230448
11.61624 0.6820494423064379
11.61745 0.6810058052312308
11.61866 0.6799621681560237
11.61986 0.6789185310808166
11.62107 0.6778748940056095
11.62228 0.6768312569304025
11.62348 0.6757876198551953
11.62469 0.6747439827799883
11.6259 0.6737003457047812
11.6271 0.672656708629574
11.62831 0.6715804578957667
11.62952 0.6705368208205597
11.63072 0.6694605700867523
11.63193 0.6684169330115453
11.63314 0.6673406822777379
11.63434 0.6662644315439306
11.63555 0.6652207944687235
11.63676 0.6641445437349162
11.63796 0.6630682930011088
11.63917 0.6620246559259018
11.64038 0.6609484051920944
11.64158 0.6598721544582872
11.64279 0.6587959037244798
11.644 0.6577522666492727
11.64521 0.6566760159154654
11.64641 0.6555997651816581
11.64762 0.6545235144478507
11.64883 0.6534798773726437
11.65003 0.6524036266388363
11.65124 0.651327375905029
11.65245 0.6502837388298219
11.65365 0.6492401017546148
11.65486 0.6481638510208075
11.65607 0.6471202139456005
11.65727 0.6460765768703933
11.65848 0.645000326136586
11.65969 0.6439566890613788
11.66089 0.6429130519861718
11.6621 0.6418694149109647
11.66331 0.6408257778357576
11.66451 0.6398147544191507
11.66572 0.6387711173439437
11.66693 0.6377600939273368
11.66813 0.6367164568521296
11.66934 0.6357054334355228
11.67055 0.6346944100189159
11.67176 0.633683386602309
11.67296 0.6326723631857022
11.67417 0.6316613397690952
11.67538 0.6306503163524884
11.67658 0.6296392929358816
11.67779 0.6286282695192746
11.679 0.6276172461026678
11.6802 0.6266062226860609
11.68141 0.6255951992694541
11.68262 0.6246167895114474
11.68382 0.6236057660948405
11.68503 0.6225947426782336
11.68624 0.6215837192616268
11.68744 0.62057269584502
11.68865 0.619561672428413
11.68986 0.6185506490118061
11.69106 0.6175396255951993
11.69227 0.6164959885199922
11.69348 0.6154849651033852
11.69468 0.6144413280281782
11.69589 0.6133976909529711
11.6971 0.612354053877764
11.69831 0.6113104168025569
11.69951 0.6102667797273499
11.70072 0.6092231426521427
11.70193 0.6081795055769357
11.70313 0.6071358685017285
11.70434 0.6060922314265215
11.70555 0.6050485943513143
11.70675 0.6040049572761073
11.70796 0.6029287065422999
11.70917 0.6018850694670927
11.71037 0.6008088187332855
11.71158 0.5997651816580785
11.71279 0.5987215445828713
11.71399 0.597645293849064
11.7152 0.5966016567738569
11.71641 0.5955580196986497
11.71761 0.5945469962820429
11.71882 0.5935033592068358
11.72003 0.5924597221316287
11.72124 0.5914486987150219
11.72244 0.5904050616398148
11.72365 0.5893940382232078
11.72486 0.5883830148066009
11.72606 0.5873393777313939
11.72727 0.586328354314787
11.72848 0.5853173308981802
11.72968 0.5843063074815733
11.73089 0.5832952840649664
11.7321 0.5822842606483596
11.7333 0.5812732372317526
11.73451 0.5802622138151458
11.73572 0.5792511903985389
11.73692 0.5782727806405322
11.73813 0.5772617572239254
11.73934 0.5762507338073185
11.74054 0.5752397103907116
11.74175 0.5742286869741048
11.74296 0.5732176635574979
11.74416 0.5721740264822908
11.74537 0.5711630030656839
11.74658 0.5701193659904767
11.74779 0.5691083425738699
11.74899 0.5680647054986628
11.7502 0.5670210684234557
11.75141 0.5659774313482486
11.75261 0.5649337942730416
11.75382 0.5638901571978344
11.75503 0.5628465201226274
11.75623 0.56177026938882
11.75744 0.560726632313613
11.75865 0.5596503815798056
11.75985 0.5585741308459983
11.76106 0.557497880112191
11.76227 0.5563890157197835
11.76347 0.5553127649859761
11.76468 0.5542039005935686
11.76589 0.5531276498597613
11.76709 0.5520513991259539
11.7683 0.5509751483921467
11.76951 0.5498988976583393
11.77071 0.548822646924532
11.77192 0.5477463961907246
11.77313 0.5466701454569173
11.77434 0.54559389472311
11.77554 0.544550257647903
11.77675 0.5434740069140956
11.77796 0.5424303698388885
11.77916 0.5413541191050812
11.78037 0.5403430956884743
11.78158 0.5392994586132672
11.78278 0.5382884351966604
11.78399 0.5373100254386537
11.7852 0.5363316156806471
11.7864 0.5353532059226404
11.78761 0.534407409823234
11.78882 0.5334616137238275
11.79002 0.5325158176244211
11.79123 0.531602635183615
11.79244 0.5306894527428087
11.79364 0.5297762703020025
11.79485 0.5288630878611963
11.79606 0.5279825190789903
11.79726 0.5271019502967843
11.79847 0.5262539951731785
11.79968 0.5254060400495727
11.80089 0.524558084925967
11.80209 0.5237427434609615
11.8033 0.5228947883373557
11.80451 0.5220794468723501
11.80571 0.5212967190659449
11.80692 0.5204813776009393
11.80813 0.519698649794534
11.80933 0.5188833083295283
11.81054 0.5181005805231231
11.81175 0.5172852390581175
11.81295 0.5165025112517122
11.81416 0.5157197834453069
11.81537 0.5149044419803013
11.81657 0.5141217141738961
11.81778 0.513371600026091
11.81899 0.5125888722196856
11.82019 0.5118061444132802
11.8214 0.5110560302654752
11.82261 0.5103059161176701
11.82381 0.5095558019698649
11.82502 0.5088056878220599
11.82623 0.508088187332855
11.82744 0.5073380731850499
11.82864 0.506620572695845
11.82985 0.5058704585480399
11.83106 0.5051529580588351
11.83226 0.5044354575696302
11.83347 0.5037505707390254
11.83468 0.5030656839084209
11.83588 0.5024134107364164
11.83709 0.5017611375644119
11.8383 0.5011088643924075
11.8395 0.5004892048790034
11.84071 0.4999021590241993
11.84192 0.49931511316939536
11.84312 0.49872806731459135
11.84433 0.49814102145978734
11.84554 0.4975865892635836
11.84674 0.49706477072598
11.84795 0.49654295218837646
11.84916 0.49602113365077294
11.85036 0.49556454243036985
11.85157 0.49510795120996676
11.85278 0.4946513599895636
11.85399 0.49422738242776076
11.85519 0.49383601852455805
11.8564 0.4934446546213554
11.85761 0.4930859043767529
11.85881 0.4927271541321505
11.86002 0.49240101754614835
11.86123 0.49207488096014607
11.86243 0.49178135803274414
11.86364 0.4914878351053421
11.86485 0.4912269258365404
11.86605 0.4909660165677386
11.86726 0.49070510729893685
11.86847 0.4905094253473355
11.86967 0.49031374339573414
11.87088 0.4901180614441328
11.87209 0.4899223794925314
11.87329 0.48975931119953037
11.8745 0.48959624290652926
11.87571 0.48943317461352814
11.87691 0.489270106320527
11.87812 0.48913965168612616
11.87933 0.48897658339312505
11.88054 0.48884612875872413
11.88174 0.488683060465723
11.88295 0.4885852194899224
11.88416 0.4884547648555214
11.88536 0.4883243102211206
11.88657 0.4882264692453199
11.88778 0.488096014610919
11.88898 0.4879655599765182
11.89019 0.48783510534211727
11.8914 0.4877046507077164
11.8926 0.4875415824147153
11.89381 0.4873785141217141
11.89502 0.48721544582871307
11.89622 0.48705237753571196
11.89743 0.48688930924271084
11.89864 0.48669362729110954
11.89984 0.48653055899810843
11.90105 0.4863348770465071
11.90226 0.4861391950949057
11.90346 0.48594351314330436
11.90467 0.48574783119170306
11.90588 0.4855521492401018
11.90709 0.4853238536299002
11.90829 0.48509555801969867
11.9095 0.48486726240949707
11.91071 0.4846389667992956
11.91191 0.4843780575304938
11.91312 0.4841497619202922
11.91433 0.48388885265149045
11.91553 0.48362794338268866
11.91674 0.48336703411388693
11.91795 0.48310612484508514
11.91915 0.4828452155762833
11.92036 0.48258430630748156
11.92157 0.48229078338007964
11.92277 0.48202987411127773
11.92398 0.4817363511838758
11.92519 0.4814754419150741
11.92639 0.48118191898767204
11.9276 0.48088839606027
11.92881 0.48059487313286803
11.93001 0.4802687365468658
11.93122 0.4799752136194638
11.93243 0.4796490770334616
11.93364 0.4792903267888592
11.93484 0.4789641902028569
11.93605 0.4786054399582545
11.93726 0.47827930337225233
11.93846 0.47792055312764986
11.93967 0.47752918922444715
11.94088 0.47717043897984474
11.94208 0.476779075076642
11.94329 0.4763877111734394
11.9445 0.4759637336116365
11.9457 0.4755397560498337
11.94691 0.4750831648294305
11.94812 0.47462657360902744
11.94932 0.47416998238862434
11.95053 0.47368077750962106
11.95174 0.4731915726306177
11.95294 0.4727023677516144
11.95415 0.4721805492140108
11.95536 0.4716587306764073
11.95657 0.47110429848020346
11.95777 0.4705498662839997
11.95898 0.4699954340877959
11.96019 0.46940838823299197
11.96139 0.46882134237818796
11.9626 0.46820168286478375
11.96381 0.46758202335137955
11.96501 0.4669297501793751
11.96622 0.4662774770073707
11.96743 0.46562520383536626
11.96863 0.4649729306633618
11.96984 0.4642880438327571
11.97105 0.4636031570021525
11.97225 0.4628856565129476
11.97346 0.462200769682343
11.97467 0.46148326919313803
11.97587 0.46076576870393315
11.97708 0.4600482682147283
11.97829 0.45929815406692326
11.97949 0.45854803991911813
11.9807 0.457797925771313
11.98191 0.4570478116235079
11.98312 0.45626508381710257
11.98432 0.45551496966929744
11.98553 0.45476485552149243
11.98674 0.45398212771508706
11.98794 0.453232013567282
11.98915 0.45248189941947686
11.99036 0.45173178527167174
11.99156 0.4509816711238666
11.99277 0.45019894331746135
11.99398 0.4494488291696562
11.99518 0.44869871502185116
11.99639 0.4479159872154458
11.9976 0.4471658730676408
11.9988 0.44641575891983565
12.00001 0.4456656447720305
12.00122 0.44491553062422545
12.00242 0.4441980301350205
12.00363 0.44344791598721545
12.00484 0.44273041549801057
12.00604 0.44201291500880574
12.00725 0.4412628008610006
12.00846 0.44054530037179573
12.00967 0.43982779988259085
12.01087 0.43911029939338597
12.01208 0.4383927989041811
12.01329 0.4376752984149762
12.01449 0.4369577979257713
12.0157 0.4362402974365664
12.01691 0.4355227969473615
12.01811 0.43480529645815663
12.01932 0.4340877959689518
12.02053 0.4333702954797469
12.02173 0.43265279499054204
12.02294 0.43193529450133716
12.02415 0.4312177940121323
12.02535 0.4305002935229274
12.02656 0.4297827930337225
12.02777 0.4290652925445177
12.02897 0.4283477920553128
12.03018 0.4276302915661078
12.03139 0.42691279107690294
12.03259 0.4261952905876981
12.0338 0.42547779009849324
12.03501 0.42472767595068817
12.03622 0.42401017546148323
12.03742 0.42329267497227835
12.03863 0.42254256082447333
12.03984 0.42182506033526845
12.04104 0.4211075598460636
12.04225 0.4203900593568586
12.04346 0.41967255886765376
12.04466 0.4189550583784489
12.04587 0.418237557889244
12.04708 0.4175200574000391
12.04828 0.41680255691083423
12.04949 0.41608505642162935
12.0507 0.41536755593242447
12.0519 0.4146826691018199
12.05311 0.4139651686126149
12.05432 0.4132802817820103
12.05552 0.4125953949514057
12.05673 0.411910508120801
12.05794 0.41122562129019635
12.05914 0.41054073445959166
12.06035 0.4098884612875872
12.06156 0.4092361881155828
12.06277 0.4085839149435784
12.06397 0.4079316417715739
12.06518 0.40727936859956954
12.06639 0.4066597090861653
12.06759 0.40600743591416083
12.0688 0.4053877764007566
12.07001 0.4047681168873524
12.07121 0.4041484573739482
12.07242 0.403528797860544
12.07363 0.40290913834713976
12.07483 0.4023220924923358
12.07604 0.4017350466375318
12.07725 0.4011480007827278
12.07845 0.4005609549279238
12.07966 0.40000652273172005
12.08087 0.39941947687691604
12.08207 0.3988650446807123
12.08328 0.3982779988259083
12.08449 0.39772356662970454
12.08569 0.3971365207749005
12.0869 0.39658208857869676
12.08811 0.39599504272389274
12.08932 0.395440610527689
12.09052 0.3948861783314852
12.09173 0.39433174613528144
12.09294 0.39377731393907767
12.09414 0.3932228817428739
12.09535 0.3926358358880699
12.09656 0.3920814036918661
12.09776 0.3915269714956624
12.09897 0.39097253929945863
12.10018 0.3904181071032548
12.10138 0.38983106124845085
12.10259 0.3892766290522471
12.1038 0.38868958319744307
12.105 0.38813515100123935
12.10621 0.38754810514643534
12.10742 0.38699367295023157
12.10862 0.38640662709542756
12.10983 0.3858521948992238
12.11104 0.3852651490444198
12.11224 0.384710716848216
12.11345 0.38412367099341205
12.11466 0.3835692387972083
12.11587 0.3829821929424043
12.11707 0.3824277607462005
12.11828 0.3818733285499967
12.11949 0.38128628269519277
12.12069 0.38073185049898894
12.1219 0.380144804644185
12.12311 0.37959037244798116
12.12431 0.37903594025177745
12.12552 0.3784815080555737
12.12673 0.3779270758593699
12.12793 0.3773726436631661
12.12914 0.37681821146696237
12.13035 0.3762963929293588
12.13155 0.3757419607331551
12.13276 0.3752201421955515
12.13397 0.374698323657948
12.13517 0.3741765051203444
12.13638 0.37365468658274087
12.13759 0.3731328680451373
12.13879 0.37264366316613395
12.14 0.37212184462853043
12.14121 0.3716326397495271
12.14242 0.37111082121192357
12.14362 0.37062161633292023
12.14483 0.3701324114539169
12.14604 0.3696758202335138
12.14724 0.3691866153545105
12.14845 0.3687300241341073
12.14966 0.36824081925510405
12.15086 0.3677842280347009
12.15207 0.3673276368142978
12.15328 0.3668710455938947
12.15448 0.3663818407148914
12.15569 0.3659252494944883
12.1569 0.3654686582740852
12.1581 0.3650120670536821
12.15931 0.3645228621746787
12.16052 0.36406627095427563
12.16172 0.36360967973387254
12.16293 0.36315308851346945
12.16414 0.36269649729306636
12.16535 0.3622399060726632
12.16655 0.3617833148522601
12.16776 0.361326723631857
12.16897 0.3608375187528537
12.17017 0.3603809275324506
12.17138 0.35992433631204745
12.17259 0.3594351314330442
12.17379 0.35894592655404084
12.175 0.35848933533363775
12.17621 0.3580001304546344
12.17741 0.3575109255756311
12.17862 0.35702172069662774
12.17983 0.3565325158176244
12.18103 0.3560433109386211
12.18224 0.3555541060596178
12.18345 0.3550649011806144
12.18465 0.3545756963016111
12.18586 0.3540864914226078
12.18707 0.35359728654360445
12.18827 0.35310808166460117
12.18948 0.3526188767855978
12.19069 0.35212967190659444
12.1919 0.35164046702759116
12.1931 0.35115126214858783
12.19431 0.3506620572695845
12.19552 0.35017285239058116
12.19672 0.34971626117017807
12.19793 0.34922705629117473
12.19914 0.34877046507077164
12.20034 0.34831387385036855
12.20155 0.34785728262996546
12.20276 0.34743330506816256
12.20396 0.3469767138477594
12.20517 0.3465527362859565
12.20638 0.34612875872415366
12.20758 0.34567216750375057
12.20879 0.34524818994194767
12.21 0.344856826038745
12.2112 0.3444328484769421
12.21241 0.34400887091513926
12.21362 0.3436175070119366
12.21482 0.34322614310873395
12.21603 0.3428347792055313
12.21724 0.3424434153023286
12.21845 0.34208466505772617
12.21965 0.3416933011545235
12.22086 0.3413345509099211
12.22207 0.34097580066531863
12.22327 0.3406170504207162
12.22448 0.3402256865175135
12.22569 0.3398669362729111
12.22689 0.3395081860283086
12.2281 0.3391494357837062
12.22931 0.3387906855391038
12.23051 0.33843193529450133
12.23172 0.3380731850498989
12.23293 0.33771443480529645
12.23413 0.33735568456069404
12.23534 0.33699693431609157
12.23655 0.33663818407148915
12.23775 0.3362794338268867
12.23896 0.3359206835822842
12.24017 0.3355619333376818
12.24137 0.3352031830930794
12.24258 0.33481181918987674
12.24379 0.33445306894527427
12.245 0.3340617050420716
12.2462 0.33370295479746914
12.24741 0.3333115908942665
12.24862 0.3329202269910639
12.24982 0.33252886308786117
12.25103 0.33217011284325876
12.25224 0.3317787489400561
12.25344 0.33138738503685344
12.25465 0.3309960211336508
12.25586 0.33060465723044813
12.25706 0.33021329332724547
12.25827 0.32982192942404276
12.25948 0.32943056552084016
12.26068 0.32903920161763744
12.26189 0.3286478377144348
12.2631 0.32825647381123213
12.2643 0.3278651099080295
12.26551 0.3274737460048268
12.26672 0.32708238210162416
12.26792 0.3266910181984215
12.26913 0.32629965429521884
12.27034 0.3259409040506164
12.27155 0.3255495401474138
12.27275 0.32519078990281125
12.27396 0.32483203965820884
12.27517 0.3244732894136064
12.27637 0.32411453916900396
12.27758 0.32375578892440154
12.27879 0.3234296523383993
12.27999 0.32307090209379685
12.2812 0.3227447655077947
12.28241 0.32241862892179246
12.28361 0.32209249233579024
12.28482 0.321766355749788
12.28603 0.32147283282238603
12.28723 0.3211466962363838
12.28844 0.3208531733089818
12.28965 0.3205596503815798
12.29085 0.3202661274541778
12.29206 0.32000521818537603
12.29327 0.31971169525797405
12.29447 0.31945078598917226
12.29568 0.31918987672037047
12.29689 0.31892896745156873
12.2981 0.3186354445241667
12.2993 0.31837453525536497
12.30051 0.3181136259865632
12.30172 0.3178527167177614
12.30292 0.3175918074489596
12.30413 0.31733089818015786
12.30534 0.31706998891135607
12.30654 0.31680907964255434
12.30775 0.3165481703737525
12.30896 0.31628726110495076
12.31016 0.31602635183614897
12.31137 0.31576544256734723
12.31258 0.31550453329854544
12.31378 0.31524362402974365
12.31499 0.3149501011023417
12.3162 0.3146891918335399
12.3174 0.3143956689061379
12.31861 0.3141021459787359
12.31982 0.3138086230513339
12.32102 0.31351510012393186
12.32223 0.3132215771965299
12.32344 0.3129280542691279
12.32465 0.3126345313417259
12.32585 0.3123083947557237
12.32706 0.3120148718283217
12.32827 0.3117213489009197
12.32947 0.31139521231491746
12.33068 0.3111016893875155
12.33189 0.31077555280151326
12.33309 0.31044941621551103
12.3343 0.31015589328810905
12.33551 0.30982975670210683
12.33671 0.3095036201161046
12.33792 0.3091774835301024
12.33913 0.3088513469441002
12.34033 0.308525210358098
12.34154 0.30819907377209577
12.34275 0.30790555084469373
12.34395 0.30757941425869156
12.34516 0.30728589133128953
12.34637 0.30699236840388755
12.34757 0.30669884547648557
12.34878 0.3064053225490836
12.34999 0.30611179962168156
12.3512 0.3058182766942796
12.3524 0.30552475376687754
12.35361 0.3052638444980758
12.35482 0.3049703215706738
12.35602 0.3046767986432718
12.35723 0.30441588937447006
12.35844 0.3041549801056682
12.35964 0.3038940708368665
12.36085 0.3036331615680647
12.36206 0.30337225229926296
12.36326 0.3031439566890614
12.36447 0.30288304742025957
12.36568 0.302654751810058
12.36688 0.3023938425412563
12.36809 0.3021655469310547
12.3693 0.30193725132085314
12.3705 0.3017089557106516
12.37171 0.30148066010045005
12.37292 0.3012523644902485
12.37413 0.3009914552214467
12.37533 0.30076315961124517
12.37654 0.3005348640010436
12.37775 0.3003065683908421
12.37895 0.30007827278064053
12.38016 0.29984997717043893
12.38137 0.2996216815602374
12.38257 0.2993933859500359
12.38378 0.29916509033983435
12.38499 0.2989367947296328
12.38619 0.2987084991194312
12.3874 0.29848020350922966
12.38861 0.2982519078990281
12.38981 0.2979909986302264
12.39102 0.2977627030200248
12.39223 0.297501793751223
12.39343 0.29724088448242125
12.39464 0.29697997521361946
12.39585 0.29671906594481773
12.39705 0.2964907703346161
12.39826 0.29619724740721415
12.39947 0.29593633813841236
12.40068 0.2956754288696106
12.40188 0.2954145196008088
12.40309 0.29515361033200704
12.4043 0.29486008740460506
12.4055 0.2945991781358033
12.40671 0.2943056552084013
12.40792 0.29401213228099926
12.40912 0.2937186093535973
12.41033 0.29342508642619525
12.41154 0.2931315634987933
12.41274 0.2928380405713913
12.41395 0.2925445176439893
12.41516 0.2922509947165873
12.41636 0.2919574717891853
12.41757 0.29169656252038356
12.41878 0.2914030395929815
12.41998 0.2911421303241798
12.42119 0.29084860739677776
12.4224 0.2905550844693758
12.4236 0.290294175200574
12.42481 0.290000652273172
12.42602 0.2897397430043702
12.42723 0.2894788337355685
12.42843 0.28921792446676664
12.42964 0.2889244015393647
12.43085 0.2886961059291631
12.43205 0.2884351966603614
12.43326 0.28817428739155954
12.43447 0.287945991781358
12.43567 0.2877176961711565
12.43688 0.28748940056095496
12.43809 0.2872611049507534
12.43929 0.2870328093405518
12.4405 0.28680451373035026
12.44171 0.28660883177874896
12.44291 0.2864131498271476
12.44412 0.28618485421694606
12.44533 0.28598917226534476
12.44653 0.2857934903137434
12.44774 0.28559780836214205
12.44895 0.2853695127519405
12.45015 0.2851738308003392
12.45136 0.28501076250733803
12.45257 0.28481508055573673
12.45378 0.28461939860413543
12.45498 0.2844563303111343
12.45619 0.28426064835953296
12.4574 0.2840975800665319
12.4586 0.28390189811493055
12.45981 0.2837388298219294
12.46102 0.2835431478703281
12.46222 0.2833474659187268
12.46343 0.2831517839671254
12.46464 0.2829561020155241
12.46584 0.2827278064053226
12.46705 0.2825321244537212
12.46826 0.28233644250211987
12.46946 0.2821081468919183
12.47067 0.2818798512817168
12.47188 0.2816841693301155
12.47308 0.28145587371991393
12.47429 0.28122757810971233
12.4755 0.2809992824995108
12.4767 0.28077098688930924
12.47791 0.2805426912791077
12.47912 0.28031439566890615
12.48033 0.28005348640010436
12.48153 0.2797925771313026
12.48274 0.2795316678625008
12.48395 0.27927075859369904
12.48515 0.27900984932489725
12.48636 0.2787489400560955
12.48757 0.27848803078729367
12.48877 0.27822712151849194
12.48998 0.27793359859108996
12.49119 0.27767268932228817
12.49239 0.2774443937120866
12.4936 0.27718348444328483
12.49481 0.2769551888330833
12.49601 0.2766942795642815
12.49722 0.27646598395407995
12.49843 0.2762376883438784
12.49963 0.2759767790750766
12.50084 0.27574848346487507
12.50205 0.2755201878546735
12.50325 0.275291892244472
12.50446 0.2750962102928706
12.50567 0.2748679146826691
12.50688 0.27463961907246753
12.50808 0.27444393712086623
12.50929 0.2742482551692649
12.5105 0.2740525732176635
12.5117 0.27388950492466246
12.51291 0.27372643663166135
12.51412 0.27353075468006
12.51532 0.27336768638705894
12.51653 0.27320461809405777
12.51774 0.2730741634596569
12.51894 0.2729110951666558
12.52015 0.2727480268736547
12.52136 0.2725523449220534
12.52256 0.2723892766290522
12.52377 0.2721935946774509
12.52498 0.2720305263844498
12.52618 0.27183484443284844
12.52739 0.27163916248124714
12.5286 0.27147609418824603
12.5298 0.27128041223664473
12.53101 0.2710847302850434
12.53222 0.270889048333442
12.53343 0.2706933663818407
12.53463 0.27046507077163917
12.53584 0.2702693888200378
12.53705 0.27004109320983627
12.53825 0.2698127975996347
12.53946 0.26955188833083293
12.54067 0.2693235927206314
12.54187 0.26903006979322935
12.54308 0.2687691605244276
12.54429 0.26850825125562583
12.54549 0.26821472832822385
12.5467 0.26792120540082187
12.54791 0.26762768247341984
12.54911 0.26733415954601786
12.55032 0.2670406366186159
12.55153 0.2667471136912139
12.55273 0.2664209771052117
12.55394 0.2661274541778097
12.55515 0.26583393125040766
12.55635 0.2655404083230057
12.55756 0.26521427173700346
12.55877 0.2649207488096014
12.55998 0.2645946122235992
12.56118 0.2643010892961972
12.56239 0.263974952710195
12.5636 0.2636488161241928
12.5648 0.2633552931967908
12.56601 0.2630617702693888
12.56722 0.2627356336833866
12.56842 0.2624421107559846
12.56963 0.2621812014871828
12.57084 0.26188767855978085
12.57204 0.26162676929097906
12.57325 0.2613658600221773
12.57446 0.2610723370947753
12.57566 0.2608114278259735
12.57687 0.26055051855717176
12.57808 0.2603222229469702
12.57928 0.2600613136781684
12.58049 0.25980040440936664
12.5817 0.2595721087991651
12.58291 0.2593111995303633
12.58411 0.25908290392016176
12.58532 0.25882199465135997
12.58653 0.2585936990411584
12.58773 0.2583654034309569
12.58894 0.25813710782075533
12.59015 0.2579088122105538
12.59135 0.2577131302589525
12.59256 0.25748483464875094
12.59377 0.25725653903854934
12.59497 0.2570282434283478
12.59618 0.25683256147674643
12.59739 0.2566042658665449
12.59859 0.25634335659774315
12.5998 0.2561150609875416
12.60101 0.25588676537734
12.60221 0.2556258561085383
12.60342 0.25539756049833673
12.60463 0.2551366512295349
12.60583 0.25490835561933334
12.60704 0.2546474463505316
12.60825 0.2543865370817298
12.60946 0.2541256278129281
12.61066 0.2538647185441263
12.61187 0.2536038092753245
12.61308 0.2533102863479225
12.61428 0.25304937707912073
12.61549 0.25275585415171875
12.6167 0.25246233122431677
12.6179 0.25216880829691474
12.61911 0.2518752853695127
12.62032 0.25154914878351053
12.62152 0.2512230121975083
12.62273 0.2509294892701063
12.62394 0.2506033526841041
12.62514 0.2502772160981019
12.62635 0.24995107951209966
12.62756 0.24962494292609744
12.62876 0.249266192681495
12.62997 0.24894005609549277
12.63118 0.24858130585089033
12.63238 0.2482551692648881
12.63359 0.24789641902028567
12.6348 0.24753766877568323
12.63601 0.2471789185310808
12.63721 0.24682016828647838
12.63842 0.24642880438327572
12.63963 0.24607005413867328
12.64083 0.24571130389407084
12.64204 0.24531993999086815
12.64325 0.2449611897462657
12.64445 0.24460243950166327
12.64566 0.24424368925706086
12.64687 0.24388493901245842
12.64807 0.24352618876785598
12.64928 0.24316743852325354
12.65049 0.2428086882786511
12.65169 0.24244993803404866
12.6529 0.24209118778944624
12.65411 0.241765051203444
12.65531 0.24140630095884158
12.65652 0.24104755071423914
12.65773 0.24072141412823692
12.65893 0.24036266388363448
12.66014 0.24003652729763225
12.66135 0.23971039071163003
12.66256 0.23938425412562783
12.66376 0.2390581175396256
12.66497 0.23876459461222357
12.66618 0.23847107168482162
12.66738 0.2381775487574196
12.66859 0.23785141217141736
12.6698 0.23755788924401539
12.671 0.23729697997521362
12.67221 0.23700345704781162
12.67342 0.23670993412040964
12.67462 0.23641641119300763
12.67583 0.23612288826560565
12.67704 0.23582936533820364
12.67824 0.23553584241080167
12.67945 0.23527493314199985
12.68066 0.23498141021459787
12.68186 0.2347205009457961
12.68307 0.2344269780183941
12.68428 0.23416606874959234
12.68548 0.23387254582219033
12.68669 0.23357902289478835
12.6879 0.2333181136259866
12.68911 0.23302459069858455
12.69031 0.2327310677711826
12.69152 0.23243754484378057
12.69273 0.23211140825777835
12.69393 0.23178527167177612
12.69514 0.23149174874437414
12.69635 0.23116561215837192
12.69755 0.23080686191376948
12.69876 0.23048072532776726
12.69997 0.23015458874176503
12.70117 0.2297958384971626
12.70238 0.22946970191116042
12.70359 0.22911095166655798
12.70479 0.2287522014219555
12.706 0.22839345117735305
12.70721 0.22803470093275063
12.70841 0.2276759506881482
12.70962 0.22731720044354575
12.71083 0.2269258365403431
12.71203 0.2265344726371404
12.71324 0.22614310873393775
12.71445 0.22575174483073512
12.71566 0.22536038092753244
12.71686 0.22496901702432978
12.71807 0.22454503946252688
12.71928 0.22415367555932425
12.72048 0.2237623116561216
12.72169 0.2233709477529189
12.7229 0.22297958384971625
12.7241 0.22258821994651362
12.72531 0.22222946970191118
12.72652 0.2218381057987085
12.72772 0.22144674189550584
12.72893 0.2210553779923032
12.73014 0.2206640140891005
12.73134 0.22030526384449806
12.73255 0.21991389994129543
12.73376 0.21955514969669299
12.73496 0.2191637857934903
12.73617 0.21880503554888786
12.73738 0.21844628530428542
12.73858 0.21808753505968298
12.73979 0.21772878481508054
12.741 0.21740264822907832
12.74221 0.2170765116430761
12.74341 0.21675037505707392
12.74462 0.2164242384710717
12.74583 0.21609810188506945
12.74703 0.21577196529906723
12.74824 0.215445828713065
12.74945 0.21515230578566302
12.75065 0.2148261691996608
12.75186 0.21453264627225885
12.75307 0.2142065096862566
12.75427 0.21388037310025437
12.75548 0.21355423651425215
12.75669 0.21326071358685017
12.75789 0.21293457700084795
12.7591 0.21264105407344594
12.76031 0.21231491748744374
12.76151 0.21202139456004174
12.76272 0.2116952579740395
12.76393 0.21140173504663753
12.76513 0.2110755984606353
12.76634 0.2107494618746331
12.76755 0.21042332528863086
12.76876 0.21009718870262867
12.76996 0.20973843845802623
12.77117 0.209412301872024
12.77238 0.20905355162742156
12.77358 0.20869480138281915
12.77479 0.20830343747961644
12.776 0.20794468723501403
12.7772 0.20755332333181137
12.77841 0.20716195942860868
12.77962 0.20677059552540603
12.78082 0.2063792316222034
12.78203 0.20598786771900068
12.78324 0.20559650381579805
12.78444 0.2052051399125954
12.78565 0.2048137760093927
12.78686 0.20442241210619008
12.78806 0.20399843454438718
12.78927 0.2035744569825843
12.79048 0.20318309307938165
12.79169 0.20275911551757878
12.79289 0.20233513795577587
12.7941 0.20187854673537275
12.79531 0.20145456917356988
12.79651 0.201030591611767
12.79772 0.20060661404996413
12.79893 0.20021525014676148
12.80013 0.19979127258495857
12.80134 0.19939990868175592
12.80255 0.19897593111995304
12.80375 0.19858456721675039
12.80496 0.1981932033135477
12.80617 0.19783445306894526
12.80737 0.1974430891657426
12.80858 0.19705172526253995
12.80979 0.1966929750179375
12.81099 0.19630161111473485
12.8122 0.1959428608701324
12.81341 0.19558411062552997
12.81461 0.19522536038092753
12.81582 0.19486661013632509
12.81703 0.19450785989172265
12.81824 0.1941491096471202
12.81944 0.19382297306111798
12.82065 0.19349683647511579
12.82186 0.19317069988911356
12.82306 0.19284456330311134
12.82427 0.19251842671710911
12.82548 0.19219229013110692
12.82668 0.1918987672037049
12.82789 0.1915726306177027
12.8291 0.1912791076903007
12.8303 0.19095297110429846
12.83151 0.19062683451829626
12.83272 0.19030069793229404
12.83392 0.18997456134629184
12.83513 0.18964842476028962
12.83634 0.18932228817428737
12.83754 0.18899615158828517
12.83875 0.18867001500228295
12.83996 0.18834387841628075
12.84116 0.18801774183027853
12.84237 0.18769160524427628
12.84358 0.18736546865827408
12.84479 0.18700671841367164
12.84599 0.18668058182766942
12.8472 0.18632183158306698
12.84841 0.18596308133846456
12.84961 0.18557171743526188
12.85082 0.18521296719065944
12.85203 0.18482160328745678
12.85323 0.18443023938425412
12.85444 0.18403887548105147
12.85565 0.1836475115778488
12.85685 0.18325614767464612
12.85806 0.1828647837714435
12.85927 0.1824408062096406
12.86047 0.18201682864783772
12.86168 0.18159285108603482
12.86289 0.18120148718283216
12.86409 0.1807775096210293
12.8653 0.18032091840062617
12.86651 0.1798969408388233
12.86771 0.17947296327702042
12.86892 0.1790163720566173
12.87013 0.1785597808362142
12.87134 0.1781031896158111
12.87254 0.17764659839540797
12.87375 0.1771900071750049
12.87496 0.1767334159546018
12.87616 0.17627682473419867
12.87737 0.17582023351379558
12.87858 0.17536364229339246
12.87978 0.17490705107298934
12.88099 0.17445045985258628
12.8822 0.17399386863218316
12.8834 0.1735698910703803
12.88461 0.17311329984997717
12.88582 0.17265670862957408
12.88702 0.17220011740917096
12.88823 0.1717761398473681
12.88944 0.17131954862696497
12.89064 0.1708955710651621
12.89185 0.17043897984475898
12.89306 0.1700150022829561
12.89426 0.1695910247211532
12.89547 0.16916704715935033
12.89668 0.16874306959754745
12.89789 0.1683517056943448
12.89909 0.1679603417911421
12.9003 0.16756897788793948
12.90151 0.1671776139847368
12.90271 0.16678625008153414
12.90392 0.1664274998369317
12.90513 0.16603613593372904
12.90633 0.1656773856891266
12.90754 0.16531863544452416
12.90875 0.16495988519992172
12.90995 0.16460113495531928
12.91116 0.16424238471071687
12.91237 0.16388363446611443
12.91357 0.16352488422151196
12.91478 0.16316613397690952
12.91599 0.16280738373230708
12.91719 0.16244863348770464
12.9184 0.1621224969017024
12.91961 0.1617637466571
12.92081 0.16143761007109778
12.92202 0.16111147348509555
12.92323 0.1607527232404931
12.92444 0.1604265866544909
12.92564 0.16006783640988845
12.92685 0.159709086165286
12.92806 0.15938294957928378
12.92926 0.15902419933468134
12.93047 0.1586328354314787
12.93168 0.15827408518687625
12.93288 0.1579153349422738
12.93409 0.15752397103907118
12.9353 0.1571652207944687
12.9365 0.15677385689126608
12.93771 0.1563824929880634
12.93892 0.15599112908486074
12.94012 0.15559976518165808
12.94133 0.15520840127845542
12.94254 0.15481703737525274
12.94374 0.1544256734720501
12.94495 0.1540016959102472
12.94616 0.15361033200704455
12.94736 0.15318635444524165
12.94857 0.15276237688343877
12.94978 0.1523383993216359
12.95099 0.15191442175983302
12.95219 0.15149044419803012
12.9534 0.15106646663622725
12.95461 0.15060987541582413
12.95581 0.15018589785402126
12.95702 0.14972930663361816
12.95823 0.1493053290718153
12.95943 0.1488813515100124
12.96064 0.1484247602896093
12.96185 0.1480007827278064
12.96305 0.14757680516600352
12.96426 0.14715282760420065
12.96547 0.14669623638379753
12.96667 0.14627225882199466
12.96788 0.14584828126019178
12.96909 0.14542430369838888
12.97029 0.1449677124779858
12.9715 0.1445437349161829
12.97271 0.14411975735438
12.97391 0.14369577979257714
12.97512 0.14327180223077424
12.97633 0.14284782466897136
12.97754 0.14245646076576868
12.97874 0.14206509686256605
12.97995 0.14164111930076317
12.98116 0.1412497553975605
12.98236 0.14085839149435783
12.98357 0.14046702759115517
12.98478 0.14010827734655273
12.98598 0.13971691344335008
12.98719 0.13932554954014742
12.9884 0.13896679929554498
12.9896 0.13857543539234232
12.99081 0.13821668514773988
12.99202 0.13785793490313744
12.99322 0.13746657099993478
12.99443 0.13710782075533234
12.99564 0.1367490705107299
12.99684 0.13639032026612746
12.99805 0.136031570021525
12.99926 0.1357054334355228
13.00047 0.13534668319092036
13.00167 0.13498793294631792
13.00288 0.1346617963603157
13.00409 0.13430304611571325
13.00529 0.13397690952971103
13.0065 0.1336181592851086
13.00771 0.13325940904050618
13.00891 0.13290065879590374
13.01012 0.1325419085513013
13.01133 0.13218315830669883
13.01253 0.1318244080620964
13.01374 0.13143304415889376
13.01495 0.1310742939142913
13.01615 0.13068293001108866
13.01736 0.13032417976648622
13.01857 0.12993281586328354
13.01977 0.12954145196008088
13.02098 0.12915008805687822
13.02219 0.12875872415367556
13.02339 0.1283673602504729
13.0246 0.12797599634727022
13.02581 0.12755201878546735
13.02702 0.1271606548822647
13.02822 0.12673667732046182
13.02943 0.12631269975865891
13.03064 0.12585610853825582
13.03184 0.12543213097645295
13.03305 0.12497553975604983
13.03426 0.12451894853564673
13.03546 0.12409497097384385
13.03667 0.12363837975344073
13.03788 0.12318178853303763
13.03908 0.12272519731263452
13.04029 0.12230121975083164
13.0415 0.12184462853042853
13.0427 0.12142065096862566
13.04391 0.12099667340682278
13.04512 0.12054008218641966
13.04632 0.12011610462461679
13.04753 0.11969212706281392
13.04874 0.11926814950101101
13.04994 0.11884417193920814
13.05115 0.11842019437740527
13.05236 0.11799621681560236
13.05357 0.11760485291239972
13.05477 0.11718087535059682
13.05598 0.11678951144739418
13.05719 0.1163981475441915
13.05839 0.11600678364098883
13.0596 0.11561541973778619
13.06081 0.11525666949318375
13.06201 0.1148979192485813
13.06322 0.11453916900397886
13.06443 0.11421303241797666
13.06563 0.11388689583197442
13.06684 0.1135607592459722
13.06805 0.11323462265997
13.06925 0.11290848607396776
13.07046 0.11258234948796557
13.07167 0.11228882656056358
13.07287 0.11196268997456134
13.07408 0.11163655338855911
13.07529 0.1113104168025569
13.07649 0.11101689387515491
13.0777 0.11069075728915269
13.07891 0.11036462070315048
13.08012 0.11003848411714826
13.08132 0.10974496118974626
13.08253 0.10941882460374405
13.08374 0.10912530167634205
13.08494 0.10883177874894004
13.08615 0.10850564216293784
13.08736 0.10817950557693562
13.08856 0.10788598264953361
13.08977 0.10755984606353142
13.09098 0.1072337094775292
13.09218 0.10687495923292675
13.09339 0.10654882264692453
13.0946 0.10619007240232209
13.0958 0.10586393581631988
13.09701 0.10550518557171742
13.09822 0.10514643532711498
13.09942 0.10475507142391234
13.10063 0.10439632117930989
13.10184 0.10403757093470745
13.10304 0.1036462070315048
13.10425 0.10328745678690235
13.10546 0.10289609288369969
13.10667 0.10250472898049703
13.10787 0.1021459787358946
13.10908 0.10175461483269192
13.11029 0.10136325092948927
13.11149 0.10097188702628661
13.1127 0.10058052312308395
13.11391 0.1001891592198813
13.11511 0.0997651816580784
13.11632 0.09937381775487575
13.11753 0.09894984019307286
13.11873 0.0985584762898702
13.11994 0.09813449872806732
13.12115 0.09774313482486466
13.12235 0.097351770921662
13.12356 0.09692779335985911
13.12477 0.09653642945665646
13.12597 0.09614506555345378
13.12718 0.09575370165025113
13.12839 0.09536233774704846
13.12959 0.0949709738438458
13.1308 0.09457960994064314
13.13201 0.09418824603744047
13.13322 0.09379688213423783
13.13442 0.09343813188963537
13.13563 0.09304676798643272
13.13684 0.09265540408323006
13.13804 0.09229665383862762
13.13925 0.09190528993542496
13.14046 0.09154653969082252
13.14166 0.09118778944622007
13.14287 0.09082903920161764
13.14408 0.09050290261561542
13.14528 0.09014415237101299
13.14649 0.08981801578501075
13.1477 0.08949187919900854
13.1489 0.08916574261300632
13.15011 0.08883960602700411
13.15132 0.0885134694410019
13.15252 0.08821994651359989
13.15373 0.08789380992759768
13.15494 0.08760028700019568
13.15614 0.08727415041419347
13.15735 0.08698062748679146
13.15856 0.08665449090078925
13.15977 0.08636096797338726
13.16097 0.08606744504598526
13.16218 0.08574130845998304
13.16339 0.08544778553258105
13.16459 0.08515426260517905
13.1658 0.08489335333637728
13.16701 0.08459983040897529
13.16821 0.08430630748157329
13.16942 0.08401278455417129
13.17063 0.08371926162676928
13.17183 0.08342573869936729
13.17304 0.08313221577196529
13.17425 0.0828386928445633
13.17545 0.08251255625856108
13.17666 0.08221903333115908
13.17787 0.08189289674515687
13.17907 0.08156676015915465
13.18028 0.08120800991455221
13.18149 0.08088187332855
13.18269 0.08055573674254778
13.1839 0.08019698649794534
13.18511 0.07987084991194313
13.18632 0.07951209966734067
13.18752 0.07918596308133846
13.18873 0.07882721283673602
13.18994 0.0784684625921336
13.19114 0.07810971234753114
13.19235 0.0777509621029287
13.19356 0.07739221185832627
13.19476 0.07703346161372382
13.19597 0.07664209771052116
13.19718 0.07628334746591874
13.19838 0.07589198356271606
13.19959 0.07550061965951341
13.2008 0.07514186941491097
13.202 0.0747505055117083
13.20321 0.07435914160850564
13.20442 0.07396777770530298
13.20562 0.07360902746070054
13.20683 0.07321766355749788
13.20804 0.07285891331289543
13.20924 0.072500163068293
13.21045 0.07214141282369056
13.21166 0.07178266257908812
13.21287 0.07142391233448568
13.21407 0.07106516208988324
13.21528 0.0707064118452808
13.21649 0.07034766160067836
13.21769 0.07002152501467615
13.2189 0.06966277477007371
13.22011 0.06933663818407149
13.22131 0.06897788793946905
13.22252 0.06865175135346682
13.22373 0.06832561476746461
13.22493 0.0679994781814624
13.22614 0.06767334159546018
13.22735 0.06737981866805819
13.22855 0.06705368208205596
13.22976 0.06676015915465397
13.23097 0.06646663622725196
13.23217 0.06617311329984997
13.23338 0.06587959037244798
13.23459 0.06558606744504598
13.2358 0.06529254451764399
13.237 0.06503163524884222
13.23821 0.06473811232144022
13.23942 0.06447720305263845
13.24062 0.06418368012523645
13.24183 0.06392277085643468
13.24304 0.06362924792903267
13.24424 0.06336833866023091
13.24545 0.0630748157328289
13.24666 0.06281390646402712
13.24786 0.06255299719522536
13.24907 0.06229208792642358
13.25028 0.06203117865762181
13.25148 0.061770269388820034
13.25269 0.06150936012001826
13.2539 0.061248450851216496
13.2551 0.06098754158241472
13.25631 0.060726632313612944
13.25752 0.06043310938621095
13.25872 0.060172200117409175
13.25993 0.0599112908486074
13.26114 0.059617767921205406
13.26235 0.05935685865240363
13.26355 0.05906333572500164
13.26476 0.05880242645619986
13.26597 0.05850890352879786
13.26717 0.05824799425999609
13.26838 0.05795447133259409
13.26959 0.057693562063792315
13.27079 0.05740003913639032
13.272 0.05710651620898833
13.27321 0.05681299328158633
13.27441 0.05655208401278456
13.27562 0.05625856108538256
13.27683 0.05596503815798057
13.27803 0.05567151523057856
13.27924 0.05537799230317657
13.28045 0.05505185571717435
13.28165 0.05475833278977235
13.28286 0.05446480986237036
13.28407 0.05413867327636814
13.28527 0.05384515034896615
13.28648 0.05351901376296393
13.28769 0.05322549083556194
13.2889 0.05293196790815994
13.2901 0.052605831322157716
13.29131 0.052312308394755716
13.29252 0.05201878546735372
13.29372 0.05175787619855195
13.29493 0.051464353271149954
13.29614 0.05120344400234818
13.29734 0.05090992107494619
13.29855 0.050649011806144416
13.29976 0.050355488878742416
13.30096 0.05009457960994065
13.30217 0.04983367034113887
13.30338 0.049572761072337095
13.30458 0.04931185180353532
13.30579 0.04905094253473354
13.307 0.048790033265931766
13.3082 0.04856173765573022
13.30941 0.04833344204552867
13.31062 0.04810514643532711
13.31182 0.04790946448372578
13.31303 0.04768116887352423
13.31424 0.04751810058052312
13.31545 0.047322418628921795
13.31665 0.04712673667732046
13.31786 0.046963668384319354
13.31907 0.04680060009131824
13.32027 0.04663753179831714
13.32148 0.046474463505316026
13.32269 0.04634400887091514
13.32389 0.04618094057791403
13.3251 0.046050485943513145
13.32631 0.04592003130911226
13.32751 0.04575696301611115
13.32872 0.045626508381710264
13.32993 0.045496053747309376
13.33113 0.04536559911290849
13.33234 0.04526775813710782
13.33355 0.045137303502706935
13.33475 0.045039462526906264
13.33596 0.044909007892505376
13.33717 0.04481116691670472
13.33837 0.04471332594090405
13.33958 0.04461548496510338
13.34079 0.04451764398930272
13.342 0.044419803013502054
13.3432 0.044289348379101166
13.34441 0.0441915074033005
13.34562 0.04409366642749984
13.34682 0.04396321179309895
13.34803 0.043865370817298285
13.34924 0.0437349161828974
13.35044 0.04360446154849651
13.35165 0.043506620572695845
13.35286 0.04337616593829496
13.35406 0.04324571130389407
13.35527 0.043147870328093405
13.35648 0.043017415693692516
13.35768 0.04288696105929163
13.35889 0.04275650642489075
13.3601 0.042658665449090076
13.3613 0.04252821081468919
13.36251 0.0423977561802883
13.36372 0.04229991520448764
13.36492 0.042169460570086754
13.36613 0.042039005935685866
13.36734 0.04190855130128498
13.36855 0.041810710325484314
13.36975 0.041680255691083426
13.37096 0.04154980105668254
13.37217 0.04141934642228165
13.37337 0.041321505446480986
13.37458 0.0411910508120801
13.37579 0.041060596177679216
13.37699 0.040962755201878545
13.3782 0.04086491422607788
13.37941 0.040767073250277217
13.38061 0.04066923227447655
13.38182 0.04057139129867588
13.38303 0.04047355032287522
13.38423 0.040408323005674776
13.38544 0.04031048202987411
13.38665 0.04024525471267367
13.38785 0.040180027395473224
13.38906 0.04008218641967256
13.39027 0.04001695910247211
13.39147 0.03995173178527167
13.39268 0.03991911812667145
13.39389 0.03985389080947101
13.3951 0.039788663492270566
13.3963 0.039756049833670336
13.39751 0.039690822516469895
13.39872 0.03965820885786968
13.39992 0.039625595199269455
13.40113 0.03959298154066923
13.40234 0.03959298154066923
13.40354 0.03956036788206901
13.40475 0.03956036788206901
13.40596 0.03952775422346879
13.40716 0.03952775422346879
13.40837 0.03952775422346879
13.40958 0.03949514056486857
13.41078 0.03949514056486857
13.41199 0.03949514056486857
13.4132 0.03946252690626834
13.4144 0.039429913247668126
13.41561 0.039429913247668126
13.41682 0.0393972995890679
13.41802 0.039364685930467685
13.41923 0.039364685930467685
13.42044 0.039332072271867455
13.42165 0.039332072271867455
13.42285 0.03929945861326724
13.42406 0.03929945861326724
13.42527 0.039266844954667014
13.42647 0.0392342312960668
13.42768 0.03920161763746657
13.42889 0.03916900397886635
13.43009 0.03910377666166591
13.4313 0.03903854934446546
13.43251 0.03897332202726502
13.43371 0.038908094710064574
13.43492 0.03884286739286413
13.43613 0.03874502641706347
13.43733 0.0386471854412628
13.43854 0.03854934446546214
13.43975 0.03845150348966147
13.44095 0.038353662513860805
13.44216 0.03825582153806014
13.44337 0.03812536690365925
13.44458 0.037994912269258364
13.44578 0.0378970712934577
13.44699 0.037734003000456595
13.4482 0.03760354836605571
13.4494 0.03747309373165482
13.45061 0.03731002543865371
13.45182 0.0371469571456526
13.45302 0.03698388885265149
13.45423 0.03682082055965038
13.45544 0.036657752266649274
13.45664 0.036462070315047945
13.45785 0.03626638836344661
13.45906 0.03607070641184528
13.46026 0.035875024460243946
13.46147 0.03567934250864262
13.46268 0.03548366055704129
13.46388 0.03528797860543996
13.46509 0.03509229665383863
13.4663 0.034896614702237296
13.4675 0.03470093275063597
13.46871 0.03450525079903464
13.46992 0.0343095688474333
13.47113 0.03408127323723175
13.47233 0.03388559128563042
13.47354 0.03365729567542887
13.47475 0.03346161372382754
13.47595 0.03323331811362598
13.47716 0.03303763616202465
13.47837 0.032841954210423324
13.47957 0.03261365860022177
13.48078 0.032417976648620436
13.48199 0.03222229469701911
13.48319 0.032026612745417786
13.4844 0.03183093079381645
13.48561 0.03163524884221512
13.48681 0.031439566890613786
13.48802 0.031243884939012458
13.48923 0.03108081664601135
13.49043 0.030885134694410017
13.49164 0.03072206640140891
13.49285 0.03052638444980758
13.49405 0.030363316156806472
13.49526 0.030167634205205136
13.49647 0.03000456591220403
13.49768 0.029841497619202923
13.49888 0.029678429326201815
13.50009 0.02948274737460048
13.5013 0.02931967908159937
13.5025 0.029156610788598266
13.50371 0.028993542495597158
13.50492 0.02883047420259605
13.50612 0.02870001956819516
13.50733 0.028536951275194053
13.50854 0.02837388298219294
13.50974 0.028243428347792053
13.51095 0.028080360054790945
13.51216 0.027917291761789836
13.51336 0.02778683712738895
13.51457 0.02762376883438784
13.51578 0.027460700541386735
13.51698 0.027297632248385627
13.51819 0.02716717761398474
13.5194 0.026971495662383403
13.5206 0.0268084273693823
13.52181 0.02664535907638119
13.52302 0.02648229078338008
13.52423 0.026286608831778746
13.52543 0.026123540538777638
13.52664 0.02592785858717631
13.52785 0.025764790294175204
13.52905 0.02556910834257387
13.53026 0.02540604004957276
13.53147 0.025210358097971428
13.53267 0.0250146761463701
13.53388 0.02485160785336899
13.53509 0.02465592590176766
13.53629 0.024460243950166327
13.5375 0.024297175657165222
13.53871 0.02410149370556389
13.53991 0.023905811753962558
13.54112 0.02371012980236123
13.54233 0.023514447850759897
13.54353 0.02331876589915857
13.54474 0.023123083947557237
13.54595 0.022894788337355684
13.54715 0.022699106385754352
13.54836 0.022503424434153024
13.54957 0.022340356141151915
13.55078 0.022144674189550583
13.55198 0.021981605896549475
13.55319 0.021818537603548366
13.5544 0.021655469310547258
13.5556 0.02149240101754615
13.55681 0.021361946383145262
13.55802 0.021231491748744374
13.55922 0.021101037114343486
13.56043 0.0209705824799426
13.56164 0.020840127845541713
13.56284 0.020709673211140825
13.56405 0.02061183223534016
13.56526 0.020513991259539493
13.56646 0.02041615028373883
13.56767 0.020318309307938164
13.56888 0.02025308199073772
13.57008 0.020187854673537276
13.57129 0.020122627356336836
13.5725 0.02005740003913639
13.5737 0.020024786380536168
13.57491 0.019992172721935948
13.57612 0.019992172721935948
13.57733 0.019959559063335724
13.57853 0.019959559063335724
13.57974 0.019992172721935948
13.58095 0.019992172721935948
13.58215 0.020024786380536168
13.58336 0.02005740003913639
13.58457 0.020090013697736612
13.58577 0.020122627356336836
13.58698 0.020155241014937056
13.58819 0.020187854673537276
13.58939 0.0202204683321375
13.5906 0.02025308199073772
13.59181 0.020318309307938164
13.59301 0.020350922966538385
13.59422 0.02041615028373883
13.59543 0.020448763942339052
13.59663 0.020513991259539493
13.59784 0.020579218576739937
13.59905 0.02064444589394038
13.60025 0.020709673211140825
13.60146 0.02077490052834127
13.60267 0.020840127845541713
13.60388 0.020905355162742157
13.60508 0.0209705824799426
13.60629 0.02100319613854282
13.6075 0.021068423455743265
13.6087 0.021101037114343486
13.60991 0.02116626443154393
13.61112 0.02119887809014415
13.61232 0.021231491748744374
13.61353 0.021264105407344594
13.61474 0.021296719065944818
13.61594 0.021329332724545038
13.61715 0.021361946383145262
13.61836 0.021394560041745482
13.61956 0.021427173700345706
13.62077 0.021459787358945926
13.62198 0.02149240101754615
13.62318 0.02152501467614637
13.62439 0.021557628334746594
13.6256 0.021590241993346814
13.6268 0.021622855651947034
13.62801 0.021655469310547258
13.62922 0.02168808296914748
13.63043 0.021720696627747702
13.63163 0.021753310286347922
13.63284 0.021785923944948146
13.63405 0.021818537603548366
13.63525 0.021851151262148587
13.63646 0.021883764920748807
13.63767 0.02194899223794925
13.63887 0.021981605896549475
13.64008 0.022014219555149695
13.64129 0.02207944687235014
13.64249 0.022144674189550583
13.6437 0.022209901506751027
13.64491 0.02227512882395147
13.64611 0.022340356141151915
13.64732 0.02240558345835236
13.64853 0.022503424434153024
13.64973 0.022601265409953688
13.65094 0.022666492727154132
13.65215 0.022764333702954796
13.65336 0.02286217467875546
13.65456 0.02299262931315635
13.65577 0.023090470288957016
13.65698 0.02318831126475768
13.65818 0.02331876589915857
13.65939 0.023449220533559457
13.6606 0.023547061509360118
13.6618 0.023677516143761006
13.66301 0.023840584436762114
13.66422 0.023971039071163002
13.66542 0.024134107364164114
13.66663 0.024264561998565
13.66784 0.024427630291566107
13.66904 0.024590698584567215
13.67025 0.024786380536168547
13.67146 0.024949448829169656
13.67266 0.025112517122170764
13.67387 0.025308199073772096
13.67508 0.025471267366773204
13.67628 0.025666949318374536
13.67749 0.025862631269975865
13.6787 0.026025699562976973
13.67991 0.026221381514578306
13.68111 0.026384449807579414
13.68232 0.026580131759180742
13.68353 0.026775813710782075
13.68473 0.026971495662383403
13.68594 0.02716717761398474
13.68715 0.027362859565586067
13.68835 0.027558541517187396
13.68956 0.027754223468788728
13.69077 0.027949905420390057
13.69197 0.028145587371991392
13.69318 0.02834126932359272
13.69439 0.028536951275194053
13.69559 0.02873263322679538
13.6968 0.02889570151979649
13.69801 0.029091383471397825
13.69921 0.02925445176439893
13.70042 0.02945013371600026
13.70163 0.029613202009001367
13.70283 0.029776270302002476
13.70404 0.02993933859500359
13.70525 0.030102406888004696
13.70646 0.030265475181005804
13.70766 0.030428543474006912
13.70887 0.03059161176700802
13.71008 0.03075468006000913
13.71128 0.03091774835301024
13.71249 0.03104820298741113
13.7137 0.031211271280412237
13.7149 0.03134172591481312
13.71611 0.031504794207814234
13.71732 0.03163524884221512
13.71852 0.03176570347661601
13.71973 0.0318961581110169
13.72094 0.032026612745417786
13.72214 0.03212445372121844
13.72335 0.03225490835561933
13.72456 0.032352749331419996
13.72576 0.032483203965820884
13.72697 0.032581044941621555
13.72818 0.03271149957602244
13.72938 0.0328093405518231
13.73059 0.03293979518622399
13.7318 0.03303763616202465
13.73301 0.033135477137825324
13.73421 0.03326593177222621
13.73542 0.03336377274802687
13.73663 0.03349422738242776
13.73783 0.03359206835822843
13.73904 0.03368990933402909
13.74025 0.03382036396842998
13.74145 0.03391820494423064
13.74266 0.03401604592003131
13.74387 0.0341465005544322
13.74507 0.03424434153023286
13.74628 0.034342182506033526
13.74749 0.03444002348183419
13.74869 0.03457047811623508
13.7499 0.03466831909203574
13.75111 0.03476616006783641
13.75231 0.03486400104363707
13.75352 0.03499445567803796
13.75473 0.03509229665383863
13.75593 0.03519013762963929
13.75714 0.035320592264040176
13.75835 0.03541843323984085
13.75956 0.03554888787424173
13.76076 0.0356467288500424
13.76197 0.03577718348444329
13.76318 0.035875024460243946
13.76438 0.03597286543604462
13.76559 0.036103320070445505
13.7668 0.03620116104624617
13.768 0.03629900202204683
13.76921 0.0363968429978475
13.77042 0.036462070315047945
13.77162 0.0365599112908486
13.77283 0.03662513860804905
13.77404 0.036722979583849714
13.77524 0.03678820690105016
13.77645 0.0368534342182506
13.77766 0.03691866153545105
13.77886 0.037016502511251714
13.78007 0.037081729828452155
13.78128 0.03711434348705238
13.78248 0.03717957080425282
13.78369 0.03721218446285304
13.7849 0.037277411780053483
13.78611 0.03731002543865371
13.78731 0.03731002543865371
13.78852 0.03734263909725393
13.78973 0.03734263909725393
13.79093 0.03734263909725393
13.79214 0.03731002543865371
13.79335 0.03731002543865371
13.79455 0.037277411780053483
13.79576 0.03724479812145326
13.79697 0.03717957080425282
13.79817 0.0371469571456526
13.79938 0.037081729828452155
13.80059 0.037016502511251714
13.80179 0.03695127519405127
13.803 0.036886047876850826
13.80421 0.03678820690105016
13.80541 0.03669036592524949
13.80662 0.03659252494944883
13.80783 0.03649468397364816
13.80903 0.0363968429978475
13.81024 0.03626638836344661
13.81145 0.03613593372904572
13.81266 0.036005479094644834
13.81386 0.03584241080164373
13.81507 0.03571195616724284
13.81628 0.03554888787424173
13.81748 0.035385819581240624
13.81869 0.03519013762963929
13.8199 0.035027069336638184
13.8211 0.03486400104363707
13.82231 0.03466831909203574
13.82352 0.03450525079903464
13.82472 0.0343095688474333
13.82593 0.0341465005544322
13.82714 0.033983432261431086
13.82834 0.03378775030982976
13.82955 0.03359206835822843
13.83076 0.0333963864066271
13.83196 0.033200704455025765
13.83317 0.033005022503424436
13.83438 0.0328093405518231
13.83558 0.03261365860022177
13.83679 0.032417976648620436
13.838 0.03218968103841889
13.83921 0.031993999086817555
13.84041 0.03179831713521623
13.84162 0.0316026351836149
13.84283 0.03140695323201356
13.84403 0.031211271280412237
13.84524 0.031015589328810905
13.84645 0.030819907377209577
13.84765 0.03065683908420847
13.84886 0.030461157132607133
13.85007 0.030298088839606024
13.85127 0.030102406888004696
13.85248 0.02993933859500359
13.85369 0.029743656643402255
13.85489 0.029580588350401147
13.8561 0.02938490639879982
13.85731 0.029221838105798707
13.85851 0.029026156154197378
13.85972 0.02886308786119627
13.86093 0.028667405909594934
13.86214 0.02850433761659383
13.86334 0.0283086556649925
13.86455 0.028145587371991392
13.86576 0.027982519078990284
13.86696 0.02778683712738895
13.86817 0.02762376883438784
13.86938 0.027428086882786515
13.87058 0.0272650185897854
13.87179 0.02710195029678429
13.873 0.026906268345182963
13.8742 0.026743200052181854
13.87541 0.026580131759180742
13.87662 0.026384449807579414
13.87782 0.026188767855978085
13.87903 0.026025699562976973
13.88024 0.025830017611375645
13.88144 0.025634335659774316
13.88265 0.02543865370817298
13.88386 0.025242971756571652
13.88506 0.025047289804970323
13.88627 0.024818994194768768
13.88748 0.02462331224316744
13.88869 0.024427630291566107
13.88989 0.024199334681364558
13.8911 0.024003652729763226
13.89231 0.02377535711956167
13.89351 0.023547061509360118
13.89472 0.02335137955775879
13.89593 0.023123083947557237
13.89713 0.022894788337355684
13.89834 0.022666492727154132
13.89955 0.022470810775552803
13.90075 0.022242515165351247
13.90196 0.022014219555149695
13.90317 0.021785923944948146
13.90437 0.021557628334746594
13.90558 0.021329332724545038
13.90679 0.021068423455743265
13.90799 0.020840127845541713
13.9092 0.02061183223534016
13.91041 0.020350922966538385
13.91161 0.020122627356336836
13.91282 0.019894331746135283
13.91403 0.019666036135933727
13.91524 0.019437740525732175
13.91644 0.019209444915530626
13.91765 0.01898114930532907
13.91886 0.018752853695127518
13.92006 0.018524558084925966
13.92127 0.018296262474724417
13.92248 0.018100580523123085
13.92368 0.01787228491292153
13.92489 0.01764398930271998
13.9261 0.017448307351118648
13.9273 0.017220011740917095
13.92851 0.017024329789315763
13.92972 0.016828647837714435
13.93092 0.016600352227512882
13.93213 0.01640467027591155
13.93334 0.016208988324310218
13.93454 0.016013306372708893
13.93575 0.01581762442110756
13.93696 0.015621942469506229
13.93816 0.01545887417650512
13.93937 0.01526319222490379
13.94058 0.01510012393190268
13.94179 0.014937055638901572
13.94299 0.014773987345900463
13.9442 0.014610919052899353
13.94541 0.014447850759898245
13.94661 0.014284782466897137
13.94782 0.014121714173896027
13.94903 0.013991259539495142
13.95023 0.013828191246494032
13.95144 0.013665122953492924
13.95265 0.013534668319092035
13.95385 0.013371600026090927
13.95506 0.01324114539169004
13.95627 0.013078077098688929
13.95747 0.012947622464288043
13.95868 0.012784554171286934
13.95989 0.012654099536886048
13.96109 0.012523644902485162
13.9623 0.012393190268084274
13.96351 0.012262735633683386
13.96471 0.0121322809992825
13.96592 0.012001826364881613
13.96713 0.011871371730480725
13.96834 0.011708303437479617
13.96954 0.01157784880307873
13.97075 0.011447394168677842
13.97196 0.011316939534276956
13.97316 0.011186484899876068
13.97437 0.01105603026547518
13.97558 0.010892961972474073
13.97678 0.010762507338073185
13.97799 0.010599439045072075
13.9792 0.010436370752070968
13.9804 0.01030591611767008
13.98161 0.01014284782466897
13.98282 0.009979779531667862
13.98402 0.009816711238666754
13.98523 0.009686256604265867
13.98644 0.009523188311264757
13.98764 0.009360120018263649
13.98885 0.00919705172526254
13.99006 0.00903398343226143
13.99126 0.008870915139260322
13.99247 0.008707846846259214
13.99368 0.008544778553258104
13.99489 0.008381710260256995
13.99609 0.008218641967255887
13.9973 0.008055573674254777
13.99851 0.007892505381253669
13.99971 0.00772943708825256
14.00092 0.007566368795251451
14.00213 0.007403300502250342
14.00333 0.007207618550649012
14.00454 0.007044550257647903
14.00575 0.006881481964646794
14.00695 0.006718413671645686
14.00816 0.006555345378644576
14.00937 0.006392277085643467
14.01057 0.006261822451242581
14.01178 0.006098754158241471
14.01299 0.0059682995238405845
14.01419 0.005805231230839475
14.0154 0.005674776596438588
14.01661 0.005544321962037701
14.01781 0.0054138673276368145
14.01902 0.0052834126932359265
14.02023 0.00515295805883504
14.02144 0.005022503424434153
14.02264 0.004924662448633488
14.02385 0.004794207814232601
14.02506 0.004696366838431935
14.02626 0.004565912204031048
14.02747 0.004468071228230382
14.02868 0.004370230252429718
14.02988 0.004272389276629052
14.03109 0.0041745483008283875
14.0323 0.0040767073250277215
14.0335 0.004011480007827278
14.03471 0.003913639032026612
14.03592 0.0038484117148261695
14.03712 0.0037831843976257255
14.03833 0.003717957080425282
14.03954 0.0036527297632248383
14.04074 0.003620116104624617
14.04195 0.003554888787424173
14.04316 0.0034896614702237296
14.04436 0.003457047811623508
14.04557 0.003391820494423064
14.04678 0.003359206835822843
14.04799 0.003293979518622399
14.04919 0.003261365860022177
14.0504 0.0031961385428217336
14.05161 0.003163524884221512
14.05281 0.0031309112256212904
14.05402 0.0030656839084208464
14.05523 0.003033070249820625
14.05643 0.0030004565912204032
14.05764 0.0029678429326201812
14.05885 0.0029352292740199596
14.06005 0.0029026156154197376
14.06126 0.002870001956819516
14.06247 0.002837388298219294
14.06367 0.0028047746396190724
14.06488 0.0027721609810188504
14.06609 0.002739547322418629
14.06729 0.0026743200052181853
14.0685 0.0026417063466179632
14.06971 0.002609092688017742
14.07092 0.002543865370817298
14.07212 0.0025112517122170765
14.07333 0.002446024395016633
14.07454 0.0024134107364164113
14.07574 0.0023481834192159677
14.07695 0.0023155697606157457
14.07816 0.002250342443415302
14.07936 0.0022177287848150805
14.08057 0.002152501467614637
14.08178 0.0020872741504141938
14.08298 0.0020220468332137497
14.08419 0.001989433174613528
14.0854 0.0019242058574130848
14.0866 0.001858978540212641
14.08781 0.0017937512230121976
14.08902 0.001728523905811754
14.09022 0.0016632965886113106
14.09143 0.0015980692714108668
14.09264 0.0015328419542104232
14.09384 0.0014676146370099798
14.09505 0.0013697736612093144
14.09626 0.001304546344008871
14.09747 0.0012393190268084275
14.09867 0.001141478051007762
14.09988 0.0010762507338073185
14.10109 0.000978409758006653
14.10229 0.0009131824408062096
14.1035 0.000847955123605766
14.10471 0.0007827278064053226
14.10591 0.0006848868306046572
14.10712 0.0006522731720044355
14.10833 0.0005870458548039919
14.10953 0.0005218185376035484
14.11074 0.0004565912204031048
14.11195 0.000423977561802883
14.11315 0.0003587502446024395
14.11436 0.00029352292740199596
14.11557 0.0002609092688017742
14.11677 0.00019568195160133065
14.11798 0.00016306829300110888
14.11919 9.784097580066533e-05
14.12039 6.522731720044356e-05
14.1216 3.261365860022178e-05
14.12281 0.0
14.12402 -6.522731720044356e-05
14.12522 -0.0001304546344008871
14.12643 -0.00016306829300110888
14.12764 -0.0002282956102015524
14.12884 -0.0002609092688017742
14.13005 -0.00029352292740199596
14.13126 -0.00032613658600221776
14.13246 -0.00032613658600221776
14.13367 -0.0003587502446024395
14.13488 -0.0003587502446024395
14.13608 -0.0003587502446024395
14.13729 -0.0003587502446024395
14.1385 -0.0003587502446024395
14.1397 -0.0003587502446024395
14.14091 -0.0003587502446024395
14.14212 -0.00032613658600221776
14.14332 -0.00032613658600221776
14.14453 -0.00029352292740199596
14.14574 -0.00029352292740199596
14.14694 -0.00029352292740199596
14.14815 -0.0002609092688017742
14.14936 -0.0002282956102015524
14.15057 -0.00019568195160133065
14.15177 -0.00016306829300110888
14.15298 -0.0001304546344008871
14.15419 -9.784097580066533e-05
14.15539 -6.522731720044356e-05
14.1566 -3.261365860022178e-05
14.15781 3.261365860022178e-05
14.15901 6.522731720044356e-05
14.16022 9.784097580066533e-05
14.16143 0.0001304546344008871
14.16263 0.00016306829300110888
14.16384 0.00019568195160133065
14.16505 0.0002282956102015524
14.16625 0.0002282956102015524
14.16746 0.0002609092688017742
14.16867 0.0002609092688017742
14.16987 0.0002609092688017742
14.17108 0.0002609092688017742
14.17229 0.0002609092688017742
14.17349 0.0002609092688017742
14.1747 0.0002609092688017742
14.17591 0.0002609092688017742
14.17712 0.0002609092688017742
14.17832 0.0002282956102015524
14.17953 0.0002282956102015524
14.18074 0.00019568195160133065
14.18194 0.00019568195160133065
14.18315 0.00016306829300110888
14.18436 0.0001304546344008871
14.18556 9.784097580066533e-05
14.18677 6.522731720044356e-05
14.18798 3.261365860022178e-05
14.18918 -0.0
14.19039 -6.522731720044356e-05
14.1916 -9.784097580066533e-05
14.1928 -0.00016306829300110888
14.19401 -0.0002282956102015524
14.19522 -0.00029352292740199596
14.19642 -0.0003587502446024395
14.19763 -0.0003913639032026613
14.19884 -0.0004565912204031048
14.20004 -0.0005218185376035484
14.20125 -0.0005870458548039919
14.20246 -0.0006196595134042137
14.20367 -0.0006522731720044355
14.20487 -0.0006848868306046572
14.20608 -0.000717500489204879
14.20729 -0.0007501141478051008
14.20849 -0.0007827278064053226
14.2097 -0.0008153414650055443
14.21091 -0.000847955123605766
14.21211 -0.0008805687822059879
14.21332 -0.0009131824408062096
14.21453 -0.0009457960994064314
14.21573 -0.0009457960994064314
14.21694 -0.000978409758006653
14.21815 -0.000978409758006653
14.21935 -0.000978409758006653
14.22056 -0.000978409758006653
14.22177 -0.000978409758006653
14.22297 -0.000978409758006653
14.22418 -0.0009457960994064314
14.22539 -0.0009131824408062096
14.22659 -0.0008805687822059879
14.2278 -0.0008153414650055443
14.22901 -0.0007827278064053226
14.23022 -0.000717500489204879
14.23142 -0.0006522731720044355
14.23263 -0.0005870458548039919
14.23384 -0.0004892048790033265
14.23504 -0.000423977561802883
14.23625 -0.00032613658600221776
14.23746 -0.0002609092688017742
14.23866 -0.00016306829300110888
14.23987 -6.522731720044356e-05
14.24108 3.261365860022178e-05
14.24228 0.0001304546344008871
14.24349 0.0002282956102015524
14.2447 0.00029352292740199596
14.2459 0.000423977561802883
14.24711 0.0005218185376035484
14.24832 0.0006196595134042137
14.24952 0.0007501141478051008
14.25073 0.0008805687822059879
14.25194 0.0010110234166068749
14.25314 0.001141478051007762
14.25435 0.0012393190268084275
14.25556 0.0013697736612093144
14.25677 0.0015002282956102016
14.25797 0.0016306829300110886
14.25918 0.0017611375644119758
14.26039 0.001858978540212641
14.26159 0.001989433174613528
14.2628 0.0020872741504141938
14.26401 0.0022177287848150805
14.26521 0.0023155697606157457
14.26642 0.0024134107364164113
14.26763 0.0025112517122170765
14.26883 0.002609092688017742
14.27004 0.0026743200052181853
14.27125 0.0027721609810188504
14.27245 0.002870001956819516
14.27366 0.0029678429326201812
14.27487 0.003033070249820625
14.27607 0.0031309112256212904
14.27728 0.0032287522014219556
14.27849 0.003293979518622399
14.2797 0.003359206835822843
14.2809 0.003457047811623508
14.28211 0.0035222751288239516
14.28332 0.003587502446024395
14.28452 0.0036527297632248383
14.28573 0.003717957080425282
14.28694 0.0037831843976257255
14.28814 0.0038484117148261695
14.28935 0.003881025373426391
14.29056 0.003946252690626834
14.29176 0.003978866349227056
14.29297 0.0040440936664274995
14.29418 0.0040767073250277215
14.29538 0.0041419346422281655
14.29659 0.004207161959428609
14.2978 0.00423977561802883
14.299 0.004305002935229274
14.30021 0.004370230252429718
14.30142 0.004435457569630161
14.30262 0.004500684886830604
14.30383 0.00459852586263127
14.30504 0.004663753179831713
14.30625 0.004761594155632379
14.30745 0.004859435131433044
14.30866 0.004924662448633488
14.30987 0.005022503424434153
14.31107 0.005120344400234818
14.31228 0.005218185376035484
14.31349 0.0053160263518361485
14.31469 0.0054138673276368145
14.3159 0.005544321962037701
14.31711 0.005642162937838367
14.31831 0.005772617572239254
14.31952 0.00590307220664014
14.32073 0.0060335268410410285
14.32193 0.006163981475441915
14.32314 0.006327049768443024
14.32435 0.006490118061444132
14.32555 0.006653186354445242
14.32676 0.00681625464744635
14.32797 0.007011936599047681
14.32917 0.00717500489204879
14.33038 0.00737068684365012
14.33159 0.007566368795251451
14.3328 0.007762050746852782
14.334 0.007957732698454113
14.33521 0.008186028308655665
14.33642 0.008381710260256995
14.33762 0.008577392211858326
14.33883 0.00880568782205988
14.34004 0.009001369773661208
14.34124 0.00919705172526254
14.34245 0.009425347335464093
14.34366 0.009621029287065423
14.34486 0.009849324897266976
14.34607 0.010045006848868306
14.34728 0.010273302459069858
14.34848 0.01050159806927141
14.34969 0.010697280020872741
14.3509 0.010925575631074293
14.3521 0.011153871241275846
14.35331 0.011382166851477398
14.35452 0.01161046246167895
14.35572 0.011838758071880503
14.35693 0.012034440023481835
14.35814 0.012262735633683386
14.35935 0.012458417585284718
14.36055 0.012686713195486268
14.36176 0.012882395147087602
14.36297 0.013078077098688929
14.36417 0.013273759050290261
14.36538 0.013436827343291371
14.36659 0.0136325092948927
14.36779 0.013828191246494032
14.369 0.013991259539495142
14.37021 0.01415432783249625
14.37141 0.01435000978409758
14.37262 0.014513078077098689
14.37383 0.014676146370099797
14.37503 0.014839214663100907
14.37624 0.015002282956102016
14.37745 0.015165351249103122
14.37865 0.015328419542104234
14.37986 0.01549148783510534
14.38107 0.01565455612810645
14.38227 0.01581762442110756
14.38348 0.01598069271410867
14.38469 0.016143761007109778
14.3859 0.016306829300110886
14.3871 0.016469897593111994
14.38831 0.016600352227512882
14.38952 0.01676342052051399
14.39072 0.01689387515491488
14.39193 0.017056943447915987
14.39314 0.017187398082316875
14.39434 0.017350466375317983
14.39555 0.01748092100971887
14.39676 0.01764398930271998
14.39796 0.017774443937120864
14.39917 0.017937512230121973
14.40038 0.018100580523123085
14.40158 0.018296262474724417
14.40279 0.018459330767725525
14.404 0.01862239906072663
14.4052 0.018818081012327962
14.40641 0.01898114930532907
14.40762 0.019176831256930402
14.40882 0.019372513208531734
14.41003 0.01953558150153284
14.41124 0.01973126345313417
14.41245 0.019926945404735504
14.41365 0.020122627356336836
14.41486 0.020318309307938164
14.41607 0.020513991259539493
14.41727 0.02074228686974105
14.41848 0.02093796882134238
14.41969 0.02116626443154393
14.42089 0.021361946383145262
14.4221 0.021590241993346814
14.42331 0.021818537603548366
14.42451 0.02204683321374992
14.42572 0.02227512882395147
14.42693 0.022503424434153024
14.42813 0.022764333702954796
14.42934 0.02299262931315635
14.43055 0.023253538581958125
14.43175 0.023514447850759897
14.43296 0.02374274346096145
14.43417 0.024003652729763226
14.43537 0.024264561998565
14.43658 0.02452547126736677
14.43779 0.024786380536168547
14.439 0.0250146761463701
14.4402 0.025275585415171872
14.44141 0.02553649468397365
14.44262 0.025764790294175204
14.44382 0.026025699562976973
14.44503 0.026286608831778746
14.44624 0.026547518100580522
14.44744 0.026775813710782075
14.44865 0.02703672297958385
14.44986 0.027297632248385627
14.45106 0.027558541517187396
14.45227 0.02781945078598917
14.45348 0.028080360054790945
14.45468 0.02834126932359272
14.45589 0.028569564933794273
14.4571 0.02883047420259605
14.4583 0.029058769812797598
14.45951 0.02931967908159937
14.46072 0.029547974691800927
14.46192 0.029776270302002476
14.46313 0.03000456591220403
14.46434 0.030232861522405584
14.46555 0.030428543474006912
14.46675 0.03065683908420847
14.46796 0.030885134694410017
14.46917 0.03108081664601135
14.47037 0.03127649859761268
14.47158 0.031504794207814234
14.47279 0.03170047615941556
14.47399 0.0318961581110169
14.4752 0.032091840062618227
14.47641 0.032287522014219555
14.47761 0.032483203965820884
14.47882 0.032646272258821996
14.48003 0.032841954210423324
14.48123 0.033005022503424436
14.48244 0.03316809079642554
14.48365 0.03336377274802687
14.48485 0.03352684104102798
14.48606 0.03365729567542887
14.48727 0.03382036396842998
14.48848 0.033983432261431086
14.48968 0.034113886895831974
14.49089 0.03424434153023286
14.4921 0.034407409823233974
14.4933 0.03453786445763486
14.49451 0.03466831909203574
14.49572 0.03479877372643663
14.49692 0.03492922836083752
14.49813 0.0350596829952384
14.49934 0.03515752397103907
14.50054 0.03528797860543996
14.50175 0.03541843323984085
14.50296 0.03554888787424173
14.50416 0.03567934250864262
14.50537 0.03577718348444329
14.50658 0.035907638118844176
14.50778 0.036038092753245064
14.50899 0.03613593372904572
14.5102 0.03626638836344661
14.5114 0.036364229339247274
14.51261 0.036462070315047945
14.51382 0.03659252494944883
14.51503 0.03669036592524949
14.51623 0.03678820690105016
14.51744 0.036886047876850826
14.51865 0.037016502511251714
14.51985 0.03711434348705238
14.52106 0.03721218446285304
14.52227 0.03734263909725393
14.52347 0.037440480073054595
14.52468 0.03753832104885526
14.52589 0.03766877568325615
14.52709 0.03776661665905681
14.5283 0.0378970712934577
14.52951 0.037994912269258364
14.53071 0.03812536690365925
14.53192 0.03822320787945992
14.53313 0.038353662513860805
14.53433 0.03845150348966147
14.53554 0.03854934446546214
14.53675 0.03867979909986302
14.53795 0.038777640075663686
14.53916 0.03887548105146435
14.54037 0.03900593568586524
14.54158 0.03910377666166591
14.54278 0.03920161763746657
14.54399 0.03929945861326724
14.5452 0.0393972995890679
14.5464 0.03946252690626834
14.54761 0.03956036788206901
14.54882 0.03965820885786968
14.55002 0.039756049833670336
14.55123 0.03985389080947101
14.55244 0.03995173178527167
14.55364 0.04001695910247211
14.55485 0.04011480007827278
14.55606 0.04021264105407345
14.55726 0.04027786837127389
14.55847 0.040343095688474336
14.55968 0.040408323005674776
14.56088 0.04047355032287522
14.56209 0.040538777640075664
14.5633 0.040604004957276105
14.5645 0.04063661861587633
14.56571 0.04070184593307677
14.56692 0.04073445959167699
14.56813 0.040767073250277217
14.56933 0.04079968690887744
14.57054 0.04083230056747766
14.57175 0.04086491422607788
14.57295 0.04086491422607788
14.57416 0.040897527884678105
14.57537 0.040897527884678105
14.57657 0.040897527884678105
14.57778 0.04093014154327833
14.57899 0.04093014154327833
14.58019 0.04093014154327833
14.5814 0.040897527884678105
14.58261 0.040897527884678105
14.58381 0.040897527884678105
14.58502 0.04086491422607788
14.58623 0.04086491422607788
14.58743 0.04083230056747766
14.58864 0.04079968690887744
14.58985 0.040767073250277217
14.59105 0.04073445959167699
14.59226 0.04066923227447655
14.59347 0.04063661861587633
14.59468 0.040604004957276105
14.59588 0.040538777640075664
14.59709 0.04047355032287522
14.5983 0.040440936664275
14.5995 0.04037570934707455
14.60071 0.040343095688474336
14.60192 0.04027786837127389
14.60312 0.04024525471267367
14.60433 0.040180027395473224
14.60554 0.040147413736873
14.60674 0.04011480007827278
14.60795 0.04008218641967256
14.60916 0.04001695910247211
14.61036 0.039984345443871895
14.61157 0.03995173178527167
14.61278 0.039886504468071224
14.61398 0.03985389080947101
14.61519 0.03982127715087078
14.6164 0.039756049833670336
14.6176 0.03972343617507012
14.61881 0.039690822516469895
14.62002 0.03965820885786968
14.62123 0.039625595199269455
14.62243 0.03959298154066923
14.62364 0.03959298154066923
14.62485 0.03956036788206901
14.62605 0.03956036788206901
14.62726 0.03956036788206901
14.62847 0.03952775422346879
14.62967 0.03956036788206901
14.63088 0.03956036788206901
14.63209 0.03956036788206901
14.63329 0.03956036788206901
14.6345 0.03959298154066923
14.63571 0.03959298154066923
14.63691 0.039625595199269455
14.63812 0.039625595199269455
14.63933 0.03965820885786968
14.64053 0.039690822516469895
14.64174 0.039690822516469895
14.64295 0.03972343617507012
14.64415 0.039756049833670336
14.64536 0.039756049833670336
14.64657 0.039788663492270566
14.64778 0.03982127715087078
14.64898 0.03985389080947101
14.65019 0.039886504468071224
14.6514 0.03991911812667145
14.6526 0.03995173178527167
14.65381 0.039984345443871895
14.65502 0.04001695910247211
14.65622 0.040049572761072336
14.65743 0.04008218641967256
14.65864 0.04011480007827278
14.65984 0.040147413736873
14.66105 0.040180027395473224
14.66226 0.04021264105407345
14.66346 0.04024525471267367
14.66467 0.04024525471267367
14.66588 0.04027786837127389
14.66708 0.04027786837127389
14.66829 0.04027786837127389
14.6695 0.04027786837127389
14.6707 0.04027786837127389
14.67191 0.04027786837127389
14.67312 0.04027786837127389
14.67433 0.04024525471267367
14.67553 0.04024525471267367
14.67674 0.04021264105407345
14.67795 0.04021264105407345
14.67915 0.040180027395473224
14.68036 0.040147413736873
14.68157 0.040147413736873
14.68277 0.04011480007827278
14.68398 0.04008218641967256
14.68519 0.040049572761072336
14.68639 0.04001695910247211
14.6876 0.039984345443871895
14.68881 0.03995173178527167
14.69001 0.03991911812667145
14.69122 0.03985389080947101
14.69243 0.039788663492270566
14.69363 0.039756049833670336
14.69484 0.039690822516469895
14.69605 0.039625595199269455
14.69725 0.03956036788206901
14.69846 0.03949514056486857
14.69967 0.039429913247668126
14.70088 0.039364685930467685
14.70208 0.03929945861326724
14.70329 0.039266844954667014
14.7045 0.03920161763746657
14.7057 0.03916900397886635
14.70691 0.03910377666166591
14.70812 0.03907116300306568
14.70932 0.03903854934446546
14.71053 0.03900593568586524
14.71174 0.03897332202726502
14.71294 0.03894070836866479
14.71415 0.038908094710064574
14.71536 0.038908094710064574
14.71656 0.03887548105146435
14.71777 0.03884286739286413
14.71898 0.03884286739286413
14.72018 0.03881025373426391
14.72139 0.03881025373426391
14.7226 0.03881025373426391
14.72381 0.03881025373426391
14.72501 0.03881025373426391
14.72622 0.03881025373426391
14.72743 0.03884286739286413
14.72863 0.03887548105146435
14.72984 0.03887548105146435
14.73105 0.03894070836866479
14.73225 0.03897332202726502
14.73346 0.03900593568586524
14.73467 0.03907116300306568
14.73587 0.039136390320266126
14.73708 0.03920161763746657
14.73829 0.039266844954667014
14.73949 0.039364685930467685
14.7407 0.039429913247668126
14.74191 0.03952775422346879
14.74311 0.03959298154066923
14.74432 0.039690822516469895
14.74553 0.039756049833670336
14.74673 0.03985389080947101
14.74794 0.03991911812667145
14.74915 0.04001695910247211
14.75036 0.04008218641967256
14.75156 0.040147413736873
14.75277 0.04021264105407345
14.75398 0.04031048202987411
14.75518 0.040408323005674776
14.75639 0.04047355032287522
14.7576 0.04057139129867588
14.7588 0.04066923227447655
14.76001 0.04073445959167699
14.76122 0.04083230056747766
14.76242 0.040897527884678105
14.76363 0.04099536886047877
14.76484 0.041060596177679216
14.76604 0.04112582349487966
14.76725 0.0411910508120801
14.76846 0.04125627812928054
14.76966 0.041321505446480986
14.77087 0.04135411910508121
14.77208 0.041386732763681426
14.77328 0.04141934642228165
14.77449 0.041451960080881874
14.7757 0.041451960080881874
14.77691 0.0414845737394821
14.77811 0.0414845737394821
14.77932 0.0414845737394821
14.78053 0.0414845737394821
14.78173 0.0414845737394821
14.78294 0.041451960080881874
14.78415 0.041451960080881874
14.78535 0.04141934642228165
14.78656 0.04141934642228165
14.78777 0.041386732763681426
14.78897 0.04135411910508121
14.79018 0.041321505446480986
14.79139 0.04125627812928054
14.79259 0.04122366447068032
14.7938 0.041158437153479874
14.79501 0.04112582349487966
14.79621 0.041060596177679216
14.79742 0.040962755201878545
14.79863 0.040897527884678105
14.79983 0.04083230056747766
14.80104 0.04073445959167699
14.80225 0.04063661861587633
14.80346 0.040538777640075664
14.80466 0.040440936664275
14.80587 0.040343095688474336
14.80708 0.04024525471267367
14.80828 0.040147413736873
14.80949 0.040049572761072336
14.8107 0.039984345443871895
14.8119 0.039886504468071224
14.81311 0.039788663492270566
14.81432 0.039690822516469895
14.81552 0.03959298154066923
14.81673 0.03949514056486857
14.81794 0.039429913247668126
14.81914 0.039332072271867455
14.82035 0.0392342312960668
14.82156 0.039136390320266126
14.82276 0.03903854934446546
14.82397 0.03894070836866479
14.82518 0.03884286739286413
14.82638 0.03874502641706347
14.82759 0.0386471854412628
14.8288 0.03854934446546214
14.83001 0.03845150348966147
14.83121 0.03838627617246102
14.83242 0.038288435196660364
14.83363 0.03822320787945992
14.83483 0.038157980562259476
14.83604 0.03809275324505903
14.83725 0.03802752592785859
14.83845 0.03796229861065814
14.83966 0.0378970712934577
14.84087 0.03783184397625725
14.84207 0.03776661665905681
14.84328 0.037734003000456595
14.84449 0.03766877568325615
14.84569 0.037636162024655924
14.8469 0.03757093470745548
14.84811 0.03753832104885526
14.84931 0.037505707390255036
14.85052 0.037440480073054595
14.85173 0.03740786641445437
14.85293 0.03737525275585415
14.85414 0.03734263909725393
14.85535 0.03731002543865371
14.85656 0.037277411780053483
14.85776 0.03724479812145326
14.85897 0.03721218446285304
14.86018 0.03717957080425282
14.86138 0.03717957080425282
14.86259 0.0371469571456526
14.8638 0.0371469571456526
14.865 0.03711434348705238
14.86621 0.03711434348705238
14.86742 0.037081729828452155
14.86862 0.037081729828452155
14.86983 0.03704911616985193
14.87104 0.03704911616985193
14.87224 0.037016502511251714
14.87345 0.037016502511251714
14.87466 0.03698388885265149
14.87586 0.03698388885265149
14.87707 0.03695127519405127
14.87828 0.03691866153545105
14.87948 0.036886047876850826
14.88069 0.0368534342182506
14.8819 0.03682082055965038
14.88311 0.03678820690105016
14.88431 0.03675559324244994
14.88552 0.036722979583849714
14.88673 0.03669036592524949
14.88793 0.03662513860804905
14.88914 0.03659252494944883
14.89035 0.0365599112908486
14.89155 0.036527297632248386
14.89276 0.036462070315047945
14.89397 0.036429456656447715
14.89517 0.036364229339247274
14.89638 0.03633161568064706
14.89759 0.03626638836344661
14.89879 0.03623377470484639
14.9 0.036168547387645945
14.90121 0.036103320070445505
14.90241 0.036038092753245064
14.90362 0.03597286543604462
14.90483 0.035907638118844176
14.90603 0.03584241080164373
14.90724 0.03577718348444329
14.90845 0.03567934250864262
14.90966 0.03561411519144217
14.91086 0.03554888787424173
14.91207 0.035451046898441065
14.91328 0.035385819581240624
14.91448 0.035320592264040176
14.91569 0.035255364946839736
14.9169 0.03519013762963929
14.9181 0.03512491031243885
14.91931 0.03509229665383863
14.92052 0.035027069336638184
14.92172 0.03499445567803796
14.92293 0.03496184201943774
14.92414 0.034896614702237296
14.92534 0.03486400104363707
14.92655 0.034831387385036855
14.92776 0.03479877372643663
14.92896 0.034733546409236184
14.93017 0.03470093275063597
14.93138 0.03466831909203574
14.93259 0.03466831909203574
14.93379 0.03463570543343552
14.935 0.0346030917748353
14.93621 0.0346030917748353
14.93741 0.0346030917748353
14.93862 0.0346030917748353
14.93983 0.0346030917748353
14.94103 0.0346030917748353
14.94224 0.0346030917748353
14.94345 0.03463570543343552
14.94465 0.03466831909203574
14.94586 0.03470093275063597
14.94707 0.034733546409236184
14.94827 0.03479877372643663
14.94948 0.034831387385036855
14.95069 0.034896614702237296
14.95189 0.03496184201943774
14.9531 0.035027069336638184
14.95431 0.03509229665383863
14.95551 0.03515752397103907
14.95672 0.03522275128823952
14.95793 0.03528797860543996
14.95914 0.035385819581240624
14.96034 0.035451046898441065
14.96155 0.03554888787424173
14.96276 0.03561411519144217
14.96396 0.03571195616724284
14.96517 0.035809797143043505
14.96638 0.035875024460243946
14.96758 0.03597286543604462
14.96879 0.03607070641184528
14.97 0.03620116104624617
14.9712 0.03629900202204683
14.97241 0.0363968429978475
14.97362 0.036527297632248386
14.97482 0.03662513860804905
14.97603 0.03675559324244994
14.97724 0.0368534342182506
14.97844 0.03698388885265149
14.97965 0.037081729828452155
14.98086 0.03721218446285304
14.98206 0.03731002543865371
14.98327 0.03740786641445437
14.98448 0.03753832104885526
14.98569 0.037636162024655924
14.98689 0.037734003000456595
14.9881 0.03783184397625725
14.98931 0.037929684952057924
14.99051 0.03802752592785859
14.99172 0.03812536690365925
14.99293 0.03822320787945992
14.99413 0.03832104885526058
14.99534 0.03841888983106125
14.99655 0.03851673080686191
14.99775 0.03861457178266258
14.99896 0.038712412758463245
15.00017 0.03881025373426391
15.00137 0.038908094710064574
15.00258 0.03900593568586524
15.00379 0.03910377666166591
15.00499 0.03920161763746657
15.0062 0.03929945861326724
15.00741 0.0393972995890679
15.00861 0.03949514056486857
15.00982 0.03956036788206901
15.01103 0.03965820885786968
15.01224 0.039756049833670336
15.01344 0.03982127715087078
15.01465 0.03991911812667145
15.01586 0.039984345443871895
15.01706 0.04008218641967256
15.01827 0.040147413736873
15.01948 0.04024525471267367
15.02068 0.040343095688474336
15.02189 0.040440936664275
15.0231 0.04050616398147544
15.0243 0.040604004957276105
15.02551 0.04073445959167699
15.02672 0.04083230056747766
15.02792 0.04093014154327833
15.02913 0.041060596177679216
15.03034 0.041158437153479874
15.03154 0.04128889178788076
15.03275 0.04141934642228165
15.03396 0.041517187398082314
15.03516 0.0416476420324832
15.03637 0.04177809666688409
15.03758 0.04190855130128498
15.03879 0.042039005935685866
15.03999 0.042169460570086754
15.0412 0.04233252886308786
15.04241 0.04246298349748875
15.04361 0.04262605179048986
15.04482 0.04275650642489075
15.04603 0.04291957471789185
15.04723 0.04308264301089296
15.04844 0.04324571130389407
15.04965 0.04340877959689518
15.05085 0.04360446154849651
15.05206 0.043767529841497614
15.05327 0.04396321179309895
15.05447 0.04415889374470028
15.05568 0.04435457569630161
15.05689 0.04455025764790294
15.05809 0.04474593959950427
15.0593 0.04497423520970582
15.06051 0.04516991716130715
15.06171 0.045398212771508704
15.06292 0.045626508381710264
15.06413 0.04585480399191181
15.06534 0.046050485943513145
15.06654 0.04627878155371469
15.06775 0.04650707716391625
15.06896 0.0467353727741178
15.07016 0.046963668384319354
15.07137 0.04719196399452091
15.07258 0.04742025960472246
15.07378 0.04764855521492401
15.07499 0.04790946448372578
15.0762 0.04813776009392734
15.0774 0.048366055704128885
15.07861 0.04862696497293066
15.07982 0.048855260583132214
15.08102 0.04911616985193399
15.08223 0.049377079120735766
15.08344 0.04960537473093731
15.08464 0.04986628399973909
15.08585 0.050127193268540864
15.08706 0.050355488878742416
15.08826 0.05061639814754419
15.08947 0.05087730741634596
15.09068 0.05110560302654752
15.09189 0.05136651229534929
15.09309 0.05159480790555085
15.0943 0.05185571717435262
15.09551 0.05208401278455418
15.09671 0.052312308394755716
15.09792 0.052540604004957275
15.09913 0.05276889961515883
15.10033 0.053029808883960604
15.10154 0.053258104494162156
15.10275 0.05348640010436371
15.10395 0.053714695714565254
15.10516 0.053942991324766806
15.10637 0.054171286934968366
15.10757 0.05439958254516992
15.10878 0.05462787815537147
15.10999 0.05485617376557303
15.11119 0.05508446937577457
15.1124 0.05531276498597613
15.11361 0.05554106059617768
15.11481 0.05576935620637923
15.11602 0.055997651816580785
15.11723 0.05622594742678233
15.11844 0.05645424303698388
15.11964 0.05668253864718544
15.12085 0.056910834257386994
15.12206 0.05710651620898833
15.12326 0.05733481181918987
15.12447 0.05756310742939143
15.12568 0.057758789380992756
15.12688 0.057987084991194315
15.12809 0.05821538060139587
15.1293 0.05841106255299719
15.1305 0.05863935816319874
15.13171 0.0588676537734003
15.13292 0.05909594938360185
15.13412 0.059324244993803406
15.13533 0.05955254060400495
15.13654 0.05981344987280673
15.13774 0.06004174548300828
15.13895 0.060302654751810056
15.14016 0.06053095036201161
15.14137 0.060791859630813384
15.14257 0.06105276889961516
15.14378 0.06131367816841694
15.14499 0.06154197377861849
15.14619 0.061802883047420265
15.1474 0.06206379231622203
15.14861 0.062357315243624034
15.14981 0.0626182245124258
15.15102 0.06287913378122757
15.15223 0.06317265670862957
15.15343 0.06343356597743134
15.15464 0.06372708890483333
15.15585 0.06402061183223534
15.15705 0.06431413475963733
15.15826 0.06460765768703934
15.15947 0.06490118061444133
15.16067 0.06522731720044354
15.16188 0.06552084012784554
15.16309 0.06584697671384776
15.16429 0.06617311329984997
15.1655 0.06653186354445242
15.16671 0.06685800013045463
15.16792 0.06718413671645686
15.16912 0.06754288696105928
15.17033 0.06790163720566174
15.17154 0.06826038745026418
15.17274 0.0686191376948666
15.17395 0.06897788793946905
15.17516 0.06933663818407149
15.17636 0.06969538842867393
15.17757 0.07005413867327637
15.17878 0.07041288891787881
15.17998 0.07077163916248125
15.18119 0.0711630030656839
15.1824 0.07152175331028635
15.1836 0.07188050355488879
15.18481 0.07223925379949123
15.18602 0.0726306177026939
15.18722 0.07298936794729632
15.18843 0.07338073185049898
15.18964 0.07377209575370165
15.19084 0.07413084599830409
15.19205 0.07452220990150675
15.19326 0.07491357380470941
15.19447 0.07530493770791206
15.19567 0.0756636879525145
15.19688 0.07605505185571718
15.19809 0.07644641575891983
15.19929 0.07680516600352227
15.2005 0.07719652990672493
15.20171 0.07755528015132737
15.20291 0.07794664405453004
15.20412 0.07830539429913247
15.20533 0.07866414454373491
15.20653 0.07902289478833736
15.20774 0.07934903137433957
15.20895 0.07970778161894201
15.21015 0.08006653186354445
15.21136 0.08039266844954666
15.21257 0.0807514186941491
15.21377 0.08107755528015133
15.21498 0.08143630552475377
15.21619 0.08176244211075598
15.21739 0.0820885786967582
15.2186 0.08244732894136064
15.21981 0.08277346552736285
15.22102 0.08309960211336508
15.22222 0.08342573869936729
15.22343 0.08375187528536952
15.22464 0.08411062552997195
15.22584 0.08443676211597417
15.22705 0.08476289870197638
15.22826 0.0850890352879786
15.22946 0.08541517187398083
15.23067 0.08574130845998304
15.23188 0.08603483138738503
15.23308 0.08636096797338726
15.23429 0.08668710455938947
15.2355 0.08698062748679146
15.2367 0.08730676407279368
15.23791 0.08760028700019568
15.23912 0.0879264235861979
15.24032 0.08825256017220012
15.24153 0.08854608309960212
15.24274 0.08887221968560433
15.24394 0.08919835627160655
15.24515 0.08952449285760876
15.24636 0.08985062944361098
15.24757 0.09020937968821342
15.24877 0.09053551627421565
15.24998 0.09089426651881807
15.25119 0.09125301676342053
15.25239 0.09157915334942274
15.2536 0.09193790359402518
15.25481 0.09229665383862762
15.25601 0.09265540408323006
15.25722 0.09304676798643272
15.25843 0.09340551823103516
15.25963 0.0937642684756376
15.26084 0.09415563237884025
15.26205 0.0945143826234427
15.26325 0.09490574652664537
15.26446 0.09529711042984802
15.26567 0.09568847433305068
15.26687 0.09607983823625334
15.26808 0.096471202139456
15.26929 0.09686256604265867
15.27049 0.09728654360446154
15.2717 0.09767790750766421
15.27291 0.09810188506946708
15.27412 0.09852586263126997
15.27532 0.09894984019307286
15.27653 0.09940643141347597
15.27774 0.09983040897527884
15.27894 0.10028700019568194
15.28015 0.10074359141608506
15.28136 0.10120018263648815
15.28256 0.10165677385689126
15.28377 0.10211336507729436
15.28498 0.10256995629769747
15.28618 0.10302654751810059
15.28739 0.10348313873850369
15.2886 0.10397234361750701
15.2898 0.10442893483791012
15.29101 0.10488552605831322
15.29222 0.10534211727871633
15.29342 0.10579870849911942
15.29463 0.10625529971952252
15.29584 0.10674450459852587
15.29704 0.10720109581892898
15.29825 0.10765768703933207
15.29946 0.10811427825973517
15.30067 0.10860348313873851
15.30187 0.1090600743591416
15.30308 0.10954927923814493
15.30429 0.11000587045854805
15.30549 0.11049507533755136
15.3067 0.11095166655795448
15.30791 0.1114408714369578
15.30911 0.1118974626573609
15.31032 0.11235405387776401
15.31153 0.11281064509816711
15.31273 0.1132672363185702
15.31394 0.11372382753897331
15.31515 0.11418041875937643
15.31635 0.1146043963211793
15.31756 0.11506098754158241
15.31877 0.11548496510338528
15.31997 0.11590894266518818
15.32118 0.11633292022699106
15.32239 0.11675689778879395
15.32359 0.11718087535059682
15.3248 0.11757223925379949
15.32601 0.11799621681560236
15.32722 0.11838758071880504
15.32842 0.11881155828060791
15.32963 0.11920292218381058
15.33084 0.11959428608701324
15.33204 0.11998564999021591
15.33325 0.12037701389341855
15.33446 0.12080099145522144
15.33566 0.1211597416998239
15.33687 0.12155110560302654
15.33808 0.12194246950622921
15.33928 0.12233383340943188
15.34049 0.12272519731263452
15.3417 0.12308394755723698
15.3429 0.12344269780183942
15.34411 0.12383406170504206
15.34532 0.12419281194964452
15.34652 0.12455156219424696
15.34773 0.12487769878024915
15.34894 0.1252364490248516
15.35015 0.12559519926945406
15.35135 0.1259539495140565
15.35256 0.1262800861000587
15.35377 0.12663883634466117
15.35497 0.12699758658926358
15.35618 0.12735633683386602
15.35739 0.12771508707846846
15.35859 0.12804122366447068
15.3598 0.12839997390907312
15.36101 0.12879133781227578
15.36221 0.12915008805687822
15.36342 0.12950883830148066
15.36463 0.12990020220468332
15.36583 0.13025895244928576
15.36704 0.1306177026938882
15.36825 0.13100906659709086
15.36945 0.1313678168416933
15.37066 0.13175918074489595
15.37187 0.1321179309894984
15.37307 0.13250929489270105
15.37428 0.1328680451373035
15.37549 0.13325940904050618
15.3767 0.13365077294370883
15.3779 0.13400952318831127
15.37911 0.1344008870915139
15.38032 0.1347922509947166
15.38152 0.13521622855651946
15.38273 0.13560759245972212
15.38394 0.1359989563629248
15.38514 0.13642293392472768
15.38635 0.13684691148653055
15.38756 0.13727088904833346
15.38876 0.13769486661013633
15.38997 0.1381188441719392
15.39118 0.13854282173374208
15.39238 0.13896679929554498
15.39359 0.1394233905159481
15.3948 0.13984736807775097
15.396 0.14030395929815406
15.39721 0.14076055051855715
15.39842 0.14121714173896027
15.39962 0.14164111930076317
15.40083 0.14209771052116626
15.40204 0.14255430174156936
15.40325 0.14301089296197247
15.40445 0.1434674841823756
15.40566 0.14392407540277868
15.40687 0.14438066662318177
15.40807 0.14480464418498468
15.40928 0.1452612354053878
15.41049 0.14571782662579086
15.41169 0.14617441784619398
15.4129 0.1466310090665971
15.41411 0.1471202139456004
15.41531 0.14757680516600352
15.41652 0.1480333963864066
15.41773 0.14848998760680973
15.41893 0.14897919248581304
15.42014 0.14943578370621616
15.42135 0.14989237492661928
15.42255 0.15034896614702237
15.42376 0.15080555736742549
15.42497 0.15126214858782858
15.42617 0.1517187398082317
15.42738 0.15217533102863479
15.42859 0.15259930859043766
15.4298 0.15305589981084078
15.431 0.15347987737264365
15.43221 0.15390385493444655
15.43342 0.15432783249624943
15.43462 0.1547518100580523
15.43583 0.15517578761985518
15.43704 0.15559976518165808
15.43824 0.15602374274346095
15.43945 0.15644772030526383
15.44066 0.1568390842084665
15.44186 0.15726306177026939
15.44307 0.15765442567347204
15.44428 0.15807840323527492
15.44548 0.1584697671384776
15.44669 0.15886113104168026
15.4479 0.15925249494488292
15.4491 0.15964385884808557
15.45031 0.16003522275128826
15.45152 0.1604265866544909
15.45272 0.16081795055769355
15.45393 0.16117670080229599
15.45514 0.16156806470549867
15.45635 0.1619268149501011
15.45755 0.16228556519470352
15.45876 0.16264431543930596
15.45997 0.1630030656839084
15.46117 0.16336181592851087
15.46238 0.1637205661731133
15.46359 0.16407931641771573
15.46479 0.16440545300371798
15.466 0.1647642032483204
15.46721 0.16512295349292283
15.46841 0.16544909007892505
15.46962 0.1658078403235275
15.47083 0.16613397690952972
15.47203 0.16649272715413213
15.47324 0.16681886374013438
15.47445 0.1671776139847368
15.47565 0.16753636422933924
15.47686 0.16786250081534146
15.47807 0.1682212510599439
15.47927 0.16858000130454634
15.48048 0.16893875154914878
15.48169 0.169264888135151
15.4829 0.16962363837975344
15.4841 0.16998238862435588
15.48531 0.1703085252103581
15.48652 0.17066727545496055
15.48772 0.171026025699563
15.48893 0.1713847759441654
15.49014 0.17171091253016765
15.49134 0.17206966277477007
15.49255 0.1724284130193725
15.49376 0.17278716326397495
15.49496 0.1731459135085774
15.49617 0.17350466375317983
15.49738 0.17386341399778227
15.49858 0.1742221642423847
15.49979 0.17458091448698715
15.501 0.1749396647315896
15.5022 0.17529841497619203
15.50341 0.1756897788793947
15.50462 0.17604852912399713
15.50582 0.17643989302719978
15.50703 0.17683125693040244
15.50824 0.1771900071750049
15.50945 0.17758137107820754
15.51065 0.17797273498141022
15.51186 0.17833148522601264
15.51307 0.17872284912921532
15.51427 0.17911421303241795
15.51548 0.17950557693562064
15.51669 0.17986432718022308
15.51789 0.18025569108342573
15.5191 0.1806470549866284
15.52031 0.18100580523123083
15.52151 0.18139716913443352
15.52272 0.18175591937903596
15.52393 0.1821472832822386
15.52513 0.18250603352684105
15.52634 0.18289739743004368
15.52755 0.18325614767464612
15.52875 0.1836475115778488
15.52996 0.18400626182245122
15.53117 0.1843976257256539
15.53237 0.18475637597025635
15.53358 0.18511512621485876
15.53479 0.18550649011806145
15.536 0.18586524036266389
15.5372 0.18622399060726633
15.53841 0.18658274085186874
15.53962 0.1869414910964712
15.54082 0.18730024134107365
15.54203 0.1876589915856761
15.54324 0.18801774183027853
15.54444 0.18834387841628075
15.54565 0.18867001500228295
15.54686 0.18899615158828517
15.54806 0.18932228817428737
15.54927 0.18964842476028962
15.55048 0.1899419476876916
15.55168 0.19026808427369382
15.55289 0.19056160720109583
15.5541 0.1908551301284978
15.5553 0.19114865305589981
15.55651 0.19144217598330182
15.55772 0.1917356989107038
15.55893 0.1920292218381058
15.56013 0.19232274476550779
15.56134 0.19258365403430955
15.56255 0.19284456330311134
15.56375 0.1931054725719131
15.56496 0.1933663818407149
15.56617 0.19362729110951665
15.56737 0.19388820037831844
15.56858 0.1941491096471202
15.56979 0.19437740525732178
15.57099 0.19460570086752332
15.5722 0.19483399647772487
15.57341 0.19506229208792641
15.57461 0.195290587698128
15.57582 0.19548626964972932
15.57703 0.19568195160133062
15.57823 0.19587763355293197
15.57944 0.1960733155045333
15.58065 0.19626899745613463
15.58185 0.19646467940773596
15.58306 0.1966603613593373
15.58427 0.1968234296523384
15.58548 0.19701911160393973
15.58668 0.19718217989694084
15.58789 0.19734524818994195
15.5891 0.19754093014154328
15.5903 0.1977039984345444
15.59151 0.1978670667275455
15.59272 0.19803013502054662
15.59392 0.19822581697214794
15.59513 0.19838888526514906
15.59634 0.19855195355815014
15.59754 0.19871502185115125
15.59875 0.19887809014415236
15.59996 0.19900854477855326
15.60116 0.19917161307155437
15.60237 0.19933468136455548
15.60358 0.19946513599895635
15.60478 0.19962820429195746
15.60599 0.19975865892635836
15.6072 0.19992172721935947
15.6084 0.20005218185376034
15.60961 0.20021525014676148
15.61082 0.20034570478116234
15.61203 0.20050877307416345
15.61323 0.20063922770856435
15.61444 0.20080229600156546
15.61565 0.20093275063596633
15.61685 0.20109581892896744
15.61806 0.20125888722196855
15.61927 0.20142195551496966
15.62047 0.20158502380797078
15.62168 0.2017480921009719
15.62289 0.201911160393973
15.62409 0.2020742286869741
15.6253 0.20223729697997522
15.62651 0.2024003652729763
15.62771 0.20256343356597742
15.62892 0.20272650185897853
15.63013 0.20288957015197964
15.63133 0.20305263844498075
15.63254 0.20321570673798187
15.63375 0.20337877503098298
15.63495 0.2035418433239841
15.63616 0.2037049116169852
15.63737 0.20386797990998629
15.63858 0.20403104820298743
15.63978 0.2041941164959885
15.64099 0.2043245711303894
15.6422 0.20448763942339054
15.6434 0.20465070771639163
15.64461 0.2048137760093927
15.64582 0.2049442306437936
15.64702 0.20510729893679472
15.64823 0.20527036722979583
15.64944 0.20543343552279697
15.65064 0.20556389015719784
15.65185 0.20572695845019892
15.65306 0.20589002674320006
15.65426 0.20602048137760096
15.65547 0.20618354967060204
15.65668 0.20631400430500293
15.65788 0.2064444589394038
15.65909 0.2065749135738047
15.6603 0.20670536820820562
15.6615 0.20680320918400624
15.66271 0.20693366381840717
15.66392 0.2070315047942078
15.66513 0.20712934577000847
15.66633 0.20722718674580914
15.66754 0.20732502772160982
15.66875 0.20742286869741047
15.66995 0.2074880960146109
15.67116 0.20758593699041158
15.67237 0.20765116430761205
15.67357 0.20771639162481245
15.67478 0.2077816189420129
15.67599 0.20784684625921335
15.67719 0.2079120735764138
15.6784 0.20794468723501403
15.67961 0.2080099145522145
15.68081 0.2080751418694149
15.68202 0.20810775552801514
15.68323 0.20814036918661535
15.68443 0.20817298284521557
15.68564 0.20823821016241603
15.68685 0.20827082382101625
15.68805 0.20830343747961644
15.68926 0.20830343747961644
15.69047 0.2083360511382167
15.69168 0.2083360511382167
15.69288 0.2083686647968169
15.69409 0.2083686647968169
15.6953 0.2083686647968169
15.6965 0.2083686647968169
15.69771 0.2083686647968169
15.69892 0.2083360511382167
15.70012 0.2083360511382167
15.70133 0.2083360511382167
15.70254 0.2083360511382167
15.70374 0.20830343747961644
15.70495 0.20830343747961644
15.70616 0.20830343747961644
15.70736 0.20827082382101625
15.70857 0.20827082382101625
15.70978 0.20827082382101625
15.71098 0.20827082382101625
15.71219 0.20827082382101625
15.7134 0.20827082382101625
15.7146 0.20827082382101625
15.71581 0.20830343747961644
15.71702 0.20830343747961644
15.71823 0.20830343747961644
15.71943 0.20830343747961644
15.72064 0.20830343747961644
15.72185 0.2083360511382167
15.72305 0.2083360511382167
15.72426 0.2083360511382167
15.72547 0.2083360511382167
15.72667 0.2083686647968169
15.72788 0.2083686647968169
15.72909 0.2083686647968169
15.73029 0.20840127845541712
15.7315 0.20840127845541712
15.73271 0.20843389211401733
15.73391 0.20843389211401733
15.73512 0.20846650577261758
15.73633 0.2084991194312178
15.73753 0.2084991194312178
15.73874 0.208531733089818
15.73995 0.20856434674841826
15.74115 0.20859696040701847
15.74236 0.2086295740656187
15.74357 0.20866218772421888
15.74478 0.20869480138281915
15.74598 0.20872741504141934
15.74719 0.20879264235861977
15.7484 0.20882525601722002
15.7496 0.20885786967582023
15.75081 0.20889048333442045
15.75202 0.2089230969930207
15.75322 0.2089557106516209
15.75443 0.2089883243102211
15.75564 0.20902093796882132
15.75684 0.20905355162742156
15.75805 0.20905355162742156
15.75926 0.20908616528602178
15.76046 0.20908616528602178
15.76167 0.209118778944622
15.76288 0.209118778944622
15.76408 0.20915139260322224
15.76529 0.20915139260322224
15.7665 0.20915139260322224
15.76771 0.20918400626182246
15.76891 0.20918400626182246
15.77012 0.20918400626182246
15.77133 0.20918400626182246
15.77253 0.20918400626182246
15.77374 0.20918400626182246
15.77495 0.20918400626182246
15.77615 0.20918400626182246
15.77736 0.20918400626182246
15.77857 0.20918400626182246
15.77977 0.20915139260322224
15.78098 0.20915139260322224
15.78219 0.209118778944622
15.78339 0.209118778944622
15.7846 0.20908616528602178
15.78581 0.20905355162742156
15.78701 0.20905355162742156
15.78822 0.20902093796882132
15.78943 0.2089883243102211
15.79063 0.2089230969930207
15.79184 0.20889048333442045
15.79305 0.20885786967582023
15.79426 0.20882525601722002
15.79546 0.20876002870001956
15.79667 0.20872741504141934
15.79788 0.20866218772421888
15.79908 0.2086295740656187
15.80029 0.20859696040701847
15.8015 0.208531733089818
15.8027 0.2084991194312178
15.80391 0.20846650577261758
15.80512 0.20840127845541712
15.80632 0.2083686647968169
15.80753 0.2083360511382167
15.80874 0.20830343747961644
15.80994 0.20827082382101625
15.81115 0.20823821016241603
15.81236 0.2082055965038158
15.81356 0.20814036918661535
15.81477 0.20810775552801514
15.81598 0.2080751418694149
15.81718 0.20804252821081468
15.81839 0.2080099145522145
15.8196 0.20794468723501403
15.82081 0.2079120735764138
15.82201 0.2078794599178136
15.82322 0.20784684625921335
15.82443 0.20781423260061313
15.82563 0.20781423260061313
15.82684 0.2077816189420129
15.82805 0.20774900528341272
15.82925 0.20774900528341272
15.83046 0.20771639162481245
15.83167 0.20771639162481245
15.83287 0.20771639162481245
15.83408 0.20771639162481245
15.83529 0.20771639162481245
15.83649 0.20771639162481245
15.8377 0.20771639162481245
15.83891 0.20771639162481245
15.84011 0.20774900528341272
15.84132 0.20774900528341272
15.84253 0.20774900528341272
15.84373 0.2077816189420129
15.84494 0.2077816189420129
15.84615 0.20781423260061313
15.84736 0.20784684625921335
15.84856 0.20784684625921335
15.84977 0.2078794599178136
15.85098 0.2079120735764138
15.85218 0.20794468723501403
15.85339 0.20797730089361421
15.8546 0.2080099145522145
15.8558 0.2080751418694149
15.85701 0.20810775552801514
15.85822 0.20814036918661535
15.85942 0.2082055965038158
15.86063 0.20827082382101625
15.86184 0.20830343747961644
15.86304 0.2083686647968169
15.86425 0.20843389211401733
15.86546 0.2084991194312178
15.86666 0.20856434674841826
15.86787 0.2086295740656187
15.86908 0.20869480138281915
15.87028 0.20879264235861977
15.87149 0.20885786967582023
15.8727 0.2089230969930207
15.87391 0.2089883243102211
15.87511 0.20905355162742156
15.87632 0.209118778944622
15.87753 0.20921661992042268
15.87873 0.20928184723762314
15.87994 0.20934707455482354
15.88115 0.209412301872024
15.88235 0.20947752918922444
15.88356 0.2095427565064249
15.88477 0.2096079838236253
15.88597 0.20970582479942598
15.88718 0.20977105211662644
15.88839 0.20983627943382688
15.88959 0.20993412040962753
15.8908 0.209999347726828
15.89201 0.21006457504402842
15.89321 0.2101624160198291
15.89442 0.21022764333702956
15.89563 0.21029287065422997
15.89683 0.21035809797143043
15.89804 0.21042332528863086
15.89925 0.21048855260583132
15.90046 0.2105537799230318
15.90166 0.2106190072402322
15.90287 0.2106516208988324
15.90408 0.21071684821603287
15.90528 0.2107494618746331
15.90649 0.21081468919183355
15.9077 0.21084730285043377
15.9089 0.21087991650903395
15.91011 0.21091253016763423
15.91132 0.21094514382623442
15.91252 0.21097775748483463
15.91373 0.21101037114343485
15.91494 0.2110429848020351
15.91614 0.2110755984606353
15.91735 0.21110821211923553
15.91856 0.21110821211923553
15.91976 0.21114082577783577
15.92097 0.211173439436436
15.92218 0.211173439436436
15.92338 0.2112060530950362
15.92459 0.2112060530950362
15.9258 0.2112060530950362
15.92701 0.2112386667536364
15.92821 0.2112386667536364
15.92942 0.2112386667536364
15.93063 0.2112386667536364
15.93183 0.2112386667536364
15.93304 0.2112386667536364
15.93425 0.2112386667536364
15.93545 0.2112060530950362
15.93666 0.2112060530950362
15.93787 0.2112060530950362
15.93907 0.211173439436436
15.94028 0.21114082577783577
15.94149 0.21114082577783577
15.94269 0.21110821211923553
15.9439 0.21110821211923553
15.94511 0.2110755984606353
15.94631 0.2110755984606353
15.94752 0.2110429848020351
15.94873 0.2110429848020351
15.94993 0.2110429848020351
15.95114 0.21101037114343485
15.95235 0.21101037114343485
15.95356 0.21101037114343485
15.95476 0.21101037114343485
15.95597 0.21101037114343485
15.95718 0.21101037114343485
15.95838 0.21101037114343485
15.95959 0.21101037114343485
15.9608 0.21101037114343485
15.962 0.21101037114343485
15.96321 0.21101037114343485
15.96442 0.21101037114343485
15.96562 0.21101037114343485
15.96683 0.2110429848020351
15.96804 0.2110429848020351
15.96924 0.2110429848020351
15.97045 0.2110755984606353
15.97166 0.21110821211923553
15.97286 0.21114082577783577
15.97407 0.211173439436436
15.97528 0.2112060530950362
15.97648 0.2112386667536364
15.97769 0.21130389407083686
15.9789 0.21136912138803732
15.98011 0.21143434870523775
15.98131 0.2114995760224382
15.98252 0.21156480333963862
15.98373 0.2116626443154393
15.98493 0.21172787163263976
15.98614 0.21182571260844038
15.98735 0.21192355358424106
15.98855 0.21198878090144152
15.98976 0.21211923553584242
15.99097 0.2122170765116431
15.99217 0.21231491748744374
15.99338 0.2124127584632444
15.99459 0.21254321309764532
15.99579 0.21267366773204618
15.997 0.21277150870784686
15.99821 0.21290196334224776
15.99941 0.21303241797664862
16.00062 0.21316287261104952
16.00183 0.2133259409040506
16.00304 0.21345639553845147
16.00424 0.2136194638314526
16.00545 0.2137499184658535
16.00666 0.2139129867588546
16.00786 0.21407605505185573
16.00907 0.21427173700345703
16.01028 0.21443480529645817
16.01148 0.21463048724805947
16.01269 0.2147935555410606
16.0139 0.21498923749266194
16.0151 0.21518491944426324
16.01631 0.2153806013958646
16.01752 0.21557628334746592
16.01872 0.21577196529906723
16.01993 0.21596764725066858
16.02114 0.21616332920226994
16.02234 0.21635901115387124
16.02355 0.21655469310547257
16.02476 0.21675037505707392
16.02596 0.21694605700867522
16.02717 0.21710912530167636
16.02838 0.21730480725327767
16.02959 0.217500489204879
16.03079 0.21766355749788008
16.032 0.21785923944948143
16.03321 0.2180549214010828
16.03441 0.2182506033526841
16.03562 0.21844628530428542
16.03683 0.21864196725588678
16.03803 0.2188376492074881
16.03924 0.2190333311590894
16.04045 0.21922901311069076
16.04165 0.21942469506229212
16.04286 0.2195877633552932
16.04407 0.21978344530689453
16.04527 0.21997912725849583
16.04648 0.22014219555149697
16.04769 0.22033787750309827
16.04889 0.2205009457960994
16.0501 0.2206966277477007
16.05131 0.22085969604070185
16.05251 0.22102276433370294
16.05372 0.22118583262670408
16.05493 0.22134890091970516
16.05614 0.22151196921270627
16.05734 0.2216424238471072
16.05855 0.22180549214010828
16.05976 0.22193594677450915
16.06096 0.22209901506751026
16.06217 0.22222946970191118
16.06338 0.22235992433631205
16.06458 0.22249037897071294
16.06579 0.22265344726371403
16.067 0.22278390189811492
16.0682 0.2229143565325158
16.06941 0.2230448111669167
16.07062 0.2231752658013176
16.07182 0.22330572043571847
16.07303 0.2234687887287196
16.07424 0.22359924336312045
16.07544 0.22372969799752135
16.07665 0.2238927662905225
16.07786 0.22402322092492336
16.07906 0.22418628921792444
16.08027 0.22431674385232533
16.08148 0.22444719848672626
16.08269 0.22457765312112715
16.08389 0.22470810775552802
16.0851 0.2248711760485291
16.08631 0.22500163068293
16.08751 0.22513208531733087
16.08872 0.22526253995173182
16.08993 0.22539299458613268
16.09113 0.22555606287913377
16.09234 0.22568651751353466
16.09355 0.2258495858065358
16.09475 0.22598004044093667
16.09596 0.22614310873393775
16.09717 0.22630617702693887
16.09837 0.22646924531994
16.09958 0.2266323136129411
16.10079 0.22679538190594223
16.10199 0.22699106385754353
16.1032 0.22718674580914486
16.10441 0.22734981410214597
16.10561 0.2275454960537473
16.10682 0.22774117800534865
16.10803 0.2279694736155502
16.10924 0.2281651555671515
16.11044 0.22836083751875286
16.11165 0.2285891331289544
16.11286 0.22881742873915595
16.11406 0.2290131106907573
16.11527 0.22924140630095885
16.11648 0.22946970191116042
16.11768 0.22969799752136197
16.11889 0.2299262931315635
16.1201 0.23015458874176503
16.1213 0.23038288435196658
16.12251 0.2306437936207684
16.12372 0.23087208923096994
16.12492 0.2311003848411715
16.12613 0.23136129410997328
16.12734 0.23158958972017482
16.12854 0.23185049898897658
16.12975 0.23211140825777835
16.13096 0.2323397038679799
16.13216 0.23260061313678165
16.13337 0.2328941360641837
16.13458 0.23315504533298545
16.13579 0.2334159546017872
16.13699 0.23367686387058903
16.1382 0.23397038679799098
16.13941 0.23423129606679274
16.14061 0.23452481899419478
16.14182 0.23478572826299654
16.14303 0.23507925119039855
16.14423 0.2353401604592003
16.14544 0.2356336833866023
16.14665 0.2358945926554041
16.14785 0.23615550192420587
16.14906 0.23644902485160785
16.15027 0.23670993412040964
16.15147 0.2369708433892114
16.15268 0.23723175265801316
16.15389 0.23749266192681492
16.15509 0.23775357119561674
16.1563 0.23798186680581826
16.15751 0.23824277607462005
16.15871 0.2385036853434218
16.15992 0.23876459461222357
16.16113 0.23899289022242515
16.16234 0.2392537994912269
16.16354 0.23948209510142845
16.16475 0.23974300437023027
16.16596 0.24000391363903203
16.16716 0.24023220924923358
16.16837 0.24049311851803534
16.16958 0.24072141412823692
16.17078 0.24098232339703868
16.17199 0.24121061900724022
16.1732 0.24147152827604199
16.1744 0.24169982388624353
16.17561 0.24196073315504535
16.17682 0.2421890287652469
16.17802 0.2424173243754484
16.17923 0.24267823364425023
16.18044 0.24290652925445178
16.18164 0.24313482486465332
16.18285 0.2433631204748549
16.18406 0.24359141608505644
16.18526 0.2438523253538582
16.18647 0.24408062096405975
16.18768 0.24430891657426132
16.18889 0.24453721218446287
16.19009 0.2447655077946644
16.1913 0.24499380340486598
16.19251 0.24522209901506753
16.19371 0.24545039462526905
16.19492 0.2456786902354706
16.19613 0.24590698584567214
16.19733 0.24616789511447396
16.19854 0.2463961907246755
16.19975 0.24665709999347726
16.20095 0.24688539560367884
16.20216 0.2471463048724806
16.20337 0.24740721414128236
16.20457 0.24766812341008412
16.20578 0.24792903267888594
16.20699 0.2481899419476877
16.20819 0.24845085121648947
16.2094 0.24871176048529123
16.21061 0.24900528341269323
16.21182 0.249266192681495
16.21302 0.24952710195029676
16.21423 0.2498206248776988
16.21544 0.25008153414650053
16.21664 0.25037505707390256
16.21785 0.25063596634270435
16.21906 0.2509294892701063
16.22026 0.2511903985389081
16.22147 0.2514839214663101
16.22268 0.2517774443937121
16.22388 0.25207096732111406
16.22509 0.25233187658991585
16.2263 0.25262539951731783
16.2275 0.2529189224447198
16.22871 0.25321244537212184
16.22992 0.2535059682995238
16.23112 0.25379949122692586
16.23233 0.25409301415432783
16.23354 0.25441915074033006
16.23474 0.25471267366773204
16.23595 0.255006196595134
16.23716 0.25533233318113624
16.23837 0.2556258561085383
16.23957 0.25595199269454044
16.24078 0.2562455156219425
16.24199 0.2565716522079447
16.24319 0.2568977887939469
16.2444 0.2571913117213489
16.24561 0.2575174483073511
16.24681 0.2578109712347531
16.24802 0.25810449416215514
16.24923 0.25843063074815736
16.25043 0.2587241536755593
16.25164 0.2590176766029613
16.25285 0.2593111995303633
16.25405 0.25960472245776534
16.25526 0.2598982453851673
16.25647 0.2601917683125693
16.25767 0.2604852912399713
16.25888 0.2607788141673733
16.26009 0.2610723370947753
16.26129 0.2613658600221773
16.2625 0.26165938294957924
16.26371 0.2619202922183811
16.26492 0.26221381514578307
16.26612 0.26250733807318505
16.26733 0.262800861000587
16.26854 0.2630617702693888
16.26974 0.2633552931967908
16.27095 0.2636162024655926
16.27216 0.2638771117343943
16.27336 0.26417063466179636
16.27457 0.26443154393059815
16.27578 0.2646924531993999
16.27698 0.2649207488096014
16.27819 0.2651816580784032
16.2794 0.265442567347205
16.2806 0.26567086295740655
16.28181 0.26589915856760815
16.28302 0.2661600678364099
16.28422 0.26638836344661143
16.28543 0.266616659056813
16.28664 0.2668123410084143
16.28784 0.2670406366186159
16.28905 0.2672689322288174
16.29026 0.2674646141804188
16.29147 0.2676929097906203
16.29267 0.2678885917422216
16.29388 0.2681168873524232
16.29509 0.26831256930402453
16.29629 0.26850825125562583
16.2975 0.2687039332072272
16.29871 0.2688996151588285
16.29991 0.26912791076903003
16.30112 0.2693235927206314
16.30233 0.26951927467223274
16.30353 0.26971495662383405
16.30474 0.2699106385754354
16.30595 0.27010632052703676
16.30715 0.2702693888200378
16.30836 0.27046507077163917
16.30957 0.2706281390646403
16.31077 0.2708238210162416
16.31198 0.2709868893092427
16.31319 0.2711499576022438
16.31439 0.2713130258952449
16.3156 0.2715087078468463
16.31681 0.2716717761398474
16.31802 0.27183484443284844
16.31922 0.2719979127258496
16.32043 0.27216098101885067
16.32164 0.27232404931185183
16.32284 0.27251973126345314
16.32405 0.27268279955645425
16.32526 0.27284586784945536
16.32646 0.2730415498010567
16.32767 0.27323723175265796
16.32888 0.2734329137042593
16.33008 0.2736285956558607
16.33129 0.27382427760746203
16.3325 0.27401995955906333
16.3337 0.2742156415106647
16.33491 0.27444393712086623
16.33612 0.27463961907246753
16.33732 0.2748679146826691
16.33853 0.27506359663427044
16.33974 0.275291892244472
16.34094 0.27548757419607334
16.34215 0.2757158698062749
16.34336 0.27594416541647643
16.34457 0.27613984736807773
16.34577 0.2763681429782793
16.34698 0.2765964385884808
16.34819 0.2768573478572826
16.34939 0.27708564346748416
16.3506 0.2773139390776857
16.35181 0.27757484834648755
16.35301 0.2778031439566891
16.35422 0.2780640532254908
16.35543 0.2783249624942926
16.35663 0.27858587176309435
16.35784 0.2788467810318962
16.35905 0.27910769030069793
16.36025 0.2794012132280999
16.36146 0.2796621224969017
16.36267 0.2799556454243037
16.36387 0.2802491683517057
16.36508 0.2805426912791077
16.36629 0.2808362142065097
16.36749 0.2811623507925119
16.3687 0.28145587371991393
16.36991 0.28174939664731585
16.37112 0.2820755332333181
16.37232 0.2823690561607201
16.37353 0.2826625790881221
16.37474 0.2829887156741243
16.37594 0.28328223860152635
16.37715 0.2835757615289283
16.37836 0.28390189811493055
16.37956 0.28419542104233253
16.38077 0.2844889439697345
16.38198 0.2847824668971365
16.38318 0.2850759898245385
16.38439 0.2853695127519405
16.3856 0.28566303567934254
16.3868 0.28595655860674446
16.38801 0.2862826951927467
16.38922 0.2865762181201487
16.39042 0.2868697410475507
16.39163 0.28716326397495273
16.39284 0.28748940056095496
16.39404 0.28778292348835693
16.39525 0.2880764464157589
16.39646 0.2883699693431609
16.39767 0.2886634922705629
16.39887 0.2889570151979649
16.40008 0.28925053812536694
16.40129 0.28954406105276886
16.40249 0.28980497032157065
16.4037 0.2900984932489727
16.40491 0.2903594025177744
16.40611 0.2906203117865762
16.40732 0.290881221055378
16.40853 0.2911421303241798
16.40973 0.29137042593438134
16.41094 0.2916313352031831
16.41215 0.2918596308133846
16.41335 0.2920879264235862
16.41456 0.29231622203378776
16.41577 0.2925445176439893
16.41697 0.29277281325419086
16.41818 0.2930011088643924
16.41939 0.2931967908159937
16.4206 0.29342508642619525
16.4218 0.2936207683777966
16.42301 0.29384906398799815
16.42422 0.2940447459395995
16.42542 0.2942404278912008
16.42663 0.29443610984280216
16.42784 0.2946644054530037
16.42904 0.29486008740460506
16.43025 0.29505576935620637
16.43146 0.2952188376492075
16.43266 0.2954145196008088
16.43387 0.29561020155241013
16.43508 0.2958058835040115
16.43628 0.2959689517970126
16.43749 0.2961646337486139
16.4387 0.296327702041615
16.4399 0.2964907703346161
16.44111 0.29665383862761724
16.44232 0.29681690692061835
16.44352 0.29697997521361946
16.44473 0.2971430435066206
16.44594 0.2973061117996217
16.44715 0.29743656643402255
16.44835 0.29759963472702367
16.44956 0.2977627030200248
16.45077 0.2978931576544257
16.45197 0.29805622594742676
16.45318 0.29821929424042787
16.45439 0.298382362533429
16.45559 0.2985454308264301
16.4568 0.2987084991194312
16.45801 0.2988715674124323
16.45921 0.29906724936403367
16.46042 0.2992303176570348
16.46163 0.2994259996086361
16.46283 0.2995890679016372
16.46404 0.29978474985323855
16.46525 0.2999478181462396
16.46645 0.30014350009784097
16.46766 0.3003391820494423
16.46887 0.30050225034244343
16.47007 0.30069793229404473
16.47128 0.30089361424564603
16.47249 0.3010892961972474
16.4737 0.3012523644902485
16.4749 0.30144804644184986
16.47611 0.30164372839345116
16.47732 0.30187202400365276
16.47852 0.30206770595525406
16.47973 0.30226338790685536
16.48094 0.3024590698584567
16.48214 0.30268736546865826
16.48335 0.30288304742025957
16.48456 0.3031113430304611
16.48576 0.3033396386406627
16.48697 0.303535320592264
16.48818 0.3037636162024656
16.48938 0.30402452547126735
16.49059 0.3042528210814689
16.4918 0.30448111669167044
16.493 0.30474202596047223
16.49421 0.3049703215706738
16.49542 0.30523123083947556
16.49662 0.30549214010827735
16.49783 0.3057204357184789
16.49904 0.3059813449872807
16.50025 0.3062422542560824
16.50145 0.3065031635248842
16.50266 0.306764072793686
16.50387 0.3070249820624878
16.50507 0.30728589133128953
16.50628 0.3075468006000913
16.50749 0.3078077098688931
16.50869 0.30806861913769484
16.5099 0.30829691474789644
16.51111 0.3085578240166982
16.51231 0.30881873328549997
16.51352 0.3090796425543017
16.51473 0.30930793816450325
16.51593 0.3095688474333051
16.51714 0.30982975670210683
16.51835 0.3100906659709086
16.51955 0.31035157523971035
16.52076 0.3106124845085122
16.52197 0.31087339377731393
16.52317 0.3111343030461157
16.52438 0.31139521231491746
16.52559 0.3116561215837193
16.5268 0.31191703085252104
16.528 0.31217794012132283
16.52921 0.31243884939012456
16.53042 0.31269975865892635
16.53162 0.3129280542691279
16.53283 0.3131889635379297
16.53404 0.31341725914813123
16.53524 0.3136455547583328
16.53645 0.3138738503685344
16.53766 0.3141021459787359
16.53886 0.3143304415889374
16.54007 0.31452612354053877
16.54128 0.3147544191507403
16.54248 0.3149501011023417
16.54369 0.315145783053943
16.5449 0.31534146500554433
16.5461 0.3155697606157459
16.54731 0.31576544256734723
16.54852 0.3159285108603483
16.54972 0.31612419281194964
16.55093 0.316319874763551
16.55214 0.31648294305655206
16.55335 0.3166786250081534
16.55455 0.3168416933011545
16.55576 0.3170373752527559
16.55697 0.31720044354575694
16.55817 0.31736351183875805
16.55938 0.31752658013175916
16.56059 0.3176896484247603
16.56179 0.3178527167177614
16.563 0.3179831713521623
16.56421 0.31814623964516336
16.56541 0.31830930793816453
16.56662 0.3184397625725654
16.56783 0.31857021720696627
16.56903 0.3187006718413672
16.57024 0.31883112647576806
16.57145 0.3189615811101689
16.57265 0.3190594220859696
16.57386 0.31918987672037047
16.57507 0.31928771769617115
16.57627 0.319418172330572
16.57748 0.3195160133063727
16.57869 0.31961385428217337
16.5799 0.31971169525797405
16.5811 0.31980953623377467
16.58231 0.3199399908681756
16.58352 0.3200378318439762
16.58472 0.3201356728197769
16.58593 0.3202335137955776
16.58714 0.32036396842997844
16.58834 0.3204618094057791
16.58955 0.32059226404018004
16.59076 0.32069010501598066
16.59196 0.3208205596503816
16.59317 0.32095101428478245
16.59438 0.32104885526058313
16.59558 0.321179309894984
16.59679 0.32130976452938487
16.598 0.32140760550518555
16.5992 0.32153806013958647
16.60041 0.32166851477398734
16.60162 0.321766355749788
16.60282 0.3218968103841889
16.60403 0.32202726501858975
16.60524 0.32215771965299067
16.60645 0.3222555606287913
16.60765 0.3223860152631922
16.60886 0.32251646989759314
16.61007 0.322646924531994
16.61127 0.3227773791663949
16.61248 0.322940447459396
16.61369 0.32307090209379685
16.61489 0.3232013567281977
16.6161 0.3233644250211989
16.61731 0.3235274933142
16.61851 0.3236905616072011
16.61972 0.323821016241602
16.62093 0.3240166981932033
16.62213 0.32417976648620445
16.62334 0.3243428347792055
16.62455 0.32450590307220667
16.62575 0.32470158502380797
16.62696 0.32489726697540927
16.62817 0.3250603352684104
16.62938 0.32525601722001174
16.63058 0.3254516991716131
16.63179 0.3256473811232144
16.633 0.3258430630748157
16.6342 0.3260061313678168
16.63541 0.32620181331941817
16.63662 0.3263974952710195
16.63782 0.3265931772226209
16.63903 0.3267888591742222
16.64024 0.3269845411258235
16.64144 0.32718022307742484
16.64265 0.32737590502902614
16.64386 0.3275715869806275
16.64506 0.32776726893222885
16.64627 0.32796295088383015
16.64748 0.32815863283543145
16.64868 0.3283543147870328
16.64989 0.3285499967386341
16.6511 0.32877829234883565
16.6523 0.328973974300437
16.65351 0.32916965625203837
16.65472 0.32936533820363967
16.65593 0.3295936338138412
16.65713 0.32978931576544257
16.65834 0.3299849977170439
16.65955 0.3301806796686452
16.66075 0.3304089752788468
16.66196 0.33060465723044813
16.66317 0.3308003391820495
16.66437 0.3309960211336508
16.66558 0.3311917030852521
16.66679 0.33138738503685344
16.66799 0.33158306698845474
16.6692 0.3317787489400561
16.67041 0.3319418172330572
16.67161 0.3321374991846585
16.67282 0.3323005674776596
16.67403 0.33246363577066074
16.67523 0.33265931772226204
16.67644 0.3328223860152632
16.67765 0.33298545430826426
16.67885 0.33314852260126543
16.68006 0.3333115908942665
16.68127 0.3334746591872676
16.68248 0.33363772748026876
16.68368 0.3338007957732698
16.68489 0.333963864066271
16.6861 0.33412693235927204
16.6873 0.3342573869936729
16.68851 0.3344204552866741
16.68972 0.3345835235796752
16.69092 0.33471397821407606
16.69213 0.3348770465070771
16.69334 0.3350075011414781
16.69454 0.33517056943447915
16.69575 0.33530102406888
16.69696 0.3354640923618811
16.69816 0.33559454699628205
16.69937 0.33575761528928316
16.70058 0.33588806992368403
16.70178 0.3360185245580849
16.70299 0.33618159285108606
16.7042 0.33631204748548693
16.7054 0.3364425021198878
16.70661 0.33657295675428867
16.70782 0.3367034113886896
16.70903 0.33683386602309046
16.71023 0.3369643206574913
16.71144 0.33709477529189225
16.71265 0.33722522992629317
16.71385 0.3373230709020938
16.71506 0.3374535255364947
16.71627 0.3375839801708956
16.71747 0.33771443480529645
16.71868 0.33784488943969737
16.71989 0.33797534407409824
16.72109 0.3381057987084991
16.7223 0.3382362533429
16.72351 0.3383667079773009
16.72471 0.33849716261170176
16.72592 0.3386276172461027
16.72713 0.33875807188050355
16.72833 0.3388885265149044
16.72954 0.33901898114930534
16.73075 0.3391494357837062
16.73195 0.3392798904181071
16.73316 0.33944295871110824
16.73437 0.3395734133455091
16.73558 0.33970386797991
16.73678 0.33983432261431085
16.73799 0.33996477724871177
16.7392 0.3401278455417128
16.7404 0.34025830017611375
16.74161 0.34038875481051467
16.74282 0.34051920944491554
16.74402 0.3406496640793164
16.74523 0.3407801187137173
16.74644 0.3409105733481182
16.74764 0.34104102798251906
16.74885 0.34117148261691993
16.75006 0.34130193725132085
16.75126 0.3413997782271215
16.75247 0.3415302328615224
16.75368 0.3416606874959233
16.75488 0.3417911421303242
16.75609 0.34188898310612487
16.7573 0.34201943774052573
16.7585 0.3421498923749266
16.75971 0.3422477333507273
16.76092 0.3423781879851282
16.76213 0.34250864261952907
16.76333 0.34260648359532975
16.76454 0.3427369382297306
16.76575 0.3428347792055313
16.76695 0.34296523383993216
16.76816 0.34306307481573284
16.76937 0.34316091579153346
16.77057 0.34325875676733414
16.77178 0.3433565977431348
16.77299 0.3434544387189355
16.77419 0.3435522796947362
16.7754 0.3436175070119366
16.77661 0.34371534798773723
16.77781 0.3437805753049377
16.77902 0.34384580262213815
16.78023 0.3439110299393386
16.78143 0.343976257256539
16.78264 0.34404148457373945
16.78385 0.3440740982323397
16.78505 0.34413932554954013
16.78626 0.3441719392081404
16.78747 0.34420455286674057
16.78868 0.34426978018394105
16.78988 0.34430239384254124
16.79109 0.34433500750114143
16.7923 0.34433500750114143
16.7935 0.34436762115974173
16.79471 0.3444002348183419
16.79592 0.3444002348183419
16.79712 0.3444002348183419
16.79833 0.3444328484769421
16.79954 0.3444328484769421
16.80074 0.3444328484769421
16.80195 0.3444002348183419
16.80316 0.3444002348183419
16.80436 0.34436762115974173
16.80557 0.34436762115974173
16.80678 0.34433500750114143
16.80798 0.34430239384254124
16.80919 0.34426978018394105
16.8104 0.3442371665253408
16.8116 0.3441719392081404
16.81281 0.34413932554954013
16.81402 0.3440740982323397
16.81523 0.34400887091513926
16.81643 0.34394364359793883
16.81764 0.3438784162807384
16.81885 0.3438131889635379
16.82005 0.34371534798773723
16.82126 0.34365012067053685
16.82247 0.3435522796947362
16.82367 0.3434544387189355
16.82488 0.343389211401735
16.82609 0.3432913704259344
16.82729 0.3431935294501337
16.8285 0.343095688474333
16.82971 0.3429978474985324
16.83091 0.3429000065227317
16.83212 0.34280216554693105
16.83333 0.3426717109125301
16.83453 0.3425738699367295
16.83574 0.3424760289609289
16.83695 0.3423455743265279
16.83816 0.34221511969212703
16.83936 0.34211727871632636
16.84057 0.3419868240819255
16.84178 0.3418563694475246
16.84298 0.3416933011545235
16.84419 0.34156284652012264
16.8454 0.3414323918857218
16.8466 0.34130193725132085
16.84781 0.34113886895831974
16.84902 0.3410084143239189
16.85022 0.34084534603091776
16.85143 0.34071489139651684
16.85264 0.3405518231035157
16.85384 0.34042136846911486
16.85505 0.340290913834714
16.85626 0.3401278455417128
16.85746 0.33999739090731196
16.85867 0.3398669362729111
16.85988 0.33970386797991
16.86108 0.3395734133455091
16.86229 0.33944295871110824
16.8635 0.3393125040767073
16.86471 0.3391820494423064
16.86591 0.33901898114930534
16.86712 0.3388885265149044
16.86833 0.33875807188050355
16.86953 0.33859500358750244
16.87074 0.3384645489531015
16.87195 0.33830148066010046
16.87315 0.3381710260256996
16.87436 0.33804057139129867
16.87557 0.33787750309829756
16.87677 0.3377470484638967
16.87798 0.33761659382949577
16.87919 0.3374861391950949
16.88039 0.33735568456069404
16.8816 0.33722522992629317
16.88281 0.33709477529189225
16.88401 0.33699693431609157
16.88522 0.33689909334029094
16.88643 0.33676863870589
16.88763 0.33667079773008934
16.88884 0.3366055704128889
16.89005 0.33650772943708823
16.89126 0.3364425021198878
16.89246 0.3363446611440871
16.89367 0.3362794338268867
16.89488 0.33621420650968625
16.89608 0.3361163655338856
16.89729 0.33605113821668514
16.8985 0.3359859108994847
16.8997 0.3359532972408845
16.90091 0.33588806992368403
16.90212 0.3358228426064836
16.90332 0.33579022894788335
16.90453 0.33575761528928316
16.90574 0.3357250016306829
16.90694 0.3356923879720827
16.90815 0.3356597743134825
16.90936 0.33562716065488224
16.91056 0.33562716065488224
16.91177 0.33559454699628205
16.91298 0.33559454699628205
16.91418 0.33559454699628205
16.91539 0.33562716065488224
16.9166 0.33562716065488224
16.91781 0.3356597743134825
16.91901 0.3356923879720827
16.92022 0.3357250016306829
16.92143 0.33575761528928316
16.92263 0.33579022894788335
16.92384 0.33585545626508384
16.92505 0.3359206835822842
16.92625 0.3359859108994847
16.92746 0.33605113821668514
16.92867 0.3361163655338856
16.92987 0.33618159285108606
16.93108 0.3362794338268867
16.93229 0.33637727480268736
16.93349 0.3364425021198878
16.9347 0.3365403430956885
16.93591 0.33663818407148915
16.93711 0.3367360250472898
16.93832 0.3368664796816907
16.93953 0.3369643206574913
16.94073 0.337062161633292
16.94194 0.33719261626769287
16.94315 0.33729045724349355
16.94436 0.33742091187789447
16.94556 0.3375187528536951
16.94677 0.337649207488096
16.94798 0.3377796621224969
16.94918 0.33791011675689775
16.95039 0.33804057139129867
16.9516 0.3381710260256996
16.9528 0.33830148066010046
16.95401 0.3384645489531015
16.95522 0.33859500358750244
16.95642 0.33875807188050355
16.95763 0.33892114017350466
16.95884 0.33905159480790553
16.96004 0.3392146631009067
16.96125 0.33937773139390776
16.96246 0.3395734133455091
16.96366 0.3397364816385102
16.96487 0.3398995499315113
16.96608 0.34009523188311264
16.96728 0.34025830017611375
16.96849 0.34045398212771505
16.9697 0.3406496640793164
16.97091 0.34084534603091776
16.97211 0.34104102798251906
16.97332 0.3412693235927206
16.97453 0.34146500554432196
16.97573 0.3416933011545235
16.97694 0.34192159676472506
16.97815 0.3421498923749266
16.97935 0.3423781879851282
16.98056 0.34260648359532975
16.98177 0.3428673928641315
16.98297 0.343095688474333
16.98418 0.3433565977431348
16.98539 0.3436175070119366
16.98659 0.3438784162807384
16.9878 0.34413932554954013
16.98901 0.34436762115974173
16.99021 0.34462853042854347
16.99142 0.34488943969734526
16.99263 0.345150348966147
16.99383 0.3454112582349488
16.99504 0.34567216750375057
16.99625 0.3459330767725523
16.99746 0.3461939860413541
16.99866 0.3464548953101559
16.99987 0.3466831909203575
17.00108 0.3469441001891592
17.00228 0.3472376231165612
17.00349 0.347498532385363
17.0047 0.34779205531276497
17.0059 0.348085578240167
17.00711 0.348379101167569
17.00832 0.34867262409497096
17.00952 0.3489987606809732
17.01073 0.34929228360837516
17.01194 0.34958580653577714
17.01314 0.3498793294631792
17.01435 0.35017285239058116
17.01556 0.3504663753179832
17.01676 0.3507272845867849
17.01797 0.3509881938555867
17.01918 0.3512491031243885
17.02038 0.35151001239319024
17.02159 0.3517056943447916
17.0228 0.35193398995499314
17.02401 0.35212967190659444
17.02521 0.3522927401995956
17.02642 0.3524231948339965
17.02763 0.35255364946839735
17.02883 0.35268410410279827
17.03004 0.35278194507859895
17.03125 0.35287978605439957
17.03245 0.3529450133716
17.03366 0.3530102406888005
17.03487 0.35307546800600087
17.03607 0.35310808166460117
17.03728 0.35314069532320136
17.03849 0.35317330898180155
17.03969 0.35317330898180155
17.0409 0.35317330898180155
17.04211 0.35314069532320136
17.04331 0.35310808166460117
17.04452 0.35307546800600087
17.04573 0.3530102406888005
17.04694 0.3529450133716
17.04814 0.35287978605439957
17.04935 0.35278194507859895
17.05056 0.35268410410279827
17.05176 0.3525862631269976
17.05297 0.35245580849259667
17.05418 0.3523253538581958
17.05538 0.35216228556519474
17.05659 0.3519992172721936
17.0578 0.3518035353205922
17.059 0.3516078533689909
17.06021 0.3513469441001892
17.06142 0.35111864848998764
17.06262 0.3508251255625856
17.06383 0.3505316026351836
17.06504 0.3502380797077816
17.06624 0.34994455678037967
17.06745 0.3496184201943774
17.06866 0.34929228360837516
17.06986 0.34893353336377275
17.07107 0.34860739677777053
17.07228 0.3482812601917683
17.07349 0.34792250994716584
17.07469 0.3475963733611636
17.0759 0.3472376231165612
17.07711 0.34691148653055903
17.07831 0.3465853499445568
17.07952 0.3462592133585546
17.08073 0.34596569043115255
17.08193 0.34567216750375057
17.08314 0.3454112582349488
17.08435 0.3451177353075468
17.08555 0.344856826038745
17.08676 0.3445959167699433
17.08797 0.34433500750114143
17.08917 0.3440740982323397
17.09038 0.3438131889635379
17.09159 0.3435522796947362
17.09279 0.3432913704259344
17.094 0.34306307481573284
17.09521 0.34280216554693105
17.09641 0.34254125627812926
17.09762 0.3423129606679277
17.09883 0.34208466505772617
17.10004 0.3418237557889244
17.10124 0.34159546017872283
17.10245 0.3413671645685213
17.10366 0.34113886895831974
17.10486 0.3409105733481182
17.10607 0.34068227773791665
17.10728 0.34045398212771505
17.10848 0.3402256865175135
17.10969 0.3400300045659122
17.1109 0.33983432261431085
17.1121 0.3396060270041093
17.11331 0.339410345052508
17.11452 0.3392146631009067
17.11572 0.33901898114930534
17.11693 0.33885591285630423
17.11814 0.3386602309047029
17.11934 0.33849716261170176
17.12055 0.33833409431870065
17.12176 0.3381710260256996
17.12296 0.3380079577326984
17.12417 0.33784488943969737
17.12538 0.3376818211466962
17.12659 0.3375187528536951
17.12779 0.33735568456069404
17.129 0.33722522992629317
17.13021 0.337062161633292
17.13141 0.33689909334029094
17.13262 0.3367360250472898
17.13383 0.33657295675428867
17.13503 0.3364098884612876
17.13624 0.33624682016828644
17.13745 0.33605113821668514
17.13865 0.33588806992368403
17.13986 0.3356923879720827
17.14107 0.3355293196790816
17.14227 0.33530102406888
17.14348 0.3351053421172787
17.14469 0.3349096601656774
17.14589 0.3346813645554758
17.1471 0.3344856826038745
17.14831 0.3342573869936729
17.14951 0.33402909138347137
17.15072 0.3338007957732698
17.15193 0.3335725001630683
17.15314 0.33334420455286673
17.15434 0.3331159089426652
17.15555 0.3329202269910639
17.15676 0.33269193138086234
17.15796 0.33246363577066074
17.15917 0.33226795381905944
17.16038 0.3320722718674581
17.16158 0.3318765899158568
17.16279 0.3316809079642554
17.164 0.3315178396712543
17.1652 0.3313547713782532
17.16641 0.3311917030852521
17.16762 0.3310612484508512
17.16882 0.33093079381645035
17.17003 0.3308003391820495
17.17124 0.3307024982062488
17.17244 0.3305720435718479
17.17365 0.3304742025960472
17.17486 0.3303763616202466
17.17606 0.3302785206444459
17.17727 0.3301806796686452
17.17848 0.33008283869284455
17.17969 0.3300176113756441
17.18089 0.3299523840584437
17.1821 0.32988715674124325
17.18331 0.32982192942404276
17.18451 0.32978931576544257
17.18572 0.3297240884482421
17.18693 0.3296914747896419
17.18813 0.3296588611310417
17.18934 0.32962624747244146
17.19055 0.32962624747244146
17.19175 0.32962624747244146
17.19296 0.32962624747244146
17.19417 0.32962624747244146
17.19537 0.32962624747244146
17.19658 0.3296588611310417
17.19779 0.3296914747896419
17.19899 0.3297240884482421
17.2002 0.32978931576544257
17.20141 0.329854543082643
17.20261 0.3299523840584437
17.20382 0.3300502250342443
17.20503 0.330148066010045
17.20624 0.33024590698584566
17.20744 0.3303763616202466
17.20865 0.33050681625464745
17.20986 0.3306372708890483
17.21106 0.3307677255234492
17.21227 0.3308981801578501
17.21348 0.33102863479225103
17.21468 0.3311917030852521
17.21589 0.331322157719653
17.2171 0.3314526123540539
17.2183 0.33158306698845474
17.21951 0.3317135216228556
17.22072 0.33184397625725653
17.22192 0.33197443089165746
17.22313 0.3321048855260583
17.22434 0.332202726501859
17.22554 0.3323005674776596
17.22675 0.3323984084534603
17.22796 0.332496249429261
17.22916 0.33259409040506166
17.23037 0.33269193138086234
17.23158 0.33278977235666296
17.23279 0.3329202269910639
17.23399 0.33301806796686456
17.2352 0.3331159089426652
17.23641 0.33321374991846586
17.23761 0.3333115908942665
17.23882 0.33340943187006716
17.24003 0.33350727284586784
17.24123 0.3335725001630683
17.24244 0.33367034113886895
17.24365 0.33376818211466963
17.24485 0.33383340943187007
17.24606 0.3338986367490705
17.24727 0.333963864066271
17.24847 0.33402909138347137
17.24968 0.33409431870067186
17.25089 0.33412693235927204
17.25209 0.33419215967647253
17.2533 0.3342247733350727
17.25451 0.3342247733350727
17.25571 0.3342573869936729
17.25692 0.3342573869936729
17.25813 0.3342573869936729
17.25934 0.3342573869936729
17.26054 0.3342573869936729
17.26175 0.3342573869936729
17.26296 0.3342247733350727
17.26416 0.33419215967647253
17.26537 0.3341595460178723
17.26658 0.33412693235927204
17.26778 0.33409431870067186
17.26899 0.3340617050420716
17.2702 0.33402909138347137
17.2714 0.333963864066271
17.27261 0.3339312504076707
17.27382 0.3338660230904703
17.27502 0.3338007957732698
17.27623 0.33376818211466963
17.27744 0.33370295479746914
17.27864 0.33363772748026876
17.27985 0.3335725001630683
17.28106 0.3335398865044681
17.28227 0.3334746591872676
17.28347 0.33340943187006716
17.28468 0.33334420455286673
17.28589 0.3332789772356663
17.28709 0.3331811362598656
17.2883 0.3331159089426652
17.28951 0.33301806796686456
17.29071 0.3329202269910639
17.29192 0.3328223860152632
17.29313 0.3327245450394625
17.29433 0.33262670406366185
17.29554 0.33252886308786117
17.29675 0.33243102211206055
17.29795 0.33233318113625987
17.29916 0.3322353401604592
17.30037 0.3321374991846585
17.30157 0.33203965820885784
17.30278 0.33197443089165746
17.30399 0.3318765899158568
17.30519 0.3318113625986563
17.3064 0.3317135216228556
17.30761 0.33164829430565523
17.30882 0.33158306698845474
17.31002 0.3315178396712543
17.31123 0.33148522601265407
17.31244 0.3314526123540539
17.31364 0.33141999869545363
17.31485 0.33138738503685344
17.31606 0.3313547713782532
17.31726 0.331322157719653
17.31847 0.331322157719653
17.31968 0.33128954406105277
17.32088 0.33128954406105277
17.32209 0.3312569304024525
17.3233 0.3312569304024525
17.3245 0.3312569304024525
17.32571 0.3312569304024525
17.32692 0.3312569304024525
17.32812 0.3312569304024525
17.32933 0.33128954406105277
17.33054 0.33128954406105277
17.33174 0.331322157719653
17.33295 0.3313547713782532
17.33416 0.3313547713782532
17.33537 0.33138738503685344
17.33657 0.3314526123540539
17.33778 0.33148522601265407
17.33899 0.3315178396712543
17.34019 0.33158306698845474
17.3414 0.331615680647055
17.34261 0.3316809079642554
17.34381 0.3317461352814559
17.34502 0.33184397625725653
17.34623 0.33190920357445697
17.34743 0.33200704455025765
17.34864 0.3321048855260583
17.34985 0.332202726501859
17.35105 0.3323005674776596
17.35226 0.3323984084534603
17.35347 0.33252886308786117
17.35467 0.33262670406366185
17.35588 0.3327245450394625
17.35709 0.3328549996738634
17.35829 0.3329528406496641
17.3595 0.33308329528406494
17.36071 0.3331811362598656
17.36192 0.3333115908942665
17.36312 0.33340943187006716
17.36433 0.3335398865044681
17.36554 0.33363772748026876
17.36674 0.3337355684560694
17.36795 0.33383340943187007
17.36916 0.3339312504076707
17.37036 0.33402909138347137
17.37157 0.33409431870067186
17.37278 0.33419215967647253
17.37398 0.3342573869936729
17.37519 0.3343552279694736
17.3764 0.33445306894527427
17.3776 0.3345182962624747
17.37881 0.3346161372382754
17.38002 0.3346813645554758
17.38122 0.33474659187267625
17.38243 0.3348444328484769
17.38364 0.3349096601656774
17.38484 0.3350075011414781
17.38605 0.33507272845867847
17.38726 0.33513795577587896
17.38847 0.33523579675167964
17.38967 0.33530102406888
17.39088 0.3353662513860805
17.39209 0.33543147870328094
17.39329 0.3355293196790816
17.3945 0.33559454699628205
17.39571 0.3356597743134825
17.39691 0.3357250016306829
17.39812 0.33579022894788335
17.39933 0.33585545626508384
17.40053 0.3359206835822842
17.40174 0.3359859108994847
17.40295 0.33605113821668514
17.40415 0.3361163655338856
17.40536 0.3361489791924858
17.40657 0.33621420650968625
17.40777 0.3362794338268867
17.40898 0.33631204748548693
17.41019 0.33637727480268736
17.41139 0.3364098884612876
17.4126 0.33647511577848804
17.41381 0.33650772943708823
17.41502 0.33657295675428867
17.41622 0.3366055704128889
17.41743 0.33667079773008934
17.41864 0.3367360250472898
17.41984 0.33680125236449027
17.42105 0.3368664796816907
17.42226 0.33693170699889113
17.42346 0.33699693431609157
17.42467 0.337062161633292
17.42588 0.3371600026090927
17.42708 0.33722522992629317
17.42829 0.3373230709020938
17.4295 0.33742091187789447
17.4307 0.3375187528536951
17.43191 0.337649207488096
17.43312 0.3377470484638967
17.43432 0.33784488943969737
17.43553 0.33797534407409824
17.43674 0.3380731850498989
17.43794 0.3382036396842998
17.43915 0.33830148066010046
17.44036 0.33843193529450133
17.44157 0.3385623899289022
17.44277 0.3386928445633031
17.44398 0.338823299197704
17.44519 0.33895375383210485
17.44639 0.3390842084665058
17.4476 0.3392472767595069
17.44881 0.33937773139390776
17.45001 0.33954079968690887
17.45122 0.3396712543213098
17.45243 0.33983432261431085
17.45363 0.33999739090731196
17.45484 0.3401278455417128
17.45605 0.340290913834714
17.45725 0.34045398212771505
17.45846 0.3406170504207162
17.45967 0.3408127323723175
17.46087 0.34097580066531863
17.46208 0.34117148261691993
17.46329 0.3413671645685213
17.46449 0.34156284652012264
17.4657 0.34175852847172394
17.46691 0.3419542104233253
17.46812 0.3421498923749266
17.46932 0.3423455743265279
17.47053 0.3425738699367295
17.47174 0.3427695518883308
17.47294 0.3429978474985324
17.47415 0.3431935294501337
17.47536 0.343389211401735
17.47656 0.3436175070119366
17.47777 0.3438131889635379
17.47898 0.34404148457373945
17.48018 0.3442371665253408
17.48139 0.3444328484769421
17.4826 0.34462853042854347
17.4838 0.344856826038745
17.48501 0.34505250799034637
17.48622 0.3452155762833475
17.48742 0.3454112582349488
17.48863 0.3456069401865501
17.48984 0.34580262213815144
17.49105 0.3459983040897528
17.49225 0.3461613723827539
17.49346 0.3463570543343552
17.49467 0.3465527362859565
17.49587 0.34674841823755786
17.49708 0.3469441001891592
17.49829 0.34710716848216033
17.49949 0.34730285043376163
17.5007 0.347498532385363
17.50191 0.3476616006783641
17.50311 0.34785728262996546
17.50432 0.3480203509229665
17.50553 0.34821603287456787
17.50673 0.348379101167569
17.50794 0.3485421694605701
17.50915 0.3487052377535712
17.51035 0.34886830604657226
17.51156 0.34903137433957343
17.51277 0.3491618289739743
17.51397 0.3493248972669754
17.51518 0.3494553519013763
17.51639 0.34958580653577714
17.5176 0.34971626117017807
17.5188 0.349846715804579
17.52001 0.34994455678037967
17.52122 0.35007501141478053
17.52242 0.35017285239058116
17.52363 0.35027069336638184
17.52484 0.3504011480007827
17.52604 0.3504989889765834
17.52725 0.3505642162937838
17.52846 0.3506620572695845
17.52966 0.35075989824538517
17.53087 0.3508251255625856
17.53208 0.3509229665383863
17.53328 0.3509881938555867
17.53449 0.35108603483138734
17.5357 0.35115126214858783
17.5369 0.35121648946578826
17.53811 0.3512817167829887
17.53932 0.3513469441001892
17.54052 0.3514121714173896
17.54173 0.35147739873459005
17.54294 0.35151001239319024
17.54415 0.35157523971039073
17.54535 0.35164046702759116
17.54656 0.35167308068619135
17.54777 0.35173830800339184
17.54897 0.35177092166199203
17.55018 0.3518035353205922
17.55139 0.3518361489791925
17.55259 0.3518361489791925
17.5538 0.3518687626377927
17.55501 0.3519013762963929
17.55621 0.3519013762963929
17.55742 0.3519013762963929
17.55863 0.35193398995499314
17.55983 0.35193398995499314
17.56104 0.35193398995499314
17.56225 0.35193398995499314
17.56345 0.35193398995499314
17.56466 0.35193398995499314
17.56587 0.3519666036135934
17.56707 0.3519666036135934
17.56828 0.3519666036135934
17.56949 0.3519666036135934
17.5707 0.3519992172721936
17.5719 0.3519992172721936
17.57311 0.3520318309307938
17.57432 0.3520318309307938
17.57552 0.35206444458939407
17.57673 0.35209705824799425
17.57794 0.35212967190659444
17.57914 0.35212967190659444
17.58035 0.35216228556519474
17.58156 0.35216228556519474
17.58276 0.35219489922379493
17.58397 0.3522275128823951
17.58518 0.3522275128823951
17.58638 0.35226012654099537
17.58759 0.35226012654099537
17.5888 0.3522927401995956
17.59 0.3523253538581958
17.59121 0.3523253538581958
17.59242 0.35235796751679604
17.59362 0.35239058117539623
17.59483 0.35245580849259667
17.59604 0.3524884221511969
17.59725 0.35252103580979716
17.59845 0.3525862631269976
17.59966 0.352651490444198
17.60087 0.35271671776139846
17.60207 0.35278194507859895
17.60328 0.35287978605439957
17.60449 0.35297762703020025
17.60569 0.35307546800600087
17.6069 0.3532059226404018
17.60811 0.35330376361620247
17.60931 0.35343421825060334
17.61052 0.35356467288500426
17.61173 0.35369512751940513
17.61293 0.35385819581240624
17.61414 0.3539886504468071
17.61535 0.3541517187398083
17.61655 0.35431478703280933
17.61776 0.35447785532581044
17.61897 0.35464092361881155
17.62017 0.35480399191181267
17.62138 0.354999673863414
17.62259 0.3551627421564151
17.6238 0.35535842410801644
17.625 0.3555541060596178
17.62621 0.3557497880112191
17.62742 0.35594546996282045
17.62862 0.35614115191442175
17.62983 0.35636944752462335
17.63104 0.35656512947622465
17.63224 0.3567934250864262
17.63345 0.35698910703802755
17.63466 0.3572174026482291
17.63586 0.35744569825843064
17.63707 0.3576739938686322
17.63828 0.35790228947883374
17.63948 0.3581631987476355
17.64069 0.35842410801643726
17.6419 0.35868501728523905
17.6431 0.35897854021264103
17.64431 0.3592394494814428
17.64552 0.35953297240884485
17.64672 0.35982649533624683
17.64793 0.36008740460504857
17.64914 0.3603809275324506
17.65035 0.3606744504598526
17.65155 0.3610005870458548
17.65276 0.3612941099732568
17.65397 0.36158763290065876
17.65517 0.36184854216946055
17.65638 0.3621420650968626
17.65759 0.36243558802426457
17.65879 0.36272911095166654
17.66 0.36299002022046833
17.66121 0.3632509294892701
17.66241 0.3635118387580719
17.66362 0.36377274802687365
17.66483 0.36403365729567544
17.66603 0.364261952905877
17.66724 0.36449024851607853
17.66845 0.3647185441262801
17.66965 0.3649468397364816
17.67086 0.36517513534668317
17.67207 0.36540343095688477
17.67327 0.3656317265670863
17.67448 0.36586002217728786
17.67569 0.3660883177874894
17.6769 0.3662839997390907
17.6781 0.36651229534929225
17.67931 0.3667079773008936
17.68052 0.36693627291109515
17.68172 0.3671319548626965
17.68293 0.3673276368142978
17.68414 0.36752331876589917
17.68534 0.3677190007175005
17.68655 0.3678820690105016
17.68776 0.36807775096210293
17.68896 0.36824081925510405
17.69017 0.36840388754810516
17.69138 0.36856695584110627
17.69258 0.3687300241341073
17.69379 0.36886047876850825
17.695 0.36902354706150936
17.6962 0.3691540016959102
17.69741 0.3692844563303111
17.69862 0.3693822973061118
17.69983 0.3695127519405127
17.70103 0.3696105929163134
17.70224 0.369708433892114
17.70345 0.36977366120931443
17.70465 0.3698715021851151
17.70586 0.3699367295023156
17.70707 0.370001956819516
17.70827 0.37006718413671646
17.70948 0.3701324114539169
17.71069 0.37019763877111733
17.71189 0.3702628660883178
17.7131 0.370295479746918
17.71431 0.37036070706411844
17.71551 0.3703933207227187
17.71672 0.3704585480399191
17.71793 0.37052377535711956
17.71913 0.3705563890157198
17.72034 0.37062161633292023
17.72155 0.37068684365012067
17.72275 0.3707520709673211
17.72396 0.37078468462592135
17.72517 0.370882525601722
17.72638 0.3709477529189224
17.72758 0.3710129802361229
17.72879 0.3710782075533233
17.73 0.37114343487052376
17.7312 0.37120866218772425
17.73241 0.37124127584632444
17.73362 0.3713065031635249
17.73482 0.3713717304807253
17.73603 0.3714369577979258
17.73724 0.371469571456526
17.73844 0.3715347987737264
17.73965 0.37160002609092685
17.74086 0.37166525340812734
17.74206 0.3716978670667275
17.74327 0.37176309438392796
17.74448 0.37182832170112845
17.74568 0.3718935490183289
17.74689 0.3719913899941295
17.7481 0.37205661731133
17.7493 0.37212184462853043
17.75051 0.37221968560433105
17.75172 0.37228491292153154
17.75293 0.3723827538973322
17.75413 0.3724805948731329
17.75534 0.37261104950753376
17.75655 0.37270889048333444
17.75775 0.3728393451177353
17.75896 0.37293718609353593
17.76017 0.37306764072793686
17.76137 0.3731980953623378
17.76258 0.37336116365533883
17.76379 0.3734916182897397
17.76499 0.3736220729241406
17.7662 0.37378514121714174
17.76741 0.3739155958515426
17.76861 0.3740786641445437
17.76982 0.3742417324375448
17.77103 0.37440480073054594
17.77223 0.37456786902354705
17.77344 0.37473093731654816
17.77465 0.3748940056095493
17.77585 0.3750570739025504
17.77706 0.3752527558541517
17.77827 0.37541582414715285
17.77948 0.3755788924401539
17.78068 0.37577457439175527
17.78189 0.3759376426847564
17.7831 0.3761007109777575
17.7843 0.3762963929293588
17.78551 0.37645946122235996
17.78672 0.37665514317396126
17.78792 0.37681821146696237
17.78913 0.3770138934185637
17.79034 0.37720957537016503
17.79154 0.3774052573217664
17.79275 0.3776009392733677
17.79396 0.377796621224969
17.79516 0.3780249168351706
17.79637 0.3782205987867719
17.79758 0.37844889439697343
17.79878 0.37864457634857474
17.79999 0.37887287195877634
17.8012 0.37906855391037764
17.8024 0.37929684952057924
17.80361 0.37949253147218054
17.80482 0.37972082708238214
17.80603 0.37991650903398344
17.80723 0.380144804644185
17.80844 0.38034048659578634
17.80965 0.38053616854738764
17.81085 0.38073185049898894
17.81206 0.3809275324505903
17.81327 0.38112321440219166
17.81447 0.38128628269519277
17.81568 0.3814493509881938
17.81689 0.3816450329397952
17.81809 0.3818081012327963
17.8193 0.3819385558671972
17.82051 0.38210162416019827
17.82171 0.3822646924531994
17.82292 0.3824277607462005
17.82413 0.3825582153806014
17.82533 0.3827212836736025
17.82654 0.38285173830800334
17.82775 0.3830148066010045
17.82895 0.3831452612354054
17.83016 0.38327571586980624
17.83137 0.38340617050420717
17.83258 0.38353662513860803
17.83378 0.3836670797730089
17.83499 0.3837975344074098
17.8362 0.38389537538321045
17.8374 0.38402583001761137
17.83861 0.38412367099341205
17.83982 0.38422151196921267
17.84102 0.3843519666036136
17.84223 0.38444980757941427
17.84344 0.38454764855521495
17.84464 0.3846128758724153
17.84585 0.384710716848216
17.84706 0.3847759441654165
17.84826 0.3848737851412172
17.84947 0.38493901245841755
17.85068 0.38500423977561804
17.85188 0.38503685343421823
17.85309 0.3851020807514187
17.8543 0.3851346944100189
17.8555 0.3851673080686191
17.85671 0.3851999217272194
17.85792 0.3852325353858196
17.85913 0.3852651490444198
17.86033 0.38529776270302
17.86154 0.38529776270302
17.86275 0.38533037636162026
17.86395 0.38533037636162026
17.86516 0.38533037636162026
17.86637 0.38536299002022045
17.86757 0.38536299002022045
17.86878 0.38536299002022045
17.86999 0.3853956036788207
17.87119 0.3853956036788207
17.8724 0.3853956036788207
17.87361 0.3854282173374209
17.87481 0.3854282173374209
17.87602 0.38546083099602113
17.87723 0.3854934446546214
17.87843 0.3854934446546214
17.87964 0.38552605831322156
17.88085 0.3855586719718218
17.88205 0.385591285630422
17.88326 0.38562389928902224
17.88447 0.38562389928902224
17.88568 0.38565651294762243
17.88688 0.3856891266062227
17.88809 0.3856891266062227
17.8893 0.3857217402648229
17.8905 0.3857543539234231
17.89171 0.3857543539234231
17.89292 0.38578696758202335
17.89412 0.3858195812406236
17.89533 0.3858195812406236
17.89654 0.3858521948992238
17.89774 0.385884808557824
17.89895 0.3859174222164242
17.90016 0.38595003587502447
17.90136 0.38598264953362466
17.90257 0.38604787685082514
17.90378 0.38608049050942533
17.90498 0.3861457178266258
17.90619 0.386178331485226
17.9074 0.38624355880242645
17.90861 0.3863087861196269
17.90981 0.38637401343682737
17.91102 0.3864392407540278
17.91223 0.3865370817298284
17.91343 0.3866023090470289
17.91464 0.38670015002282954
17.91585 0.38676537734003
17.91705 0.38686321831583065
17.91826 0.3869610592916313
17.91947 0.38705890026743195
17.92067 0.3871567412432326
17.92188 0.3872545822190333
17.92309 0.387352423194834
17.92429 0.38745026417063466
17.9255 0.38758071880503553
17.92671 0.3876785597808362
17.92791 0.3877764007566369
17.92912 0.38790685539103775
17.93033 0.3880373100254387
17.93153 0.38813515100123935
17.93274 0.3882656056356402
17.93395 0.3883960602700411
17.93516 0.38849390124584177
17.93636 0.38862435588024263
17.93757 0.38875481051464356
17.93878 0.3888852651490444
17.93998 0.3890157197834453
17.94119 0.38914617441784616
17.9424 0.3892766290522471
17.9436 0.389407083686648
17.94481 0.38953753832104887
17.94602 0.38966799295544974
17.94722 0.3897984475898506
17.94843 0.3899615158828517
17.94964 0.3900919705172526
17.95084 0.39025503881025375
17.95205 0.3903854934446546
17.95326 0.39054856173765573
17.95446 0.3906790163720566
17.95567 0.3908420846650577
17.95688 0.3910051529580588
17.95808 0.3911356075924597
17.95929 0.39129867588546086
17.9605 0.3914617441784619
17.96171 0.3916248124714631
17.96291 0.39175526710586395
17.96412 0.39191833539886506
17.96533 0.3920814036918661
17.96653 0.3922444719848673
17.96774 0.39240754027786834
17.96895 0.39253799491226926
17.97015 0.3927010632052704
17.97136 0.3928641314982715
17.97257 0.3930271997912726
17.97377 0.3931902680842737
17.97498 0.3933207227186746
17.97619 0.3934837910116757
17.97739 0.3936468593046768
17.9786 0.39377731393907767
17.97981 0.3939403822320788
17.98101 0.3941034505250799
17.98222 0.394266518818081
17.98343 0.39439697345248187
17.98463 0.39456004174548304
17.98584 0.3947231100384841
17.98705 0.3948861783314852
17.98826 0.3950492466244863
17.98946 0.39521231491748743
17.99067 0.39537538321048854
17.99188 0.39553845150348965
17.99308 0.39570151979649076
17.99429 0.3958645880894919
17.9955 0.396027656382493
17.9967 0.3961907246754941
17.99791 0.3963537929684952
17.99912 0.39654947492009657
18.00032 0.3967125432130976
18.00153 0.396908225164699
18.00274 0.3971039071163003
18.00394 0.3972669754093014
18.00515 0.39746265736090275
18.00636 0.39765833931250405
18.00756 0.3978214076055052
18.00877 0.3980170895571065
18.00998 0.3982127715087078
18.01118 0.39837583980170893
18.01239 0.3985715217533103
18.0136 0.39876720370491164
18.01481 0.39896288565651294
18.01601 0.39915856760811425
18.01722 0.3993542495597156
18.01843 0.3995499315113169
18.01963 0.39974561346291826
18.02084 0.3999739090731198
18.02205 0.40016959102472116
18.02325 0.4003978866349227
18.02446 0.400593568586524
18.02567 0.40082186419672555
18.02687 0.4010501598069271
18.02808 0.4012784554171287
18.02929 0.40150675102733024
18.03049 0.401767660296132
18.0317 0.4019959559063335
18.03291 0.40225686517513537
18.03411 0.4025177744439371
18.03532 0.4027786837127389
18.03653 0.40303959298154063
18.03773 0.40333311590894266
18.03894 0.40359402517774445
18.04015 0.40388754810514643
18.04136 0.4041810710325484
18.04256 0.40447459395995045
18.04377 0.4047681168873524
18.04498 0.4050616398147544
18.04618 0.4053877764007566
18.04739 0.4056812993281586
18.0486 0.40600743591416083
18.0498 0.4063335725001631
18.05101 0.4066597090861653
18.05222 0.40695323201356726
18.05342 0.40727936859956954
18.05463 0.40763811884417195
18.05584 0.40796425543017417
18.05704 0.40829039201617634
18.05825 0.4086165286021786
18.05946 0.4089752788467811
18.06066 0.40930141543278326
18.06187 0.40966016567738567
18.06308 0.4099863022633879
18.06428 0.4103450525079903
18.06549 0.4106711890939926
18.0667 0.411029939338595
18.06791 0.41138868958319746
18.06911 0.4117474398277999
18.07032 0.41210619007240235
18.07153 0.412497553975605
18.07273 0.41285630422020747
18.07394 0.41324766812341
18.07515 0.41363903202661273
18.07635 0.41403039592981544
18.07756 0.41438914617441786
18.07877 0.41478051007762046
18.07997 0.41517187398082317
18.08118 0.4155632378840258
18.08239 0.4159872154458287
18.08359 0.4163785793490314
18.0848 0.416769943252234
18.08601 0.4171613071554367
18.08721 0.41755267105863936
18.08842 0.4179114213032418
18.08963 0.4183027852064445
18.09083 0.4186941491096471
18.09204 0.4190855130128498
18.09325 0.4194442632574522
18.09446 0.4198356271606549
18.09566 0.42019437740525734
18.09687 0.4205531276498598
18.09808 0.4209118778944622
18.09928 0.4212706281390647
18.10049 0.4216293783836671
18.1017 0.42195551496966927
18.1029 0.42231426521427173
18.10411 0.42267301545887415
18.10532 0.42303176570347656
18.10652 0.42335790228947884
18.10773 0.4237166525340813
18.10894 0.4240754027786837
18.11014 0.4244015393646859
18.11135 0.42476028960928836
18.11256 0.42508642619529063
18.11376 0.4254125627812928
18.11497 0.4257713130258952
18.11618 0.42609744961189744
18.11739 0.4264235861978997
18.11859 0.4267497227839019
18.1198 0.42707585936990416
18.12101 0.42740199595590633
18.12221 0.42769551888330837
18.12342 0.42802165546931054
18.12463 0.4283477920553128
18.12583 0.42864131498271474
18.12704 0.428967451568717
18.12825 0.42926097449611894
18.12945 0.4295544974235209
18.13066 0.42984802035092295
18.13187 0.430141543278325
18.13307 0.4304350662057269
18.13428 0.43069597547452876
18.13549 0.4309894984019307
18.13669 0.43125040767073247
18.1379 0.4315113169395343
18.13911 0.43177222620833605
18.14031 0.43203313547713784
18.14152 0.4322940447459396
18.14273 0.43255495401474137
18.14394 0.4328158632835431
18.14514 0.4330767725523449
18.14635 0.4333050681625465
18.14756 0.4335659774313482
18.14876 0.43382688670015
18.14997 0.4340877959689518
18.15118 0.43431609157915335
18.15238 0.43457700084795514
18.15359 0.43483791011675693
18.1548 0.43509881938555867
18.156 0.43535972865436046
18.15721 0.4356206379231622
18.15842 0.435881547191964
18.15962 0.4361424564607657
18.16083 0.43640336572956756
18.16204 0.43666427499836935
18.16324 0.4369251842671711
18.16445 0.4371860935359729
18.16566 0.4374470028047746
18.16686 0.4377079120735764
18.16807 0.43796882134237813
18.16928 0.4382297306111799
18.17049 0.43849063987998166
18.17169 0.43871893549018326
18.1729 0.43897984475898505
18.17411 0.43924075402778684
18.17531 0.4395016632965886
18.17652 0.43976257256539036
18.17773 0.4400234818341922
18.17893 0.44028439110299394
18.18014 0.44054530037179573
18.18135 0.4408388232991977
18.18255 0.4410997325679995
18.18376 0.4413932554954014
18.18497 0.44165416476420327
18.18617 0.4419476876916052
18.18738 0.44224121061900723
18.18859 0.44253473354640926
18.18979 0.44282825647381124
18.191 0.44312177940121317
18.19221 0.44344791598721545
18.19341 0.44374143891461737
18.19462 0.44406757550061965
18.19583 0.4443937120866219
18.19704 0.4447198486726241
18.19824 0.4450459852586263
18.19945 0.44540473550322873
18.20066 0.445730872089231
18.20186 0.4460896223338334
18.20307 0.44641575891983565
18.20428 0.44677450916443806
18.20548 0.4471332594090405
18.20669 0.4474593959950427
18.2079 0.4478181462396451
18.2091 0.4482095101428478
18.21031 0.44856826038745023
18.21152 0.4489270106320527
18.21272 0.4492857608766551
18.21393 0.44967712477985783
18.21514 0.45003587502446024
18.21634 0.45042723892766295
18.21755 0.45078598917226537
18.21876 0.45117735307546797
18.21996 0.4515687169786707
18.22117 0.4519274672232731
18.22238 0.4523188311264758
18.22359 0.4527101950296784
18.22479 0.45310155893288107
18.226 0.4534929228360838
18.22721 0.4538842867392864
18.22841 0.45430826430108934
18.22962 0.45469962820429194
18.23083 0.45512360576609484
18.23203 0.4555475833278977
18.23324 0.4559715608897006
18.23445 0.45636292479290325
18.23565 0.4567869023547061
18.23686 0.45724349357510924
18.23807 0.45766747113691214
18.23927 0.45809144869871504
18.24048 0.4585154262605179
18.24169 0.45893940382232085
18.24289 0.45939599504272394
18.2441 0.4598199726045268
18.24531 0.46024395016632963
18.24651 0.4607005413867327
18.24772 0.4611245189485356
18.24893 0.4615484965103385
18.25014 0.4619724740721414
18.25134 0.46239645163394427
18.25255 0.4628204291957472
18.25376 0.4632444067575501
18.25496 0.4636683843193529
18.25617 0.4640923618811559
18.25738 0.4644837257843585
18.25858 0.4649077033461614
18.25979 0.465299067249364
18.261 0.46572304481116694
18.2622 0.4661470223729698
18.26341 0.4665383862761725
18.26462 0.46696236383797535
18.26582 0.46735372774117806
18.26703 0.4677777053029809
18.26824 0.46816906920618356
18.26944 0.4685930467679864
18.27065 0.4689844106711891
18.27186 0.46940838823299197
18.27306 0.4697997521361947
18.27427 0.47022372969799753
18.27548 0.47061509360120024
18.27669 0.47100645750440284
18.27789 0.4713978214076055
18.2791 0.47182179896940835
18.28031 0.47221316287261106
18.28151 0.4726045267758137
18.28272 0.4729958906790163
18.28393 0.47338725458221903
18.28513 0.47374600482682144
18.28634 0.47413736873002416
18.28755 0.47452873263322676
18.28875 0.47488748287782917
18.28996 0.4752788467810319
18.29117 0.4756375970256343
18.29237 0.47599634727023676
18.29358 0.4763877111734394
18.29479 0.4767464614180419
18.29599 0.4771052116626443
18.2972 0.47746396190724677
18.29841 0.4778227121518492
18.29961 0.47818146239645165
18.30082 0.47854021264105406
18.30203 0.4788989628856565
18.30324 0.47925771313025894
18.30444 0.4795838497162611
18.30565 0.47994259996086364
18.30686 0.4803013502054661
18.30806 0.4806274867914683
18.30927 0.4809862370360707
18.31048 0.4813123736220729
18.31168 0.4816711238666753
18.31289 0.4819972604526776
18.3141 0.48235601069728
18.3153 0.4826821472832822
18.31651 0.48300828386928446
18.31772 0.4833344204552867
18.31892 0.4836931706998891
18.32013 0.48401930728589126
18.32134 0.48434544387189354
18.32254 0.4846715804578957
18.32375 0.484997717043898
18.32496 0.4853238536299002
18.32617 0.4856499902159024
18.32737 0.48597612680190466
18.32858 0.48630226338790683
18.32979 0.4866283999739091
18.33099 0.48692192290131103
18.3322 0.4872480594873133
18.33341 0.4875741960733155
18.33461 0.4878677190007175
18.33582 0.4881938555867197
18.33703 0.48851999217272196
18.33823 0.488813515100124
18.33944 0.4891070380275259
18.34065 0.48943317461352814
18.34185 0.4897266975409301
18.34306 0.49005283412693235
18.34427 0.4903463570543344
18.34547 0.4906398799817363
18.34668 0.49093340290913834
18.34789 0.4912595394951405
18.34909 0.49155306242254254
18.3503 0.4918465853499446
18.35151 0.49214010827734656
18.35272 0.4924336312047486
18.35392 0.4927271541321505
18.35513 0.49302067705955255
18.35634 0.4933141999869545
18.35754 0.49360772291435656
18.35875 0.49386863218315835
18.35996 0.4941621551105603
18.36116 0.49445567803796225
18.36237 0.4947492009653643
18.36358 0.4950101102341661
18.36478 0.49530363316156806
18.36599 0.49556454243036985
18.3672 0.4958580653577719
18.3684 0.4961189746265736
18.36961 0.49641249755397565
18.37082 0.4966734068227774
18.37202 0.4969343160915792
18.37323 0.4972278390189812
18.37444 0.49748874828778294
18.37564 0.49774965755658473
18.37685 0.4980431804839867
18.37806 0.4983040897527885
18.37927 0.49856499902159024
18.38047 0.49882590829039203
18.38168 0.49911943121779406
18.38289 0.4993803404865958
18.38409 0.4996412497553976
18.3853 0.4999021590241993
18.38651 0.5001630682930011
18.38771 0.5004239775618029
18.38892 0.5006848868306046
18.39013 0.5009784097580067
18.39133 0.5012393190268084
18.39254 0.5015002282956101
18.39375 0.5017611375644119
18.39495 0.5020220468332138
18.39616 0.5022829561020156
18.39737 0.5025764790294175
18.39857 0.5028373882982193
18.39978 0.5030982975670211
18.40099 0.5033592068358228
18.40219 0.5036201161046246
18.4034 0.5038810253734264
18.40461 0.5041419346422281
18.40582 0.5043702302524298
18.40702 0.5046311395212315
18.40823 0.5048920487900332
18.40944 0.5051529580588351
18.41064 0.5053812536690365
18.41185 0.5056421629378384
18.41306 0.5058704585480399
18.41426 0.5060987541582415
18.41547 0.5063596634270433
18.41668 0.5065879590372447
18.41788 0.5068162546474464
18.41909 0.5070445502576479
18.4203 0.5072402322092492
18.4215 0.5074685278194507
18.42271 0.5076968234296524
18.42392 0.5079251190398538
18.42512 0.5081534146500555
18.42633 0.5083817102602569
18.42754 0.5086100058704586
18.42874 0.5088383014806601
18.42995 0.5090339834322614
18.43116 0.509262279042463
18.43237 0.5094905746526646
18.43357 0.5096862566042659
18.43478 0.5098819385558672
18.43599 0.5101102341660687
18.43719 0.5103059161176701
18.4384 0.5105015980692714
18.43961 0.5106972800208728
18.44081 0.5108603483138738
18.44202 0.5110560302654752
18.44323 0.5112190985584762
18.44443 0.5113821668514774
18.44564 0.5115452351444785
18.44685 0.5117083034374796
18.44805 0.5118713717304807
18.44926 0.5120018263648816
18.45047 0.5121322809992825
18.45167 0.5122627356336833
18.45288 0.5123931902680843
18.45409 0.512491031243885
18.45529 0.5125888722196856
18.4565 0.5126867131954863
18.45771 0.512784554171287
18.45892 0.5128823951470877
18.46012 0.512947622464288
18.46133 0.5130128497814884
18.46254 0.5131106907572891
18.46374 0.5131759180744896
18.46495 0.5132085317330898
18.46616 0.5132737590502903
18.46736 0.5133389863674908
18.46857 0.513371600026091
18.46978 0.5134042136846911
18.47098 0.5134368273432913
18.47219 0.5134694410018916
18.4734 0.5135020546604918
18.4746 0.513534668319092
18.47581 0.5135672819776923
18.47702 0.5135672819776923
18.47822 0.5135998956362925
18.47943 0.5135998956362925
18.48064 0.5135998956362925
18.48184 0.5136325092948927
18.48305 0.5136325092948927
18.48426 0.5136325092948927
18.48547 0.5136325092948927
18.48667 0.5135998956362925
18.48788 0.5135998956362925
18.48909 0.5135672819776923
18.49029 0.513534668319092
18.4915 0.5135020546604918
18.49271 0.5134368273432913
18.49391 0.5134042136846911
18.49512 0.5133389863674908
18.49633 0.5132737590502903
18.49753 0.5132085317330898
18.49874 0.5131433044158894
18.49995 0.5130780770986889
18.50115 0.5130128497814884
18.50236 0.512947622464288
18.50357 0.5128823951470877
18.50477 0.5128171678298871
18.50598 0.5127519405126867
18.50719 0.5126867131954863
18.50839 0.5126214858782858
18.5096 0.5125562585610853
18.51081 0.512491031243885
18.51202 0.5124258039266846
18.51322 0.512360576609484
18.51443 0.5123279629508839
18.51564 0.5122627356336833
18.51684 0.5122301219750832
18.51805 0.5121975083164829
18.51926 0.5121648946578827
18.52046 0.5121322809992825
18.52167 0.5120996673406822
18.52288 0.5120344400234819
18.52408 0.5120018263648816
18.52529 0.5119692127062814
18.5265 0.5119365990476812
18.5277 0.5119039853890809
18.52891 0.5118713717304807
18.53012 0.5118387580718805
18.53132 0.5118061444132802
18.53253 0.51177353075468
18.53374 0.5117409170960798
18.53494 0.5117409170960798
18.53615 0.5117083034374796
18.53736 0.5116756897788793
18.53857 0.5116756897788793
18.53977 0.5116430761202791
18.54098 0.5116430761202791
18.54219 0.5116430761202791
18.54339 0.5116430761202791
18.5446 0.511610462461679
18.54581 0.511610462461679
18.54701 0.5116430761202791
18.54822 0.5116430761202791
18.54943 0.5116430761202791
18.55063 0.5116756897788793
18.55184 0.5116756897788793
18.55305 0.5117083034374796
18.55425 0.5117409170960798
18.55546 0.51177353075468
18.55667 0.5118387580718805
18.55787 0.5118713717304807
18.55908 0.5119039853890809
18.56029 0.5119692127062814
18.5615 0.5120018263648816
18.5627 0.512067053682082
18.56391 0.5121322809992825
18.56512 0.5121975083164829
18.56632 0.5122627356336833
18.56753 0.5123279629508839
18.56874 0.5123931902680843
18.56994 0.5124584175852847
18.57115 0.5125236449024851
18.57236 0.5125888722196856
18.57356 0.512654099536886
18.57477 0.5127193268540865
18.57598 0.512784554171287
18.57718 0.5128497814884874
18.57839 0.512947622464288
18.5796 0.5130128497814884
18.5808 0.5130780770986889
18.58201 0.5131433044158894
18.58322 0.5132085317330898
18.58442 0.5132737590502903
18.58563 0.5133389863674908
18.58684 0.5134042136846911
18.58805 0.5134694410018916
18.58925 0.513534668319092
18.59046 0.5136325092948927
18.59167 0.5136977366120932
18.59287 0.5137955775878938
18.59408 0.5138608049050942
18.59529 0.5139586458808949
18.59649 0.5140238731980954
18.5977 0.5140891005152958
18.59891 0.5141869414910964
18.60011 0.5142521688082968
18.60132 0.5143500097840975
18.60253 0.514415237101298
18.60373 0.5145130780770987
18.60494 0.5145783053942992
18.60615 0.5146435327114995
18.60735 0.5147087600287
18.60856 0.5147739873459005
18.60977 0.5148392146631009
18.61097 0.5149044419803013
18.61218 0.5149696692975019
18.61339 0.5150348966147023
18.6146 0.5150675102733024
18.6158 0.5151327375905029
18.61701 0.5151653512491031
18.61822 0.5151979649077033
18.61942 0.5152305785663036
18.62063 0.5152631922249038
18.62184 0.515295805883504
18.62304 0.5153284195421043
18.62425 0.5153610332007045
18.62546 0.5153610332007045
18.62666 0.5153936468593047
18.62787 0.5153936468593047
18.62908 0.515426260517905
18.63028 0.515426260517905
18.63149 0.515426260517905
18.6327 0.5154588741765052
18.6339 0.5154588741765052
18.63511 0.5154588741765052
18.63632 0.5154588741765052
18.63752 0.5154588741765052
18.63873 0.5154588741765052
18.63994 0.5154588741765052
18.64115 0.5154588741765052
18.64235 0.5154588741765052
18.64356 0.515426260517905
18.64477 0.515426260517905
18.64597 0.515426260517905
18.64718 0.515426260517905
18.64839 0.5153936468593047
18.64959 0.5153936468593047
18.6508 0.5153610332007045
18.65201 0.5153610332007045
18.65321 0.5153284195421043
18.65442 0.515295805883504
18.65563 0.5152631922249038
18.65683 0.5152305785663036
18.65804 0.5151979649077033
18.65925 0.5151653512491031
18.66045 0.5151327375905029
18.66166 0.5151001239319026
18.66287 0.5150348966147023
18.66407 0.515002282956102
18.66528 0.5149696692975019
18.66649 0.5149044419803013
18.6677 0.5148718283217012
18.6689 0.5148066010045006
18.67011 0.5147739873459005
18.67132 0.5147413736873002
18.67252 0.5146761463700998
18.67373 0.5146435327114995
18.67494 0.5145783053942992
18.67614 0.5145456917356989
18.67735 0.5145130780770987
18.67856 0.5144804644184985
18.67976 0.5144478507598982
18.68097 0.514415237101298
18.68218 0.5143826234426978
18.68338 0.5143500097840975
18.68459 0.5143173961254974
18.6858 0.5142847824668971
18.687 0.5142847824668971
18.68821 0.5142521688082968
18.68942 0.5142521688082968
18.69062 0.5142195551496967
18.69183 0.5142195551496967
18.69304 0.5141869414910964
18.69425 0.5141869414910964
18.69545 0.5141543278324963
18.69666 0.5141543278324963
18.69787 0.5141543278324963
18.69907 0.5141217141738961
18.70028 0.5141217141738961
18.70149 0.5141217141738961
18.70269 0.5141217141738961
18.7039 0.5140891005152958
18.70511 0.5140891005152958
18.70631 0.5140891005152958
18.70752 0.5140891005152958
18.70873 0.5140891005152958
18.70993 0.5140891005152958
18.71114 0.5140564868566956
18.71235 0.5140564868566956
18.71355 0.5140564868566956
18.71476 0.5140564868566956
18.71597 0.5140564868566956
18.71717 0.5140564868566956
18.71838 0.5140564868566956
18.71959 0.5140564868566956
18.7208 0.5140564868566956
18.722 0.5140564868566956
18.72321 0.5140891005152958
18.72442 0.5140891005152958
18.72562 0.5140891005152958
18.72683 0.5141217141738961
18.72804 0.5141217141738961
18.72924 0.5141543278324963
18.73045 0.5141543278324963
18.73166 0.5141869414910964
18.73286 0.5141869414910964
18.73407 0.5142195551496967
18.73528 0.5142195551496967
18.73648 0.5142521688082968
18.73769 0.5142521688082968
18.7389 0.5142521688082968
18.7401 0.5142847824668971
18.74131 0.5142847824668971
18.74252 0.5142847824668971
18.74372 0.5142847824668971
18.74493 0.5143173961254974
18.74614 0.5143173961254974
18.74735 0.5142847824668971
18.74855 0.5142847824668971
18.74976 0.5142847824668971
18.75097 0.5142847824668971
18.75217 0.5142521688082968
18.75338 0.5142521688082968
18.75459 0.5142195551496967
18.75579 0.5142195551496967
18.757 0.5141869414910964
18.75821 0.5141543278324963
18.75941 0.5141543278324963
18.76062 0.5141217141738961
18.76183 0.5140891005152958
18.76303 0.5140564868566956
18.76424 0.5140238731980954
18.76545 0.5139912595394951
18.76665 0.5139586458808949
18.76786 0.5139260322222947
18.76907 0.5138934185636944
18.77028 0.5138608049050942
18.77148 0.513828191246494
18.77269 0.5137629639292935
18.7739 0.5137303502706934
18.7751 0.5136651229534929
18.77631 0.5136325092948927
18.77752 0.5135998956362925
18.77872 0.513534668319092
18.77993 0.5134694410018916
18.78114 0.5134368273432913
18.78234 0.513371600026091
18.78355 0.5133063727088905
18.78476 0.5132411453916901
18.78596 0.5131759180744896
18.78717 0.5131106907572891
18.78838 0.5130454634400887
18.78958 0.5129802361228883
18.79079 0.5129150088056877
18.792 0.5128171678298871
18.7932 0.5127519405126867
18.79441 0.512654099536886
18.79562 0.5125888722196856
18.79683 0.512491031243885
18.79803 0.5123931902680843
18.79924 0.5122953492922836
18.80045 0.5122301219750832
18.80165 0.5121322809992825
18.80286 0.5120344400234819
18.80407 0.5119365990476812
18.80527 0.5118387580718805
18.80648 0.5117409170960798
18.80769 0.5116430761202791
18.80889 0.5115452351444785
18.8101 0.5114473941686778
18.81131 0.5113495531928772
18.81251 0.5112517122170765
18.81372 0.5111538712412759
18.81493 0.5110560302654752
18.81613 0.5109581892896745
18.81734 0.5108603483138738
18.81855 0.5107625073380732
18.81975 0.5106646663622725
18.82096 0.5105994390450721
18.82217 0.5105015980692714
18.82338 0.5103711434348704
18.82458 0.5102733024590698
18.82579 0.5101754614832692
18.827 0.5100776205074685
18.8282 0.5099797795316678
18.82941 0.509849324897267
18.83062 0.5097514839214663
18.83182 0.5096536429456656
18.83303 0.5095231883112648
18.83424 0.5094253473354641
18.83544 0.5092948927010632
18.83665 0.5091970517252625
18.83786 0.5090992107494619
18.83906 0.5090013697736612
18.84027 0.5088709151392603
18.84148 0.5087730741634596
18.84268 0.508675233187659
18.84389 0.5085773922118583
18.8451 0.5085121648946579
18.8463 0.5084143239188572
18.84751 0.5083164829430565
18.84872 0.5082512556258562
18.84993 0.5081534146500555
18.85113 0.508088187332855
18.85234 0.5080229600156545
18.85355 0.5079577326984541
18.85475 0.5079251190398538
18.85596 0.5078598917226534
18.85717 0.5077946644054531
18.85837 0.5077294370882526
18.85958 0.5076968234296524
18.86079 0.5076315961124519
18.86199 0.5075989824538517
18.8632 0.5075337551366512
18.86441 0.507501141478051
18.86561 0.5074359141608505
18.86682 0.5074033005022504
18.86803 0.5073706868436502
18.86923 0.5073380731850499
18.87044 0.5073054595264497
18.87165 0.5072728458678495
18.87285 0.5072402322092492
18.87406 0.5072402322092492
18.87527 0.507207618550649
18.87648 0.507207618550649
18.87768 0.507207618550649
18.87889 0.507207618550649
18.8801 0.507207618550649
18.8813 0.5072402322092492
18.88251 0.5072728458678495
18.88372 0.5073054595264497
18.88492 0.5073380731850499
18.88613 0.5073706868436502
18.88734 0.5074359141608505
18.88854 0.5074685278194507
18.88975 0.5075663687952514
18.89096 0.5076315961124519
18.89216 0.5076968234296524
18.89337 0.5077946644054531
18.89458 0.5078925053812536
18.89578 0.5079903463570543
18.89699 0.5081208009914552
18.8982 0.5082512556258562
18.8994 0.5083490966016568
18.90061 0.5084795512360576
18.90182 0.5086100058704586
18.90303 0.5087730741634596
18.90423 0.5089035287978606
18.90544 0.5090665970908617
18.90665 0.5091970517252625
18.90785 0.5093601200182637
18.90906 0.5095231883112648
18.91027 0.5096862566042659
18.91147 0.509849324897267
18.91268 0.510012393190268
18.91389 0.5102080751418694
18.91509 0.5103711434348704
18.9163 0.5105342117278716
18.91751 0.510729893679473
18.91871 0.5108929619724741
18.91992 0.5110886439240754
18.92113 0.5112517122170765
18.92233 0.5114473941686778
18.92354 0.511610462461679
18.92475 0.5118061444132802
18.92595 0.5120018263648816
18.92716 0.5121975083164829
18.92837 0.5124258039266846
18.92958 0.5126214858782858
18.93078 0.5128497814884874
18.93199 0.5130780770986889
18.9332 0.5133063727088905
18.9344 0.513534668319092
18.93561 0.5137629639292935
18.93682 0.5139912595394951
18.93802 0.5142195551496967
18.93923 0.5144478507598982
18.94044 0.5147087600287
18.94164 0.5149370556389016
18.94285 0.5151653512491031
18.94406 0.5153936468593047
18.94526 0.5156545561281064
18.94647 0.515882851738308
18.94768 0.5161111473485096
18.94888 0.516339442958711
18.95009 0.5165677385689127
18.9513 0.5167960341791141
18.9525 0.5169917161307155
18.95371 0.5172200117409171
18.95492 0.5174156936925185
18.95613 0.5176439893027199
18.95733 0.5178396712543213
18.95854 0.5180353532059226
18.95975 0.518231035157524
18.96095 0.5184267171091252
18.96216 0.5185897854021264
18.96337 0.5187854673537277
18.96457 0.5189485356467288
18.96578 0.5191442175983302
18.96699 0.5193072858913313
18.96819 0.5195029678429326
18.9694 0.5196660361359338
18.97061 0.5198291044289348
18.97181 0.5200247863805362
18.97302 0.5201878546735372
18.97423 0.5203509229665384
18.97543 0.5205139912595395
18.97664 0.5206770595525405
18.97785 0.5208401278455418
18.97906 0.5210031961385428
18.98026 0.5211662644315439
18.98147 0.521329332724545
18.98268 0.5214924010175461
18.98388 0.5216554693105473
18.98509 0.5218185376035483
18.9863 0.5219816058965495
18.9875 0.5221446741895506
18.98871 0.5223077424825516
18.98992 0.522503424434153
18.99112 0.5226664927271542
18.99233 0.5228295610201552
18.99354 0.5229926293131564
18.99474 0.5231556976061574
18.99595 0.5233187658991585
18.99716 0.5234492205335595
18.99836 0.5236122888265605
18.99957 0.5237753571195617
19.00078 0.5239384254125627
19.00198 0.5240688800469636
19.00319 0.5242319483399648
19.0044 0.5243624029743656
19.00561 0.5245254712673668
19.00681 0.5246559259017677
19.00802 0.5248189941947687
19.00923 0.5249820624877699
19.01043 0.5251125171221707
19.01164 0.5252755854151719
19.01285 0.525438653708173
19.01405 0.525601722001174
19.01526 0.525732176635575
19.01647 0.5258952449285761
19.01767 0.5260909268801774
19.01888 0.5262539951731785
19.02009 0.5264170634661797
19.02129 0.5266127454177809
19.0225 0.5267758137107821
19.02371 0.5269714956623834
19.02491 0.5271671776139848
19.02612 0.527362859565586
19.02733 0.5275585415171874
19.02853 0.5277868371273889
19.02974 0.5279825190789903
19.03095 0.5282108146891918
19.03216 0.5284391102993934
19.03336 0.5286674059095949
19.03457 0.5288630878611963
19.03578 0.5290913834713978
19.03698 0.5293196790815994
19.03819 0.5295805883504011
19.0394 0.5298088839606028
19.0406 0.5300371795708042
19.04181 0.530298088839606
19.04302 0.5305263844498076
19.04422 0.5307872937186093
19.04543 0.5310482029874112
19.04664 0.5312764985976126
19.04784 0.5315374078664145
19.04905 0.5317983171352163
19.05026 0.532059226404018
19.05146 0.53235274933142
19.05267 0.5326136586002218
19.05388 0.5328745678690235
19.05508 0.5331680907964255
19.05629 0.5334290000652273
19.0575 0.5337225229926292
19.05871 0.5339834322614311
19.05991 0.534276955188833
19.06112 0.534570478116235
19.06233 0.5348640010436371
19.06353 0.5351575239710391
19.06474 0.535451046898441
19.06595 0.5357771834844433
19.06715 0.5360707064118453
19.06836 0.5363968429978475
19.06957 0.5367229795838497
19.07077 0.5370165025112517
19.07198 0.5373426390972539
19.07319 0.5376687756832562
19.07439 0.5380275259278586
19.0756 0.5383536625138607
19.07681 0.5386797990998631
19.07801 0.5390059356858652
19.07922 0.5393646859304677
19.08043 0.5396908225164698
19.08163 0.5400495727610722
19.08284 0.5403757093470746
19.08405 0.540734459591677
19.08526 0.5410932098362794
19.08646 0.5414193464222816
19.08767 0.541778096666884
19.08888 0.5421368469114864
19.09008 0.542495597156089
19.09129 0.5428217337420912
19.0925 0.5431804839866936
19.0937 0.543539234231296
19.09491 0.5438653708172982
19.09612 0.5442241210619007
19.09732 0.5445828713065031
19.09853 0.5449090078925054
19.09974 0.5452677581371078
19.10094 0.5456265083817102
19.10215 0.5459852586263128
19.10336 0.5463440088709152
19.10456 0.5467027591155176
19.10577 0.5470941230187203
19.10698 0.5474528732633227
19.10818 0.5478116235079251
19.10939 0.5482029874111277
19.1106 0.5485617376557301
19.11181 0.5489204879003327
19.11301 0.5493118518035353
19.11422 0.5496706020481378
19.11543 0.5500293522927402
19.11663 0.5504207161959429
19.11784 0.5507794664405453
19.11905 0.5511382166851477
19.12025 0.5514969669297501
19.12146 0.5518557171743526
19.12267 0.5522144674189551
19.12387 0.5525732176635575
19.12508 0.5529319679081599
19.12629 0.5532907181527623
19.12749 0.5536494683973648
19.1287 0.5539756049833671
19.12991 0.5543343552279695
19.13111 0.5546604918139717
19.13232 0.5549866283999738
19.13353 0.5553127649859761
19.13473 0.5556389015719784
19.13594 0.5559976518165808
19.13715 0.556323788402583
19.13836 0.5566499249885852
19.13956 0.5569760615745873
19.14077 0.5573021981605897
19.14198 0.5576283347465918
19.14318 0.5579544713325941
19.14439 0.558247994259996
19.1456 0.5585741308459983
19.1468 0.5589002674320005
19.14801 0.5591937903594025
19.14922 0.5595199269454046
19.15042 0.5598134498728067
19.15163 0.560139586458809
19.15284 0.5604331093862109
19.15404 0.560726632313613
19.15525 0.561020155241015
19.15646 0.5613136781684169
19.15766 0.5616072010958189
19.15887 0.5618681103646207
19.16008 0.5621616332920226
19.16128 0.5624225425608245
19.16249 0.5626834518296262
19.1637 0.562944361098428
19.16491 0.5632052703672298
19.16611 0.5634661796360316
19.16732 0.5636944752462331
19.16853 0.5639553845150349
19.16973 0.5641836801252365
19.17094 0.564411975735438
19.17215 0.5646402713456395
19.17335 0.5648359532972409
19.17456 0.5650642489074424
19.17577 0.5652599308590438
19.17697 0.5654556128106452
19.17818 0.5656512947622464
19.17939 0.5658469767138478
19.18059 0.5660100450068489
19.1818 0.5662057269584502
19.18301 0.5664014089100515
19.18421 0.5665644772030527
19.18542 0.5667275454960538
19.18663 0.5668906137890548
19.18784 0.567053682082056
19.18904 0.5672493640336573
19.19025 0.5673798186680582
19.19146 0.5675428869610593
19.19266 0.5677059552540604
19.19387 0.5678690235470615
19.19508 0.5680320918400625
19.19628 0.5681625464744635
19.19749 0.5683256147674646
19.1987 0.5684886830604657
19.1999 0.5686517513534668
19.20111 0.5687822059878677
19.20232 0.5689452742808688
19.20352 0.5690757289152697
19.20473 0.5692387972082709
19.20594 0.5693692518426717
19.20714 0.5694997064770726
19.20835 0.5696627747700737
19.20956 0.5697606157458743
19.21076 0.5698910703802753
19.21197 0.5700215250146761
19.21318 0.570151979649077
19.21439 0.5702498206248777
19.21559 0.5703802752592786
19.2168 0.5704781162350793
19.21801 0.5706085708694801
19.21921 0.5707064118452808
19.22042 0.5708042528210815
19.22163 0.5709347074554824
19.22283 0.571032548431283
19.22404 0.5711303894070837
19.22525 0.5712608440414846
19.22645 0.5713586850172853
19.22766 0.5714891396516861
19.22887 0.571619594286087
19.23007 0.5717174352618877
19.23128 0.5718478898962885
19.23249 0.5719783445306895
19.23369 0.5721087991650903
19.2349 0.5722392537994913
19.23611 0.5724023220924923
19.23731 0.5725327767268933
19.23852 0.5726958450198943
19.23973 0.5728589133128954
19.24094 0.5730219816058966
19.24214 0.5731850498988976
19.24335 0.5733481181918988
19.24456 0.5735111864848998
19.24576 0.573674254777901
19.24697 0.5738699367295024
19.24818 0.5740330050225034
19.24938 0.5742286869741048
19.25059 0.5743917552671058
19.2518 0.5745874372187072
19.253 0.5747505055117083
19.25421 0.5749461874633096
19.25542 0.575141869414911
19.25662 0.5753375513665123
19.25783 0.5755332333181136
19.25904 0.5757289152697149
19.26024 0.5759245972213163
19.26145 0.5761202791729176
19.26266 0.576315961124519
19.26386 0.5765116430761204
19.26507 0.5767073250277216
19.26628 0.576903006979323
19.26749 0.5771313025895245
19.26869 0.5773269845411259
19.2699 0.5775226664927271
19.27111 0.5777509621029288
19.27231 0.57794664405453
19.27352 0.5781749396647315
19.27473 0.5783706216163329
19.27593 0.5785989172265346
19.27714 0.5787945991781358
19.27835 0.5790228947883374
19.27955 0.5792511903985389
19.28076 0.5794794860087404
19.28197 0.5797403952775423
19.28317 0.5799686908877437
19.28438 0.5801969864979454
19.28559 0.5804578957667471
19.28679 0.5806861913769487
19.288 0.5809471006457505
19.28921 0.5811753962559519
19.29041 0.5814363055247538
19.29162 0.5816972147935555
19.29283 0.5819255104037571
19.29404 0.5821864196725589
19.29524 0.5824147152827603
19.29645 0.5826756245515622
19.29766 0.5829039201617637
19.29886 0.5831648294305655
19.30007 0.5833931250407671
19.30128 0.5836214206509686
19.30248 0.5838497162611702
19.30369 0.5840780118713718
19.3049 0.5843063074815733
19.3061 0.5845346030917749
19.30731 0.5847302850433762
19.30852 0.5849585806535776
19.30972 0.585154262605179
19.31093 0.5853499445567804
19.31214 0.5855456265083817
19.31334 0.5857413084599831
19.31455 0.5859369904115843
19.31576 0.5861326723631857
19.31696 0.5862957406561868
19.31817 0.5864914226077881
19.31938 0.5866871045593894
19.32059 0.5868501728523905
19.32179 0.5870458548039919
19.323 0.587208923096993
19.32421 0.5874046050485943
19.32541 0.5875676733415954
19.32662 0.5877307416345966
19.32783 0.5878938099275977
19.32903 0.5880568782205988
19.33024 0.5882199465135999
19.33145 0.5883830148066009
19.33265 0.5885460830996021
19.33386 0.5887091513926033
19.33507 0.588839606027004
19.33627 0.5890026743200052
19.33748 0.5891331289544061
19.33869 0.589263583588807
19.33989 0.5894266518818081
19.3411 0.589557106516209
19.34231 0.5896875611506098
19.34351 0.5897854021264105
19.34472 0.5899158567608115
19.34593 0.5900463113952124
19.34714 0.5901441523710129
19.34834 0.5902746070054139
19.34955 0.5903724479812145
19.35076 0.5904702889570151
19.35196 0.5905681299328158
19.35317 0.5906333572500163
19.35438 0.590731198225817
19.35558 0.5907964255430175
19.35679 0.590894266518818
19.358 0.5909594938360185
19.3592 0.5910247211532189
19.36041 0.5910899484704194
19.36162 0.5911551757876199
19.36282 0.5912204031048203
19.36403 0.5912856304220206
19.36524 0.5913508577392212
19.36644 0.5913834713978213
19.36765 0.5914486987150219
19.36886 0.5915139260322223
19.37006 0.5915465396908226
19.37127 0.591611767008023
19.37248 0.5916769943252234
19.37369 0.5917096079838237
19.37489 0.591774835301024
19.3761 0.5918074489596243
19.37731 0.5918726762768247
19.37851 0.5919379035940252
19.37972 0.5920031309112256
19.38093 0.5920357445698258
19.38213 0.5921009718870263
19.38334 0.5921661992042268
19.38455 0.5922314265214271
19.38575 0.5922966538386276
19.38696 0.5923292674972278
19.38817 0.5923944948144283
19.38937 0.5924597221316287
19.39058 0.592492335790229
19.39179 0.5925575631074294
19.39299 0.5926227904246298
19.3942 0.59265540408323
19.39541 0.5927206314004305
19.39662 0.5927532450590307
19.39782 0.5928184723762311
19.39903 0.5928510860348314
19.40024 0.5929163133520318
19.40144 0.5929489270106321
19.40265 0.5930141543278324
19.40386 0.5930467679864327
19.40506 0.5931119953036331
19.40627 0.5931772226208335
19.40748 0.5932098362794338
19.40868 0.5932750635966342
19.40989 0.5933402909138348
19.4111 0.5934055182310352
19.4123 0.5934381318896355
19.41351 0.5935033592068358
19.41472 0.5935685865240362
19.41592 0.5936338138412367
19.41713 0.5936990411584372
19.41834 0.5937642684756376
19.41954 0.5938621094514382
19.42075 0.5939273367686386
19.42196 0.5939925640858391
19.42317 0.5940904050616398
19.42437 0.5941556323788403
19.42558 0.5942208596960407
19.42679 0.5943187006718413
19.42799 0.594416541647642
19.4292 0.5944817689648425
19.43041 0.5945796099406432
19.43161 0.5946774509164439
19.43282 0.5947426782336442
19.43403 0.5948405192094449
19.43523 0.5949383601852456
19.43644 0.5950362011610463
19.43765 0.5951014284782467
19.43885 0.5951992694540473
19.44006 0.595297110429848
19.44127 0.5953949514056487
19.44247 0.5954927923814494
19.44368 0.59559063335725
19.44489 0.5956558606744504
19.44609 0.5957537016502511
19.4473 0.5958515426260518
19.44851 0.5959493836018525
19.44972 0.5960472245776531
19.45092 0.5961124518948535
19.45213 0.5962102928706542
19.45334 0.5963081338464549
19.45454 0.5964059748222555
19.45575 0.596471202139456
19.45696 0.5965690431152567
19.45816 0.5966668840910573
19.45937 0.5967321114082578
19.46058 0.5968299523840584
19.46178 0.5969277933598591
19.46299 0.5970256343356598
19.4642 0.5970908616528602
19.4654 0.5971887026286609
19.46661 0.5972865436044615
19.46782 0.5973843845802622
19.46902 0.5974496118974626
19.47023 0.5975474528732633
19.47144 0.597645293849064
19.47264 0.5977105211662644
19.47385 0.597808362142065
19.47506 0.5979062031178657
19.47627 0.5980040440936664
19.47747 0.5980692714108669
19.47868 0.5981671123866675
19.47989 0.5982649533624682
19.48109 0.5983301806796687
19.4823 0.5984280216554693
19.48351 0.5984932489726698
19.48471 0.5985910899484704
19.48592 0.5986889309242711
19.48713 0.5987541582414715
19.48833 0.5988519992172722
19.48954 0.5989172265344727
19.49075 0.5990150675102733
19.49195 0.5990802948274737
19.49316 0.5991781358032744
19.49437 0.5992433631204748
19.49557 0.5993085904376753
19.49678 0.5994064314134759
19.49799 0.5994716587306764
19.49919 0.5995368860478768
19.5004 0.5996021133650773
19.50161 0.5996999543408779
19.50282 0.5997651816580785
19.50402 0.5998304089752788
19.50523 0.5998956362924792
19.50644 0.5999608636096798
19.50764 0.6000260909268802
19.50885 0.6000913182440806
19.51006 0.6001891592198813
19.51126 0.6002543865370817
19.51247 0.6003196138542822
19.51368 0.6003848411714826
19.51488 0.600450068488683
19.51609 0.6005152958058835
19.5173 0.600580523123084
19.5185 0.6006457504402843
19.51971 0.600743591416085
19.52092 0.6008088187332855
19.52212 0.6008740460504859
19.52333 0.6009392733676864
19.52454 0.6010045006848869
19.52574 0.6011023416606875
19.52695 0.6011675689778879
19.52816 0.6012327962950884
19.52937 0.6012980236122888
19.53057 0.6013958645880895
19.53178 0.60146109190529
19.53299 0.6015263192224903
19.53419 0.601624160198291
19.5354 0.6016893875154914
19.53661 0.601754614832692
19.53781 0.6018524558084927
19.53902 0.601917683125693
19.54023 0.6019829104428934
19.54143 0.6020807514186941
19.54264 0.6021459787358946
19.54385 0.6022112060530951
19.54505 0.6023090470288958
19.54626 0.6023742743460961
19.54747 0.6024721153218968
19.54867 0.6025373426390972
19.54988 0.6026025699562977
19.55109 0.6027004109320984
19.55229 0.6027656382492989
19.5535 0.6028634792250994
19.55471 0.6029287065422999
19.55592 0.6030265475181006
19.55712 0.6030917748353011
19.55833 0.6031896158111016
19.55954 0.6032548431283021
19.56074 0.6033526841041028
19.56195 0.6034179114213032
19.56316 0.6035157523971039
19.56436 0.6035809797143044
19.56557 0.6036788206901049
19.56678 0.6037766616659056
19.56798 0.6038418889831062
19.56919 0.6039397299589068
19.5704 0.6040049572761073
19.5716 0.6041027982519079
19.57281 0.6042006392277086
19.57402 0.604265866544909
19.57522 0.6043637075207097
19.57643 0.6044615484965103
19.57764 0.6045267758137107
19.57884 0.6046246167895114
19.58005 0.6047224577653121
19.58126 0.6047876850825126
19.58247 0.6048855260583132
19.58367 0.6049833670341139
19.58488 0.6050485943513143
19.58609 0.605146435327115
19.58729 0.6052442763029157
19.5885 0.6053421172787163
19.58971 0.605439958254517
19.59091 0.6055377992303177
19.59212 0.6056030265475181
19.59333 0.6057008675233188
19.59453 0.6057987084991194
19.59574 0.6058965494749201
19.59695 0.6059943904507208
19.59815 0.6060922314265215
19.59936 0.6061900724023221
19.60057 0.6062879133781228
19.60177 0.6063857543539235
19.60298 0.6065162089883243
19.60419 0.6066140499641249
19.6054 0.6067118909399256
19.6066 0.6068097319157263
19.60781 0.606907572891527
19.60902 0.6070380275259278
19.61022 0.6071358685017285
19.61143 0.6072337094775292
19.61264 0.6073641641119301
19.61384 0.6074620050877307
19.61505 0.6075598460635314
19.61626 0.6076903006979323
19.61746 0.607788141673733
19.61867 0.6079185963081338
19.61988 0.6080164372839345
19.62108 0.6081468919183354
19.62229 0.608244732894136
19.6235 0.608375187528537
19.6247 0.6084730285043376
19.62591 0.6086034831387385
19.62712 0.6087013241145391
19.62832 0.6088317787489401
19.62953 0.6089622333833409
19.63074 0.6090600743591416
19.63195 0.6091905289935425
19.63315 0.6093209836279434
19.63436 0.6094514382623443
19.63557 0.609549279238145
19.63677 0.6096797338725458
19.63798 0.6098101885069467
19.63919 0.6099406431413475
19.64039 0.6100710977757485
19.6416 0.6102015524101493
19.64281 0.6103320070445503
19.64401 0.6104624616789511
19.64522 0.610592916313352
19.64643 0.610723370947753
19.64763 0.6108538255821537
19.64884 0.6110168938751549
19.65005 0.6111473485095558
19.65125 0.6112778031439567
19.65246 0.6114408714369578
19.65367 0.6115713260713587
19.65487 0.6117343943643597
19.65608 0.6118648489987607
19.65729 0.6119953036331616
19.6585 0.6121583719261627
19.6597 0.6122888265605635
19.66091 0.6124518948535647
19.66212 0.6125823494879655
19.66332 0.6127128041223665
19.66453 0.6128758724153676
19.66574 0.6130063270497684
19.66694 0.6131367816841693
19.66815 0.6132998499771705
19.66936 0.6134303046115713
19.67056 0.6135607592459722
19.67177 0.6136912138803731
19.67298 0.6138216685147739
19.67418 0.6139521231491749
19.67539 0.6140825777835758
19.6766 0.6141804187593763
19.6778 0.6143108733937773
19.67901 0.6144413280281782
19.68022 0.6145391690039789
19.68142 0.6146696236383797
19.68263 0.6148000782727807
19.68384 0.6148979192485814
19.68505 0.6150283738829821
19.68625 0.6151262148587828
19.68746 0.6152240558345835
19.68867 0.6153545104689844
19.68987 0.615452351444785
19.69108 0.6155828060791859
19.69229 0.6156806470549866
19.69349 0.6157784880307873
19.6947 0.615876329006588
19.69591 0.6160067836409888
19.69711 0.6161046246167895
19.69832 0.6162024655925902
19.69953 0.6163003065683909
19.70073 0.6163981475441915
19.70194 0.6164959885199922
19.70315 0.6165938294957929
19.70435 0.6166916704715936
19.70556 0.6167895114473942
19.70677 0.6168873524231948
19.70797 0.6169851933989955
19.70918 0.6170830343747962
19.71039 0.6171482616919967
19.7116 0.6172461026677973
19.7128 0.617343943643598
19.71401 0.6174417846193986
19.71522 0.6175070119365991
19.71642 0.6176048529123997
19.71763 0.6176700802296001
19.71884 0.6177679212054008
19.72004 0.6178331485226013
19.72125 0.6178983758398017
19.72246 0.6179636031570022
19.72366 0.6180288304742025
19.72487 0.618094057791403
19.72608 0.6181592851086034
19.72728 0.6182245124258039
19.72849 0.6182897397430044
19.7297 0.6183549670602048
19.7309 0.6184201943774053
19.73211 0.6184854216946057
19.73332 0.6185180353532059
19.73452 0.6185832626704064
19.73573 0.6186484899876068
19.73694 0.6187137173048072
19.73815 0.6187789446220078
19.73935 0.6188441719392082
19.74056 0.6189093992564085
19.74177 0.618974626573609
19.74297 0.6190398538908095
19.74418 0.6191050812080099
19.74539 0.6192029221838106
19.74659 0.619268149501011
19.7478 0.6193659904768116
19.74901 0.6194312177940121
19.75021 0.6195290587698128
19.75142 0.6196268997456135
19.75263 0.6197247407214141
19.75383 0.6197899680386145
19.75504 0.6198878090144152
19.75625 0.6200182636488161
19.75745 0.6201161046246167
19.75866 0.6202139456004174
19.75987 0.6203117865762181
19.76107 0.6204096275520188
19.76228 0.6205400821864197
19.76349 0.6206379231622203
19.7647 0.6207683777966212
19.7659 0.6208662187724219
19.76711 0.6209966734068227
19.76832 0.6210945143826234
19.76952 0.6212249690170244
19.77073 0.6213554236514252
19.77194 0.6214532646272258
19.77314 0.6215837192616268
19.77435 0.6217141738960277
19.77556 0.6218446285304285
19.77676 0.6219424695062292
19.77797 0.6220729241406301
19.77918 0.622203378775031
19.78038 0.6223338334094318
19.78159 0.6224642880438328
19.7828 0.6225947426782336
19.784 0.6227251973126345
19.78521 0.6228556519470354
19.78642 0.6229861065814363
19.78762 0.6231165612158373
19.78883 0.623247015850238
19.79004 0.623377470484639
19.79125 0.6235079251190399
19.79245 0.6236383797534407
19.79366 0.6237688343878417
19.79487 0.6239319026808428
19.79607 0.6240623573152436
19.79728 0.6242254256082447
19.79849 0.6243558802426457
19.79969 0.6245189485356467
19.8009 0.6246820168286478
19.80211 0.6248124714630487
19.80331 0.6249755397560498
19.80452 0.6251386080490509
19.80573 0.625301676342052
19.80693 0.6254321309764529
19.80814 0.6255951992694541
19.80935 0.6257582675624552
19.81055 0.6259213358554563
19.81176 0.6260517904898572
19.81297 0.6262148587828582
19.81417 0.6263453134172592
19.81538 0.6265083817102602
19.81659 0.6266388363446611
19.8178 0.6268019046376623
19.819 0.6269323592720631
19.82021 0.627062813906464
19.82142 0.627193268540865
19.82262 0.6273237231752657
19.82383 0.6274541778096667
19.82504 0.6275846324440675
19.82624 0.6277150870784685
19.82745 0.6278129280542691
19.82866 0.62794338268867
19.82986 0.6280412236644707
19.83107 0.6281390646402714
19.83228 0.628236905616072
19.83348 0.6283347465918727
19.83469 0.6284652012262736
19.8359 0.6285630422020743
19.8371 0.6286282695192746
19.83831 0.6287261104950753
19.83952 0.628823951470876
19.84073 0.6289217924466767
19.84193 0.6290196334224774
19.84314 0.6290848607396778
19.84435 0.6291827017154784
19.84555 0.6292479290326789
19.84676 0.6293457700084796
19.84797 0.62941099732568
19.84917 0.6294762246428804
19.85038 0.629574065618681
19.85159 0.6296392929358816
19.85279 0.629704520253082
19.854 0.6297697475702824
19.85521 0.629834974887483
19.85641 0.6299002022046833
19.85762 0.6299654295218837
19.85883 0.6300306568390842
19.86003 0.6300958841562847
19.86124 0.6301611114734851
19.86245 0.6301937251320854
19.86365 0.6302589524492858
19.86486 0.6303241797664861
19.86607 0.6303567934250864
19.86728 0.6304220207422868
19.86848 0.6304546344008871
19.86969 0.6305198617180875
19.8709 0.6305524753766878
19.8721 0.630585089035288
19.87331 0.6306177026938882
19.87452 0.6306503163524884
19.87572 0.6306829300110887
19.87693 0.6307155436696888
19.87814 0.630748157328289
19.87934 0.6307807709868893
19.88055 0.6307807709868893
19.88176 0.6308133846454895
19.88296 0.6308459983040897
19.88417 0.6308459983040897
19.88538 0.63087861196269
19.88658 0.63087861196269
19.88779 0.6309112256212902
19.889 0.6309112256212902
19.8902 0.6309438392798904
19.89141 0.6309438392798904
19.89262 0.6309764529384907
19.89383 0.6309764529384907
19.89503 0.6310090665970909
19.89624 0.6310090665970909
19.89745 0.6310090665970909
19.89865 0.6310416802556911
19.89986 0.6310416802556911
19.90107 0.6310742939142913
19.90227 0.6310742939142913
19.90348 0.6311069075728915
19.90469 0.6311069075728915
19.90589 0.6311395212314918
19.9071 0.6311395212314918
19.90831 0.6311395212314918
19.90951 0.6311721348900919
19.91072 0.6311721348900919
19.91193 0.6312047485486921
19.91313 0.6312047485486921
19.91434 0.6312047485486921
19.91555 0.6312373622072924
19.91675 0.6312373622072924
19.91796 0.6312373622072924
19.91917 0.6312373622072924
19.92038 0.6312699758658926
19.92158 0.6312699758658926
19.92279 0.6312699758658926
19.924 0.6312699758658926
19.9252 0.6313025895244928
19.92641 0.6313025895244928
19.92762 0.6313025895244928
19.92882 0.6313025895244928
19.93003 0.6313025895244928
19.93124 0.6313025895244928
19.93244 0.6313352031830931
19.93365 0.6313352031830931
19.93486 0.6313352031830931
19.93606 0.6313352031830931
19.93727 0.6313352031830931
19.93848 0.6313352031830931
19.93968 0.6313678168416933
19.94089 0.6313678168416933
19.9421 0.6313678168416933
19.9433 0.6313678168416933
19.94451 0.6313678168416933
19.94572 0.6313678168416933
19.94693 0.6314004305002935
19.94813 0.6314004305002935
19.94934 0.6314004305002935
19.95055 0.6314004305002935
19.95175 0.6314004305002935
19.95296 0.6314004305002935
19.95417 0.6314004305002935
19.95537 0.6314004305002935
19.95658 0.6314004305002935
19.95779 0.6314004305002935
19.95899 0.6314004305002935
19.9602 0.6314004305002935
19.96141 0.6314004305002935
19.96261 0.6314004305002935
19.96382 0.6314004305002935
19.96503 0.6314004305002935
19.96623 0.6314004305002935
19.96744 0.6314004305002935
19.96865 0.6314004305002935
19.96985 0.6314004305002935
19.97106 0.6314330441588938
19.97227 0.6314330441588938
19.97348 0.6314330441588938
19.97468 0.6314330441588938
19.97589 0.6314330441588938
19.9771 0.6314656578174939
19.9783 0.6314656578174939
19.97951 0.6314656578174939
19.98072 0.6314982714760942
19.98192 0.6314982714760942
19.98313 0.6314982714760942
19.98434 0.6315308851346945
19.98554 0.6315308851346945
19.98675 0.6315634987932945
19.98796 0.6315634987932945
19.98916 0.6315961124518948
19.99037 0.6316287261104951
19.99158 0.6316287261104951
19.99278 0.6316613397690952
19.99399 0.6316613397690952
19.9952 0.6316939534276955
19.9964 0.6317265670862958
19.99761 0.6317265670862958
19.99882 0.6317591807448959
20.00003 0.6317917944034962
20.00123 0.6318244080620964
20.00244 0.6318244080620964
20.00365 0.6318570217206966
20.00485 0.6318896353792969
20.00606 0.6318896353792969
20.00727 0.6319222490378971
20.00847 0.6319548626964973
20.00968 0.6319874763550976
20.01089 0.6319874763550976
20.01209 0.6320200900136977
20.0133 0.6320527036722979
20.01451 0.6320853173308982
20.01571 0.6320853173308982
20.01692 0.6321179309894984
20.01813 0.6321505446480986
20.01933 0.6321505446480986
20.02054 0.6321831583066989
20.02175 0.632215771965299
20.02295 0.632215771965299
20.02416 0.6322483856238993
20.02537 0.6322809992824995
20.02658 0.6323136129410997
20.02778 0.6323462265997
20.02899 0.6323788402583002
20.0302 0.6324114539169003
20.0314 0.6324440675755006
20.03261 0.6324766812341008
20.03382 0.632509294892701
20.03502 0.6325419085513013
20.03623 0.6325745222099015
20.03744 0.6326071358685017
20.03864 0.632639749527102
20.03985 0.6326723631857022
20.04106 0.6327049768443024
20.04226 0.6327049768443024
20.04347 0.6327375905029026
20.04468 0.6327702041615029
20.04588 0.6328028178201031
20.04709 0.6328028178201031
20.0483 0.6328354314787032
20.04951 0.6328354314787032
20.05071 0.6328354314787032
20.05192 0.6328354314787032
20.05313 0.6328354314787032
20.05433 0.6328354314787032
20.05554 0.6328354314787032
20.05675 0.6328354314787032
20.05795 0.6328354314787032
20.05916 0.6328028178201031
20.06037 0.6328028178201031
20.06157 0.6327702041615029
20.06278 0.6327702041615029
20.06399 0.6327375905029026
20.06519 0.6327375905029026
20.0664 0.6327049768443024
20.06761 0.6327049768443024
20.06881 0.6326723631857022
20.07002 0.632639749527102
20.07123 0.6326071358685017
20.07243 0.6325745222099015
20.07364 0.6325419085513013
20.07485 0.632509294892701
20.07606 0.6324766812341008
20.07726 0.6324440675755006
20.07847 0.6324114539169003
20.07968 0.6323462265997
20.08088 0.6323136129410997
20.08209 0.6322483856238993
20.0833 0.632215771965299
20.0845 0.6321505446480986
20.08571 0.6320853173308982
20.08692 0.6320200900136977
20.08812 0.6319548626964973
20.08933 0.6318570217206966
20.09054 0.6317917944034962
20.09174 0.6317265670862958
20.09295 0.6316287261104951
20.09416 0.6315308851346945
20.09536 0.6314330441588938
20.09657 0.6313352031830931
20.09778 0.6312373622072924
20.09898 0.6311395212314918
20.10019 0.6310090665970909
20.1014 0.6309112256212902
20.10261 0.6307807709868893
20.10381 0.6306503163524884
20.10502 0.6305198617180875
20.10623 0.6303894070836866
20.10743 0.6302589524492858
20.10864 0.6301284978148849
20.10985 0.629998043180484
20.11105 0.629867588546083
20.11226 0.629704520253082
20.11347 0.6295414519600809
20.11467 0.62941099732568
20.11588 0.6292479290326789
20.11709 0.6290848607396778
20.11829 0.6289217924466767
20.1195 0.6287587241536755
20.12071 0.6285956558606745
20.12191 0.6283999739090731
20.12312 0.628236905616072
20.12433 0.6280738373230709
20.12553 0.6278781553714695
20.12674 0.6276824734198682
20.12795 0.6274867914682669
20.12916 0.6273237231752657
20.13036 0.6271280412236644
20.13157 0.626899745613463
20.13278 0.6267040636618616
20.13398 0.6265083817102602
20.13519 0.6263126997586589
20.1364 0.6260844041484573
20.1376 0.6258561085382558
20.13881 0.6256604265866546
20.14002 0.6254321309764529
20.14122 0.6252038353662515
20.14243 0.6249429260974496
20.14364 0.6247146304872481
20.14484 0.6244863348770465
20.14605 0.6242254256082447
20.14726 0.6239645163394429
20.14846 0.6237362207292414
20.14967 0.6234753114604397
20.15088 0.6232144021916379
20.15208 0.6229534929228361
20.15329 0.622659969995434
20.1545 0.6223990607266323
20.15571 0.6221381514578306
20.15691 0.6218772421890287
20.15812 0.6215837192616268
20.15933 0.6213228099928251
20.16053 0.621029287065423
20.16174 0.620735764138021
20.16295 0.6204748548692193
20.16415 0.6201813319418172
20.16536 0.6198878090144152
20.16657 0.6196268997456135
20.16777 0.6193333768182115
20.16898 0.6190398538908095
20.17019 0.6187789446220078
20.17139 0.6184854216946057
20.1726 0.6181918987672037
20.17381 0.6178983758398017
20.17501 0.6176048529123997
20.17622 0.617343943643598
20.17743 0.617050420716196
20.17863 0.616756897788794
20.17984 0.6164633748613919
20.18105 0.6161698519339899
20.18226 0.6158437153479878
20.18346 0.6155501924205857
20.18467 0.6152566694931838
20.18588 0.6149631465657818
20.18708 0.6146370099797794
20.18829 0.6143434870523775
20.1895 0.6140173504663753
20.1907 0.6137238275389733
20.19191 0.6133976909529711
20.19312 0.6131041680255691
20.19432 0.6127780314395669
20.19553 0.6124845085121648
20.19674 0.6121583719261627
20.19794 0.6118322353401604
20.19915 0.6115387124127585
20.20036 0.6112125758267563
20.20156 0.610886439240754
20.20277 0.610592916313352
20.20398 0.6102667797273499
20.20518 0.6099406431413475
20.20639 0.6096471202139456
20.2076 0.6093209836279434
20.20881 0.6089948470419412
20.21001 0.6087013241145391
20.21122 0.608375187528537
20.21243 0.6080490509425347
20.21363 0.6077555280151327
20.21484 0.6074293914291305
20.21605 0.6071358685017285
20.21725 0.6068097319157263
20.21846 0.6065162089883243
20.21967 0.6061900724023221
20.22087 0.6058639358163198
20.22208 0.6055704128889179
20.22329 0.6052442763029157
20.22449 0.6049507533755136
20.2257 0.6046246167895114
20.22691 0.6042984802035093
20.22811 0.6040049572761073
20.22932 0.6036788206901049
20.23053 0.603385297762703
20.23173 0.6030591611767008
20.23294 0.6027330245906986
20.23415 0.6024395016632965
20.23536 0.6021133650772944
20.23656 0.6017872284912921
20.23777 0.6014937055638901
20.23898 0.6011675689778879
20.24018 0.6008414323918857
20.24139 0.6005152958058835
20.2426 0.6002217728784816
20.2438 0.5998956362924792
20.24501 0.5995694997064771
20.24622 0.5992433631204748
20.24742 0.5989172265344727
20.24863 0.5985910899484704
20.24984 0.5982649533624682
20.25104 0.597938816776466
20.25225 0.5976126801904638
20.25346 0.5972865436044615
20.25466 0.5969604070184593
20.25587 0.5966342704324571
20.25708 0.5963081338464549
20.25829 0.5959819972604528
20.25949 0.5956232470158502
20.2607 0.595297110429848
20.26191 0.5949709738438458
20.26311 0.5946122235992434
20.26432 0.5942860870132411
20.26553 0.5939273367686386
20.26673 0.5936012001826365
20.26794 0.5932424499380341
20.26915 0.5929163133520318
20.27035 0.5925575631074294
20.27156 0.5922314265214271
20.27277 0.5918726762768247
20.27397 0.5915139260322223
20.27518 0.5911877894462201
20.27639 0.5908290392016176
20.27759 0.5905029026156154
20.2788 0.5901441523710129
20.28001 0.5898180157850108
20.28121 0.5894592655404084
20.28242 0.5891331289544061
20.28363 0.5887743787098036
20.28484 0.5884482421238014
20.28604 0.588089491879199
20.28725 0.5877633552931968
20.28846 0.5874046050485943
20.28966 0.5870784684625922
20.29087 0.5867523318765898
20.29208 0.5864261952905877
20.29328 0.5860674450459853
20.29449 0.5857413084599831
20.2957 0.5854151718739808
20.2969 0.5850890352879786
20.29811 0.5847628987019763
20.29932 0.5844041484573739
20.30052 0.5840780118713718
20.30173 0.5837518752853695
20.30294 0.5834257386993673
20.30414 0.5830669884547648
20.30535 0.5827408518687627
20.30656 0.5824147152827603
20.30776 0.5820885786967582
20.30897 0.581762442110756
20.31018 0.5814036918661536
20.31139 0.5810775552801513
20.31259 0.5807514186941491
20.3138 0.5804252821081468
20.31501 0.5800991455221447
20.31621 0.5797730089361425
20.31742 0.5794468723501403
20.31863 0.579120735764138
20.31983 0.578827212836736
20.32104 0.5785010762507339
20.32225 0.5781749396647315
20.32345 0.5778488030787294
20.32466 0.5775552801513274
20.32587 0.5772291435653252
20.32707 0.5769356206379231
20.32828 0.576609484051921
20.32949 0.576315961124519
20.33069 0.5759898245385167
20.3319 0.5756963016111147
20.33311 0.5754027786837127
20.33431 0.5751092557563108
20.33552 0.5748157328289087
20.33673 0.5745222099015068
20.33794 0.5742286869741048
20.33914 0.573967777705303
20.34035 0.573674254777901
20.34156 0.5734133455090992
20.34276 0.5731198225816972
20.34397 0.5728589133128954
20.34518 0.5725980040440937
20.34638 0.5723044811166916
20.34759 0.5720435718478899
20.3488 0.5717826625790882
20.35 0.5715217533102863
20.35121 0.5712608440414846
20.35242 0.5709999347726828
20.35362 0.570739025503881
20.35483 0.5704455025764791
20.35604 0.5701845933076773
20.35724 0.5699236840388754
20.35845 0.5696627747700737
20.35966 0.5694018655012719
20.36086 0.5691409562324702
20.36207 0.5688800469636683
20.36328 0.5686191376948666
20.36449 0.5683582284260649
20.36569 0.5680647054986628
20.3669 0.5678037962298611
20.36811 0.5675428869610593
20.36931 0.5672819776922575
20.37052 0.5669884547648555
20.37173 0.5667275454960538
20.37293 0.5664340225686517
20.37414 0.56617311329985
20.37535 0.565879590372448
20.37655 0.5656186811036462
20.37776 0.5653251581762442
20.37897 0.5650642489074424
20.38017 0.5647707259800404
20.38138 0.5645098167112387
20.38259 0.5642162937838366
20.38379 0.5639553845150349
20.385 0.563661861587633
20.38621 0.563400952318831
20.38741 0.5631074293914291
20.38862 0.5628465201226274
20.38983 0.5625529971952253
20.39104 0.5622920879264236
20.39224 0.5619985649990216
20.39345 0.5617376557302198
20.39466 0.5614441328028178
20.39586 0.5611506098754158
20.39707 0.560889700606614
20.39828 0.560596177679212
20.39948 0.5603026547518101
20.40069 0.560009131824408
20.4019 0.559715608897006
20.4031 0.5594220859696041
20.40431 0.559128563042202
20.40552 0.5588024264561998
20.40672 0.5585089035287979
20.40793 0.5582153806013959
20.40914 0.5578892440153936
20.41034 0.5575631074293914
20.41155 0.5572695845019894
20.41276 0.5569434479159873
20.41396 0.5566173113299849
20.41517 0.5562585610853825
20.41638 0.5559324244993803
20.41759 0.5556062879133782
20.41879 0.5552801513273758
20.42 0.5549214010827734
20.42121 0.554562650838171
20.42241 0.5542365142521688
20.42362 0.5538777640075664
20.42483 0.553519013762964
20.42603 0.5531602635183616
20.42724 0.552801513273759
20.42845 0.5524427630291566
20.42965 0.5520840127845542
20.43086 0.5517252625399517
20.43207 0.5513665122953493
20.43327 0.5509751483921467
20.43448 0.5506163981475443
20.43569 0.5502576479029417
20.43689 0.5498662839997391
20.4381 0.5495075337551366
20.43931 0.5491487835105342
20.44051 0.5487574196073315
20.44172 0.5483986693627291
20.44293 0.5480073054595265
20.44414 0.5476485552149241
20.44534 0.5472571913117213
20.44655 0.5468984410671189
20.44776 0.5465070771639162
20.44896 0.5461483269193138
20.45017 0.5457569630161111
20.45138 0.5453982127715087
20.45258 0.5450068488683061
20.45379 0.5446480986237037
20.455 0.544256734720501
20.4562 0.5438979844758985
20.45741 0.5435066205726958
20.45862 0.5431152566694932
20.45982 0.5427238927662905
20.46103 0.5423325288630878
20.46224 0.5419411649598852
20.46344 0.5415498010566825
20.46465 0.5411584371534799
20.46586 0.5407670732502773
20.46707 0.5403757093470746
20.46827 0.5399843454438719
20.46948 0.5395929815406693
20.47069 0.5392016176374665
20.47189 0.5387776400756638
20.4731 0.538386276172461
20.47431 0.5379949122692583
20.47551 0.5376035483660556
20.47672 0.537212184462853
20.47793 0.5368208205596504
20.47913 0.5364294566564477
20.48034 0.5360380927532451
20.48155 0.5356467288500424
20.48275 0.53528797860544
20.48396 0.5348966147022373
20.48517 0.5345052507990347
20.48637 0.5341465005544322
20.48758 0.5337551366512295
20.48879 0.5333963864066271
20.48999 0.5330376361620247
20.4912 0.5326788859174222
20.49241 0.5323201356728198
20.49362 0.5319613854282174
20.49482 0.531602635183615
20.49603 0.5312764985976126
20.49724 0.5309177483530102
20.49844 0.530591611767008
20.49965 0.5302328615224056
20.50086 0.5299067249364035
20.50206 0.5295479746918009
20.50327 0.5292218381057987
20.50448 0.5288957015197965
20.50568 0.5285369512751941
20.50689 0.5282108146891918
20.5081 0.5278846781031896
20.5093 0.5275585415171874
20.51051 0.5272324049311852
20.51172 0.526906268345183
20.51292 0.5265801317591807
20.51413 0.5262866088317788
20.51534 0.5259604722457765
20.51654 0.5256343356597744
20.51775 0.5253408127323723
20.51896 0.5250146761463701
20.52017 0.5247211532189681
20.52137 0.5243950166329658
20.52258 0.5241014937055639
20.52379 0.5238079707781619
20.52499 0.5235144478507598
20.5262 0.5232209249233578
20.52741 0.5229274019959559
20.52861 0.522633879068554
20.52982 0.5223403561411519
20.53103 0.5220794468723501
20.53223 0.5217859239449482
20.53344 0.5215250146761463
20.53465 0.5212314917487443
20.53585 0.5209705824799425
20.53706 0.5207096732111408
20.53827 0.5204487639423391
20.53947 0.5201878546735372
20.54068 0.5199269454047355
20.54189 0.519698649794534
20.54309 0.5194377405257321
20.5443 0.5192094449155307
20.54551 0.5189485356467288
20.54672 0.5187202400365273
20.54792 0.5184919444263257
20.54913 0.5182636488161242
20.55034 0.5180353532059226
20.55154 0.5178070575957211
20.55275 0.5175787619855196
20.55396 0.517350466375318
20.55516 0.5171221707651165
20.55637 0.5168938751549148
20.55758 0.5166981932033134
20.55878 0.516469897593112
20.55999 0.5162416019829104
20.5612 0.5160459200313091
20.5624 0.5158176244211076
20.56361 0.5156219424695062
20.56482 0.5153936468593047
20.56602 0.5151653512491031
20.56723 0.5149696692975019
20.56844 0.5147413736873002
20.56964 0.5145130780770987
20.57085 0.5143173961254974
20.57206 0.5140891005152958
20.57327 0.5138608049050942
20.57447 0.5136651229534929
20.57568 0.5134368273432913
20.57689 0.5132085317330898
20.57809 0.5130128497814884
20.5793 0.512784554171287
20.58051 0.5125562585610853
20.58171 0.512360576609484
20.58292 0.5121322809992825
20.58413 0.5119365990476812
20.58533 0.5117083034374796
20.58654 0.5115126214858783
20.58775 0.5112843258756767
20.58895 0.5110886439240754
20.59016 0.5108603483138738
20.59137 0.5106646663622725
20.59257 0.5104689844106711
20.59378 0.5102406888004697
20.59499 0.5100450068488683
20.59619 0.509849324897267
20.5974 0.5096210292870654
20.59861 0.5094253473354641
20.59982 0.5091970517252625
20.60102 0.5090013697736612
20.60223 0.5088056878220599
20.60344 0.5085773922118583
20.60464 0.5083817102602569
20.60585 0.5081534146500555
20.60706 0.5079577326984541
20.60826 0.5077620507468528
20.60947 0.5075337551366512
20.61068 0.5073380731850499
20.61188 0.5071097775748483
20.61309 0.5068814819646468
20.6143 0.5066858000130454
20.6155 0.506457504402844
20.61671 0.5062618224512426
20.61792 0.506033526841041
20.61912 0.5058052312308395
20.62033 0.5055769356206379
20.62154 0.5053812536690365
20.62274 0.5051529580588351
20.62395 0.5049246624486335
20.62516 0.5046963668384319
20.62637 0.5044680712282305
20.62757 0.5042723892766291
20.62878 0.5040440936664274
20.62999 0.503815798056226
20.63119 0.5035875024460243
20.6324 0.5033592068358228
20.63361 0.5031309112256213
20.63481 0.5029026156154197
20.63602 0.5026743200052182
20.63723 0.5024460243950166
20.63843 0.5022503424434153
20.63964 0.5020220468332138
20.64085 0.5017937512230122
20.64205 0.5015654556128106
20.64326 0.5013371600026091
20.64447 0.5011088643924075
20.64567 0.500880568782206
20.64688 0.5006848868306046
20.64809 0.5004565912204031
20.64929 0.5002282956102015
20.6505 0.5
20.65171 0.4997717043897984
20.65292 0.49957602243819715
20.65412 0.49934772682799555
20.65533 0.49911943121779406
20.65654 0.4989237492661927
20.65774 0.4986954536559911
20.65895 0.49849977170438986
20.66016 0.49827147609418826
20.66136 0.4980431804839867
20.66257 0.49784749853238536
20.66378 0.49761920292218376
20.66498 0.49742352097058246
20.66619 0.4971952253603809
20.6674 0.4969995434087796
20.6686 0.49677124779857806
20.66981 0.4965755658469767
20.67102 0.4963472702367751
20.67222 0.4961515882851738
20.67343 0.4959559063335725
20.67464 0.4957276107233709
20.67585 0.4955319287717696
20.67705 0.49530363316156806
20.67826 0.49510795120996676
20.67947 0.4949122692583654
20.68067 0.49468397364816385
20.68188 0.49448829169656255
20.68309 0.49425999608636095
20.68429 0.49406431413475965
20.6855 0.49386863218315835
20.68671 0.493672950231557
20.68791 0.4934446546213554
20.68912 0.49324897266975415
20.69033 0.4930532907181528
20.69153 0.4928249951079512
20.69274 0.49262931315634984
20.69395 0.4924336312047486
20.69515 0.49223794925314723
20.69636 0.4920422673015459
20.69757 0.4918139716913443
20.69877 0.49161828973974303
20.69998 0.4914226077881417
20.70119 0.4912269258365404
20.7024 0.491031243884939
20.7036 0.49080294827473747
20.70481 0.49060726632313617
20.70602 0.4904115843715348
20.70722 0.49021590241993346
20.70843 0.4900202204683321
20.70964 0.4897919248581306
20.71084 0.48959624290652926
20.71205 0.4894005609549279
20.71326 0.48920487900332654
20.71446 0.48900919705172524
20.71567 0.488813515100124
20.71688 0.48861783314852264
20.71808 0.48838953753832104
20.71929 0.4881938555867197
20.7205 0.48799817363511844
20.7217 0.4878024916835171
20.72291 0.4876068097319157
20.72412 0.48741112778031437
20.72532 0.48721544582871307
20.72653 0.48705237753571196
20.72774 0.4868566955841106
20.72895 0.48666101363250924
20.73015 0.48646533168090794
20.73136 0.48626964972930664
20.73257 0.48607396777770534
20.73377 0.48591089948470423
20.73498 0.48571521753310287
20.73619 0.4855195355815015
20.73739 0.48535646728850046
20.7386 0.4851607853368991
20.73981 0.484997717043898
20.74101 0.48480203509229663
20.74222 0.4846389667992956
20.74343 0.4844758985062944
20.74463 0.4842802165546931
20.74584 0.48411714826169194
20.74705 0.4839214663100907
20.74825 0.48375839801708953
20.74946 0.4835953297240884
20.75067 0.48339964777248706
20.75187 0.483236579479486
20.75308 0.4830735111864849
20.75429 0.48287782923488354
20.7555 0.4827147609418825
20.7567 0.48255169264888137
20.75791 0.48238862435588026
20.75912 0.4822255560628791
20.76032 0.48206248776987803
20.76153 0.4818994194768769
20.76274 0.4817363511838758
20.76394 0.48157328289087475
20.76515 0.48141021459787353
20.76636 0.4812471463048725
20.76756 0.48108407801187136
20.76877 0.4809210097188703
20.76998 0.48079055508446933
20.77118 0.4806274867914683
20.77239 0.48046441849846716
20.7736 0.48033396386406624
20.7748 0.4801708955710652
20.77601 0.4800404409366642
20.77722 0.4799099863022634
20.77842 0.4797469180092623
20.77963 0.47961646337486136
20.78084 0.47948600874046055
20.78205 0.4793555541060596
20.78325 0.4792250994716587
20.78446 0.47909464483725783
20.78567 0.4789641902028569
20.78687 0.47886634922705623
20.78808 0.4787358945926554
20.78929 0.4786054399582545
20.79049 0.4785075989824538
20.7917 0.47837714434805295
20.79291 0.47827930337225233
20.79411 0.47814884873785135
20.79532 0.47805100776205073
20.79653 0.4779531667862501
20.79773 0.4778227121518492
20.79894 0.4777248711760485
20.80015 0.4776270302002478
20.80135 0.47752918922444715
20.80256 0.4774313482486465
20.80377 0.47733350727284585
20.80497 0.47723566629704517
20.80618 0.4771378253212446
20.80739 0.4770399843454439
20.8086 0.47694214336964325
20.8098 0.47684430239384257
20.81101 0.4767464614180419
20.81222 0.4766486204422412
20.81342 0.47655077946644053
20.81463 0.4764855521492401
20.81584 0.4763877111734394
20.81704 0.4762898701976388
20.81825 0.4761920292218381
20.81946 0.47609418824603744
20.82066 0.47599634727023676
20.82187 0.47593111995303633
20.82308 0.47583327897723565
20.82428 0.475735438001435
20.82549 0.4756375970256343
20.8267 0.4755723697084339
20.8279 0.47547452873263324
20.82911 0.47537668775683256
20.83032 0.4753114604396321
20.83152 0.47521361946383145
20.83273 0.47514839214663096
20.83394 0.4750505511708304
20.83515 0.47498532385362985
20.83635 0.47492009653642947
20.83756 0.4748222555606288
20.83877 0.47475702824342836
20.83997 0.4746918009262279
20.84118 0.47459395995042725
20.84239 0.47452873263322676
20.84359 0.4744635053160263
20.8448 0.47436566434022565
20.84601 0.47430043702302527
20.84721 0.47423520970582483
20.84842 0.47413736873002416
20.84963 0.47407214141282367
20.85083 0.47400691409562323
20.85204 0.47390907311982255
20.85325 0.4738438458026221
20.85445 0.47377861848542174
20.85566 0.47368077750962106
20.85687 0.4736155501924205
20.85807 0.47351770921661995
20.85928 0.47345248189941946
20.86049 0.4733546409236188
20.8617 0.4732567999478181
20.8629 0.4731915726306177
20.86411 0.473093731654817
20.86532 0.4729958906790163
20.86652 0.4728980497032157
20.86773 0.47283282238601526
20.86894 0.4727349814102146
20.87014 0.4726371404344139
20.87135 0.4725392994586132
20.87256 0.47244145848281255
20.87376 0.47234361750701187
20.87497 0.4722783901898115
20.87618 0.4721805492140108
20.87738 0.47208270823821014
20.87859 0.47198486726240946
20.8798 0.4718870262866089
20.881 0.4717891853108082
20.88221 0.47169134433500753
20.88342 0.47159350335920686
20.88463 0.4714956623834062
20.88583 0.4713978214076055
20.88704 0.4712999804318048
20.88825 0.47120213945600414
20.88945 0.47110429848020346
20.89066 0.47100645750440284
20.89187 0.47090861652860216
20.89307 0.4707781618942013
20.89428 0.4706803209184006
20.89549 0.47058247994259994
20.89669 0.470452025308199
20.8979 0.47035418433239834
20.89911 0.4702563433565978
20.90031 0.47012588872219685
20.90152 0.4699954340877959
20.90273 0.46989759311199536
20.90393 0.46976713847759444
20.90514 0.4696366838431935
20.90635 0.46953884286739284
20.90755 0.46940838823299197
20.90876 0.46927793359859105
20.90997 0.46914747896419023
20.91118 0.4690170243297893
20.91238 0.46888656969538844
20.91359 0.4687561150609875
20.9148 0.4686256604265867
20.916 0.4684952057921858
20.91721 0.4683321374991847
20.91842 0.46820168286478375
20.91962 0.4680712282303829
20.92083 0.4679081599373817
20.92204 0.4677777053029809
20.92324 0.46764725066858
20.92445 0.46748418237557887
20.92566 0.46735372774117806
20.92686 0.46719065944817684
20.92807 0.4670275911551758
20.92928 0.4668971365207749
20.93048 0.46673406822777375
20.93169 0.46657099993477263
20.9329 0.4664405453003718
20.9341 0.4662774770073707
20.93531 0.46611440871436954
20.93652 0.46598395407996873
20.93773 0.4658208857869676
20.93893 0.46565781749396645
20.94014 0.46549474920096534
20.94135 0.46533168090796423
20.94255 0.4651686126149632
20.94376 0.46500554432196206
20.94497 0.46487508968756114
20.94617 0.4647120213945601
20.94738 0.46454895310155897
20.94859 0.4643858848085578
20.94979 0.4642228165155567
20.951 0.4640597482225556
20.95221 0.4638966799295545
20.95341 0.46370099797795317
20.95462 0.46353792968495205
20.95583 0.463374861391951
20.95703 0.4632117930989498
20.95824 0.46301611114734853
20.95945 0.46285304285434736
20.96065 0.4626573609027461
20.96186 0.46249429260974495
20.96307 0.4622986106581436
20.96428 0.4621355423651425
20.96548 0.4619398604135411
20.96669 0.46177679212054007
20.9679 0.4615811101689387
20.9691 0.4614180418759376
20.97031 0.4612223599243363
20.97152 0.461026677972735
20.97272 0.46086360967973383
20.97393 0.4606679277281325
20.97514 0.4605048594351314
20.97634 0.46030917748353006
20.97755 0.4601134955319288
20.97876 0.4599504272389276
20.97996 0.45975474528732635
20.98117 0.4595916769943252
20.98238 0.45939599504272394
20.98358 0.45923292674972277
20.98479 0.45906985845672166
20.986 0.4588741765051203
20.9872 0.45871110821211925
20.98841 0.45854803991911813
20.98962 0.458384971626117
20.99083 0.45822190333311597
20.99203 0.45805883504011474
20.99324 0.45786315308851344
20.99445 0.45770008479551233
20.99565 0.4575370165025112
20.99686 0.45737394820951016
20.99807 0.45721087991650905
20.99927 0.4570478116235079
21.00048 0.45688474333050677
21.00169 0.4567216750375057
21.00289 0.4565586067445046
21.0041 0.4563955384515035
21.00531 0.4562324701585023
21.00651 0.45606940186550127
21.00772 0.45590633357250016
21.00893 0.45574326527949904
21.01013 0.455580196986498
21.01134 0.45544974235209706
21.01255 0.45528667405909595
21.01375 0.45512360576609484
21.01496 0.4549605374730938
21.01617 0.45479746918009256
21.01738 0.45466701454569175
21.01858 0.45450394625269064
21.01979 0.45434087795968947
21.021 0.45421042332528866
21.0222 0.45404735503228755
21.02341 0.4539169003978866
21.02462 0.4537538321048855
21.02582 0.4536233774704846
21.02703 0.4534929228360838
21.02824 0.45332985454308267
21.02944 0.45319939990868174
21.03065 0.4530689452742808
21.03186 0.45293849063988
21.03306 0.4528080360054791
21.03427 0.4526775813710782
21.03548 0.4525471267366773
21.03668 0.4524166721022765
21.03789 0.4522862174678755
21.0391 0.4521557628334747
21.0403 0.452057921857674
21.04151 0.4519274672232731
21.04272 0.45179701258887217
21.04393 0.4516991716130716
21.04513 0.4515687169786707
21.04634 0.45147087600287
21.04755 0.4513730350270693
21.04875 0.45124258039266846
21.04996 0.4511447394168678
21.05117 0.45104689844106716
21.05237 0.45091644380666623
21.05358 0.45081860283086556
21.05479 0.4507207618550649
21.05599 0.4506229208792642
21.0572 0.45052507990346363
21.05841 0.45042723892766295
21.05961 0.4503293979518623
21.06082 0.4502315569760616
21.06203 0.4501011023416607
21.06323 0.45000326136586
21.06444 0.4499054203900593
21.06565 0.44980757941425864
21.06685 0.4497097384384581
21.06806 0.4496118974626574
21.06927 0.4495140564868567
21.07048 0.44941621551105604
21.07168 0.44931837453525536
21.07289 0.4492205335594547
21.0741 0.449122692583654
21.0753 0.4490248516078533
21.07651 0.4489270106320527
21.07772 0.448829169656252
21.07892 0.44873132868045135
21.08013 0.44863348770465067
21.08134 0.4485356467288501
21.08254 0.4484378057530494
21.08375 0.44833996477724875
21.08496 0.44824212380144807
21.08616 0.4481442828256474
21.08737 0.4480464418498467
21.08858 0.44794860087404603
21.08978 0.44785075989824535
21.09099 0.4477529189224447
21.0922 0.4476876916052443
21.0934 0.4475898506294436
21.09461 0.44749200965364294
21.09582 0.44739416867784226
21.09703 0.4472963277020416
21.09823 0.4471984867262409
21.09944 0.44710064575044023
21.10065 0.44703541843323985
21.10185 0.4469375774574392
21.10306 0.4468397364816385
21.10427 0.4467418955058378
21.10547 0.44664405453003714
21.10668 0.4465788272128367
21.10789 0.446480986237036
21.10909 0.44638314526123535
21.1103 0.4462853042854347
21.11151 0.4462200769682343
21.11271 0.4461222359924336
21.11392 0.44602439501663294
21.11513 0.44592655404083226
21.11633 0.4458613267236318
21.11754 0.4457634857478312
21.11875 0.4456656447720305
21.11996 0.4456004174548301
21.12116 0.4455025764790294
21.12237 0.44540473550322873
21.12358 0.44530689452742805
21.12478 0.4452416672102276
21.12599 0.445143826234427
21.1272 0.4450459852586263
21.1284 0.44494814428282564
21.12961 0.44485030330702496
21.13082 0.4447524623312243
21.13202 0.4446546213554236
21.13323 0.44455678037962293
21.13444 0.44445893940382236
21.13564 0.4443610984280217
21.13685 0.4442958711108212
21.13806 0.4441980301350205
21.13926 0.4441001891592199
21.14047 0.44400234818341927
21.14168 0.4439045072076186
21.14288 0.44383927989041805
21.14409 0.44374143891461737
21.1453 0.4436435979388168
21.14651 0.4435783706216163
21.14771 0.44348052964581564
21.14892 0.4434153023286152
21.15013 0.4433174613528145
21.15133 0.44325223403561415
21.15254 0.4431870067184137
21.15375 0.44312177940121317
21.15495 0.4430565520840128
21.15616 0.44299132476681236
21.15737 0.44292609744961187
21.15857 0.44286087013241143
21.15978 0.44282825647381124
21.16099 0.44276302915661075
21.16219 0.44273041549801057
21.1634 0.4426978018394103
21.16461 0.4426651881808101
21.16581 0.44263257452220994
21.16702 0.44259996086360964
21.16823 0.4425673472050094
21.16943 0.44253473354640926
21.17064 0.44253473354640926
21.17185 0.442502119887809
21.17306 0.44246950622920883
21.17426 0.44246950622920883
21.17547 0.44246950622920883
21.17668 0.4424368925706086
21.17788 0.4424368925706086
21.17909 0.4424368925706086
21.1803 0.4424368925706086
21.1815 0.4424368925706086
21.18271 0.4424368925706086
21.18392 0.4424368925706086
21.18512 0.4424368925706086
21.18633 0.4424368925706086
21.18754 0.44246950622920883
21.18874 0.44246950622920883
21.18995 0.44246950622920883
21.19116 0.442502119887809
21.19236 0.442502119887809
21.19357 0.44253473354640926
21.19478 0.4425673472050094
21.19598 0.4425673472050094
21.19719 0.44259996086360964
21.1984 0.44263257452220994
21.19961 0.4426651881808101
21.20081 0.4426651881808101
21.20202 0.4426978018394103
21.20323 0.44273041549801057
21.20443 0.44276302915661075
21.20564 0.442795642815211
21.20685 0.44282825647381124
21.20805 0.4428934837910117
21.20926 0.44292609744961187
21.21047 0.4429587111082121
21.21167 0.44302393842541254
21.21288 0.44308916574261303
21.21409 0.44315439305981347
21.21529 0.4431870067184137
21.2165 0.44325223403561415
21.21771 0.44335007501141477
21.21891 0.4434153023286152
21.22012 0.44348052964581564
21.22133 0.4435457569630161
21.22253 0.4436435979388168
21.22374 0.44370882525601724
21.22495 0.44377405257321767
21.22616 0.4438718935490183
21.22736 0.4439371208662187
21.22857 0.4440349618420194
21.22978 0.4441001891592199
21.23098 0.4441654164764203
21.23219 0.444263257452221
21.2334 0.44432848476942144
21.2346 0.4444263257452221
21.23581 0.4444915530624225
21.23702 0.44455678037962293
21.23822 0.4446220076968235
21.23943 0.44468723501402385
21.24064 0.44478507598982453
21.24184 0.44485030330702496
21.24305 0.4448829169656252
21.24426 0.44494814428282564
21.24546 0.445013371600026
21.24667 0.44507859891722656
21.24788 0.4451112125758267
21.24908 0.445143826234427
21.25029 0.4452090535516274
21.2515 0.4452416672102276
21.25271 0.4452742808688279
21.25391 0.44530689452742805
21.25512 0.4453395081860283
21.25633 0.4453721218446285
21.25753 0.44540473550322873
21.25874 0.445437349161829
21.25995 0.44546996282042917
21.26115 0.4455025764790294
21.26236 0.44553519013762966
21.26357 0.44556780379622984
21.26477 0.44556780379622984
21.26598 0.4456004174548301
21.26719 0.44563303111343033
21.26839 0.44563303111343033
21.2696 0.4456656447720305
21.27081 0.44569825843063077
21.27201 0.44569825843063077
21.27322 0.445730872089231
21.27443 0.445730872089231
21.27563 0.445730872089231
21.27684 0.4457634857478312
21.27805 0.4457634857478312
21.27926 0.4457634857478312
21.28046 0.44579609940643145
21.28167 0.44579609940643145
21.28288 0.44579609940643145
21.28408 0.44579609940643145
21.28529 0.44579609940643145
21.2865 0.44579609940643145
21.2877 0.44579609940643145
21.28891 0.44579609940643145
21.29012 0.44579609940643145
21.29132 0.44579609940643145
21.29253 0.44579609940643145
21.29374 0.44579609940643145
21.29494 0.4457634857478312
21.29615 0.4457634857478312
21.29736 0.445730872089231
21.29856 0.445730872089231
21.29977 0.44569825843063077
21.30098 0.4456656447720305
21.30218 0.4456656447720305
21.30339 0.44563303111343033
21.3046 0.4456004174548301
21.30581 0.44556780379622984
21.30701 0.44553519013762966
21.30822 0.4455025764790294
21.30943 0.44546996282042917
21.31063 0.445437349161829
21.31184 0.4453721218446285
21.31305 0.4453395081860283
21.31425 0.44530689452742805
21.31546 0.4452742808688279
21.31667 0.4452416672102276
21.31787 0.44517643989302724
21.31908 0.445143826234427
21.32029 0.4451112125758267
21.32149 0.44507859891722656
21.3227 0.4450459852586263
21.32391 0.445013371600026
21.32511 0.4449807579414259
21.32632 0.44494814428282564
21.32753 0.44491553062422545
21.32874 0.4448829169656252
21.32994 0.44485030330702496
21.33115 0.4448176896484248
21.33236 0.4448176896484248
21.33356 0.44478507598982453
21.33477 0.44478507598982453
21.33598 0.4447524623312243
21.33718 0.4447524623312243
21.33839 0.4447524623312243
21.3396 0.4447198486726241
21.3408 0.4447198486726241
21.34201 0.4447198486726241
21.34322 0.4447198486726241
21.34442 0.4447198486726241
21.34563 0.4447198486726241
21.34684 0.4447198486726241
21.34804 0.4447198486726241
21.34925 0.4447198486726241
21.35046 0.4447198486726241
21.35166 0.4447198486726241
21.35287 0.4447198486726241
21.35408 0.4447198486726241
21.35529 0.4447524623312243
21.35649 0.4447524623312243
21.3577 0.4447524623312243
21.35891 0.4447524623312243
21.36011 0.44478507598982453
21.36132 0.44478507598982453
21.36253 0.44478507598982453
21.36373 0.4448176896484248
21.36494 0.4448176896484248
21.36615 0.44485030330702496
21.36735 0.44485030330702496
21.36856 0.44485030330702496
21.36977 0.4448829169656252
21.37097 0.44491553062422545
21.37218 0.44491553062422545
21.37339 0.44494814428282564
21.37459 0.44494814428282564
21.3758 0.4449807579414259
21.37701 0.445013371600026
21.37821 0.445013371600026
21.37942 0.4450459852586263
21.38063 0.44507859891722656
21.38184 0.44507859891722656
21.38304 0.4451112125758267
21.38425 0.445143826234427
21.38546 0.44517643989302724
21.38666 0.4452090535516274
21.38787 0.4452416672102276
21.38908 0.4452742808688279
21.39028 0.4453395081860283
21.39149 0.4453721218446285
21.3927 0.44540473550322873
21.3939 0.445437349161829
21.39511 0.4455025764790294
21.39632 0.44553519013762966
21.39752 0.44556780379622984
21.39873 0.44563303111343033
21.39994 0.4456656447720305
21.40114 0.445730872089231
21.40235 0.4457634857478312
21.40356 0.4458287130650316
21.40476 0.4458613267236318
21.40597 0.4458939403822321
21.40718 0.4459591676994325
21.40839 0.44599178135803275
21.40959 0.4460570086752332
21.4108 0.4460896223338334
21.41201 0.4461222359924336
21.41321 0.44615484965103386
21.41442 0.4462200769682343
21.41563 0.44625269062683454
21.41683 0.4462853042854347
21.41804 0.44631791794403497
21.41925 0.4463505316026352
21.42045 0.44638314526123535
21.42166 0.44641575891983565
21.42287 0.44641575891983565
21.42407 0.4464483725784359
21.42528 0.446480986237036
21.42649 0.446480986237036
21.42769 0.4465135998956363
21.4289 0.4465135998956363
21.43011 0.44654621355423646
21.43131 0.44654621355423646
21.43252 0.44654621355423646
21.43373 0.4465788272128367
21.43494 0.4465788272128367
21.43614 0.44661144087143695
21.43735 0.44661144087143695
21.43856 0.44661144087143695
21.43976 0.44661144087143695
21.44097 0.44664405453003714
21.44218 0.44664405453003714
21.44338 0.44664405453003714
21.44459 0.44664405453003714
21.4458 0.44664405453003714
21.447 0.44664405453003714
21.44821 0.44664405453003714
21.44942 0.44664405453003714
21.45062 0.44664405453003714
21.45183 0.44664405453003714
21.45304 0.44664405453003714
21.45424 0.44664405453003714
21.45545 0.44661144087143695
21.45666 0.44661144087143695
21.45786 0.44661144087143695
21.45907 0.4465788272128367
21.46028 0.4465788272128367
21.46149 0.44654621355423646
21.46269 0.44654621355423646
21.4639 0.4465135998956363
21.46511 0.4465135998956363
21.46631 0.446480986237036
21.46752 0.4464483725784359
21.46873 0.44641575891983565
21.46993 0.44638314526123535
21.47114 0.4463505316026352
21.47235 0.44631791794403497
21.47355 0.4462853042854347
21.47476 0.44625269062683454
21.47597 0.4462200769682343
21.47717 0.44615484965103386
21.47838 0.4461222359924336
21.47959 0.4460570086752332
21.48079 0.44602439501663294
21.482 0.4459591676994325
21.48321 0.44592655404083226
21.48441 0.4458613267236318
21.48562 0.44579609940643145
21.48683 0.4457634857478312
21.48804 0.44569825843063077
21.48924 0.44563303111343033
21.49045 0.44556780379622984
21.49166 0.4455025764790294
21.49286 0.445437349161829
21.49407 0.4453721218446285
21.49528 0.44530689452742805
21.49648 0.4452416672102276
21.49769 0.44517643989302724
21.4989 0.4451112125758267
21.5001 0.4450459852586263
21.50131 0.4449807579414259
21.50252 0.44491553062422545
21.50372 0.44485030330702496
21.50493 0.44478507598982453
21.50614 0.44468723501402385
21.50734 0.4446220076968235
21.50855 0.44455678037962293
21.50976 0.4444915530624225
21.51096 0.4444263257452221
21.51217 0.44432848476942144
21.51338 0.444263257452221
21.51459 0.4441980301350205
21.51579 0.4441328028178201
21.517 0.44406757550061965
21.51821 0.44396973452481897
21.51941 0.4439045072076186
21.52062 0.44383927989041805
21.52183 0.44374143891461737
21.52303 0.443676211597417
21.52424 0.44361098428021656
21.52545 0.4435131433044159
21.52665 0.44344791598721545
21.52786 0.44335007501141477
21.52907 0.4432848476942144
21.53027 0.44321962037701385
21.53148 0.44312177940121317
21.53269 0.44302393842541254
21.53389 0.4429587111082121
21.5351 0.44286087013241143
21.53631 0.442795642815211
21.53752 0.4426978018394103
21.53872 0.44263257452220994
21.53993 0.44253473354640926
21.54114 0.4424368925706086
21.54234 0.44237166525340815
21.54355 0.4422738242776075
21.54476 0.4421759833018068
21.54596 0.4420781423260061
21.54717 0.44201291500880574
21.54838 0.44191507403300506
21.54958 0.4418172330572044
21.55079 0.4417193920814037
21.552 0.44165416476420327
21.5532 0.4415563237884026
21.55441 0.4414584828126019
21.55562 0.4413606418368013
21.55682 0.4412628008610006
21.55803 0.44116495988519994
21.55924 0.44106711890939926
21.56044 0.4409692779335986
21.56165 0.4408714369577979
21.56286 0.4407735959819972
21.56407 0.4407083686647968
21.56527 0.4406105276889961
21.56648 0.4405126867131955
21.56769 0.4404148457373948
21.56889 0.44031700476159413
21.5701 0.44021916378579345
21.57131 0.4401213228099928
21.57251 0.43999086817559196
21.57372 0.4398930271997913
21.57493 0.4397951862239906
21.57613 0.43969734524818993
21.57734 0.43959950427238925
21.57855 0.4395016632965886
21.57975 0.4394038223207879
21.58096 0.4393059813449872
21.58217 0.4391755267105864
21.58337 0.4390776857347857
21.58458 0.43897984475898505
21.58579 0.43888200378318437
21.58699 0.43875154914878356
21.5882 0.4386537081729829
21.58941 0.4385558671971822
21.59062 0.4384254125627813
21.59182 0.4383275715869806
21.59303 0.43819711695257973
21.59424 0.4380992759767791
21.59544 0.43796882134237813
21.59665 0.4378709803665775
21.59786 0.43774052573217664
21.59906 0.4376100710977757
21.60027 0.43751223012197504
21.60148 0.43738177548757423
21.60268 0.4372513208531733
21.60389 0.43712086621877244
21.6051 0.4369904115843715
21.6063 0.4368599569499707
21.60751 0.4367295023155698
21.60872 0.4365990476811688
21.60992 0.436468593046768
21.61113 0.43633813841236707
21.61234 0.43617507011936596
21.61354 0.43604461548496515
21.61475 0.435881547191964
21.61596 0.4357510925575631
21.61717 0.43558802426456206
21.61837 0.4354575696301611
21.61958 0.43529450133716
21.62079 0.4351640467027591
21.62199 0.435000978409758
21.6232 0.43483791011675693
21.62441 0.43470745548235595
21.62561 0.4345443871893549
21.62682 0.4343813188963538
21.62803 0.43425086426195286
21.62923 0.4340877959689518
21.63044 0.4339247276759507
21.63165 0.43379427304154977
21.63285 0.43363120474854866
21.63406 0.4334681364555476
21.63527 0.4333376818211466
21.63647 0.43317461352814557
21.63768 0.4330441588937447
21.63889 0.4329137042593438
21.64009 0.4327506359663427
21.6413 0.4326201813319418
21.64251 0.43248972669754093
21.64372 0.43235927206314
21.64492 0.4322288174287392
21.64613 0.4320983627943383
21.64734 0.4319679081599374
21.64854 0.43187006718413673
21.64975 0.4317396125497358
21.65096 0.431609157915335
21.65216 0.4315113169395343
21.65337 0.4313808623051334
21.65458 0.43125040767073247
21.65578 0.43115256669493185
21.65699 0.4310221120605309
21.6582 0.43092427108473025
21.6594 0.43079381645032944
21.66061 0.4306633618159285
21.66182 0.43056552084012784
21.66302 0.43046767986432716
21.66423 0.43033722522992635
21.66544 0.43023938425412567
21.66664 0.43010892961972474
21.66785 0.43001108864392407
21.66906 0.4299132476681234
21.67027 0.4298154066923227
21.67147 0.4296849520579219
21.67268 0.4295871110821212
21.67389 0.42948927010632054
21.67509 0.42939142913051986
21.6763 0.4292935881547192
21.67751 0.42922836083751875
21.67871 0.4291305198617181
21.67992 0.4290326788859174
21.68113 0.428967451568717
21.68233 0.42886961059291634
21.68354 0.4288043832757159
21.68475 0.4287391559585154
21.68595 0.42864131498271474
21.68716 0.4285760876655143
21.68837 0.42851086034831387
21.68957 0.4284456330311134
21.69078 0.4284130193725132
21.69199 0.4283477920553128
21.69319 0.42828256473811227
21.6944 0.42824995107951214
21.69561 0.4282173374209119
21.69682 0.4281847237623116
21.69802 0.42815211010371146
21.69923 0.4281194964451112
21.70044 0.42808688278651097
21.70164 0.4280542691279108
21.70285 0.4280542691279108
21.70406 0.4280542691279108
21.70526 0.42802165546931054
21.70647 0.42802165546931054
21.70768 0.42802165546931054
21.70888 0.42802165546931054
21.71009 0.42802165546931054
21.7113 0.42802165546931054
21.7125 0.4280542691279108
21.71371 0.4280542691279108
21.71492 0.4280542691279108
21.71612 0.42808688278651097
21.71733 0.42808688278651097
21.71854 0.4281194964451112
21.71974 0.4281194964451112
21.72095 0.42815211010371146
21.72216 0.42815211010371146
21.72337 0.4281847237623116
21.72457 0.4281847237623116
21.72578 0.4282173374209119
21.72699 0.42824995107951214
21.72819 0.42824995107951214
21.7294 0.42828256473811227
21.73061 0.42828256473811227
21.73181 0.42831517839671257
21.73302 0.42831517839671257
21.73423 0.42831517839671257
21.73543 0.4283477920553128
21.73664 0.4283477920553128
21.73785 0.4283477920553128
21.73905 0.4283477920553128
21.74026 0.4283477920553128
21.74147 0.42838040571391295
21.74267 0.42838040571391295
21.74388 0.42838040571391295
21.74509 0.42838040571391295
21.7463 0.42838040571391295
21.7475 0.4284130193725132
21.74871 0.4284130193725132
21.74992 0.4284130193725132
21.75112 0.4284456330311134
21.75233 0.4284456330311134
21.75354 0.4284456330311134
21.75474 0.4284782466897136
21.75595 0.4284782466897136
21.75716 0.4284782466897136
21.75836 0.42851086034831387
21.75957 0.42851086034831387
21.76078 0.42851086034831387
21.76198 0.42854347400691406
21.76319 0.42854347400691406
21.7644 0.42854347400691406
21.7656 0.42854347400691406
21.76681 0.4285760876655143
21.76802 0.4285760876655143
21.76922 0.4285760876655143
21.77043 0.4285760876655143
21.77164 0.4285760876655143
21.77285 0.4285760876655143
21.77405 0.4285760876655143
21.77526 0.4285760876655143
21.77647 0.4285760876655143
21.77767 0.4285760876655143
21.77888 0.42854347400691406
21.78009 0.42854347400691406
21.78129 0.42854347400691406
21.7825 0.42851086034831387
21.78371 0.42851086034831387
21.78491 0.4284782466897136
21.78612 0.4284456330311134
21.78733 0.4284456330311134
21.78853 0.4284130193725132
21.78974 0.42838040571391295
21.79095 0.4283477920553128
21.79215 0.42831517839671257
21.79336 0.42828256473811227
21.79457 0.42824995107951214
21.79577 0.4282173374209119
21.79698 0.4281847237623116
21.79819 0.42815211010371146
21.7994 0.4281194964451112
21.8006 0.4280542691279108
21.80181 0.42802165546931054
21.80302 0.42798904181071035
21.80422 0.42792381449350986
21.80543 0.42789120083490967
21.80664 0.4278585871763094
21.80784 0.42779335985910905
21.80905 0.42776074620050875
21.81026 0.42769551888330837
21.81146 0.42766290522470807
21.81267 0.4275976779075077
21.81388 0.42753245059030726
21.81508 0.427499836931707
21.81629 0.4274346096145066
21.8175 0.42740199595590633
21.8187 0.4273367686387059
21.81991 0.4272715413215054
21.82112 0.4272389276629052
21.82232 0.42717370034570484
21.82353 0.4271084730285043
21.82474 0.42707585936990416
21.82595 0.4270106320527036
21.82715 0.42694540473550324
21.82836 0.42691279107690294
21.82957 0.42684756375970256
21.83077 0.42678233644250213
21.83198 0.4267497227839019
21.83319 0.42668449546670145
21.83439 0.426619268149501
21.8356 0.42655404083230053
21.83681 0.42652142717370034
21.83801 0.42645619985649985
21.83922 0.4263909725392994
21.84043 0.42632574522209904
21.84163 0.4262605179048986
21.84284 0.4261952905876981
21.84405 0.4261300632704977
21.84525 0.42606483595329725
21.84646 0.4259996086360968
21.84767 0.4259343813188963
21.84887 0.4258691540016959
21.85008 0.4258039266844955
21.85129 0.42573869936729497
21.8525 0.4256734720500946
21.8537 0.42560824473289416
21.85491 0.4255430174156937
21.85612 0.42547779009849324
21.85732 0.4254125627812928
21.85853 0.42534733546409237
21.85974 0.4252821081468919
21.86094 0.42521688082969145
21.86215 0.425151653512491
21.86336 0.42508642619529063
21.86456 0.4250211988780901
21.86577 0.4249559715608897
21.86698 0.4248907442436893
21.86818 0.4248255169264888
21.86939 0.42476028960928836
21.8706 0.4246950622920879
21.8718 0.4246298349748875
21.87301 0.424564607657687
21.87422 0.42449938034048657
21.87542 0.4244341530232862
21.87663 0.4244015393646859
21.87784 0.4243363120474855
21.87905 0.4242710847302851
21.88025 0.4242058574130846
21.88146 0.42414063009588415
21.88267 0.4241080164372839
21.88387 0.4240427891200835
21.88508 0.42397756180288304
21.88629 0.42391233448568266
21.88749 0.42387972082708236
21.8887 0.423814493509882
21.88991 0.42374926619268144
21.89111 0.4237166525340813
21.89232 0.42365142521688076
21.89353 0.4235861978996804
21.89473 0.4235535842410802
21.89594 0.4234883569238797
21.89715 0.42342312960667927
21.89835 0.423390515948079
21.89956 0.4233252886308786
21.90077 0.42326006131367816
21.90197 0.4232274476550779
21.90318 0.42316222033787754
21.90439 0.4230969930206771
21.9056 0.42306437936207686
21.9068 0.4229991520448764
21.90801 0.4229665383862762
21.90922 0.42290131106907575
21.91042 0.42283608375187526
21.91163 0.42280347009327507
21.91284 0.42273824277607464
21.91404 0.4227056291174744
21.91525 0.42264040180027396
21.91646 0.4226077881416737
21.91766 0.42254256082447333
21.91887 0.42250994716587303
21.92008 0.42244471984867266
21.92128 0.4224121061900724
21.92249 0.4223794925314721
21.9237 0.42231426521427173
21.9249 0.42228165155567154
21.92611 0.4222490378970713
21.92732 0.42218381057987087
21.92852 0.4221511969212706
21.92973 0.4221185832626704
21.93094 0.4220859696040702
21.93215 0.42205335594546994
21.93335 0.4220207422868697
21.93456 0.4219881286282695
21.93577 0.42195551496966927
21.93697 0.42195551496966927
21.93818 0.42192290131106913
21.93939 0.42189028765246883
21.94059 0.4218576739938686
21.9418 0.42182506033526845
21.94301 0.4217924466766682
21.94421 0.4217924466766682
21.94542 0.4217598330180679
21.94663 0.4217272193594678
21.94783 0.42169460570086753
21.94904 0.42166199204226723
21.95025 0.4216293783836671
21.95145 0.42159676472506685
21.95266 0.42156415106646666
21.95387 0.4215315374078664
21.95508 0.4214989237492662
21.95628 0.421466310090666
21.95749 0.4214010827734655
21.9587 0.4213684691148653
21.9599 0.42133585545626506
21.96111 0.4212706281390647
21.96232 0.4212380144804644
21.96352 0.421172787163264
21.96473 0.4211075598460636
21.96594 0.4210423325288631
21.96714 0.42097710521166265
21.96835 0.4209118778944622
21.96956 0.4208466505772617
21.97076 0.4207814232600613
21.97197 0.4206835822842606
21.97318 0.4206183549670602
21.97438 0.4205531276498598
21.97559 0.4204552866740591
21.9768 0.4203900593568586
21.978 0.420292218381058
21.97921 0.42019437740525734
21.98042 0.42012915008805685
21.98163 0.42003130911225617
21.98283 0.4199334681364556
21.98404 0.4198356271606549
21.98525 0.41973778618485424
21.98645 0.41967255886765376
21.98766 0.4195747178918531
21.98887 0.4194442632574522
21.99007 0.41934642228165153
21.99128 0.41924858130585085
21.99249 0.41915074033005023
21.99369 0.41905289935424955
21.9949 0.4189224447198487
21.99611 0.418824603744048
21.99731 0.4186941491096471
21.99852 0.4185963081338464
21.99973 0.4184658534994456
22.00093 0.4183680125236449
22.00214 0.418237557889244
22.00335 0.4181071032548431
22.00455 0.4179766486204422
22.00576 0.4178461939860414
22.00697 0.4177483530102407
22.00818 0.41758528471723955
22.00938 0.4174548300828387
22.01059 0.41732437544843776
22.0118 0.41719392081403694
22.013 0.417063466179636
22.01421 0.4169003978866349
22.01542 0.416769943252234
22.01662 0.4166394886178332
22.01783 0.41647642032483206
22.01904 0.41631335203183095
22.02024 0.4161502837388298
22.02145 0.4159872154458287
22.02266 0.41579153349422737
22.02386 0.41562846520122626
22.02507 0.4154327832496249
22.02628 0.41526971495662385
22.02748 0.4150740330050225
22.02869 0.41487835105342113
22.0299 0.4146826691018199
22.0311 0.4144543734916183
22.03231 0.41425869154001693
22.03352 0.4140630095884156
22.03473 0.41386732763681433
22.03593 0.41363903202661273
22.03714 0.4134433500750114
22.03835 0.4132150544648099
22.03955 0.4130193725132085
22.04076 0.41282369056160717
22.04197 0.4125953949514057
22.04317 0.4123997129998043
22.04438 0.41220403104820297
22.04559 0.41200834909660167
22.04679 0.4117800534864001
22.048 0.41158437153479877
22.04921 0.41138868958319746
22.05041 0.41122562129019635
22.05162 0.411029939338595
22.05283 0.41083425738699364
22.05403 0.4106711890939926
22.05524 0.4104755071423912
22.05645 0.4103124388493901
22.05765 0.41014937055638906
22.05886 0.41001891592198814
22.06007 0.409855847628987
22.06128 0.4097253929945861
22.06248 0.409562324701585
22.06369 0.4094644837257843
22.0649 0.4093340290913835
22.0661 0.4092035744569826
22.06731 0.4090731198225817
22.06852 0.4089426651881808
22.06972 0.40881221055377986
22.07093 0.4087143695779792
22.07214 0.4085839149435784
22.07334 0.40845346030917745
22.07455 0.4083556193333768
22.07576 0.40822516469897596
22.07696 0.4081273237231753
22.07817 0.4080294827473746
22.07938 0.4079316417715739
22.08058 0.40780118713717306
22.08179 0.40770334616137244
22.083 0.40763811884417195
22.0842 0.40754027786837127
22.08541 0.4074424368925706
22.08662 0.4073445959167699
22.08783 0.40727936859956954
22.08903 0.40721414128236905
22.09024 0.40711630030656837
22.09145 0.40705107298936793
22.09265 0.4069858456721675
22.09386 0.40695323201356726
22.09507 0.4068880046963668
22.09627 0.40685539103776663
22.09748 0.40679016372056614
22.09869 0.40675755006196596
22.09989 0.4067249364033657
22.1011 0.4067249364033657
22.10231 0.4066923227447655
22.10351 0.4066923227447655
22.10472 0.4066597090861653
22.10593 0.4066597090861653
22.10713 0.4066923227447655
22.10834 0.4066923227447655
22.10955 0.4067249364033657
22.11075 0.40675755006196596
22.11196 0.40679016372056614
22.11317 0.4068227773791664
22.11438 0.4068880046963668
22.11558 0.40695323201356726
22.11679 0.40705107298936793
22.118 0.40711630030656837
22.1192 0.40721414128236905
22.12041 0.4073119822581697
22.12162 0.4074098232339704
22.12282 0.40754027786837127
22.12403 0.40767073250277214
22.12524 0.40780118713717306
22.12644 0.4079316417715739
22.12765 0.40806209640597485
22.12886 0.40819255104037566
22.13006 0.4083556193333768
22.13127 0.4084860739677777
22.13248 0.4086491422607788
22.13368 0.40881221055377986
22.13489 0.4089426651881808
22.1361 0.4091057334811819
22.1373 0.409268801774183
22.13851 0.4094318700671842
22.13972 0.4095949383601853
22.14093 0.40975800665318635
22.14213 0.40992107494618746
22.14334 0.4100841432391885
22.14455 0.41024721153218974
22.14575 0.4104102798251908
22.14696 0.41054073445959166
22.14817 0.4107038027525927
22.14937 0.41086687104559394
22.15058 0.41099732567999475
22.15179 0.41116039397299586
22.15299 0.4112908486073968
22.1542 0.4114213032417977
22.15541 0.4115517578761985
22.15661 0.41168221251059944
22.15782 0.4118126671450003
22.15903 0.411910508120801
22.16023 0.4120409627552019
22.16144 0.4121714173896027
22.16265 0.41233448568260384
22.16386 0.41246494031700476
22.16506 0.4125953949514057
22.16627 0.4127584632444068
22.16748 0.4128889178788076
22.16868 0.41305198617180877
22.16989 0.41318244080620964
22.1711 0.4133455090992107
22.1723 0.4134759637336116
22.17351 0.41363903202661273
22.17472 0.41380210031961384
22.17592 0.41393255495401476
22.17713 0.4140956232470158
22.17834 0.41422607788141674
22.17954 0.4143565325158176
22.18075 0.4145196008088187
22.18196 0.41465005544321965
22.18316 0.41478051007762046
22.18437 0.4149109647120214
22.18558 0.4150414193464223
22.18678 0.4151392603222229
22.18799 0.41526971495662385
22.1892 0.41536755593242447
22.19041 0.41546539690822515
22.19161 0.4155632378840258
22.19282 0.4156610788598265
22.19403 0.41572630617702694
22.19523 0.41579153349422737
22.19644 0.41585676081142786
22.19765 0.4159219881286283
22.19885 0.41595460178722843
22.20006 0.4159872154458287
22.20127 0.416019829104429
22.20247 0.416019829104429
22.20368 0.416019829104429
22.20489 0.416019829104429
22.20609 0.416019829104429
22.2073 0.4159872154458287
22.20851 0.41595460178722843
22.20971 0.41588937447002805
22.21092 0.41585676081142786
22.21213 0.41579153349422737
22.21333 0.41572630617702694
22.21454 0.4156610788598265
22.21575 0.4155632378840258
22.21696 0.41549801056682545
22.21816 0.41540016959102477
22.21937 0.4153023286152241
22.22058 0.4152044876394234
22.22178 0.4150740330050225
22.22299 0.4149761920292218
22.2242 0.41484573739482095
22.2254 0.41471528276042
22.22661 0.4145848281260192
22.22782 0.41442175983301804
22.22902 0.4142913051986172
22.23023 0.4141282369056161
22.23144 0.4139651686126149
22.23264 0.41380210031961384
22.23385 0.41363903202661273
22.23506 0.4134759637336116
22.23626 0.41331289544061056
22.23747 0.4131172134890092
22.23868 0.41292153153740785
22.23988 0.4127584632444068
22.24109 0.41256278129280544
22.2423 0.4123670993412041
22.24351 0.4121388037310026
22.24471 0.41194312177940123
22.24592 0.4117474398277999
22.24713 0.4115191442175983
22.24833 0.41132346226599703
22.24954 0.41109516665579543
22.25075 0.41086687104559394
22.25195 0.41063857543539234
22.25316 0.4104102798251908
22.25437 0.4101819842149892
22.25557 0.40992107494618746
22.25678 0.40966016567738567
22.25799 0.40939925640858393
22.25919 0.40913834713978214
22.2604 0.40884482421238016
22.26161 0.40855130128497813
22.26281 0.4082577783575762
22.26402 0.40796425543017417
22.26523 0.40763811884417195
22.26643 0.4073445959167699
22.26764 0.4070184593307677
22.26885 0.4066923227447655
22.27006 0.4063661861587633
22.27126 0.4060400495727611
22.27247 0.4056812993281586
22.27368 0.4053551627421564
22.27488 0.40502902615615416
22.27609 0.40467027591155175
22.2773 0.4043115256669493
22.2785 0.40398538908094705
22.27971 0.40362663883634464
22.28092 0.4033005022503425
22.28212 0.40294175200573995
22.28333 0.40258300176113754
22.28454 0.40225686517513537
22.28574 0.4018981149305329
22.28695 0.4015719783445307
22.28816 0.40121322809992827
22.28936 0.40088709151392604
22.29057 0.4005609549279238
22.29178 0.4002348183419216
22.29298 0.39990868175591937
22.29419 0.39958254516991715
22.2954 0.3992564085839149
22.29661 0.39896288565651294
22.29781 0.39866936272911097
22.29902 0.39834322614310874
22.30023 0.39808231687430695
22.30143 0.3977887939469049
22.30264 0.397495271019503
22.30385 0.39720174809210096
22.30505 0.396908225164699
22.30626 0.3966473158958972
22.30747 0.3963537929684952
22.30867 0.39606027004109323
22.30988 0.3957667471136912
22.31109 0.3954732241862892
22.31229 0.39521231491748743
22.3135 0.39491879199008545
22.31471 0.3946252690626834
22.31591 0.3943643597938817
22.31712 0.3940708368664797
22.31833 0.39377731393907767
22.31953 0.39351640467027593
22.32074 0.3932228817428739
22.32195 0.39296197247407216
22.32316 0.3927010632052704
22.32436 0.39240754027786834
22.32557 0.3921466310090666
22.32678 0.3918857217402648
22.32798 0.3916248124714631
22.32919 0.39136390320266123
22.3304 0.3911356075924597
22.3316 0.39087469832365795
22.33281 0.39061378905485616
22.33402 0.3903854934446546
22.33522 0.3901571978344531
22.33643 0.38992890222425153
22.33764 0.38970060661405
22.33884 0.3894723110038484
22.34005 0.38924401539364684
22.34126 0.3890483334420455
22.34246 0.388820037831844
22.34367 0.38862435588024263
22.34488 0.3884286739286413
22.34608 0.38823299197704
22.34729 0.38806992368403886
22.3485 0.3878742417324375
22.34971 0.38771117343943645
22.35091 0.38754810514643534
22.35212 0.38738503685343423
22.35333 0.3872219685604331
22.35453 0.38705890026743195
22.35574 0.3869284456330311
22.35695 0.3867979909986302
22.35815 0.3866349227056291
22.35936 0.38650446807122824
22.36057 0.38640662709542756
22.36177 0.3862761724610267
22.36298 0.3861457178266258
22.36419 0.38604787685082514
22.36539 0.3859174222164242
22.3666 0.3858195812406236
22.36781 0.3857217402648229
22.36901 0.38562389928902224
22.37022 0.38552605831322156
22.37143 0.3854282173374209
22.37263 0.38533037636162026
22.37384 0.3852651490444198
22.37505 0.3851673080686191
22.37626 0.3851020807514187
22.37746 0.38500423977561804
22.37867 0.38493901245841755
22.37988 0.3848737851412172
22.38108 0.3848085578240167
22.38229 0.38474333050681625
22.3835 0.3846781031896158
22.3847 0.3846128758724153
22.38591 0.38454764855521495
22.38712 0.38448242123801446
22.38832 0.384417193920814
22.38953 0.3843519666036136
22.39074 0.38431935294501335
22.39194 0.3842541256278129
22.39315 0.3841888983106125
22.39436 0.3841562846520123
22.39556 0.3840910573348118
22.39677 0.3840584436762116
22.39798 0.3839932163590111
22.39919 0.38396060270041094
22.40039 0.38389537538321045
22.4016 0.38386276172461026
22.40281 0.38383014806601007
22.40401 0.3837649207488096
22.40522 0.3837323070902094
22.40643 0.38369969343160915
22.40763 0.3836670797730089
22.40884 0.3836344661144087
22.41005 0.3836344661144087
22.41125 0.3836018524558085
22.41246 0.3835692387972083
22.41367 0.3835692387972083
22.41487 0.38353662513860803
22.41608 0.38350401148000784
22.41729 0.38350401148000784
22.41849 0.38350401148000784
22.4197 0.3834713978214076
22.42091 0.3834713978214076
22.42211 0.3834713978214076
22.42332 0.3834713978214076
22.42453 0.3834713978214076
22.42574 0.3834713978214076
22.42694 0.3834713978214076
22.42815 0.3834713978214076
22.42936 0.3834713978214076
22.43056 0.38350401148000784
22.43177 0.38350401148000784
22.43298 0.38350401148000784
22.43418 0.38353662513860803
22.43539 0.38353662513860803
22.4366 0.3835692387972083
22.4378 0.3836018524558085
22.43901 0.3836018524558085
22.44022 0.3836344661144087
22.44142 0.3836670797730089
22.44263 0.38369969343160915
22.44384 0.3837323070902094
22.44504 0.3837649207488096
22.44625 0.3837975344074098
22.44746 0.38383014806601007
22.44866 0.38386276172461026
22.44987 0.38389537538321045
22.45108 0.38392798904181075
22.45229 0.38396060270041094
22.45349 0.3839932163590111
22.4547 0.38402583001761137
22.45591 0.3840910573348118
22.45711 0.38412367099341205
22.45832 0.3841562846520123
22.45953 0.38422151196921267
22.46073 0.3842541256278129
22.46194 0.38428673928641316
22.46315 0.3843519666036136
22.46435 0.384417193920814
22.46556 0.38444980757941427
22.46677 0.3845150348966147
22.46797 0.38458026221381514
22.46918 0.38464548953101557
22.47039 0.384710716848216
22.47159 0.3847759441654165
22.4728 0.3848411714826169
22.47401 0.38490639879981736
22.47521 0.38500423977561804
22.47642 0.3850694670928185
22.47763 0.3851673080686191
22.47884 0.3852651490444198
22.48004 0.38533037636162026
22.48125 0.3854282173374209
22.48246 0.38552605831322156
22.48366 0.38562389928902224
22.48487 0.3857543539234231
22.48608 0.3858521948992238
22.48728 0.38598264953362466
22.48849 0.38608049050942533
22.4897 0.3862109451438262
22.4909 0.3863413997782271
22.49211 0.386471854412628
22.49332 0.3866349227056291
22.49452 0.38676537734003
22.49573 0.3869284456330311
22.49694 0.38709151392603225
22.49814 0.3872545822190333
22.49935 0.3874176505120345
22.50056 0.38758071880503553
22.50176 0.3877764007566369
22.50297 0.3879720827082382
22.50418 0.38816776465983954
22.50539 0.3883634466114409
22.50659 0.3885591285630422
22.5078 0.38875481051464356
22.50901 0.3889831061248451
22.51021 0.38921140173504665
22.51142 0.389407083686648
22.51263 0.38963537929684955
22.51383 0.38986367490705104
22.51504 0.3900919705172526
22.51625 0.39032026612745413
22.51745 0.39054856173765573
22.51866 0.3908094710064575
22.51987 0.39103776661665907
22.52107 0.39126606222686056
22.52228 0.39149435783706216
22.52349 0.39175526710586395
22.52469 0.3919835627160655
22.5259 0.39221185832626704
22.52711 0.3924727675950688
22.52831 0.3927010632052704
22.52952 0.3929293588154719
22.53073 0.39315765442567346
22.53194 0.39341856369447525
22.53314 0.3936468593046768
22.53435 0.39387515491487834
22.53556 0.3941034505250799
22.53676 0.39433174613528144
22.53797 0.39456004174548304
22.53918 0.39475572369708434
22.54038 0.3949840193072859
22.54159 0.39521231491748743
22.5428 0.3954079968690888
22.544 0.39563629247929033
22.54521 0.3958319744308917
22.54642 0.39606027004109323
22.54762 0.3962885656512948
22.54883 0.39651686126149627
22.55004 0.39674515687169787
22.55124 0.39700606614049966
22.55245 0.3972343617507012
22.55366 0.397495271019503
22.55486 0.39772356662970454
22.55607 0.3979844758985063
22.55728 0.39824538516730806
22.55849 0.3984736807775096
22.55969 0.39873459004631134
22.5609 0.3989954993151132
22.56211 0.39922379492531473
22.56331 0.39948470419411647
22.56452 0.39971299980431807
22.56573 0.3999739090731198
22.56693 0.40020220468332135
22.56814 0.40043050029352295
22.56935 0.4006587959037245
22.57055 0.40088709151392604
22.57176 0.4011153871241276
22.57297 0.40131106907572894
22.57417 0.40153936468593043
22.57538 0.4017350466375318
22.57659 0.40193072858913315
22.57779 0.4020937968821342
22.579 0.40228947883373556
22.58021 0.40245254712673667
22.58141 0.4026156154197378
22.58262 0.4027786837127389
22.58383 0.40290913834713976
22.58504 0.40303959298154063
22.58624 0.4031374339573413
22.58745 0.403235274933142
22.58866 0.40333311590894266
22.58986 0.40343095688474334
22.59107 0.4034961842019438
22.59228 0.403528797860544
22.59348 0.4035614115191442
22.59469 0.40359402517774445
22.5959 0.40362663883634464
22.5971 0.4036592524949449
22.59831 0.4036592524949449
22.59952 0.4036592524949449
22.60072 0.40362663883634464
22.60193 0.40362663883634464
22.60314 0.40359402517774445
22.60434 0.4035614115191442
22.60555 0.403528797860544
22.60676 0.40346357054334353
22.60797 0.40343095688474334
22.60917 0.40336572956754285
22.61038 0.40326788859174223
22.61159 0.4032026612745418
22.61279 0.4031048202987411
22.614 0.40303959298154063
22.61521 0.40294175200573995
22.61641 0.4028112973713391
22.61762 0.40271345639553846
22.61883 0.40258300176113754
22.62003 0.40245254712673667
22.62124 0.4023220924923358
22.62245 0.4021916378579349
22.62365 0.402061183223534
22.62486 0.4018981149305329
22.62607 0.4017350466375318
22.62727 0.4015719783445307
22.62848 0.40140891005152957
22.62969 0.40124584175852845
22.63089 0.4010501598069271
22.6321 0.40088709151392604
22.63331 0.4006914095623247
22.63452 0.4004957276107234
22.63572 0.40030004565912203
22.63693 0.40010436370752067
22.63814 0.3998760680973191
22.63934 0.3996803861457178
22.64055 0.3994520905355163
22.64176 0.39922379492531473
22.64296 0.3989954993151132
22.64417 0.39873459004631134
22.64538 0.3984736807775096
22.64658 0.3982127715087078
22.64779 0.39791924858130584
22.649 0.39765833931250405
22.6502 0.3973322027265018
22.65141 0.39703867979909985
22.65262 0.3967125432130976
22.65382 0.3963864066270954
22.65503 0.39606027004109323
22.65624 0.395734133455091
22.65744 0.39537538321048854
22.65865 0.3950166329658861
22.65986 0.3946578827212837
22.66107 0.3942991324766812
22.66227 0.3939403822320788
22.66348 0.3935816319874763
22.66469 0.3931902680842737
22.66589 0.39283151783967124
22.6671 0.3924401539364686
22.66831 0.3920487900332659
22.66951 0.39169003978866346
22.67072 0.39129867588546086
22.67193 0.39090731198225814
22.67313 0.3905159480790555
22.67434 0.3901571978344531
22.67555 0.3897658339312504
22.67675 0.3893744700280477
22.67796 0.3890157197834453
22.67917 0.38862435588024263
22.68037 0.38823299197704
22.68158 0.3878742417324375
22.68279 0.3875154914878351
22.68399 0.3871567412432326
22.6852 0.3867979909986302
22.68641 0.3864392407540278
22.68762 0.38608049050942533
22.68882 0.3857543539234231
22.69003 0.3854282173374209
22.69124 0.3851020807514187
22.69244 0.3847759441654165
22.69365 0.38444980757941427
22.69486 0.3840910573348118
22.69606 0.3837649207488096
22.69727 0.38343878416280736
22.69848 0.3831126475768052
22.69968 0.38278651099080296
22.70089 0.3824277607462005
22.7021 0.38210162416019827
22.7033 0.38177548757419605
22.70451 0.38141673732959364
22.70572 0.3810906007435914
22.70692 0.3807644641575892
22.70813 0.38043832757158697
22.70934 0.38007957732698455
22.71054 0.37975344074098233
22.71175 0.3794273041549801
22.71296 0.3791011675689779
22.71417 0.37877503098297566
22.71537 0.37844889439697343
22.71658 0.3781227578109712
22.71779 0.37782923488356923
22.71899 0.377503098297567
22.7202 0.3771769617115648
22.72141 0.3768834387841628
22.72261 0.3765573021981606
22.72382 0.3762637792707586
22.72503 0.37597025634335657
22.72623 0.3756767334159546
22.72744 0.37538321048855255
22.72865 0.37508968756115063
22.72985 0.37482877829234884
22.73106 0.3745352553649468
22.73227 0.37427434609614507
22.73347 0.3740134368273433
22.73468 0.3737525275585415
22.73589 0.3734916182897397
22.73709 0.37323070902093797
22.7383 0.3730024134107364
22.73951 0.3727741178005349
22.74072 0.3725458221903333
22.74192 0.37231752658013173
22.74313 0.3720892309699302
22.74434 0.3718935490183289
22.74554 0.37166525340812734
22.74675 0.371469571456526
22.74796 0.3712738895049246
22.74916 0.3710782075533233
22.75037 0.370882525601722
22.75158 0.37068684365012067
22.75278 0.37052377535711956
22.75399 0.3703280934055182
22.7552 0.37016502511251714
22.7564 0.370001956819516
22.75761 0.3698388885265149
22.75882 0.3696758202335138
22.76002 0.3695127519405127
22.76123 0.3693496836475116
22.76244 0.3691866153545105
22.76364 0.36905616072010955
22.76485 0.3688930924271085
22.76606 0.36876263779270757
22.76727 0.3686321831583067
22.76847 0.3685017285239058
22.76968 0.3683712738895049
22.77089 0.36824081925510405
22.77209 0.3681103646207031
22.7733 0.36797990998630226
22.77451 0.3678820690105016
22.77571 0.3677516143761007
22.77692 0.36765377340030003
22.77813 0.36752331876589917
22.77933 0.3674254777900985
22.78054 0.3673276368142978
22.78175 0.36719718217989694
22.78295 0.36709934120409626
22.78416 0.36700150022829564
22.78537 0.36690365925249496
22.78657 0.3668384319352945
22.78778 0.3667405909594938
22.78899 0.3666427499836932
22.79019 0.3665449090078925
22.7914 0.36647968169069206
22.79261 0.3663818407148914
22.79382 0.36631661339769095
22.79502 0.3662513860804905
22.79623 0.3661861587632901
22.79744 0.36615354510468984
22.79864 0.3660883177874894
22.79985 0.3660557041288892
22.80106 0.3659904768116887
22.80226 0.36595786315308854
22.80347 0.3659252494944883
22.80468 0.36589263583588805
22.80588 0.36589263583588805
22.80709 0.36586002217728786
22.8083 0.3658274085186876
22.8095 0.3658274085186876
22.81071 0.36579479486008737
22.81192 0.36579479486008737
22.81312 0.3657621812014872
22.81433 0.3657621812014872
22.81554 0.3657621812014872
22.81675 0.3657621812014872
22.81795 0.3657621812014872
22.81916 0.365729567542887
22.82037 0.365729567542887
22.82157 0.365729567542887
22.82278 0.365729567542887
22.82399 0.365729567542887
22.82519 0.3656969538842867
22.8264 0.3656969538842867
22.82761 0.3656969538842867
22.82881 0.3656643402256865
22.83002 0.3656643402256865
22.83123 0.3656643402256865
22.83243 0.3656317265670863
22.83364 0.36559911290848607
22.83485 0.36559911290848607
22.83605 0.3655664992498858
22.83726 0.36553388559128563
22.83847 0.3655012719326854
22.83967 0.3654686582740852
22.84088 0.36540343095688477
22.84209 0.3653708172982845
22.8433 0.3653382036396843
22.8445 0.36527297632248384
22.84571 0.36524036266388366
22.84692 0.36517513534668317
22.84812 0.365142521688083
22.84933 0.3650772943708825
22.85054 0.3650120670536821
22.85174 0.36497945339508187
22.85295 0.36491422607788143
22.85416 0.36484899876068094
22.85536 0.36478377144348056
22.85657 0.36475115778488026
22.85778 0.3646859304676799
22.85898 0.3646207031504794
22.86019 0.36455547583327896
22.8614 0.36449024851607853
22.8626 0.3644250211988781
22.86381 0.36435979388167766
22.86502 0.3642945665644772
22.86622 0.36422933924727674
22.86743 0.3641641119300763
22.86864 0.36413149827147606
22.86985 0.36406627095427563
22.87105 0.3640010436370752
22.87226 0.36393581631987476
22.87347 0.36383797534407414
22.87467 0.36377274802687365
22.87588 0.36370752070967316
22.87709 0.3636422933924728
22.87829 0.3635770660752723
22.8795 0.3635118387580719
22.88071 0.3634466114408714
22.88191 0.363381384123671
22.88312 0.36331615680647056
22.88433 0.3632509294892701
22.88553 0.36318570217206964
22.88674 0.3631204748548692
22.88795 0.36305524753766877
22.88915 0.36299002022046833
22.89036 0.3629247929032679
22.89157 0.36289217924466766
22.89277 0.3628269519274672
22.89398 0.36276172461026673
22.89519 0.3626638836344661
22.8964 0.3625986563172657
22.8976 0.3625334290000652
22.89881 0.3624682016828648
22.90002 0.3624029743656643
22.90122 0.36230513338986364
22.90243 0.3622399060726632
22.90364 0.3621746787554628
22.90484 0.3620768377796621
22.90605 0.36201161046246166
22.90726 0.36194638314526123
22.90846 0.36184854216946055
22.90967 0.3617833148522601
22.91088 0.3617180875350597
22.91208 0.361620246559259
22.91329 0.3615550192420586
22.9145 0.3614897919248581
22.9157 0.36139195094905746
22.91691 0.361326723631857
22.91812 0.36126149631465654
22.91932 0.36119626899745616
22.92053 0.3610984280216555
22.92174 0.36103320070445505
22.92295 0.36096797338725456
22.92415 0.3609027460700541
22.92536 0.3608375187528537
22.92657 0.36077229143565326
22.92777 0.3607070641184528
22.92898 0.36064183680125234
22.93019 0.36057660948405196
22.93139 0.36054399582545166
22.9326 0.3604787685082513
22.93381 0.36044615484965103
22.93501 0.3603809275324506
22.93622 0.36034831387385036
22.93743 0.3602830865566499
22.93863 0.36025047289804973
22.93984 0.3602178592394495
22.94105 0.36018524558084924
22.94225 0.36015263192224906
22.94346 0.3601200182636488
22.94467 0.3601200182636488
22.94587 0.3601200182636488
22.94708 0.3601200182636488
22.94829 0.3601200182636488
22.9495 0.3601200182636488
22.9507 0.3601200182636488
22.95191 0.3601200182636488
22.95312 0.36015263192224906
22.95432 0.36018524558084924
22.95553 0.36018524558084924
22.95674 0.3602178592394495
22.95794 0.36025047289804973
22.95915 0.3602830865566499
22.96036 0.3603157002152501
22.96156 0.36034831387385036
22.96277 0.3603809275324506
22.96398 0.3604135411910508
22.96518 0.3604787685082513
22.96639 0.36051138216685147
22.9676 0.36054399582545166
22.9688 0.36057660948405196
22.97001 0.36060922314265215
22.97122 0.36064183680125234
22.97242 0.36064183680125234
22.97363 0.3606744504598526
22.97484 0.3607070641184528
22.97605 0.360739677777053
22.97725 0.360739677777053
22.97846 0.360739677777053
22.97967 0.36077229143565326
22.98087 0.36077229143565326
22.98208 0.36077229143565326
22.98329 0.360739677777053
22.98449 0.360739677777053
22.9857 0.3607070641184528
22.98691 0.3606744504598526
22.98811 0.36064183680125234
22.98932 0.36060922314265215
22.99053 0.36057660948405196
22.99173 0.36051138216685147
22.99294 0.36044615484965103
22.99415 0.3603809275324506
22.99535 0.3602830865566499
22.99656 0.3602178592394495
22.99777 0.36015263192224906
22.99897 0.3600547909464484
23.00018 0.3599569499706477
23.00139 0.35989172265344727
23.0026 0.3597938816776466
23.0038 0.3596960407018459
23.00501 0.35959819972604523
23.00622 0.35950035875024455
23.00742 0.35940251777444393
23.00863 0.359272063140043
23.00984 0.3591742221642424
23.01104 0.35904376752984146
23.01225 0.35894592655404084
23.01346 0.35881547191963997
23.01466 0.35868501728523905
23.01587 0.3585545626508381
23.01708 0.35842410801643726
23.01828 0.3582936533820364
23.01949 0.3581305850890353
23.0207 0.3580001304546344
23.0219 0.3578370621616333
23.02311 0.3577066075272324
23.02432 0.3575435392342313
23.02553 0.35738047094123016
23.02673 0.3572174026482291
23.02794 0.35705433435522793
23.02915 0.35685865240362663
23.03035 0.3566955841106255
23.03156 0.3564999021590242
23.03277 0.35633683386602305
23.03397 0.35614115191442175
23.03518 0.35594546996282045
23.03639 0.3557497880112191
23.03759 0.3555541060596178
23.0388 0.35532581044941625
23.04001 0.3551301284978149
23.04121 0.35490183288761334
23.04242 0.3546735372774118
23.04363 0.35447785532581044
23.04483 0.3542495597156089
23.04604 0.3539886504468071
23.04725 0.3537277411780054
23.04845 0.35349944556780377
23.04966 0.3532059226404018
23.05087 0.3529450133716
23.05208 0.352651490444198
23.05328 0.35235796751679604
23.05449 0.35206444458939407
23.0557 0.35177092166199203
23.0569 0.35147739873459005
23.05811 0.35115126214858783
23.05932 0.3508251255625856
23.06052 0.3504989889765834
23.06173 0.35017285239058116
23.06294 0.349846715804579
23.06414 0.34952057921857677
23.06535 0.3491944426325745
23.06656 0.3488356923879721
23.06776 0.34850955580196985
23.06897 0.34815080555736744
23.07018 0.3478246689713652
23.07138 0.34746591872676275
23.07259 0.3471397821407606
23.0738 0.3467810318961581
23.075 0.3464548953101559
23.07621 0.3460961450655535
23.07742 0.34577000847955125
23.07863 0.3454112582349488
23.07983 0.34508512164894656
23.08104 0.34475898506294433
23.08225 0.3444328484769421
23.08345 0.34410671189093994
23.08466 0.3437805753049377
23.08587 0.3434544387189355
23.08707 0.34312830213293327
23.08828 0.3428347792055313
23.08949 0.34254125627812926
23.09069 0.3422477333507273
23.0919 0.3419542104233253
23.09311 0.3416606874959233
23.09431 0.3413671645685213
23.09552 0.34110625529971955
23.09673 0.34084534603091776
23.09793 0.34058443676211597
23.09914 0.3403235274933142
23.10035 0.34006261822451245
23.10155 0.33980170895571066
23.10276 0.33954079968690887
23.10397 0.3392798904181071
23.10518 0.33901898114930534
23.10638 0.3387906855391038
23.10759 0.338529776270302
23.1088 0.3382688670015003
23.11 0.33804057139129867
23.11121 0.3377796621224969
23.11242 0.33755136651229534
23.11362 0.33729045724349355
23.11483 0.337062161633292
23.11604 0.33683386602309046
23.11724 0.3366055704128889
23.11845 0.3363446611440871
23.11966 0.3361163655338856
23.12086 0.33588806992368403
23.12207 0.3356597743134825
23.12328 0.3354640923618811
23.12448 0.33523579675167964
23.12569 0.3350075011414781
23.1269 0.33481181918987674
23.1281 0.3345835235796752
23.12931 0.33438784162807383
23.13052 0.3341595460178723
23.13173 0.333963864066271
23.13293 0.33376818211466963
23.13414 0.3335725001630683
23.13535 0.333376818211467
23.13655 0.3331811362598656
23.13776 0.33298545430826426
23.13897 0.33278977235666296
23.14017 0.33259409040506166
23.14138 0.33243102211206055
23.14259 0.3322353401604592
23.14379 0.3320722718674581
23.145 0.33190920357445697
23.14621 0.3317135216228556
23.14741 0.33155045332985456
23.14862 0.33138738503685344
23.14983 0.33122431674385233
23.15103 0.3310938621094514
23.15224 0.33093079381645035
23.15345 0.3307677255234492
23.15465 0.33060465723044813
23.15586 0.3304742025960472
23.15707 0.3303111343030461
23.15828 0.3301806796686452
23.15948 0.3300176113756441
23.16069 0.32988715674124325
23.1619 0.3297567021068424
23.1631 0.3295936338138412
23.16431 0.32946317917944035
23.16552 0.3293327245450395
23.16672 0.32920226991063856
23.16793 0.3291044289348379
23.16914 0.328973974300437
23.17034 0.32884351966603614
23.17155 0.32874567869023547
23.17276 0.3286152240558346
23.17396 0.3285173830800339
23.17517 0.32838692844563305
23.17638 0.3282890874698324
23.17758 0.3281912464940317
23.17879 0.328093405518231
23.18 0.3279955645424304
23.1812 0.3278977235666297
23.18241 0.32783249624942923
23.18362 0.3277346552736286
23.18483 0.32766942795642817
23.18603 0.3275715869806275
23.18724 0.327506359663427
23.18845 0.3274411323462266
23.18965 0.32737590502902614
23.19086 0.3273106777118257
23.19207 0.32724545039462527
23.19327 0.32718022307742484
23.19448 0.3271476094188246
23.19569 0.32708238210162416
23.19689 0.3270497684430239
23.1981 0.3270171547844237
23.19931 0.3269519274672233
23.20051 0.32691931380862305
23.20172 0.3268867001500228
23.20293 0.3268540864914226
23.20413 0.3267888591742222
23.20534 0.32675624551562193
23.20655 0.32672363185702175
23.20775 0.32665840453982126
23.20896 0.32662579088122107
23.21017 0.3265931772226209
23.21138 0.3265605635640206
23.21258 0.3265279499054204
23.21379 0.3264953362468202
23.215 0.3264627225882199
23.2162 0.3264301089296197
23.21741 0.3263974952710195
23.21862 0.3263648816124193
23.21982 0.3263648816124193
23.22103 0.3263648816124193
23.22224 0.32633226795381903
23.22344 0.32633226795381903
23.22465 0.3263648816124193
23.22586 0.3263648816124193
23.22706 0.3263648816124193
23.22827 0.3263974952710195
23.22948 0.3264301089296197
23.23068 0.3264627225882199
23.23189 0.3265279499054204
23.2331 0.3265605635640206
23.23431 0.32662579088122107
23.23551 0.3266910181984215
23.23672 0.3267888591742222
23.23793 0.3268867001500228
23.23913 0.3269845411258235
23.24034 0.32708238210162416
23.24155 0.327212836736025
23.24275 0.32734329137042595
23.24396 0.327506359663427
23.24517 0.3276368142978279
23.24637 0.32783249624942923
23.24758 0.3279955645424304
23.24879 0.3281912464940317
23.24999 0.32841954210423324
23.2512 0.3286152240558346
23.25241 0.32887613332463633
23.25361 0.3291044289348379
23.25482 0.32936533820363967
23.25603 0.32962624747244146
23.25723 0.32991977039984344
23.25844 0.33021329332724547
23.25965 0.33050681625464745
23.26086 0.3308003391820495
23.26206 0.33112647576805165
23.26327 0.3314526123540539
23.26448 0.3318113625986563
23.26568 0.3321374991846585
23.26689 0.332496249429261
23.2681 0.33288761333246364
23.2693 0.3332463635770661
23.27051 0.33363772748026876
23.27172 0.33402909138347137
23.27292 0.3344204552866741
23.27413 0.33481181918987674
23.27534 0.33523579675167964
23.27654 0.3356597743134825
23.27775 0.3360837518752854
23.27896 0.33650772943708823
23.28016 0.3369643206574913
23.28137 0.3373882982192942
23.28258 0.33784488943969737
23.28378 0.33830148066010046
23.28499 0.3387906855391038
23.2862 0.3392472767595069
23.28741 0.33970386797991
23.28861 0.3401930728589133
23.28982 0.34068227773791665
23.29103 0.34117148261691993
23.29223 0.3416606874959233
23.29344 0.3421498923749266
23.29465 0.34263909725392994
23.29585 0.34312830213293327
23.29706 0.34365012067053685
23.29827 0.34413932554954013
23.29947 0.34466114408714366
23.30068 0.345150348966147
23.30189 0.34567216750375057
23.30309 0.3461939860413541
23.3043 0.3467158045789577
23.30551 0.34727023677516144
23.30671 0.3478246689713652
23.30792 0.34841171482616917
23.30913 0.3489987606809732
23.31033 0.34958580653577714
23.31154 0.3502054660491814
23.31275 0.3508251255625856
23.31396 0.35147739873459005
23.31516 0.35212967190659444
23.31637 0.35278194507859895
23.31758 0.3534668319092036
23.31878 0.354119105081208
23.31999 0.35480399191181267
23.3212 0.3554888787424173
23.3224 0.356173765573022
23.32361 0.35685865240362663
23.32482 0.3575761528928315
23.32602 0.3582610397234362
23.32723 0.35894592655404084
23.32844 0.3596634270432457
23.32964 0.36034831387385036
23.33085 0.36103320070445505
23.33206 0.3617180875350597
23.33326 0.3624029743656643
23.33447 0.363087861196269
23.33568 0.36377274802687365
23.33688 0.3644250211988781
23.33809 0.3650772943708825
23.3393 0.365729567542887
23.34051 0.3663818407148914
23.34171 0.36700150022829564
23.34292 0.36762115974169984
23.34413 0.3682082055965038
23.34533 0.3687952514513078
23.34654 0.3693822973061118
23.34775 0.3699367295023156
23.34895 0.37049116169851937
23.35016 0.3710129802361229
23.35137 0.3715021851151262
23.35257 0.3719913899941295
23.35378 0.3724805948731329
23.35499 0.37293718609353593
23.35619 0.37336116365533883
23.3574 0.37378514121714174
23.35861 0.3742091187789446
23.35981 0.3746330963407475
23.36102 0.37502446024395014
23.36223 0.37541582414715285
23.36343 0.3758398017089557
23.36464 0.3761985519535581
23.36585 0.3765899158567608
23.36706 0.37694866610136324
23.36826 0.3773400300045659
23.36947 0.3776987802491683
23.37068 0.3780249168351706
23.37188 0.378383667079773
23.37309 0.3787098036657752
23.3743 0.37903594025177745
23.3755 0.37936207683777967
23.37671 0.37965559976518165
23.37792 0.3799491226925837
23.37912 0.38024264561998566
23.38033 0.3805035548887874
23.38154 0.38079707781618943
23.38274 0.38105798708499117
23.38395 0.38128628269519277
23.38516 0.3815471919639945
23.38636 0.38177548757419605
23.38757 0.3819711695257974
23.38878 0.38219946513599895
23.38998 0.38239514708760025
23.39119 0.3825908290392016
23.3924 0.3827538973322027
23.39361 0.38291696562520383
23.39481 0.38308003391820494
23.39602 0.3832104885526058
23.39723 0.38334094318700673
23.39843 0.3834713978214076
23.39964 0.3835692387972083
23.40085 0.3836670797730089
23.40205 0.3837323070902094
23.40326 0.3837975344074098
23.40447 0.38386276172461026
23.40567 0.38389537538321045
23.40688 0.38392798904181075
23.40809 0.38396060270041094
23.40929 0.38396060270041094
23.4105 0.38392798904181075
23.41171 0.38389537538321045
23.41291 0.38383014806601007
23.41412 0.3837323070902094
23.41533 0.3836344661144087
23.41653 0.38353662513860803
23.41774 0.38340617050420717
23.41895 0.38324310221120605
23.42016 0.38308003391820494
23.42136 0.38291696562520383
23.42257 0.3827212836736025
23.42378 0.38249298806340093
23.42498 0.38229730611179963
23.42619 0.3820690105015981
23.4274 0.38184071489139654
23.4286 0.38157980562259475
23.42981 0.38131889635379296
23.43102 0.38105798708499117
23.43222 0.38079707781618943
23.43343 0.3805035548887874
23.43464 0.3802100319613854
23.43584 0.3799491226925837
23.43705 0.37965559976518165
23.43826 0.37936207683777967
23.43946 0.37903594025177745
23.44067 0.3787424173243754
23.44188 0.37844889439697343
23.44309 0.3781227578109712
23.44429 0.37782923488356923
23.4455 0.37753571195616725
23.44671 0.3772421890287652
23.44791 0.37691605244276305
23.44912 0.376622529515361
23.45033 0.37632900658795904
23.45153 0.37606809731915725
23.45274 0.37577457439175527
23.45395 0.37548105146435323
23.45515 0.3752201421955515
23.45636 0.3749592329267497
23.45757 0.374698323657948
23.45877 0.37447002804774643
23.45998 0.3742417324375448
23.46119 0.3740134368273433
23.46239 0.37378514121714174
23.4636 0.3735568456069402
23.46481 0.3732959363381384
23.46601 0.37306764072793686
23.46722 0.3728393451177353
23.46843 0.3725784358489335
23.46964 0.37231752658013173
23.47084 0.3720892309699302
23.47205 0.37182832170112845
23.47326 0.37156741243232666
23.47446 0.3713065031635249
23.47567 0.3710455938947231
23.47688 0.37078468462592135
23.47808 0.3705563890157198
23.47929 0.370295479746918
23.4805 0.3700345704781162
23.4817 0.36977366120931443
23.48291 0.3695127519405127
23.48412 0.3692518426717109
23.48532 0.36899093340290917
23.48653 0.36876263779270757
23.48774 0.3685017285239058
23.48894 0.36824081925510405
23.49015 0.36801252364490245
23.49136 0.3677842280347009
23.49256 0.36752331876589917
23.49377 0.3672950231556976
23.49498 0.367066727545496
23.49619 0.3668384319352945
23.49739 0.3666427499836932
23.4986 0.3664144543734916
23.49981 0.36621877242189027
23.50101 0.3660230904702889
23.50222 0.3658274085186876
23.50343 0.3656317265670863
23.50463 0.36543604461548496
23.50584 0.36527297632248384
23.50705 0.36510990802948273
23.50825 0.3649468397364816
23.50946 0.36478377144348056
23.51067 0.36465331680907964
23.51187 0.36449024851607853
23.51308 0.36439240754027785
23.51429 0.364261952905877
23.51549 0.3641641119300763
23.5167 0.36406627095427563
23.51791 0.363968429978475
23.51911 0.3638705890026743
23.52032 0.36380536168547384
23.52153 0.36374013436827346
23.52274 0.36367490705107297
23.52394 0.36360967973387254
23.52515 0.3635444524166721
23.52636 0.3635118387580719
23.52756 0.3634466114408714
23.52877 0.36341399778227124
23.52998 0.363381384123671
23.53118 0.363381384123671
23.53239 0.36334877046507075
23.5336 0.36334877046507075
23.5348 0.36331615680647056
23.53601 0.36331615680647056
23.53722 0.36331615680647056
23.53842 0.36331615680647056
23.53963 0.36331615680647056
23.54084 0.36334877046507075
23.54204 0.36334877046507075
23.54325 0.36334877046507075
23.54446 0.363381384123671
23.54566 0.36341399778227124
23.54687 0.36341399778227124
23.54808 0.3634466114408714
23.54929 0.3634792250994716
23.55049 0.3635118387580719
23.5517 0.3635444524166721
23.55291 0.3635770660752723
23.55411 0.36360967973387254
23.55532 0.3636422933924728
23.55653 0.36367490705107297
23.55773 0.36374013436827346
23.55894 0.36377274802687365
23.56015 0.36380536168547384
23.56135 0.36383797534407414
23.56256 0.3638705890026743
23.56377 0.36393581631987476
23.56497 0.363968429978475
23.56618 0.3640010436370752
23.56739 0.36403365729567544
23.56859 0.36406627095427563
23.5698 0.36413149827147606
23.57101 0.3641641119300763
23.57221 0.36422933924727674
23.57342 0.364261952905877
23.57463 0.3643271802230774
23.57584 0.36439240754027785
23.57704 0.36445763485747834
23.57825 0.3645228621746787
23.57946 0.3645880894918792
23.58066 0.36465331680907964
23.58187 0.3647185441262801
23.58308 0.36478377144348056
23.58428 0.36484899876068094
23.58549 0.3649468397364816
23.5867 0.3650120670536821
23.5879 0.36510990802948273
23.58911 0.36517513534668317
23.59032 0.36527297632248384
23.59152 0.3653708172982845
23.59273 0.36543604461548496
23.59394 0.36553388559128563
23.59514 0.3656317265670863
23.59635 0.365729567542887
23.59756 0.36579479486008737
23.59876 0.36589263583588805
23.59997 0.3659904768116887
23.60118 0.3660883177874894
23.60239 0.3661861587632901
23.60359 0.3662839997390907
23.6048 0.3663818407148914
23.60601 0.36647968169069206
23.60721 0.36657752266649274
23.60842 0.3666753636422934
23.60963 0.3667405909594938
23.61083 0.3668384319352945
23.61204 0.36693627291109515
23.61325 0.36703411388689583
23.61445 0.3671319548626965
23.61566 0.3672297958384972
23.61687 0.3673276368142978
23.61807 0.36739286413149824
23.61928 0.3674907051072989
23.62049 0.3675885460830996
23.62169 0.36765377340030003
23.6229 0.3677516143761007
23.62411 0.3678494553519014
23.62531 0.36794729632770207
23.62652 0.36804513730350275
23.62773 0.36814297827930337
23.62894 0.36824081925510405
23.63014 0.3683060465723045
23.63135 0.36843650120670535
23.63256 0.368534342182506
23.63376 0.3686321831583067
23.63497 0.3687300241341073
23.63618 0.368827865109908
23.63738 0.3689257060857087
23.63859 0.36902354706150936
23.6398 0.36912138803731004
23.641 0.3692192290131107
23.64221 0.3693496836475116
23.64342 0.36944752462331226
23.64462 0.3695453655991129
23.64583 0.36964320657491356
23.64704 0.36974104755071424
23.64824 0.3698388885265149
23.64945 0.3699367295023156
23.65066 0.37006718413671646
23.65186 0.37016502511251714
23.65307 0.3702628660883178
23.65428 0.37036070706411844
23.65549 0.3704585480399191
23.65669 0.3705563890157198
23.6579 0.3706542299915204
23.65911 0.37071945730872086
23.66031 0.37081729828452153
23.66152 0.3709151392603222
23.66273 0.3710129802361229
23.66393 0.3710782075533233
23.66514 0.37117604852912395
23.66635 0.37124127584632444
23.66755 0.3713391168221251
23.66876 0.37140434413932555
23.66997 0.3715021851151262
23.67117 0.37156741243232666
23.67238 0.3716326397495271
23.67359 0.3716978670667275
23.67479 0.37176309438392796
23.676 0.37182832170112845
23.67721 0.3718935490183289
23.67842 0.3719587763355293
23.67962 0.37202400365272975
23.68083 0.3720892309699302
23.68204 0.3721544582871307
23.68324 0.37221968560433105
23.68445 0.37228491292153154
23.68566 0.372350140238732
23.68686 0.3724153675559324
23.68807 0.3724805948731329
23.68928 0.3725458221903333
23.69048 0.37261104950753376
23.69169 0.3726762768247342
23.6929 0.37274150414193463
23.6941 0.37280673145913507
23.69531 0.3728393451177353
23.69652 0.37290457243493574
23.69772 0.3729697997521362
23.69893 0.3730024134107364
23.70014 0.37306764072793686
23.70134 0.3731002543865371
23.70255 0.3731654817037375
23.70376 0.3731980953623378
23.70497 0.37323070902093797
23.70617 0.3732959363381384
23.70738 0.37332854999673865
23.70859 0.37336116365533883
23.70979 0.3733937773139391
23.711 0.3733937773139391
23.71221 0.3734263909725393
23.71341 0.3734590046311395
23.71462 0.3734590046311395
23.71583 0.3734916182897397
23.71703 0.3734916182897397
23.71824 0.3734916182897397
23.71945 0.3734916182897397
23.72065 0.3734916182897397
23.72186 0.3734916182897397
23.72307 0.3734590046311395
23.72427 0.3734590046311395
23.72548 0.3734263909725393
23.72669 0.3733937773139391
23.72789 0.37336116365533883
23.7291 0.37332854999673865
23.73031 0.3732959363381384
23.73152 0.37323070902093797
23.73272 0.3731980953623378
23.73393 0.3731654817037375
23.73514 0.3731002543865371
23.73634 0.37306764072793686
23.73755 0.3730024134107364
23.73876 0.37293718609353593
23.73996 0.37290457243493574
23.74117 0.3728393451177353
23.74238 0.3727741178005349
23.74358 0.37270889048333444
23.74479 0.37264366316613395
23.746 0.3725784358489335
23.7472 0.3725132085317331
23.74841 0.3724153675559324
23.74962 0.372350140238732
23.75082 0.37225229926293135
23.75203 0.37218707194573086
23.75324 0.3720892309699302
23.75444 0.3719913899941295
23.75565 0.3718935490183289
23.75686 0.3717957080425282
23.75807 0.3716978670667275
23.75927 0.37156741243232666
23.76048 0.3714369577979258
23.76169 0.3713391168221251
23.76289 0.37120866218772425
23.7641 0.3710782075533233
23.76531 0.3709477529189224
23.76651 0.37078468462592135
23.76772 0.3706542299915204
23.76893 0.37049116169851937
23.77013 0.3703280934055182
23.77134 0.37016502511251714
23.77255 0.370001956819516
23.77375 0.3698062748679147
23.77496 0.36964320657491356
23.77617 0.36944752462331226
23.77737 0.3692518426717109
23.77858 0.36905616072010955
23.77979 0.368827865109908
23.78099 0.3686321831583067
23.7822 0.36840388754810516
23.78341 0.36814297827930337
23.78462 0.36791468266910177
23.78582 0.3676863870589003
23.78703 0.3674254777900985
23.78824 0.3671645685212967
23.78944 0.3668710455938947
23.79065 0.36661013632509293
23.79186 0.36631661339769095
23.79306 0.3660230904702889
23.79427 0.365729567542887
23.79548 0.36543604461548496
23.79668 0.36510990802948273
23.79789 0.36481638510208075
23.7991 0.36449024851607853
23.8003 0.3641641119300763
23.80151 0.36383797534407414
23.80272 0.3634792250994716
23.80392 0.36315308851346945
23.80513 0.36279433826886703
23.80634 0.36243558802426457
23.80754 0.3620768377796621
23.80875 0.3617180875350597
23.80996 0.3613593372904572
23.81117 0.36096797338725456
23.81237 0.36060922314265215
23.81358 0.3602178592394495
23.81479 0.359859108994847
23.81599 0.35946774509164436
23.8172 0.3590763811884417
23.81841 0.35868501728523905
23.81961 0.3582936533820364
23.82082 0.3578696758202335
23.82203 0.35747831191703083
23.82323 0.3570869480138282
23.82444 0.3566629704520253
23.82565 0.3562716065488227
23.82685 0.35584762898701977
23.82806 0.35542365142521687
23.82927 0.3550322875220142
23.83047 0.3546083099602113
23.83168 0.35418433239840846
23.83289 0.35376035483660556
23.83409 0.3533689909334029
23.8353 0.3529450133716
23.83651 0.35252103580979716
23.83772 0.35209705824799425
23.83892 0.35167308068619135
23.84013 0.3512491031243885
23.84134 0.3507925119039854
23.84254 0.35033592068358227
23.84375 0.3498793294631792
23.84496 0.3494227382427761
23.84616 0.34896614702237294
23.84737 0.34847694214336966
23.84858 0.3479877372643663
23.84978 0.347498532385363
23.85099 0.3469767138477594
23.8522 0.34648750896875613
23.8534 0.34596569043115255
23.85461 0.3454764855521492
23.85582 0.3449546670145457
23.85702 0.3444328484769421
23.85823 0.3439110299393386
23.85944 0.343389211401735
23.86064 0.3428673928641315
23.86185 0.3423455743265279
23.86306 0.3417911421303242
23.86427 0.3412693235927206
23.86547 0.3407475050551171
23.86668 0.3402256865175135
23.86789 0.33970386797991
23.86909 0.3391820494423064
23.8703 0.3386602309047029
23.87151 0.3381384123670993
23.87271 0.33761659382949577
23.87392 0.3371273889504925
23.87513 0.3366055704128889
23.87633 0.3361163655338856
23.87754 0.33562716065488224
23.87875 0.3351053421172787
23.87995 0.3346487508968756
23.88116 0.3341595460178723
23.88237 0.33370295479746914
23.88357 0.33321374991846586
23.88478 0.3327571586980627
23.88599 0.33233318113625987
23.8872 0.3318765899158568
23.8884 0.3314526123540539
23.88961 0.33102863479225103
23.89082 0.3306372708890483
23.89202 0.33024590698584566
23.89323 0.329854543082643
23.89444 0.32949579283804054
23.89564 0.3291044289348379
23.89685 0.32874567869023547
23.89806 0.32841954210423324
23.89926 0.32806079185963083
23.90047 0.3277346552736286
23.90168 0.3274085186876263
23.90288 0.32708238210162416
23.90409 0.32675624551562193
23.9053 0.3264301089296197
23.9065 0.32613658600221773
23.90771 0.3258430630748157
23.90892 0.3255495401474138
23.91012 0.32525601722001174
23.91133 0.32496249429260976
23.91254 0.32470158502380797
23.91375 0.3244406757550062
23.91495 0.3241471528276042
23.91616 0.3238862435588024
23.91737 0.3236253342900006
23.91857 0.3233644250211989
23.91978 0.3231035157523971
23.92099 0.3228426064835953
23.92219 0.32261431087339376
23.9234 0.32235340160459197
23.92461 0.3221251059943904
23.92581 0.3218641967255887
23.92702 0.3216359011153871
23.92823 0.32137499184658536
23.92943 0.3211466962363838
23.93064 0.32091840062618227
23.93185 0.3206574913573805
23.93305 0.32042919574717893
23.93426 0.3202009001369774
23.93547 0.31997260452677584
23.93667 0.31971169525797405
23.93788 0.3194833996477725
23.93909 0.31925510403757096
23.9403 0.3190268084273694
23.9415 0.31876589915856757
23.94271 0.3185376035483661
23.94392 0.3182766942795643
23.94512 0.3180483986693627
23.94633 0.31778748940056095
23.94754 0.3175591937903594
23.94874 0.3172982845215576
23.94995 0.3170373752527559
23.95116 0.31680907964255434
23.95236 0.3165481703737525
23.95357 0.316319874763551
23.95478 0.31609157915334946
23.95598 0.3158632835431479
23.95719 0.3156349879329463
23.9584 0.31540669232274476
23.9596 0.3151783967125432
23.96081 0.3149501011023417
23.96202 0.3147218054921401
23.96322 0.3144935098819386
23.96443 0.3142978279303372
23.96564 0.3140695323201357
23.96685 0.3138738503685344
23.96805 0.3136455547583328
23.96926 0.3134498728067315
23.97047 0.3132215771965299
23.97167 0.3130258952449286
23.97288 0.31279759963472703
23.97409 0.31260191768312573
23.97529 0.31237362207292413
23.9765 0.31217794012132283
23.97771 0.3119496445111212
23.97891 0.3117213489009197
23.98012 0.3115256669493183
23.98133 0.3112973713391168
23.98253 0.3110690757289153
23.98374 0.31087339377731393
23.98495 0.3106450981671124
23.98615 0.31041680255691084
23.98736 0.3101885069467093
23.98857 0.30996021133650775
23.98977 0.30969930206770596
23.99098 0.3094710064575044
23.99219 0.30924271084730287
23.9934 0.3089818015785011
23.9946 0.30875350596829954
23.99581 0.30849259669949775
23.99702 0.30823168743069596
23.99822 0.3079707781618942
23.99943 0.30770986889309243
24.00064 0.3074163459656904
24.00184 0.30715543669688866
24.00305 0.3068619137694866
24.00426 0.3066010045006849
24.00546 0.30627486791468267
24.00667 0.3059813449872807
24.00788 0.30565520840127847
24.00908 0.305296458156676
24.01029 0.3049703215706738
24.0115 0.30461157132607136
24.0127 0.3042202074228687
24.01391 0.30386145717826624
24.01512 0.3034700932750636
24.01632 0.3030787293718609
24.01753 0.302654751810058
24.01874 0.30226338790685536
24.01995 0.30183941034505246
24.02115 0.30144804644184986
24.02236 0.30102406888004696
24.02357 0.30060009131824406
24.02477 0.3001761137564412
24.02598 0.2997521361946383
24.02719 0.2993281586328354
24.02839 0.2989041810710325
24.0296 0.29848020350922966
24.03081 0.298088839606027
24.03201 0.29766486204422415
24.03322 0.29724088448242125
24.03443 0.2968495205792186
24.03563 0.2964581566760159
24.03684 0.29603417911421304
24.03805 0.2956754288696106
24.03925 0.2952840649664079
24.04046 0.2949253147218055
24.04167 0.29456656447720303
24.04287 0.2942078142326006
24.04408 0.29384906398799815
24.04529 0.2935229274019959
24.0465 0.29322940447459395
24.0477 0.2929032678885917
24.04891 0.29260974496118974
24.05012 0.29234883569238795
24.05132 0.2920879264235862
24.05253 0.2918596308133846
24.05374 0.2916313352031831
24.05494 0.2914356532515817
24.05615 0.2912399712999804
24.05736 0.2910769030069793
24.05856 0.2909138347139782
24.05977 0.2907833800795773
24.06098 0.29068553910377665
24.06218 0.29058769812797597
24.06339 0.2904572434935751
24.0646 0.2903594025177744
24.0658 0.29026156154197374
24.06701 0.29016372056617307
24.06822 0.2900984932489727
24.06942 0.2900332659317722
24.07063 0.2899354249559716
24.07184 0.28987019763877114
24.07305 0.2898375839801709
24.07425 0.28977235666297047
24.07546 0.2897397430043702
24.07667 0.28970712934577003
24.07787 0.28970712934577003
24.07908 0.2896745156871698
24.08029 0.2896745156871698
24.08149 0.28970712934577003
24.0827 0.28970712934577003
24.08391 0.2897397430043702
24.08511 0.28980497032157065
24.08632 0.2898375839801709
24.08753 0.28990281129737133
24.08873 0.290000652273172
24.08994 0.2900984932489727
24.09115 0.29019633422477337
24.09235 0.290294175200574
24.09356 0.2904572434935751
24.09477 0.29058769812797597
24.09598 0.2907507664209771
24.09718 0.2909138347139782
24.09839 0.29110951666557955
24.0996 0.2913378122757811
24.1008 0.2915334942273824
24.10201 0.2917944034961842
24.10322 0.292055312764986
24.10442 0.29231622203378776
24.10563 0.29260974496118974
24.10684 0.29293588154719197
24.10804 0.2932620181331942
24.10925 0.2935881547191964
24.11046 0.2939469049637988
24.11166 0.2943382688670015
24.11287 0.2947622464288044
24.11408 0.29518622399060723
24.11528 0.29561020155241013
24.11649 0.29609940643141347
24.1177 0.29658861131041675
24.1189 0.29711042984802033
24.12011 0.29766486204422415
24.12132 0.29821929424042787
24.12253 0.2988389537538321
24.12373 0.29945861326723633
24.12494 0.3001108864392408
24.12615 0.3007957732698454
24.12735 0.30148066010045005
24.12856 0.302198160589655
24.12977 0.3029156610788598
24.13097 0.30366577522666494
24.13218 0.30444850303307025
24.13339 0.30523123083947556
24.13459 0.3060139586458809
24.1358 0.30682930011088644
24.13701 0.3076772552344922
24.13821 0.308525210358098
24.13942 0.30937316548170374
24.14063 0.3102211206053095
24.14183 0.3111016893875155
24.14304 0.31198225816972147
24.14425 0.31289544061052765
24.14545 0.3137760093927337
24.14666 0.3146891918335399
24.14787 0.31560237427434606
24.14908 0.3165155567151523
24.15028 0.3174287391559585
24.15149 0.31837453525536497
24.1527 0.31928771769617115
24.1539 0.3202009001369774
24.15511 0.3211466962363838
24.15632 0.32205987867719
24.15752 0.32297306111799623
24.15873 0.32391885721740266
24.15994 0.32483203965820884
24.16114 0.3257452220990151
24.16235 0.32665840453982126
24.16356 0.3275389733220273
24.16476 0.32845215576283343
24.16597 0.3293327245450395
24.16718 0.33021329332724547
24.16838 0.3310612484508512
24.16959 0.33190920357445697
24.1708 0.3327571586980627
24.172 0.3336051138216685
24.17321 0.33445306894527427
24.17442 0.33530102406888
24.17563 0.33618159285108606
24.17683 0.337062161633292
24.17804 0.337942730415498
24.17925 0.33885591285630423
24.18045 0.33980170895571066
24.18166 0.34071489139651684
24.18287 0.3416606874959233
24.18407 0.34260648359532975
24.18528 0.3435522796947362
24.18649 0.3445306894527428
24.18769 0.3454764855521492
24.1889 0.3464548953101559
24.19011 0.34743330506816256
24.19131 0.348379101167569
24.19252 0.34935751092557565
24.19373 0.35033592068358227
24.19493 0.3512817167829887
24.19614 0.35226012654099537
24.19735 0.3532059226404018
24.19855 0.35418433239840846
24.19976 0.3551301284978149
24.20097 0.3560759245972213
24.20218 0.35698910703802755
24.20338 0.357934903137434
24.20459 0.35881547191963997
24.2058 0.35972865436044615
24.207 0.36060922314265215
24.20821 0.3614897919248581
24.20942 0.3623377470484639
24.21062 0.36318570217206964
24.21183 0.36403365729567544
24.21304 0.36481638510208075
24.21424 0.36559911290848607
24.21545 0.3663818407148914
24.21666 0.3671319548626965
24.21786 0.3678494553519014
24.21907 0.36856695584110627
24.22028 0.3692192290131107
24.22148 0.3698715021851151
24.22269 0.37049116169851937
24.2239 0.37111082121192357
24.2251 0.37166525340812734
24.22631 0.37218707194573086
24.22752 0.37270889048333444
24.22873 0.3731654817037375
24.22993 0.3736220729241406
24.23114 0.3740460504859435
24.23235 0.37443741438914613
24.23355 0.3747961646337486
24.23476 0.375154914878351
24.23597 0.37544843780575304
24.23717 0.3757419607331551
24.23838 0.37603548366055706
24.23959 0.3762637792707586
24.24079 0.37649207488096015
24.242 0.3767203704911617
24.24321 0.3768834387841628
24.24441 0.37707912073576416
24.24562 0.37720957537016503
24.24683 0.3773400300045659
24.24803 0.37747048463896676
24.24924 0.37756832561476744
24.25045 0.3776661665905681
24.25165 0.3777313939077686
24.25286 0.377796621224969
24.25407 0.3778618485421695
24.25528 0.37789446220076967
24.25648 0.3779270758593699
24.25769 0.37795968951797015
24.2589 0.37795968951797015
24.2601 0.37795968951797015
24.26131 0.37795968951797015
24.26252 0.37795968951797015
24.26372 0.37795968951797015
24.26493 0.3779270758593699
24.26614 0.37789446220076967
24.26734 0.37789446220076967
24.26855 0.3778618485421695
24.26976 0.37782923488356923
24.27096 0.377796621224969
24.27217 0.377796621224969
24.27338 0.3777640075663688
24.27458 0.3777313939077686
24.27579 0.3776987802491683
24.277 0.3776987802491683
24.2782 0.3776987802491683
24.27941 0.3776661665905681
24.28062 0.3776661665905681
24.28183 0.3776987802491683
24.28303 0.3776987802491683
24.28424 0.3777313939077686
24.28545 0.3777640075663688
24.28665 0.3777640075663688
24.28786 0.3777640075663688
24.28907 0.3777313939077686
24.29027 0.3776661665905681
24.29148 0.3776009392733677
24.29269 0.37753571195616725
24.29389 0.3774052573217664
24.2951 0.3773074163459657
24.29631 0.3771769617115648
24.29751 0.3770465070771639
24.29872 0.3768834387841628
24.29993 0.3767529841497619
24.30113 0.3765899158567608
24.30234 0.37639423390515947
24.30355 0.37623116561215836
24.30476 0.37606809731915725
24.30596 0.37587241536755595
24.30717 0.37570934707455483
24.30838 0.37551366512295353
24.30958 0.37535059682995237
24.31079 0.375154914878351
24.312 0.37499184658534995
24.3132 0.37482877829234884
24.31441 0.374698323657948
24.31562 0.3745352553649468
24.31682 0.37440480073054594
24.31803 0.37427434609614507
24.31924 0.3741765051203444
24.32044 0.3740786641445437
24.32165 0.37398082316874304
24.32286 0.3739155958515426
24.32406 0.3738829821929424
24.32527 0.37385036853434217
24.32648 0.373817754875742
24.32768 0.37385036853434217
24.32889 0.3738829821929424
24.3301 0.37394820951014285
24.33131 0.3740460504859435
24.33251 0.3741438914617442
24.33372 0.37430695975474526
24.33493 0.37447002804774643
24.33613 0.37466570999934773
24.33734 0.3748940056095493
24.33855 0.3751875285369513
24.33975 0.37548105146435323
24.34096 0.3758398017089557
24.34217 0.3761985519535581
24.34337 0.376622529515361
24.34458 0.37707912073576416
24.34579 0.37756832561476744
24.34699 0.378090144152371
24.3482 0.37864457634857474
24.34941 0.37923162220337875
24.35061 0.379851281716783
24.35182 0.3805035548887874
24.35303 0.38115582806079185
24.35423 0.3818733285499967
24.35544 0.3825908290392016
24.35665 0.38334094318700673
24.35786 0.3840910573348118
24.35906 0.38490639879981736
24.36027 0.3857217402648229
24.36148 0.3865370817298284
24.36268 0.38738503685343423
24.36389 0.38823299197704
24.3651 0.38911356075924597
24.3663 0.3900267432000522
24.36751 0.39090731198225814
24.36872 0.3918204944230644
24.36992 0.3927662905224708
24.37113 0.393679472963277
24.37234 0.3946252690626834
24.37354 0.39557106516208984
24.37475 0.39651686126149627
24.37596 0.397495271019503
24.37716 0.3984410671189094
24.37837 0.39938686321831585
24.37958 0.40036527297632246
24.38078 0.40131106907572894
24.38199 0.40225686517513537
24.3832 0.4032026612745418
24.38441 0.4041484573739482
24.38561 0.40509425347335465
24.38682 0.4060400495727611
24.38803 0.40695323201356726
24.38923 0.4078664144543735
24.39044 0.40877959689517973
24.39165 0.40966016567738567
24.39285 0.41054073445959166
24.39406 0.41138868958319746
24.39527 0.41223664470680327
24.39647 0.41305198617180877
24.39768 0.41386732763681433
24.39889 0.41465005544321965
24.40009 0.4154327832496249
24.4013 0.41624812471463046
24.40251 0.417063466179636
24.40371 0.4179114213032418
24.40492 0.4187593764268475
24.40613 0.41963994520905357
24.40733 0.4205531276498598
24.40854 0.421466310090666
24.40975 0.4223794925314721
24.41096 0.42329267497227835
24.41216 0.42423847107168483
24.41337 0.4251842671710913
24.41458 0.4261626769290979
24.41578 0.4271084730285043
24.41699 0.4280542691279108
24.4182 0.4290326788859174
24.4194 0.4299784749853239
24.42061 0.43092427108473025
24.42182 0.43187006718413673
24.42302 0.4328158632835431
24.42423 0.4337616593829496
24.42544 0.4346748418237558
24.42664 0.43558802426456206
24.42785 0.4365012067053682
24.42906 0.43738177548757423
24.43026 0.4382297306111799
24.43147 0.4390776857347857
24.43268 0.4398930271997913
24.43388 0.4407083686647968
24.43509 0.4414910964712021
24.4363 0.44224121061900723
24.43751 0.4429587111082121
24.43871 0.443676211597417
24.43992 0.44432848476942144
24.44113 0.4449807579414259
24.44233 0.44556780379622984
24.44354 0.4461222359924336
24.44475 0.4466766681886374
24.44595 0.4471658730676408
24.44716 0.4475898506294436
24.44837 0.44801382819124647
24.44957 0.4483725784358489
24.45078 0.44869871502185116
24.45199 0.44895962429065295
24.45319 0.44918791990085444
24.4544 0.4493509881938556
24.45561 0.4494488291696562
24.45681 0.4495140564868567
24.45802 0.4495466701454569
24.45923 0.4495140564868567
24.46043 0.4494488291696562
24.46164 0.4493836018524558
24.46285 0.4492531472180549
24.46406 0.44909007892505376
24.46526 0.4489270106320527
24.46647 0.44869871502185116
24.46768 0.4484378057530494
24.46888 0.4481768964842476
24.47009 0.44785075989824535
24.4713 0.44749200965364294
24.4725 0.4471332594090405
24.47371 0.4467092818472376
24.47492 0.4462853042854347
24.47612 0.4458287130650316
24.47733 0.4453395081860283
24.47854 0.4448176896484248
24.47974 0.444263257452221
24.48095 0.443676211597417
24.48216 0.44308916574261303
24.48336 0.4424368925706086
24.48457 0.44178461939860414
24.48578 0.4410997325679995
24.48698 0.4404148457373948
24.48819 0.43966473158958974
24.4894 0.4389146174417846
24.49061 0.43813188963537925
24.49181 0.437349161828974
24.49302 0.4365012067053682
24.49423 0.43565325158176244
24.49543 0.43480529645815663
24.49664 0.43389211401735045
24.49785 0.4329789315765442
24.49905 0.432065749135738
24.50026 0.4311199530363316
24.50147 0.430141543278325
24.50267 0.4291305198617181
24.50388 0.4281194964451112
24.50509 0.42707585936990416
24.50629 0.426032222294697
24.5075 0.4249559715608897
24.50871 0.42387972082708236
24.50991 0.4227708564346748
24.51112 0.42166199204226723
24.51233 0.42052051399125956
24.51354 0.41937903594025183
24.51474 0.4182049442306438
24.51595 0.4169982388624356
24.51716 0.4157589198356272
24.51836 0.41448698715021853
24.51957 0.4131498271476094
24.52078 0.4117800534864001
24.52198 0.4104102798251908
24.52319 0.4089752788467811
24.5244 0.4075076642097711
24.5256 0.40600743591416083
24.52681 0.40447459395995045
24.52802 0.40290913834713976
24.52922 0.40131106907572894
24.53043 0.3996803861457178
24.53164 0.39804970321570676
24.53284 0.3963864066270954
24.53405 0.3946904963798839
24.53526 0.39299458613267235
24.53646 0.39126606222686056
24.53767 0.3895049246624486
24.53888 0.38774378709803664
24.54009 0.38595003587502447
24.54129 0.3841562846520123
24.5425 0.38236253342900006
24.54371 0.38053616854738764
24.54491 0.3787098036657752
24.54612 0.37685082512556256
24.54733 0.37502446024395014
24.54853 0.3731654817037375
24.54974 0.3713065031635249
24.55095 0.36944752462331226
24.55215 0.36755593242449935
24.55336 0.3656969538842867
24.55457 0.36383797534407414
24.55577 0.3619789968038615
24.55698 0.3601200182636488
24.55819 0.3582610397234362
24.55939 0.35640206118322354
24.5606 0.3545756963016111
24.56181 0.3527493314199987
24.56301 0.3509229665383863
24.56422 0.34909660165677386
24.56543 0.34730285043376163
24.56664 0.3455417128693497
24.56784 0.3437805753049377
24.56905 0.34201943774052573
24.57026 0.340290913834714
24.57146 0.3385623899289022
24.57267 0.3368664796816907
24.57388 0.3352031830930794
24.57508 0.33350727284586784
24.57629 0.3317787489400561
24.5775 0.33008283869284455
24.5787 0.3283543147870328
24.57991 0.32662579088122107
24.58112 0.3248646533168091
24.58232 0.32313612941099734
24.58353 0.32137499184658536
24.58474 0.31961385428217337
24.58594 0.3178527167177614
24.58715 0.31609157915334946
24.58836 0.3142978279303372
24.58956 0.31253669036592524
24.59077 0.31077555280151326
24.59198 0.3089818015785011
24.59319 0.3072206640140891
24.59439 0.3054595264496771
24.5956 0.30366577522666494
24.59681 0.30190463766225295
24.59801 0.30014350009784097
24.59922 0.298382362533429
24.60043 0.29662122496901705
24.60163 0.29489270106320525
24.60284 0.2931641771573935
24.60405 0.2914030395929815
24.60525 0.28970712934577003
24.60646 0.28797860543995824
24.60767 0.2862826951927467
24.60887 0.2845867849455352
24.61008 0.28289087469832364
24.61129 0.28122757810971233
24.61249 0.279564281521101
24.6137 0.27793359859108996
24.61491 0.2763029156610789
24.61611 0.2746722327310678
24.61732 0.2730741634596569
24.61853 0.2715087078468463
24.61974 0.2699432522340356
24.62094 0.2684104102798252
24.62215 0.26687756832561477
24.62336 0.26537734003000457
24.62456 0.2638771117343943
24.62577 0.26240949709738437
24.62698 0.2609744961189746
24.62818 0.2595721087991651
24.62939 0.2581697214793555
24.6306 0.25679994781814625
24.6318 0.2554627878155371
24.63301 0.2541256278129281
24.63422 0.2528210814689192
24.63542 0.2515165351249103
24.63663 0.2502446024395017
24.63784 0.24897266975409302
24.63904 0.24770073706868437
24.64025 0.24646141804187593
24.64146 0.24522209901506753
24.64266 0.24401539364685929
24.64387 0.2428086882786511
24.64508 0.24163459656904313
24.64629 0.24046050485943515
24.64749 0.23928641314982715
24.6487 0.2381449350988194
24.64991 0.23700345704781162
24.65111 0.2358945926554041
24.65232 0.23478572826299654
24.65353 0.23367686387058903
24.65473 0.23260061313678165
24.65594 0.23155697606157458
24.65715 0.23048072532776726
24.65835 0.22943708825256015
24.65956 0.22842606483595332
24.66077 0.22738242776074621
24.66197 0.22637140434413933
24.66318 0.22539299458613268
24.66439 0.224414584828126
24.66559 0.22343617507011937
24.6668 0.22249037897071294
24.66801 0.22154458287130652
24.66921 0.2205987867719001
24.67042 0.21968560433109388
24.67163 0.21877242189028764
24.67284 0.21785923944948143
24.67404 0.21697867066727547
24.67525 0.21609810188506945
24.67646 0.21521753310286346
24.67766 0.2143695779792577
24.67887 0.21352162285565193
24.68008 0.2127062813906464
24.68128 0.21189093992564084
24.68249 0.2110755984606353
24.6837 0.21026025699562978
24.6849 0.20947752918922444
24.68611 0.20869480138281915
24.68732 0.2079120735764138
24.68852 0.20716195942860868
24.68973 0.20641184528080359
24.69094 0.20566173113299852
24.69214 0.2049442306437936
24.69335 0.20422673015458873
24.69456 0.20350922966538385
24.69576 0.2028243428347792
24.69697 0.20213945600417454
24.69818 0.20148718283217013
24.69939 0.20083490966016568
24.70059 0.20018263648816123
24.7018 0.1995303633161568
24.70301 0.1989107038027526
24.70421 0.1983236579479486
24.70542 0.1977039984345444
24.70663 0.1971169525797404
24.70783 0.1965299067249364
24.70904 0.19597547452873262
24.71025 0.19542104233252885
24.71145 0.1948992237949253
24.71266 0.19434479159872153
24.71387 0.19382297306111798
24.71507 0.19333376818211467
24.71628 0.19284456330311134
24.71749 0.192355358424108
24.71869 0.1918661535451047
24.7199 0.19140956232470158
24.72111 0.19095297110429846
24.72232 0.19052899354249558
24.72352 0.1900724023220925
24.72473 0.18968103841888984
24.72594 0.18925706085708693
24.72714 0.1888656969538843
24.72835 0.18847433305068162
24.72956 0.18811558280607918
24.73076 0.18775683256147677
24.73197 0.1873980823168743
24.73318 0.1870719457308721
24.73438 0.18671319548626966
24.73559 0.18641967255886766
24.7368 0.18609353597286543
24.738 0.18580001304546342
24.73921 0.18553910377666166
24.74042 0.18524558084925968
24.74162 0.1849846715804579
24.74283 0.18472376231165613
24.74404 0.18449546670145459
24.74524 0.184267171091253
24.74645 0.18403887548105147
24.74766 0.18384319352945014
24.74887 0.1836475115778488
24.75007 0.18345182962624748
24.75128 0.18328876133324637
24.75249 0.18312569304024526
24.75369 0.18299523840584436
24.7549 0.1828647837714435
24.75611 0.1827343291370426
24.75731 0.18263648816124192
24.75852 0.18253864718544124
24.75973 0.1824408062096406
24.76093 0.18237557889244013
24.76214 0.1823103515752397
24.76335 0.18227773791663948
24.76455 0.18224512425803926
24.76576 0.18221251059943905
24.76697 0.18217989694083883
24.76817 0.18217989694083883
24.76938 0.18221251059943905
24.77059 0.18221251059943905
24.77179 0.18224512425803926
24.773 0.18227773791663948
24.77421 0.18234296523383994
24.77542 0.18240819255104038
24.77662 0.1824734198682408
24.77783 0.1825712608440415
24.77904 0.18263648816124192
24.78024 0.18276694279564282
24.78145 0.1828647837714435
24.78266 0.18299523840584436
24.78386 0.18312569304024526
24.78507 0.18325614767464612
24.78628 0.18341921596764724
24.78748 0.18358228426064835
24.78869 0.18374535255364946
24.7899 0.18390842084665057
24.7911 0.1841041027982519
24.79231 0.18429978474985323
24.79352 0.18449546670145459
24.79472 0.18472376231165613
24.79593 0.18491944426325746
24.79714 0.185147739873459
24.79834 0.18540864914226077
24.79955 0.1856369447524623
24.80076 0.1858978540212641
24.80197 0.18615876329006587
24.80317 0.18641967255886766
24.80438 0.18668058182766942
24.80559 0.18697410475507142
24.80679 0.1872676276824734
24.808 0.1875611506098754
24.80921 0.18788728719587763
24.81041 0.18821342378187983
24.81162 0.1885721740264823
24.81283 0.18893092427108474
24.81403 0.18932228817428737
24.81524 0.18971365207749005
24.81645 0.19013762963929293
24.81765 0.19059422085969605
24.81886 0.19105081208009914
24.82007 0.19150740330050225
24.82127 0.19199660817950556
24.82248 0.1924858130585089
24.82369 0.19300763159611245
24.82489 0.19352945013371597
24.8261 0.19405126867131953
24.82731 0.19460570086752332
24.82852 0.19512751940512688
24.82972 0.19571456525993086
24.83093 0.19626899745613463
24.83214 0.1968234296523384
24.83334 0.19741047550714239
24.83455 0.19799752136194637
24.83576 0.19858456721675039
24.83696 0.19917161307155437
24.83817 0.19975865892635836
24.83938 0.2003783184397626
24.84058 0.20096536429456657
24.84179 0.20155241014937056
24.843 0.2021720696627748
24.8442 0.20275911551757878
24.84541 0.20334616137238276
24.84662 0.20396582088578696
24.84782 0.20455286674059095
24.84903 0.20513991259539494
24.85024 0.20572695845019892
24.85144 0.20628139064640272
24.85265 0.2068684365012067
24.85386 0.20742286869741047
24.85507 0.20797730089361421
24.85627 0.208531733089818
24.85748 0.20908616528602178
24.85869 0.2096079838236253
24.85989 0.21012980236122888
24.8611 0.2106516208988324
24.86231 0.21114082577783577
24.86351 0.21163003065683908
24.86472 0.2120866218772422
24.86593 0.21254321309764532
24.86713 0.21296719065944816
24.86834 0.21342378187985128
24.86955 0.21384775944165418
24.87075 0.21427173700345703
24.87196 0.21469571456525993
24.87317 0.21511969212706283
24.87437 0.21554366968886568
24.87558 0.21596764725066858
24.87679 0.21639162481247148
24.87799 0.21681560237427433
24.8792 0.21723957993607723
24.88041 0.2176309438392799
24.88162 0.2180549214010828
24.88282 0.21847889896288564
24.88403 0.21887026286608832
24.88524 0.21926162676929098
24.88644 0.21968560433109388
24.88765 0.2200769682342965
24.88886 0.22046833213749917
24.89006 0.22085969604070185
24.89127 0.2212510599439045
24.89248 0.22160981018850692
24.89368 0.22200117409170964
24.89489 0.22235992433631205
24.8961 0.2227512882395147
24.8973 0.22311003848411715
24.89851 0.2234687887287196
24.89972 0.22382753897332203
24.90092 0.22415367555932425
24.90213 0.22451242580392666
24.90334 0.22483856238992891
24.90454 0.22516469897593114
24.90575 0.2254908355619333
24.90696 0.22581697214793553
24.90817 0.22614310873393775
24.90937 0.2264366316613398
24.91058 0.22673015458874177
24.91179 0.22702367751614377
24.91299 0.22731720044354575
24.9142 0.22761072337094776
24.91541 0.22787163263974952
24.91661 0.22813254190855128
24.91782 0.22839345117735305
24.91903 0.22865436044615486
24.92023 0.2288826560563564
24.92144 0.22911095166655798
24.92265 0.22933924727675947
24.92385 0.22956754288696105
24.92506 0.2297958384971626
24.92627 0.22999152044876395
24.92747 0.23018720240036528
24.92868 0.23035027069336636
24.92989 0.23054595264496772
24.93109 0.2307090209379688
24.9323 0.23087208923096994
24.93351 0.23100254386537084
24.93472 0.23116561215837192
24.93592 0.23129606679277281
24.93713 0.23142652142717368
24.93834 0.23155697606157458
24.93954 0.2316874306959755
24.94075 0.23178527167177612
24.94196 0.2318831126475768
24.94316 0.23198095362337745
24.94437 0.23207879459917813
24.94558 0.2321766355749788
24.94678 0.23224186289217924
24.94799 0.2323070902093797
24.9492 0.2323723175265801
24.9504 0.23243754484378057
24.95161 0.23250277216098103
24.95282 0.23253538581958125
24.95402 0.23260061313678165
24.95523 0.23263322679538193
24.95644 0.23266584045398211
24.95765 0.23269845411258233
24.95885 0.23269845411258233
24.96006 0.2327310677711826
24.96127 0.2327310677711826
24.96247 0.2327310677711826
24.96368 0.2327310677711826
24.96489 0.2327310677711826
24.96609 0.2327310677711826
24.9673 0.2327310677711826
24.96851 0.23269845411258233
24.96971 0.23266584045398211
24.97092 0.23266584045398211
24.97213 0.23263322679538193
24.97333 0.23260061313678165
24.97454 0.23253538581958125
24.97575 0.23250277216098103
24.97695 0.23247015850238079
24.97816 0.23240493118518035
24.97937 0.2323723175265801
24.98057 0.2323070902093797
24.98178 0.23224186289217924
24.98299 0.2321766355749788
24.9842 0.23211140825777835
24.9854 0.23204618094057794
24.98661 0.23198095362337745
24.98782 0.2318831126475768
24.98902 0.23181788533037637
24.99023 0.2317526580131759
24.99144 0.23165481703737523
24.99264 0.23158958972017482
24.99385 0.23149174874437414
24.99506 0.23142652142717368
24.99626 0.23132868045137306
24.99747 0.2312634531341726
24.99868 0.23116561215837192
24.99988 0.23106777118257124
25.00109 0.23096993020677056
25.0023 0.23087208923096994
25.0035 0.23077424825516926
25.00471 0.2306764072793686
25.00592 0.23057856630356793
25.00712 0.23044811166916704
25.00833 0.23035027069336636
25.00954 0.2302198160589655
25.01075 0.2300893614245646
25.01195 0.22995890679016373
25.01316 0.22982845215576284
25.01437 0.22969799752136197
25.01557 0.22953492922836083
25.01678 0.22937186093535974
25.01799 0.2292087926423586
25.01919 0.22904572434935752
25.0204 0.2288826560563564
25.02161 0.22868697410475508
25.02281 0.22849129215315372
25.02402 0.22829561020155242
25.02523 0.2280999282499511
25.02643 0.22787163263974952
25.02764 0.2276759506881482
25.02885 0.22744765507794662
25.03005 0.22718674580914486
25.03126 0.2269584501989433
25.03247 0.22669754093014155
25.03367 0.22640401800273954
25.03488 0.22614310873393775
25.03609 0.2258495858065358
25.0373 0.22555606287913377
25.0385 0.22522992629313154
25.03971 0.22493640336572956
25.04092 0.22457765312112715
25.04212 0.2242515165351249
25.04333 0.2238927662905225
25.04454 0.22353401604592005
25.04574 0.22314265214271736
25.04695 0.2227512882395147
25.04816 0.22235992433631205
25.04936 0.22193594677450915
25.05057 0.22147935555410606
25.05178 0.22102276433370294
25.05298 0.22053355945469963
25.05419 0.2200117409170961
25.0554 0.21948992237949252
25.0566 0.218968103841889
25.05781 0.2184136716456852
25.05902 0.21785923944948143
25.06022 0.21727219359467745
25.06143 0.21668514773987346
25.06264 0.21606548822646926
25.06385 0.215445828713065
25.06505 0.2148261691996608
25.06626 0.2141738960276564
25.06747 0.21352162285565193
25.06867 0.21286934968364749
25.06988 0.2122170765116431
25.07109 0.21153218968103843
25.07229 0.21084730285043377
25.0735 0.2101624160198291
25.07471 0.20947752918922444
25.07591 0.20879264235861977
25.07712 0.2080751418694149
25.07833 0.20739025503881023
25.07953 0.20667275454960535
25.08074 0.20598786771900068
25.08195 0.20527036722979583
25.08315 0.20458548039919117
25.08436 0.20386797990998629
25.08557 0.20318309307938165
25.08677 0.20246559259017677
25.08798 0.2017807057595721
25.08919 0.20109581892896744
25.0904 0.20041093209836278
25.0916 0.19972604526775814
25.09281 0.1990737720957537
25.09402 0.19842149892374925
25.09522 0.19776922575174483
25.09643 0.1971169525797404
25.09764 0.19646467940773596
25.09884 0.19584501989433173
25.10005 0.19525797403952774
25.10126 0.19463831452612354
25.10246 0.19405126867131953
25.10367 0.19349683647511579
25.10488 0.1929097906203118
25.10608 0.19238797208270825
25.10729 0.1918661535451047
25.1085 0.19134433500750114
25.1097 0.1908225164698976
25.11091 0.19030069793229404
25.11212 0.1897788793946905
25.11332 0.18925706085708693
25.11453 0.18873524231948338
25.11574 0.18821342378187983
25.11695 0.1876589915856761
25.11815 0.18713717304807254
25.11936 0.18658274085186874
25.12057 0.186028308655665
25.12177 0.18550649011806145
25.12298 0.18495205792185768
25.12419 0.18443023938425412
25.12539 0.18387580718805036
25.1266 0.1833539886504468
25.12781 0.18283217011284325
25.12901 0.1823103515752397
25.13022 0.18178853303763615
25.13143 0.1812667145000326
25.13263 0.18074489596242904
25.13384 0.18025569108342573
25.13505 0.17973387254582218
25.13625 0.17924466766681887
25.13746 0.17878807644641576
25.13867 0.17829887156741245
25.13987 0.17784228034700933
25.14108 0.17741830278520643
25.14229 0.17696171156480334
25.1435 0.17653773400300043
25.1447 0.17611375644119756
25.14591 0.1757223925379949
25.14712 0.17533102863479225
25.14832 0.17497227839018983
25.14953 0.17461352814558737
25.15074 0.17428739155958517
25.15194 0.17396125497358292
25.15315 0.17363511838758072
25.15436 0.17334159546017874
25.15556 0.17308068619137695
25.15677 0.1728197769225752
25.15798 0.17259148131237362
25.15918 0.1723957993607723
25.16039 0.17220011740917096
25.1616 0.17203704911616985
25.1628 0.17187398082316874
25.16401 0.1717761398473681
25.16522 0.1716782988715674
25.16643 0.17158045789576673
25.16763 0.1715478442371665
25.16884 0.1715152305785663
25.17005 0.1715152305785663
25.17125 0.17158045789576673
25.17246 0.1716456852129672
25.17367 0.17174352618876784
25.17487 0.17187398082316874
25.17608 0.17203704911616985
25.17729 0.17223273106777118
25.17849 0.1724284130193725
25.1797 0.17268932228817427
25.18091 0.17295023155697606
25.18211 0.17324375448437807
25.18332 0.1735698910703803
25.18453 0.17389602765638248
25.18573 0.17425477790098493
25.18694 0.17461352814558737
25.18815 0.17500489204879002
25.18935 0.1754288696105929
25.19056 0.1758528471723958
25.19177 0.17627682473419867
25.19298 0.1767334159546018
25.19418 0.1771900071750049
25.19539 0.17767921205400822
25.1966 0.17813580327441134
25.1978 0.17862500815341464
25.19901 0.1791468266910182
25.20022 0.1796360315700215
25.20142 0.18015785010762506
25.20263 0.1806796686452286
25.20384 0.18116887352423194
25.20504 0.1816906920618355
25.20625 0.18221251059943905
25.20746 0.1827343291370426
25.20866 0.18325614767464612
25.20987 0.18377796621224968
25.21108 0.184267171091253
25.21228 0.18478898962885656
25.21349 0.1852781945078599
25.2147 0.1857673993868632
25.2159 0.18625660426586654
25.21711 0.18674580914486985
25.21832 0.18720240036527297
25.21953 0.1876589915856761
25.22073 0.18808296914747896
25.22194 0.18850694670928184
25.22315 0.18893092427108474
25.22435 0.18932228817428737
25.22556 0.18968103841888984
25.22677 0.19003978866349228
25.22797 0.19039853890809472
25.22918 0.1906920618354967
25.23039 0.1909855847628987
25.23159 0.1912791076903007
25.2328 0.1915726306177027
25.23401 0.1918661535451047
25.23521 0.19219229013110692
25.23642 0.19251842671710911
25.23763 0.19281194964451112
25.23883 0.19313808623051335
25.24004 0.19346422281651554
25.24125 0.19379035940251776
25.24245 0.19411649598852
25.24366 0.19447524623312243
25.24487 0.19480138281912465
25.24608 0.19512751940512688
25.24728 0.19545365599112907
25.24849 0.1957797925771313
25.2497 0.19610592916313352
25.2509 0.19643206574913574
25.25211 0.19675820233513797
25.25332 0.19705172526253995
25.25452 0.19737786184854217
25.25573 0.19767138477594415
25.25694 0.19796490770334615
25.25814 0.19825843063074813
25.25935 0.19855195355815014
25.26056 0.19881286282695193
25.26176 0.1990737720957537
25.26297 0.19933468136455548
25.26418 0.19956297697475703
25.26538 0.19979127258495857
25.26659 0.1999869545365599
25.2678 0.20021525014676148
25.269 0.2003783184397626
25.27021 0.2005740003913639
25.27142 0.200737068684365
25.27263 0.2008675233187659
25.27383 0.20099797795316676
25.27504 0.20109581892896744
25.27625 0.20119365990476812
25.27745 0.20125888722196855
25.27866 0.201324114539169
25.27987 0.20135672819776923
25.28107 0.20135672819776923
25.28228 0.20135672819776923
25.28349 0.201324114539169
25.28469 0.20125888722196855
25.2859 0.20119365990476812
25.28711 0.20106320527036725
25.28831 0.20093275063596633
25.28952 0.20080229600156546
25.29073 0.20060661404996413
25.29193 0.20041093209836278
25.29314 0.20015002282956101
25.29435 0.19988911356075922
25.29555 0.19959559063335724
25.29676 0.19926945404735502
25.29797 0.1989433174613528
25.29918 0.19855195355815014
25.30038 0.19816058965494748
25.30159 0.1977366120931446
25.3028 0.1973126345313417
25.304 0.19685604331093862
25.30521 0.19636683843193528
25.30642 0.19584501989433173
25.30762 0.1953232013567282
25.30883 0.19476876916052444
25.31004 0.19421433696432064
25.31124 0.19362729110951665
25.31245 0.19304024525471267
25.31366 0.19242058574130844
25.31486 0.19180092622790426
25.31607 0.19114865305589981
25.31728 0.19049637988389537
25.31848 0.18981149305329073
25.31969 0.18915921988128628
25.3209 0.1884417193920814
25.3221 0.18775683256147677
25.32331 0.18703933207227186
25.32452 0.18632183158306698
25.32573 0.18560433109386212
25.32693 0.184854216946057
25.32814 0.18413671645685215
25.32935 0.18338660230904705
25.33055 0.18263648816124192
25.33176 0.18185376035483658
25.33297 0.1811036462070315
25.33417 0.1803535320592264
25.33538 0.17960341791142131
25.33659 0.17882069010501597
25.33779 0.17807057595721087
25.339 0.17728784815080556
25.34021 0.17653773400300043
25.34141 0.17578761985519537
25.34262 0.17503750570739027
25.34383 0.17428739155958517
25.34503 0.17353727741178004
25.34624 0.17278716326397495
25.34745 0.17203704911616985
25.34865 0.17131954862696497
25.34986 0.1706020481377601
25.35107 0.1698845476485552
25.35228 0.16919966081795057
25.35348 0.16848216032874566
25.35469 0.16779727349814103
25.3559 0.16711238666753636
25.3571 0.16639488617833148
25.35831 0.16564477203052638
25.35952 0.1649272715413215
25.36072 0.1641771573935164
25.36193 0.1634270432457113
25.36314 0.16264431543930596
25.36434 0.16186158763290065
25.36555 0.16107885982649534
25.36676 0.16029613202009002
25.36796 0.1595134042136847
25.36917 0.15869806274867915
25.37038 0.1579153349422738
25.37158 0.15709999347726827
25.37279 0.15628465201226271
25.374 0.15546931054725718
25.37521 0.15465396908225162
25.37641 0.1538386276172461
25.37762 0.15299067249364035
25.37883 0.15217533102863479
25.38003 0.15135998956362925
25.38124 0.1505446480986237
25.38245 0.14969669297501795
25.38365 0.1488813515100124
25.38486 0.14806601004500686
25.38607 0.1472506685800013
25.38727 0.14646794077359598
25.38848 0.14565259930859042
25.38969 0.1448372578435849
25.39089 0.14405453003717958
25.3921 0.14327180223077424
25.39331 0.14248907442436892
25.39451 0.1417063466179636
25.39572 0.1409562324701585
25.39693 0.14017350466375317
25.39813 0.1394233905159481
25.39934 0.1387058900267432
25.40055 0.1379883895375383
25.40176 0.13727088904833346
25.40296 0.13655338855912855
25.40417 0.1358685017285239
25.40538 0.13518361489791925
25.40658 0.13453134172591483
25.40779 0.13387906855391038
25.409 0.13322679538190593
25.4102 0.13263974952710195
25.41141 0.13202009001369774
25.41262 0.13143304415889376
25.41382 0.13087861196268996
25.41503 0.13032417976648622
25.41624 0.12980236122888267
25.41744 0.12928054269127912
25.41865 0.12875872415367556
25.41986 0.12826951927467223
25.42106 0.1277477007370687
25.42227 0.12725849585806534
25.42348 0.12680190463766225
25.42468 0.12631269975865891
25.42589 0.12585610853825582
25.4271 0.1253995173178527
25.42831 0.12497553975604983
25.42951 0.12451894853564673
25.43072 0.12409497097384385
25.43193 0.12367099341204096
25.43313 0.12324701585023808
25.43434 0.12285565194703542
25.43555 0.12246428804383276
25.43675 0.12207292414063009
25.43796 0.12168156023742745
25.43917 0.12132280999282498
25.44037 0.12096405974822255
25.44158 0.12060530950362011
25.44279 0.12024655925901767
25.44399 0.11992042267301545
25.4452 0.11959428608701324
25.44641 0.11926814950101101
25.44761 0.11897462657360902
25.44882 0.11864848998760681
25.45003 0.11835496706020482
25.45123 0.11809405779140303
25.45244 0.11780053486400104
25.45365 0.11753962559519927
25.45486 0.11727871632639748
25.45606 0.11701780705759572
25.45727 0.11678951144739418
25.45848 0.11656121583719262
25.45968 0.11633292022699106
25.46089 0.11610462461678951
25.4621 0.11590894266518818
25.4633 0.11571326071358684
25.46451 0.11551757876198551
25.46572 0.1153218968103842
25.46692 0.11515882851738309
25.46813 0.11499576022438197
25.46934 0.11483269193138086
25.47054 0.11470223729697997
25.47175 0.11457178266257909
25.47296 0.1144413280281782
25.47416 0.11431087339377731
25.47537 0.11421303241797666
25.47658 0.11411519144217598
25.47778 0.11401735046637532
25.47899 0.11391950949057467
25.4802 0.11385428217337419
25.48141 0.11382166851477399
25.48261 0.11378905485617376
25.48382 0.11378905485617376
25.48503 0.11378905485617376
25.48623 0.11382166851477399
25.48744 0.11385428217337419
25.48865 0.11388689583197442
25.48985 0.1139847368077751
25.49106 0.11404996412497555
25.49227 0.11414780510077621
25.49347 0.11424564607657686
25.49468 0.11437610071097774
25.49589 0.11450655534537865
25.49709 0.11463700997977953
25.4983 0.11476746461418041
25.49951 0.11493053290718153
25.50071 0.11509360120018264
25.50192 0.11528928315178397
25.50313 0.11545235144478508
25.50433 0.11564803339638641
25.50554 0.11584371534798775
25.50675 0.11603939729958906
25.50796 0.11623507925119039
25.50916 0.11643076120279174
25.51037 0.1166590568129933
25.51158 0.11685473876459461
25.51278 0.11708303437479617
25.51399 0.11731132998499773
25.5152 0.11750701193659904
25.5164 0.1177353075468006
25.51761 0.11796360315700215
25.51882 0.11815928510860348
25.52002 0.11838758071880504
25.52123 0.11858326267040638
25.52244 0.11881155828060791
25.52364 0.11900724023220925
25.52485 0.11920292218381058
25.52606 0.1193986041354119
25.52726 0.11959428608701324
25.52847 0.11978996803861457
25.52968 0.11995303633161568
25.53088 0.12011610462461679
25.53209 0.1202791729176179
25.5333 0.120442241210619
25.53451 0.12057269584501991
25.53571 0.12070315047942079
25.53692 0.12083360511382167
25.53813 0.12096405974822255
25.53933 0.12106190072402322
25.54054 0.1211597416998239
25.54175 0.12122496901702433
25.54295 0.12132280999282498
25.54416 0.12142065096862566
25.54537 0.12151849194442634
25.54657 0.12161633292022699
25.54778 0.12174678755462788
25.54899 0.12187724218902876
25.55019 0.12200769682342964
25.5514 0.12213815145783052
25.55261 0.12226860609223143
25.55381 0.12239906072663231
25.55502 0.12256212901963343
25.55623 0.1226925836540343
25.55743 0.12285565194703542
25.55864 0.1229861065814363
25.55985 0.12314917487443743
25.56106 0.1232796295088383
25.56226 0.12344269780183942
25.56347 0.1235731524362403
25.56468 0.12370360707064118
25.56588 0.12383406170504206
25.56709 0.12396451633944297
25.5683 0.12409497097384385
25.5695 0.12422542560824473
25.57071 0.1243232665840454
25.57192 0.12442110755984608
25.57312 0.12451894853564673
25.57433 0.12461678951144739
25.57554 0.12468201682864784
25.57674 0.12474724414584827
25.57795 0.12481247146304872
25.57916 0.12484508512164895
25.58036 0.12487769878024915
25.58157 0.1249103124388494
25.58278 0.1249103124388494
25.58399 0.1249103124388494
25.58519 0.12487769878024915
25.5864 0.12484508512164895
25.58761 0.12477985780444852
25.58881 0.12471463048724807
25.59002 0.12461678951144739
25.59123 0.12451894853564673
25.59243 0.12438849390124584
25.59364 0.12422542560824473
25.59485 0.12406235731524362
25.59605 0.12386667536364229
25.59726 0.12367099341204096
25.59847 0.12344269780183942
25.59967 0.12318178853303763
25.60088 0.12288826560563564
25.60209 0.12259474267823364
25.60329 0.12226860609223143
25.6045 0.12190985584762898
25.60571 0.12151849194442634
25.60691 0.12109451438262345
25.60812 0.12063792316222034
25.60933 0.12018133194181724
25.61054 0.11969212706281392
25.61174 0.11917030852521036
25.61295 0.11861587632900658
25.61416 0.11806144413280283
25.61536 0.11747439827799884
25.61657 0.11685473876459461
25.61778 0.11620246559259018
25.61898 0.11555019242058576
25.62019 0.1148979192485813
25.6214 0.11418041875937643
25.6226 0.11349553192877176
25.62381 0.11277803143956688
25.62502 0.11202791729176179
25.62622 0.11127780314395667
25.62743 0.11049507533755136
25.62864 0.10971234753114606
25.62984 0.10892961972474072
25.63105 0.10811427825973517
25.63226 0.10729893679472963
25.63346 0.10648359532972408
25.63467 0.10566825386471854
25.63588 0.10482029874111279
25.63709 0.10397234361750701
25.63829 0.10312438849390125
25.6395 0.10227643337029547
25.64071 0.10142847824668971
25.64191 0.10054790946448372
25.64312 0.09969995434087796
25.64433 0.09881938555867197
25.64553 0.0979714304350662
25.64674 0.09709086165286022
25.64795 0.09624290652925445
25.64915 0.09536233774704846
25.65036 0.0945143826234427
25.65157 0.09366642749983693
25.65277 0.09281847237623116
25.65398 0.0919705172526254
25.65519 0.09112256212901963
25.65639 0.09030722066401409
25.6576 0.08949187919900854
25.65881 0.088676537734003
25.66001 0.08786119626899745
25.66122 0.08707846846259214
25.66243 0.08629574065618681
25.66364 0.08554562650838171
25.66484 0.0847955123605766
25.66605 0.08404539821277152
25.66726 0.08332789772356662
25.66846 0.08261039723436174
25.66967 0.08189289674515687
25.67088 0.08114278259735176
25.67208 0.08036005479094645
25.67329 0.07957732698454113
25.6745 0.0787945991781358
25.6757 0.07797925771313026
25.67691 0.07716391624812471
25.67812 0.07631596112451895
25.67932 0.07550061965951341
25.68053 0.07465266453590765
25.68174 0.07377209575370165
25.68294 0.07292414063009589
25.68415 0.07207618550649013
25.68536 0.07119561672428412
25.68656 0.07031504794207814
25.68777 0.06946709281847237
25.68898 0.06858652403626639
25.69019 0.06773856891266063
25.69139 0.06685800013045463
25.6926 0.06601004500684887
25.69381 0.06512947622464288
25.69501 0.0642815211010371
25.69622 0.06343356597743134
25.69743 0.0626182245124258
25.69863 0.061770269388820034
25.69984 0.06095492792381449
25.70105 0.060172200117409175
25.70225 0.059389472311003846
25.70346 0.058606744504598525
25.70467 0.057824016698193204
25.70587 0.057073902550388106
25.70708 0.056356402061183225
25.70829 0.05563890157197834
25.70949 0.05495401474137369
25.7107 0.054301741569369254
25.71191 0.05364946839736481
25.71311 0.053029808883960604
25.71432 0.052410149370556394
25.71553 0.05185571717435262
25.71674 0.05130128497814885
25.71794 0.050779466440545304
25.71915 0.050290261561541975
25.72036 0.04983367034113887
25.72156 0.04940969277933598
25.72277 0.0489857152175331
25.72398 0.04862696497293066
25.72518 0.048300828386928445
25.72639 0.04800730545952645
25.7276 0.047746396190724676
25.7288 0.04751810058052312
25.73001 0.04735503228752201
25.73122 0.04719196399452091
25.73242 0.047094123018720235
25.73363 0.047028895701519795
25.73484 0.04699628204291957
25.73604 0.04699628204291957
25.73725 0.047028895701519795
25.73846 0.047094123018720235
25.73966 0.04719196399452091
25.74087 0.047322418628921795
25.74208 0.0474854869219229
25.74329 0.04764855521492401
25.74449 0.047876850825125564
25.7457 0.04810514643532711
25.74691 0.048366055704128885
25.74811 0.048659578631530885
25.74932 0.048953101558932885
25.75053 0.04931185180353532
25.75173 0.04967060204813776
25.75294 0.0500293522927402
25.75415 0.05045332985454308
25.75535 0.05087730741634596
25.75656 0.05130128497814885
25.75777 0.05175787619855195
25.75897 0.052247081077555275
25.76018 0.052736285956558604
25.76139 0.05322549083556194
25.76259 0.053747309373165485
25.7638 0.05426912791076902
25.76501 0.05482356010697279
25.76621 0.05537799230317657
25.76742 0.05596503815798057
25.76863 0.05655208401278456
25.76984 0.057139129867588546
25.77104 0.05772617572239254
25.77225 0.05834583523579675
25.77346 0.05893288109060074
25.77466 0.05955254060400495
25.77587 0.06020481377600939
25.77708 0.06082447328941361
25.77828 0.06144413280281782
25.77949 0.06209640597482226
25.7807 0.06271606548822647
25.7819 0.06336833866023091
25.78311 0.06398799817363511
25.78432 0.06464027134563956
25.78552 0.06525993085904376
25.78673 0.0659122040310482
25.78794 0.06653186354445242
25.78914 0.06715152305785663
25.79035 0.06777118257126084
25.79156 0.06839084208466506
25.79277 0.06901050159806928
25.79397 0.06959754745287326
25.79518 0.07018459330767726
25.79639 0.07080425282108146
25.79759 0.07142391233448568
25.7988 0.07207618550649013
25.80001 0.07272845867849455
25.80121 0.07341334550909921
25.80242 0.07413084599830409
25.80363 0.07484834648750897
25.80483 0.07559846063531407
25.80604 0.07638118844171939
25.80725 0.07716391624812471
25.80845 0.07794664405453004
25.80966 0.07876198551953559
25.81087 0.07957732698454113
25.81207 0.08039266844954666
25.81328 0.08124062357315244
25.81449 0.0820885786967582
25.81569 0.08293653382036398
25.8169 0.08381710260256996
25.81811 0.08466505772617572
25.81932 0.08554562650838171
25.82052 0.08642619529058769
25.82173 0.08730676407279368
25.82294 0.08818733285499968
25.82414 0.08906790163720567
25.82535 0.08994847041941165
25.82656 0.09079642554301741
25.82776 0.0916769943252234
25.82897 0.09255756310742938
25.83018 0.09340551823103516
25.83138 0.09425347335464092
25.83259 0.09510142847824668
25.8338 0.09594938360185246
25.835 0.09676472506685799
25.83621 0.09758006653186353
25.83742 0.09839540799686908
25.83862 0.0991781358032744
25.83983 0.09996086360967973
25.84104 0.10071097775748483
25.84224 0.10146109190528993
25.84345 0.1021785923944948
25.84466 0.10289609288369969
25.84587 0.10358097971430434
25.84707 0.104265866544909
25.84828 0.10488552605831322
25.84949 0.10550518557171742
25.85069 0.10612484508512164
25.8519 0.10667927728132542
25.85311 0.1072337094775292
25.85431 0.10775552801513273
25.85552 0.10821211923553585
25.85673 0.10866871045593895
25.85793 0.10909268801774183
25.85914 0.1095166655795447
25.86035 0.10987541582414714
25.86155 0.11020155241014937
25.86276 0.1105276889961516
25.86397 0.1108212119235536
25.86517 0.11111473485095559
25.86638 0.11137564411975735
25.86759 0.11163655338855911
25.86879 0.11186484899876067
25.87 0.11209314460896222
25.87121 0.11228882656056358
25.87242 0.11245189485356466
25.87362 0.11261496314656577
25.87483 0.11277803143956688
25.87604 0.11290848607396776
25.87724 0.11300632704976844
25.87845 0.11310416802556912
25.87966 0.11320200900136977
25.88086 0.1132672363185702
25.88207 0.11333246363577067
25.88328 0.11336507729437088
25.88448 0.11339769095297111
25.88569 0.11343030461157132
25.8869 0.11343030461157132
25.8881 0.11343030461157132
25.88931 0.11339769095297111
25.89052 0.11336507729437088
25.89172 0.11333246363577067
25.89293 0.11329984997717044
25.89414 0.11323462265997
25.89534 0.11316939534276955
25.89655 0.11307155436696888
25.89776 0.11297371339116821
25.89897 0.11287587241536756
25.90017 0.11277803143956688
25.90138 0.11268019046376622
25.90259 0.11254973582936534
25.90379 0.11241928119496446
25.905 0.11228882656056358
25.90621 0.11212575826756245
25.90741 0.11199530363316157
25.90862 0.11183223534016046
25.90983 0.11166916704715935
25.91103 0.11150609875415823
25.91224 0.1113104168025569
25.91345 0.1111473485095558
25.91465 0.11095166655795448
25.91586 0.11078859826495337
25.91707 0.11059291631335204
25.91827 0.1103972343617507
25.91948 0.11020155241014937
25.92069 0.11000587045854805
25.92189 0.10981018850694671
25.9231 0.10961450655534538
25.92431 0.10941882460374405
25.92552 0.10919052899354251
25.92672 0.10896223338334095
25.92793 0.10873393777313939
25.92914 0.10847302850433761
25.93034 0.10821211923553585
25.93155 0.10791859630813384
25.93276 0.10762507338073185
25.93396 0.10733155045332986
25.93517 0.10700541386732763
25.93638 0.10667927728132542
25.93758 0.1063531406953232
25.93879 0.10599439045072076
25.94 0.10563564020611833
25.9412 0.1052768899615159
25.94241 0.10488552605831322
25.94362 0.10449416215511055
25.94482 0.1041027982519079
25.94603 0.10371143434870524
25.94724 0.10332007044550258
25.94844 0.10289609288369969
25.94965 0.1024721153218968
25.95086 0.10204813776009392
25.95207 0.10159154653969082
25.95327 0.10116756897788794
25.95448 0.10071097775748483
25.95569 0.10028700019568194
25.95689 0.09983040897527884
25.9581 0.09937381775487575
25.95931 0.09891722653447263
25.96051 0.09846063531406954
25.96172 0.09800404409366643
25.96293 0.0975148392146631
25.96413 0.09705824799426
25.96534 0.09660165677385689
25.96655 0.09614506555345378
25.96775 0.09565586067445045
25.96896 0.09519926945404736
25.97017 0.09474267823364425
25.97137 0.09428608701324115
25.97258 0.09382949579283804
25.97379 0.09337290457243493
25.97499 0.09291631335203183
25.9762 0.09245972213162873
25.97741 0.09200313091122561
25.97862 0.09157915334942274
25.97982 0.09112256212901963
25.98103 0.09069858456721676
25.98224 0.09027460700541387
25.98344 0.08985062944361098
25.98465 0.0894266518818081
25.98586 0.0890026743200052
25.98706 0.08861131041680255
25.98827 0.08821994651359989
25.98948 0.08782858261039724
25.99068 0.08743721870719458
25.99189 0.08707846846259214
25.9931 0.08668710455938947
25.9943 0.08632835431478704
25.99551 0.08593699041158437
25.99672 0.08557824016698193
25.99792 0.08521948992237949
25.99913 0.08486073967777706
26.00034 0.0845019894331746
26.00155 0.08414323918857217
26.00275 0.08378448894396974
26.00396 0.08342573869936729
26.00517 0.08306698845476486
26.00637 0.08274085186876264
26.00758 0.0823821016241602
26.00879 0.08202335137955775
26.00999 0.08169721479355554
26.0112 0.0813384645489531
26.01241 0.08097971430435066
26.01361 0.08065357771834844
26.01482 0.080294827473746
26.01603 0.07993607722914356
26.01723 0.07960994064314135
26.01844 0.07925119039853891
26.01965 0.07889244015393647
26.02085 0.07856630356793425
26.02206 0.07820755332333182
26.02327 0.07784880307872936
26.02447 0.07749005283412694
26.02568 0.07716391624812471
26.02689 0.07680516600352227
26.0281 0.07644641575891983
26.0293 0.07608766551431739
26.03051 0.07572891526971495
26.03172 0.07537016502511251
26.03292 0.07497880112190985
26.03413 0.07462005087730741
26.03534 0.07426130063270497
26.03654 0.07386993672950232
26.03775 0.07351118648489988
26.03896 0.0731198225816972
26.04016 0.07272845867849455
26.04137 0.07233709477529189
26.04258 0.07194573087208923
26.04378 0.07155436696888658
26.04499 0.0711630030656839
26.0462 0.07073902550388103
26.0474 0.07034766160067836
26.04861 0.06992368403887549
26.04982 0.0694997064770726
26.05102 0.06907572891526972
26.05223 0.06865175135346682
26.05344 0.06822777379166395
26.05465 0.06777118257126084
26.05585 0.06734720500945797
26.05706 0.06689061378905485
26.05827 0.06643402256865175
26.05947 0.06597743134824866
26.06068 0.06552084012784554
26.06189 0.06503163524884222
26.06309 0.06457504402843911
26.0643 0.06408583914943579
26.06551 0.06362924792903267
26.06671 0.06314004305002935
26.06792 0.06265083817102603
26.06913 0.0621616332920227
26.07033 0.06167242841301937
26.07154 0.06118322353401604
26.07275 0.06066140499641249
26.07395 0.060172200117409175
26.07516 0.059682995238405846
26.07637 0.059161176700802294
26.07757 0.05863935816319874
26.07878 0.05815015328419541
26.07999 0.057628334746591875
26.0812 0.05710651620898833
26.0824 0.05658469767138478
26.08361 0.056062879133781225
26.08482 0.05554106059617768
26.08602 0.05501924205857413
26.08723 0.05449742352097058
26.08844 0.05397560498336703
26.08964 0.05345378644576348
26.09085 0.05289935424955971
26.09206 0.05237753571195617
26.09326 0.05185571717435262
26.09447 0.05130128497814885
26.09568 0.050779466440545304
26.09688 0.05022503424434153
26.09809 0.04970321570673798
26.0993 0.049148783510534214
26.1005 0.04862696497293066
26.10171 0.04807253277672689
26.10292 0.04755071423912334
26.10412 0.04699628204291957
26.10533 0.046474463505316026
26.10654 0.04592003130911226
26.10775 0.045398212771508704
26.10895 0.044843780575304935
26.11016 0.04432196203770139
26.11137 0.043767529841497614
26.11257 0.04324571130389407
26.11378 0.042723892766290524
26.11499 0.042169460570086754
26.11619 0.0416476420324832
26.1174 0.04109320983627943
26.11861 0.04057139129867588
26.11981 0.040049572761072336
26.12102 0.03952775422346879
26.12223 0.03897332202726502
26.12343 0.03841888983106125
26.12464 0.037864457634857476
26.12585 0.03731002543865371
26.12705 0.03675559324244994
26.12826 0.036168547387645945
26.12947 0.03561411519144217
26.13067 0.035027069336638184
26.13188 0.03444002348183419
26.13309 0.0338529776270302
26.1343 0.03326593177222621
26.1355 0.03267888591742221
26.13671 0.032059226404018
26.13792 0.03147218054921401
26.13912 0.030852521035809797
26.14033 0.030265475181005804
26.14154 0.029645815667601595
26.14274 0.029058769812797598
26.14395 0.028439110299393385
26.14516 0.027852064444589396
26.14636 0.02723240493118518
26.14757 0.02661274541778097
26.14878 0.026025699562976973
26.14998 0.02543865370817298
26.15119 0.024818994194768768
26.1524 0.024231948339964778
26.1536 0.023644902485160785
26.15481 0.023025242971756572
26.15602 0.02243819711695258
26.15722 0.021883764920748807
26.15843 0.021296719065944818
26.15964 0.020709673211140825
26.16085 0.020155241014937056
26.16205 0.019568195160133063
26.16326 0.019013762963929294
26.16447 0.018459330767725525
26.16567 0.017937512230121973
26.16688 0.017383080033918204
26.16809 0.01686126149631466
26.16929 0.016339442958711106
26.1705 0.01581762442110756
26.17171 0.015328419542104234
26.17291 0.014806601004500684
26.17412 0.014317396125497357
26.17533 0.013860804905094254
26.17653 0.01340421368469115
26.17774 0.012915008805687822
26.17895 0.01249103124388494
26.18015 0.012067053682082057
26.18136 0.011643076120279173
26.18257 0.01121909855847629
26.18377 0.010827734655273629
26.18498 0.010436370752070968
26.18619 0.010077620507468528
26.1874 0.009686256604265867
26.1886 0.009360120018263649
26.18981 0.009001369773661208
26.19102 0.008675233187658992
26.19222 0.008316482943056553
26.19343 0.008022960015654557
26.19464 0.007696823429652339
26.19584 0.00737068684365012
26.19705 0.007077163916248125
26.19826 0.006783640988846128
26.19946 0.006490118061444132
26.20067 0.006229208792642359
26.20188 0.0059356858652403624
26.20308 0.005674776596438588
26.20429 0.0054138673276368145
26.2055 0.005185571717435262
26.2067 0.004924662448633488
26.20791 0.004696366838431935
26.20912 0.004468071228230382
26.21032 0.00423977561802883
26.21153 0.004011480007827278
26.21274 0.0037831843976257255
26.21395 0.003587502446024395
26.21515 0.003391820494423064
26.21636 0.0031961385428217336
26.21757 0.0030004565912204032
26.21877 0.0028047746396190724
26.21998 0.0026417063466179632
26.22119 0.002478638053616855
26.22239 0.002282956102015524
26.2236 0.002152501467614637
26.22481 0.001989433174613528
26.22601 0.0018263648816124192
26.22722 0.001695910247211532
26.22843 0.0015328419542104232
26.22963 0.0014023873198095362
26.23084 0.001271932685408649
26.23205 0.001141478051007762
26.23325 0.0010436370752070969
26.23446 0.0009131824408062096
26.23567 0.0008153414650055443
26.23688 0.0006848868306046572
26.23808 0.0005870458548039919
26.23929 0.0004892048790033265
26.2405 0.0003913639032026613
26.2417 0.00032613658600221776
26.24291 0.0002282956102015524
26.24412 0.00016306829300110888
26.24532 6.522731720044356e-05
26.24653 0.0
26.24774 -0.0001304546344008871
26.24894 -0.0002609092688017742
26.25015 -0.0003587502446024395
26.25136 -0.0004892048790033265
26.25256 -0.0005870458548039919
26.25377 -0.0006848868306046572
26.25498 -0.0007827278064053226
26.25618 -0.000847955123605766
26.25739 -0.0009131824408062096
26.2586 -0.000978409758006653
26.2598 -0.0010110234166068749
26.26101 -0.0010762507338073185
26.26222 -0.0010762507338073185
26.26343 -0.0011088643924075403
26.26463 -0.0011088643924075403
26.26584 -0.0011088643924075403
26.26705 -0.0011088643924075403
26.26825 -0.0010762507338073185
26.26946 -0.0010762507338073185
26.27067 -0.0010436370752070969
26.27187 -0.0010110234166068749
26.27308 -0.0009457960994064314
26.27429 -0.0009131824408062096
26.27549 -0.000847955123605766
26.2767 -0.0008153414650055443
26.27791 -0.0007501141478051008
26.27911 -0.0006848868306046572
26.28032 -0.0006196595134042137
26.28153 -0.0005218185376035484
26.28273 -0.0004565912204031048
26.28394 -0.0003913639032026613
26.28515 -0.00032613658600221776
26.28635 -0.0002282956102015524
26.28756 -0.00016306829300110888
26.28877 -6.522731720044356e-05
26.28998 0.0
26.29118 3.261365860022178e-05
26.29239 9.784097580066533e-05
26.2936 0.0001304546344008871
26.2948 0.00016306829300110888
26.29601 0.00019568195160133065
26.29722 0.0002609092688017742
26.29842 0.00029352292740199596
26.29963 0.00032613658600221776
26.30084 0.00032613658600221776
26.30204 0.0003587502446024395
26.30325 0.0003913639032026613
26.30446 0.0003913639032026613
26.30566 0.0003913639032026613
26.30687 0.0003913639032026613
26.30808 0.0003913639032026613
26.30928 0.0003913639032026613
26.31049 0.0003587502446024395
26.3117 0.00032613658600221776
26.3129 0.00029352292740199596
26.31411 0.0002609092688017742
26.31532 0.00019568195160133065
26.31653 0.00016306829300110888
26.31773 6.522731720044356e-05
26.31894 0.0
