2.50112 0.022191313144085477
2.50233 0.022317759372826707
2.50354 0.02225453625845609
2.50474 0.022317759372826707
2.50595 0.02257065183030916
2.50716 0.022760321173421
2.50837 0.022823544287791615
2.50957 0.022760321173421
2.51078 0.022633874944679774
2.51199 0.022760321173421
2.51319 0.022823544287791615
2.5144 0.02257065183030916
2.51561 0.022949990516532844
2.51681 0.023139659859644685
2.51802 0.022633874944679774
2.51923 0.022823544287791615
2.52043 0.02301321363090346
2.52164 0.022760321173421
2.52285 0.022823544287791615
2.52405 0.023139659859644685
2.52526 0.02301321363090346
2.52647 0.022949990516532844
2.52767 0.023139659859644685
2.52888 0.023266106088385915
2.53009 0.02307643674527407
2.53129 0.023139659859644685
2.5325 0.0232028829740153
2.53371 0.02301321363090346
2.53492 0.02301321363090346
2.53612 0.023266106088385915
2.53733 0.02339255231712714
2.53854 0.02339255231712714
2.53974 0.023582221660238982
2.54095 0.023645444774609597
2.54216 0.023266106088385915
2.54336 0.023329329202756526
2.54457 0.023582221660238982
2.54578 0.023582221660238982
2.54698 0.02339255231712714
2.54819 0.023455775431497756
2.5494 0.023329329202756526
2.5506 0.023266106088385915
2.55181 0.023455775431497756
2.55302 0.0232028829740153
2.55422 0.023139659859644685
2.55543 0.02339255231712714
2.55664 0.023455775431497756
2.55785 0.02339255231712714
2.55905 0.0232028829740153
2.56026 0.023139659859644685
2.56147 0.02339255231712714
2.56267 0.023266106088385915
2.56388 0.02301321363090346
2.56509 0.023139659859644685
2.56629 0.023329329202756526
2.5675 0.02301321363090346
2.56871 0.022949990516532844
2.56991 0.02307643674527407
2.57112 0.02301321363090346
2.57233 0.02269709805905039
2.57353 0.02257065183030916
2.57474 0.022823544287791615
2.57595 0.022823544287791615
2.57715 0.02257065183030916
2.57836 0.022317759372826707
2.57957 0.02225453625845609
2.58077 0.022191313144085477
2.58198 0.02206486691534425
2.58319 0.02206486691534425
2.5844 0.02193842068660302
2.5856 0.02181197445786179
2.58681 0.02174875134349118
2.58802 0.02162230511474995
2.58922 0.021495858886008724
2.59043 0.021369412657267498
2.59164 0.02124296642852627
2.59284 0.021179743314155654
2.59405 0.020990073971043813
2.59526 0.020547512170449516
2.59646 0.020421065941708286
2.59767 0.020547512170449516
2.59888 0.020357842827337675
2.60008 0.020357842827337675
2.60129 0.020357842827337675
2.6025 0.020357842827337675
2.6037 0.02010495036985522
2.60491 0.019535942340519693
2.60612 0.019346272997407852
2.60732 0.019409496111778463
2.60853 0.01928304988303724
2.60974 0.01915660365429601
2.61095 0.01915660365429601
2.61215 0.01903015742555478
2.61336 0.018714041853701714
2.61457 0.018587595624960485
2.61577 0.018714041853701714
2.61698 0.018587595624960485
2.61819 0.01801858759562496
2.61939 0.017765695138142506
2.6206 0.017765695138142506
2.62181 0.01757602579503066
2.62301 0.017449579566289435
2.62422 0.01725991022317759
2.62543 0.01719668710880698
2.62663 0.016754125308212683
2.62784 0.016754125308212683
2.62905 0.01719668710880698
2.63025 0.01700701776569514
2.63146 0.016501232850730227
2.63267 0.016311563507618383
2.63387 0.016438009736359612
2.63508 0.016374786621988997
2.63629 0.0159322248213947
2.6375 0.015805778592653474
2.6387 0.015805778592653474
2.63991 0.015679332363912245
2.64112 0.015426439906429789
2.64232 0.015489663020800404
2.64353 0.015173547448947333
2.64474 0.014983878105835494
2.64594 0.014857431877094266
2.64715 0.014794208762723651
2.64836 0.014667762533982423
2.64956 0.014351646962129353
2.65077 0.014351646962129353
2.65198 0.014225200733388125
2.65318 0.013909085161535058
2.65439 0.013719415818423215
2.6556 0.01378263893279383
2.6568 0.013719415818423215
2.65801 0.013592969589681987
2.65922 0.013340077132199531
2.66042 0.013150407789087689
2.66163 0.01296073844597585
2.66284 0.012834292217234622
2.66405 0.01296073844597585
2.66525 0.013087184674717076
2.66646 0.012771069102864007
2.66767 0.012391730416640323
2.66887 0.012518176645381551
2.67008 0.012265284187899097
2.67129 0.011822722387304798
2.67249 0.011949168616046026
2.6737 0.012138837959157867
2.67491 0.012202061073528482
2.67611 0.011885945501675411
2.67732 0.01150660681545173
2.67853 0.011759499272934185
2.67973 0.011443383701081115
2.68094 0.01087437567174559
2.68215 0.01087437567174559
2.68335 0.010937598786116203
2.68456 0.010621483214263134
2.68577 0.01024214452803945
2.68697 0.010115698299298224
2.68818 0.010431813871151293
2.68939 0.010305367642410064
2.6906 0.009799582727445154
2.6918 0.009609913384333313
2.69301 0.009609913384333313
2.69422 0.009609913384333313
2.69542 0.009293797812480242
2.69663 0.009040905354997786
2.69784 0.009167351583739014
2.69904 0.009230574698109627
2.70025 0.008724789783144718
2.70146 0.008535120440032877
2.70266 0.008535120440032877
2.70387 0.008155781753809191
2.70508 0.007839666181956122
2.70628 0.00796611241069735
2.70749 0.00828222798255042
2.7087 0.008029335525067965
2.7099 0.0077764430675855084
2.71111 0.007839666181956122
2.71232 0.007839666181956122
2.71352 0.007523550610103054
2.71473 0.007017765695138143
2.71594 0.006954542580767529
2.71715 0.007017765695138143
2.71835 0.006575203894543844
2.71956 0.005816526522096479
2.72077 0.005310741607131567
2.72197 0.0048681798065372695
2.72318 0.004235948662831131
2.72439 0.0034772712903837644
2.72559 0.0029082632610482394
2.7268 0.0027185939179363975
2.72801 0.0024024783460833282
2.72921 0.0019599165454890306
2.73042 0.001770247202377189
2.73163 0.0015173547448947334
2.73283 0.0008219004868179805
2.73404 0.00018966934311184168
2.73525 0.0003161155718530695
2.73645 0.0002528924574824556
2.73766 0.0
2.73887 0.0001264462287412278
2.74007 0.0003161155718530695
2.74128 0.0008851236011885945
2.74249 0.0014541316305241197
2.7437 0.0022128090029714864
2.7449 0.003350825061642536
2.74611 0.004425618005942973
2.74732 0.00569008029335525
2.74852 0.007397104381361826
2.74973 0.009167351583739014
2.75094 0.011127268129228046
2.75214 0.013276854017828917
2.75335 0.01574255547828286
2.75456 0.0186508187393311
2.75576 0.021495858886008724
2.75697 0.024720237718910035
2.75818 0.02857684769551748
2.75938 0.03268635012960738
2.76059 0.03692229879243851
2.7618 0.0409685781121578
2.763 0.04558386546121262
2.76421 0.0509578301827148
2.76542 0.056015679332363906
2.76663 0.06101030536764241
2.76783 0.06657393943225642
2.76904 0.07251691218309413
2.77025 0.07858633116267306
2.77145 0.08484541948536384
2.77266 0.09154706960864892
2.77387 0.09856483530378705
2.77507 0.10539293165581337
2.77628 0.11209458177909842
2.77749 0.11961813238920148
2.77869 0.127394575456787
2.7799 0.13498134918126067
2.78111 0.1423784535626225
2.78231 0.14990200417272553
2.78352 0.1579313396977935
2.78473 0.16596067522286145
2.78593 0.17399001074792944
2.78714 0.18220901561610922
2.78835 0.1907441360561421
2.78955 0.1992160333818044
2.79076 0.20730859202124297
2.79197 0.21552759688942277
2.79318 0.22399949421508505
2.79438 0.23234494531200606
2.79559 0.24056395018018586
2.7968 0.2487829550483657
2.798 0.2566858443446924
2.79921 0.2648416260985016
2.80042 0.272807738509199
2.80162 0.280331289119302
2.80283 0.28785483972940507
2.80404 0.2958209521401024
2.80524 0.3035341720933173
2.80645 0.3108680533603085
2.80766 0.3183283808560409
2.80886 0.3256622621230322
2.81007 0.333059366504394
2.81128 0.34001390908516155
2.81248 0.3472213441234115
2.81369 0.35461844850477336
2.8149 0.36150976797117024
2.8161 0.36814819498008466
2.81731 0.374976291332111
2.81852 0.38142504899791363
2.81973 0.38774736043497504
2.82093 0.3943225643295189
2.82214 0.40102421445280395
2.82335 0.40759941834734775
2.82455 0.41411139912752104
2.82576 0.41980147942087626
2.82697 0.42530189037111965
2.82817 0.4317506480369223
2.82938 0.4384522981602073
2.83059 0.4443320477966744
2.83179 0.4497692356325472
2.833 0.45539609281153187
2.83421 0.4610861731048871
2.83541 0.4664601378263893
2.83662 0.4719605487766327
2.83783 0.47746095972687613
2.83903 0.4828349244483783
2.84024 0.4882088891698805
2.84145 0.49332996143390023
2.84265 0.4985774799266612
2.84386 0.5040778908769046
2.84507 0.5093254093696655
2.84628 0.5141935891762028
2.84748 0.5189353227539989
2.84869 0.5238667256749068
2.8499 0.5288613517101852
2.8511 0.53347663905924
2.85231 0.5382183726370361
2.85352 0.543465891129797
2.85472 0.5483972940507049
2.85593 0.552949358285389
2.85714 0.557564645634444
2.85834 0.5624960485553517
2.85955 0.5673010052475185
2.86076 0.5719162925965733
2.86196 0.5765315799456281
2.86317 0.5811468672946829
2.86438 0.5856989315293671
2.86558 0.5906935575646456
2.86679 0.5955617373711829
2.868 0.6001770247202377
2.8692 0.604729088954922
2.87041 0.6095340456470886
2.87162 0.6144654485679965
2.87283 0.61895428968831
2.87403 0.6235063539229942
2.87524 0.6284377568439021
2.87645 0.63336915976481
2.87765 0.6383637858000886
2.87886 0.6428526269204021
2.88007 0.6473414680407157
2.88127 0.6521464247328823
2.88248 0.6566984889675666
2.88369 0.6612505532022508
2.88489 0.6658026174369349
2.8861 0.6704811279003604
2.88731 0.6750331921350445
2.88851 0.679205917683505
2.88972 0.6835050894607068
2.89093 0.6879939305810204
2.89213 0.6921666561294809
2.89334 0.6959600429917178
2.89455 0.6996269836252134
2.89575 0.703293924258709
2.89696 0.7070240880065751
2.89817 0.7103116899538472
2.89938 0.7133463994436365
2.90058 0.7161914395903143
2.90179 0.7189100335082507
2.903 0.7217550736549282
2.9042 0.7241575520010116
2.90541 0.7259910223177594
2.90662 0.7276980464057659
2.90782 0.7295315167225138
2.90903 0.7309224252386672
2.91024 0.7318075488398559
2.91144 0.7326926724410444
2.91265 0.7335145729278624
2.91386 0.7340203578428273
2.91506 0.7342732503003098
2.91627 0.734083580957198
2.91748 0.7335145729278624
2.91868 0.7325662262123032
2.91989 0.7316178794967441
2.9211 0.7304798634380729
2.9223 0.7287096162356957
2.92351 0.726876145918948
2.92472 0.725232344945312
2.92593 0.7230195359423405
2.92713 0.7201112726812923
2.92834 0.7170765631915028
2.92955 0.7142315230448252
2.93075 0.7111968135550357
2.93196 0.7078459884933932
2.93317 0.7042422709742682
2.93437 0.7004488841120313
2.93558 0.6964026047923121
2.93679 0.6921666561294809
2.93799 0.6878042612379085
2.9392 0.6832521970032244
2.94041 0.6786369096541696
2.94161 0.6740848454194854
2.94282 0.6690269962698362
2.94403 0.6638427008914458
2.94523 0.6589745210849086
2.94644 0.6542960106214832
2.94765 0.6492381614718341
2.94885 0.6435480811784788
2.95006 0.6375418853132705
2.95127 0.6315989125624328
2.95248 0.6257191629259657
2.95368 0.6196497439463868
2.95489 0.6133274325093254
2.9561 0.6067522286147815
2.9573 0.5996712398052728
2.95851 0.5924005816526522
2.95972 0.585066700385661
2.96092 0.577543149775558
2.96213 0.5700195991654549
2.96334 0.5624960485553517
2.96454 0.5544667130302838
2.96575 0.5460580388189922
2.96696 0.5377758108364418
2.96816 0.5298096984257444
2.96937 0.5219700322437882
2.97058 0.5139406967187203
2.97178 0.5057849149649112
2.97299 0.4975659100967314
2.9742 0.48928368211418094
2.9754 0.4813175697034836
2.97661 0.4736043497502687
2.97782 0.4658911297970538
2.97903 0.45830435607258013
2.98023 0.45078080546247706
2.98144 0.4435101473098565
2.98265 0.43617626604286525
2.98385 0.4287791616615035
2.98506 0.42163494973762405
2.98627 0.41480685338559775
2.98747 0.4079155339192008
2.98868 0.40102421445280395
2.98989 0.39438578744388947
2.99109 0.3881899222355693
2.9923 0.38218372637036097
2.99351 0.37592463804767023
2.99471 0.3696023266106088
2.99592 0.3635329076310299
2.99713 0.3577163811089334
2.99833 0.3520263008155782
2.99954 0.34646266675096415
3.00075 0.34108870202946195
3.00196 0.3359044066510716
3.00316 0.3308465575014225
3.00437 0.32578870835177337
3.00558 0.3207940823164949
3.00678 0.31598912562432824
3.00799 0.31124739204653223
3.0092 0.3068849971549598
3.0104 0.30277549472086995
3.01161 0.2984763229436682
3.01282 0.29424037428083705
3.01402 0.29038376430422963
3.01523 0.28671682367073403
3.01644 0.283113106151609
3.01764 0.2794461655181134
3.01885 0.2757792248846178
3.02006 0.2726180691660871
3.02126 0.2698362521337801
3.02247 0.26699121198710246
3.02368 0.26401972561168363
3.02488 0.2609850161218941
3.02609 0.25832964531832836
3.0273 0.25599039008661567
3.02851 0.25358791174053236
3.02971 0.25112221028007836
3.03092 0.2487829550483657
3.03213 0.24675981538850605
3.03333 0.2448631219573876
3.03454 0.24296642852626918
3.03575 0.24094328886640953
3.03695 0.2389201492065499
3.03816 0.23714990200417274
3.03937 0.2356957703736486
3.04057 0.23405196940001263
3.04178 0.2325346146551179
3.04299 0.2311437061389644
3.04419 0.22975279762281087
3.0454 0.22861478156413984
3.04661 0.22741354239109818
3.04781 0.2260858569893153
3.04902 0.22507428715938546
3.05023 0.22406271732945562
3.05143 0.22273503192767274
3.05264 0.22140734652588986
3.05385 0.22039577669596006
3.05506 0.21951065309477144
3.05626 0.21843586015047098
3.05747 0.21742429032054117
3.05868 0.21641272049061133
3.05988 0.21559082000379337
3.06109 0.21470569640260476
3.0623 0.21375734968704557
3.0635 0.2125561105140039
3.06471 0.21141809445533286
3.06592 0.21034330151103242
3.06712 0.209268508566732
3.06833 0.20825693873680215
3.06954 0.20718214579250174
3.07074 0.20585446039071884
3.07195 0.2046532212176772
3.07316 0.20357842827337674
3.07436 0.2025668584434469
3.07557 0.2014920654991465
3.07678 0.2002276032117342
3.07798 0.19871024846683946
3.07919 0.1971296706075741
3.0804 0.19567553897705
3.08161 0.19415818423215528
3.08281 0.19270405260163115
3.08402 0.19131314408547764
3.08523 0.1897325662262123
3.08643 0.18821521148131756
3.08764 0.18688752607953465
3.08885 0.18537017133463993
3.09005 0.18347347790352153
3.09126 0.18182967692988555
3.09247 0.18043876841373205
3.09367 0.1791743061263198
3.09488 0.17765695138142504
3.09609 0.1760131504077891
3.09729 0.17443257254852373
3.0985 0.1729784409179996
3.09971 0.1715243092874755
3.10091 0.170133400771322
3.10212 0.16867926914079787
3.10333 0.16716191439590314
3.10453 0.16583422899412023
3.10574 0.16456976670670798
3.10695 0.16311563507618385
3.10816 0.16172472656003034
3.10936 0.16046026427261806
3.11057 0.15913257887083518
3.11178 0.15780489346905227
3.11298 0.15666687741038124
3.11419 0.1555920844660808
3.1154 0.15432762217866852
3.1166 0.15293671366251502
3.11781 0.15179869760384396
3.11902 0.15085035088828475
3.12022 0.14983878105835494
3.12143 0.14857431877094265
3.12264 0.1474363027122716
3.12384 0.14642473288234178
3.12505 0.14528671682367073
3.12626 0.1442119238793703
3.12746 0.14326357716381108
3.12867 0.14218878421951064
3.12988 0.1411772143895808
3.13108 0.1402288676740216
3.13229 0.13940696718720363
3.1335 0.13845862047164442
3.13471 0.1374470506417146
3.13591 0.13637225769741415
3.13712 0.13536068786748434
3.13833 0.13441234115192516
3.13953 0.13359044066510717
3.14074 0.1328317632926598
3.14195 0.13213630903458304
3.14315 0.13144085477650627
3.14436 0.13074540051842953
3.14557 0.1301131693747234
3.14677 0.12954416134538788
3.14798 0.1289119302016817
3.14919 0.1282796990579756
3.15039 0.12758424479989883
3.1516 0.1268887905418221
3.15281 0.12619333628374532
3.15401 0.12543465891129796
3.15522 0.12467598153885061
3.15643 0.12410697350951508
3.15763 0.12360118859455017
3.15884 0.12328507302269709
3.16005 0.12290573433647341
3.16126 0.12239994942150849
3.16246 0.12176771827780236
3.16367 0.12107226401972561
3.16488 0.1205664791047607
3.16608 0.12031358664727823
3.16729 0.12006069418979579
3.1685 0.11955490927483087
3.1697 0.11885945501675413
3.17091 0.1182904469874186
3.17212 0.1178478851868243
3.17332 0.11753176961497122
3.17453 0.11721565404311816
3.17574 0.11683631535689448
3.17694 0.11645697667067079
3.17815 0.11601441487007651
3.17936 0.11576152241259403
3.18056 0.11531896061199974
3.18177 0.11481317569703482
3.18298 0.11443383701081115
3.18418 0.1142441676676993
3.18539 0.11411772143895808
3.1866 0.11386482898147564
3.18781 0.11335904406651072
3.18901 0.1127900360371752
3.19022 0.11228425112221029
3.19143 0.11203135866472781
3.19263 0.11190491243598659
3.19384 0.11171524309287476
3.19505 0.11120945817790985
3.19625 0.11070367326294493
3.19746 0.11045078080546247
3.19867 0.11026111146235064
3.19987 0.11000821900486817
3.20108 0.10956565720427389
3.20229 0.10912309540367959
3.20349 0.10880697983182651
3.2047 0.10861731048871467
3.20591 0.10817474868812038
3.20711 0.10766896377315546
3.20832 0.10722640197256116
3.20953 0.10697350951507871
3.21074 0.10672061705759625
3.21194 0.10627805525700194
3.21315 0.10589871657077828
3.21436 0.1055826009989252
3.21556 0.10526648542707215
3.21677 0.10495036985521906
3.21798 0.104634254283366
3.21918 0.10431813871151294
3.22039 0.10381235379654802
3.2216 0.1033065688815831
3.2228 0.1028640070809888
3.22401 0.10261111462350636
3.22522 0.10235822216602389
3.22642 0.10172599102231776
3.22763 0.10109375987861162
3.22884 0.10058797496364671
3.23004 0.10033508250616424
3.23125 0.1000821900486818
3.23246 0.09963962824808749
3.23366 0.09907062021875197
3.23487 0.09856483530378705
3.23608 0.09831194284630461
3.23729 0.09818549661756339
3.23849 0.09793260416008093
3.2397 0.09730037301637477
3.24091 0.09660491875829803
3.24211 0.09616235695770373
3.24332 0.09584624138585067
3.24453 0.09565657204273882
3.24573 0.09527723335651514
3.24694 0.09470822532717961
3.24815 0.0941392172978441
3.24935 0.09382310172599102
3.25056 0.09369665549724979
3.25177 0.09350698615413794
3.25297 0.09312764746791427
3.25418 0.09249541632420813
3.25539 0.09186318518050199
3.25659 0.0914838464942783
3.2578 0.0914206233799077
3.25901 0.09123095403679585
3.26021 0.09072516912183094
3.26142 0.09021938420686602
3.26263 0.08977682240627173
3.26384 0.08939748372004805
3.26504 0.0892078143769362
3.26625 0.08901814503382437
3.26746 0.08863880634760067
3.26866 0.08819624454700639
3.26987 0.0878169058607827
3.27108 0.08756401340330024
3.27228 0.0873743440601884
3.27349 0.08699500537396472
3.2747 0.08661566668774104
3.2759 0.08623632800151734
3.27711 0.08604665865840551
3.27832 0.08585698931529367
3.27952 0.08560409685781122
3.28073 0.08522475817158753
3.28194 0.08478219637099323
3.28314 0.08433963457039893
3.28435 0.0841499652272871
3.28556 0.0841499652272871
3.28676 0.08389707276980464
3.28797 0.08345451096921035
3.28918 0.08313839539735728
3.29039 0.0828222798255042
3.29159 0.08269583359676297
3.2928 0.08263261048239236
3.29401 0.08244294113928051
3.29521 0.08206360245305684
3.29642 0.08162104065246253
3.29763 0.08136814819498008
3.29883 0.08117847885186824
3.30004 0.08105203262312702
3.30125 0.08079914016564456
3.30245 0.08041980147942088
3.30366 0.08016690902193842
3.30487 0.07997723967882657
3.30607 0.07991401656445596
3.30728 0.07985079345008535
3.30849 0.07953467787823228
3.30969 0.07909211607763798
3.3109 0.07877600050578491
3.31211 0.07858633116267306
3.31331 0.07864955427704368
3.31452 0.07852310804830245
3.31573 0.0782069924764494
3.31694 0.07770120756148448
3.31814 0.07738509198963141
3.31935 0.0773218688752608
3.32056 0.07738509198963141
3.32176 0.0773218688752608
3.32297 0.07700575330340773
3.32418 0.07662641461718404
3.32538 0.07631029904533097
3.32659 0.07631029904533097
3.3278 0.07631029904533097
3.329 0.07618385281658974
3.33021 0.0759941834734779
3.33142 0.07586773724473668
3.33262 0.07561484478725422
3.33383 0.07555162167288361
3.33504 0.07555162167288361
3.33624 0.07548839855851298
3.33745 0.07529872921540115
3.33866 0.07491939052917747
3.33986 0.0746032749573244
3.34107 0.07454005184295379
3.34228 0.07466649807169501
3.34349 0.07472972118606563
3.34469 0.0746032749573244
3.3459 0.07441360561421255
3.34711 0.07428715938547133
3.34831 0.07447682872858317
3.34952 0.07472972118606563
3.35073 0.07498261364354808
3.35193 0.0751090598722893
3.35314 0.07504583675791869
3.35435 0.07498261364354808
3.35555 0.07523550610103054
3.35676 0.07574129101599544
3.35797 0.07618385281658974
3.35917 0.07649996838844281
3.36038 0.07668963773155466
3.36159 0.07681608396029588
3.36279 0.07725864576089018
3.364 0.07795410001896694
3.36521 0.07864955427704368
3.36641 0.07896566984889675
3.36762 0.07896566984889675
3.36883 0.0791553391920086
3.37004 0.0795979009926029
3.37124 0.08029335525067964
3.37245 0.0809255863943858
3.37366 0.08130492508060946
3.37486 0.08155781753809192
3.37607 0.0819371562243156
3.37728 0.08250616425365113
3.37848 0.08313839539735728
3.37969 0.08370740342669279
3.3809 0.08396029588417525
3.3821 0.08389707276980464
3.38331 0.08396029588417525
3.38452 0.0841499652272871
3.38572 0.08427641145602832
3.38693 0.08433963457039893
3.38814 0.08421318834165771
3.38934 0.08383384965543401
3.39055 0.08351773408358096
3.39176 0.08339128785483974
3.39296 0.0837706265410634
3.39417 0.08427641145602832
3.39538 0.08484541948536384
3.39659 0.08535120440032876
3.39779 0.08585698931529367
3.399 0.08661566668774104
3.40021 0.08769045963204147
3.40141 0.08901814503382437
3.40262 0.09028260732123664
3.40383 0.09161029272301953
3.40503 0.09287475501043181
3.40624 0.09426566352658532
3.40745 0.0960359107289625
3.40865 0.09812227350319278
3.40986 0.1000821900486818
3.41107 0.1019788834798002
3.41227 0.10387557691091863
3.41348 0.10608838591389011
3.41469 0.10861731048871467
3.41589 0.11127268129228046
3.4171 0.11399127521021686
3.41831 0.11664664601378265
3.41952 0.11911234747423657
3.42072 0.1214516027059493
3.42193 0.12353796548017953
3.42314 0.1250553202250743
3.42434 0.12587722071189228
3.42555 0.1256875513687804
3.42676 0.1242334197382563
3.42796 0.12157804893469053
3.42917 0.11803755452993614
3.43038 0.113801605867105
3.43158 0.10931276474679143
3.43279 0.10507681608396029
3.434 0.10134665233609406
3.4352 0.09818549661756339
3.43641 0.0955301258139976
3.43762 0.09350698615413794
3.43882 0.09198963140924322
3.44003 0.09059872289308972
3.44124 0.08933426060567744
3.44244 0.08819624454700639
3.44365 0.0873743440601884
3.44486 0.08674211291648226
3.44607 0.08617310488714673
3.44727 0.0855408737434406
3.44848 0.08484541948536384
3.44969 0.08421318834165771
3.45089 0.08364418031232218
3.4521 0.08301194916861604
3.45331 0.08244294113928051
3.45451 0.0819371562243156
3.45572 0.08136814819498008
3.45693 0.08060947082253271
3.45813 0.07991401656445596
3.45934 0.07940823164949105
3.46055 0.07909211607763798
3.46175 0.07877600050578491
3.46296 0.0782069924764494
3.46417 0.07744831510400202
3.46537 0.07675286084592527
3.46658 0.07637352215970158
3.46779 0.07618385281658974
3.46899 0.07618385281658974
3.4702 0.07605740658784851
3.47141 0.07580451413036607
3.47262 0.07548839855851298
3.47382 0.07536195232977176
3.47503 0.07542517544414237
3.47624 0.07555162167288361
3.47744 0.07567806790162483
3.47865 0.07574129101599544
3.47986 0.07561484478725422
3.48106 0.07548839855851298
3.48227 0.07536195232977176
3.48348 0.07536195232977176
3.48468 0.07548839855851298
3.48589 0.07561484478725422
3.4871 0.07561484478725422
3.4883 0.07548839855851298
3.48951 0.07555162167288361
3.49072 0.07593096035910729
3.49192 0.07668963773155466
3.49313 0.07757476133274324
3.49434 0.07871277739141429
3.49554 0.07991401656445596
3.49675 0.08124170196623885
3.49796 0.08288550293987482
3.49917 0.0850983119428463
3.50037 0.08769045963204147
3.50158 0.09021938420686602
3.50279 0.0924321932098375
3.50399 0.0942024404122147
3.5052 0.0955301258139976
3.50641 0.0960359107289625
3.50761 0.09540367958525636
3.50882 0.09350698615413794
3.51003 0.0905354997787191
3.51123 0.0868685591452235
3.51244 0.08320161851172789
3.51365 0.07985079345008535
3.51485 0.07700575330340773
3.51606 0.0746032749573244
3.51727 0.07245368906872351
3.51847 0.0705569956376051
3.51968 0.06884997154959853
3.52089 0.0673326168047038
3.52209 0.06587848517417969
3.5233 0.06480369222987925
3.52451 0.06398179174306126
3.52572 0.06309666814187266
3.52692 0.06221154454068407
3.52813 0.06138964405386609
3.52934 0.06075741291015996
3.53054 0.060251627995195046
3.53175 0.059935512423341976
3.53296 0.0596193968514889
3.53416 0.05930328127963583
3.53537 0.05886071947904154
3.53658 0.05841815767844724
3.53778 0.05810204210659417
3.53899 0.05791237276348232
3.5402 0.05772270342037048
3.5414 0.05740658784851741
3.54261 0.05709047227666435
3.54382 0.056711133590440665
3.54502 0.0563950180185876
3.54623 0.05607890244673452
3.54744 0.055952456217993295
3.54864 0.05588923310362268
3.54985 0.055762786874881454
3.55106 0.055509894417398994
3.55227 0.05525700195991654
3.55347 0.05494088638806347
3.55468 0.05475121704495163
3.55589 0.05462477081621041
3.55709 0.05449832458746917
3.5583 0.05437187835872795
3.55951 0.05418220901561611
3.56071 0.05386609344376304
3.56192 0.053486754757539355
3.56313 0.053297085414427514
3.56433 0.05317063918568629
3.56554 0.053107416071315666
3.56675 0.052980969842574444
3.56795 0.05266485427072138
3.56916 0.05241196181323892
3.57037 0.05228551558449769
3.57157 0.05228551558449769
3.57278 0.05228551558449769
3.57399 0.05215906935575647
3.57519 0.05190617689827401
3.5764 0.05171650755516216
3.57761 0.05146361509767971
3.57882 0.05114749952582664
3.58002 0.051021053297085416
3.58123 0.05114749952582664
3.58244 0.05127394575456786
3.58364 0.05121072264019725
3.58485 0.050894607068344186
3.58606 0.050515268382120504
3.58726 0.05032559903900866
3.58847 0.05032559903900866
3.58968 0.05032559903900866
3.59088 0.05026237592463805
3.59209 0.050199152810267426
3.5933 0.04994626035278498
3.5945 0.04969336789530252
3.59571 0.04956692166656129
3.59692 0.049630144780931904
3.59812 0.04956692166656129
3.59933 0.04950369855219068
3.60054 0.04931402920907883
3.60174 0.04906113675159639
3.60295 0.04880824429411393
3.60416 0.04855535183663147
3.60537 0.04849212872226086
3.60657 0.04855535183663147
3.60778 0.04861857495100208
3.60899 0.04849212872226086
3.61019 0.0482392362647784
3.6114 0.04785989757855472
3.61261 0.047543782006701646
3.61381 0.047480558892331035
3.61502 0.047607005121072264
3.61623 0.047796674464184105
3.61743 0.04785989757855472
3.61864 0.047607005121072264
3.61985 0.047354112663589805
3.62105 0.047164443320477964
3.62226 0.04710122020610735
3.62347 0.04703799709173674
3.62467 0.04703799709173674
3.62588 0.04697477397736612
3.62709 0.04665865840551305
3.6283 0.04621609660491875
3.6295 0.04596320414743631
3.63071 0.04583675791869508
3.63192 0.04596320414743631
3.63312 0.04615287349054814
3.63433 0.04627931971928937
3.63554 0.04615287349054814
3.63674 0.04589998103306569
3.63795 0.045520642346842
3.63916 0.045330973003730166
3.64036 0.045330973003730166
3.64157 0.04545741923247139
3.64278 0.045520642346842
3.64398 0.045520642346842
3.64519 0.045330973003730166
3.6464 0.045078080546247706
3.6476 0.044888411203135865
3.64881 0.04476196497439464
3.65002 0.04476196497439464
3.65122 0.04476196497439464
3.65243 0.04463551874565341
3.65364 0.044572295631282795
3.65485 0.044445849402541565
3.65605 0.04419295694505911
3.65726 0.04406651071631788
3.65847 0.04400328760194727
3.65967 0.04406651071631788
3.66088 0.0441297338306885
3.66209 0.04406651071631788
3.66329 0.04387684137320604
3.6645 0.04362394891572358
3.66571 0.04343427957261175
3.66691 0.04337105645824113
3.66812 0.0432446102294999
3.66933 0.0432446102294999
3.67053 0.0432446102294999
3.67174 0.04305494088638806
3.67295 0.042738825314534996
3.67415 0.04248593285705254
3.67536 0.04242270974268192
3.67657 0.04242270974268192
3.67777 0.04248593285705254
3.67898 0.04254915597142315
3.68019 0.04248593285705254
3.6814 0.042233040399570085
3.6826 0.041980147942087626
3.68381 0.041790478598975785
3.68502 0.04172725548460517
3.68622 0.04166403237023456
3.68743 0.04166403237023456
3.68864 0.041600809255863944
3.68984 0.0414111399127521
3.69105 0.04128469368401087
3.69226 0.04115824745526964
3.69346 0.04109502434089903
3.69467 0.04103180122652842
3.69588 0.0409685781121578
3.69708 0.04090535499778719
3.69829 0.04071568565467535
3.6995 0.04058923942593412
3.7007 0.04039957008282228
3.70191 0.04027312385408105
3.70312 0.04014667762533982
3.70432 0.04014667762533982
3.70553 0.04020990073971044
3.70674 0.04020990073971044
3.70795 0.04014667762533982
3.70915 0.03995700828222798
3.71036 0.03983056205348676
3.71157 0.039640892710374916
3.71277 0.039514446481633686
3.71398 0.039514446481633686
3.71519 0.03945122336726307
3.71639 0.03932477713852184
3.7176 0.039135107795410004
3.71881 0.038882215337927545
3.72001 0.038692545994815704
3.72122 0.03862932288044509
3.72243 0.038692545994815704
3.72363 0.038755769109186315
3.72484 0.03862932288044509
3.72605 0.03850287665170386
3.72725 0.03837643042296263
3.72846 0.03818676107985079
3.72967 0.03806031485110956
3.73087 0.03799709173673895
3.73208 0.03793386862236834
3.73329 0.03793386862236834
3.7345 0.03787064550799772
3.7357 0.03774419927925649
3.73691 0.03761775305051527
3.73812 0.03749130682177404
3.73932 0.03736486059303282
3.74053 0.03723841436429159
3.74174 0.03717519124992097
3.74294 0.03717519124992097
3.74415 0.03723841436429159
3.74536 0.03711196813555036
3.74656 0.03698552190680913
3.74777 0.0368590756780679
3.74898 0.03692229879243851
3.75018 0.03698552190680913
3.75139 0.0368590756780679
3.7526 0.036732629449326676
3.7538 0.036606183220585446
3.75501 0.03647973699184422
3.75622 0.03635329076310299
3.75742 0.03622684453436176
3.75863 0.036163621419991146
3.75984 0.036100398305620535
3.76105 0.035973952076879305
3.76225 0.035847505848138075
3.76346 0.035721059619396846
3.76467 0.035721059619396846
3.76587 0.035657836505026234
3.76708 0.035657836505026234
3.76829 0.03553139027628501
3.76949 0.03534172093317317
3.7707 0.03515205159006132
3.77191 0.03489915913257887
3.77311 0.03477271290383764
3.77432 0.03477271290383764
3.77553 0.03477271290383764
3.77673 0.03477271290383764
3.77794 0.03464626667509641
3.77915 0.03439337421761396
3.78035 0.03414048176013151
3.78156 0.03388758930264905
3.78277 0.03382436618827843
3.78397 0.03382436618827843
3.78518 0.03388758930264905
3.78639 0.03395081241701966
3.7876 0.03388758930264905
3.7888 0.03376114307390782
3.79001 0.033634696845166595
3.79122 0.03357147373079598
3.79242 0.033445027502054754
3.79363 0.033445027502054754
3.79484 0.033445027502054754
3.79604 0.033381804387684136
3.79725 0.033192135044572295
3.79846 0.033002465701460454
3.79966 0.03281279635834861
3.80087 0.032749573243977995
3.80208 0.032749573243977995
3.80328 0.03268635012960738
3.80449 0.03268635012960738
3.8057 0.032623127015236765
3.8069 0.03249668078649554
3.80811 0.0323070114433837
3.80932 0.03205411898590124
3.81052 0.0318644496427894
3.81173 0.03180122652841879
3.81294 0.0318644496427894
3.81415 0.03192767275716001
3.81535 0.03199089587153063
3.81656 0.0318644496427894
3.81777 0.03161155718530695
3.81897 0.03135866472782449
3.82018 0.031168995384712652
3.82139 0.031042549155971422
3.82259 0.031105772270342034
3.8238 0.031232218499083263
3.82501 0.031232218499083263
3.82621 0.031105772270342034
3.82742 0.030852879812859578
3.82863 0.03053676424100651
3.82983 0.030347094897894666
3.83104 0.030347094897894666
3.83225 0.030473541126635896
3.83345 0.030599987355377122
3.83466 0.03053676424100651
3.83587 0.030283871783524055
3.83708 0.0300309793260416
3.83828 0.02984130998292976
3.83949 0.02984130998292976
3.8407 0.02984130998292976
3.8419 0.02990453309730037
3.84311 0.02990453309730037
3.84432 0.02984130998292976
3.84552 0.029588417525447303
3.84673 0.029398748182335458
3.84794 0.02920907883922362
3.84914 0.02908263261048239
3.85035 0.02895618638174116
3.85156 0.02895618638174116
3.85276 0.02901940949611178
3.85397 0.02908263261048239
3.85518 0.02908263261048239
3.85638 0.02889296326737055
3.85759 0.028640070809888094
3.8588 0.02838717835240564
3.86 0.028260732123664412
3.86121 0.0281975090092938
3.86242 0.0281975090092938
3.86363 0.0281975090092938
3.86483 0.028134285894923183
3.86604 0.028007839666181953
3.86725 0.02794461655181134
3.86845 0.027881393437440727
3.86966 0.027818170323070116
3.87087 0.027754947208699497
3.87207 0.027754947208699497
3.87328 0.027754947208699497
3.87449 0.027754947208699497
3.87569 0.027691724094328886
3.8769 0.02756527786558766
3.87811 0.02743883163684643
3.87931 0.027375608522475815
3.88052 0.027312385408105204
3.88173 0.027312385408105204
3.88293 0.027312385408105204
3.88414 0.027249162293734586
3.88535 0.027122716064993363
3.88655 0.02693304672188152
3.88776 0.026743377378769678
3.88897 0.02661693115002845
3.89018 0.026553708035657833
3.89138 0.02661693115002845
3.89259 0.02661693115002845
3.8938 0.02661693115002845
3.895 0.026490484921287222
3.89621 0.026364038692545996
3.89742 0.02617436934943415
3.89862 0.02604792312069293
3.89983 0.0259214768919517
3.90104 0.0259214768919517
3.90224 0.02585825377758108
3.90345 0.02585825377758108
3.90466 0.02579503066321047
3.90586 0.025731807548839854
3.90707 0.025668584434469243
3.90828 0.025668584434469243
3.90948 0.025668584434469243
3.91069 0.025668584434469243
3.9119 0.025542138205728013
3.9131 0.0254789150913574
3.91431 0.02535246886261617
3.91552 0.025226022633874943
3.91673 0.025036353290763102
3.91793 0.024909907062021872
3.91914 0.02484668394765126
3.92035 0.02484668394765126
3.92155 0.02484668394765126
3.92276 0.024720237718910035
3.92397 0.024593791490168805
3.92517 0.02446734526142758
3.92638 0.02446734526142758
3.92759 0.024404122147056964
3.92879 0.02434089903268635
3.93 0.024277675918315735
3.93121 0.02415122968957451
3.93241 0.02402478346083328
3.93362 0.023961560346462667
3.93483 0.023898337232092053
3.93603 0.023835114117721438
3.93724 0.023898337232092053
3.93845 0.023898337232092053
3.93965 0.023898337232092053
3.94086 0.023835114117721438
3.94207 0.023771891003350823
3.94328 0.023645444774609597
3.94448 0.02351899854586837
3.94569 0.02339255231712714
3.9469 0.023266106088385915
3.9481 0.0232028829740153
3.94931 0.023139659859644685
3.95052 0.023139659859644685
3.95172 0.023139659859644685
3.95293 0.02307643674527407
3.95414 0.022949990516532844
3.95534 0.02288676740216223
3.95655 0.022760321173421
3.95776 0.02269709805905039
3.95896 0.02257065183030916
3.96017 0.022507428715938544
3.96138 0.02238098248719732
3.96258 0.02238098248719732
3.96379 0.022317759372826707
3.965 0.022191313144085477
3.9662 0.022128090029714862
3.96741 0.022191313144085477
3.96862 0.02225453625845609
3.96983 0.02225453625845609
3.97103 0.022191313144085477
3.97224 0.02206486691534425
3.97345 0.02193842068660302
3.97465 0.02181197445786179
3.97586 0.021685528229120565
3.97707 0.021685528229120565
3.97827 0.02162230511474995
3.97948 0.02162230511474995
3.98069 0.021559082000379336
3.98189 0.021559082000379336
3.9831 0.02143263577163811
3.98431 0.021369412657267498
3.98551 0.02124296642852627
3.98672 0.021116520199785042
3.98793 0.020926850856673198
3.98913 0.020800404627931972
3.99034 0.020673958399190742
3.99155 0.020610735284820127
3.99275 0.020610735284820127
3.99396 0.020547512170449516
3.99517 0.0204842890560789
3.99638 0.020421065941708286
3.99758 0.020421065941708286
3.99879 0.020421065941708286
4.0 0.02029461971296706
4.0012 0.020168173484225834
4.00241 0.01997850414111399
4.00362 0.01997850414111399
4.00482 0.01997850414111399
4.00603 0.01997850414111399
4.00724 0.01991528102674338
4.00844 0.01978883479800215
4.00965 0.01966238856926092
4.01086 0.019535942340519693
4.01206 0.019472719226149078
4.01327 0.019346272997407852
4.01448 0.01928304988303724
4.01568 0.019219826768666626
4.01689 0.019219826768666626
4.0181 0.01915660365429601
4.0193 0.019093380539925396
4.02051 0.018903711196813555
4.02172 0.018714041853701714
4.02293 0.018587595624960485
4.02413 0.018461149396219255
4.02534 0.018397926281848644
4.02655 0.018461149396219255
4.02775 0.018587595624960485
4.02896 0.018587595624960485
4.03017 0.01852437251058987
4.03137 0.01833470316747803
4.03258 0.018081810709995573
4.03379 0.017892141366883732
4.03499 0.017828918252513117
4.0362 0.017828918252513117
4.03741 0.017892141366883732
4.03861 0.017892141366883732
4.03982 0.017828918252513117
4.04103 0.01770247202377189
4.04223 0.017512802680660047
4.04344 0.01738635645191882
4.04465 0.01725991022317759
4.04586 0.01719668710880698
4.04706 0.01719668710880698
4.04827 0.01725991022317759
4.04948 0.01725991022317759
4.05068 0.01725991022317759
4.05189 0.01719668710880698
4.0531 0.01700701776569514
4.0543 0.016817348422583298
4.05551 0.01656445596510084
4.05672 0.016438009736359612
4.05792 0.016501232850730227
4.05913 0.01656445596510084
4.06034 0.016627679079471453
4.06154 0.01656445596510084
4.06275 0.016438009736359612
4.06396 0.01624834039324777
4.06516 0.01605867105013593
4.06637 0.01586900170702409
4.06758 0.015805778592653474
4.06878 0.015805778592653474
4.06999 0.0159322248213947
4.0712 0.01605867105013593
4.07241 0.01605867105013593
4.07361 0.0159322248213947
4.07482 0.01574255547828286
4.07603 0.015426439906429789
4.07723 0.015236770563317948
4.07844 0.015173547448947333
4.07965 0.015236770563317948
4.08085 0.015363216792059176
4.08206 0.015489663020800404
4.08327 0.015552886135171017
4.08447 0.015489663020800404
4.08568 0.015299993677688561
4.08689 0.015047101220206109
4.08809 0.014794208762723651
4.0893 0.014730985648353038
4.09051 0.014857431877094266
4.09171 0.01492065499146488
4.09292 0.014983878105835494
4.09413 0.014983878105835494
4.09533 0.01492065499146488
4.09654 0.014730985648353038
4.09775 0.01447809319087058
4.09896 0.014225200733388125
4.10016 0.0140987545046469
4.10137 0.0140987545046469
4.10258 0.014161977619017512
4.10378 0.014225200733388125
4.10499 0.01428842384775874
4.1062 0.014225200733388125
4.1074 0.014161977619017512
4.10861 0.013909085161535058
4.10982 0.013656192704052602
4.11102 0.013529746475311374
4.11223 0.013529746475311374
4.11344 0.013656192704052602
4.11464 0.01378263893279383
4.11585 0.013909085161535058
4.11706 0.013909085161535058
4.11826 0.01378263893279383
4.11947 0.013656192704052602
4.12068 0.01346652336094076
4.12188 0.013276854017828917
4.12309 0.013087184674717076
4.1243 0.013023961560346464
4.12551 0.013023961560346464
4.12671 0.013087184674717076
4.12792 0.013087184674717076
4.12913 0.01296073844597585
4.13033 0.012707845988493394
4.13154 0.012518176645381551
4.13275 0.012328507302269708
4.13395 0.012202061073528482
4.13516 0.012138837959157867
4.13637 0.012265284187899097
4.13757 0.012454953531010936
4.13878 0.012581399759752166
4.13999 0.012518176645381551
4.14119 0.012265284187899097
4.1424 0.01201239173041664
4.14361 0.011822722387304798
4.14481 0.01169627615856357
4.14602 0.011633053044192957
4.14723 0.011633053044192957
4.14843 0.01169627615856357
4.14964 0.011759499272934185
4.15085 0.011759499272934185
4.15206 0.011633053044192957
4.15326 0.011443383701081115
4.15447 0.01119049124359866
4.15568 0.011064045014857431
4.15688 0.011064045014857431
4.15809 0.011127268129228046
4.1593 0.01119049124359866
4.1605 0.011253714357969272
4.16171 0.011253714357969272
4.16292 0.01119049124359866
4.16412 0.011000821900486818
4.16533 0.010747929443004362
4.16654 0.010558260099892521
4.16774 0.010495036985521906
4.16895 0.010558260099892521
4.17016 0.010621483214263134
4.17136 0.010684706328633749
4.17257 0.010684706328633749
4.17378 0.010558260099892521
4.17498 0.010368590756780678
4.17619 0.010178921413668838
4.1774 0.01005247518492761
4.17861 0.009989252070556995
4.17981 0.009926028956186382
4.18102 0.009989252070556995
4.18223 0.01005247518492761
4.18343 0.009989252070556995
4.18464 0.009926028956186382
4.18585 0.009736359613074539
4.18705 0.009546690269962698
4.18826 0.00942024404122147
4.18947 0.009357020926850857
4.19067 0.00942024404122147
4.19188 0.009483467155592085
4.19309 0.009483467155592085
4.19429 0.009546690269962698
4.1955 0.009483467155592085
4.19671 0.009357020926850857
4.19791 0.009167351583739014
4.19912 0.008977682240627173
4.20033 0.008851236011885946
4.20153 0.00878801289751533
4.20274 0.008851236011885946
4.20395 0.008977682240627173
4.20516 0.009040905354997786
4.20636 0.008977682240627173
4.20757 0.008914459126256559
4.20878 0.008724789783144718
4.20998 0.008535120440032877
4.21119 0.008408674211291649
4.2124 0.008408674211291649
4.2136 0.008535120440032877
4.21481 0.008661566668774103
4.21602 0.008724789783144718
4.21722 0.008724789783144718
4.21843 0.008535120440032877
4.21964 0.00828222798255042
4.22084 0.00809255863943858
4.22205 0.00796611241069735
4.22326 0.00796611241069735
4.22446 0.00796611241069735
4.22567 0.008029335525067965
4.22688 0.008029335525067965
4.22808 0.008029335525067965
4.22929 0.007902889296326737
4.2305 0.0077132199532148945
4.23171 0.007523550610103054
4.23291 0.00746032749573244
4.23412 0.007397104381361826
4.23533 0.007397104381361826
4.23653 0.007397104381361826
4.23774 0.00746032749573244
4.23895 0.00746032749573244
4.24015 0.00746032749573244
4.24136 0.007397104381361826
4.24257 0.007207435038249984
4.24377 0.006954542580767529
4.24498 0.006828096352026301
4.24619 0.006828096352026301
4.24739 0.006954542580767529
4.2486 0.007017765695138143
4.24981 0.007017765695138143
4.25101 0.006828096352026301
4.25222 0.006511980780173232
4.25343 0.0061326420939495484
4.25463 0.005753303407725865
4.25584 0.005563634064614023
4.25705 0.005500410950243409
4.25826 0.005563634064614023
4.25946 0.005816526522096479
4.26067 0.006069418979578934
4.26188 0.006322311437061389
4.26308 0.006385534551432003
4.26429 0.006385534551432003
4.2655 0.0062590883226907755
4.2667 0.006069418979578934
4.26791 0.005942972750837706
4.26912 0.005816526522096479
4.27032 0.005753303407725865
4.27153 0.005753303407725865
4.27274 0.00569008029335525
4.27394 0.005626857178984636
4.27515 0.005437187835872795
4.27636 0.005247518492760953
4.27756 0.004994626035278497
4.27877 0.0047417335777960425
4.27998 0.004552064234684201
4.28119 0.004488841120313587
4.28239 0.004552064234684201
4.2836 0.0047417335777960425
4.28481 0.0048681798065372695
4.28601 0.004994626035278497
4.28722 0.004994626035278497
4.28843 0.0049314029209078835
4.28963 0.0048049566921666564
4.29084 0.0046785104634254285
4.29205 0.004552064234684201
4.29325 0.004552064234684201
4.29446 0.004615287349054814
4.29567 0.0047417335777960425
4.29687 0.0048049566921666564
4.29808 0.0047417335777960425
4.29929 0.004615287349054814
4.30049 0.004425618005942973
4.3017 0.004235948662831131
4.30291 0.004172725548460517
4.30411 0.00404627931971929
4.30532 0.00404627931971929
4.30653 0.004172725548460517
4.30774 0.004299171777201745
4.30894 0.004425618005942973
4.31015 0.004488841120313587
4.31136 0.004362394891572359
4.31256 0.004109502434089903
4.31377 0.003919833090978061
4.31498 0.0037933868622368333
4.31618 0.00373016374786622
4.31739 0.0038566099766074472
4.3186 0.003983056205348675
4.3198 0.004109502434089903
4.32101 0.004172725548460517
4.32222 0.004172725548460517
4.32342 0.00404627931971929
4.32463 0.0038566099766074472
4.32584 0.003540494404754378
4.32704 0.003350825061642536
4.32825 0.0032243788329013087
4.32946 0.0032243788329013087
4.33066 0.003287601947271922
4.33187 0.0034140481760131505
4.33308 0.003540494404754378
4.33429 0.003603717519124992
4.33549 0.003603717519124992
4.3367 0.0034772712903837644
4.33791 0.0032243788329013087
4.33911 0.003034709489789467
4.34032 0.0027818170323070115
4.34153 0.0027185939179363975
4.34273 0.0027185939179363975
4.34394 0.0027818170323070115
4.34515 0.0029082632610482394
4.34635 0.0029082632610482394
4.34756 0.0029082632610482394
4.34877 0.0029082632610482394
4.34997 0.002845040146677625
4.35118 0.0027185939179363975
4.35239 0.0025921476891951696
4.35359 0.0024657014604539417
4.3548 0.0024657014604539417
4.35601 0.0024657014604539417
4.35721 0.0025921476891951696
4.35842 0.0026553708035657836
4.35963 0.0027185939179363975
4.36084 0.0026553708035657836
4.36204 0.002528924574824556
4.36325 0.0024024783460833282
4.36446 0.0023392552317127143
4.36566 0.0022760321173421003
4.36687 0.0022760321173421003
4.36808 0.0022760321173421003
4.36928 0.0022760321173421003
4.37049 0.0022760321173421003
4.3717 0.0022128090029714864
4.3729 0.0021495858886008724
4.37411 0.002023139659859645
4.37532 0.0018966934311184167
4.37652 0.001770247202377189
4.37773 0.0017070240880065752
4.37894 0.001770247202377189
4.38014 0.001770247202377189
4.38135 0.001770247202377189
4.38256 0.001833470316747803
4.38376 0.001833470316747803
4.38497 0.001770247202377189
4.38618 0.0017070240880065752
4.38739 0.0015805778592653474
4.38859 0.0014541316305241197
4.3898 0.0013909085161535057
4.39101 0.0014541316305241197
4.39221 0.0015805778592653474
4.39342 0.001643800973635961
4.39463 0.001643800973635961
4.39583 0.0015805778592653474
4.39704 0.0014541316305241197
4.39825 0.0013276854017828918
4.39945 0.001264462287412278
4.40066 0.0012012391730416641
4.40187 0.0012012391730416641
4.40307 0.0012012391730416641
4.40428 0.001264462287412278
4.40549 0.001264462287412278
4.40669 0.0012012391730416641
4.4079 0.0011380160586710502
4.40911 0.0010747929443004362
4.41031 0.0009483467155592083
4.41152 0.0009483467155592083
4.41273 0.0008851236011885945
4.41394 0.0008851236011885945
4.41514 0.0008219004868179805
4.41635 0.0007586773724473667
4.41756 0.0007586773724473667
4.41876 0.0007586773724473667
4.41997 0.0008219004868179805
4.42118 0.0007586773724473667
4.42238 0.0006954542580767529
4.42359 0.0005690080293355251
4.4248 0.0005057849149649112
4.426 0.00044256180059429724
4.42721 0.0005057849149649112
4.42842 0.0005690080293355251
4.42962 0.0006954542580767529
4.43083 0.0006954542580767529
4.43204 0.000632231143706139
4.43324 0.0005690080293355251
4.43445 0.00044256180059429724
4.43566 0.0003161155718530695
4.43686 0.00018966934311184168
4.43807 6.32231143706139e-05
4.43928 6.32231143706139e-05
4.44049 0.0001264462287412278
4.44169 0.00018966934311184168
4.4429 0.0002528924574824556
4.44411 0.0002528924574824556
4.44531 0.0002528924574824556
4.44652 6.32231143706139e-05
4.44773 -6.32231143706139e-05
4.44893 -0.00018966934311184168
4.45014 -0.00018966934311184168
4.45135 -0.0002528924574824556
4.45255 -0.0002528924574824556
4.45376 -0.0002528924574824556
4.45497 -0.00018966934311184168
4.45617 -0.0001264462287412278
4.45738 -6.32231143706139e-05
4.45859 -0.0001264462287412278
4.45979 -0.00018966934311184168
4.461 -0.00037933868622368335
4.46221 -0.00044256180059429724
4.46341 -0.0005057849149649112
4.46462 -0.0005057849149649112
4.46583 -0.00044256180059429724
4.46704 -0.00044256180059429724
4.46824 -0.00037933868622368335
4.46945 -0.0003161155718530695
4.47066 -0.0002528924574824556
4.47186 -0.0002528924574824556
4.47307 -0.00037933868622368335
4.47428 -0.0005690080293355251
4.47548 -0.0008219004868179805
4.47669 -0.0009483467155592083
4.4779 -0.0009483467155592083
4.4791 -0.0008851236011885945
4.48031 -0.0007586773724473667
4.48152 -0.000632231143706139
4.48272 -0.000632231143706139
4.48393 -0.0006954542580767529
4.48514 -0.0006954542580767529
4.48634 -0.0008219004868179805
4.48755 -0.0009483467155592083
4.48876 -0.0011380160586710502
4.48997 -0.001264462287412278
4.49117 -0.0013276854017828918
4.49238 -0.0012012391730416641
4.49359 -0.0010115698299298225
4.49479 -0.0007586773724473667
4.496 -0.0006954542580767529
4.49721 -0.0006954542580767529
4.49841 -0.0008219004868179805
4.49962 -0.0010115698299298225
4.50083 -0.0011380160586710502
4.50203 -0.001264462287412278
4.50324 -0.0013276854017828918
4.50445 -0.0013909085161535057
4.50565 -0.0013276854017828918
4.50686 -0.001264462287412278
4.50807 -0.0011380160586710502
4.50927 -0.0010747929443004362
4.51048 -0.0010747929443004362
4.51169 -0.001264462287412278
4.51289 -0.0014541316305241197
4.5141 -0.0015805778592653474
4.51531 -0.001643800973635961
4.51652 -0.001643800973635961
4.51772 -0.0015805778592653474
4.51893 -0.0015173547448947334
4.52014 -0.0014541316305241197
4.52134 -0.0013909085161535057
4.52255 -0.0013276854017828918
4.52376 -0.0013909085161535057
4.52496 -0.0015173547448947334
4.52617 -0.0017070240880065752
4.52738 -0.001833470316747803
4.52858 -0.0019599165454890306
4.52979 -0.0019599165454890306
4.531 -0.0018966934311184167
4.5322 -0.001770247202377189
4.53341 -0.001643800973635961
4.53462 -0.0015173547448947334
4.53582 -0.0015173547448947334
4.53703 -0.0015173547448947334
4.53824 -0.0015173547448947334
4.53944 -0.001643800973635961
4.54065 -0.001770247202377189
4.54186 -0.0018966934311184167
4.54307 -0.002023139659859645
4.54427 -0.002023139659859645
4.54548 -0.0018966934311184167
4.54669 -0.0017070240880065752
4.54789 -0.0015805778592653474
4.5491 -0.0014541316305241197
4.55031 -0.0015173547448947334
4.55151 -0.0015805778592653474
4.55272 -0.0017070240880065752
4.55393 -0.0018966934311184167
4.55513 -0.0019599165454890306
4.55634 -0.0020863627742302585
4.55755 -0.0020863627742302585
4.55875 -0.002023139659859645
4.55996 -0.0018966934311184167
4.56117 -0.001770247202377189
4.56237 -0.0015805778592653474
4.56358 -0.0015173547448947334
4.56479 -0.0015173547448947334
4.56599 -0.001643800973635961
4.5672 -0.001770247202377189
4.56841 -0.0018966934311184167
4.56962 -0.0019599165454890306
4.57082 -0.0019599165454890306
4.57203 -0.0018966934311184167
4.57324 -0.001770247202377189
4.57444 -0.001643800973635961
4.57565 -0.0015805778592653474
4.57686 -0.0015173547448947334
4.57806 -0.0015173547448947334
4.57927 -0.0015805778592653474
4.58048 -0.0017070240880065752
4.58168 -0.001833470316747803
4.58289 -0.0019599165454890306
4.5841 -0.0019599165454890306
4.5853 -0.0019599165454890306
4.58651 -0.0018966934311184167
4.58772 -0.001770247202377189
4.58892 -0.001643800973635961
4.59013 -0.0015173547448947334
4.59134 -0.0015173547448947334
4.59254 -0.0015173547448947334
4.59375 -0.0015805778592653474
4.59496 -0.0017070240880065752
4.59617 -0.001770247202377189
4.59737 -0.001833470316747803
4.59858 -0.001833470316747803
4.59979 -0.001770247202377189
4.60099 -0.0017070240880065752
4.6022 -0.001643800973635961
4.60341 -0.0015173547448947334
4.60461 -0.0014541316305241197
4.60582 -0.0014541316305241197
4.60703 -0.0014541316305241197
4.60823 -0.0015173547448947334
4.60944 -0.0015805778592653474
4.61065 -0.001643800973635961
4.61185 -0.001643800973635961
4.61306 -0.001643800973635961
4.61427 -0.0015173547448947334
4.61547 -0.0013276854017828918
4.61668 -0.0012012391730416641
4.61789 -0.0011380160586710502
4.61909 -0.0011380160586710502
4.6203 -0.0012012391730416641
4.62151 -0.001264462287412278
4.62272 -0.0013909085161535057
4.62392 -0.0013909085161535057
4.62513 -0.0013276854017828918
4.62634 -0.001264462287412278
4.62754 -0.0012012391730416641
4.62875 -0.0010747929443004362
4.62996 -0.0010115698299298225
4.63116 -0.0009483467155592083
4.63237 -0.0008851236011885945
4.63358 -0.0009483467155592083
4.63478 -0.0010115698299298225
4.63599 -0.0010115698299298225
4.6372 -0.0010747929443004362
4.6384 -0.0010747929443004362
4.63961 -0.0010115698299298225
4.64082 -0.0008851236011885945
4.64202 -0.0007586773724473667
4.64323 -0.0006954542580767529
4.64444 -0.0006954542580767529
4.64564 -0.0007586773724473667
4.64685 -0.0008219004868179805
4.64806 -0.0008851236011885945
4.64927 -0.0008851236011885945
4.65047 -0.0008851236011885945
4.65168 -0.0008219004868179805
4.65289 -0.0007586773724473667
4.65409 -0.000632231143706139
4.6553 -0.0005057849149649112
4.65651 -0.0003161155718530695
4.65771 -0.0002528924574824556
4.65892 -0.00018966934311184168
4.66013 -0.00018966934311184168
4.66133 -0.0002528924574824556
4.66254 -0.0003161155718530695
4.66375 -0.00037933868622368335
4.66495 -0.00044256180059429724
4.66616 -0.00037933868622368335
4.66737 -0.0003161155718530695
4.66857 -0.00018966934311184168
4.66978 -0.0001264462287412278
4.67099 -0.0
4.67219 6.32231143706139e-05
4.6734 6.32231143706139e-05
4.67461 6.32231143706139e-05
4.67582 -0.0
4.67702 -0.0001264462287412278
4.67823 -0.00018966934311184168
4.67944 -0.00018966934311184168
4.68064 -6.32231143706139e-05
4.68185 0.0
4.68306 0.0001264462287412278
4.68426 0.00018966934311184168
4.68547 0.00018966934311184168
4.68668 0.00018966934311184168
4.68788 0.0001264462287412278
4.68909 0.0001264462287412278
4.6903 0.00018966934311184168
4.6915 0.00018966934311184168
4.69271 0.00018966934311184168
4.69392 0.0002528924574824556
4.69512 0.0003161155718530695
4.69633 0.00044256180059429724
4.69754 0.0005690080293355251
4.69875 0.000632231143706139
4.69995 0.0006954542580767529
4.70116 0.0006954542580767529
4.70237 0.000632231143706139
4.70357 0.0005057849149649112
4.70478 0.00037933868622368335
4.70599 0.00037933868622368335
4.70719 0.0003161155718530695
4.7084 0.00037933868622368335
4.70961 0.0005057849149649112
4.71081 0.0005690080293355251
4.71202 0.0006954542580767529
4.71323 0.0007586773724473667
4.71443 0.0007586773724473667
4.71564 0.0007586773724473667
4.71685 0.0007586773724473667
4.71805 0.0006954542580767529
4.71926 0.0006954542580767529
4.72047 0.000632231143706139
4.72167 0.0006954542580767529
4.72288 0.0006954542580767529
4.72409 0.0007586773724473667
4.7253 0.0008219004868179805
4.7265 0.0009483467155592083
4.72771 0.0010115698299298225
4.72892 0.0010747929443004362
4.73012 0.0011380160586710502
4.73133 0.0011380160586710502
4.73254 0.0010747929443004362
4.73374 0.0010115698299298225
4.73495 0.0009483467155592083
4.73616 0.0009483467155592083
4.73736 0.0010115698299298225
4.73857 0.0011380160586710502
4.73978 0.001264462287412278
4.74098 0.0014541316305241197
4.74219 0.0015173547448947334
4.7434 0.0015805778592653474
4.7446 0.0015805778592653474
4.74581 0.0015805778592653474
4.74702 0.0014541316305241197
4.74822 0.0013909085161535057
4.74943 0.0013276854017828918
4.75064 0.001264462287412278
4.75185 0.001264462287412278
4.75305 0.0013276854017828918
4.75426 0.0015173547448947334
4.75547 0.001643800973635961
4.75667 0.001833470316747803
4.75788 0.001833470316747803
4.75909 0.001833470316747803
4.76029 0.001770247202377189
4.7615 0.0017070240880065752
4.76271 0.0017070240880065752
4.76391 0.0017070240880065752
4.76512 0.001833470316747803
4.76633 0.0019599165454890306
4.76753 0.0020863627742302585
4.76874 0.0022760321173421003
4.76995 0.0023392552317127143
4.77115 0.0024657014604539417
4.77236 0.0024657014604539417
4.77357 0.0024657014604539417
4.77477 0.0024657014604539417
4.77598 0.0024657014604539417
4.77719 0.0024657014604539417
4.7784 0.0024657014604539417
4.7796 0.002528924574824556
4.78081 0.0026553708035657836
4.78202 0.0027818170323070115
4.78322 0.0029082632610482394
4.78443 0.002971486375418853
4.78564 0.003034709489789467
4.78684 0.0030979326041600808
4.78805 0.0030979326041600808
4.78926 0.003034709489789467
4.79046 0.003034709489789467
4.79167 0.002971486375418853
4.79288 0.002971486375418853
4.79408 0.002971486375418853
4.79529 0.003034709489789467
4.7965 0.0031611557185306947
4.7977 0.003287601947271922
4.79891 0.0034772712903837644
4.80012 0.003603717519124992
4.80132 0.003666940633495606
4.80253 0.003666940633495606
4.80374 0.003666940633495606
4.80495 0.003666940633495606
4.80615 0.003666940633495606
4.80736 0.003666940633495606
4.80857 0.00373016374786622
4.80977 0.0037933868622368333
4.81098 0.0038566099766074472
4.81219 0.003983056205348675
4.81339 0.004109502434089903
4.8146 0.004172725548460517
4.81581 0.004235948662831131
4.81701 0.004299171777201745
4.81822 0.004299171777201745
4.81943 0.004235948662831131
4.82063 0.004172725548460517
4.82184 0.004172725548460517
4.82305 0.004172725548460517
4.82425 0.004299171777201745
4.82546 0.004362394891572359
4.82667 0.004488841120313587
4.82787 0.004615287349054814
4.82908 0.0046785104634254285
4.83029 0.0047417335777960425
4.8315 0.0047417335777960425
4.8327 0.0047417335777960425
4.83391 0.0047417335777960425
4.83512 0.0046785104634254285
4.83632 0.004615287349054814
4.83753 0.004552064234684201
4.83874 0.004488841120313587
4.83994 0.004488841120313587
4.84115 0.004488841120313587
4.84236 0.004615287349054814
4.84356 0.0047417335777960425
4.84477 0.0048681798065372695
4.84598 0.0049314029209078835
4.84718 0.004994626035278497
4.84839 0.004994626035278497
4.8496 0.0049314029209078835
4.8508 0.0049314029209078835
4.85201 0.0048681798065372695
4.85322 0.0048681798065372695
4.85442 0.0048049566921666564
4.85563 0.0047417335777960425
4.85684 0.0047417335777960425
4.85805 0.0048049566921666564
4.85925 0.0048049566921666564
4.86046 0.0049314029209078835
4.86167 0.004994626035278497
4.86287 0.005057849149649112
4.86408 0.005057849149649112
4.86529 0.004994626035278497
4.86649 0.004994626035278497
4.8677 0.0049314029209078835
4.86891 0.0048681798065372695
4.87011 0.0048049566921666564
4.87132 0.0048681798065372695
4.87253 0.0049314029209078835
4.87373 0.005057849149649112
4.87494 0.005247518492760953
4.87615 0.005310741607131567
4.87735 0.005373964721502181
4.87856 0.005373964721502181
4.87977 0.005310741607131567
4.88097 0.005247518492760953
4.88218 0.005184295378390339
4.88339 0.005121072264019725
4.8846 0.005121072264019725
4.8858 0.005184295378390339
4.88701 0.005247518492760953
4.88822 0.005310741607131567
4.88942 0.005373964721502181
4.89063 0.005500410950243409
4.89184 0.005563634064614023
4.89304 0.005500410950243409
4.89425 0.005500410950243409
4.89546 0.005373964721502181
4.89666 0.005310741607131567
4.89787 0.005247518492760953
4.89908 0.005184295378390339
4.90028 0.005247518492760953
4.90149 0.005310741607131567
4.9027 0.005437187835872795
4.9039 0.005563634064614023
4.90511 0.00569008029335525
4.90632 0.005753303407725865
4.90753 0.005816526522096479
4.90873 0.005879749636467093
4.90994 0.005879749636467093
4.91115 0.005879749636467093
4.91235 0.005816526522096479
4.91356 0.005816526522096479
4.91477 0.005753303407725865
4.91597 0.005753303407725865
4.91718 0.005753303407725865
4.91839 0.005816526522096479
4.91959 0.005942972750837706
4.9208 0.00600619586520832
4.92201 0.006069418979578934
4.92321 0.006069418979578934
4.92442 0.006069418979578934
4.92563 0.00600619586520832
4.92683 0.005942972750837706
4.92804 0.005879749636467093
4.92925 0.005816526522096479
4.93045 0.005753303407725865
4.93166 0.00569008029335525
4.93287 0.00569008029335525
4.93408 0.00569008029335525
4.93528 0.005816526522096479
4.93649 0.005942972750837706
4.9377 0.0061326420939495484
4.9389 0.0061958652083201615
4.94011 0.0061958652083201615
4.94132 0.0061326420939495484
4.94252 0.00600619586520832
4.94373 0.005942972750837706
4.94494 0.005816526522096479
4.94614 0.005753303407725865
4.94735 0.00569008029335525
4.94856 0.00569008029335525
4.94976 0.005753303407725865
4.95097 0.005816526522096479
4.95218 0.005942972750837706
4.95338 0.00600619586520832
4.95459 0.006069418979578934
4.9558 0.006069418979578934
4.957 0.006069418979578934
4.95821 0.00600619586520832
4.95942 0.005879749636467093
4.96063 0.005816526522096479
4.96183 0.00569008029335525
4.96304 0.00569008029335525
4.96425 0.005626857178984636
4.96545 0.005626857178984636
4.96666 0.005626857178984636
4.96787 0.005626857178984636
4.96907 0.005626857178984636
4.97028 0.005563634064614023
4.97149 0.005563634064614023
4.97269 0.005500410950243409
4.9739 0.005500410950243409
4.97511 0.005437187835872795
4.97631 0.005373964721502181
4.97752 0.005373964721502181
4.97873 0.005310741607131567
4.97993 0.005247518492760953
4.98114 0.005184295378390339
4.98235 0.005121072264019725
4.98355 0.005121072264019725
4.98476 0.005057849149649112
4.98597 0.004994626035278497
4.98718 0.004994626035278497
4.98838 0.0049314029209078835
4.98959 0.0048681798065372695
4.9908 0.0048681798065372695
4.992 0.0048049566921666564
4.99321 0.0046785104634254285
4.99442 0.004615287349054814
4.99562 0.004488841120313587
4.99683 0.004425618005942973
4.99804 0.004299171777201745
4.99924 0.004299171777201745
5.00045 0.004235948662831131
5.00166 0.004235948662831131
5.00286 0.004172725548460517
5.00407 0.004172725548460517
5.00528 0.004172725548460517
5.00648 0.004172725548460517
5.00769 0.004109502434089903
5.0089 0.004109502434089903
5.0101 0.00404627931971929
5.01131 0.00404627931971929
5.01252 0.003983056205348675
5.01373 0.003919833090978061
5.01493 0.0038566099766074472
5.01614 0.0037933868622368333
5.01735 0.00373016374786622
5.01855 0.00373016374786622
5.01976 0.003666940633495606
5.02097 0.003666940633495606
5.02217 0.003666940633495606
5.02338 0.003666940633495606
5.02459 0.003666940633495606
5.02579 0.00373016374786622
5.027 0.00373016374786622
5.02821 0.00373016374786622
5.02941 0.00373016374786622
5.03062 0.003666940633495606
5.03183 0.003603717519124992
5.03303 0.0034772712903837644
5.03424 0.003350825061642536
5.03545 0.0032243788329013087
5.03665 0.0031611557185306947
5.03786 0.0030979326041600808
5.03907 0.0030979326041600808
5.04028 0.0030979326041600808
5.04148 0.0031611557185306947
5.04269 0.0032243788329013087
5.0439 0.003350825061642536
5.0451 0.0034140481760131505
5.04631 0.0034772712903837644
5.04752 0.0034140481760131505
5.04872 0.003287601947271922
5.04993 0.0030979326041600808
5.05114 0.0029082632610482394
5.05234 0.0027185939179363975
5.05355 0.0025921476891951696
5.05476 0.0026553708035657836
5.05596 0.0027185939179363975
5.05717 0.002845040146677625
5.05838 0.002971486375418853
5.05958 0.0030979326041600808
5.06079 0.0031611557185306947
5.062 0.0031611557185306947
5.0632 0.0030979326041600808
5.06441 0.003034709489789467
5.06562 0.0029082632610482394
5.06683 0.0027185939179363975
5.06803 0.0025921476891951696
5.06924 0.0024657014604539417
5.07045 0.0023392552317127143
5.07165 0.0023392552317127143
5.07286 0.0024024783460833282
5.07407 0.002528924574824556
5.07527 0.0027185939179363975
5.07648 0.002845040146677625
5.07769 0.002971486375418853
5.07889 0.002971486375418853
5.0801 0.002845040146677625
5.08131 0.0027185939179363975
5.08251 0.0025921476891951696
5.08372 0.0024024783460833282
5.08493 0.0022760321173421003
5.08613 0.0021495858886008724
5.08734 0.0020863627742302585
5.08855 0.002023139659859645
5.08975 0.0020863627742302585
5.09096 0.0021495858886008724
5.09217 0.0023392552317127143
5.09338 0.0024657014604539417
5.09458 0.0025921476891951696
5.09579 0.0027185939179363975
5.097 0.0027185939179363975
5.0982 0.0026553708035657836
5.09941 0.0024657014604539417
5.10062 0.0022760321173421003
5.10182 0.002023139659859645
5.10303 0.001833470316747803
5.10424 0.0017070240880065752
5.10544 0.001643800973635961
5.10665 0.001643800973635961
5.10786 0.0017070240880065752
5.10906 0.0018966934311184167
5.11027 0.0020863627742302585
5.11148 0.0022760321173421003
5.11268 0.0024024783460833282
5.11389 0.0024657014604539417
5.1151 0.0024024783460833282
5.11631 0.0022760321173421003
5.11751 0.0020863627742302585
5.11872 0.0018966934311184167
5.11993 0.001643800973635961
5.12113 0.0015173547448947334
5.12234 0.0014541316305241197
5.12355 0.0014541316305241197
5.12475 0.0015173547448947334
5.12596 0.001643800973635961
5.12717 0.001770247202377189
5.12837 0.0018966934311184167
5.12958 0.0019599165454890306
5.13079 0.002023139659859645
5.13199 0.002023139659859645
5.1332 0.0018966934311184167
5.13441 0.0017070240880065752
5.13561 0.0014541316305241197
5.13682 0.0012012391730416641
5.13803 0.0009483467155592083
5.13923 0.0008851236011885945
5.14044 0.0008219004868179805
5.14165 0.0008851236011885945
5.14286 0.0010747929443004362
5.14406 0.0013276854017828918
5.14527 0.0015805778592653474
5.14648 0.001770247202377189
5.14768 0.0018966934311184167
5.14889 0.0019599165454890306
5.1501 0.001833470316747803
5.1513 0.0017070240880065752
5.15251 0.0013909085161535057
5.15372 0.0010747929443004362
5.15492 0.0008219004868179805
5.15613 0.000632231143706139
5.15734 0.0005690080293355251
5.15854 0.0006954542580767529
5.15975 0.0008851236011885945
5.16096 0.0011380160586710502
5.16216 0.0013909085161535057
5.16337 0.0015805778592653474
5.16458 0.001643800973635961
5.16578 0.001643800973635961
5.16699 0.0015173547448947334
5.1682 0.001264462287412278
5.16941 0.0010115698299298225
5.17061 0.0006954542580767529
5.17182 0.00044256180059429724
5.17303 0.00018966934311184168
5.17423 6.32231143706139e-05
5.17544 0.0
5.17665 6.32231143706139e-05
5.17785 0.00018966934311184168
5.17906 0.0003161155718530695
5.18027 0.0005057849149649112
5.18147 0.000632231143706139
5.18268 0.0006954542580767529
5.18389 0.000632231143706139
5.18509 0.0005057849149649112
5.1863 0.0002528924574824556
5.18751 -0.0
5.18871 -0.0002528924574824556
5.18992 -0.0005057849149649112
5.19113 -0.000632231143706139
5.19233 -0.0006954542580767529
5.19354 -0.0006954542580767529
5.19475 -0.0005690080293355251
5.19596 -0.00044256180059429724
5.19716 -0.0002528924574824556
5.19837 -0.0001264462287412278
5.19958 -6.32231143706139e-05
5.20078 -0.0
5.20199 -6.32231143706139e-05
5.2032 -0.00018966934311184168
5.2044 -0.00044256180059429724
5.20561 -0.0006954542580767529
5.20682 -0.0009483467155592083
5.20802 -0.0011380160586710502
5.20923 -0.001264462287412278
5.21044 -0.001264462287412278
5.21164 -0.0012012391730416641
5.21285 -0.0010747929443004362
5.21406 -0.0009483467155592083
5.21526 -0.0007586773724473667
5.21647 -0.0005690080293355251
5.21768 -0.0005057849149649112
5.21888 -0.00044256180059429724
5.22009 -0.0005057849149649112
5.2213 -0.0006954542580767529
5.22251 -0.0009483467155592083
5.22371 -0.0012012391730416641
5.22492 -0.0014541316305241197
5.22613 -0.001643800973635961
5.22733 -0.0017070240880065752
5.22854 -0.0017070240880065752
5.22975 -0.001643800973635961
5.23095 -0.0015173547448947334
5.23216 -0.0013276854017828918
5.23337 -0.0012012391730416641
5.23457 -0.0010747929443004362
5.23578 -0.0010115698299298225
5.23699 -0.0009483467155592083
5.23819 -0.0010115698299298225
5.2394 -0.0010747929443004362
5.24061 -0.001264462287412278
5.24181 -0.0014541316305241197
5.24302 -0.0017070240880065752
5.24423 -0.0018966934311184167
5.24543 -0.002023139659859645
5.24664 -0.002023139659859645
5.24785 -0.0018966934311184167
5.24906 -0.001770247202377189
5.25026 -0.0015805778592653474
5.25147 -0.0014541316305241197
5.25268 -0.0013909085161535057
5.25388 -0.0013909085161535057
5.25509 -0.0014541316305241197
5.2563 -0.0015805778592653474
5.2575 -0.0017070240880065752
5.25871 -0.0018966934311184167
5.25992 -0.002023139659859645
5.26112 -0.0021495858886008724
5.26233 -0.0022760321173421003
5.26354 -0.0022760321173421003
5.26474 -0.0022760321173421003
5.26595 -0.0022128090029714864
5.26716 -0.0020863627742302585
5.26836 -0.0019599165454890306
5.26957 -0.0018966934311184167
5.27078 -0.001833470316747803
5.27198 -0.001770247202377189
5.27319 -0.001833470316747803
5.2744 -0.0019599165454890306
5.27561 -0.0021495858886008724
5.27681 -0.0023392552317127143
5.27802 -0.0024657014604539417
5.27923 -0.0025921476891951696
5.28043 -0.0026553708035657836
5.28164 -0.0025921476891951696
5.28285 -0.002528924574824556
5.28405 -0.0024657014604539417
5.28526 -0.0024024783460833282
5.28647 -0.0022760321173421003
5.28767 -0.0022128090029714864
5.28888 -0.0022128090029714864
5.29009 -0.0021495858886008724
5.29129 -0.0022128090029714864
5.2925 -0.0022760321173421003
5.29371 -0.0023392552317127143
5.29491 -0.0024657014604539417
5.29612 -0.002528924574824556
5.29733 -0.0025921476891951696
5.29853 -0.0026553708035657836
5.29974 -0.0026553708035657836
5.30095 -0.0025921476891951696
5.30216 -0.002528924574824556
5.30336 -0.0024657014604539417
5.30457 -0.0024657014604539417
5.30578 -0.0024024783460833282
5.30698 -0.0024657014604539417
5.30819 -0.002528924574824556
5.3094 -0.0026553708035657836
5.3106 -0.0027818170323070115
5.31181 -0.0029082632610482394
5.31302 -0.002971486375418853
5.31422 -0.0030979326041600808
5.31543 -0.0031611557185306947
5.31664 -0.0031611557185306947
5.31784 -0.0030979326041600808
5.31905 -0.003034709489789467
5.32026 -0.0029082632610482394
5.32146 -0.0027818170323070115
5.32267 -0.0027185939179363975
5.32388 -0.0026553708035657836
5.32509 -0.0026553708035657836
5.32629 -0.0027185939179363975
5.3275 -0.0027818170323070115
5.32871 -0.0029082632610482394
5.32991 -0.002971486375418853
5.33112 -0.0030979326041600808
5.33233 -0.0030979326041600808
5.33353 -0.0031611557185306947
5.33474 -0.0030979326041600808
5.33595 -0.002971486375418853
5.33715 -0.002845040146677625
5.33836 -0.0026553708035657836
5.33957 -0.002528924574824556
5.34077 -0.0023392552317127143
5.34198 -0.0022128090029714864
5.34319 -0.0022128090029714864
5.34439 -0.0022128090029714864
5.3456 -0.0023392552317127143
5.34681 -0.002528924574824556
5.34801 -0.0027185939179363975
5.34922 -0.002845040146677625
5.35043 -0.002971486375418853
5.35164 -0.002971486375418853
5.35284 -0.002845040146677625
5.35405 -0.0026553708035657836
5.35526 -0.0024657014604539417
5.35646 -0.0022128090029714864
5.35767 -0.002023139659859645
5.35888 -0.001833470316747803
5.36008 -0.0017070240880065752
5.36129 -0.001643800973635961
5.3625 -0.001643800973635961
5.3637 -0.0017070240880065752
5.36491 -0.001770247202377189
5.36612 -0.0018966934311184167
5.36732 -0.002023139659859645
5.36853 -0.0020863627742302585
5.36974 -0.0020863627742302585
5.37094 -0.002023139659859645
5.37215 -0.0018966934311184167
5.37336 -0.001643800973635961
5.37456 -0.0013276854017828918
5.37577 -0.0010747929443004362
5.37698 -0.0008219004868179805
5.37819 -0.000632231143706139
5.37939 -0.0005690080293355251
5.3806 -0.0005057849149649112
5.38181 -0.0005690080293355251
5.38301 -0.000632231143706139
5.38422 -0.0007586773724473667
5.38543 -0.0008851236011885945
5.38663 -0.0009483467155592083
5.38784 -0.0010115698299298225
5.38905 -0.0010115698299298225
5.39025 -0.0008851236011885945
5.39146 -0.0006954542580767529
5.39267 -0.00044256180059429724
5.39387 -0.00018966934311184168
5.39508 0.0001264462287412278
5.39629 0.0003161155718530695
5.39749 0.0005057849149649112
5.3987 0.0005690080293355251
5.39991 0.0005690080293355251
5.40111 0.00044256180059429724
5.40232 0.0003161155718530695
5.40353 0.00018966934311184168
5.40474 6.32231143706139e-05
5.40594 -0.0
5.40715 0.0
5.40836 6.32231143706139e-05
5.40956 0.0001264462287412278
5.41077 0.00037933868622368335
5.41198 0.0005690080293355251
5.41318 0.0008219004868179805
5.41439 0.0010747929443004362
5.4156 0.001264462287412278
5.4168 0.0013276854017828918
5.41801 0.0013909085161535057
5.41922 0.0013276854017828918
5.42042 0.0012012391730416641
5.42163 0.0010747929443004362
5.42284 0.0008851236011885945
5.42404 0.0007586773724473667
5.42525 0.000632231143706139
5.42646 0.0005690080293355251
5.42766 0.0005690080293355251
5.42887 0.0006954542580767529
5.43008 0.0008219004868179805
5.43129 0.0010747929443004362
5.43249 0.001264462287412278
5.4337 0.0015173547448947334
5.43491 0.0017070240880065752
5.43611 0.001770247202377189
5.43732 0.001833470316747803
5.43853 0.001770247202377189
5.43973 0.001643800973635961
5.44094 0.0015173547448947334
5.44215 0.001264462287412278
5.44335 0.0010747929443004362
5.44456 0.0009483467155592083
5.44577 0.0008851236011885945
5.44697 0.0009483467155592083
5.44818 0.0010747929443004362
5.44939 0.001264462287412278
5.45059 0.0015173547448947334
5.4518 0.001770247202377189
5.45301 0.0019599165454890306
5.45421 0.0021495858886008724
5.45542 0.0022128090029714864
5.45663 0.0021495858886008724
5.45784 0.0020863627742302585
5.45904 0.0018966934311184167
5.46025 0.001770247202377189
5.46146 0.0015805778592653474
5.46266 0.0013909085161535057
5.46387 0.001264462287412278
5.46508 0.0012012391730416641
5.46628 0.0011380160586710502
5.46749 0.0012012391730416641
5.4687 0.001264462287412278
5.4699 0.0013909085161535057
5.47111 0.0015805778592653474
5.47232 0.0017070240880065752
5.47352 0.001833470316747803
5.47473 0.0019599165454890306
5.47594 0.0019599165454890306
5.47714 0.001833470316747803
5.47835 0.0017070240880065752
5.47956 0.0015173547448947334
5.48076 0.0013276854017828918
5.48197 0.0011380160586710502
5.48318 0.0010115698299298225
5.48439 0.0008851236011885945
5.48559 0.0008851236011885945
5.4868 0.0008851236011885945
5.48801 0.0010115698299298225
5.48921 0.0010747929443004362
5.49042 0.0012012391730416641
5.49163 0.0013276854017828918
5.49283 0.0013909085161535057
5.49404 0.0015173547448947334
5.49525 0.0015173547448947334
5.49645 0.0014541316305241197
5.49766 0.0013909085161535057
5.49887 0.001264462287412278
5.50007 0.0010747929443004362
5.50128 0.0009483467155592083
5.50249 0.0008219004868179805
5.50369 0.0006954542580767529
5.5049 0.0006954542580767529
5.50611 0.0007586773724473667
5.50731 0.0008219004868179805
5.50852 0.0009483467155592083
5.50973 0.0010747929443004362
5.51094 0.0011380160586710502
5.51214 0.0012012391730416641
5.51335 0.0012012391730416641
5.51456 0.0011380160586710502
5.51576 0.0010747929443004362
5.51697 0.0010115698299298225
5.51818 0.0008851236011885945
5.51938 0.0008219004868179805
5.52059 0.0007586773724473667
5.5218 0.0006954542580767529
5.523 0.0006954542580767529
5.52421 0.0006954542580767529
5.52542 0.0007586773724473667
5.52662 0.0008219004868179805
5.52783 0.0008851236011885945
5.52904 0.0010115698299298225
5.53024 0.0011380160586710502
5.53145 0.0012012391730416641
5.53266 0.0013276854017828918
5.53386 0.0013909085161535057
5.53507 0.0013909085161535057
5.53628 0.0013909085161535057
5.53749 0.0013909085161535057
5.53869 0.0013276854017828918
5.5399 0.001264462287412278
5.54111 0.0012012391730416641
5.54231 0.0012012391730416641
5.54352 0.0012012391730416641
5.54473 0.0012012391730416641
5.54593 0.0012012391730416641
5.54714 0.001264462287412278
5.54835 0.0013276854017828918
5.54955 0.0013909085161535057
5.55076 0.0013909085161535057
5.55197 0.0014541316305241197
5.55317 0.0015173547448947334
5.55438 0.0015805778592653474
5.55559 0.0015805778592653474
5.55679 0.001643800973635961
5.558 0.0017070240880065752
5.55921 0.001770247202377189
5.56042 0.001833470316747803
5.56162 0.0019599165454890306
5.56283 0.0020863627742302585
5.56404 0.0022128090029714864
5.56524 0.0023392552317127143
5.56645 0.0024657014604539417
5.56766 0.0025921476891951696
5.56886 0.0026553708035657836
5.57007 0.0027185939179363975
5.57128 0.0027185939179363975
5.57248 0.0026553708035657836
5.57369 0.0026553708035657836
5.5749 0.0025921476891951696
5.5761 0.002528924574824556
5.57731 0.002528924574824556
5.57852 0.002528924574824556
5.57972 0.002528924574824556
5.58093 0.0025921476891951696
5.58214 0.0027185939179363975
5.58334 0.0029082632610482394
5.58455 0.003034709489789467
5.58576 0.003287601947271922
5.58697 0.0034772712903837644
5.58817 0.003603717519124992
5.58938 0.0037933868622368333
5.59059 0.0038566099766074472
5.59179 0.003919833090978061
5.593 0.003919833090978061
5.59421 0.003919833090978061
5.59541 0.0038566099766074472
5.59662 0.0038566099766074472
5.59783 0.0038566099766074472
5.59903 0.003919833090978061
5.60024 0.003983056205348675
5.60145 0.00404627931971929
5.60265 0.004235948662831131
5.60386 0.004425618005942973
5.60507 0.004615287349054814
5.60627 0.0048049566921666564
5.60748 0.0049314029209078835
5.60869 0.005057849149649112
5.60989 0.005184295378390339
5.6111 0.005184295378390339
5.61231 0.005184295378390339
5.61352 0.005121072264019725
5.61472 0.005121072264019725
5.61593 0.005057849149649112
5.61714 0.005057849149649112
5.61834 0.005057849149649112
5.61955 0.005121072264019725
5.62076 0.005247518492760953
5.62196 0.005373964721502181
5.62317 0.005563634064614023
5.62438 0.00569008029335525
5.62558 0.005879749636467093
5.62679 0.00600619586520832
5.628 0.006069418979578934
5.6292 0.0061326420939495484
5.63041 0.0061326420939495484
5.63162 0.006069418979578934
5.63282 0.005942972750837706
5.63403 0.005816526522096479
5.63524 0.00569008029335525
5.63644 0.005563634064614023
5.63765 0.005437187835872795
5.63886 0.005437187835872795
5.64007 0.005437187835872795
5.64127 0.005500410950243409
5.64248 0.005563634064614023
5.64369 0.005753303407725865
5.64489 0.005879749636467093
5.6461 0.006069418979578934
5.64731 0.0061958652083201615
5.64851 0.0062590883226907755
5.64972 0.006322311437061389
5.65093 0.0062590883226907755
5.65213 0.0061326420939495484
5.65334 0.005942972750837706
5.65455 0.00569008029335525
5.65575 0.005437187835872795
5.65696 0.005247518492760953
5.65817 0.005057849149649112
5.65937 0.0049314029209078835
5.66058 0.0048681798065372695
5.66179 0.0048681798065372695
5.66299 0.0049314029209078835
5.6642 0.005057849149649112
5.66541 0.005247518492760953
5.66662 0.005373964721502181
5.66782 0.005500410950243409
5.66903 0.005563634064614023
5.67024 0.005563634064614023
5.67144 0.005437187835872795
5.67265 0.005310741607131567
5.67386 0.005057849149649112
5.67506 0.0048049566921666564
5.67627 0.004552064234684201
5.67748 0.004299171777201745
5.67868 0.00404627931971929
5.67989 0.0038566099766074472
5.6811 0.003666940633495606
5.6823 0.003603717519124992
5.68351 0.003540494404754378
5.68472 0.003540494404754378
5.68592 0.003603717519124992
5.68713 0.003666940633495606
5.68834 0.00373016374786622
5.68954 0.0037933868622368333
5.69075 0.0037933868622368333
5.69196 0.0037933868622368333
5.69317 0.003666940633495606
5.69437 0.003540494404754378
5.69558 0.003350825061642536
5.69679 0.0030979326041600808
5.69799 0.002845040146677625
5.6992 0.0026553708035657836
5.70041 0.0024024783460833282
5.70161 0.0022760321173421003
5.70282 0.0022128090029714864
5.70403 0.0021495858886008724
5.70523 0.0022128090029714864
5.70644 0.0022760321173421003
5.70765 0.0023392552317127143
5.70885 0.0024024783460833282
5.71006 0.002528924574824556
5.71127 0.002528924574824556
5.71247 0.002528924574824556
5.71368 0.002528924574824556
5.71489 0.0024024783460833282
5.71609 0.0022760321173421003
5.7173 0.0021495858886008724
5.71851 0.0019599165454890306
5.71972 0.001770247202377189
5.72092 0.0015805778592653474
5.72213 0.0013909085161535057
5.72334 0.0013276854017828918
5.72454 0.001264462287412278
5.72575 0.0012012391730416641
5.72696 0.001264462287412278
5.72816 0.0013909085161535057
5.72937 0.0014541316305241197
5.73058 0.0015805778592653474
5.73178 0.001643800973635961
5.73299 0.0017070240880065752
5.7342 0.0017070240880065752
5.7354 0.001643800973635961
5.73661 0.0015173547448947334
5.73782 0.0013909085161535057
5.73902 0.0012012391730416641
5.74023 0.0010747929443004362
5.74144 0.0008851236011885945
5.74264 0.0007586773724473667
5.74385 0.000632231143706139
5.74506 0.0005690080293355251
5.74627 0.0005690080293355251
5.74747 0.0005690080293355251
5.74868 0.0005690080293355251
5.74989 0.000632231143706139
5.75109 0.0006954542580767529
5.7523 0.0007586773724473667
5.75351 0.0008219004868179805
5.75471 0.0008851236011885945
5.75592 0.0008851236011885945
5.75713 0.0008219004868179805
5.75833 0.0007586773724473667
5.75954 0.000632231143706139
5.76075 0.00044256180059429724
5.76195 0.0003161155718530695
5.76316 0.00018966934311184168
5.76437 6.32231143706139e-05
5.76557 -6.32231143706139e-05
5.76678 -0.0001264462287412278
5.76799 -0.0001264462287412278
5.7692 -0.0001264462287412278
5.7704 -0.0
5.77161 6.32231143706139e-05
5.77282 0.00018966934311184168
5.77402 0.0003161155718530695
5.77523 0.00044256180059429724
5.77644 0.0005690080293355251
5.77764 0.0005690080293355251
5.77885 0.0005690080293355251
5.78006 0.0005057849149649112
5.78126 0.00037933868622368335
5.78247 0.0002528924574824556
5.78368 0.0001264462287412278
5.78488 6.32231143706139e-05
5.78609 0.0
5.7873 0.0
5.7885 -0.0
5.78971 0.0
5.79092 6.32231143706139e-05
5.79212 6.32231143706139e-05
5.79333 0.0001264462287412278
5.79454 0.0001264462287412278
5.79575 0.0001264462287412278
5.79695 0.0001264462287412278
5.79816 0.0001264462287412278
5.79937 0.0001264462287412278
5.80057 0.0001264462287412278
5.80178 6.32231143706139e-05
5.80299 6.32231143706139e-05
5.80419 6.32231143706139e-05
5.8054 6.32231143706139e-05
5.80661 6.32231143706139e-05
5.80781 0.0001264462287412278
5.80902 0.00018966934311184168
5.81023 0.00037933868622368335
5.81143 0.0005690080293355251
5.81264 0.0007586773724473667
5.81385 0.0009483467155592083
5.81505 0.0012012391730416641
5.81626 0.0013909085161535057
5.81747 0.0015805778592653474
5.81867 0.0017070240880065752
5.81988 0.001770247202377189
5.82109 0.001833470316747803
5.8223 0.0018966934311184167
5.8235 0.0019599165454890306
5.82471 0.002023139659859645
5.82592 0.0020863627742302585
5.82712 0.0022128090029714864
5.82833 0.0023392552317127143
5.82954 0.002528924574824556
5.83074 0.0027185939179363975
5.83195 0.0029082632610482394
5.83316 0.0030979326041600808
5.83436 0.003350825061642536
5.83557 0.003540494404754378
5.83678 0.00373016374786622
5.83798 0.0038566099766074472
5.83919 0.003983056205348675
5.8404 0.00404627931971929
5.8416 0.004109502434089903
5.84281 0.004109502434089903
5.84402 0.004109502434089903
5.84522 0.004109502434089903
5.84643 0.004109502434089903
5.84764 0.004172725548460517
5.84885 0.004299171777201745
5.85005 0.004425618005942973
5.85126 0.0046785104634254285
5.85247 0.0049314029209078835
5.85367 0.005184295378390339
5.85488 0.005500410950243409
5.85609 0.005816526522096479
5.85729 0.006069418979578934
5.8585 0.006322311437061389
5.85971 0.006511980780173232
5.86091 0.006701650123285072
5.86212 0.006828096352026301
5.86333 0.006891319466396915
5.86453 0.006954542580767529
5.86574 0.006954542580767529
5.86695 0.006891319466396915
5.86815 0.006891319466396915
5.86936 0.006891319466396915
5.87057 0.006954542580767529
5.87177 0.007080988809508756
5.87298 0.007333881266991212
5.87419 0.0077132199532148945
5.8754 0.00809255863943858
5.8766 0.00859834355440349
5.87781 0.009104128469368401
5.87902 0.009546690269962698
5.88022 0.009989252070556995
5.88143 0.010305367642410064
5.88264 0.010558260099892521
5.88384 0.010684706328633749
5.88505 0.010811152557374975
5.88626 0.010811152557374975
5.88746 0.010811152557374975
5.88867 0.010811152557374975
5.88988 0.010811152557374975
5.89108 0.010811152557374975
5.89229 0.010937598786116203
5.8935 0.011064045014857431
5.8947 0.011253714357969272
5.89591 0.01150660681545173
5.89712 0.011885945501675411
5.89832 0.012202061073528482
5.89953 0.012581399759752166
5.90074 0.01296073844597585
5.90195 0.013276854017828917
5.90315 0.013592969589681987
5.90436 0.013909085161535058
5.90557 0.0140987545046469
5.90677 0.014225200733388125
5.90798 0.01428842384775874
5.90919 0.014351646962129353
5.91039 0.01428842384775874
5.9116 0.01428842384775874
5.91281 0.01428842384775874
5.91401 0.01428842384775874
5.91522 0.014351646962129353
5.91643 0.014541316305241195
5.91763 0.014794208762723651
5.91884 0.015047101220206109
5.92005 0.015426439906429789
5.92125 0.01586900170702409
5.92246 0.016311563507618383
5.92367 0.016817348422583298
5.92487 0.01725991022317759
5.92608 0.01770247202377189
5.92729 0.018081810709995573
5.9285 0.018397926281848644
5.9297 0.018714041853701714
5.93091 0.01884048808244294
5.93212 0.01896693431118417
5.93332 0.01903015742555478
5.93453 0.019093380539925396
5.93574 0.019093380539925396
5.93694 0.01915660365429601
5.93815 0.019219826768666626
5.93936 0.019409496111778463
5.94056 0.01966238856926092
5.94177 0.020041727255484604
5.94298 0.0204842890560789
5.94418 0.021053297085414428
5.94539 0.02162230511474995
5.9466 0.022191313144085477
5.9478 0.022760321173421
5.94901 0.023329329202756526
5.95022 0.023835114117721438
5.95142 0.024214452803945123
5.95263 0.024593791490168805
5.95384 0.024909907062021872
5.95505 0.025099576405133713
5.95625 0.025289245748245558
5.95746 0.0254789150913574
5.95867 0.025605361320098625
5.95987 0.02585825377758108
5.96108 0.02617436934943415
5.96229 0.026553708035657833
5.96349 0.027059492950622748
5.9647 0.027691724094328886
5.96591 0.02838717835240564
5.96711 0.02914585572485301
5.96832 0.029967756211670988
5.96953 0.030789656698488967
5.97073 0.03161155718530695
5.97194 0.03237023455775432
5.97315 0.033065688815831065
5.97435 0.033697919959537206
5.97556 0.034266927988872736
5.97677 0.03477271290383764
5.97798 0.03515205159006132
5.97918 0.03553139027628501
5.98039 0.035847505848138075
5.9816 0.036163621419991146
5.9828 0.036542960106214835
5.98401 0.03698552190680913
5.98522 0.03755452993614465
5.98642 0.03818676107985079
5.98763 0.039008661566668774
5.98884 0.03989378516785737
5.99004 0.04084213188341657
5.99125 0.041853701713346396
5.99246 0.04299171777201745
5.99366 0.04406651071631788
5.99487 0.045078080546247706
5.99608 0.04615287349054814
5.99728 0.04710122020610735
5.99849 0.047986343807295946
5.9997 0.04887146740848454
6.0009 0.049630144780931904
6.00211 0.050388822153379274
6.00332 0.05114749952582664
6.00453 0.0518429537839034
6.00573 0.052601631156350755
6.00694 0.05342353164316874
6.00815 0.054245432129986726
6.00935 0.05525700195991654
6.01056 0.056268571789846365
6.01177 0.057469810962888036
6.01297 0.058734273250300305
6.01418 0.0600619586520832
6.01539 0.061452867168236704
6.01659 0.06290699879876083
6.0178 0.06442435354365555
6.01901 0.06581526205980907
6.02021 0.06726939369033319
6.02142 0.06859707909211608
6.02263 0.06992476449389896
6.02383 0.07118922678131125
6.02504 0.07232724283998229
6.02625 0.07352848201302396
6.02745 0.07466649807169501
6.02866 0.07580451413036607
6.02987 0.07694253018903711
6.03108 0.0782069924764494
6.03228 0.07947145476386167
6.03349 0.08086236328001517
6.0347 0.0823797180249099
6.0359 0.08396029588417525
6.03711 0.08560409685781122
6.03832 0.0873743440601884
6.03952 0.0892078143769362
6.04073 0.091041284693684
6.04194 0.09293797812480242
6.04314 0.09477144844155022
6.04435 0.09660491875829803
6.04556 0.09837516596067522
6.04676 0.10014541316305241
6.04797 0.10178921413668837
6.04918 0.10336979199595371
6.05038 0.10488714674084845
6.05159 0.10634127837137258
6.0528 0.10779541000189669
6.054 0.10931276474679143
6.05521 0.11076689637731554
6.05642 0.11228425112221029
6.05763 0.11392805209584625
6.05883 0.11563507618385281
6.06004 0.11740532338623
6.06125 0.1192387937029778
6.06245 0.12113548713409622
6.06366 0.12309540367958526
6.06487 0.1250553202250743
6.06607 0.1269520136561927
6.06728 0.1288487070873111
6.06849 0.13074540051842953
6.06969 0.1325156477208067
6.0709 0.13422267180881328
6.07211 0.13586647278244926
6.07331 0.1374470506417146
6.07452 0.13896440538660934
6.07573 0.14041853701713347
6.07693 0.1418726686476576
6.07814 0.1433268002781817
6.07935 0.1447809319087058
6.08055 0.14629828665360056
6.08176 0.14775241828412466
6.08297 0.14933299614339002
6.08418 0.15091357400265537
6.08538 0.1524941518619207
6.08659 0.15413795283555667
6.0878 0.15578175380919262
6.089 0.15742555478282858
6.09021 0.15900613264209393
6.09142 0.16058671050135928
6.09262 0.1620408421318834
6.09383 0.16343175064803692
6.09504 0.1647594360498198
6.09624 0.16596067522286145
6.09745 0.1670986912815325
6.09866 0.16811026111146235
6.09986 0.16912183094139216
6.10107 0.17007017765695137
6.10228 0.17101852437251058
6.10348 0.1719668710880698
6.10469 0.1729784409179996
6.1059 0.17392678763355882
6.1071 0.17500158057785925
6.10831 0.1760131504077891
6.10952 0.17708794335208952
6.11073 0.17809951318201933
6.11193 0.1791743061263198
6.11314 0.1801858759562496
6.11435 0.18119744578617944
6.11555 0.18214579250173862
6.11676 0.18309413921729784
6.11797 0.18397926281848645
6.11917 0.1848011633053044
6.12038 0.1856230637921224
6.12159 0.18625529493582854
6.12279 0.18682430296516406
6.124 0.18733008788012898
6.12521 0.18770942656635267
6.12641 0.18796231902383512
6.12762 0.18808876525257634
6.12883 0.18808876525257634
6.13003 0.18796231902383512
6.13124 0.18770942656635267
6.13245 0.18739331099449957
6.13365 0.18701397230827588
6.13486 0.186508187393311
6.13607 0.1860024024783461
6.13728 0.18543339444901055
6.13848 0.1848011633053044
6.13969 0.1842321552759689
6.1409 0.18366314724663335
6.1421 0.18309413921729784
6.14331 0.18258835430233292
6.14452 0.1820193462729974
6.14572 0.18151356135803248
6.14693 0.18100777644306756
6.14814 0.18056521464247327
6.14934 0.18005942972750835
6.15055 0.1796168679269141
6.15176 0.17911108301194917
6.15296 0.17866852121135487
6.15417 0.17822595941076055
6.15538 0.17772017449579566
6.15658 0.17721438958083074
6.15779 0.17670860466586583
6.159 0.1761395966365303
6.1602 0.1755705886071948
6.16141 0.17500158057785925
6.16262 0.17443257254852373
6.16383 0.1738003414048176
6.16503 0.17316811026111145
6.16624 0.1725358791174053
6.16745 0.17190364797369917
6.16865 0.17133463994436365
6.16986 0.1707024088006575
6.17107 0.170133400771322
6.17227 0.16956439274198645
6.17348 0.16905860782702156
6.17469 0.16855282291205664
6.17589 0.16804703799709172
6.1771 0.1675412530821268
6.17831 0.16703546816716192
6.17951 0.16646646013782637
6.18072 0.16583422899412023
6.18193 0.16520199785041412
6.18313 0.16444332047796673
6.18434 0.16362141999114876
6.18555 0.16267307327558955
6.18676 0.16166150344565972
6.18796 0.16052348738698868
6.18917 0.15938547132831762
6.19038 0.15818423215527597
6.19158 0.15691976986786368
6.19279 0.15571853069482203
6.194 0.15445406840740974
6.1952 0.15318960611999746
6.19641 0.1519883669469558
6.19762 0.15078712777391415
6.19882 0.1496491117152431
6.20003 0.14851109565657203
6.20124 0.147373079597901
6.20244 0.14623506353922994
6.20365 0.1451602705949295
6.20486 0.14402225453625847
6.20606 0.14288423847758738
6.20727 0.14168299930454573
6.20848 0.14041853701713347
6.20968 0.13915407472972116
6.21089 0.13782638932793828
6.2121 0.13643548081178478
6.21331 0.13504457229563127
6.21451 0.13365366377947777
6.21572 0.13219953214895366
6.21693 0.13080862363280016
6.21813 0.12948093823101728
6.21934 0.12815325282923437
6.22055 0.1268887905418221
6.22175 0.1256875513687804
6.22296 0.12448631219573875
6.22417 0.1233482961370677
6.22537 0.12227350319276727
6.22658 0.12119871024846683
6.22779 0.1201239173041664
6.22899 0.11904912435986596
6.2302 0.11797433141556553
6.23141 0.11683631535689448
6.23261 0.11569829929822342
6.23382 0.11449706012518177
6.23503 0.11316937472339887
6.23623 0.11190491243598659
6.23744 0.11051400391983308
6.23865 0.10912309540367959
6.23986 0.10773218688752607
6.24106 0.10634127837137258
6.24227 0.10501359296958968
6.24348 0.1036859075678068
6.24468 0.1024214452803945
6.24589 0.10115698299298223
6.2471 0.10001896693431118
6.2483 0.09894417399001075
6.24951 0.09793260416008093
6.25072 0.0969210343301511
6.25192 0.0960359107289625
6.25313 0.09521401024214453
6.25434 0.09432888664095593
6.25554 0.09344376303976733
6.25675 0.09255863943857874
6.25796 0.09161029272301953
6.25916 0.09059872289308972
6.26037 0.08952392994878929
6.26158 0.08844913700448884
6.26278 0.08724789783144717
6.26399 0.08604665865840551
6.2652 0.08478219637099323
6.26641 0.08358095719795157
6.26761 0.0823797180249099
6.26882 0.08124170196623885
6.27003 0.08016690902193842
6.27123 0.0792185623063792
6.27244 0.07827021559082001
6.27365 0.07744831510400202
6.27485 0.07675286084592527
6.27606 0.07612062970221913
6.27727 0.07548839855851298
6.27847 0.07491939052917747
6.27968 0.07441360561421255
6.28089 0.07384459758487702
6.28209 0.0732755895555415
6.2833 0.07270658152620597
6.28451 0.07201112726812924
6.28571 0.07125244989568186
6.28692 0.0704937725232345
6.28813 0.06960864892204591
6.28933 0.0687235253208573
6.29054 0.0677751786052981
6.29175 0.06689005500410951
6.29296 0.06600493140292091
6.29416 0.06511980780173231
6.29537 0.06436113042928494
6.29658 0.06366567617120819
6.29778 0.06303344502750205
6.29899 0.06259088322690776
6.3002 0.062148321426313456
6.3014 0.06183220585446039
6.30261 0.06157931339697793
6.30382 0.06132642093949548
6.30502 0.06107352848201302
6.30623 0.06088385913890118
6.30744 0.06056774356704811
6.30864 0.060251627995195046
6.30985 0.05980906619460074
6.31106 0.05936650439400645
6.31226 0.058797496364670916
6.31347 0.05816526522096478
6.31468 0.057469810962888036
6.31588 0.05677435670481128
6.31709 0.056015679332363906
6.3183 0.05525700195991654
6.31951 0.054561547701839797
6.32071 0.05392931655813365
6.32192 0.053297085414427514
6.32313 0.0527913004994626
6.32433 0.05241196181323892
6.32554 0.05209584624138586
6.32675 0.05190617689827401
6.32795 0.05177973066953277
6.32916 0.05171650755516216
6.33037 0.05165328444079155
6.33157 0.05159006132642094
6.33278 0.05152683821205032
6.33399 0.05146361509767971
6.33519 0.05127394575456786
6.3364 0.051021053297085416
6.33761 0.05076816083960296
6.33881 0.050452045267749886
6.34002 0.050072706581526204
6.34123 0.049630144780931904
6.34243 0.04918758298033761
6.34364 0.0486817980653727
6.34485 0.04817601315040779
6.34606 0.047670228235442876
6.34726 0.04722766643484858
6.34847 0.04684832774862489
6.34968 0.04646898906240121
6.35088 0.04621609660491875
6.35209 0.04608965037617753
6.3533 0.04596320414743631
6.3545 0.04596320414743631
6.35571 0.04602642726180692
6.35692 0.04608965037617753
6.35812 0.04615287349054814
6.35933 0.04621609660491875
6.36054 0.04621609660491875
6.36174 0.04621609660491875
6.36295 0.04608965037617753
6.36416 0.04589998103306569
6.36536 0.04564708857558323
6.36657 0.045330973003730166
6.36778 0.04501485743187709
6.36898 0.044572295631282795
6.37019 0.04419295694505911
6.3714 0.04381361825883543
6.37261 0.04343427957261175
6.37381 0.04311816400075867
6.37502 0.04280204842890561
6.37623 0.04261237908579377
6.37743 0.04248593285705254
6.37864 0.04242270974268192
6.37985 0.04248593285705254
6.38105 0.04254915597142315
6.38226 0.04261237908579377
6.38347 0.04280204842890561
6.38467 0.04292849465764684
6.38588 0.04299171777201745
6.38709 0.04305494088638806
6.38829 0.04305494088638806
6.3895 0.04299171777201745
6.39071 0.04286527154327622
6.39191 0.04261237908579377
6.39312 0.04235948662831131
6.39433 0.04204337105645824
6.39554 0.04166403237023456
6.39674 0.04128469368401087
6.39795 0.0409685781121578
6.39916 0.04065246254030473
6.40036 0.04039957008282228
6.40157 0.04020990073971044
6.40278 0.04014667762533982
6.40398 0.04020990073971044
6.40519 0.04020990073971044
6.4064 0.04033634696845167
6.4076 0.04052601631156351
6.40881 0.04065246254030473
6.41002 0.04077890876904596
6.41122 0.04090535499778719
6.41243 0.0409685781121578
6.41364 0.0409685781121578
6.41484 0.0409685781121578
6.41605 0.04090535499778719
6.41726 0.04077890876904596
6.41846 0.04052601631156351
6.41967 0.04027312385408105
6.42088 0.04002023139659859
6.42209 0.039640892710374916
6.42329 0.03932477713852184
6.4245 0.038945438452298156
6.42571 0.038692545994815704
6.42691 0.03837643042296263
6.42812 0.03818676107985079
6.42933 0.03806031485110956
6.43053 0.03799709173673895
6.43174 0.03806031485110956
6.43295 0.03806031485110956
6.43415 0.03818676107985079
6.43536 0.03831320730859202
6.43657 0.03843965353733325
6.43777 0.03850287665170386
6.43898 0.03862932288044509
6.44019 0.038692545994815704
6.44139 0.038692545994815704
6.4426 0.038692545994815704
6.44381 0.03862932288044509
6.44501 0.03850287665170386
6.44622 0.03837643042296263
6.44743 0.03818676107985079
6.44864 0.03799709173673895
6.44984 0.03774419927925649
6.45105 0.03755452993614465
6.45226 0.03736486059303282
6.45346 0.03717519124992097
6.45467 0.03704874502117974
6.45588 0.03698552190680913
6.45708 0.03698552190680913
6.45829 0.03698552190680913
6.4595 0.03704874502117974
6.4607 0.03711196813555036
6.46191 0.03717519124992097
6.46312 0.0373016374786622
6.46432 0.03736486059303282
6.46553 0.03736486059303282
6.46674 0.03742808370740343
6.46794 0.03736486059303282
6.46915 0.0373016374786622
6.47036 0.03723841436429159
6.47156 0.03711196813555036
6.47277 0.03698552190680913
6.47398 0.0368590756780679
6.47519 0.036732629449326676
6.47639 0.036606183220585446
6.4776 0.03647973699184422
6.47881 0.036416513877473605
6.48001 0.03635329076310299
6.48122 0.036290067648732376
6.48243 0.036290067648732376
6.48363 0.03635329076310299
6.48484 0.036416513877473605
6.48605 0.03647973699184422
6.48725 0.036606183220585446
6.48846 0.036732629449326676
6.48967 0.0368590756780679
6.49087 0.03698552190680913
6.49208 0.03711196813555036
6.49329 0.03717519124992097
6.49449 0.03723841436429159
6.4957 0.03723841436429159
6.49691 0.03723841436429159
6.49811 0.03711196813555036
6.49932 0.03698552190680913
6.50053 0.03679585256369729
6.50174 0.036606183220585446
6.50294 0.036416513877473605
6.50415 0.03622684453436176
6.50536 0.03603717519124992
6.50656 0.035910728962508694
6.50777 0.035847505848138075
6.50898 0.035847505848138075
6.51018 0.035847505848138075
6.51139 0.035910728962508694
6.5126 0.03603717519124992
6.5138 0.036163621419991146
6.51501 0.03635329076310299
6.51622 0.036542960106214835
6.51742 0.036732629449326676
6.51863 0.0368590756780679
6.51984 0.03698552190680913
6.52104 0.03704874502117974
6.52225 0.03704874502117974
6.52346 0.03698552190680913
6.52466 0.03692229879243851
6.52587 0.03679585256369729
6.52708 0.03666940633495606
6.52829 0.03647973699184422
6.52949 0.03635329076310299
6.5307 0.036290067648732376
6.53191 0.03622684453436176
6.53311 0.036163621419991146
6.53432 0.03622684453436176
6.53553 0.036290067648732376
6.53673 0.036416513877473605
6.53794 0.036606183220585446
6.53915 0.03679585256369729
6.54035 0.03704874502117974
6.54156 0.03723841436429159
6.54277 0.03749130682177404
6.54397 0.03768097616488588
6.54518 0.03787064550799772
6.54639 0.03806031485110956
6.54759 0.03818676107985079
6.5488 0.038249984194221404
6.55001 0.03831320730859202
6.55121 0.03831320730859202
6.55242 0.03818676107985079
6.55363 0.038123537965480174
6.55484 0.03799709173673895
6.55604 0.03793386862236834
6.55725 0.03780742239362711
6.55846 0.03774419927925649
6.55966 0.03774419927925649
6.56087 0.03774419927925649
6.56208 0.03787064550799772
6.56328 0.03806031485110956
6.56449 0.03831320730859202
6.5657 0.03862932288044509
6.5669 0.038945438452298156
6.56811 0.03926155402415123
6.56932 0.039640892710374916
6.57052 0.03995700828222798
6.57173 0.04027312385408105
6.57294 0.04052601631156351
6.57414 0.04071568565467535
6.57535 0.04084213188341657
6.57656 0.0409685781121578
6.57776 0.0409685781121578
6.57897 0.0409685781121578
6.58018 0.0409685781121578
6.58139 0.04090535499778719
6.58259 0.04084213188341657
6.5838 0.04084213188341657
6.58501 0.04077890876904596
6.58621 0.04077890876904596
6.58742 0.04084213188341657
6.58863 0.0409685781121578
6.58983 0.04109502434089903
6.59104 0.04128469368401087
6.59225 0.04153758614149333
6.59345 0.041853701713346396
6.59466 0.042233040399570085
6.59587 0.04261237908579377
6.59707 0.04299171777201745
6.59828 0.04337105645824113
6.59949 0.04375039514446481
6.60069 0.04406651071631788
6.6019 0.044256180059429724
6.60311 0.04450907251691218
6.60432 0.04463551874565341
6.60552 0.044698741860024024
6.60673 0.044698741860024024
6.60794 0.044698741860024024
6.60914 0.04463551874565341
6.61035 0.044572295631282795
6.61156 0.04450907251691218
6.61276 0.044445849402541565
6.61397 0.044382626288170954
6.61518 0.044382626288170954
6.61638 0.044445849402541565
6.61759 0.04450907251691218
6.6188 0.044698741860024024
6.62 0.044888411203135865
6.62121 0.04514130366061832
6.62242 0.04545741923247139
6.62362 0.04583675791869508
6.62483 0.04621609660491875
6.62604 0.04659543529114244
6.62724 0.04697477397736612
6.62845 0.047354112663589805
6.62966 0.047607005121072264
6.63087 0.04785989757855472
6.63207 0.047986343807295946
6.63328 0.04804956692166656
6.63449 0.04811279003603717
6.63569 0.04804956692166656
6.6369 0.047986343807295946
6.63811 0.04785989757855472
6.63931 0.047733451349813494
6.64052 0.047543782006701646
6.64173 0.047417335777960416
6.64293 0.047354112663589805
6.64414 0.047290889549219194
6.64535 0.047290889549219194
6.64655 0.047354112663589805
6.64776 0.047480558892331035
6.64897 0.047670228235442876
6.65017 0.04785989757855472
6.65138 0.04817601315040779
6.65259 0.048428905607890246
6.65379 0.04874502117974331
6.655 0.049124359865967
6.65621 0.04944047543782007
6.65742 0.04969336789530252
6.65862 0.05000948346715559
6.65983 0.050199152810267426
6.66104 0.05032559903900866
6.66224 0.050452045267749886
6.66345 0.050452045267749886
6.66466 0.050452045267749886
6.66586 0.05032559903900866
6.66707 0.050199152810267426
6.66828 0.050072706581526204
6.66948 0.04994626035278498
6.67069 0.049883037238414356
6.6719 0.049819814124043744
6.6731 0.049819814124043744
6.67431 0.049883037238414356
6.67552 0.050072706581526204
6.67672 0.05026237592463805
6.67793 0.050515268382120504
6.67914 0.050894607068344186
6.68034 0.05127394575456786
6.68155 0.05165328444079155
6.68276 0.05203262312701523
6.68397 0.05241196181323892
6.68517 0.0527913004994626
6.68638 0.053107416071315666
6.68759 0.053360308528798125
6.68879 0.05361320098628058
6.69 0.053739647215021814
6.69121 0.05386609344376304
6.69241 0.05386609344376304
6.69362 0.05386609344376304
6.69483 0.053802870329392426
6.69603 0.053739647215021814
6.69724 0.053549977871909966
6.69845 0.053486754757539355
6.69965 0.05342353164316874
6.70086 0.053360308528798125
6.70207 0.053360308528798125
6.70327 0.05342353164316874
6.70448 0.05361320098628058
6.70569 0.053802870329392426
6.70689 0.054118985901245496
6.7081 0.05449832458746917
6.70931 0.05487766327369286
6.71052 0.05532022507428716
6.71172 0.055826009989252065
6.71293 0.056268571789846365
6.71414 0.056711133590440665
6.71534 0.05715369539103496
6.71655 0.057469810962888036
6.71776 0.0577859265347411
6.71896 0.05803881899222356
6.72017 0.05822848833533539
6.72138 0.05835493456407663
6.72258 0.05841815767844724
6.72379 0.05841815767844724
6.725 0.05841815767844724
6.7262 0.05835493456407663
6.72741 0.05829171144970602
6.72862 0.05822848833533539
6.72982 0.05822848833533539
6.73103 0.05822848833533539
6.73224 0.05829171144970602
6.73344 0.05841815767844724
6.73465 0.058671050135929693
6.73586 0.058987165707782764
6.73707 0.05930328127963583
6.73827 0.05974584308023013
6.73948 0.060188404880824435
6.74069 0.06075741291015996
6.74189 0.06126319782512487
6.7431 0.06176898274008977
6.74431 0.06227476765505468
6.74551 0.06271732945564898
6.74672 0.06315989125624329
6.74793 0.06347600682809636
6.74913 0.06379212239994941
6.75034 0.06404501485743187
6.75155 0.06429790731491433
6.75275 0.06442435354365555
6.75396 0.06455079977239679
6.75517 0.06467724600113801
6.75637 0.06474046911550864
6.75758 0.06486691534424986
6.75879 0.06493013845862047
6.75999 0.0650565846873617
6.7612 0.06524625403047353
6.76241 0.06543592337358538
6.76362 0.06568881583106784
6.76482 0.0659417082885503
6.76603 0.06632104697477396
6.76724 0.06676360877536827
6.76844 0.06720617057596258
6.76965 0.06771195549092748
6.77086 0.06828096352026301
6.77206 0.06884997154959853
6.77327 0.06941897957893406
6.77448 0.06992476449389896
6.77568 0.0704937725232345
6.77689 0.07099955743819941
6.7781 0.07150534235316432
6.7793 0.07194790415375861
6.78051 0.07232724283998229
6.78172 0.07264335841183536
6.78292 0.07295947398368843
6.78413 0.07321236644117089
6.78534 0.07346525889865335
6.78654 0.0737181513561358
6.78775 0.07390782069924764
6.78896 0.07409749004235948
6.79017 0.07428715938547133
6.79137 0.07454005184295379
6.79258 0.07479294430043625
6.79379 0.0751090598722893
6.79499 0.07542517544414237
6.7962 0.07580451413036607
6.79741 0.07624707593096035
6.79861 0.07668963773155466
6.79982 0.07719542264651957
6.80103 0.07770120756148448
6.80223 0.0782069924764494
6.80344 0.07871277739141429
6.80465 0.0791553391920086
6.80585 0.0795979009926029
6.80706 0.08004046279319718
6.80827 0.08041980147942088
6.80947 0.08067269393690334
6.81068 0.0809255863943858
6.81189 0.08105203262312702
6.81309 0.08117847885186824
6.8143 0.08124170196623885
6.81551 0.08124170196623885
6.81672 0.08117847885186824
6.81792 0.08111525573749763
6.81913 0.08111525573749763
6.82034 0.08105203262312702
6.82154 0.08098880950875641
6.82275 0.08098880950875641
6.82396 0.08098880950875641
6.82516 0.08105203262312702
6.82637 0.08117847885186824
6.82758 0.08130492508060946
6.82878 0.08149459442372131
6.82999 0.08168426376683315
6.8312 0.081873933109945
6.8324 0.08212682556742745
6.83361 0.0823797180249099
6.83482 0.08263261048239236
6.83602 0.08288550293987482
6.83723 0.08313839539735728
6.83844 0.08332806474046912
6.83965 0.08358095719795157
6.84085 0.08370740342669279
6.84206 0.08383384965543401
6.84327 0.08396029588417525
6.84447 0.08402351899854586
6.84568 0.08408674211291647
6.84689 0.0841499652272871
6.84809 0.08421318834165771
6.8493 0.08427641145602832
6.85051 0.08440285768476956
6.85171 0.08452930391351078
6.85292 0.084655750142252
6.85413 0.08484541948536384
6.85533 0.0850983119428463
6.85654 0.08535120440032876
6.85775 0.08566731997218183
6.85895 0.08592021242966429
6.86016 0.08623632800151734
6.86137 0.08655244357337043
6.86257 0.0868685591452235
6.86378 0.08712145160270596
6.86499 0.08743756717455901
6.8662 0.08769045963204147
6.8674 0.08794335208952393
6.86861 0.08813302143263577
6.86982 0.08832269077574761
6.87102 0.08851236011885945
6.87223 0.08863880634760067
6.87344 0.08882847569071252
6.87464 0.08889169880508313
6.87585 0.08901814503382437
6.87706 0.08914459126256559
6.87826 0.0892078143769362
6.87947 0.08933426060567744
6.88068 0.08939748372004805
6.88188 0.08952392994878929
6.88309 0.08965037617753051
6.8843 0.08977682240627173
6.8855 0.08990326863501295
6.88671 0.0900929379781248
6.88792 0.09028260732123664
6.88912 0.09047227666434848
6.89033 0.09066194600746033
6.89154 0.09091483846494278
6.89275 0.09116773092242524
6.89395 0.09135740026553707
6.89516 0.09161029272301953
6.89637 0.09186318518050199
6.89757 0.09211607763798445
6.89878 0.09236897009546689
6.89999 0.09255863943857874
6.90119 0.0928115318960612
6.9024 0.09300120123917305
6.90361 0.0932540936966555
6.90481 0.09344376303976733
6.90602 0.09363343238287918
6.90723 0.0937598786116204
6.90843 0.09394954795473225
6.90964 0.09407599418347348
6.91085 0.09426566352658532
6.91205 0.09439210975532655
6.91326 0.09451855598406778
6.91447 0.09470822532717961
6.91567 0.09489789467029146
6.91688 0.09502434089903268
6.91809 0.09527723335651514
6.9193 0.09546690269962699
6.9205 0.09565657204273882
6.92171 0.09590946450022128
6.92292 0.09616235695770373
6.92412 0.09635202630081557
6.92533 0.09660491875829803
6.92654 0.09685781121578049
6.92774 0.09704748055889233
6.92895 0.09723714990200416
6.93016 0.09742681924511601
6.93136 0.09755326547385723
6.93257 0.09774293481696908
6.93378 0.09793260416008093
6.93498 0.09805905038882215
6.93619 0.098248719731934
6.9374 0.09843838907504583
6.9386 0.09862805841815767
6.93981 0.09881772776126953
6.94102 0.09907062021875197
6.94222 0.09932351267623442
6.94343 0.09951318201934627
6.94464 0.09976607447682871
6.94585 0.10001896693431118
6.94705 0.10027185939179363
6.94826 0.10046152873490549
6.94947 0.10071442119238794
6.95067 0.10090409053549977
6.95188 0.10109375987861162
6.95309 0.10134665233609406
6.95429 0.10153632167920593
6.9555 0.10172599102231776
6.95671 0.10185243725105898
6.95791 0.10204210659417083
6.95912 0.10223177593728267
6.96033 0.10235822216602389
6.96153 0.10248466839476511
6.96274 0.10261111462350636
6.96395 0.10273756085224758
6.96515 0.10292723019535942
6.96636 0.10311689953847127
6.96757 0.1033065688815831
6.96877 0.10349623822469493
6.96998 0.1037491306821774
6.97119 0.10400202313965985
6.9724 0.10431813871151294
6.9736 0.10457103116899538
6.97481 0.10488714674084845
6.97602 0.10526648542707215
6.97722 0.1055826009989252
6.97843 0.10583549345640766
6.97964 0.10615160902826072
6.98084 0.1064045014857432
6.98205 0.10659417082885503
6.98326 0.10684706328633747
6.98446 0.10697350951507871
6.98567 0.10716317885819054
6.98688 0.10728962508693177
6.98808 0.10735284820130238
6.98929 0.10741607131567302
6.9905 0.10747929443004363
6.9917 0.10754251754441424
6.99291 0.10760574065878485
6.99412 0.10766896377315546
6.99532 0.10773218688752607
6.99653 0.10779541000189669
6.99774 0.1078586331162673
6.99895 0.10798507934500855
7.00015 0.10811152557374977
7.00136 0.10823797180249099
7.00257 0.10849086425997345
7.00377 0.1087437567174559
7.00498 0.10899664917493834
7.00619 0.10924954163242082
7.00739 0.10956565720427389
7.0086 0.10988177277612694
7.00981 0.11026111146235064
7.01101 0.11051400391983308
7.01222 0.11083011949168615
7.01343 0.1110830119491686
7.01463 0.11127268129228046
7.01584 0.1114623506353923
7.01705 0.11158879686413352
7.01825 0.11158879686413352
7.01946 0.11165201997850413
7.02067 0.11158879686413352
7.02187 0.11158879686413352
7.02308 0.1114623506353923
7.02429 0.11139912752102168
7.0255 0.11133590440665107
7.0267 0.11133590440665107
7.02791 0.11133590440665107
7.02912 0.11133590440665107
7.03032 0.11139912752102168
7.03153 0.11152557374976291
7.03274 0.11165201997850413
7.03394 0.11184168932161598
7.03515 0.11203135866472781
7.03636 0.11222102800783965
7.03756 0.11247392046532212
7.03877 0.11272681292280456
7.03998 0.11297970538028704
7.04118 0.11323259783776948
7.04239 0.11354871340962255
7.0436 0.113801605867105
7.0448 0.11399127521021686
7.04601 0.1142441676676993
7.04722 0.11443383701081115
7.04843 0.11462350635392299
7.04963 0.11474995258266421
7.05084 0.11481317569703482
7.05205 0.11487639881140543
7.05325 0.11487639881140543
7.05446 0.11487639881140543
7.05567 0.11481317569703482
7.05687 0.11474995258266421
7.05808 0.11462350635392299
7.05929 0.11462350635392299
7.06049 0.11456028323955238
7.0617 0.11456028323955238
7.06291 0.11456028323955238
7.06411 0.1146867294682936
7.06532 0.11481317569703482
7.06653 0.11500284504014668
7.06773 0.11519251438325852
7.06894 0.11544540684074096
7.07015 0.11576152241259403
7.07135 0.11607763798444712
7.07256 0.11639375355630018
7.07377 0.11670986912815326
7.07498 0.1169627615856357
7.07618 0.11721565404311816
7.07739 0.11746854650060061
7.0786 0.11765821584371247
7.0798 0.1178478851868243
7.08101 0.11797433141556553
7.08222 0.11803755452993614
7.08342 0.11810077764430675
7.08463 0.11810077764430675
7.08584 0.11810077764430675
7.08704 0.11803755452993614
7.08825 0.11803755452993614
7.08946 0.11797433141556553
7.09066 0.11797433141556553
7.09187 0.11791110830119492
7.09308 0.11797433141556553
7.09428 0.11803755452993614
7.09549 0.11810077764430675
7.0967 0.11822722387304799
7.0979 0.11841689321615982
7.09911 0.11860656255927166
7.10032 0.11892267813112474
7.10153 0.1192387937029778
7.10273 0.11955490927483087
7.10394 0.11987102484668395
7.10515 0.12031358664727823
7.10635 0.12069292533350193
7.10756 0.121009040905355
7.10877 0.12138837959157867
7.10997 0.12170449516343175
7.11118 0.12195738762091421
7.11239 0.12221028007839665
7.11359 0.12239994942150849
7.1148 0.12252639565024974
7.11601 0.12265284187899096
7.11721 0.12271606499336157
7.11842 0.12277928810773218
7.11963 0.12277928810773218
7.12083 0.12271606499336157
7.12204 0.12271606499336157
7.12325 0.12265284187899096
7.12445 0.12258961876462035
7.12566 0.12258961876462035
7.12687 0.12258961876462035
7.12808 0.12258961876462035
7.12928 0.12265284187899096
7.13049 0.12271606499336157
7.1317 0.1228425112221028
7.1329 0.12303218056521464
7.13411 0.12322184990832648
7.13532 0.12347474236580892
7.13652 0.12366441170892079
7.13773 0.12398052728077384
7.13894 0.1242334197382563
7.14014 0.12454953531010936
7.14135 0.12480242776759183
7.14256 0.1250553202250743
7.14376 0.12524498956818614
7.14497 0.12543465891129796
7.14618 0.1256243282544098
7.14738 0.1256875513687804
7.14859 0.12575077448315106
7.1498 0.12575077448315106
7.151 0.1256875513687804
7.15221 0.1256243282544098
7.15342 0.12556110514003918
7.15463 0.12537143579692736
7.15583 0.12524498956818614
7.15704 0.1251817664538155
7.15825 0.1250553202250743
7.15945 0.12492887399633305
7.16066 0.12480242776759183
7.16187 0.12480242776759183
7.16307 0.12480242776759183
7.16428 0.12480242776759183
7.16549 0.12486565088196244
7.16669 0.12492887399633305
7.1679 0.1250553202250743
7.16911 0.12524498956818614
7.17031 0.12543465891129796
7.17152 0.12556110514003918
7.17273 0.12575077448315106
7.17393 0.1260036669406335
7.17514 0.12619333628374532
7.17635 0.12638300562685717
7.17755 0.1265094518555984
7.17876 0.12663589808433962
7.17997 0.12676234431308084
7.18118 0.1268887905418221
7.18238 0.1269520136561927
7.18359 0.1270152367705633
7.1848 0.1270152367705633
7.186 0.12707845988493394
7.18721 0.12707845988493394
7.18842 0.12714168299930453
7.18962 0.12720490611367516
7.19083 0.12733135234241638
7.19204 0.12752102168552823
7.19324 0.12771069102864005
7.19445 0.12802680660049315
7.19566 0.12846936840108744
7.19686 0.12903837643042296
7.19807 0.12973383068849972
7.19928 0.1305557311753177
7.20048 0.1315673010052475
7.20169 0.13276854017828918
7.2029 0.13422267180881328
7.2041 0.13586647278244926
7.20531 0.13769994309919706
7.20652 0.13978630587342733
7.20773 0.14218878421951064
7.20893 0.1447809319087058
7.21014 0.14756274894101282
7.21135 0.15034456597331983
7.21255 0.15331605234873869
7.21376 0.1564772080672694
7.21497 0.15951191755705885
7.21617 0.16210406524625404
7.21738 0.1643168742492255
7.21859 0.16634001390908515
7.21979 0.1679205917683505
7.221 0.16880571536953912
7.22221 0.16886893848390971
7.22341 0.16817348422583295
7.22462 0.1669090219384207
7.22583 0.16520199785041412
7.22703 0.16298918884744262
7.22824 0.160144148700765
7.22945 0.15685654675349306
7.23065 0.15356894480622113
7.23186 0.1505342353164317
7.23307 0.1474363027122716
7.23428 0.14440159322248214
7.23548 0.14161977619017513
7.23669 0.1392805209584624
7.2379 0.1373206044129734
7.2391 0.13574002655370804
7.24031 0.13434911803755453
7.24152 0.1332743250932541
7.24272 0.1324524246064361
7.24393 0.1319466396914712
7.24514 0.13163052411961815
7.24634 0.13137763166213567
7.24755 0.13125118543339445
7.24876 0.13125118543339445
7.24996 0.13131440854776505
7.25117 0.13144085477650627
7.25238 0.1315040778908769
7.25358 0.13169374723398874
7.25479 0.1318834165771006
7.256 0.13200986280584182
7.25721 0.13219953214895366
7.25841 0.1323259783776949
7.25962 0.1325156477208067
7.26083 0.13264209394954793
7.26203 0.13276854017828918
7.26324 0.1328949864070304
7.26445 0.13302143263577162
7.26565 0.13314787886451285
7.26686 0.1332743250932541
7.26807 0.13340077132199532
7.26927 0.13352721755073654
7.27048 0.1337168868938484
7.27169 0.13384333312258961
7.27289 0.13403300246570146
7.2741 0.13422267180881328
7.27531 0.13441234115192516
7.27651 0.1346652336094076
7.27772 0.13485490295251942
7.27893 0.1351077954100019
7.28013 0.13536068786748434
7.28134 0.13561358032496681
7.28255 0.13586647278244926
7.28376 0.1360561421255611
7.28496 0.13630903458304355
7.28617 0.1364987039261554
7.28738 0.13668837326926725
7.28858 0.13687804261237907
7.28979 0.1370044888411203
7.291 0.13719415818423217
7.2922 0.1373206044129734
7.29341 0.1375102737560852
7.29462 0.13763671998482646
7.29582 0.13782638932793828
7.29703 0.13801605867105013
7.29824 0.13820572801416198
7.29944 0.13839539735727382
7.30065 0.13864828981475627
7.30186 0.13890118227223872
7.30306 0.13909085161535056
7.30427 0.13934374407283304
7.30548 0.13959663653031548
7.30668 0.13978630587342733
7.30789 0.14003919833090978
7.3091 0.1402288676740216
7.31031 0.14041853701713347
7.31151 0.1406082063602453
7.31272 0.14073465258898651
7.31393 0.14092432193209836
7.31513 0.14105076816083958
7.31634 0.1411772143895808
7.31755 0.14130366061832203
7.31875 0.14143010684706328
7.31996 0.1415565530758045
7.32117 0.14168299930454573
7.32237 0.14180944553328695
7.32358 0.1418726686476576
7.32479 0.14199911487639882
7.32599 0.14212556110514005
7.3272 0.14225200733388127
7.32841 0.14244167667699312
7.32961 0.14256812290573434
7.33082 0.14275779224884616
7.33203 0.14294746159195804
7.33323 0.14313713093506986
7.33444 0.1433900233925523
7.33565 0.14357969273566415
7.33686 0.1438325851931466
7.33806 0.1441487007649997
7.33927 0.14440159322248214
7.34048 0.14465448567996458
7.34168 0.14490737813744703
7.34289 0.1451602705949295
7.3441 0.14534993993804135
7.3453 0.14553960928115317
7.34651 0.14572927862426505
7.34772 0.14591894796737687
7.34892 0.14610861731048871
7.35013 0.14629828665360056
7.35134 0.14642473288234178
7.35254 0.146551179111083
7.35375 0.14674084845419486
7.35496 0.1469305177973067
7.35616 0.14705696402604793
7.35737 0.14724663336915977
7.35858 0.1474363027122716
7.35978 0.14768919516975404
7.36099 0.14787886451286592
7.3622 0.14813175697034836
7.36341 0.1483846494278308
7.36461 0.14870076499968388
7.36582 0.14895365745716635
7.36703 0.1492065499146488
7.36823 0.14952266548650187
7.36944 0.14983878105835494
7.37065 0.15009167351583738
7.37185 0.15034456597331983
7.37306 0.1505974584308023
7.37427 0.15085035088828475
7.37547 0.15110324334576722
7.37668 0.15129291268887904
7.37789 0.15141935891762026
7.37909 0.15160902826073214
7.3803 0.15173547448947336
7.38151 0.15179869760384396
7.38271 0.15186192071821458
7.38392 0.15192514383258518
7.38513 0.1519883669469558
7.38633 0.1520515900613264
7.38754 0.1520515900613264
7.38875 0.15211481317569703
7.38996 0.15217803629006765
7.39116 0.15224125940443825
7.39237 0.15236770563317947
7.39358 0.1524941518619207
7.39478 0.15262059809066195
7.39599 0.1528102674337738
7.3972 0.15306315989125624
7.3984 0.1533792754631093
7.39961 0.15369539103496235
7.40082 0.15401150660681545
7.40202 0.15432762217866852
7.40323 0.1547069608648922
7.40444 0.15508629955111589
7.40564 0.15546563823733958
7.40685 0.15578175380919262
7.40806 0.1560978693810457
7.40926 0.1564139849528988
7.41047 0.15666687741038124
7.41168 0.15691976986786368
7.41288 0.15710943921097553
7.41409 0.15729910855408735
7.4153 0.15748877789719923
7.41651 0.15761522412594045
7.41771 0.15767844724031105
7.41892 0.15774167035468167
7.42013 0.15780489346905227
7.42133 0.15780489346905227
7.42254 0.1578681165834229
7.42375 0.1579313396977935
7.42495 0.1579313396977935
7.42616 0.15799456281216412
7.42737 0.15805778592653474
7.42857 0.15818423215527597
7.42978 0.1583106783840172
7.43099 0.15850034772712904
7.43219 0.15875324018461148
7.4334 0.15900613264209393
7.43461 0.15932224821394703
7.43581 0.1596383637858001
7.43702 0.16001770247202377
7.43823 0.16039704115824746
7.43943 0.16071315673010053
7.44064 0.1610924954163242
7.44185 0.1614718341025479
7.44306 0.1618511727887716
7.44426 0.16216728836062463
7.44547 0.1624201808181071
7.44668 0.16267307327558955
7.44788 0.1628627426187014
7.44909 0.16298918884744262
7.4503 0.16311563507618385
7.4515 0.16317885819055447
7.45271 0.16324208130492507
7.45392 0.16324208130492507
7.45512 0.16324208130492507
7.45633 0.16324208130492507
7.45754 0.16317885819055447
7.45874 0.16317885819055447
7.45995 0.16317885819055447
7.46116 0.16324208130492507
7.46236 0.1633053044192957
7.46357 0.1633685275336663
7.46478 0.16355819687677814
7.46599 0.16374786621989
7.46719 0.16400075867737246
7.4684 0.1642536511348549
7.46961 0.16463298982107857
7.47081 0.16494910539293164
7.47202 0.16532844407915534
7.47323 0.16577100587974963
7.47443 0.16621356768034393
7.47564 0.16665612948093825
7.47685 0.1670986912815325
7.47805 0.1674780299677562
7.47926 0.1678573686539799
7.48047 0.16823670734020357
7.48167 0.16855282291205664
7.48288 0.16880571536953912
7.48409 0.16899538471265094
7.48529 0.16912183094139216
7.4865 0.16924827717013338
7.48771 0.16924827717013338
7.48891 0.16924827717013338
7.49012 0.16924827717013338
7.49133 0.16912183094139216
7.49254 0.16912183094139216
7.49374 0.16905860782702156
7.49495 0.16893216159828034
7.49616 0.16886893848390971
7.49736 0.16886893848390971
7.49857 0.16893216159828034
7.49978 0.16899538471265094
7.50098 0.16912183094139216
7.50219 0.16924827717013338
7.5034 0.16950116962761586
7.5046 0.1697540620850983
7.50581 0.170133400771322
7.50702 0.1705127394575457
7.50822 0.17089207814376936
7.50943 0.17127141682999303
7.51064 0.17171397863058735
7.51184 0.17215654043118164
7.51305 0.17259910223177594
7.51426 0.1729784409179996
7.51546 0.1733577796042233
7.51667 0.17367389517607637
7.51788 0.17399001074792944
7.51909 0.17424290320541191
7.52029 0.17449579566289433
7.5215 0.17462224189163555
7.52271 0.17468546500600618
7.52391 0.1747486881203768
7.52512 0.1747486881203768
7.52633 0.1747486881203768
7.52753 0.17468546500600618
7.52874 0.17462224189163555
7.52995 0.17455901877726496
7.53115 0.17455901877726496
7.53236 0.17455901877726496
7.53357 0.17455901877726496
7.53477 0.17455901877726496
7.53598 0.17462224189163555
7.53719 0.17481191123474743
7.53839 0.17500158057785925
7.5396 0.1751912499209711
7.54081 0.17550736549282417
7.54201 0.17582348106467724
7.54322 0.1762028197509009
7.54443 0.17664538155149523
7.54564 0.17708794335208952
7.54684 0.17759372826705444
7.54805 0.17803629006764873
7.54926 0.17854207498261365
7.55046 0.17904785989757857
7.55167 0.17955364481254346
7.55288 0.17999620661313775
7.55408 0.18037554529936145
7.55529 0.18075488398558512
7.5565 0.1811342226718088
7.5577 0.18138711512929126
7.55891 0.1816400075867737
7.56012 0.18176645381551496
7.56132 0.18182967692988555
7.56253 0.18189290004425618
7.56374 0.18195612315862678
7.56494 0.18189290004425618
7.56615 0.18182967692988555
7.56736 0.18176645381551496
7.56856 0.18170323070114433
7.56977 0.1816400075867737
7.57098 0.1816400075867737
7.57219 0.1815767844724031
7.57339 0.1816400075867737
7.5746 0.18170323070114433
7.57581 0.18189290004425618
7.57701 0.182082569387368
7.57822 0.1823986849592211
7.57943 0.18271480053107414
7.58063 0.18309413921729784
7.58184 0.18353670101789213
7.58305 0.18404248593285705
7.58425 0.18454827084782197
7.58546 0.18511727887715748
7.58667 0.18555984067775178
7.58787 0.18612884870708732
7.58908 0.1866346336220522
7.59029 0.18707719542264653
7.59149 0.1874565341088702
7.5927 0.18777264968072327
7.59391 0.18808876525257634
7.59511 0.1882784345956882
7.59632 0.1884681039388
7.59753 0.18853132705317063
7.59874 0.18859455016754123
7.59994 0.18853132705317063
7.60115 0.1884681039388
7.60236 0.1884048808244294
7.60356 0.18834165771005879
7.60477 0.18821521148131756
7.60598 0.18815198836694697
7.60718 0.18808876525257634
7.60839 0.18802554213820571
7.6096 0.18802554213820571
7.6108 0.18808876525257634
7.61201 0.18815198836694697
7.61322 0.18834165771005879
7.61442 0.18853132705317063
7.61563 0.1888474426250237
7.61684 0.18916355819687677
7.61804 0.18947967376872984
7.61925 0.18992223556932414
7.62046 0.1903015742555478
7.62166 0.19080735917051272
7.62287 0.19131314408547764
7.62408 0.19175570588607194
7.62529 0.19213504457229563
7.62649 0.19257760637288993
7.6277 0.1929569450591136
7.62891 0.19327306063096666
7.63011 0.19358917620281976
7.63132 0.19377884554593158
7.63253 0.1939052917746728
7.63373 0.19396851488904343
7.63494 0.19403173800341403
7.63615 0.19409496111778465
7.63735 0.19403173800341403
7.63856 0.19396851488904343
7.63977 0.1939052917746728
7.64097 0.19377884554593158
7.64218 0.19371562243156099
7.64339 0.19358917620281976
7.64459 0.1935259530884491
7.6458 0.1933995068597079
7.64701 0.1933995068597079
7.64821 0.1933995068597079
7.64942 0.1934627299740785
7.65063 0.19358917620281976
7.65184 0.19371562243156099
7.65304 0.19396851488904343
7.65425 0.1942846304608965
7.65546 0.1946639691471202
7.65666 0.19510653094771446
7.65787 0.19554909274830878
7.65908 0.19599165454890308
7.66028 0.196497439463868
7.66149 0.1969400012644623
7.6627 0.1974457861794272
7.6639 0.1978883479800215
7.66511 0.19820446355187457
7.66632 0.19852057912372761
7.66752 0.1987734715812101
7.66873 0.19902636403869253
7.66994 0.1992160333818044
7.67114 0.19934247961054563
7.67235 0.19946892583928685
7.67356 0.19953214895365742
7.67477 0.19959537206802808
7.67597 0.1997218182967693
7.67718 0.19978504141113992
7.67839 0.19984826452551052
7.67959 0.19991148763988115
7.6808 0.19997471075425174
7.68201 0.20010115698299297
7.68321 0.2002276032117342
7.68442 0.20029082632610481
7.68563 0.20041727255484604
7.68683 0.20060694189795789
7.68804 0.2007966112410697
7.68925 0.20098628058418155
7.69045 0.20117594992729343
7.69166 0.20142884238477587
7.69287 0.20174495795662895
7.69407 0.20206107352848202
7.69528 0.20237718910033506
7.69649 0.20275652778655875
7.69769 0.20319908958715308
7.6989 0.20357842827337674
7.70011 0.20402099007397104
7.70132 0.20446355187456533
7.70252 0.204842890560789
7.70373 0.20522222924701272
7.70494 0.2056015679332364
7.70614 0.20591768350508946
7.70735 0.2061705759625719
7.70856 0.20642346842005435
7.70976 0.2066763608775368
7.71097 0.20680280710627807
7.71218 0.20686603022064864
7.71338 0.2069292533350193
7.71459 0.20699247644938987
7.7158 0.20699247644938987
7.717 0.20699247644938987
7.71821 0.20699247644938987
7.71942 0.2069292533350193
7.72062 0.2069292533350193
7.72183 0.20699247644938987
7.72304 0.20699247644938987
7.72424 0.20705569956376052
7.72545 0.20718214579250174
7.72666 0.20730859202124297
7.72787 0.2074982613643548
7.72907 0.20775115382183726
7.73028 0.2080040462793197
7.73149 0.20832016185117277
7.73269 0.20869950053739644
7.7339 0.20907883922362017
7.73511 0.20952140102421446
7.73631 0.21002718593917935
7.73752 0.21046974773977364
7.73873 0.21097553265473853
7.73993 0.21141809445533286
7.74114 0.21192387937029777
7.74235 0.2123664411708921
7.74355 0.2128090029714864
7.74476 0.21318834165771006
7.74597 0.21350445722956313
7.74717 0.2138205728014162
7.74838 0.21407346525889864
7.74959 0.2143263577163811
7.75079 0.21451602705949296
7.752 0.2146424732882342
7.75321 0.21470569640260476
7.75442 0.2147689195169754
7.75562 0.21483214263134603
7.75683 0.21489536574571663
7.75804 0.21495858886008726
7.75924 0.21495858886008726
7.76045 0.21502181197445785
7.76166 0.21514825820319908
7.76286 0.21533792754631093
7.76407 0.21546437377505215
7.76528 0.2157172662325346
7.76648 0.2159701586900171
7.76769 0.21622305114749954
7.7689 0.2165391667193526
7.7701 0.21691850540557628
7.77131 0.21736106720617057
7.77252 0.21774040589239424
7.77372 0.21818296769298853
7.77493 0.21862552949358285
7.77614 0.21913131440854777
7.77734 0.21957387620914204
7.77855 0.22007966112410698
7.77976 0.22058544603907185
7.78097 0.22102800783966617
7.78217 0.2215337927546311
7.78338 0.22203957766959598
7.78459 0.2224821394701903
7.78579 0.22286147815641397
7.787 0.22324081684263766
7.78821 0.22355693241449073
7.78941 0.22387304798634378
7.79062 0.22412594044382628
7.79183 0.22431560978693807
7.79303 0.2244420560156793
7.79424 0.22456850224442057
7.79545 0.22463172535879117
7.79665 0.2247581715875324
7.79786 0.2248846178162736
7.79907 0.22494784093064424
7.80027 0.22507428715938546
7.80148 0.22520073338812668
7.80269 0.2253271796168679
7.80389 0.2255800720743504
7.8051 0.22589618764620342
7.80631 0.22621230321805652
7.80752 0.2265284187899096
7.80872 0.22697098059050388
7.80993 0.22741354239109818
7.81114 0.22791932730606307
7.81234 0.2284883353353986
7.81355 0.22899412025036353
7.81476 0.22949990516532842
7.81596 0.23006891319466397
7.81717 0.23057469810962888
7.81838 0.23108048302459377
7.81958 0.23158626793955872
7.82079 0.2319656066257824
7.822 0.23234494531200606
7.8232 0.23272428399822975
7.82441 0.2330403995700828
7.82562 0.23335651514193587
7.82682 0.2336094075994183
7.82803 0.2337990769425302
7.82924 0.23405196940001263
7.83044 0.23424163874312448
7.83165 0.23443130808623633
7.83286 0.23462097742934815
7.83407 0.23481064677246
7.83527 0.23500031611557184
7.83648 0.23518998545868366
7.83769 0.2353796548017955
7.83889 0.23563254725927796
7.8401 0.23588543971676046
7.84131 0.2361383321742429
7.84251 0.23645444774609597
7.84372 0.23677056331794902
7.84493 0.2370866788898021
7.84613 0.2374660175760258
7.84734 0.23790857937662008
7.84855 0.23828791806284377
7.84975 0.23873047986343807
7.85096 0.2391730416640324
7.85217 0.23967882657899728
7.85337 0.2401846114939622
7.85458 0.2406903964089271
7.85579 0.24106973509515076
7.85699 0.24151229689574508
7.8582 0.24189163558196877
7.85941 0.24227097426819244
7.86062 0.2425870898400455
7.86182 0.24283998229752796
7.86303 0.24302965164063983
7.86424 0.24321932098375162
7.86544 0.24328254409812228
7.86665 0.2434089903268635
7.86786 0.24347221344123413
7.86906 0.24359865966997535
7.87027 0.24359865966997535
7.87148 0.24366188278434595
7.87268 0.24372510589871657
7.87389 0.24378832901308717
7.8751 0.24391477524182842
7.8763 0.24404122147056964
7.87751 0.24416766769931086
7.87872 0.24435733704242268
7.87992 0.24454700638553453
7.88113 0.24479989884301698
7.88234 0.24505279130049948
7.88355 0.2453689068723525
7.88475 0.2456850224442056
7.88596 0.24593791490168804
7.88717 0.2462540304735411
7.88837 0.24663336915976483
7.88958 0.24694948473161785
7.89079 0.24726560030347094
7.89199 0.24758171587532402
7.8932 0.24789783144717709
7.89441 0.24815072390465953
7.89561 0.2484668394765126
7.89682 0.24871973193399505
7.89803 0.24890940127710692
7.89923 0.24916229373458937
7.90044 0.24935196307770122
7.90165 0.24947840930644244
7.90285 0.24966807864955426
7.90406 0.2497945248782955
7.90527 0.24992097110703673
7.90647 0.25004741733577796
7.90768 0.2501106404501486
7.90889 0.2502370866788898
7.9101 0.250363532907631
7.9113 0.2504899791363723
7.91251 0.25061642536511347
7.91372 0.2507428715938547
7.91492 0.2508693178225959
7.91613 0.25112221028007836
7.91734 0.25131187962319024
7.91854 0.2515647720806727
7.91975 0.25181766453815513
7.92096 0.2521337801100082
7.92216 0.25244989568186127
7.92337 0.25282923436808497
7.92458 0.25320857305430866
7.92578 0.253651134854903
7.92699 0.2540304735411266
7.9282 0.25447303534172094
7.9294 0.2548523740279446
7.93061 0.2552949358285389
7.93182 0.25567427451476255
7.93302 0.25611683631535687
7.93423 0.25643295188720994
7.93544 0.256749067459063
7.93665 0.2570651830309161
7.93785 0.2573180754883985
7.93906 0.25757096794588097
7.94027 0.2578238604033634
7.94147 0.2580135297464753
7.94268 0.25820319908958717
7.94389 0.25832964531832836
7.94509 0.2584560915470696
7.9463 0.2585825377758108
7.94751 0.25864576089018143
7.94871 0.2587722071189227
7.94992 0.25883543023329325
7.95113 0.2588986533476639
7.95233 0.2590250995764051
7.95354 0.25908832269077575
7.95475 0.259214768919517
7.95595 0.2593412151482582
7.95716 0.25946766137699945
7.95837 0.25959410760574064
7.95957 0.2597837769488525
7.96078 0.26003666940633496
7.96199 0.2602895618638174
7.9632 0.26054245432129985
7.9644 0.2607953467787823
7.96561 0.2611114623506354
7.96682 0.26142757792248844
7.96802 0.26180691660871214
7.96923 0.2621230321805652
7.97044 0.2625023708667889
7.97164 0.262818486438642
7.97285 0.26319782512486567
7.97406 0.26351394069671874
7.97526 0.2638300562685718
7.97647 0.2641461718404248
7.97768 0.2644622874122779
7.97888 0.26471517986976034
7.98009 0.26496807232724284
7.9813 0.26515774167035466
7.9825 0.26534741101346654
7.98371 0.26553708035657836
7.98492 0.2656635265853196
7.98612 0.2657267496996902
7.98733 0.2657899728140608
7.98854 0.26585319592843143
7.98975 0.2659796421571727
7.99095 0.2659796421571727
7.99216 0.26604286527154325
7.99337 0.2661060883859139
7.99457 0.2661693115002845
7.99578 0.2662957577290257
7.99699 0.26642220395776695
7.99819 0.26661187330087877
7.9994 0.26680154264399064
8.00061 0.26699121198710246
8.00181 0.26730732755895553
8.00302 0.26756022001643803
8.00423 0.2679395587026617
8.00543 0.26831889738888537
8.00664 0.26869823607510906
8.00785 0.26907757476133276
8.00905 0.269520136561927
8.01026 0.2698994752481507
8.01147 0.270342037048745
8.01267 0.2707213757349687
8.01388 0.2711007144211924
8.01509 0.2714800531074161
8.0163 0.27179616867926915
8.0175 0.2721122842511222
8.01871 0.2724283998229753
8.01992 0.27268129228045773
8.02112 0.27287096162356955
8.02233 0.27306063096668143
8.02354 0.27325030030979325
8.02474 0.2733767465385345
8.02595 0.2735031927672757
8.02716 0.2735664158816463
8.02836 0.27362963899601694
8.02957 0.27362963899601694
8.03078 0.27369286211038757
8.03198 0.27369286211038757
8.03319 0.27375608522475814
8.0344 0.27381930833912876
8.0356 0.2738825314534994
8.03681 0.2740089776822406
8.03802 0.2741354239109819
8.03922 0.27432509325409365
8.04043 0.27457798571157616
8.04164 0.2748308781690586
8.04285 0.27514699374091167
8.04405 0.27552633242713537
8.04526 0.27596889422772963
8.04647 0.2764746791426945
8.04767 0.27698046405765947
8.04888 0.277549472086995
8.05009 0.27811848011633056
8.05129 0.2786874881456661
8.0525 0.27931971928937216
8.05371 0.2799519504330783
8.05491 0.28052095846241387
8.05612 0.2810899664917494
8.05733 0.2816589745210849
8.05853 0.28210153632167917
8.05974 0.2825440981222735
8.06095 0.2829234368084972
8.06215 0.28323955238035026
8.06336 0.2834924448378327
8.06457 0.2837453372953152
8.06577 0.2838717835240564
8.06698 0.28399822975279765
8.06819 0.2840614528671682
8.0694 0.28412467598153884
8.0706 0.2841878990959094
8.07181 0.2842511222102801
8.07302 0.2842511222102801
8.07422 0.2843143453246507
8.07543 0.2843775684390213
8.07664 0.2844407915533919
8.07784 0.28456723778213316
8.07905 0.284756907125245
8.08026 0.2849465764683568
8.08146 0.2851362458114687
8.08267 0.28545236138332175
8.08388 0.28576847695517477
8.08508 0.2861478156413985
8.08629 0.28652715432762216
8.0875 0.2869697161282165
8.0887 0.28747550104318137
8.08991 0.2879812859581463
8.09112 0.28855029398748183
8.09232 0.28911930201681735
8.09353 0.2897515331605235
8.09474 0.290320541189859
8.09595 0.29095277233356515
8.09715 0.29152178036290066
8.09836 0.2921540115066068
8.09957 0.2927230195359423
8.10077 0.29329202756527784
8.10198 0.2937978124802427
8.10319 0.29424037428083705
8.10439 0.29468293608143137
8.1056 0.29506227476765506
8.10681 0.2953783903395081
8.10801 0.2956312827969906
8.10922 0.295884175254473
8.11043 0.2960106214832143
8.11163 0.29613706771195547
8.11284 0.2962002908263261
8.11405 0.29632673705506735
8.11525 0.2963899601694379
8.11646 0.29645318328380854
8.11767 0.29651640639817917
8.11888 0.2965796295125498
8.12008 0.296706075741291
8.12129 0.29689574508440286
8.1225 0.2970854144275147
8.1237 0.2972750837706265
8.12491 0.29759119934247963
8.12612 0.2979073149143327
8.12732 0.29828665360055634
8.12853 0.29872921540115066
8.12974 0.299171777201745
8.13094 0.2996775621167099
8.13215 0.3002465701460454
8.13336 0.3008155781753809
8.13456 0.3013845862047164
8.13577 0.30201681734842256
8.13698 0.3026490484921287
8.13818 0.30328127963583484
8.13939 0.30385028766517036
8.1406 0.3044825188088765
8.1418 0.3050515268382121
8.14301 0.3056205348675476
8.14422 0.3061895428968831
8.14543 0.306695327811848
8.14663 0.30713788961244226
8.14784 0.307517228298666
8.14905 0.307833343870519
8.15025 0.3081494594423721
8.15146 0.30840235189985454
8.15267 0.30865524435733704
8.15387 0.3087816905860783
8.15508 0.3089081368148195
8.15629 0.30897135992919006
8.15749 0.30903458304356074
8.1587 0.30916102927230193
8.15991 0.30922425238667256
8.16111 0.3093506986154138
8.16232 0.3094139217297844
8.16353 0.30960359107289626
8.16473 0.3097932604160081
8.16594 0.31010937598786115
8.16715 0.3104254915597142
8.16835 0.3108680533603085
8.16956 0.3113106151609028
8.17077 0.31181640007586775
8.17198 0.31232218499083264
8.17318 0.3129544161345388
8.17439 0.3135866472782449
8.1756 0.31428210153632163
8.1768 0.315040778908769
8.17801 0.3157362331668458
8.17922 0.31636846431055193
8.18042 0.3170639185686287
8.18163 0.31782259594107604
8.18284 0.3184548270847822
8.18404 0.31915028134285894
8.18525 0.31971928937219446
8.18646 0.3203515205159006
8.18766 0.3209205285452361
8.18887 0.32148953657457163
8.19008 0.3219953214895366
8.19128 0.32243788329013084
8.19249 0.32288044509072517
8.1937 0.32332300689131943
8.1949 0.3237023455775432
8.19611 0.3240816842637668
8.19732 0.3243977998356199
8.19853 0.32471391540747296
8.19973 0.3249668078649554
8.20094 0.32515647720806723
8.20215 0.32540936966554973
8.20335 0.32559903900866155
8.20456 0.32585193146614405
8.20577 0.3260416008092558
8.20697 0.3262944932667383
8.20818 0.32648416260985014
8.20939 0.3267370550673326
8.21059 0.32705317063918565
8.2118 0.32743250932540935
8.21301 0.32787507112600367
8.21421 0.32831763292659794
8.21542 0.3288234178415629
8.21663 0.3293924258708984
8.21783 0.33002465701460454
8.21904 0.3307201112726813
8.22025 0.331415565530758
8.22145 0.3321742429032054
8.22266 0.33293292027565274
8.22387 0.3336283745337295
8.22508 0.3343870519061769
8.22628 0.33514572927862424
8.22749 0.3359044066510716
8.2287 0.33666308402351897
8.2299 0.33729531516722516
8.23111 0.33792754631093125
8.23232 0.3385597774546374
8.23352 0.3391287854839729
8.23473 0.3396345703989378
8.23594 0.34014035531390274
8.23714 0.34064614022886763
8.23835 0.3410254789150914
8.23956 0.34146804071568565
8.24076 0.34184737940190935
8.24197 0.342226718088133
8.24318 0.3426060567743567
8.24438 0.34292217234620975
8.24559 0.34330151103243345
8.2468 0.3436176266042865
8.248 0.3439969652905102
8.24921 0.34437630397673386
8.25042 0.3448188657773282
8.25163 0.34519820446355187
8.25283 0.3456407662641462
8.25404 0.3461465511791111
8.25525 0.346652336094076
8.25645 0.3472213441234115
8.25766 0.34779035215274706
8.25887 0.34842258329645315
8.26007 0.3491180375545299
8.26128 0.3498134918126067
8.26249 0.350572169185054
8.26369 0.3513308465575014
8.2649 0.35221597015869
8.26611 0.353037870645508
8.26731 0.3539229942466966
8.26852 0.3548081178478852
8.26973 0.35563001833470315
8.27093 0.3565151419358918
8.27214 0.35733704242270975
8.27335 0.35822216602389834
8.27455 0.3589808433963457
8.27576 0.3598027438831637
8.27697 0.36049819814124046
8.27818 0.36113042928494654
8.27938 0.3617626604286527
8.28059 0.3623948915723589
8.2818 0.3629638996016944
8.283 0.3634696845166593
8.28421 0.36391224631725355
8.28542 0.3643548081178479
8.28662 0.36473414680407157
8.28783 0.36511348549029526
8.28904 0.3654928241765189
8.29024 0.3658721628627426
8.29145 0.3662515015489663
8.29266 0.36663084023519
8.29386 0.36701017892141363
8.29507 0.36738951760763733
8.29628 0.3678953025226022
8.29748 0.36833786432319654
8.29869 0.36890687235253206
8.2999 0.36947588038186757
8.3011 0.37004488841120314
8.30231 0.3706771195549093
8.30352 0.371372573812986
8.30473 0.3721312511854334
8.30593 0.3728899285578807
8.30714 0.3736486059303281
8.30835 0.3744705064171461
8.30955 0.3752924069039641
8.31076 0.37611430739078205
8.31197 0.37699943099197064
8.31317 0.3778845545931592
8.31438 0.37870645507997724
8.31559 0.3795283555667952
8.31679 0.38035025605361317
8.318 0.3811721565404312
8.31921 0.3819308339128785
8.32041 0.3826895112853259
8.32162 0.3833849655434027
8.32283 0.3840804198014794
8.32403 0.38471265094518553
8.32524 0.38534488208889167
8.32645 0.3859138901182272
8.32766 0.38641967503319213
8.32886 0.38698868306252765
8.33007 0.38749446797749254
8.33128 0.38793702977808686
8.33248 0.3883795915786811
8.33369 0.38882215337927545
8.3349 0.3893279382942404
8.3361 0.38977050009483466
8.33731 0.39027628500979955
8.33852 0.39078206992476444
8.33972 0.3912878548397294
8.34093 0.3918568628690649
8.34214 0.3924258708984004
8.34334 0.3930581020421066
8.34455 0.3937535563001833
8.34576 0.3944490105582601
8.34696 0.39520768793070743
8.34817 0.3959663653031549
8.34938 0.3967250426756022
8.35058 0.3975469431624202
8.35179 0.39836884364923814
8.353 0.39919074413605615
8.35421 0.40007586773724474
8.35541 0.40089776822406265
8.35662 0.40171966871088066
8.35783 0.4026047923120693
8.35903 0.4034266927988873
8.36024 0.4042485932857052
8.36145 0.40507049377252324
8.36265 0.40589239425934115
8.36386 0.4066510716317886
8.36507 0.40740974900423593
8.36627 0.40810520326231264
8.36748 0.4088006575203894
8.36869 0.4094961117784662
8.36989 0.4101283429221723
8.3711 0.41076057406587846
8.37231 0.41132958209521403
8.37351 0.41189859012454955
8.37472 0.41246759815388506
8.37593 0.4130366061832206
8.37713 0.41360561421255615
8.37834 0.41411139912752104
8.37955 0.41461718404248593
8.38076 0.4151861920718215
8.38196 0.4156919769867864
8.38317 0.41632420813049253
8.38438 0.416893216159828
8.38558 0.4175254473035342
8.38679 0.41815767844724033
8.388 0.4188531327053171
8.3892 0.4195485869633938
8.39041 0.4202440412214706
8.39162 0.4210027185939179
8.39282 0.42182461908073593
8.39403 0.42264651956755395
8.39524 0.42346842005437185
8.39644 0.42429032054118987
8.39765 0.4251122210280078
8.39886 0.4259341215148258
8.40006 0.4268192451160144
8.40127 0.4276411456028324
8.40248 0.42852626920402104
8.40368 0.42934816969083894
8.40489 0.43017007017765696
8.4061 0.43099197066447487
8.40731 0.4318138711512929
8.40851 0.4325725485237402
8.40972 0.43339444901055824
8.41093 0.434089903268635
8.41213 0.43484858064108234
8.41334 0.43554403489915916
8.41455 0.4363027122716065
8.41575 0.43693494341531264
8.41696 0.4376303976733894
8.41817 0.43826262881709555
8.41937 0.43889485996080163
8.42058 0.4394638679901372
8.42179 0.44003287601947266
8.42299 0.44066510716317886
8.4242 0.4412341151925144
8.42541 0.4418031232218499
8.42661 0.44237213125118546
8.42782 0.4430043623948915
8.42903 0.44357337042422706
8.43023 0.44420560156793326
8.43144 0.44490105582601
8.43265 0.44559651008408674
8.43386 0.4462919643421635
8.43506 0.44705064171461084
8.43627 0.44780931908705823
8.43748 0.44863121957387614
8.43868 0.44945312006069416
8.43989 0.4503382436618828
8.4411 0.4512233672630714
8.4423 0.45210849086425997
8.44351 0.4529936144654486
8.44472 0.45394196118100777
8.44592 0.45482708478219636
8.44713 0.45577543149775557
8.44834 0.4567237782133148
8.44954 0.45760890181450337
8.45075 0.4585572485300626
8.45196 0.45944237213125116
8.45316 0.4603907188468104
8.45437 0.46127584244799896
8.45558 0.46216096604918755
8.45678 0.46298286653600557
8.45799 0.46380476702282347
8.4592 0.4646266675096415
8.46041 0.4653853448820888
8.46161 0.46614402225453627
8.46282 0.4669026996269836
8.46403 0.4675981538850604
8.46523 0.4682303850287665
8.46644 0.46886261617247266
8.46765 0.4694316242018081
8.46885 0.4700006322311437
8.47006 0.4705064171461086
8.47127 0.47107542517544415
8.47247 0.47158121009040904
8.47368 0.47208699500537393
8.47489 0.4725927799203388
8.47609 0.4730985648353037
8.4773 0.4736043497502687
8.47851 0.4741733577796042
8.47971 0.47474236580893975
8.48092 0.4753745969526459
8.48213 0.476006828096352
8.48333 0.4766390592400581
8.48454 0.4773345134981349
8.48575 0.47802996775621165
8.48696 0.47878864512865904
8.48816 0.479610545615477
8.48937 0.480432446102295
8.49058 0.4812543465891129
8.49178 0.48207624707593094
8.49299 0.4828349244483783
8.4942 0.4836568249351963
8.4954 0.4844787254220143
8.49661 0.48523740279446165
8.49782 0.48605930328127966
8.49902 0.486817980653727
8.50023 0.4875134349118037
8.50144 0.4882088891698805
8.50264 0.48890434342795724
8.50385 0.4895365745716634
8.50506 0.4901688057153695
8.50626 0.49080103685907567
8.50747 0.4913700448884112
8.50868 0.4920022760321173
8.50988 0.4925712840614528
8.51109 0.49314029209078836
8.5123 0.49370930012012393
8.51351 0.49434153126383
8.51471 0.49497376240753616
8.51592 0.49560599355124235
8.51713 0.4962382246949485
8.51833 0.4969336789530252
8.51954 0.49762913321110197
8.52075 0.4982613643548081
8.52195 0.4989568186128849
8.52316 0.4997154959853322
8.52437 0.500410950243409
8.52557 0.5011696276158563
8.52678 0.5018650818739331
8.52799 0.5026237592463805
8.52919 0.5033192135044572
8.5304 0.5040778908769046
8.53161 0.504836568249352
8.53281 0.5055952456217994
8.53402 0.5063539229942466
8.53523 0.507112600366694
8.53644 0.5078712777391414
8.53764 0.5086931782259594
8.53885 0.5094518555984068
8.54006 0.5102737560852247
8.54126 0.5110324334576721
8.54247 0.5117911108301194
8.54368 0.5125497882025669
8.54488 0.5133084655750142
8.54609 0.5140671429474616
8.5473 0.5147625972055384
8.5485 0.5154580514636151
8.54971 0.5161535057216918
8.55092 0.516785736865398
8.55212 0.5173547448947335
8.55333 0.5179237529240691
8.55454 0.5184927609534046
8.55574 0.5190617689827401
8.55695 0.5196307770120756
8.55816 0.5201365619270405
8.55936 0.5206423468420055
8.56057 0.5210849086425997
8.56178 0.5215906935575646
8.56299 0.5221597015869002
8.56419 0.5227287096162357
8.5654 0.5232977176455712
8.56661 0.5238667256749068
8.56781 0.5244989568186129
8.56902 0.5250679648479484
8.57023 0.5257001959916545
8.57143 0.5263956502497313
8.57264 0.527091104507808
8.57385 0.5277865587658848
8.57505 0.5284820130239616
8.57626 0.5291774672820383
8.57747 0.529872921540115
8.57867 0.5305051526838211
8.57988 0.531200606941898
8.58109 0.5318960611999747
8.58229 0.5325915154580514
8.5835 0.5332237466017575
8.58471 0.5338559777454638
8.58591 0.5344882088891699
8.58712 0.5351204400328761
8.58833 0.5357526711765821
8.58954 0.5363216792059177
8.59074 0.5368906872352531
8.59195 0.5374596952645887
8.59316 0.5380287032939242
8.59436 0.5385344882088892
8.59557 0.5391034962382246
8.59678 0.5395460580388189
8.59798 0.5400518429537838
8.59919 0.5404944047543782
8.6004 0.5408737434406019
8.6016 0.5413163052411962
8.60281 0.5416956439274199
8.60402 0.5420117594992729
8.60522 0.5423910981854966
8.60643 0.5427072137573496
8.60764 0.5430233293292027
8.60884 0.5432762217866852
8.61005 0.5435923373585383
8.61126 0.5439084529303913
8.61246 0.5442245685022444
8.61367 0.5445406840740975
8.61488 0.5449200227603211
8.61609 0.5452993614465448
8.61729 0.5456787001327685
8.6185 0.5460580388189922
8.61971 0.5465006006195865
8.62091 0.5469431624201808
8.62212 0.5474489473351457
8.62333 0.5480179553644812
8.62453 0.5485237402794462
8.62574 0.5490927483087816
8.62695 0.5495985332237465
8.62815 0.5501675412530821
8.62936 0.550673326168047
8.63057 0.5512423341973826
8.63177 0.5517481191123474
8.63298 0.5522539040273123
8.63419 0.5526964658279067
8.63539 0.553139027628501
8.6366 0.5535183663147246
8.63781 0.5539609281153189
8.63901 0.554277043687172
8.64022 0.5546563823733958
8.64143 0.5549724979452487
8.64264 0.5552253904027312
8.64384 0.5554782828602136
8.64505 0.5557311753176962
8.64626 0.5559208446608079
8.64746 0.5561737371182904
8.64867 0.5563634064614023
8.64988 0.5566162989188846
8.65108 0.5568059682619966
8.65229 0.5569956376051084
8.6535 0.5571853069482202
8.6547 0.5573749762913321
8.65591 0.5576278687488145
8.65712 0.557880761206297
8.65832 0.5580704305494089
8.65953 0.5583233230068912
8.66074 0.5586394385787443
8.66194 0.5588923310362268
8.66315 0.5592084466080799
8.66436 0.5595877852943036
8.66556 0.5599039008661566
8.66677 0.5602832395523804
8.66798 0.560662578238604
8.66919 0.5611051400391983
8.67039 0.5615477018397926
8.6716 0.5619902636403868
8.67281 0.5624328254409812
8.67401 0.5629386103559461
8.67522 0.5634443952709111
8.67643 0.563950180185876
8.67763 0.5643927419864703
8.67884 0.5648353037870646
8.68005 0.5653410887020295
8.68125 0.5657836505026237
8.68246 0.566226212303218
8.68367 0.5666055509894418
8.68487 0.5669848896756654
8.68608 0.5673010052475185
8.68729 0.5676171208193715
8.68849 0.5678700132768539
8.6897 0.5680596826199659
8.69091 0.5682493519630777
8.69211 0.5684390213061895
8.69332 0.5685654675349308
8.69453 0.568691913763672
8.69574 0.5687551368780426
8.69694 0.5688183599924131
8.69815 0.5688815831067838
8.69936 0.5689448062211544
8.70056 0.5690080293355251
8.70177 0.5690712524498958
8.70298 0.5690712524498958
8.70418 0.5691344755642663
8.70539 0.5692609217930075
8.7066 0.5693241449073781
8.7078 0.56951381425049
8.70901 0.5696402604792312
8.71022 0.569829929822343
8.71142 0.5700828222798255
8.71263 0.5702724916229374
8.71384 0.5705253840804198
8.71504 0.5708414996522728
8.71625 0.5711576152241259
8.71746 0.571473730795979
8.71866 0.5717898463678321
8.71987 0.5721691850540557
8.72108 0.5725485237402794
8.72229 0.5729278624265032
8.72349 0.5733072011127268
8.7247 0.573749762913321
8.72591 0.5741923247139153
8.72711 0.5745716634001391
8.72832 0.5749510020863627
8.72953 0.5753303407725864
8.73073 0.5757729025731807
8.73194 0.5761522412594045
8.73315 0.5764683568312575
8.73435 0.5768476955174812
8.73556 0.5771005879749637
8.73677 0.5774167035468166
8.73797 0.5776063728899286
8.73918 0.5777960422330404
8.74039 0.5779857115761522
8.74159 0.5781121578048934
8.7428 0.5782386040336347
8.74401 0.5783018271480053
8.74522 0.578365050262376
8.74642 0.578365050262376
8.74763 0.578365050262376
8.74884 0.578365050262376
8.75004 0.578365050262376
8.75125 0.5784282733767465
8.75246 0.5784282733767465
8.75366 0.5784914964911171
8.75487 0.5785547196054878
8.75608 0.5786179427198583
8.75728 0.578681165834229
8.75849 0.5788708351773408
8.7597 0.5790605045204527
8.7609 0.5792501738635645
8.76211 0.579503066321047
8.76332 0.5798191818929
8.76452 0.580135297464753
8.76573 0.5804514130366062
8.76694 0.5807675286084593
8.76814 0.5811468672946829
8.76935 0.5815262059809067
8.77056 0.581968767781501
8.77177 0.5823481064677246
8.77297 0.5827274451539483
8.77418 0.5831700069545426
8.77539 0.5835493456407662
8.77659 0.58392868432699
8.7778 0.5843712461275842
8.77901 0.5847505848138079
8.78021 0.5851299235000316
8.78142 0.5855092621862552
8.78263 0.5859518239868495
8.78383 0.5863311626730733
8.78504 0.5867105013592969
8.78625 0.58702661693115
8.78745 0.5874059556173737
8.78866 0.5877220711892268
8.78987 0.5881014098754505
8.79107 0.5884175254473035
8.79228 0.5887336410191566
8.79349 0.5890497565910097
8.79469 0.5893658721628627
8.7959 0.5896187646203451
8.79711 0.5898716570778276
8.79832 0.5901245495353101
8.79952 0.5903774419927926
8.80073 0.590630334450275
8.80194 0.5908832269077575
8.80314 0.5911361193652399
8.80435 0.591452234937093
8.80556 0.591768350508946
8.80676 0.5920212429664286
8.80797 0.5924005816526522
8.80918 0.5927799203388758
8.81038 0.5931592590250996
8.81159 0.5936650439400645
8.8128 0.5941708288550294
8.814 0.5947398368843649
8.81521 0.5953088449137004
8.81642 0.5959410760574065
8.81762 0.5965733072011127
8.81883 0.5972687614591895
8.82004 0.5979642157172662
8.82124 0.5987228930897136
8.82245 0.599481570462161
8.82366 0.600303470948979
8.82487 0.6010621483214263
8.82607 0.6018840488082443
8.82728 0.6027059492950623
8.82849 0.6035278497818802
8.82969 0.6044129733830689
8.8309 0.6052348738698868
8.83211 0.6061199974710754
8.83331 0.607005121072264
8.83452 0.6078902446734525
8.83573 0.6088385913890118
8.83693 0.609786938104571
8.83814 0.6106720617057596
8.83935 0.6115571853069481
8.84055 0.6124423089081368
8.84176 0.6132642093949547
8.84297 0.6141493329961434
8.84417 0.6149712334829613
8.84538 0.6157299108554087
8.84659 0.6164885882278561
8.84779 0.6171840424859328
8.849 0.6177530505152684
8.85021 0.6183220585446039
8.85142 0.6187646203451982
8.85262 0.6192704052601631
8.85383 0.6196497439463868
8.85504 0.620092305746981
8.85624 0.6204716444332048
8.85745 0.6208509831194284
8.85866 0.6211670986912815
8.85986 0.6214832142631346
8.86107 0.6217993298349876
8.86228 0.6222418916355819
8.86348 0.6226844534361762
8.86469 0.6231902383511412
8.8659 0.6237592463804766
8.8671 0.6243914775241828
8.86831 0.625023708667889
8.86952 0.6256559398115952
8.87072 0.6264146171840425
8.87193 0.6271732945564898
8.87314 0.6279951950433078
8.87434 0.6288170955301259
8.87555 0.6297022191313143
8.87676 0.6305241196181324
8.87797 0.6313460201049503
8.87917 0.6321046974773977
8.88038 0.632863374849845
8.88159 0.6336220522222925
8.88279 0.6343175064803692
8.884 0.6350129607384459
8.88521 0.6355819687677814
8.88641 0.636150976797117
8.88762 0.6365935385977113
8.88883 0.6370361003983056
8.89003 0.6374154390845294
8.89124 0.637794777770753
8.89245 0.6380476702282354
8.89365 0.6383637858000886
8.89486 0.6385534551432004
8.89607 0.6387431244863121
8.89727 0.6388695707150535
8.89848 0.638932793829424
8.89969 0.6390592400581653
8.90089 0.6391224631725358
8.9021 0.6391856862869064
8.90331 0.6392489094012771
8.90452 0.6393121325156477
8.90572 0.6393121325156477
8.90693 0.6393753556300183
8.90814 0.6393753556300183
8.90934 0.6395018018587596
8.91055 0.6395650249731302
8.91176 0.6396282480875007
8.91296 0.639754694316242
8.91417 0.6398811405449832
8.91538 0.6400075867737245
8.91658 0.6401340330024657
8.91779 0.6402604792312069
8.919 0.6404501485743188
8.9202 0.6406398179174306
8.92141 0.6408294872605425
8.92262 0.641082379718025
8.92382 0.6412088259467661
8.92503 0.6413984952898779
8.92624 0.6415881646329898
8.92744 0.6417146108617311
8.92865 0.6419042802048428
8.92986 0.642030726433584
8.93107 0.6420939495479547
8.93227 0.642220395776696
8.93348 0.6422836188910666
8.93469 0.6422836188910666
8.93589 0.6422836188910666
8.9371 0.6422836188910666
8.93831 0.6422836188910666
8.93951 0.6422836188910666
8.94072 0.642220395776696
8.94193 0.6421571726623253
8.94313 0.6420939495479547
8.94434 0.642030726433584
8.94555 0.6419675033192135
8.94675 0.6419042802048428
8.94796 0.6419042802048428
8.94917 0.6418410570904722
8.95037 0.6418410570904722
8.95158 0.6417778339761017
8.95279 0.6417778339761017
8.954 0.6418410570904722
8.9552 0.6419042802048428
8.95641 0.6419675033192135
8.95762 0.6420939495479547
8.95882 0.642220395776696
8.96003 0.6424100651198078
8.96124 0.6425997344629196
8.96244 0.6428526269204021
8.96365 0.6431055193778845
8.96486 0.6434848580641082
8.96606 0.6438641967503319
8.96727 0.6442435354365557
8.96848 0.6446860972371499
8.96968 0.6451918821521148
8.97089 0.6456344439527091
8.9721 0.6462034519820445
8.9733 0.6467724600113801
8.97451 0.6474046911550864
8.97572 0.6479736991844218
8.97692 0.648605930328128
8.97813 0.6492381614718341
8.97934 0.6498703926155402
8.98055 0.6505026237592463
8.98175 0.6511348549029525
8.98296 0.6518303091610292
8.98417 0.6524625403047354
8.98537 0.6530947714484415
8.98658 0.653663779477777
8.98779 0.6542960106214832
8.98899 0.6548650186508187
8.9902 0.6554340266801543
8.99141 0.6560030347094898
8.99261 0.6565720427388253
8.99382 0.6570778276537902
8.99503 0.6575836125687552
8.99623 0.6580893974837201
8.99744 0.6585319592843143
8.99865 0.6589745210849086
8.99985 0.6594170828855029
9.00106 0.6598596446860973
9.00227 0.6603022064866916
9.00347 0.6606815451729152
9.00468 0.6611241069735094
9.00589 0.6615034456597332
9.0071 0.6619460074603275
9.0083 0.6623885692609218
9.00951 0.6628943541758867
9.01072 0.6634633622052223
9.01192 0.6640323702345577
9.01313 0.6646013782638933
9.01434 0.6652336094075993
9.01554 0.6659290636656761
9.01675 0.6666877410381236
9.01796 0.6674464184105708
9.01916 0.6683315420117595
9.02037 0.6692166656129481
9.02158 0.6701650123285072
9.02278 0.6711765821584371
9.02399 0.6721881519883669
9.0252 0.6731364987039261
9.0264 0.6742112916482266
9.02761 0.6752228614781565
9.02882 0.6762976544224568
9.03002 0.6773724473667573
9.03123 0.6784472403110577
9.03244 0.6795220332553582
9.03365 0.680533603085288
9.03485 0.6815451729152179
9.03606 0.6825567427451477
9.03727 0.6835050894607068
9.03847 0.6845166592906367
9.03968 0.6854650060061959
9.04089 0.6864133527217551
9.04209 0.6873616994373143
9.0433 0.6882468230385028
9.04451 0.6891319466396915
9.04571 0.6900170702408801
9.04692 0.6909021938420686
9.04813 0.6917873174432573
9.04933 0.6926724410444458
9.05054 0.6934943415312638
9.05175 0.6943162420180818
9.05295 0.6952013656192704
9.05416 0.6960232661060883
9.05537 0.6968451665929063
9.05657 0.6977302901940949
9.05778 0.6985521906809129
9.05899 0.6994373142821015
9.0602 0.7002592147689195
9.0614 0.701144338370108
9.06261 0.7020294619712967
9.06382 0.7029778086868559
9.06502 0.7039261554024151
9.06623 0.7048745021179743
9.06744 0.7058860719479041
9.06864 0.706897641777834
9.06985 0.7079092116077638
9.07106 0.7089840045520642
9.07226 0.7100587974963646
9.07347 0.711133590440665
9.07468 0.7122716064993361
9.07588 0.7134096225580071
9.07709 0.7146108617310489
9.0783 0.71574887778972
9.0795 0.716886893848391
9.08071 0.718024909907062
9.08192 0.7192261490801036
9.08312 0.7203641651387747
9.08433 0.7215021811974458
9.08554 0.7226401972561168
9.08675 0.7237782133147879
9.08795 0.7248530062590883
9.08916 0.7259277992033888
9.09037 0.7270025921476891
9.09157 0.728014161977619
9.09278 0.7290257318075488
9.09399 0.729974078523108
9.09519 0.7309224252386672
9.0964 0.7318075488398559
9.09761 0.7326926724410444
9.09881 0.7335777960422329
9.10002 0.7343364734146804
9.10123 0.7351583739014983
9.10243 0.7359170512739458
9.10364 0.7367389517607636
9.10485 0.7374976291332112
9.10605 0.7382563065056584
9.10726 0.7390149838781058
9.10847 0.7397736612505532
9.10967 0.7405323386230005
9.11088 0.7412910159954479
9.11209 0.7421129164822658
9.1133 0.7429980400834545
9.1145 0.7438199405702725
9.11571 0.7447050641714611
9.11692 0.7455901877726496
9.11812 0.7465385344882088
9.11933 0.747486881203768
9.12054 0.7484984510336978
9.12174 0.7495100208636277
9.12295 0.7505215906935575
9.12416 0.751596383637858
9.12536 0.7526711765821584
9.12657 0.7538091926408295
9.12778 0.7548839855851299
9.12898 0.7559587785294303
9.13019 0.7570967945881013
9.1314 0.7582348106467725
9.1326 0.7593096035910729
9.13381 0.7604476196497439
9.13502 0.7615224125940444
9.13622 0.7625972055383449
9.13743 0.7636719984826452
9.13864 0.7646835683125751
9.13985 0.7656951381425049
9.14105 0.7667067079724347
9.14226 0.7676550546879939
9.14347 0.7686034014035531
9.14467 0.7695517481191123
9.14588 0.7704368717203008
9.14709 0.7713219953214895
9.14829 0.7722071189226781
9.1495 0.7730290194094961
9.15071 0.773850919896314
9.15191 0.774672820383132
9.15312 0.7754314977555794
9.15433 0.7761901751280268
9.15553 0.7769488525004742
9.15674 0.7777075298729215
9.15795 0.7784029841309982
9.15915 0.7790984383890751
9.16036 0.7797938926471518
9.16157 0.7804261237908579
9.16278 0.781058354934564
9.16398 0.7816905860782702
9.16519 0.7822595941076057
9.1664 0.7828286021369413
9.1676 0.7833976101662768
9.16881 0.7839666181956123
9.17002 0.7845356262249479
9.17122 0.7850414111399128
9.17243 0.7856104191692482
9.17364 0.7861162040842132
9.17484 0.7866219889991781
9.17605 0.7871909970285136
9.17726 0.7877600050578492
9.17846 0.7883922362015553
9.17967 0.7890244673452613
9.18088 0.7896566984889675
9.18208 0.7903521527470444
9.18329 0.7910476070051211
9.1845 0.7917430612631978
9.1857 0.7924385155212746
9.18691 0.7931971928937218
9.18812 0.7939558702661693
9.18933 0.7947777707529872
9.19053 0.7955364481254347
9.19174 0.7962951254978821
9.19295 0.7970538028703293
9.19415 0.797749257128406
9.19536 0.7985079345008534
9.19657 0.7992033887589302
9.19777 0.799898843017007
9.19898 0.8005310741607132
9.20019 0.8011633053044193
9.20139 0.8017955364481253
9.2026 0.8023645444774609
9.20381 0.8028703293924258
9.20501 0.8034393374217613
9.20622 0.8038818992223558
9.20743 0.8043876841373206
9.20863 0.8048934690522855
9.20984 0.8053360308528797
9.21105 0.8057785926534742
9.21225 0.8062211544540684
9.21346 0.8066637162546627
9.21467 0.8071062780552569
9.21588 0.8075488398558514
9.21708 0.8079914016564456
9.21829 0.80843396345704
9.2195 0.8088765252576342
9.2207 0.8093190870582285
9.22191 0.8097616488588227
9.22312 0.8102674337737876
9.22432 0.8107099955743821
9.22553 0.8111525573749763
9.22674 0.8116583422899412
9.22794 0.812164127204906
9.22915 0.8126066890055004
9.23036 0.8131124739204653
9.23156 0.8136182588354302
9.23277 0.814124043750395
9.23398 0.8146298286653599
9.23518 0.8151356135803248
9.23639 0.8157046216096604
9.2376 0.8162104065246253
9.2388 0.8167794145539609
9.24001 0.8172851994689257
9.24122 0.8178542074982613
9.24243 0.8184232155275969
9.24363 0.8189922235569324
9.24484 0.8196244547006386
9.24605 0.8201934627299742
9.24725 0.8208256938736802
9.24846 0.8214579250173862
9.24967 0.8220269330467218
9.25087 0.8226591641904281
9.25208 0.8232281722197635
9.25329 0.8238604033634697
9.25449 0.8244294113928051
9.2557 0.8250616425365114
9.25691 0.825630650565847
9.25811 0.8261364354808118
9.25932 0.8266422203957767
9.26053 0.8271480053107416
9.26173 0.8275905671113358
9.26294 0.8280331289119301
9.26415 0.8284756907125244
9.26535 0.8288550293987481
9.26656 0.8292975911993425
9.26777 0.8296769298855662
9.26898 0.8300562685717897
9.27018 0.830372384143643
9.27139 0.8307517228298665
9.2726 0.8310678384017197
9.2738 0.8314471770879432
9.27501 0.831826515774167
9.27622 0.8322690775747613
9.27742 0.8326484162609851
9.27863 0.8330909780615793
9.27984 0.8335967629765442
9.28104 0.8340393247771386
9.28225 0.8345451096921035
9.28346 0.8351141177214391
9.28466 0.835619902636404
9.28587 0.8361889106657393
9.28708 0.8368211418094456
9.28828 0.8374533729531516
9.28949 0.8380223809824872
9.2907 0.8387178352405639
9.2919 0.83935006638427
9.29311 0.8399822975279763
9.29432 0.840677751786053
9.29553 0.841309982929759
9.29673 0.8420054371878358
9.29794 0.8427008914459125
9.29915 0.8433963457039892
9.30035 0.8440917999620661
9.30156 0.8447872542201428
9.30277 0.8454827084782195
9.30397 0.8461781627362963
9.30518 0.8468736169943732
9.30639 0.84756907125245
9.30759 0.848201302396156
9.3088 0.8488335335398621
9.31001 0.8494025415691977
9.31121 0.8500347727129037
9.31242 0.8505405576278688
9.31363 0.8511095656572042
9.31483 0.8516153505721691
9.31604 0.8521211354871341
9.31725 0.852626920402099
9.31845 0.8530694822026933
9.31966 0.8534488208889169
9.32087 0.8538281595751407
9.32208 0.8542074982613643
9.32328 0.8546500600619585
9.32449 0.8550293987481823
9.3257 0.8554719605487767
9.3269 0.8559777454637416
9.32811 0.8564203072643358
9.32932 0.8568628690649301
9.33052 0.857368653979895
9.33173 0.8579376620092305
9.33294 0.8585066700385661
9.33414 0.8590756780679016
9.33535 0.8597711323259783
9.33656 0.8604665865840551
9.33776 0.8612252639565026
9.33897 0.8619839413289497
9.34018 0.8627426187013972
9.34138 0.8635012960738446
9.34259 0.8643231965606626
9.3438 0.8651450970474804
9.345 0.8659669975342985
9.34621 0.8668521211354872
9.34742 0.8677372447366758
9.34863 0.8685591452234936
9.34983 0.8693810457103116
9.35104 0.870139723082759
9.35225 0.8708984004552065
9.35345 0.8715938547132832
9.35466 0.8723525320857305
9.35587 0.8729847632294367
9.35707 0.8736802174875135
9.35828 0.8742492255168488
9.35949 0.8748814566605551
9.36069 0.87538724157552
9.3619 0.8758298033761142
9.36311 0.8763355882910793
9.36431 0.8767781500916735
9.36552 0.8771574887778972
9.36673 0.8776000505784914
9.36793 0.8780426123790858
9.36914 0.8784219510653095
9.37035 0.8788645128659037
9.37155 0.8792438515521275
9.37276 0.8796231902383511
9.37397 0.8800025289245749
9.37518 0.8804450907251691
9.37638 0.8808876525257634
9.37759 0.8813302143263577
9.3788 0.8818359992413225
9.38 0.8822785610419169
9.38121 0.8827843459568818
9.38242 0.8832901308718467
9.38362 0.8838591389011823
9.38483 0.8843649238161472
9.38604 0.8849339318454827
9.38724 0.8855029398748181
9.38845 0.8860719479041537
9.38966 0.8866409559334892
9.39086 0.8872731870771954
9.39207 0.887842195106531
9.39328 0.888474426250237
9.39448 0.8891066573939432
9.39569 0.8897388885376493
9.3969 0.8904343427957261
9.39811 0.8910665739394323
9.39931 0.891762028197509
9.40052 0.8923942593412151
9.40173 0.8930897135992919
9.40293 0.893721944742998
9.40414 0.8944173990010749
9.40535 0.8951128532591516
9.40655 0.8957450844028576
9.40776 0.8964405386609344
9.40897 0.8970727698046405
9.41017 0.897641777833976
9.41138 0.8982740089776823
9.41259 0.8988430170070176
9.41379 0.8994120250363532
9.415 0.8999810330656888
9.41621 0.9004868179806537
9.41741 0.9009926028956186
9.41862 0.901435164696213
9.41983 0.9018777264968072
9.42103 0.9023202882974016
9.42224 0.9026996269836252
9.42345 0.9030789656698488
9.42466 0.9033950812417019
9.42586 0.903711196813555
9.42707 0.9040273123854081
9.42828 0.9043434279572612
9.42948 0.9045963204147437
9.43069 0.9048492128722261
9.4319 0.9050388822153379
9.4331 0.9052917746728204
9.43431 0.9054814440159321
9.43552 0.9057343364734146
9.43672 0.9059240058165265
9.43793 0.9061136751596384
9.43914 0.9063033445027502
9.44034 0.9064930138458621
9.44155 0.9066826831889739
9.44276 0.9069355756464563
9.44396 0.9071884681039388
9.44517 0.9074413605614212
9.44638 0.9076942530189037
9.44758 0.9079471454763861
9.44879 0.9082632610482393
9.45 0.9085793766200922
9.45121 0.9088954921919453
9.45241 0.9092748308781691
9.45362 0.9096541695643927
9.45483 0.9100335082506165
9.45603 0.9104760700512107
9.45724 0.9109186318518051
9.45845 0.9113611936523993
9.45965 0.9118037554529935
9.46086 0.9122463172535878
9.46207 0.9126256559398116
9.46327 0.9130049946260353
9.46448 0.9134475564266296
9.46569 0.9138268951128532
9.46689 0.914206233799077
9.4681 0.91452234937093
9.46931 0.914838464942783
9.47051 0.9150913574002656
9.47172 0.9152810267433774
9.47293 0.9154706960864892
9.47413 0.9155971423152305
9.47534 0.9157235885439716
9.47655 0.9158500347727128
9.47776 0.9159132578870834
9.47896 0.9159764810014541
9.48017 0.9160397041158247
9.48138 0.9160397041158247
9.48258 0.9160397041158247
9.48379 0.9159764810014541
9.485 0.9159764810014541
9.4862 0.9159764810014541
9.48741 0.9159764810014541
9.48862 0.9159764810014541
9.48982 0.9159764810014541
9.49103 0.9159764810014541
9.49224 0.9160397041158247
9.49344 0.9160397041158247
9.49465 0.9161029272301954
9.49586 0.916166150344566
9.49706 0.9162293734589365
9.49827 0.9162925965733072
9.49948 0.9163558196876779
9.50068 0.916482265916419
9.50189 0.9165454890307896
9.5031 0.916671935259531
9.50431 0.9167351583739014
9.50551 0.9168616046026428
9.50672 0.9169248277170132
9.50793 0.9170512739457546
9.50913 0.9171777201744958
9.51034 0.9172409432888663
9.51155 0.9173673895176077
9.51275 0.9174938357463488
9.51396 0.9175570588607195
9.51517 0.9176835050894607
9.51637 0.9178099513182019
9.51758 0.9178731744325725
9.51879 0.9179996206613137
9.51999 0.9180628437756844
9.5212 0.9181892900044256
9.52241 0.9183157362331668
9.52361 0.9184421824619081
9.52482 0.9185686286906493
9.52603 0.9186950749193905
9.52723 0.9188215211481316
9.52844 0.918947967376873
9.52965 0.9190111904912435
9.53086 0.9191376367199848
9.53206 0.9192008598343554
9.53327 0.9193273060630968
9.53448 0.9193905291774672
9.53568 0.9194537522918379
9.53689 0.9194537522918379
9.5381 0.9195169754062086
9.5393 0.9194537522918379
9.54051 0.9193905291774672
9.54172 0.9193273060630968
9.54292 0.9192008598343554
9.54413 0.9190744136056141
9.54534 0.9188847442625023
9.54654 0.9187582980337612
9.54775 0.9185686286906493
9.54896 0.9183789593475374
9.55016 0.9181892900044256
9.55137 0.9179363975469432
9.55258 0.9176835050894607
9.55378 0.9174938357463488
9.55499 0.9172409432888663
9.5562 0.9170512739457546
9.55741 0.9168616046026428
9.55861 0.916671935259531
9.55982 0.9165454890307896
9.56103 0.9164190428020483
9.56223 0.9162925965733072
9.56344 0.916166150344566
9.56465 0.9161029272301954
9.56585 0.9159764810014541
9.56706 0.9159764810014541
9.56827 0.9159132578870834
9.56947 0.9159132578870834
9.57068 0.9159764810014541
9.57189 0.9159764810014541
9.57309 0.9159764810014541
9.5743 0.9160397041158247
9.57551 0.9161029272301954
9.57671 0.9161029272301954
9.57792 0.916166150344566
9.57913 0.9162293734589365
9.58033 0.9162925965733072
9.58154 0.9163558196876779
9.58275 0.9164190428020483
9.58396 0.916482265916419
9.58516 0.916482265916419
9.58637 0.9165454890307896
9.58758 0.9165454890307896
9.58878 0.9165454890307896
9.58999 0.9165454890307896
9.5912 0.9165454890307896
9.5924 0.9165454890307896
9.59361 0.916482265916419
9.59482 0.916482265916419
9.59602 0.9164190428020483
9.59723 0.9163558196876779
9.59844 0.9162293734589365
9.59964 0.916166150344566
9.60085 0.9161029272301954
9.60206 0.9159764810014541
9.60326 0.9158500347727128
9.60447 0.9157868116583423
9.60568 0.9156603654296009
9.60689 0.9155339192008598
9.60809 0.9154074729721186
9.6093 0.9152810267433774
9.61051 0.9152178036290067
9.61171 0.9150913574002656
9.61292 0.9150281342858949
9.61413 0.9149016880571537
9.61533 0.914838464942783
9.61654 0.9147752418284125
9.61775 0.9147752418284125
9.61895 0.9147752418284125
9.62016 0.914838464942783
9.62137 0.9149016880571537
9.62257 0.9150281342858949
9.62378 0.915154580514636
9.62499 0.9152810267433774
9.62619 0.9154706960864892
9.6274 0.9156603654296009
9.62861 0.9159132578870834
9.62981 0.916166150344566
9.63102 0.916482265916419
9.63223 0.9167983814882721
9.63344 0.9171777201744958
9.63464 0.9174938357463488
9.63585 0.9178731744325725
9.63706 0.9182525131187963
9.63826 0.9185686286906493
9.63947 0.918947967376873
9.64068 0.9192640829487261
9.64188 0.9196434216349497
9.64309 0.9200227603211735
9.6443 0.9203388758930265
9.6455 0.9206549914648795
9.64671 0.9209711070367326
9.64792 0.9212239994942151
9.64912 0.9214768919516975
9.65033 0.92172978440918
9.65154 0.9219194537522919
9.65274 0.9221091230954037
9.65395 0.9223620155528861
9.65516 0.9225516848959979
9.65636 0.9226781311247391
9.65757 0.922867800467851
9.65878 0.9229942466965922
9.65999 0.9231206929253335
9.66119 0.9233103622684453
9.6624 0.9234368084971866
9.66361 0.9235632547259277
9.66481 0.9237529240690395
9.66602 0.9238793702977809
9.66723 0.9240690396408927
9.66843 0.924195485869634
9.66964 0.9243851552127458
9.67085 0.9245748245558576
9.67205 0.9247012707845988
9.67326 0.9249541632420814
9.67447 0.9251438325851931
9.67567 0.9253335019283049
9.67688 0.9255231712714167
9.67809 0.9257760637288993
9.67929 0.9259657330720111
9.6805 0.9262186255294935
9.68171 0.926471517986976
9.68291 0.9267244104444584
9.68412 0.9269773029019409
9.68533 0.9272301953594234
9.68654 0.9275463109312765
9.68774 0.9277992033887589
9.68895 0.9281153189606121
9.69016 0.9284314345324651
9.69136 0.9287475501043181
9.69257 0.9291268887905418
9.69378 0.9295062274767656
9.69498 0.9298855661629891
9.69619 0.9303281279635834
9.6974 0.9307074666498072
9.6986 0.9311500284504014
9.69981 0.9315925902509958
9.70102 0.9319719289372195
9.70222 0.9324144907378137
9.70343 0.9329202756527786
9.70464 0.933362837453373
9.70584 0.9338053992539672
9.70705 0.9342479610545616
9.70826 0.9346905228551559
9.70946 0.9350698615413795
9.71067 0.9353859771132326
9.71188 0.9357020926850856
9.71309 0.9360182082569386
9.71429 0.9362711007144212
9.7155 0.9365239931719037
9.71671 0.9367768856293861
9.71791 0.9370297780868686
9.71912 0.937282670544351
9.72033 0.9374723398874628
9.72153 0.9376620092305746
9.72274 0.9377884554593159
9.72395 0.9379781248024277
9.72515 0.9381045710311691
9.72636 0.9382942403742808
9.72757 0.938420686603022
9.72877 0.938610355946134
9.72998 0.9388000252892458
9.73119 0.9389896946323576
9.73239 0.9391793639754693
9.7336 0.9393690333185811
9.73481 0.9396219257760637
9.73601 0.9398115951191756
9.73722 0.940064487576658
9.73843 0.9403173800341404
9.73964 0.940570272491623
9.74084 0.940886388063476
9.74205 0.9411392805209584
9.74326 0.9414553960928114
9.74446 0.9417715116646647
9.74567 0.9420876272365176
9.74688 0.9424037428083707
9.74808 0.9427830814945944
9.74929 0.9430991970664474
9.7505 0.9434785357526712
9.7517 0.9438578744388949
9.75291 0.9443004362394891
9.75412 0.9446797749257128
9.75532 0.9451223367263072
9.75653 0.9455016754125307
9.75774 0.9459442372131251
9.75894 0.9463867990137194
9.76015 0.9468925839286843
9.76136 0.9473351457292786
9.76256 0.9477777075298728
9.76377 0.9482202693304672
9.76498 0.9486628311310614
9.76619 0.9491053929316559
9.76739 0.9495479547322501
9.7686 0.9499905165328444
9.76981 0.9504330783334386
9.77101 0.950875640134033
9.77222 0.9513182019346272
9.77343 0.951697540620851
9.77463 0.9520768793070746
9.77584 0.9524562179932984
9.77705 0.9527723335651513
9.77825 0.9530884491370044
9.77946 0.9534677878232282
9.78067 0.9537206802807107
9.78187 0.9540367958525637
9.78308 0.954289688310046
9.78429 0.9545425807675286
9.78549 0.9547954732250109
9.7867 0.9549851425681228
9.78791 0.9551748119112347
9.78911 0.9553644812543465
9.79032 0.9555541505974584
9.79153 0.9557438199405702
9.79274 0.9559967123980527
9.79394 0.9562496048555351
9.79515 0.9564392741986469
9.79636 0.9566921666561296
9.79756 0.9569450591136118
9.79877 0.9571979515710944
9.79998 0.9575140671429474
9.80118 0.9578301827148005
9.80239 0.9582727445153949
9.8036 0.9587153063159891
9.8048 0.9591578681165834
9.80601 0.9596636530315483
9.80722 0.9602326610608838
9.80842 0.9607384459758488
9.80963 0.9613074540051842
9.81084 0.9618132389201491
9.81204 0.9623822469494847
9.81325 0.963014478093191
9.81446 0.963646709236897
9.81567 0.964278940380603
9.81687 0.9648479484099386
9.81808 0.9654801795536448
9.81929 0.9660491875829803
9.82049 0.9666181956123158
9.8217 0.9671239805272807
9.82291 0.9676929885566162
9.82411 0.9681987734715811
9.82532 0.968704558386546
9.82653 0.9691471201871404
9.82773 0.9696529051021053
9.82894 0.9701586900170702
9.83015 0.9706012518176644
9.83135 0.9711070367326293
9.83256 0.9715495985332238
9.83377 0.971992160333818
9.83497 0.9724347221344123
9.83618 0.9728772839350065
9.83739 0.9732566226212302
9.83859 0.9736991844218247
9.8398 0.9741417462224189
9.84101 0.9745843080230132
9.84222 0.974963646709237
9.84342 0.9753429853954605
9.84463 0.9757855471960549
9.84584 0.9761648858822786
9.84704 0.9765442245685021
9.84825 0.9768603401403554
9.84946 0.9771764557122083
9.85066 0.9774925712840614
9.85187 0.9778086868559145
9.85308 0.978061579313397
9.85428 0.9783776948852501
9.85549 0.9786305873427326
9.8567 0.9789467029145855
9.8579 0.9791995953720679
9.85911 0.9794524878295504
9.86032 0.9797053802870328
9.86152 0.980021495858886
9.86273 0.9802743883163684
9.86394 0.9805272807738509
9.86514 0.9808433963457039
9.86635 0.981159511917557
9.86756 0.98147562748941
9.86877 0.9817917430612633
9.86997 0.9821710817474868
9.87118 0.9825504204337104
9.87239 0.9829297591199342
9.87359 0.9833723209205286
9.8748 0.9838148827211228
9.87601 0.9842574445217172
9.87721 0.9847000063223114
9.87842 0.9852057912372763
9.87963 0.9857115761522411
9.88083 0.986217361067206
9.88204 0.9867863690965416
9.88325 0.9872921540115065
9.88445 0.9877979389264714
9.88566 0.9883037238414363
9.88687 0.9888727318707718
9.88807 0.9893785167857367
9.88928 0.9898843017007016
9.89049 0.9904533097300372
9.89169 0.9909590946450021
9.8929 0.991464879559967
9.89411 0.9919074413605614
9.89532 0.9922867800467852
9.89652 0.9926661187330088
9.89773 0.9930454574192323
9.89894 0.9933615729910855
9.90014 0.9936776885629386
9.90135 0.993930581020421
9.90256 0.9942466965922742
9.90376 0.9944995890497565
9.90497 0.9946892583928684
9.90618 0.9948789277359802
9.90738 0.9950053739647214
9.90859 0.9951318201934628
9.9098 0.9952582664222039
9.911 0.9953847126509451
9.91221 0.9955111588796863
9.91342 0.995574381994057
9.91462 0.9957008282227982
9.91583 0.9958272744515395
9.91704 0.99589049756591
9.91824 0.9960169437946513
9.91945 0.9960801669090219
9.92066 0.996206613137763
9.92187 0.9962698362521337
9.92307 0.9963962824808749
9.92428 0.9965227287096162
9.92549 0.9965859518239868
9.92669 0.9967123980527282
9.9279 0.9968388442814693
9.92911 0.9969020673958398
9.93031 0.9970285136245811
9.93152 0.9971549598533224
9.93273 0.997218182967693
9.93393 0.9973446291964342
9.93514 0.9974710754251753
9.93635 0.9975975216539167
9.93755 0.9977239678826579
9.93876 0.9978504141113991
9.93997 0.9979768603401402
9.94117 0.9981033065688816
9.94238 0.9982297527976228
9.94359 0.998356199026364
9.94479 0.9985458683694758
9.946 0.998672314598217
9.94721 0.9988619839413289
9.94842 0.9990516532844407
9.94962 0.999178099513182
9.95083 0.9993045457419233
9.95204 0.9994309919706644
9.95324 0.9995574381994056
9.95445 0.9996838844281469
9.95566 0.9997471075425175
9.95686 0.9998735537712589
9.95807 0.9999367768856293
9.95928 1.0
9.96048 1.0
9.96169 0.9999367768856293
9.9629 0.9998735537712589
9.9641 0.9998103306568882
9.96531 0.9996838844281469
9.96652 0.9994942150850351
9.96772 0.9993045457419233
9.96893 0.9991148763988114
9.97014 0.9988619839413289
9.97134 0.9986090914838465
9.97255 0.9982929759119935
9.97376 0.9979136372257698
9.97497 0.997534298539546
9.97617 0.9971549598533224
9.97738 0.9967123980527282
9.97859 0.9962698362521337
9.97979 0.99589049756591
9.981 0.9954479357653158
9.98221 0.9950053739647214
9.98341 0.9945628121641272
9.98462 0.9941202503635328
9.98583 0.9936144654485679
9.98703 0.9931719036479737
9.98824 0.9927293418473794
9.98945 0.9922867800467852
9.99065 0.9918442182461907
9.99186 0.991464879559967
9.99307 0.9910855408737435
9.99427 0.9906429790731491
9.99548 0.9902636403869254
9.99669 0.9898843017007016
9.99789 0.9895681861288487
9.9991 0.9891888474426249
10.00031 0.9888727318707718
10.00152 0.9885566162989189
10.00272 0.9882405007270658
10.00393 0.9879243851552127
10.00514 0.9876714926977302
10.00634 0.9873553771258772
10.00755 0.9871024846683947
10.00876 0.9867863690965416
10.00996 0.9865334766390593
10.01117 0.986217361067206
10.01238 0.9859644686097238
10.01358 0.9857115761522411
10.01479 0.9853954605803882
10.016 0.9851425681229056
10.0172 0.9848264525510526
10.01841 0.9845103369791995
10.01962 0.9841942214073465
10.02082 0.9838781058354935
10.02203 0.9834987671492698
10.02324 0.983119428463046
10.02445 0.9827400897768224
10.02565 0.9822975279762282
10.02686 0.9819181892900044
10.02807 0.98147562748941
10.02927 0.9809698425744451
10.03048 0.9804640576594802
10.03169 0.9799582727445153
10.03289 0.9794524878295504
10.0341 0.978883479800215
10.03531 0.9783144717708794
10.03651 0.9777454637415439
10.03772 0.9771764557122083
10.03893 0.9766074476828728
10.04013 0.9760384396535372
10.04134 0.9754062085098312
10.04255 0.9747739773661251
10.04375 0.9741417462224189
10.04496 0.9735727381930833
10.04617 0.9729405070493772
10.04737 0.9723714990200416
10.04858 0.9718024909907063
10.04979 0.9712334829613707
10.051 0.9706644749320351
10.0522 0.9700954669026995
10.05341 0.969526458873364
10.05462 0.9690206739583991
10.05582 0.9685148890434342
10.05703 0.9680091041284693
10.05824 0.9675665423278751
10.05944 0.9671239805272807
10.06065 0.9666814187266864
10.06186 0.9663020800404628
10.06306 0.9658595182398684
10.06427 0.9655434026680154
10.06548 0.9651640639817917
10.06668 0.9648479484099386
10.06789 0.964468609723715
10.0691 0.9642157172662326
10.0703 0.9638996016943795
10.07151 0.963646709236897
10.07272 0.9633938167794145
10.07392 0.9631409243219321
10.07513 0.9629512549788203
10.07634 0.9626983625213377
10.07755 0.9625086931782258
10.07875 0.9622558007207435
10.07996 0.9620661313776316
10.08117 0.9618764620345198
10.08237 0.9616235695770374
10.08358 0.9614339002339256
10.08479 0.9612442308908137
10.08599 0.9610545615477019
10.0872 0.96086489220459
10.08841 0.9606752228614781
10.08961 0.9604223304039956
10.09082 0.9602326610608838
10.09203 0.9599797686034014
10.09323 0.9597900992602896
10.09444 0.9596004299171776
10.09565 0.9593475374596954
10.09685 0.9591578681165834
10.09806 0.9589681987734716
10.09927 0.9587785294303598
10.10047 0.9585888600872479
10.10168 0.958399190744136
10.10289 0.9582095214010242
10.1041 0.9580198520579123
10.1053 0.9578301827148005
10.10651 0.9577037364860593
10.10772 0.9575772902573181
10.10892 0.9574508440285767
10.11013 0.9573876209142063
10.11134 0.9572611746854649
10.11254 0.9571979515710944
10.11375 0.9571347284567238
10.11496 0.9571347284567238
10.11616 0.9570715053423531
10.11737 0.9571347284567238
10.11858 0.9571347284567238
10.11978 0.9571979515710944
10.12099 0.9572611746854649
10.1222 0.9573876209142063
10.1234 0.9574508440285767
10.12461 0.9576405133716887
10.12582 0.95776695960043
10.12702 0.9578934058291712
10.12823 0.958083075172283
10.12944 0.9583359676297654
10.13065 0.9585256369728772
10.13185 0.9587785294303598
10.13306 0.9590314218878421
10.13427 0.9592843143453247
10.13547 0.9596004299171776
10.13668 0.9598533223746603
10.13789 0.9601694379465132
10.13909 0.9604855535183663
10.1403 0.96086489220459
10.14151 0.961181007776443
10.14271 0.9615603464626667
10.14392 0.9619396851488905
10.14513 0.9623190238351141
10.14633 0.9626983625213377
10.14754 0.9630777012075614
10.14875 0.9634570398937852
10.14995 0.9638996016943795
10.15116 0.964278940380603
10.15237 0.9647215021811975
10.15357 0.9651008408674211
10.15478 0.9654801795536448
10.15599 0.9658595182398684
10.1572 0.9662388569260921
10.1584 0.9665549724979452
10.15961 0.9669343111841688
10.16082 0.9672504267560219
10.16202 0.9675665423278751
10.16323 0.9678826578997282
10.16444 0.9681987734715811
10.16564 0.9684516659290637
10.16685 0.968704558386546
10.16806 0.9689574508440286
10.16926 0.9691471201871404
10.17047 0.9693367895302523
10.17168 0.969526458873364
10.17288 0.9697161282164758
10.17409 0.9698425744452172
10.1753 0.9700322437883291
10.1765 0.9702219131314409
10.17771 0.970348359360182
10.17892 0.970538028703294
10.18012 0.9707276980464058
10.18133 0.9708541442751469
10.18254 0.9709805905038882
10.18375 0.971170259847
10.18495 0.9712967060757411
10.18616 0.9714863754188531
10.18737 0.9716760447619649
10.18857 0.9718024909907063
10.18978 0.971992160333818
10.19099 0.9721818296769298
10.19219 0.9723714990200416
10.1934 0.9725611683631535
10.19461 0.9726876145918947
10.19581 0.9728772839350065
10.19702 0.9730669532781184
10.19823 0.9732566226212302
10.19943 0.9734462919643421
10.20064 0.973635961307454
10.20185 0.9738256306505658
10.20305 0.973952076879307
10.20426 0.9741417462224189
10.20547 0.9743314155655307
10.20667 0.9745210849086425
10.20788 0.9746475311373838
10.20909 0.9748372004804956
10.2103 0.9750268698236074
10.2115 0.9752165391667194
10.21271 0.9753429853954605
10.21392 0.9755326547385723
10.21512 0.9756591009673137
10.21633 0.9757855471960549
10.21754 0.9758487703104254
10.21874 0.9759752165391667
10.21995 0.9760384396535372
10.22116 0.9761016627679079
10.22236 0.9761648858822786
10.22357 0.9761648858822786
10.22478 0.9761648858822786
10.22598 0.9761648858822786
10.22719 0.9761016627679079
10.2284 0.9760384396535372
10.2296 0.9759119934247961
10.23081 0.9757855471960549
10.23202 0.975595877852943
10.23323 0.9754694316242019
10.23443 0.97527976228109
10.23564 0.9750268698236074
10.23685 0.9748372004804956
10.23805 0.9745843080230132
10.23926 0.9743314155655307
10.24047 0.9740785231080483
10.24167 0.9738256306505658
10.24288 0.9735095150787128
10.24409 0.9731933995068598
10.24529 0.9729405070493772
10.2465 0.9726876145918947
10.24771 0.9723714990200416
10.24891 0.9721186065625593
10.25012 0.9718657141050767
10.25133 0.9716128216475944
10.25253 0.9713599291901118
10.25374 0.9710438136182589
10.25495 0.9707909211607763
10.25615 0.970538028703294
10.25736 0.9702851362458114
10.25857 0.9700322437883291
10.25978 0.9697161282164758
10.26098 0.9694632357589935
10.26219 0.9692103433015109
10.2634 0.9689574508440286
10.2646 0.9686413352721756
10.26581 0.9683252197003224
10.26702 0.9680091041284693
10.26822 0.9676297654422455
10.26943 0.9672504267560219
10.27064 0.9668710880697984
10.27184 0.966428526269204
10.27305 0.9659859644686097
10.27426 0.9654801795536448
10.27546 0.9650376177530505
10.27667 0.9645318328380856
10.27788 0.9639628248087501
10.27908 0.9633938167794145
10.28029 0.962824808750079
10.2815 0.9621925776063728
10.2827 0.9615603464626667
10.28391 0.9609281153189605
10.28512 0.9602958841752545
10.28633 0.9596004299171776
10.28753 0.9589681987734716
10.28874 0.9582727445153949
10.28995 0.9575772902573181
10.29115 0.9568818359992414
10.29236 0.9561863817411647
10.29357 0.9554909274830877
10.29477 0.9547954732250109
10.29598 0.9540367958525637
10.29719 0.9533413415944869
10.29839 0.9525826642220395
10.2996 0.9518872099639628
10.30081 0.9511285325915154
10.30201 0.9504330783334386
10.30322 0.9496744009609914
10.30443 0.9489157235885439
10.30563 0.9481570462160965
10.30684 0.9473983688436493
10.30805 0.9466396914712019
10.30925 0.9458177909843839
10.31046 0.9449958904975658
10.31167 0.9441739900107479
10.31288 0.94335208952393
10.31408 0.9425301890371118
10.31529 0.941708288550294
10.3165 0.940886388063476
10.3177 0.9400012644622874
10.31891 0.9391793639754693
10.32012 0.9383574634886513
10.32132 0.9374723398874628
10.32253 0.9365872162862742
10.32374 0.9357653157994563
10.32494 0.9348801921982677
10.32615 0.9340582917114497
10.32736 0.9332363912246316
10.32856 0.9324144907378137
10.32977 0.9315925902509958
10.33098 0.9308339128785483
10.33218 0.9300752355061009
10.33339 0.929253335019283
10.3346 0.9284946576468356
10.3358 0.9277359802743883
10.33701 0.9270405260163116
10.33822 0.9262818486438642
10.33943 0.9255231712714167
10.34063 0.92482771701334
10.34184 0.9241322627552633
10.34305 0.9234368084971866
10.34425 0.9227413542391097
10.34546 0.922045899981033
10.34667 0.9213504457229563
10.34787 0.9206549914648795
10.34908 0.9198963140924321
10.35029 0.9192008598343554
10.35149 0.9184421824619081
10.3527 0.9176835050894607
10.35391 0.9169248277170132
10.35511 0.916166150344566
10.35632 0.9154074729721186
10.35753 0.9145855724853007
10.35873 0.9138268951128532
10.35994 0.9130049946260353
10.36115 0.9122463172535878
10.36235 0.91142441676677
10.36356 0.9105392931655814
10.36477 0.9097173926787633
10.36598 0.9088954921919453
10.36718 0.9080735917051274
10.36839 0.9072516912183093
10.3696 0.9064297907314914
10.3708 0.9056078902446735
10.37201 0.9048492128722261
10.37322 0.9040273123854081
10.37442 0.90320541189859
10.37563 0.9024467345261428
10.37684 0.9016248340393247
10.37804 0.9008661566668774
10.37925 0.90010747929443
10.38046 0.8993488019219825
10.38166 0.8985901245495354
10.38287 0.8978314471770878
10.38408 0.8971359929190111
10.38528 0.8963773155465637
10.38649 0.895681861288487
10.3877 0.8949231839160398
10.3889 0.8942277296579629
10.39011 0.8935322753998862
10.39132 0.8927735980274388
10.39253 0.8920781437693621
10.39373 0.8913826895112853
10.39494 0.8906872352532086
10.39615 0.8899917809951319
10.39735 0.889296326737055
10.39856 0.8886008724789783
10.39977 0.8879686413352721
10.40097 0.8872731870771954
10.40218 0.8866409559334892
10.40339 0.8860719479041537
10.40459 0.8854397167604476
10.4058 0.8848707087311121
10.40701 0.884238477587406
10.40821 0.8836694695580705
10.40942 0.8831636846431056
10.41063 0.8826578997281407
10.41183 0.8821521148131756
10.41304 0.8817095530125814
10.41425 0.881266991211987
10.41545 0.8808876525257634
10.41666 0.8804450907251691
10.41787 0.880128975153316
10.41908 0.8797496364670924
10.42028 0.8794335208952393
10.42149 0.8791174053233862
10.4227 0.8788012897515333
10.4239 0.8785483972940507
10.42511 0.8782955048365682
10.42632 0.8780426123790858
10.42752 0.8778529430359739
10.42873 0.8776632736928621
10.42994 0.8774736043497502
10.43114 0.877347158121009
10.43235 0.8772207118922679
10.43356 0.8771574887778972
10.43476 0.8770942656635266
10.43597 0.877031042549156
10.43718 0.8769678194347853
10.43838 0.8769678194347853
10.43959 0.877031042549156
10.4408 0.8770942656635266
10.44201 0.8772207118922679
10.44321 0.8774103812353795
10.44442 0.8776000505784914
10.44563 0.8778529430359739
10.44683 0.878169058607827
10.44804 0.87848517417968
10.44925 0.8788645128659037
10.45045 0.8793070746664982
10.45166 0.8797496364670924
10.45287 0.8802554213820573
10.45407 0.8808244294113928
10.45528 0.8814566605550989
10.45649 0.8820888916988051
10.45769 0.8828475690712523
10.4589 0.8835430233293292
10.46011 0.8843649238161472
10.46131 0.8851868243029651
10.46252 0.886008724789783
10.46373 0.8868306252766012
10.46493 0.887652525763419
10.46614 0.8885376493646077
10.46735 0.889485996080167
10.46856 0.8904343427957261
10.46976 0.8913826895112853
10.47097 0.8923310362268444
10.47218 0.8932793829424037
10.47338 0.8942277296579629
10.47459 0.8951128532591516
10.4758 0.8960611999747107
10.477 0.89700954669027
10.47821 0.8978946702914585
10.47942 0.8988430170070176
10.48062 0.8997281406082063
10.48183 0.9006132642093949
10.48304 0.9014983878105834
10.48424 0.9023202882974016
10.48545 0.9031421887842195
10.48666 0.903900866156667
10.48786 0.9046595435291142
10.48907 0.9054182209015617
10.49028 0.9061136751596384
10.49148 0.9068091294177151
10.49269 0.9074413605614212
10.4939 0.9080735917051274
10.49511 0.9086425997344628
10.49631 0.9092116077637984
10.49752 0.9097173926787633
10.49873 0.9101599544793576
10.49993 0.9106025162799518
10.50114 0.9109818549661756
10.50235 0.9113611936523993
10.50355 0.9116773092242523
10.50476 0.9119302016817349
10.50597 0.9122463172535878
10.50717 0.9124992097110705
10.50838 0.9126888790541821
10.50959 0.9128153252829234
10.51079 0.9129417715116647
10.512 0.9130682177404058
10.51321 0.9131314408547765
10.51441 0.9131946639691472
10.51562 0.9132578870835176
10.51683 0.9133211101978883
10.51803 0.9133843333122589
10.51924 0.9133843333122589
10.52045 0.9133843333122589
10.52166 0.9133843333122589
10.52286 0.9133211101978883
10.52407 0.9133211101978883
10.52528 0.9132578870835176
10.52648 0.9132578870835176
10.52769 0.9131946639691472
10.5289 0.9131946639691472
10.5301 0.9131314408547765
10.53131 0.9131314408547765
10.53252 0.9130682177404058
10.53372 0.9130682177404058
10.53493 0.9130049946260353
10.53614 0.9129417715116647
10.53734 0.9129417715116647
10.53855 0.912878548397294
10.53976 0.912878548397294
10.54096 0.9128153252829234
10.54217 0.9128153252829234
10.54338 0.9128153252829234
10.54458 0.9127521021685527
10.54579 0.9127521021685527
10.547 0.9126888790541821
10.54821 0.9126888790541821
10.54941 0.9126256559398116
10.55062 0.9124992097110705
10.55183 0.9124359865966998
10.55303 0.9123727634823291
10.55424 0.9122463172535878
10.55545 0.9121830941392172
10.55665 0.912056647910476
10.55786 0.9119302016817349
10.55907 0.911740532338623
10.56027 0.9116140861098818
10.56148 0.91142441676677
10.56269 0.9111715243092874
10.56389 0.9109818549661756
10.5651 0.9107289625086932
10.56631 0.9104760700512107
10.56751 0.9101599544793576
10.56872 0.9099070620218751
10.56993 0.9096541695643927
10.57113 0.9093380539925398
10.57234 0.9090851615350571
10.57355 0.9087690459632042
10.57476 0.9084529303913511
10.57596 0.9081368148194979
10.57717 0.9078206992476449
10.57838 0.9075045836757919
10.57958 0.9071884681039388
10.58079 0.9069355756464563
10.582 0.9066194600746033
10.5832 0.9063665676171208
10.58441 0.9061136751596384
10.58562 0.9058607827021559
10.58682 0.9056078902446735
10.58803 0.905354997787191
10.58924 0.9051021053297086
10.59044 0.9049124359865968
10.59165 0.9047227666434848
10.59286 0.904533097300373
10.59406 0.9043434279572612
10.59527 0.9042169817285199
10.59648 0.9040905354997786
10.59768 0.9039640892710374
10.59889 0.9038376430422963
10.6001 0.903711196813555
10.60131 0.9036479736991844
10.60251 0.9035215274704432
10.60372 0.9034583043560726
10.60493 0.9033950812417019
10.60613 0.9033318581273314
10.60734 0.9033318581273314
10.60855 0.9032686350129607
10.60975 0.9032686350129607
10.61096 0.90320541189859
10.61217 0.90320541189859
10.61337 0.9031421887842195
10.61458 0.9030789656698488
10.61579 0.9030789656698488
10.61699 0.9030157425554783
10.6182 0.9030157425554783
10.61941 0.9029525194411077
10.62061 0.902889296326737
10.62182 0.902889296326737
10.62303 0.9028260732123665
10.62423 0.9027628500979958
10.62544 0.9026996269836252
10.62665 0.9025731807548839
10.62786 0.9025099576405132
10.62906 0.9023835114117721
10.63027 0.9023202882974016
10.63148 0.9021938420686603
10.63268 0.902067395839919
10.63389 0.9020041727255483
10.6351 0.9018777264968072
10.6363 0.9017512802680661
10.63751 0.9016248340393247
10.63872 0.9014983878105834
10.63992 0.9013087184674716
10.64113 0.9011822722387305
10.64234 0.9010558260099892
10.64354 0.9009293797812479
10.64475 0.9008029335525067
10.64596 0.9006764873237656
10.64716 0.9005500410950243
10.64837 0.900423594866283
10.64958 0.9002971486375418
10.65078 0.9001707024088007
10.65199 0.9000442561800593
10.6532 0.8999810330656888
10.65441 0.8998545868369476
10.65561 0.899791363722577
10.65682 0.8997281406082063
10.65803 0.8997281406082063
10.65923 0.8996649174938358
10.66044 0.8996649174938358
10.66165 0.8996649174938358
10.66285 0.8997281406082063
10.66406 0.899791363722577
10.66527 0.899791363722577
10.66647 0.8999178099513181
10.66768 0.8999810330656888
10.66889 0.90010747929443
10.67009 0.9002339255231712
10.6713 0.9003603717519125
10.67251 0.9005500410950243
10.67371 0.9007397104381363
10.67492 0.9009293797812479
10.67613 0.9011190491243598
10.67734 0.9013719415818423
10.67854 0.9015616109249541
10.67975 0.9017512802680661
10.68096 0.9020041727255483
10.68216 0.902257065183031
10.68337 0.9025099576405132
10.68458 0.9027628500979958
10.68578 0.9030157425554783
10.68699 0.9032686350129607
10.6882 0.9035215274704432
10.6894 0.9037744199279256
10.69061 0.9039640892710374
10.69182 0.9042169817285199
10.69302 0.9044698741860023
10.69423 0.9046595435291142
10.69544 0.9049124359865968
10.69664 0.905165328444079
10.69785 0.905354997787191
10.69906 0.9055446671303028
10.70026 0.9057975595877853
10.70147 0.9059872289308972
10.70268 0.906176898274009
10.70389 0.9063033445027502
10.70509 0.9064930138458621
10.7063 0.9066826831889739
10.70751 0.9068091294177151
10.70871 0.9069355756464563
10.70992 0.9071252449895681
10.71113 0.9072516912183093
10.71233 0.9073781374470506
10.71354 0.9075045836757919
10.71475 0.907631029904533
10.71595 0.9077574761332744
10.71716 0.9078839223620155
10.71837 0.9080103685907568
10.71957 0.9080735917051274
10.72078 0.9082000379338686
10.72199 0.9083264841626097
10.72319 0.9084529303913511
10.7244 0.9086425997344628
10.72561 0.9087690459632042
10.72681 0.9088954921919453
10.72802 0.9090851615350571
10.72923 0.9092748308781691
10.73044 0.9094012771069102
10.73164 0.909590946450022
10.73285 0.909780615793134
10.73406 0.9099702851362458
10.73526 0.9102231775937282
10.73647 0.9104760700512107
10.73768 0.9107289625086932
10.73888 0.9109818549661756
10.74009 0.9112347474236581
10.7413 0.9115508629955111
10.7425 0.9118037554529935
10.74371 0.9121198710248467
10.74492 0.9124359865966998
10.74612 0.9127521021685527
10.74733 0.9130682177404058
10.74854 0.9133843333122589
10.74974 0.9137636719984825
10.75095 0.9141430106847063
10.75216 0.91452234937093
10.75336 0.914838464942783
10.75457 0.9152178036290067
10.75578 0.9155971423152305
10.75699 0.9159132578870834
10.75819 0.9162293734589365
10.7594 0.9166087121451603
10.76061 0.9169248277170132
10.76181 0.917304166403237
10.76302 0.91762028197509
10.76423 0.9179363975469432
10.76543 0.9182525131187963
10.76664 0.9185686286906493
10.76785 0.9188215211481316
10.76905 0.9190744136056141
10.77026 0.9193273060630968
10.77147 0.919580198520579
10.77267 0.919769867863691
10.77388 0.9199595372068028
10.77509 0.9201492065499146
10.77629 0.9203388758930265
10.7775 0.9205285452361384
10.77871 0.9207182145792502
10.77991 0.9208446608079914
10.78112 0.9210343301511033
10.78233 0.9211607763798444
10.78354 0.9212872226085856
10.78474 0.921413668837327
10.78595 0.9214768919516975
10.78716 0.9216033381804388
10.78836 0.92172978440918
10.78957 0.9217930075235506
10.79078 0.9219194537522919
10.79198 0.9219826768666624
10.79319 0.9221091230954037
10.7944 0.9221723462097742
10.7956 0.9222987924385155
10.79681 0.9223620155528861
10.79802 0.9224252386672568
10.79922 0.9225516848959979
10.80043 0.9226149080103686
10.80164 0.9226781311247391
10.80284 0.9227413542391097
10.80405 0.9228045773534804
10.80526 0.922867800467851
10.80646 0.922867800467851
10.80767 0.9229310235822217
10.80888 0.9229942466965922
10.81009 0.9230574698109628
10.81129 0.9230574698109628
10.8125 0.9231206929253335
10.81371 0.9231206929253335
10.81491 0.9231839160397042
10.81612 0.9231839160397042
10.81733 0.9231839160397042
10.81853 0.9231839160397042
10.81974 0.9231839160397042
10.82095 0.9232471391540746
10.82215 0.9232471391540746
10.82336 0.9232471391540746
10.82457 0.9232471391540746
10.82577 0.9233103622684453
10.82698 0.9233103622684453
10.82819 0.923373585382816
10.82939 0.923373585382816
10.8306 0.9234368084971866
10.83181 0.9234368084971866
10.83301 0.9235000316115571
10.83422 0.9235000316115571
10.83543 0.9235000316115571
10.83664 0.9234368084971866
10.83784 0.9234368084971866
10.83905 0.9234368084971866
10.84026 0.9234368084971866
10.84146 0.923373585382816
10.84267 0.923373585382816
10.84388 0.9233103622684453
10.84508 0.9231839160397042
10.84629 0.9230574698109628
10.8475 0.922867800467851
10.8487 0.9226781311247391
10.84991 0.9224252386672568
10.85112 0.9221723462097742
10.85232 0.9219194537522919
10.85353 0.9216033381804388
10.85474 0.9212872226085856
10.85594 0.9209078839223621
10.85715 0.9205285452361384
10.85836 0.9201492065499146
10.85956 0.9197066447493203
10.86077 0.9192640829487261
10.86198 0.9187582980337612
10.86319 0.9182525131187963
10.86439 0.9177467282038314
10.8656 0.9171777201744958
10.86681 0.916671935259531
10.86801 0.9161029272301954
10.86922 0.9155971423152305
10.87043 0.9150281342858949
10.87163 0.91452234937093
10.87284 0.9139533413415944
10.87405 0.9134475564266296
10.87525 0.912878548397294
10.87646 0.9123095403679585
10.87767 0.9118037554529935
10.87887 0.9112347474236581
10.88008 0.9107289625086932
10.88129 0.9102231775937282
10.88249 0.9097173926787633
10.8837 0.9092116077637984
10.88491 0.9087058228488335
10.88612 0.9082000379338686
10.88732 0.9076942530189037
10.88853 0.9072516912183093
10.88974 0.9067459063033444
10.89094 0.9063033445027502
10.89215 0.9057975595877853
10.89336 0.905354997787191
10.89456 0.9049124359865968
10.89577 0.9044698741860023
10.89698 0.9040273123854081
10.89818 0.9035847505848137
10.89939 0.9031421887842195
10.9006 0.9026996269836252
10.9018 0.902257065183031
10.90301 0.9018145033824365
10.90422 0.9013719415818423
10.90542 0.9009293797812479
10.90663 0.9004868179806537
10.90784 0.90010747929443
10.90904 0.8996649174938358
10.91025 0.8992223556932414
10.91146 0.8987797938926472
10.91267 0.8983372320920527
10.91387 0.8978946702914585
10.91508 0.8973888853764936
10.91629 0.8969463235758993
10.91749 0.8964405386609344
10.9187 0.8959347537459695
10.91991 0.8954289688310046
10.92111 0.8949231839160398
10.92232 0.8944173990010749
10.92353 0.8939116140861098
10.92473 0.8933426060567744
10.92594 0.8927735980274388
10.92715 0.8921413668837328
10.92835 0.8915723588543972
10.92956 0.8908769045963204
10.93077 0.8902446734526142
10.93197 0.8896124423089081
10.93318 0.8889169880508314
10.93439 0.8882215337927546
10.93559 0.8875260795346779
10.9368 0.8867674021622305
10.93801 0.8860719479041537
10.93922 0.8853132705317063
10.94042 0.884554593159259
10.94163 0.8837326926724409
10.94284 0.8829740152999936
10.94404 0.8821521148131756
10.94525 0.8813302143263577
10.94646 0.8805083138395398
10.94766 0.8796864133527218
10.94887 0.8789277359802744
10.95008 0.8781058354934564
10.95128 0.877347158121009
10.95249 0.8765884807485617
10.9537 0.8758298033761142
10.9549 0.875071126003667
10.95611 0.8743124486312195
10.95732 0.8735537712587721
10.95852 0.8728583170006954
10.95973 0.8721628627426186
10.96094 0.8715306315989125
10.96214 0.8708984004552065
10.96335 0.8703293924258709
10.96456 0.8697603843965354
10.96577 0.8691913763671998
10.96697 0.8686855914522349
10.96818 0.86817980653727
10.96939 0.8677372447366758
10.97059 0.8672946829360814
10.9718 0.8668521211354872
10.97301 0.8664727824492634
10.97421 0.8660934437630398
10.97542 0.865714105076816
10.97663 0.865397989504963
10.97783 0.8651450970474804
10.97904 0.8648289814756275
10.98025 0.8645760890181451
10.98145 0.8643864196750333
10.98266 0.8641335272175507
10.98387 0.8638806347600684
10.98507 0.8636909654169564
10.98628 0.863438072959474
10.98749 0.8632484036163621
10.98869 0.8631219573876209
10.9899 0.862932288044509
10.99111 0.8627426187013972
10.99232 0.862616172472656
10.99352 0.8624265031295442
10.99473 0.8622368337864323
10.99594 0.8620471644433204
10.99714 0.8618574951002086
10.99835 0.8616678257570968
10.99956 0.8614149332996144
11.00076 0.8612252639565026
11.00197 0.86097237149902
11.00318 0.8607827021559081
11.00438 0.8605298096984257
11.00559 0.8602769172409432
11.0068 0.8600240247834608
11.008 0.8597079092116077
11.00921 0.8594550167541253
11.01042 0.8591389011822723
11.01162 0.858822785610419
11.01283 0.8585066700385661
11.01404 0.8581273313523423
11.01524 0.8578112157804892
11.01645 0.8574318770942656
11.01766 0.8571157615224125
11.01887 0.8567364228361888
11.02007 0.8564203072643358
11.02128 0.8561041916924828
11.02249 0.855724853006259
11.02369 0.8553455143200354
11.0249 0.8549661756338116
11.02611 0.8546500600619585
11.02731 0.8542707213757349
11.02852 0.8539546058038818
11.02973 0.8536384902320288
11.03093 0.8533223746601758
11.03214 0.8530694822026933
11.03335 0.8528165897452109
11.03455 0.852626920402099
11.03576 0.8523740279446165
11.03697 0.8521843586015047
11.03817 0.8519946892583928
11.03938 0.8518682430296516
11.04059 0.8517417968009104
11.04179 0.8516785736865398
11.043 0.8516153505721691
11.04421 0.8515521274577986
11.04542 0.8516153505721691
11.04662 0.8516153505721691
11.04783 0.8516785736865398
11.04904 0.8518050199152809
11.05024 0.8519314661440223
11.05145 0.8520579123727635
11.05266 0.8521843586015047
11.05386 0.8523740279446165
11.05507 0.8525636972877284
11.05628 0.8527533666308402
11.05748 0.8530062590883227
11.05869 0.8532591515458051
11.0599 0.8535752671176582
11.0611 0.8538281595751407
11.06231 0.8541442751469936
11.06352 0.8544603907188467
11.06472 0.8547765062906998
11.06593 0.8550293987481823
11.06714 0.8553455143200354
11.06834 0.8555984067775179
11.06955 0.8559145223493709
11.07076 0.8562306379212239
11.07197 0.8564835303787065
11.07317 0.8567996459505595
11.07438 0.8570525384080421
11.07559 0.857368653979895
11.07679 0.8576215464373774
11.078 0.8578744388948599
11.07921 0.8581273313523423
11.08041 0.8583802238098248
11.08162 0.8585698931529367
11.08283 0.8587595624960486
11.08403 0.859012454953531
11.08524 0.8592021242966428
11.08645 0.8593917936397546
11.08765 0.8595814629828665
11.08886 0.8597711323259783
11.09007 0.8599608016690902
11.09127 0.8601504710122021
11.09248 0.8603401403553139
11.09369 0.8605298096984257
11.0949 0.860656255927167
11.0961 0.8608459252702788
11.09731 0.8610355946133906
11.09852 0.8612252639565026
11.09972 0.8614149332996144
11.10093 0.8616678257570968
11.10214 0.8619207182145793
11.10334 0.8621736106720617
11.10455 0.8624897262439148
11.10576 0.8627426187013972
11.10696 0.8630587342732502
11.10817 0.8633748498451033
11.10938 0.863754188531327
11.11058 0.8641335272175507
11.11179 0.8644496427894037
11.113 0.8648922045899982
11.1142 0.8652715432762218
11.11541 0.865714105076816
11.11662 0.8661566668774104
11.11782 0.8666624517923753
11.11903 0.8671682367073402
11.12024 0.8676740216223051
11.12145 0.86817980653727
11.12265 0.8686855914522349
11.12386 0.8692545994815705
11.12507 0.869823607510906
11.12627 0.8703926155402414
11.12748 0.8710248466839476
11.12869 0.8715938547132832
11.12989 0.8722260858569892
11.1311 0.8728583170006954
11.13231 0.8735537712587721
11.13351 0.8741860024024783
11.13472 0.8748814566605551
11.13593 0.8755769109186319
11.13713 0.8762091420623379
11.13834 0.8769045963204146
11.13955 0.8776000505784914
11.14075 0.8782955048365682
11.14196 0.8790541822090155
11.14317 0.8797496364670924
11.14437 0.8805083138395398
11.14558 0.8812037680976165
11.14679 0.8819624454700639
11.148 0.8826578997281407
11.1492 0.8833533539862174
11.15041 0.8840488082442941
11.15162 0.8847442625023709
11.15282 0.885376493646077
11.15403 0.8860719479041537
11.15524 0.8867041790478599
11.15644 0.8873996333059367
11.15765 0.8880318644496428
11.15886 0.8886640955933488
11.16006 0.8892331036226844
11.16127 0.88980211165202
11.16248 0.8903711196813555
11.16368 0.890940127710691
11.16489 0.8914459126256559
11.1661 0.8919516975406209
11.1673 0.8923942593412151
11.16851 0.89290004425618
11.16972 0.8933426060567744
11.17092 0.8937851678573686
11.17213 0.8942277296579629
11.17334 0.8946702914585573
11.17455 0.8951128532591516
11.17575 0.8954921919453751
11.17696 0.8959347537459695
11.17817 0.8963140924321932
11.17937 0.8966934311184169
11.18058 0.89700954669027
11.18179 0.8973888853764936
11.18299 0.8977682240627172
11.1842 0.8982107858633116
11.18541 0.8985901245495354
11.18661 0.8990326863501296
11.18782 0.8994752481507239
11.18903 0.8999178099513181
11.19023 0.900423594866283
11.19144 0.9008661566668774
11.19265 0.9013719415818423
11.19385 0.9018145033824365
11.19506 0.9023202882974016
11.19627 0.902889296326737
11.19747 0.9033950812417019
11.19868 0.9039640892710374
11.19989 0.9045963204147437
11.2011 0.905165328444079
11.2023 0.9057975595877853
11.20351 0.9064930138458621
11.20472 0.9071252449895681
11.20592 0.9078206992476449
11.20713 0.9085161535057217
11.20834 0.9091483846494278
11.20954 0.9098438389075046
11.21075 0.9105392931655814
11.21196 0.9112347474236581
11.21316 0.9119934247961053
11.21437 0.9126888790541821
11.21558 0.9134475564266296
11.21678 0.9141430106847063
11.21799 0.9149016880571537
11.2192 0.9156603654296009
11.2204 0.9163558196876779
11.22161 0.9170512739457546
11.22282 0.9177467282038314
11.22402 0.9184421824619081
11.22523 0.9191376367199848
11.22644 0.9198330909780617
11.22765 0.9205285452361384
11.22885 0.9211607763798444
11.23006 0.9218562306379212
11.23127 0.9224884617816274
11.23247 0.9231206929253335
11.23368 0.9237529240690395
11.23489 0.9243219320983751
11.23609 0.9248909401277107
11.2373 0.9254599481570462
11.23851 0.9260289561863816
11.23971 0.9265347411013467
11.24092 0.9270405260163116
11.24213 0.9275463109312765
11.24333 0.9279888727318707
11.24454 0.9284946576468356
11.24575 0.92893721944743
11.24695 0.9293165581336537
11.24816 0.9296958968198772
11.24937 0.9300752355061009
11.25057 0.9304545741923247
11.25178 0.9307706897641777
11.25299 0.9310868053360309
11.2542 0.9313396977935132
11.2554 0.9316558133653663
11.25661 0.9319087058228488
11.25782 0.9322248213947019
11.25902 0.9324777138521844
11.26023 0.9327938294240374
11.26144 0.9330467218815198
11.26264 0.9332996143390023
11.26385 0.9334892836821141
11.26506 0.9337421761395965
11.26626 0.933995068597079
11.26747 0.934184737940191
11.26868 0.9344376303976732
11.26988 0.9347537459695265
11.27109 0.9350066384270088
11.2723 0.9353227539988619
11.2735 0.9356388695707151
11.27471 0.9359549851425681
11.27592 0.9362711007144212
11.27712 0.9366504394006449
11.27833 0.9369665549724979
11.27954 0.9373458936587216
11.28075 0.9377252323449453
11.28195 0.9381045710311691
11.28316 0.9384839097173926
11.28437 0.9389264715179869
11.28557 0.9393058102042107
11.28678 0.9397483720048049
11.28799 0.9401909338053993
11.28919 0.9406334956059935
11.2904 0.9411392805209584
11.29161 0.9415818423215527
11.29281 0.9420244041221469
11.29402 0.9424669659227414
11.29523 0.9429095277233356
11.29643 0.9432888664095593
11.29764 0.9437314282101537
11.29885 0.9441107668963772
11.30005 0.9445533286969716
11.30126 0.9449326673831954
11.30247 0.9453120060694189
11.30368 0.9456913447556425
11.30488 0.9460706834418663
11.30609 0.94645002212809
11.3073 0.946766137699943
11.3085 0.9470822532717961
11.30971 0.9473351457292786
11.31092 0.9475880381867612
11.31212 0.9478409306442435
11.31333 0.9480938231017261
11.31454 0.9483467155592084
11.31574 0.9485363849023203
11.31695 0.9487260542454321
11.31816 0.9489157235885439
11.31936 0.9490421698172852
11.32057 0.9491686160460265
11.32178 0.9492950622747677
11.32298 0.9493582853891381
11.32419 0.9494215085035088
11.3254 0.9494215085035088
11.3266 0.9494847316178795
11.32781 0.9494847316178795
11.32902 0.9494215085035088
11.33023 0.9494215085035088
11.33143 0.9493582853891381
11.33264 0.9492950622747677
11.33385 0.9491686160460265
11.33505 0.9490421698172852
11.33626 0.9489157235885439
11.33747 0.9487260542454321
11.33867 0.9485363849023203
11.33988 0.9483467155592084
11.34109 0.9481570462160965
11.34229 0.9479041537586141
11.3435 0.9477144844155023
11.34471 0.9475248150723905
11.34591 0.9472719226149079
11.34712 0.9470822532717961
11.34833 0.9468293608143137
11.34953 0.9465764683568312
11.35074 0.9463235758993488
11.35195 0.9460706834418663
11.35315 0.9458177909843839
11.35436 0.9455648985269014
11.35557 0.9453120060694189
11.35678 0.9451223367263072
11.35798 0.9449326673831954
11.35919 0.9447429980400834
11.3604 0.9445533286969716
11.3616 0.9443636593538598
11.36281 0.9441739900107479
11.36402 0.9440475437820067
11.36522 0.9438578744388949
11.36643 0.9437314282101537
11.36764 0.9435417588670418
11.36884 0.9434153126383005
11.37005 0.9432256432951887
11.37126 0.9430991970664474
11.37246 0.9429727508377063
11.37367 0.9427830814945944
11.37488 0.9426566352658532
11.37608 0.9425301890371118
11.37729 0.9424037428083707
11.3785 0.9422772965796296
11.3797 0.9420876272365176
11.38091 0.9418979578934058
11.38212 0.941708288550294
11.38333 0.9414553960928114
11.38453 0.9412025036353291
11.38574 0.9409496111778465
11.38695 0.9406967187203642
11.38815 0.9404438262628816
11.38936 0.9401277106910286
11.39057 0.9398115951191756
11.39177 0.9394322564329518
11.39298 0.9390529177467282
11.39419 0.9386735790605044
11.39539 0.9382310172599102
11.3966 0.9377252323449453
11.39781 0.9372194474299804
11.39901 0.9367136625150154
11.40022 0.93614465448568
11.40143 0.9355124233419737
11.40263 0.9349434153126384
11.40384 0.9342479610545616
11.40505 0.9336157299108554
11.40625 0.9329202756527786
11.40746 0.9321615982803312
11.40867 0.9314029209078839
11.40988 0.9306442435354365
11.41108 0.9298223430486185
11.41229 0.92893721944743
11.4135 0.9280520958462414
11.4147 0.9271669722450527
11.41591 0.9262818486438642
11.41712 0.9253335019283049
11.41832 0.9243851552127458
11.41953 0.9235000316115571
11.42074 0.9225516848959979
11.42194 0.9216033381804388
11.42315 0.9206549914648795
11.42436 0.9196434216349497
11.42556 0.9186950749193905
11.42677 0.9176835050894607
11.42798 0.916671935259531
11.42918 0.9157235885439716
11.43039 0.9147120187140418
11.4316 0.9137636719984825
11.4328 0.9127521021685527
11.43401 0.9118669785673642
11.43522 0.9109186318518051
11.43643 0.9099702851362458
11.43763 0.9090219384206866
11.43884 0.9080735917051274
11.44005 0.9071884681039388
11.44125 0.9062401213883795
11.44246 0.905354997787191
11.44367 0.9044698741860023
11.44487 0.9035847505848137
11.44608 0.9026996269836252
11.44729 0.9018145033824365
11.44849 0.9009926028956186
11.4497 0.90010747929443
11.45091 0.8992855788076121
11.45211 0.898463678320794
11.45332 0.897641777833976
11.45453 0.8968198773471581
11.45573 0.8959979768603402
11.45694 0.8951760763735221
11.45815 0.8944173990010749
11.45935 0.8935954985142568
11.46056 0.8927735980274388
11.46177 0.8920149206549914
11.46298 0.8911930201681735
11.46418 0.8904343427957261
11.46539 0.8896756654232788
11.4666 0.8888537649364607
11.4678 0.8880318644496428
11.46901 0.8872731870771954
11.47022 0.8863880634760067
11.47142 0.8855661629891888
11.47263 0.8847442625023709
11.47384 0.8838591389011823
11.47504 0.8830372384143642
11.47625 0.8821521148131756
11.47746 0.881266991211987
11.47866 0.8803818676107985
11.47987 0.8794335208952393
11.48108 0.8785483972940507
11.48228 0.8776000505784914
11.48349 0.8766517038629323
11.4847 0.8756401340330026
11.4859 0.8746285642030726
11.48711 0.8736169943731428
11.48832 0.872605424543213
11.48953 0.8715306315989125
11.49073 0.8705190617689827
11.49194 0.8694442688246823
11.49315 0.8683062527660111
11.49435 0.8672314598217107
11.49556 0.8661566668774104
11.49677 0.86508187393311
11.49797 0.8639438578744388
11.49918 0.8628058418157679
11.50039 0.8616678257570968
11.50159 0.8605298096984257
11.5028 0.8593917936397546
11.50401 0.858190554466713
11.50521 0.8570525384080421
11.50642 0.8559145223493709
11.50763 0.8547765062906998
11.50883 0.8536384902320288
11.51004 0.8525636972877284
11.51125 0.8514256812290574
11.51246 0.8503508882847569
11.51366 0.8492128722260858
11.51487 0.8481380792817853
11.51608 0.8470000632231144
11.51728 0.8459252702788139
11.51849 0.8448504773345135
11.5197 0.8438389075045837
11.5209 0.8427641145602832
11.52211 0.8417525447303534
11.52332 0.8408041980147941
11.52452 0.8397926281848643
11.52573 0.8388442814693051
11.52694 0.837895934753746
11.52814 0.8369475880381867
11.52935 0.8360624644369982
11.53056 0.8351773408358095
11.53176 0.8342922172346209
11.53297 0.8334070936334323
11.53418 0.8325219700322437
11.53538 0.8317000695454257
11.53659 0.8308781690586079
11.5378 0.8300562685717897
11.53901 0.8292975911993425
11.54021 0.828538913826895
11.54142 0.8277802364544476
11.54263 0.8270215590820004
11.54383 0.826262881709553
11.54504 0.8255042043371056
11.54625 0.8247455269646583
11.54745 0.8239868495922109
11.54866 0.8232281722197635
11.54987 0.8224694948473162
11.55107 0.8217108174748688
11.55228 0.8209521401024213
11.55349 0.8201934627299742
11.55469 0.8194980084718974
11.5559 0.81873933109945
11.55711 0.8179806537270026
11.55831 0.8171587532401846
11.55952 0.8164000758677372
11.56073 0.8155781753809193
11.56193 0.8147562748941013
11.56314 0.8139343744072832
11.56435 0.8131124739204653
11.56556 0.8122273503192767
11.56676 0.8114054498324588
11.56797 0.8105203262312701
11.56918 0.8096352026300816
11.57038 0.808750079028893
11.57159 0.8078649554277044
11.5728 0.8069166087121451
11.574 0.8060314851109565
11.57521 0.8050831383953974
11.57642 0.8040715685654675
11.57762 0.8031232218499084
11.57883 0.8021116520199786
11.58004 0.8011633053044193
11.58124 0.8001517354744895
11.58245 0.7991401656445597
11.58366 0.7981285958146297
11.58486 0.7970538028703293
11.58607 0.7960422330403996
11.58728 0.7950306632104698
11.58848 0.79401909338054
11.58969 0.7929443004362395
11.5909 0.7918695074919391
11.59211 0.7907947145476386
11.59331 0.7897199216033381
11.59452 0.7886451286590378
11.59573 0.7876335588291079
11.59693 0.7865587658848076
11.59814 0.7854839729405071
11.59935 0.7844091799962066
11.60055 0.7833976101662768
11.60176 0.7823228172219764
11.60297 0.7813112473920465
11.60417 0.7802364544477461
11.60538 0.7791616615034457
11.60659 0.7781500916735158
11.60779 0.777138521843586
11.609 0.7761269520136561
11.61021 0.7751153821837263
11.61141 0.7741038123537964
11.61262 0.7731554656382373
11.61383 0.7721438958083076
11.61503 0.7711955490927483
11.61624 0.770247202377189
11.61745 0.7693620787760005
11.61866 0.7684137320604413
11.61986 0.7675286084592526
11.62107 0.7666434848580641
11.62228 0.7657583612568756
11.62348 0.7648732376556869
11.62469 0.7639881140544983
11.6259 0.7631662135676803
11.6271 0.7623443130808624
11.62831 0.761585635708415
11.62952 0.760763735221597
11.63072 0.7600050578491496
11.63193 0.7592463804767022
11.63314 0.7584877031042548
11.63434 0.7577290257318076
11.63555 0.7569703483593602
11.63676 0.7562116709869128
11.63796 0.7554529936144654
11.63917 0.7546943162420181
11.64038 0.7539988619839413
11.64158 0.7532401846114939
11.64279 0.7524815072390466
11.644 0.7517860529809698
11.64521 0.7510273756085225
11.64641 0.7502686982360751
11.64762 0.7495100208636277
11.64883 0.7487513434911803
11.65003 0.7479926661187329
11.65124 0.747170765631915
11.65245 0.746348865145097
11.65365 0.7455269646582791
11.65486 0.7446418410570904
11.65607 0.7438199405702725
11.65727 0.7429348169690839
11.65848 0.7420496933678953
11.65969 0.7411645697667066
11.66089 0.7402162230511475
11.6621 0.7393310994499589
11.66331 0.7383827527343997
11.66451 0.7374344060188405
11.66572 0.7364860593032813
11.66693 0.7354744894733515
11.66813 0.7345261427577923
11.66934 0.7335145729278624
11.67055 0.7324397799835619
11.67176 0.7314282101536321
11.67296 0.7304166403237022
11.67417 0.7293418473794019
11.67538 0.728330277549472
11.67658 0.7272554846051715
11.67779 0.7262439147752418
11.679 0.7251691218309414
11.6802 0.7241575520010116
11.68141 0.7230827590567112
11.68262 0.7220079661124107
11.68382 0.7209331731681102
11.68503 0.7198583802238098
11.68624 0.71884681039388
11.68744 0.7177720174495796
11.68865 0.7166972245052792
11.68986 0.7156856546753493
11.69106 0.7146740848454195
11.69227 0.7136625150154896
11.69348 0.7127141682999304
11.69468 0.7117025984700006
11.69589 0.7107542517544414
11.6971 0.7097426819245116
11.69831 0.7087943352089524
11.69951 0.7078459884933932
11.70072 0.706897641777834
11.70193 0.7059492950622747
11.70313 0.7050641714610861
11.70434 0.7041158247455269
11.70555 0.7032307011443383
11.70675 0.7023455775431497
11.70796 0.7014604539419611
11.70917 0.7006385534551431
11.71037 0.6997534298539546
11.71158 0.6989315293671365
11.71279 0.698046405765948
11.71399 0.69722450527913
11.7152 0.6963393816779414
11.71641 0.6955174811911234
11.71761 0.6946323575899348
11.71882 0.6937472339887463
11.72003 0.6929253335019283
11.72124 0.6921034330151102
11.72244 0.6912183094139217
11.72365 0.6903964089271037
11.72486 0.6895112853259152
11.72606 0.6886261617247266
11.72727 0.6878042612379085
11.72848 0.68691913763672
11.72968 0.6860340140355313
11.73089 0.6850856673199721
11.7321 0.6842005437187836
11.7333 0.6833154201175949
11.73451 0.6823670734020357
11.73572 0.6814187266864765
11.73692 0.680533603085288
11.73813 0.6795852563697288
11.73934 0.6786369096541696
11.74054 0.6776253398242397
11.74175 0.6766769931086805
11.74296 0.6756654232787507
11.74416 0.6746538534488209
11.74537 0.6736422836188911
11.74658 0.6726307137889612
11.74779 0.6715559208446608
11.74899 0.670544351014731
11.7502 0.6694695580704305
11.75141 0.66839476512613
11.75261 0.6673199721818297
11.75382 0.6661819561231587
11.75503 0.6651071631788582
11.75623 0.6639691471201872
11.75744 0.662831131061516
11.75865 0.661693115002845
11.75985 0.6604918758298033
11.76106 0.6592906366567617
11.76227 0.6580893974837201
11.76347 0.6568881583106784
11.76468 0.6556869191376367
11.76589 0.6544856799645951
11.76709 0.6532844407915535
11.7683 0.6520832016185116
11.76951 0.65088196244547
11.77071 0.6496807232724284
11.77192 0.6484794840993867
11.77313 0.647278244926345
11.77434 0.6460770057533034
11.77554 0.6448757665802617
11.77675 0.6436745274072201
11.77796 0.6424732882341784
11.77916 0.6412720490611368
11.78037 0.6401340330024657
11.78158 0.6389960169437946
11.78278 0.6378580008851236
11.78399 0.6367832079408232
11.7852 0.6357084149965228
11.7864 0.6346968451665929
11.78761 0.6336852753366631
11.78882 0.6326737055067333
11.79002 0.6316621356768034
11.79123 0.6307137889612442
11.79244 0.6297022191313143
11.79364 0.6288170955301259
11.79485 0.6278687488145666
11.79606 0.6269836252133779
11.79726 0.6260985016121895
11.79847 0.6252133780110009
11.79968 0.6243914775241828
11.80089 0.6236328001517355
11.80209 0.6228108996649174
11.8033 0.6220522222924701
11.80451 0.6212935449200228
11.80571 0.6205980906619459
11.80692 0.6198394132894987
11.80813 0.6191439590314219
11.80933 0.6183852816589744
11.81054 0.6176898274008977
11.81175 0.616994373142821
11.81295 0.6162989188847442
11.81416 0.6156034646266675
11.81537 0.6149712334829613
11.81657 0.6142757792248845
11.81778 0.6136435480811784
11.81899 0.6130113169374724
11.82019 0.6123790857937662
11.8214 0.6116836315356895
11.82261 0.6110514003919832
11.82381 0.6104191692482771
11.82502 0.609786938104571
11.82623 0.6090914838464943
11.82744 0.6084592527027881
11.82864 0.607827021559082
11.82985 0.6071947904153758
11.83106 0.6064993361572991
11.83226 0.605867105013593
11.83347 0.6052348738698868
11.83468 0.6046026427261807
11.83588 0.6039704115824746
11.83709 0.6033381804387684
11.8383 0.6027691724094328
11.8395 0.6021369412657268
11.84071 0.6015047101220206
11.84192 0.6008724789783144
11.84312 0.6002402478346083
11.84433 0.5996712398052728
11.84554 0.5990390086615667
11.84674 0.5984700006322311
11.84795 0.5979009926028956
11.84916 0.5973952076879308
11.85036 0.5968261996585952
11.85157 0.5963204147436303
11.85278 0.595877852943036
11.85399 0.5953720680280711
11.85519 0.5949295062274768
11.8564 0.5944869444268824
11.85761 0.5940443826262881
11.85881 0.5936650439400645
11.86002 0.5932857052538408
11.86123 0.5929063665676171
11.86243 0.592590250995764
11.86364 0.5922741354239109
11.86485 0.5919580198520579
11.86605 0.5917051273945755
11.86726 0.591452234937093
11.86847 0.5912625655939812
11.86967 0.5910728962508693
11.87088 0.5908832269077575
11.87209 0.5907567806790162
11.87329 0.590630334450275
11.8745 0.5905038882215338
11.87571 0.5904406651071632
11.87691 0.5903774419927926
11.87812 0.590314218878422
11.87933 0.590314218878422
11.88054 0.590314218878422
11.88174 0.590314218878422
11.88295 0.5903774419927926
11.88416 0.5904406651071632
11.88536 0.5905038882215338
11.88657 0.590630334450275
11.88778 0.5906935575646456
11.88898 0.5908200037933868
11.89019 0.5909464500221281
11.8914 0.5911361193652399
11.8926 0.5912625655939812
11.89381 0.591452234937093
11.89502 0.5916419042802048
11.89622 0.5918315736233166
11.89743 0.5920212429664286
11.89864 0.5922741354239109
11.89984 0.5924638047670228
11.90105 0.5927166972245053
11.90226 0.5929695896819877
11.90346 0.5931592590250996
11.90467 0.5933489283682114
11.90588 0.5935385977113232
11.90709 0.593728267054435
11.90829 0.5939179363975469
11.9095 0.5941076057406588
11.91071 0.5942972750837706
11.91191 0.5944869444268824
11.91312 0.5946133906556237
11.91433 0.5948030599987355
11.91553 0.5949295062274768
11.91674 0.5949927293418473
11.91795 0.5950559524562179
11.91915 0.5950559524562179
11.92036 0.5950559524562179
11.92157 0.5949927293418473
11.92277 0.5949295062274768
11.92398 0.5948662831131061
11.92519 0.5947398368843649
11.92639 0.5946133906556237
11.9276 0.5944237213125119
11.92881 0.5942340519694
11.93001 0.5939811595119175
11.93122 0.593728267054435
11.93243 0.593412151482582
11.93364 0.593096035910729
11.93484 0.5927166972245053
11.93605 0.5922741354239109
11.93726 0.591768350508946
11.93846 0.5912625655939812
11.93967 0.5907567806790162
11.94088 0.5901877726496807
11.94208 0.5896187646203451
11.94329 0.5890497565910097
11.9445 0.5884807485616741
11.9457 0.5879117405323386
11.94691 0.5872795093886325
11.94812 0.5867105013592969
11.94932 0.5860782702155908
11.95053 0.5853828159575141
11.95174 0.5846873616994374
11.95294 0.5840551305557312
11.95415 0.5833596762976544
11.95536 0.5826642220395777
11.95657 0.581968767781501
11.95777 0.5812733135234242
11.95898 0.580641082379718
11.96019 0.5800088512360119
11.96139 0.5793766200923057
11.9626 0.5788076120629703
11.96381 0.5781753809192641
11.96501 0.5776063728899286
11.96622 0.5770373648605931
11.96743 0.5764683568312575
11.96863 0.575899348801922
11.96984 0.5753303407725864
11.97105 0.5747613327432509
11.97225 0.5742555478282859
11.97346 0.5736865397989505
11.97467 0.5731807548839856
11.97587 0.5726749699690206
11.97708 0.5722324081684264
11.97829 0.5717266232534615
11.97949 0.5712840614528671
11.9807 0.5708414996522728
11.98191 0.5703989378516785
11.98312 0.5698931529367136
11.98432 0.5694505911361193
11.98553 0.5690080293355251
11.98674 0.5685654675349308
11.98794 0.5680596826199659
11.98915 0.567553897705001
11.99036 0.5670481127900361
11.99156 0.5666055509894418
11.99277 0.5660997660744768
11.99398 0.5655939811595119
11.99518 0.565088196244547
11.99639 0.5645824113295821
11.9976 0.5640766264146171
11.9988 0.5635708414996522
12.00001 0.5630018334703167
12.00122 0.5624328254409812
12.00242 0.561800594297275
12.00363 0.5612315862679396
12.00484 0.5605993551242334
12.00604 0.5599671239805273
12.00725 0.559334892836821
12.00846 0.5586394385787443
12.00967 0.5580072074350383
12.01087 0.5573117531769615
12.01208 0.5566162989188846
12.01329 0.5559208446608079
12.01449 0.5551621672883607
12.0157 0.5544034899159133
12.01691 0.5536448125434659
12.01811 0.5528861351710185
12.01932 0.5520642346842005
12.02053 0.5512423341973826
12.02173 0.5504204337105646
12.02294 0.5495985332237465
12.02415 0.5487766327369287
12.02535 0.54789150913574
12.02656 0.5470063855345514
12.02777 0.5461844850477334
12.02897 0.5452993614465448
12.03018 0.5444142378453563
12.03139 0.5435291142441677
12.03259 0.5426439906429791
12.0338 0.5416956439274199
12.03501 0.5407472972118607
12.03622 0.539862173610672
12.03742 0.5389138268951128
12.03863 0.5379654801795536
12.03984 0.5370803565783651
12.04104 0.5361320098628058
12.04225 0.5352468862616172
12.04346 0.5343617626604287
12.04466 0.53347663905924
12.04587 0.5326547385724221
12.04708 0.5317696149712335
12.04828 0.5309477144844155
12.04949 0.5300625908832268
12.0507 0.529240690396409
12.0519 0.5284187899095909
12.05311 0.5275968894227729
12.05432 0.5268382120503255
12.05552 0.5260795346778783
12.05673 0.5253208573054309
12.05794 0.5245621799329835
12.05914 0.5238667256749068
12.06035 0.5232344945312006
12.06156 0.5226022633874944
12.06277 0.5219700322437882
12.06397 0.5213378011000822
12.06518 0.5207055699563761
12.06639 0.5201365619270405
12.06759 0.519567553897705
12.0688 0.5189985458683695
12.07001 0.518429537839034
12.07121 0.5178605298096984
12.07242 0.5172915217803629
12.07363 0.5167225137510273
12.07483 0.5162167288360624
12.07604 0.5157109439210975
12.07725 0.5152051590061326
12.07845 0.5146993740911677
12.07966 0.5141935891762028
12.08087 0.513687804261238
12.08207 0.513182019346273
12.08328 0.512676234431308
12.08449 0.5121704495163432
12.08569 0.5116014414870077
12.0869 0.5110956565720427
12.08811 0.5105266485427072
12.08932 0.5099576405133717
12.09052 0.5094518555984068
12.09173 0.5088828475690713
12.09294 0.5083138395397357
12.09414 0.5077448315104002
12.09535 0.507112600366694
12.09656 0.5065435923373585
12.09776 0.505974584308023
12.09897 0.5053423531643169
12.10018 0.5047101220206107
12.10138 0.5040778908769046
12.10259 0.5034456597331984
12.1038 0.5027502054751216
12.105 0.5021179743314156
12.10621 0.5014225200733389
12.10742 0.500727065815262
12.10862 0.5000316115571852
12.10983 0.4993361572991085
12.11104 0.4985774799266612
12.11224 0.4978820256685844
12.11345 0.4971233482961371
12.11466 0.4964278940380603
12.11587 0.4956692166656129
12.11707 0.4949105392931656
12.11828 0.49408863880634757
12.11949 0.49332996143390023
12.12069 0.4925080609470822
12.1219 0.4917493835746349
12.12311 0.49092748308781686
12.12431 0.4901688057153695
12.12552 0.4893469052285515
12.12673 0.4885250047417336
12.12793 0.48776632736928616
12.12914 0.48694442688246825
12.13035 0.4861857495100208
12.13155 0.4853638490232029
12.13276 0.4845419485363849
12.13397 0.48372004804956686
12.13517 0.48296137067711953
12.13638 0.4821394701903015
12.13759 0.4813807928178542
12.13879 0.48055889233103616
12.14 0.4798002149585888
12.14121 0.4790415375861415
12.14242 0.4783460833280648
12.14362 0.477650629069988
12.14483 0.4769551748119112
12.14604 0.4762597205538344
12.14724 0.4755642662957577
12.14845 0.47486881203768094
12.14966 0.4742365808939748
12.15086 0.4736043497502687
12.15207 0.4729721186065626
12.15328 0.4723398874628564
12.15448 0.4717708794335209
12.15569 0.4711386482898148
12.1569 0.4705696402604792
12.1581 0.4700638553455143
12.15931 0.4694948473161788
12.16052 0.46898906240121385
12.16172 0.46848327748624896
12.16293 0.46804071568565464
12.16414 0.46753493077068975
12.16535 0.4670923689700955
12.16655 0.46664980716950116
12.16776 0.46620724536890684
12.16897 0.4657646835683126
12.17017 0.46532212176771826
12.17138 0.46487955996712393
12.17259 0.46450022128090024
12.17379 0.46405765948030603
12.175 0.46367832079408233
12.17621 0.4632989821078586
12.17741 0.4629196434216349
12.17862 0.46254030473541125
12.17983 0.46216096604918755
12.18103 0.46178162736296385
12.18224 0.46133906556236953
12.18345 0.46095972687614595
12.18465 0.4605171650755516
12.18586 0.4600746032749573
12.18707 0.45963204147436304
12.18827 0.4591894796737687
12.18948 0.4587469178731744
12.19069 0.45830435607258013
12.1919 0.4578617942719858
12.1931 0.4574192324713915
12.19431 0.4569134475564266
12.19552 0.4564076626414617
12.19672 0.45590187772649676
12.19793 0.45539609281153187
12.19914 0.45482708478219636
12.20034 0.45425807675286084
12.20155 0.4536890687235253
12.20276 0.45312006069418975
12.20396 0.4524878295504836
12.20517 0.4518555984067775
12.20638 0.4512233672630714
12.20758 0.4505279130049946
12.20879 0.4498956818612885
12.21 0.4492002276032117
12.2112 0.44856799645950557
12.21241 0.4478725422014288
12.21362 0.44724031105772266
12.21482 0.44654485679964595
12.21603 0.4458494025415692
12.21724 0.4451539482834924
12.21845 0.4444584940254157
12.21965 0.44376303976733894
12.22086 0.4430675855092622
12.22207 0.44237213125118546
12.22327 0.441613453878738
12.22448 0.44091799962066125
12.22569 0.4402857684769551
12.22689 0.4395903142188784
12.2281 0.4389580830751723
12.22931 0.43832585193146617
12.23051 0.43769362078776
12.23172 0.4371246127584244
12.23293 0.43649238161471837
12.23413 0.4359233735853828
12.23534 0.4353543655560473
12.23655 0.4347853575267117
12.23775 0.43421634949737625
12.23896 0.4337105645824113
12.24017 0.4331415565530758
12.24137 0.4326357716381109
12.24258 0.43219320983751663
12.24379 0.43168742492255163
12.245 0.4312448631219574
12.2462 0.4308023013213631
12.24741 0.4304229626351394
12.24862 0.4300436239489157
12.24982 0.42966428526269207
12.25103 0.4292849465764684
12.25224 0.4289056078902446
12.25344 0.42852626920402104
12.25465 0.4282101536321679
12.25586 0.42783081494594416
12.25706 0.42751469937409114
12.25827 0.42719858380223813
12.25948 0.426882468230385
12.26068 0.42656635265853193
12.26189 0.42625023708667886
12.2631 0.4259973446291964
12.2643 0.42568122905734335
12.26551 0.4254283365998609
12.26672 0.42517544414237846
12.26792 0.424922551684896
12.26913 0.4246064361130429
12.27034 0.42435354365556044
12.27155 0.4240374280837074
12.27275 0.423784535626225
12.27396 0.42346842005437185
12.27517 0.4232155275968894
12.27637 0.42296263513940696
12.27758 0.42264651956755395
12.27879 0.4223936271100714
12.27999 0.4220775115382184
12.2812 0.42182461908073593
12.28241 0.4215085035088828
12.28361 0.42119238793702973
12.28482 0.42081304925080604
12.28603 0.420496933678953
12.28723 0.42011759499272927
12.28844 0.4197382563065057
12.28965 0.41935891762028193
12.29085 0.41897957893405824
12.29206 0.418537017133464
12.29327 0.41815767844724033
12.29447 0.417715116646646
12.29568 0.41727255484605175
12.29689 0.4168299930454574
12.2981 0.4163874312448631
12.2993 0.4158816463298982
12.30051 0.41537586141493327
12.30172 0.4148700764999684
12.30292 0.4143642915850035
12.30413 0.4137952835556679
12.30534 0.4132262755263324
12.30654 0.4126572674969969
12.30775 0.41208825946766137
12.30896 0.4114560283239552
12.31016 0.41088702029461976
12.31137 0.41025478915091357
12.31258 0.409685781121578
12.31378 0.40905354997787186
12.31499 0.4084845419485364
12.3162 0.4079155339192008
12.3174 0.40728330277549474
12.31861 0.40671429474615917
12.31982 0.406082063602453
12.32102 0.4055130555731175
12.32223 0.40488082442941137
12.32344 0.4042485932857052
12.32465 0.40367958525636977
12.32585 0.4031105772270342
12.32706 0.4025415691976987
12.32827 0.4019725611683631
12.32947 0.4014667762533982
12.33068 0.4009609913384333
12.33189 0.4004552064234684
12.33309 0.40001264462287417
12.3343 0.39950685970790917
12.33551 0.39906429790731485
12.33671 0.3986217361067206
12.33792 0.39824239742049694
12.33913 0.3977998356199026
12.34033 0.3974204969336789
12.34154 0.39704115824745523
12.34275 0.3967250426756022
12.34395 0.39634570398937846
12.34516 0.39602958841752545
12.34637 0.395776695960043
12.34757 0.3954605803881899
12.34878 0.39520768793070743
12.34999 0.3950180185875956
12.3512 0.39476512613011316
12.3524 0.39457545678700134
12.35361 0.39438578744388947
12.35482 0.39419611810077765
12.35602 0.3940064487576658
12.35723 0.39381677941455395
12.35844 0.39362711007144213
12.35964 0.39343744072833026
12.36085 0.39324777138521844
12.36206 0.3931213251564772
12.36326 0.3929316558133653
12.36447 0.3928052095846241
12.36568 0.3926155402415123
12.36688 0.3924890940127711
12.36809 0.3923626477840298
12.3693 0.392172978440918
12.3705 0.3920465322121768
12.37171 0.3918568628690649
12.37292 0.3916671935259531
12.37413 0.39141430106847064
12.37533 0.39122463172535876
12.37654 0.3909717392678763
12.37775 0.39078206992476444
12.37895 0.390529177467282
12.38016 0.39027628500979955
12.38137 0.3900233925523171
12.38257 0.38970727698046403
12.38378 0.3894543845229816
12.38499 0.3891382689511285
12.38619 0.3888853764936461
12.3874 0.3885060378074224
12.38861 0.3881899222355693
12.38981 0.38787380666371624
12.39102 0.38749446797749254
12.39223 0.3871151292912689
12.39343 0.3867357906050452
12.39464 0.3862932288044509
12.39585 0.3859138901182272
12.39705 0.3854713283176329
12.39826 0.38502876651703866
12.39947 0.38458620471644434
12.40068 0.38414364291585
12.40188 0.38370108111525575
12.40309 0.3831952962002908
12.4043 0.3827527343996965
12.4055 0.3822469494847316
12.40671 0.3817411645697667
12.40792 0.38123537965480175
12.40912 0.38072959473983686
12.41033 0.38022380982487197
12.41154 0.37965480179553646
12.41274 0.37914901688057157
12.41395 0.378580008851236
12.41516 0.3780742239362711
12.41636 0.3775684390213062
12.41757 0.37699943099197064
12.41878 0.37649364607700575
12.41998 0.37598786116204086
12.42119 0.3754820762470759
12.4224 0.374976291332111
12.4236 0.3744705064171461
12.42481 0.3739647215021812
12.42602 0.37345893658721624
12.42723 0.37295315167225135
12.42843 0.37244736675728646
12.42964 0.3720048049566922
12.43085 0.37156224315609787
12.43205 0.37111968135550355
12.43326 0.3706771195549093
12.43447 0.3702977808686856
12.43567 0.3698552190680913
12.43688 0.36953910349623825
12.43809 0.3691597648100145
12.43929 0.36878042612379086
12.4405 0.3684643105519378
12.44171 0.36814819498008466
12.44291 0.36783207940823165
12.44412 0.36757918695074915
12.44533 0.36726307137889613
12.44653 0.36701017892141363
12.44774 0.3667572864639312
12.44895 0.36650439400644874
12.45015 0.3663147246633369
12.45136 0.3661250553202251
12.45257 0.3659353859771132
12.45378 0.36580893974837203
12.45498 0.36561927040526015
12.45619 0.3654928241765189
12.4574 0.3653663779477777
12.4586 0.36523993171903646
12.45981 0.36511348549029526
12.46102 0.364987039261554
12.46222 0.36486059303281276
12.46343 0.36467092368970094
12.46464 0.36454447746095975
12.46584 0.36441803123221844
12.46705 0.36429158500347725
12.46826 0.364165138774736
12.46946 0.3640386925459948
12.47067 0.36391224631725355
12.47188 0.36378580008851236
12.47308 0.3636593538597711
12.47429 0.3634696845166593
12.4755 0.36334323828791804
12.4767 0.3631535689448062
12.47791 0.3629638996016944
12.47912 0.3627110071442119
12.48033 0.3625213378011001
12.48153 0.3622684453436176
12.48274 0.36201555288613513
12.48395 0.3617626604286527
12.48515 0.36150976797117024
12.48636 0.3612568755136878
12.48757 0.3609407599418347
12.48877 0.36062464436998165
12.48998 0.3603085287981286
12.49119 0.3599924132262755
12.49239 0.35967629765442244
12.4936 0.35936018208256937
12.49481 0.3589808433963457
12.49601 0.35860150471012203
12.49722 0.35822216602389834
12.49843 0.35784282733767464
12.49963 0.35746348865145094
12.50084 0.3570209268508567
12.50205 0.35657836505026236
12.50325 0.35619902636403866
12.50446 0.3557564645634444
12.50567 0.3553139027628501
12.50688 0.3548713409622558
12.50808 0.3544287791616615
12.50929 0.35398621736106717
12.5105 0.3535436555604729
12.5117 0.353037870645508
12.51291 0.3525953088449137
12.51412 0.3520895239299488
12.51532 0.35158373901498385
12.51653 0.3511411772143896
12.51774 0.3506353922994247
12.51894 0.35012960738445975
12.52015 0.34968704558386543
12.52136 0.34918126066890054
12.52256 0.3487386988683062
12.52377 0.34829613706771195
12.52498 0.34779035215274706
12.52618 0.34734779035215274
12.52739 0.3469052285515585
12.5286 0.34646266675096415
12.5298 0.3459568818359992
12.53101 0.34551432003540494
12.53222 0.3450717582348106
12.53343 0.34462919643421636
12.53463 0.34424985774799266
12.53584 0.34380729594739834
12.53705 0.3434279572611747
12.53825 0.343048618574951
12.53946 0.3426692798887273
12.54067 0.34235316431687424
12.54187 0.34197382563065054
12.54308 0.34165771005879747
12.54429 0.34134159448694446
12.54549 0.34108870202946195
12.5467 0.34077258645760894
12.54791 0.34051969400012644
12.54911 0.34020357842827337
12.55032 0.3399506859707909
12.55153 0.3396977935133085
12.55273 0.33944490105582603
12.55394 0.3391920085983436
12.55515 0.3389391161408611
12.55635 0.33874944679774927
12.55756 0.33849655434026676
12.55877 0.33830688499715494
12.55998 0.3381172156540431
12.56118 0.33792754631093125
12.56239 0.33780110008219005
12.5636 0.33761143073907823
12.5648 0.33742176139596636
12.56601 0.3372320920528545
12.56722 0.3370424227097427
12.56842 0.33685275336663084
12.56963 0.3365998609091484
12.57084 0.3364101915660365
12.57204 0.3361572991085541
12.57325 0.33596762976544225
12.57446 0.3357147373079598
12.57566 0.33552506796484793
12.57687 0.3352721755073655
12.57808 0.33501928304988304
12.57928 0.33476639059240054
12.58049 0.3345134981349181
12.5817 0.33426060567743565
12.58291 0.3340077132199532
12.58411 0.33369159764810014
12.58532 0.3334387051906177
12.58653 0.3331225896187646
12.58773 0.33280647404691155
12.58894 0.3324903584750585
12.59015 0.3321110197888348
12.59135 0.3317949042169817
12.59256 0.331415565530758
12.59377 0.33109944995890495
12.59497 0.3307201112726813
12.59618 0.3303407725864576
12.59739 0.3299614339002339
12.59859 0.3295820952140103
12.5998 0.32913953341341595
12.60101 0.32876019472719226
12.60221 0.32831763292659794
12.60342 0.32787507112600367
12.60463 0.32743250932540935
12.60583 0.3269899475248151
12.60704 0.32648416260985014
12.60825 0.3260416008092558
12.60946 0.3255358158942909
12.61066 0.32509325409369666
12.61187 0.3245874691787317
12.61308 0.32414490737813745
12.61428 0.3236391224631725
12.61549 0.32319656066257824
12.6167 0.32269077574761335
12.6179 0.3221849908326484
12.61911 0.3217424290320541
12.62032 0.3212366441170892
12.62152 0.3207308592021243
12.62273 0.3202250742871594
12.62394 0.31971928937219446
12.62514 0.3192767275716002
12.62635 0.31877094265663525
12.62756 0.3183283808560409
12.62876 0.31788581905544666
12.62997 0.31738003414048177
12.63118 0.3170006954542581
12.63238 0.3165581336536638
12.63359 0.3161155718530695
12.6348 0.3157362331668458
12.63601 0.3153568944806221
12.63721 0.31491433268002783
12.63842 0.31453499399380414
12.63963 0.31415565530758044
12.64083 0.31377631662135674
12.64204 0.3134602010495037
12.64325 0.31308086236328003
12.64445 0.31276474679142696
12.64566 0.31238540810520327
12.64687 0.3120692925333502
12.64807 0.3117531769614971
12.64928 0.31143706138964405
12.65049 0.31112094581779093
12.65169 0.3108680533603085
12.6529 0.3105519377884554
12.65411 0.31029904533097297
12.65531 0.3100461528734905
12.65652 0.30973003730163745
12.65773 0.309477144844155
12.65893 0.30922425238667256
12.66014 0.3089081368148195
12.66135 0.30865524435733704
12.66256 0.308339128785484
12.66376 0.30808623632800153
12.66497 0.307833343870519
12.66618 0.3075804514130366
12.66738 0.30732755895555414
12.66859 0.30701144338370107
12.6698 0.3067585509262186
12.671 0.3065056584687362
12.67221 0.3061895428968831
12.67342 0.30593665043940066
12.67462 0.3056205348675476
12.67583 0.3053044192956945
12.67704 0.3049883037238414
12.67824 0.30460896503761775
12.67945 0.3042928494657647
12.68066 0.303913510779541
12.68186 0.3035341720933173
12.68307 0.3032180565214643
12.68428 0.30277549472086995
12.68548 0.30239615603464626
12.68669 0.30201681734842256
12.6879 0.3015742555478283
12.68911 0.3011949168616046
12.69031 0.3007523550610103
12.69152 0.3002465701460454
12.69273 0.29980400834545107
12.69393 0.2992982234304862
12.69514 0.2987924385155213
12.69635 0.29828665360055634
12.69755 0.29778086868559145
12.69876 0.29721186065625593
12.69997 0.2966428526269204
12.70117 0.29607384459758485
12.70238 0.29556805968261995
12.70359 0.29499905165328444
12.70479 0.2943668205095783
12.706 0.2937978124802427
12.70721 0.29329202756527784
12.70841 0.2927230195359423
12.70962 0.2921540115066068
12.71083 0.29152178036290066
12.71203 0.29095277233356515
12.71324 0.29038376430422963
12.71445 0.2897515331605235
12.71566 0.289182525131188
12.71686 0.28855029398748183
12.71807 0.2879812859581463
12.71928 0.28741227792881074
12.72048 0.28684326989947523
12.72169 0.2862742618701397
12.7229 0.2857052538408042
12.7241 0.28519946892583925
12.72531 0.28463046089650373
12.72652 0.28412467598153884
12.72772 0.2836188910665739
12.72893 0.2830498830372384
12.73014 0.2825440981222735
12.73134 0.28210153632167917
12.73255 0.2815957514067143
12.73376 0.2810899664917494
12.73496 0.28064740469115507
12.73617 0.2801416197761902
12.73738 0.27969905797559586
12.73858 0.2792564961750016
12.73979 0.2788771574887779
12.741 0.27843459568818363
12.74221 0.2780552570019599
12.74341 0.27767591831573624
12.74462 0.27729657962951254
12.74583 0.27691724094328884
12.74703 0.2766011253714358
12.74824 0.2762217866852121
12.74945 0.275905671113359
12.75065 0.27558955554150594
12.75186 0.2752102168552823
12.75307 0.2748941012834292
12.75427 0.2746412088259468
12.75548 0.27432509325409365
12.75669 0.2740089776822406
12.75789 0.27375608522475814
12.7591 0.27343996965290507
12.76031 0.2731870771954226
12.76151 0.2729341847379402
12.76272 0.27268129228045773
12.76393 0.27249162293734586
12.76513 0.2722387304798634
12.76634 0.27198583802238097
12.76755 0.2717329455648985
12.76876 0.2714800531074161
12.76996 0.27122716064993363
12.77117 0.27091104507808056
12.77238 0.2706581526205981
12.77358 0.27040526016311567
12.77479 0.27015236770563317
12.776 0.2698362521337801
12.7772 0.26958335967629765
12.77841 0.2693304672188152
12.77962 0.2690143516469621
12.78082 0.26876145918947963
12.78203 0.26844534361762656
12.78324 0.26812922804577355
12.78444 0.2678131124739205
12.78565 0.2674969969020674
12.78686 0.2671176582158437
12.78806 0.26673831952962
12.78927 0.2662957577290257
12.79048 0.26591641904280205
12.79169 0.26547385724220773
12.79289 0.2650945185559841
12.7941 0.2646519567553898
12.79531 0.26420939495479545
12.79651 0.26370361003983056
12.79772 0.2632610482392363
12.79893 0.26275526332427135
12.80013 0.26224947840930646
12.80134 0.2617436934943415
12.80255 0.2612379085793766
12.80375 0.2606689005500411
12.80496 0.2600998925207056
12.80617 0.2595308844913701
12.80737 0.25896187646203456
12.80858 0.258392868432699
12.80979 0.25776063728899284
12.81099 0.2571284061452867
12.8122 0.25649617500158056
12.81341 0.25592716697224505
12.81461 0.2552949358285389
12.81582 0.25466270468483276
12.81703 0.25409369665549725
12.81824 0.2534614655117911
12.81944 0.2528924574824556
12.82065 0.25226022633874945
12.82186 0.2516279951950433
12.82306 0.25099576405133717
12.82427 0.25042675602200165
12.82548 0.2497945248782955
12.82668 0.24916229373458937
12.82789 0.24859328570525382
12.8291 0.24796105456154768
12.8303 0.24739204653221217
12.83151 0.24682303850287662
12.83272 0.2462540304735411
12.83392 0.2456850224442056
12.83513 0.2451792375292407
12.83634 0.24467345261427575
12.83754 0.24410444458494024
12.83875 0.24359865966997535
12.83996 0.2430928747550104
12.84116 0.2425870898400455
12.84237 0.24214452803945122
12.84358 0.2416387431244863
12.84479 0.24119618132389203
12.84599 0.24075361952329774
12.8472 0.24031105772270342
12.84841 0.23986849592210913
12.84961 0.23942593412151483
12.85082 0.23904659543529116
12.85203 0.23866725674906744
12.85323 0.23828791806284377
12.85444 0.23790857937662008
12.85565 0.23759246380476703
12.85685 0.23727634823291396
12.85806 0.23696023266106087
12.85927 0.2365808939748372
12.86047 0.23626477840298413
12.86168 0.23601188594550168
12.86289 0.2356957703736486
12.86409 0.2353796548017955
12.8653 0.23506353922994244
12.86651 0.2347474236580894
12.86771 0.23443130808623633
12.86892 0.23417841562875386
12.87013 0.2339255231712714
12.87134 0.2336094075994183
12.87254 0.23335651514193587
12.87375 0.23310362268445342
12.87496 0.23285073022697098
12.87616 0.2325346146551179
12.87737 0.23228172219763546
12.87858 0.2319656066257824
12.87978 0.2316494910539293
12.88099 0.23133337548207622
12.8822 0.23101725991022318
12.8834 0.23063792122399948
12.88461 0.2303218056521464
12.88582 0.22994246696592274
12.88702 0.22956312827969907
12.88823 0.22918378959347535
12.88944 0.22880445090725168
12.89064 0.22842511222102801
12.89185 0.2280457735348043
12.89306 0.22760321173421
12.89426 0.2271606499336157
12.89547 0.22671808813302144
12.89668 0.22627552633242715
12.89789 0.22583296453183285
12.89909 0.2253271796168679
12.9003 0.22482139470190302
12.90151 0.22431560978693807
12.90271 0.22380982487197318
12.90392 0.22324081684263766
12.90513 0.22267180881330215
12.90633 0.22210280078396663
12.90754 0.2215337927546311
12.90875 0.22096478472529557
12.90995 0.22039577669596006
12.91116 0.21982676866662454
12.91237 0.219257760637289
12.91357 0.21868875260795348
12.91478 0.21811974457861796
12.91599 0.2174875134349118
12.91719 0.21691850540557628
12.9184 0.2162862742618701
12.91961 0.215654043118164
12.92081 0.21508503508882848
12.92202 0.2144528039451223
12.92323 0.2138205728014162
12.92444 0.21318834165771006
12.92564 0.21261933362837454
12.92685 0.21198710248466837
12.92806 0.21141809445533286
12.92926 0.2108490864259973
12.93047 0.2102800783966618
12.93168 0.20971107036732628
12.93288 0.20914206233799076
12.93409 0.20857305430865522
12.9353 0.2080040462793197
12.9365 0.2074350382499842
12.93771 0.2069292533350193
12.93892 0.20636024530568375
12.94012 0.20585446039071884
12.94133 0.20534867547575394
12.94254 0.20477966744641843
12.94374 0.2043371056458241
12.94495 0.2038313207308592
12.94616 0.2033255358158943
12.94736 0.20288297401529998
12.94857 0.20244041221470568
12.94978 0.2019978504141114
12.95099 0.2015552886135171
12.95219 0.20117594992729343
12.9534 0.2007333881266991
12.95461 0.20035404944047544
12.95581 0.19997471075425174
12.95702 0.19959537206802808
12.95823 0.1992160333818044
12.95943 0.19883669469558068
12.96064 0.19845735600935702
12.96185 0.19807801732313332
12.96305 0.19769867863690965
12.96426 0.19731933995068598
12.96547 0.1970032243788329
12.96667 0.19668710880697982
12.96788 0.19637099323512677
12.96909 0.19599165454890308
12.97029 0.19567553897705
12.9715 0.19535942340519694
12.97271 0.19504330783334387
12.97391 0.1947271922614908
12.97512 0.19441107668963772
12.97633 0.19409496111778465
12.97754 0.19371562243156099
12.97874 0.1933995068597079
12.97995 0.19308339128785484
12.98116 0.19270405260163115
12.98236 0.19238793702977808
12.98357 0.192071821457925
12.98478 0.19169248277170134
12.98598 0.19137636719984824
12.98719 0.19099702851362457
12.9884 0.1906809129417715
12.9896 0.1903015742555478
12.99081 0.18992223556932414
12.99202 0.18954289688310044
12.99322 0.18916355819687677
12.99443 0.1887842195106531
12.99564 0.18834165771005879
12.99684 0.1878990959094645
12.99805 0.1875197572232408
12.99926 0.18707719542264653
13.00047 0.1865714105076816
13.00167 0.18612884870708732
13.00288 0.185686286906493
13.00409 0.1851805019915281
13.00529 0.18473794019093379
13.0065 0.1842321552759689
13.00771 0.18372637036100398
13.00891 0.18322058544603906
13.01012 0.18265157741670354
13.01133 0.18214579250173862
13.01253 0.1815767844724031
13.01374 0.18100777644306756
13.01495 0.18043876841373205
13.01615 0.1798065372700259
13.01736 0.1792375292406904
13.01857 0.17860529809698425
13.01977 0.1779730669532781
13.02098 0.17734083580957197
13.02219 0.17677182778023645
13.02339 0.1761395966365303
13.0246 0.17550736549282417
13.02581 0.17487513434911803
13.02702 0.1743061263197825
13.02822 0.17367389517607637
13.02943 0.17310488714674085
13.03064 0.17247265600303469
13.03184 0.17184042485932857
13.03305 0.17127141682999303
13.03426 0.17063918568628691
13.03546 0.17000695454258077
13.03667 0.16943794651324523
13.03788 0.16880571536953912
13.03908 0.16823670734020357
13.04029 0.16766769931086803
13.0415 0.1670986912815325
13.0427 0.1665929063665676
13.04391 0.1660871214516027
13.04512 0.16558133653663779
13.04632 0.1650755516216729
13.04753 0.16463298982107857
13.04874 0.16419042802048428
13.04994 0.16374786621989
13.05115 0.1633053044192957
13.05236 0.1628627426187014
13.05357 0.1624834039324777
13.05477 0.1620408421318834
13.05598 0.16166150344565972
13.05719 0.16128216475943605
13.05839 0.16096604918758298
13.0596 0.16058671050135928
13.06081 0.16027059492950624
13.06201 0.15995447935765314
13.06322 0.1596383637858001
13.06443 0.15938547132831762
13.06563 0.15906935575646455
13.06684 0.1588164632989821
13.06805 0.15856357084149966
13.06925 0.1583106783840172
13.07046 0.15812100904090537
13.07167 0.1578681165834229
13.07287 0.15761522412594045
13.07408 0.15736233166845798
13.07529 0.15717266232534613
13.07649 0.15691976986786368
13.0777 0.15666687741038124
13.07891 0.1564772080672694
13.08012 0.15622431560978692
13.08132 0.1560346462666751
13.08253 0.15584497692356325
13.08374 0.1555920844660808
13.08494 0.15540241512296896
13.08615 0.1552127457798571
13.08736 0.15495985332237466
13.08856 0.15477018397926282
13.08977 0.15451729152178037
13.09098 0.15426439906429792
13.09218 0.15401150660681545
13.09339 0.153758614149333
13.0946 0.15350572169185053
13.0958 0.1532528292343681
13.09701 0.15293671366251502
13.09822 0.15262059809066195
13.09942 0.15236770563317947
13.10063 0.1520515900613264
13.10184 0.15173547448947336
13.10304 0.15141935891762026
13.10425 0.15110324334576722
13.10546 0.15072390465954352
13.10667 0.15040778908769045
13.10787 0.15002845040146678
13.10908 0.1496491117152431
13.11029 0.1492697730290194
13.11149 0.1488272112284251
13.1127 0.1483846494278308
13.11391 0.1479420876272365
13.11511 0.14749952582664222
13.11632 0.14705696402604793
13.11753 0.146551179111083
13.11873 0.14610861731048871
13.11994 0.1456028323955238
13.12115 0.1450970474805589
13.12235 0.144591262565594
13.12356 0.14408547765062907
13.12477 0.14351646962129355
13.12597 0.14301068470632863
13.12718 0.14250489979136371
13.12839 0.1419358917620282
13.12959 0.14136688373269268
13.1308 0.14079787570335714
13.13201 0.1402288676740216
13.13322 0.13965985964468608
13.13442 0.13902762850097994
13.13563 0.13845862047164442
13.13684 0.13782638932793828
13.13804 0.13725738129860277
13.13925 0.13668837326926725
13.14046 0.1360561421255611
13.14166 0.1354871340962256
13.14287 0.13491812606689005
13.14408 0.13434911803755453
13.14528 0.13378011000821902
13.14649 0.13321110197888347
13.1477 0.13264209394954793
13.1489 0.1320730859202124
13.15011 0.1315040778908769
13.15132 0.13099829297591198
13.15252 0.13042928494657646
13.15373 0.12986027691724095
13.15494 0.12935449200227603
13.15614 0.12878548397294048
13.15735 0.1282796990579756
13.15856 0.12777391414301068
13.15977 0.12733135234241638
13.16097 0.1268887905418221
13.16218 0.12638300562685717
13.16339 0.12594044382626288
13.16459 0.12549788202566858
13.1658 0.1251185433394449
13.16701 0.12467598153885061
13.16821 0.12429664285262691
13.16942 0.12385408105203262
13.17063 0.12347474236580892
13.17183 0.12309540367958526
13.17304 0.12277928810773218
13.17425 0.12239994942150849
13.17545 0.12208383384965543
13.17666 0.12170449516343175
13.17787 0.12138837959157867
13.17907 0.12113548713409622
13.18028 0.12081937156224315
13.18149 0.1205664791047607
13.18269 0.12031358664727823
13.1839 0.12006069418979579
13.18511 0.11980780173231334
13.18632 0.11955490927483087
13.18752 0.11930201681734842
13.18873 0.11904912435986596
13.18994 0.11885945501675413
13.19114 0.11860656255927166
13.19235 0.11835367010178921
13.19356 0.11810077764430675
13.19476 0.1178478851868243
13.19597 0.11759499272934183
13.19718 0.11740532338623
13.19838 0.11715243092874755
13.19959 0.1169627615856357
13.2008 0.11670986912815326
13.202 0.1165201997850414
13.20321 0.11626730732755895
13.20442 0.11601441487007651
13.20562 0.11576152241259403
13.20683 0.11550862995511159
13.20804 0.11525573749762913
13.20924 0.11493962192577607
13.21045 0.11462350635392299
13.21166 0.1142441676676993
13.21287 0.11392805209584625
13.21407 0.11354871340962255
13.21528 0.11323259783776948
13.21649 0.11285325915154581
13.21769 0.11241069735095151
13.2189 0.11203135866472781
13.22011 0.11165201997850413
13.22131 0.11120945817790985
13.22252 0.11076689637731554
13.22373 0.11032433457672125
13.22493 0.10988177277612694
13.22614 0.10937598786116204
13.22735 0.10887020294619712
13.22855 0.10836441803123222
13.22976 0.1078586331162673
13.23097 0.10728962508693177
13.23217 0.10672061705759625
13.23338 0.10615160902826072
13.23459 0.1055826009989252
13.2358 0.10501359296958968
13.237 0.10438136182588355
13.23821 0.10381235379654802
13.23942 0.10318012265284188
13.24062 0.10261111462350636
13.24183 0.1019788834798002
13.24304 0.10140987545046468
13.24424 0.10084086742112916
13.24545 0.10027185939179363
13.24666 0.0997028513624581
13.24786 0.09913384333312258
13.24907 0.09850161218941644
13.25028 0.09793260416008093
13.25148 0.0973635961307454
13.25269 0.09679458810140988
13.2539 0.09616235695770373
13.2551 0.09565657204273882
13.25631 0.09508756401340329
13.25752 0.09458177909843839
13.25872 0.09407599418347348
13.25993 0.09357020926850856
13.26114 0.09312764746791427
13.26235 0.09262186255294935
13.26355 0.09217930075235506
13.26476 0.09179996206613138
13.26597 0.09135740026553707
13.26717 0.09097806157931339
13.26838 0.09059872289308972
13.26959 0.09021938420686602
13.27079 0.08984004552064234
13.272 0.08952392994878929
13.27321 0.0892078143769362
13.27441 0.08889169880508313
13.27562 0.08857558323323006
13.27683 0.08832269077574761
13.27803 0.08806979831826516
13.27924 0.0878169058607827
13.28045 0.08756401340330024
13.28165 0.0873743440601884
13.28286 0.08718467471707655
13.28407 0.08705822848833533
13.28527 0.0868685591452235
13.28648 0.08674211291648226
13.28769 0.08661566668774104
13.2889 0.0864892204589998
13.2901 0.08636277423025858
13.29131 0.08623632800151734
13.29252 0.08617310488714673
13.29372 0.08604665865840551
13.29493 0.08592021242966429
13.29614 0.08585698931529367
13.29734 0.08579376620092306
13.29855 0.08573054308655244
13.29976 0.08566731997218183
13.30096 0.08560409685781122
13.30217 0.08560409685781122
13.30338 0.0855408737434406
13.30458 0.08547765062906999
13.30579 0.08547765062906999
13.307 0.08541442751469937
13.3082 0.08535120440032876
13.30941 0.08528798128595814
13.31062 0.08522475817158753
13.31182 0.08516153505721691
13.31303 0.08503508882847569
13.31424 0.08497186571410507
13.31545 0.08484541948536384
13.31665 0.08478219637099323
13.31786 0.084655750142252
13.31907 0.08452930391351078
13.32027 0.08440285768476956
13.32148 0.08427641145602832
13.32269 0.0841499652272871
13.32389 0.08402351899854586
13.3251 0.08383384965543401
13.32631 0.08370740342669279
13.32751 0.08351773408358096
13.32872 0.0832648416260985
13.32993 0.08307517228298666
13.33113 0.0828222798255042
13.33234 0.08263261048239236
13.33355 0.08231649491053929
13.33475 0.08206360245305684
13.33596 0.08181070999557438
13.33717 0.08149459442372131
13.33837 0.08117847885186824
13.33958 0.0809255863943858
13.34079 0.08060947082253271
13.342 0.08029335525067964
13.3432 0.07997723967882657
13.34441 0.07966112410697351
13.34562 0.07934500853512044
13.34682 0.07909211607763798
13.34803 0.07877600050578491
13.34924 0.07839666181956123
13.35044 0.07808054624770816
13.35165 0.07770120756148448
13.35286 0.07738509198963141
13.35406 0.07706897641777834
13.35527 0.07668963773155466
13.35648 0.07637352215970158
13.35768 0.0759941834734779
13.35889 0.07567806790162483
13.3601 0.07536195232977176
13.3613 0.0751090598722893
13.36251 0.07479294430043625
13.36372 0.07454005184295379
13.36492 0.07428715938547133
13.36613 0.07403426692798887
13.36734 0.07378137447050641
13.36855 0.07352848201302396
13.36975 0.07333881266991212
13.37096 0.07308592021242967
13.37217 0.07289625086931782
13.37337 0.07270658152620597
13.37458 0.07251691218309413
13.37579 0.07232724283998229
13.37699 0.07220079661124107
13.3782 0.07207435038249985
13.37941 0.07194790415375861
13.38061 0.07182145792501739
13.38182 0.07175823481064678
13.38303 0.07163178858190554
13.38423 0.07163178858190554
13.38544 0.07156856546753493
13.38665 0.07150534235316432
13.38785 0.07150534235316432
13.38906 0.07150534235316432
13.39027 0.07150534235316432
13.39147 0.07156856546753493
13.39268 0.07156856546753493
13.39389 0.07163178858190554
13.3951 0.07163178858190554
13.3963 0.07169501169627615
13.39751 0.07175823481064678
13.39872 0.07182145792501739
13.39992 0.071884681039388
13.40113 0.07201112726812924
13.40234 0.07207435038249985
13.40354 0.07220079661124107
13.40475 0.07232724283998229
13.40596 0.07245368906872351
13.40716 0.07258013529746475
13.40837 0.07276980464057659
13.40958 0.07289625086931782
13.41078 0.07302269709805904
13.41199 0.07314914332680028
13.4132 0.0732755895555415
13.4144 0.07340203578428274
13.41561 0.07352848201302396
13.41682 0.07365492824176519
13.41802 0.07378137447050641
13.41923 0.07390782069924764
13.42044 0.07403426692798887
13.42165 0.0741607131567301
13.42285 0.07428715938547133
13.42406 0.07441360561421255
13.42527 0.07454005184295379
13.42647 0.07466649807169501
13.42768 0.07472972118606563
13.42889 0.07485616741480686
13.43009 0.07491939052917747
13.4313 0.07498261364354808
13.43251 0.07504583675791869
13.43371 0.07504583675791869
13.43492 0.0751090598722893
13.43613 0.0751090598722893
13.43733 0.07517228298665991
13.43854 0.07517228298665991
13.43975 0.07517228298665991
13.44095 0.0751090598722893
13.44216 0.0751090598722893
13.44337 0.07504583675791869
13.44458 0.07498261364354808
13.44578 0.07491939052917747
13.44699 0.07485616741480686
13.4482 0.07472972118606563
13.4494 0.0746032749573244
13.45061 0.07441360561421255
13.45182 0.07422393627110072
13.45302 0.07403426692798887
13.45423 0.07378137447050641
13.45544 0.07359170512739457
13.45664 0.0732755895555415
13.45785 0.07302269709805904
13.45906 0.07276980464057659
13.46026 0.07245368906872351
13.46147 0.07213757349687046
13.46268 0.07182145792501739
13.46388 0.07144211923879369
13.46509 0.07112600366694063
13.4663 0.07074666498071695
13.4675 0.07036732629449326
13.46871 0.06992476449389896
13.46992 0.06954542580767528
13.47113 0.06910286400708099
13.47233 0.06859707909211608
13.47354 0.06815451729152178
13.47475 0.06764873237655686
13.47595 0.06714294746159195
13.47716 0.06663716254662705
13.47837 0.06613137763166213
13.47957 0.06562559271669723
13.48078 0.06511980780173231
13.48199 0.0646140228867674
13.48319 0.06410823797180248
13.4844 0.06366567617120819
13.48561 0.06315989125624329
13.48681 0.06271732945564898
13.48802 0.06221154454068407
13.48923 0.06176898274008977
13.49043 0.06126319782512487
13.49164 0.06075741291015996
13.49285 0.06031485110956566
13.49405 0.05980906619460074
13.49526 0.05936650439400645
13.49647 0.05892394259341215
13.49768 0.05848138079281785
13.49888 0.05803881899222356
13.50009 0.05765948030599987
13.5013 0.05728014161977619
13.5025 0.0569008029335525
13.50371 0.056584687361699436
13.50492 0.056205348675475754
13.50612 0.05588923310362268
13.50733 0.055573117531769606
13.50854 0.05532022507428716
13.50974 0.05500410950243408
13.51095 0.05475121704495163
13.51216 0.05449832458746917
13.51336 0.054245432129986726
13.51457 0.053992539672504274
13.51578 0.053739647215021814
13.51698 0.053549977871909966
13.51819 0.053297085414427514
13.5194 0.053107416071315666
13.5206 0.05291774672820383
13.52181 0.05272807738509199
13.52302 0.05253840804198014
13.52423 0.05241196181323892
13.52543 0.05228551558449769
13.52664 0.05215906935575647
13.52785 0.05203262312701523
13.52905 0.05190617689827401
13.53026 0.05177973066953277
13.53147 0.05171650755516216
13.53267 0.05159006132642094
13.53388 0.05146361509767971
13.53509 0.0514003919833091
13.53629 0.05127394575456786
13.5375 0.05114749952582664
13.53871 0.051021053297085416
13.53991 0.050894607068344186
13.54112 0.050831383953973575
13.54233 0.05070493772523234
13.54353 0.05064171461086173
13.54474 0.050515268382120504
13.54595 0.050452045267749886
13.54715 0.05032559903900866
13.54836 0.050199152810267426
13.54957 0.050135929695896815
13.55078 0.05000948346715559
13.55198 0.049883037238414356
13.55319 0.04975659100967313
13.5544 0.049630144780931904
13.5556 0.04944047543782007
13.55681 0.04931402920907883
13.55802 0.049124359865967
13.55922 0.04899791363722577
13.56043 0.04880824429411393
13.56164 0.04861857495100208
13.56284 0.048428905607890246
13.56405 0.0482392362647784
13.56526 0.04804956692166656
13.56646 0.04785989757855472
13.56767 0.047670228235442876
13.56888 0.047480558892331035
13.57008 0.04722766643484858
13.57129 0.04703799709173674
13.5725 0.04678510463425428
13.5737 0.04659543529114244
13.57491 0.04634254283365998
13.57612 0.04608965037617753
13.57733 0.04583675791869508
13.57853 0.04558386546121262
13.57974 0.04526774988935955
13.58095 0.04501485743187709
13.58215 0.044698741860024024
13.58336 0.044445849402541565
13.58457 0.0441297338306885
13.58577 0.04387684137320604
13.58698 0.04362394891572358
13.58819 0.04337105645824113
13.58939 0.04311816400075867
13.5906 0.04286527154327622
13.59181 0.04261237908579377
13.59301 0.04235948662831131
13.59422 0.042106594170828855
13.59543 0.041853701713346396
13.59663 0.041600809255863944
13.59784 0.041347916798381484
13.59905 0.04109502434089903
13.60025 0.04084213188341657
13.60146 0.04065246254030473
13.60267 0.04039957008282228
13.60388 0.04020990073971044
13.60508 0.04002023139659859
13.60629 0.03989378516785737
13.6075 0.03976733893911614
13.6087 0.039640892710374916
13.60991 0.039514446481633686
13.61112 0.03945122336726307
13.61232 0.039388000252892456
13.61353 0.03932477713852184
13.61474 0.03926155402415123
13.61594 0.039198330909780615
13.61715 0.039198330909780615
13.61836 0.039198330909780615
13.61956 0.039198330909780615
13.62077 0.03926155402415123
13.62198 0.03926155402415123
13.62318 0.03932477713852184
13.62439 0.03945122336726307
13.6256 0.039514446481633686
13.6268 0.039640892710374916
13.62801 0.03976733893911614
13.62922 0.03995700828222798
13.63043 0.04014667762533982
13.63163 0.04033634696845167
13.63284 0.04058923942593412
13.63405 0.04084213188341657
13.63525 0.04109502434089903
13.63646 0.041347916798381484
13.63767 0.04166403237023456
13.63887 0.04191692482771701
13.64008 0.042233040399570085
13.64129 0.04254915597142315
13.64249 0.04280204842890561
13.6437 0.04311816400075867
13.64491 0.04343427957261175
13.64611 0.04375039514446481
13.64732 0.0441297338306885
13.64853 0.04450907251691218
13.64973 0.044825188088765254
13.65094 0.045204526774988936
13.65215 0.04564708857558323
13.65336 0.04602642726180692
13.65456 0.0464057659480306
13.65577 0.04678510463425428
13.65698 0.047164443320477964
13.65818 0.047543782006701646
13.65939 0.047923120692925335
13.6606 0.04830245937914902
13.6618 0.04861857495100208
13.66301 0.04893469052285516
13.66422 0.04925080609470822
13.66542 0.04956692166656129
13.66663 0.04994626035278498
13.66784 0.05026237592463805
13.66904 0.050515268382120504
13.67025 0.050831383953973575
13.67146 0.05114749952582664
13.67266 0.0514003919833091
13.67387 0.05171650755516216
13.67508 0.05196940001264462
13.67628 0.05222229247012708
13.67749 0.05247518492760953
13.6787 0.05266485427072138
13.67991 0.052854523613833214
13.68111 0.053044192956945055
13.68232 0.0532338623000569
13.68353 0.053360308528798125
13.68473 0.053486754757539355
13.68594 0.05361320098628058
13.68715 0.05367642410065119
13.68835 0.053739647215021814
13.68956 0.05386609344376304
13.69077 0.05392931655813365
13.69197 0.053992539672504274
13.69318 0.053992539672504274
13.69439 0.054055762786874885
13.69559 0.054118985901245496
13.6968 0.05418220901561611
13.69801 0.05418220901561611
13.69921 0.054245432129986726
13.70042 0.054245432129986726
13.70163 0.05430865524435734
13.70283 0.05430865524435734
13.70404 0.054245432129986726
13.70525 0.054245432129986726
13.70646 0.054245432129986726
13.70766 0.054245432129986726
13.70887 0.05418220901561611
13.71008 0.05418220901561611
13.71128 0.05418220901561611
13.71249 0.05418220901561611
13.7137 0.05418220901561611
13.7149 0.05418220901561611
13.71611 0.054245432129986726
13.71732 0.054245432129986726
13.71852 0.05430865524435734
13.71973 0.05437187835872795
13.72094 0.05437187835872795
13.72214 0.05443510147309856
13.72335 0.05449832458746917
13.72456 0.054561547701839797
13.72576 0.05468799393058102
13.72697 0.05475121704495163
13.72818 0.05481444015932225
13.72938 0.05494088638806347
13.73059 0.05506733261680471
13.7318 0.05513055573117532
13.73301 0.05532022507428716
13.73421 0.05544667130302838
13.73542 0.055573117531769606
13.73663 0.055762786874881454
13.73783 0.055952456217993295
13.73904 0.05614212556110514
13.74025 0.05633179490421698
13.74145 0.056584687361699436
13.74266 0.05677435670481128
13.74387 0.057027249162293736
13.74507 0.05728014161977619
13.74628 0.057469810962888036
13.74749 0.05772270342037048
13.74869 0.057975595877852934
13.7499 0.05829171144970602
13.75111 0.058544603907188464
13.75231 0.058797496364670916
13.75352 0.059050388822153375
13.75473 0.05930328127963583
13.75593 0.0596193968514889
13.75714 0.059935512423341976
13.75835 0.060251627995195046
13.75956 0.06056774356704811
13.76076 0.06088385913890118
13.76197 0.061199974710754244
13.76318 0.06151609028260732
13.76438 0.06183220585446039
13.76559 0.062148321426313456
13.7668 0.06246443699816653
13.768 0.06278055257001959
13.76921 0.06303344502750205
13.77042 0.06328633748498451
13.77162 0.06353922994246697
13.77283 0.06379212239994941
13.77404 0.06404501485743187
13.77524 0.06429790731491433
13.77645 0.06455079977239679
13.77766 0.06474046911550864
13.77886 0.06499336157299108
13.78007 0.06518303091610292
13.78128 0.06537270025921477
13.78248 0.06556236960232661
13.78369 0.06575203894543845
13.7849 0.06587848517417969
13.78611 0.06600493140292091
13.78731 0.06613137763166213
13.78852 0.06619460074603274
13.78973 0.06625782386040335
13.79093 0.06632104697477396
13.79214 0.06632104697477396
13.79335 0.06632104697477396
13.79455 0.06625782386040335
13.79576 0.06625782386040335
13.79697 0.06619460074603274
13.79817 0.06606815451729152
13.79938 0.06600493140292091
13.80059 0.06587848517417969
13.80179 0.06575203894543845
13.803 0.06556236960232661
13.80421 0.06543592337358538
13.80541 0.06524625403047353
13.80662 0.0650565846873617
13.80783 0.06486691534424986
13.80903 0.06467724600113801
13.81024 0.06442435354365555
13.81145 0.0641714610861731
13.81266 0.06385534551432002
13.81386 0.06360245305683758
13.81507 0.06328633748498451
13.81628 0.06297022191313144
13.81748 0.06259088322690776
13.81869 0.06227476765505468
13.8199 0.061895428968831004
13.8211 0.06157931339697793
13.82231 0.061199974710754244
13.82352 0.06088385913890118
13.82472 0.0605045204526775
13.82593 0.060188404880824435
13.82714 0.05980906619460074
13.82834 0.059492950622747676
13.82955 0.059113611936523994
13.83076 0.058797496364670916
13.83196 0.05841815767844724
13.83317 0.05803881899222356
13.83438 0.05765948030599987
13.83558 0.05728014161977619
13.83679 0.0569008029335525
13.838 0.056521464247328825
13.83921 0.056205348675475754
13.84041 0.055826009989252065
13.84162 0.055509894417398994
13.84283 0.05513055573117532
13.84403 0.05481444015932225
13.84524 0.05449832458746917
13.84645 0.054245432129986726
13.84765 0.05392931655813365
13.84886 0.05367642410065119
13.85007 0.053360308528798125
13.85127 0.053107416071315666
13.85248 0.052854523613833214
13.85369 0.052601631156350755
13.85489 0.0523487386988683
13.8561 0.05209584624138586
13.85731 0.0518429537839034
13.85851 0.05165328444079155
13.85972 0.0514003919833091
13.86093 0.05121072264019725
13.86214 0.0509578301827148
13.86334 0.05076816083960296
13.86455 0.050578491496491115
13.86576 0.050388822153379274
13.86696 0.050199152810267426
13.86817 0.050072706581526204
13.86938 0.049883037238414356
13.87058 0.04975659100967313
13.87179 0.04956692166656129
13.873 0.04944047543782007
13.8742 0.04931402920907883
13.87541 0.04918758298033761
13.87662 0.04906113675159639
13.87782 0.04887146740848454
13.87903 0.04874502117974331
13.88024 0.04861857495100208
13.88144 0.04849212872226086
13.88265 0.04830245937914902
13.88386 0.04817601315040779
13.88506 0.04804956692166656
13.88627 0.047923120692925335
13.88748 0.047796674464184105
13.88869 0.047607005121072264
13.88989 0.047480558892331035
13.8911 0.047354112663589805
13.89231 0.04722766643484858
13.89351 0.04710122020610735
13.89472 0.04691155086299551
13.89593 0.04678510463425428
13.89713 0.04665865840551305
13.89834 0.04646898906240121
13.89955 0.04627931971928937
13.90075 0.04608965037617753
13.90196 0.04589998103306569
13.90317 0.04571031168995385
13.90437 0.045520642346842
13.90558 0.045330973003730166
13.90679 0.04514130366061832
13.90799 0.04495163431750648
13.9092 0.044698741860024024
13.91041 0.04450907251691218
13.91161 0.044256180059429724
13.91282 0.04406651071631788
13.91403 0.04381361825883543
13.91524 0.04356072580135298
13.91644 0.04330783334387052
13.91765 0.04299171777201745
13.91886 0.042738825314534996
13.92006 0.04242270974268192
13.92127 0.042106594170828855
13.92248 0.041790478598975785
13.92368 0.041474363027122714
13.92489 0.04115824745526964
13.9261 0.04077890876904596
13.9273 0.0404627931971929
13.92851 0.04008345451096921
13.92972 0.03970411582474553
13.93092 0.03932477713852184
13.93213 0.038945438452298156
13.93334 0.03856609976607448
13.93454 0.03818676107985079
13.93575 0.03780742239362711
13.93696 0.03736486059303282
13.93816 0.03698552190680913
13.93937 0.036542960106214835
13.94058 0.036100398305620535
13.94179 0.035657836505026234
13.94299 0.03521527470443194
13.9442 0.03477271290383764
13.94541 0.034266927988872736
13.94661 0.03382436618827843
13.94782 0.033318581273313524
13.94903 0.032876019472719224
13.95023 0.03237023455775432
13.95144 0.03192767275716001
13.95265 0.03148511095656572
13.95385 0.031042549155971422
13.95506 0.030599987355377122
13.95627 0.03015742555478283
13.95747 0.029714863754188532
13.95868 0.029272301953594232
13.95989 0.028829740152999935
13.96109 0.02845040146677625
13.9623 0.028007839666181953
13.96351 0.02756527786558766
13.96471 0.027185939179363974
13.96592 0.026743377378769678
13.96713 0.026364038692545996
13.96834 0.0259214768919517
13.96954 0.025542138205728013
13.97075 0.02516279951950433
13.97196 0.02484668394765126
13.97316 0.024530568375798194
13.97437 0.02415122968957451
13.97558 0.023898337232092053
13.97678 0.023582221660238982
13.97799 0.023329329202756526
13.9792 0.02307643674527407
13.9804 0.022823544287791615
13.98161 0.02257065183030916
13.98282 0.02238098248719732
13.98402 0.022128090029714862
13.98523 0.02193842068660302
13.98644 0.02174875134349118
13.98764 0.02162230511474995
13.98885 0.02143263577163811
13.99006 0.021306189542896883
13.99126 0.021116520199785042
13.99247 0.020990073971043813
13.99368 0.020863627742302587
13.99489 0.020800404627931972
13.99609 0.020673958399190742
13.9973 0.020610735284820127
13.99851 0.020547512170449516
13.99971 0.0204842890560789
14.00092 0.020421065941708286
14.00213 0.020421065941708286
14.00333 0.020421065941708286
14.00454 0.020421065941708286
14.00575 0.020357842827337675
14.00695 0.020357842827337675
14.00816 0.020357842827337675
14.00937 0.020357842827337675
14.01057 0.020357842827337675
14.01178 0.020357842827337675
14.01299 0.02029461971296706
14.01419 0.02029461971296706
14.0154 0.02029461971296706
14.01661 0.02029461971296706
14.01781 0.02023139659859645
14.01902 0.02023139659859645
14.02023 0.02023139659859645
14.02144 0.02023139659859645
14.02264 0.02023139659859645
14.02385 0.02023139659859645
14.02506 0.02023139659859645
14.02626 0.02023139659859645
14.02747 0.020168173484225834
14.02868 0.020168173484225834
14.02988 0.02010495036985522
14.03109 0.020041727255484604
14.0323 0.01997850414111399
14.0335 0.019852057912372763
14.03471 0.01978883479800215
14.03592 0.01966238856926092
14.03712 0.019535942340519693
14.03833 0.019472719226149078
14.03954 0.019346272997407852
14.04074 0.019219826768666626
14.04195 0.01903015742555478
14.04316 0.018903711196813555
14.04436 0.018777264968072326
14.04557 0.018587595624960485
14.04678 0.018397926281848644
14.04799 0.018208256938736803
14.04919 0.01801858759562496
14.0504 0.017828918252513117
14.05161 0.017639248909401276
14.05281 0.01738635645191882
14.05402 0.01719668710880698
14.05523 0.016943794651324524
14.05643 0.016690902193842068
14.05764 0.016374786621988997
14.05885 0.016121894164506545
14.06005 0.01586900170702409
14.06126 0.015552886135171017
14.06247 0.015236770563317948
14.06367 0.014983878105835494
14.06488 0.014667762533982423
14.06609 0.014351646962129353
14.06729 0.0140987545046469
14.0685 0.01378263893279383
14.06971 0.01346652336094076
14.07092 0.013213630903458303
14.07212 0.012897515331605235
14.07333 0.012581399759752166
14.07454 0.012265284187899097
14.07574 0.011949168616046026
14.07695 0.011633053044192957
14.07816 0.011316937472339887
14.07936 0.011000821900486818
14.08057 0.010684706328633749
14.08178 0.010368590756780678
14.08298 0.010115698299298224
14.08419 0.009799582727445154
14.0854 0.009483467155592085
14.0866 0.009230574698109627
14.08781 0.008977682240627173
14.08902 0.008724789783144718
14.09022 0.008471897325662262
14.09143 0.008219004868179806
14.09264 0.00796611241069735
14.09384 0.0077764430675855084
14.09505 0.007523550610103054
14.09626 0.007333881266991212
14.09747 0.00714421192387937
14.09867 0.006891319466396915
14.09988 0.006701650123285072
14.10109 0.006575203894543844
14.10229 0.006385534551432003
14.1035 0.0061958652083201615
14.10471 0.006069418979578934
14.10591 0.005942972750837706
14.10712 0.005816526522096479
14.10833 0.00569008029335525
14.10953 0.005626857178984636
14.11074 0.005500410950243409
14.11195 0.005437187835872795
14.11315 0.005373964721502181
14.11436 0.005373964721502181
14.11557 0.005310741607131567
14.11677 0.005310741607131567
14.11798 0.005310741607131567
14.11919 0.005310741607131567
14.12039 0.005310741607131567
14.1216 0.005310741607131567
14.12281 0.005310741607131567
14.12402 0.005310741607131567
14.12522 0.005373964721502181
14.12643 0.005373964721502181
14.12764 0.005437187835872795
14.12884 0.005437187835872795
14.13005 0.005500410950243409
14.13126 0.005563634064614023
14.13246 0.005626857178984636
14.13367 0.00569008029335525
14.13488 0.005816526522096479
14.13608 0.005879749636467093
14.13729 0.00600619586520832
14.1385 0.006069418979578934
14.1397 0.0061958652083201615
14.14091 0.0062590883226907755
14.14212 0.006385534551432003
14.14332 0.006448757665802617
14.14453 0.006511980780173232
14.14574 0.006575203894543844
14.14694 0.006638427008914458
14.14815 0.006701650123285072
14.14936 0.006764873237655687
14.15057 0.006828096352026301
14.15177 0.006891319466396915
14.15298 0.006954542580767529
14.15419 0.007017765695138143
14.15539 0.007017765695138143
14.1566 0.007080988809508756
14.15781 0.00714421192387937
14.15901 0.00714421192387937
14.16022 0.00714421192387937
14.16143 0.007207435038249984
14.16263 0.007207435038249984
14.16384 0.007207435038249984
14.16505 0.00714421192387937
14.16625 0.00714421192387937
14.16746 0.007080988809508756
14.16867 0.007017765695138143
14.16987 0.006954542580767529
14.17108 0.006891319466396915
14.17229 0.006828096352026301
14.17349 0.006764873237655687
14.1747 0.006638427008914458
14.17591 0.006511980780173232
14.17712 0.006448757665802617
14.17832 0.006322311437061389
14.17953 0.0061958652083201615
14.18074 0.006069418979578934
14.18194 0.005942972750837706
14.18315 0.005816526522096479
14.18436 0.005626857178984636
14.18556 0.005500410950243409
14.18677 0.005373964721502181
14.18798 0.005184295378390339
14.18918 0.004994626035278497
14.19039 0.0048681798065372695
14.1916 0.0046785104634254285
14.1928 0.004425618005942973
14.19401 0.004235948662831131
14.19522 0.00404627931971929
14.19642 0.0038566099766074472
14.19763 0.003666940633495606
14.19884 0.0034140481760131505
14.20004 0.0032243788329013087
14.20125 0.003034709489789467
14.20246 0.002845040146677625
14.20367 0.0026553708035657836
14.20487 0.002528924574824556
14.20608 0.0023392552317127143
14.20729 0.0021495858886008724
14.20849 0.0019599165454890306
14.2097 0.001833470316747803
14.21091 0.001643800973635961
14.21211 0.0014541316305241197
14.21332 0.0013276854017828918
14.21453 0.0011380160586710502
14.21573 0.0010115698299298225
14.21694 0.0008219004868179805
14.21815 0.0006954542580767529
14.21935 0.0005690080293355251
14.22056 0.00044256180059429724
14.22177 0.0003161155718530695
14.22297 0.0002528924574824556
14.22418 0.00018966934311184168
14.22539 0.0001264462287412278
14.22659 6.32231143706139e-05
14.2278 0.0
14.22901 -6.32231143706139e-05
14.23022 -6.32231143706139e-05
14.23142 -6.32231143706139e-05
14.23263 -6.32231143706139e-05
14.23384 -6.32231143706139e-05
14.23504 -6.32231143706139e-05
14.23625 -6.32231143706139e-05
14.23746 -0.0
14.23866 0.0
14.23987 6.32231143706139e-05
14.24108 0.0001264462287412278
14.24228 0.00018966934311184168
14.24349 0.0002528924574824556
14.2447 0.0003161155718530695
14.2459 0.00044256180059429724
14.24711 0.0005057849149649112
14.24832 0.000632231143706139
14.24952 0.0007586773724473667
14.25073 0.0008851236011885945
14.25194 0.0010115698299298225
14.25314 0.0012012391730416641
14.25435 0.0013276854017828918
14.25556 0.0015173547448947334
14.25677 0.001643800973635961
14.25797 0.001833470316747803
14.25918 0.0019599165454890306
14.26039 0.0021495858886008724
14.26159 0.0022760321173421003
14.2628 0.0024657014604539417
14.26401 0.0025921476891951696
14.26521 0.0027185939179363975
14.26642 0.0029082632610482394
14.26763 0.003034709489789467
14.26883 0.0032243788329013087
14.27004 0.003350825061642536
14.27125 0.003540494404754378
14.27245 0.003666940633495606
14.27366 0.0038566099766074472
14.27487 0.003983056205348675
14.27607 0.004172725548460517
14.27728 0.004299171777201745
14.27849 0.004425618005942973
14.2797 0.004552064234684201
14.2809 0.0046785104634254285
14.28211 0.0048049566921666564
14.28332 0.0049314029209078835
14.28452 0.005057849149649112
14.28573 0.005121072264019725
14.28694 0.005247518492760953
14.28814 0.005310741607131567
14.28935 0.005437187835872795
14.29056 0.005500410950243409
14.29176 0.005563634064614023
14.29297 0.005626857178984636
14.29418 0.00569008029335525
14.29538 0.005753303407725865
14.29659 0.005816526522096479
14.2978 0.005879749636467093
14.299 0.005942972750837706
14.30021 0.005942972750837706
14.30142 0.00600619586520832
14.30262 0.00600619586520832
14.30383 0.006069418979578934
14.30504 0.006069418979578934
14.30625 0.006069418979578934
14.30745 0.006069418979578934
14.30866 0.006069418979578934
14.30987 0.006069418979578934
14.31107 0.00600619586520832
14.31228 0.00600619586520832
14.31349 0.005942972750837706
14.31469 0.005942972750837706
14.3159 0.005879749636467093
14.31711 0.005879749636467093
14.31831 0.005816526522096479
14.31952 0.005816526522096479
14.32073 0.005753303407725865
14.32193 0.005753303407725865
14.32314 0.005753303407725865
14.32435 0.00569008029335525
14.32555 0.00569008029335525
14.32676 0.005626857178984636
14.32797 0.005563634064614023
14.32917 0.005563634064614023
14.33038 0.005500410950243409
14.33159 0.005437187835872795
14.3328 0.005437187835872795
14.334 0.005373964721502181
14.33521 0.005310741607131567
14.33642 0.005310741607131567
14.33762 0.005310741607131567
14.33883 0.005310741607131567
14.34004 0.005310741607131567
14.34124 0.005310741607131567
14.34245 0.005310741607131567
14.34366 0.005373964721502181
14.34486 0.005437187835872795
14.34607 0.005500410950243409
14.34728 0.005563634064614023
14.34848 0.005626857178984636
14.34969 0.00569008029335525
14.3509 0.005753303407725865
14.3521 0.005816526522096479
14.35331 0.005942972750837706
14.35452 0.006069418979578934
14.35572 0.0061326420939495484
14.35693 0.0062590883226907755
14.35814 0.006448757665802617
14.35935 0.006575203894543844
14.36055 0.006764873237655687
14.36176 0.006891319466396915
14.36297 0.007080988809508756
14.36417 0.007333881266991212
14.36538 0.007523550610103054
14.36659 0.0077764430675855084
14.36779 0.008029335525067965
14.369 0.00828222798255042
14.37021 0.008535120440032877
14.37141 0.008851236011885946
14.37262 0.009104128469368401
14.37383 0.00942024404122147
14.37503 0.009736359613074539
14.37624 0.01005247518492761
14.37745 0.010368590756780678
14.37865 0.010684706328633749
14.37986 0.011000821900486818
14.38107 0.011316937472339887
14.38227 0.011633053044192957
14.38348 0.01201239173041664
14.38469 0.012328507302269708
14.3859 0.012707845988493394
14.3871 0.013087184674717076
14.38831 0.01346652336094076
14.38952 0.013845862047164443
14.39072 0.014225200733388125
14.39193 0.01460453941961181
14.39314 0.014983878105835494
14.39434 0.015363216792059176
14.39555 0.01574255547828286
14.39676 0.01618511727887716
14.39796 0.016501232850730227
14.39917 0.01688057153695391
14.40038 0.01725991022317759
14.40158 0.01757602579503066
14.40279 0.017892141366883732
14.404 0.018208256938736803
14.4052 0.018587595624960485
14.40641 0.018903711196813555
14.40762 0.019219826768666626
14.40882 0.019535942340519693
14.41003 0.019852057912372763
14.41124 0.02010495036985522
14.41245 0.020421065941708286
14.41365 0.020737181513561357
14.41486 0.020990073971043813
14.41607 0.02124296642852627
14.41727 0.021495858886008724
14.41848 0.02174875134349118
14.41969 0.022001643800973636
14.42089 0.022191313144085477
14.4221 0.02238098248719732
14.42331 0.02257065183030916
14.42451 0.02269709805905039
14.42572 0.02288676740216223
14.42693 0.02301321363090346
14.42813 0.023139659859644685
14.42934 0.023266106088385915
14.43055 0.023329329202756526
14.43175 0.023455775431497756
14.43296 0.02351899854586837
14.43417 0.023582221660238982
14.43537 0.023645444774609597
14.43658 0.023708667888980208
14.43779 0.023771891003350823
14.439 0.023835114117721438
14.4402 0.023835114117721438
14.44141 0.023898337232092053
14.44262 0.023961560346462667
14.44382 0.023961560346462667
14.44503 0.02402478346083328
14.44624 0.02402478346083328
14.44744 0.02402478346083328
14.44865 0.02402478346083328
14.44986 0.02402478346083328
14.45106 0.02402478346083328
14.45227 0.02402478346083328
14.45348 0.02402478346083328
14.45468 0.023961560346462667
14.45589 0.023961560346462667
14.4571 0.023961560346462667
14.4583 0.023961560346462667
14.45951 0.023961560346462667
14.46072 0.02402478346083328
14.46192 0.02402478346083328
14.46313 0.024088006575203894
14.46434 0.02415122968957451
14.46555 0.024214452803945123
14.46675 0.024214452803945123
14.46796 0.024277675918315735
14.46917 0.02434089903268635
14.47037 0.024404122147056964
14.47158 0.024530568375798194
14.47279 0.024593791490168805
14.47399 0.024657014604539416
14.4752 0.024783460833280646
14.47641 0.02484668394765126
14.47761 0.02497313017639249
14.47882 0.025099576405133713
14.48003 0.02516279951950433
14.48123 0.025289245748245558
14.48244 0.025415691976986787
14.48365 0.025542138205728013
14.48485 0.025731807548839854
14.48606 0.02585825377758108
14.48727 0.02604792312069293
14.48848 0.02617436934943415
14.48968 0.026364038692545996
14.49089 0.026553708035657833
14.4921 0.026743377378769678
14.4933 0.02693304672188152
14.49451 0.027122716064993363
14.49572 0.027312385408105204
14.49692 0.02750205475121704
14.49813 0.027691724094328886
14.49934 0.027881393437440727
14.50054 0.028134285894923183
14.50175 0.028323955238035024
14.50296 0.028513624581146868
14.50416 0.028703293924258706
14.50537 0.02889296326737055
14.50658 0.02914585572485301
14.50778 0.029335525067964847
14.50899 0.029588417525447303
14.5102 0.029778086868559143
14.5114 0.0300309793260416
14.51261 0.030220648669153444
14.51382 0.030473541126635896
14.51503 0.03066321046974774
14.51623 0.030916102927230196
14.51744 0.031105772270342034
14.51865 0.03135866472782449
14.51985 0.03154833407093633
14.52106 0.03173800341404818
14.52227 0.03199089587153063
14.52347 0.03218056521464247
14.52468 0.03237023455775432
14.52589 0.032559903900866154
14.52709 0.032749573243977995
14.5283 0.03293924258708984
14.52951 0.03312891193020168
14.53071 0.033318581273313524
14.53192 0.033508250616425365
14.53313 0.033697919959537206
14.53433 0.03388758930264905
14.53554 0.03407725864576089
14.53675 0.034266927988872736
14.53795 0.03439337421761396
14.53916 0.0345830435607258
14.54037 0.03470948978946703
14.54158 0.03483593601820826
14.54278 0.03496238224694948
14.54399 0.03502560536132009
14.5452 0.03515205159006132
14.5464 0.03521527470443194
14.54761 0.03527849781880255
14.54882 0.03534172093317317
14.55002 0.03540494404754378
14.55123 0.0354681671619144
14.55244 0.03553139027628501
14.55364 0.03553139027628501
14.55485 0.03559461339065562
14.55606 0.03559461339065562
14.55726 0.03559461339065562
14.55847 0.03559461339065562
14.55968 0.03553139027628501
14.56088 0.03553139027628501
14.56209 0.0354681671619144
14.5633 0.03540494404754378
14.5645 0.03534172093317317
14.56571 0.03521527470443194
14.56692 0.03515205159006132
14.56813 0.03502560536132009
14.56933 0.03483593601820826
14.57054 0.03470948978946703
14.57175 0.03451982044635518
14.57295 0.03433015110324335
14.57416 0.03420370487450212
14.57537 0.03395081241701966
14.57657 0.03376114307390782
14.57778 0.03357147373079598
14.57899 0.033381804387684136
14.58019 0.033192135044572295
14.5814 0.03293924258708984
14.58261 0.032749573243977995
14.58381 0.032559903900866154
14.58502 0.0323070114433837
14.58623 0.03211734210027186
14.58743 0.0318644496427894
14.58864 0.03167478029967756
14.58985 0.0314218878421951
14.59105 0.031168995384712652
14.59226 0.030916102927230196
14.59347 0.03066321046974774
14.59468 0.030410318012265285
14.59588 0.03015742555478283
14.59709 0.02990453309730037
14.5983 0.029651640639817914
14.5995 0.029398748182335458
14.60071 0.02920907883922362
14.60192 0.02895618638174116
14.60312 0.028766517038629324
14.60433 0.02857684769551748
14.60554 0.02838717835240564
14.60674 0.028260732123664412
14.60795 0.02807106278055257
14.60916 0.02794461655181134
14.61036 0.027754947208699497
14.61157 0.02762850097995827
14.61278 0.02750205475121704
14.61398 0.027375608522475815
14.61519 0.027249162293734586
14.6164 0.027122716064993363
14.6176 0.026996269836252137
14.61881 0.02693304672188152
14.62002 0.02680660049314029
14.62123 0.026743377378769678
14.62243 0.026680154264399063
14.62364 0.02661693115002845
14.62485 0.026553708035657833
14.62605 0.026553708035657833
14.62726 0.026490484921287222
14.62847 0.026490484921287222
14.62967 0.026490484921287222
14.63088 0.026490484921287222
14.63209 0.026490484921287222
14.63329 0.026553708035657833
14.6345 0.026553708035657833
14.63571 0.02661693115002845
14.63691 0.026680154264399063
14.63812 0.026743377378769678
14.63933 0.02680660049314029
14.64053 0.026869823607510907
14.64174 0.02693304672188152
14.64295 0.026996269836252137
14.64415 0.027059492950622748
14.64536 0.027122716064993363
14.64657 0.027122716064993363
14.64778 0.027185939179363974
14.64898 0.027312385408105204
14.65019 0.027375608522475815
14.6514 0.02743883163684643
14.6526 0.02750205475121704
14.65381 0.02762850097995827
14.65502 0.027691724094328886
14.65622 0.027818170323070116
14.65743 0.027881393437440727
14.65864 0.028007839666181953
14.65984 0.02807106278055257
14.66105 0.0281975090092938
14.66226 0.028260732123664412
14.66346 0.028323955238035024
14.66467 0.02838717835240564
14.66588 0.02845040146677625
14.66708 0.028513624581146868
14.66829 0.02857684769551748
14.6695 0.028640070809888094
14.6707 0.028703293924258706
14.67191 0.028766517038629324
14.67312 0.028829740152999935
14.67433 0.02889296326737055
14.67553 0.02895618638174116
14.67674 0.02895618638174116
14.67795 0.02901940949611178
14.67915 0.02901940949611178
14.68036 0.02908263261048239
14.68157 0.02908263261048239
14.68277 0.02914585572485301
14.68398 0.02914585572485301
14.68519 0.02914585572485301
14.68639 0.02914585572485301
14.6876 0.02914585572485301
14.68881 0.02914585572485301
14.69001 0.02908263261048239
14.69122 0.02908263261048239
14.69243 0.02901940949611178
14.69363 0.02901940949611178
14.69484 0.02895618638174116
14.69605 0.02889296326737055
14.69725 0.028829740152999935
14.69846 0.028766517038629324
14.69967 0.028703293924258706
14.70088 0.028640070809888094
14.70208 0.02857684769551748
14.70329 0.028513624581146868
14.7045 0.02845040146677625
14.7057 0.028323955238035024
14.70691 0.028260732123664412
14.70812 0.028134285894923183
14.70932 0.02807106278055257
14.71053 0.02794461655181134
14.71174 0.027818170323070116
14.71294 0.027691724094328886
14.71415 0.02756527786558766
14.71536 0.02743883163684643
14.71656 0.027312385408105204
14.71777 0.027122716064993363
14.71898 0.026996269836252137
14.72018 0.026869823607510907
14.72139 0.026680154264399063
14.7226 0.026553708035657833
14.72381 0.026427261806916607
14.72501 0.026237592463804766
14.72622 0.02611114623506354
14.72743 0.02598470000632231
14.72863 0.02585825377758108
14.72984 0.025731807548839854
14.73105 0.025605361320098625
14.73225 0.0254789150913574
14.73346 0.02535246886261617
14.73467 0.025226022633874943
14.73587 0.025099576405133713
14.73708 0.02497313017639249
14.73829 0.02484668394765126
14.73949 0.024720237718910035
14.7407 0.024593791490168805
14.74191 0.02446734526142758
14.74311 0.02434089903268635
14.74432 0.024214452803945123
14.74553 0.02415122968957451
14.74673 0.02402478346083328
14.74794 0.023961560346462667
14.74915 0.023835114117721438
14.75036 0.023771891003350823
14.75156 0.023708667888980208
14.75277 0.023645444774609597
14.75398 0.023582221660238982
14.75518 0.023582221660238982
14.75639 0.02351899854586837
14.7576 0.023455775431497756
14.7588 0.023455775431497756
14.76001 0.023455775431497756
14.76122 0.02339255231712714
14.76242 0.02339255231712714
14.76363 0.02339255231712714
14.76484 0.02339255231712714
14.76604 0.023329329202756526
14.76725 0.023329329202756526
14.76846 0.023329329202756526
14.76966 0.023329329202756526
14.77087 0.023329329202756526
14.77208 0.023329329202756526
14.77328 0.023329329202756526
14.77449 0.02339255231712714
14.7757 0.02339255231712714
14.77691 0.02339255231712714
14.77811 0.023455775431497756
14.77932 0.02351899854586837
14.78053 0.02351899854586837
14.78173 0.023582221660238982
14.78294 0.023582221660238982
14.78415 0.023645444774609597
14.78535 0.023708667888980208
14.78656 0.023708667888980208
14.78777 0.023771891003350823
14.78897 0.023771891003350823
14.79018 0.023771891003350823
14.79139 0.023835114117721438
14.79259 0.023835114117721438
14.7938 0.023835114117721438
14.79501 0.023835114117721438
14.79621 0.023835114117721438
14.79742 0.023835114117721438
14.79863 0.023835114117721438
14.79983 0.023835114117721438
14.80104 0.023835114117721438
14.80225 0.023835114117721438
14.80346 0.023835114117721438
14.80466 0.023835114117721438
14.80587 0.023835114117721438
14.80708 0.023771891003350823
14.80828 0.023771891003350823
14.80949 0.023708667888980208
14.8107 0.023708667888980208
14.8119 0.023645444774609597
14.81311 0.023582221660238982
14.81432 0.02351899854586837
14.81552 0.023455775431497756
14.81673 0.023329329202756526
14.81794 0.023266106088385915
14.81914 0.0232028829740153
14.82035 0.02307643674527407
14.82156 0.022949990516532844
14.82276 0.022823544287791615
14.82397 0.022760321173421
14.82518 0.022633874944679774
14.82638 0.022444205601567933
14.82759 0.022317759372826707
14.8288 0.022191313144085477
14.83001 0.02206486691534425
14.83121 0.021875197572232406
14.83242 0.02174875134349118
14.83363 0.021559082000379336
14.83483 0.021369412657267498
14.83604 0.021179743314155654
14.83725 0.020990073971043813
14.83845 0.020800404627931972
14.83966 0.020610735284820127
14.84087 0.020357842827337675
14.84207 0.020168173484225834
14.84328 0.01991528102674338
14.84449 0.019725611683631534
14.84569 0.019472719226149078
14.8469 0.019219826768666626
14.84811 0.01896693431118417
14.84931 0.018714041853701714
14.85052 0.018461149396219255
14.85173 0.018208256938736803
14.85293 0.017955364481254347
14.85414 0.01770247202377189
14.85535 0.017449579566289435
14.85656 0.01725991022317759
14.85776 0.01700701776569514
14.85897 0.016754125308212683
14.86018 0.016438009736359612
14.86138 0.01618511727887716
14.86259 0.0159322248213947
14.8638 0.015616109249541632
14.865 0.015363216792059176
14.86621 0.015047101220206109
14.86742 0.014794208762723651
14.86862 0.014541316305241195
14.86983 0.01428842384775874
14.87104 0.01397230827590567
14.87224 0.013719415818423215
14.87345 0.013529746475311374
14.87466 0.013276854017828917
14.87586 0.013023961560346464
14.87707 0.012834292217234622
14.87828 0.012644622874122779
14.87948 0.012454953531010936
14.88069 0.012265284187899097
14.8819 0.012075614844787254
14.88311 0.011885945501675411
14.88431 0.01169627615856357
14.88552 0.011569829929822343
14.88673 0.0113801605867105
14.88793 0.01119049124359866
14.88914 0.011064045014857431
14.89035 0.010937598786116203
14.89155 0.010811152557374975
14.89276 0.010684706328633749
14.89397 0.010621483214263134
14.89517 0.010558260099892521
14.89638 0.010495036985521906
14.89759 0.010431813871151293
14.89879 0.010431813871151293
14.9 0.010368590756780678
14.90121 0.010368590756780678
14.90241 0.010431813871151293
14.90362 0.010431813871151293
14.90483 0.010495036985521906
14.90603 0.010558260099892521
14.90724 0.010621483214263134
14.90845 0.010747929443004362
14.90966 0.010811152557374975
14.91086 0.010937598786116203
14.91207 0.011064045014857431
14.91328 0.01119049124359866
14.91448 0.011316937472339887
14.91569 0.01150660681545173
14.9169 0.011633053044192957
14.9181 0.011822722387304798
14.91931 0.01201239173041664
14.92052 0.012202061073528482
14.92172 0.012391730416640323
14.92293 0.012581399759752166
14.92414 0.012834292217234622
14.92534 0.013087184674717076
14.92655 0.013340077132199531
14.92776 0.013656192704052602
14.92896 0.013909085161535058
14.93017 0.014225200733388125
14.93138 0.01447809319087058
14.93259 0.014794208762723651
14.93379 0.015110324334576722
14.935 0.015426439906429789
14.93621 0.01574255547828286
14.93741 0.015995447935765315
14.93862 0.016311563507618383
14.93983 0.016627679079471453
14.94103 0.01688057153695391
14.94224 0.01719668710880698
14.94345 0.017449579566289435
14.94465 0.01770247202377189
14.94586 0.01801858759562496
14.94707 0.01833470316747803
14.94827 0.018587595624960485
14.94948 0.018903711196813555
14.95069 0.019219826768666626
14.95189 0.019472719226149078
14.9531 0.01978883479800215
14.95431 0.020041727255484604
14.95551 0.020357842827337675
14.95672 0.020610735284820127
14.95793 0.020863627742302587
14.95914 0.021116520199785042
14.96034 0.021369412657267498
14.96155 0.02162230511474995
14.96276 0.02181197445786179
14.96396 0.022001643800973636
14.96517 0.022191313144085477
14.96638 0.02238098248719732
14.96758 0.02257065183030916
14.96879 0.022760321173421
14.97 0.02288676740216223
14.9712 0.02307643674527407
14.97241 0.0232028829740153
14.97362 0.023329329202756526
14.97482 0.023455775431497756
14.97603 0.023582221660238982
14.97724 0.023708667888980208
14.97844 0.023835114117721438
14.97965 0.023961560346462667
14.98086 0.024088006575203894
14.98206 0.02415122968957451
14.98327 0.024277675918315735
14.98448 0.02434089903268635
14.98569 0.02446734526142758
14.98689 0.024530568375798194
14.9881 0.024593791490168805
14.98931 0.024657014604539416
14.99051 0.024657014604539416
14.99172 0.024720237718910035
14.99293 0.024720237718910035
14.99413 0.024783460833280646
14.99534 0.024783460833280646
14.99655 0.02484668394765126
14.99775 0.02484668394765126
14.99896 0.02484668394765126
15.00017 0.024909907062021872
15.00137 0.024909907062021872
15.00258 0.02497313017639249
15.00379 0.025036353290763102
15.00499 0.025099576405133713
15.0062 0.02516279951950433
15.00741 0.025226022633874943
15.00861 0.025289245748245558
15.00982 0.025415691976986787
15.01103 0.0254789150913574
15.01224 0.025542138205728013
15.01344 0.025668584434469243
15.01465 0.025731807548839854
15.01586 0.02579503066321047
15.01706 0.0259214768919517
15.01827 0.02604792312069293
15.01948 0.02617436934943415
15.02068 0.026300815578175377
15.02189 0.026427261806916607
15.0231 0.026553708035657833
15.0243 0.026743377378769678
15.02551 0.02693304672188152
15.02672 0.027122716064993363
15.02792 0.027375608522475815
15.02913 0.02762850097995827
15.03034 0.027881393437440727
15.03154 0.028134285894923183
15.03275 0.02845040146677625
15.03396 0.028766517038629324
15.03516 0.02908263261048239
15.03637 0.029398748182335458
15.03758 0.029714863754188532
15.03879 0.030094202440412218
15.03999 0.030473541126635896
15.0412 0.030852879812859578
15.04241 0.031232218499083263
15.04361 0.03167478029967756
15.04482 0.03205411898590124
15.04603 0.03249668078649554
15.04723 0.03293924258708984
15.04844 0.033381804387684136
15.04965 0.03388758930264905
15.05085 0.03433015110324335
15.05206 0.03483593601820826
15.05327 0.03534172093317317
15.05447 0.035910728962508694
15.05568 0.036416513877473605
15.05689 0.03698552190680913
15.05809 0.03755452993614465
15.0593 0.03818676107985079
15.06051 0.038755769109186315
15.06171 0.039388000252892456
15.06292 0.04002023139659859
15.06413 0.04058923942593412
15.06534 0.041221470569640255
15.06654 0.041853701713346396
15.06775 0.04248593285705254
15.06896 0.04311816400075867
15.07016 0.0436871720300942
15.07137 0.044319403173800336
15.07258 0.04495163431750648
15.07378 0.045520642346842
15.07499 0.04615287349054814
15.0762 0.04678510463425428
15.0774 0.047417335777960416
15.07861 0.04804956692166656
15.07982 0.0486817980653727
15.08102 0.04931402920907883
15.08223 0.04994626035278498
15.08344 0.050578491496491115
15.08464 0.05121072264019725
15.08585 0.0518429537839034
15.08706 0.05247518492760953
15.08826 0.053107416071315666
15.08947 0.05367642410065119
15.09068 0.05430865524435734
15.09189 0.05487766327369286
15.09309 0.05544667130302838
15.0943 0.056015679332363906
15.09551 0.056521464247328825
15.09671 0.05709047227666435
15.09792 0.05759625719162926
15.09913 0.05810204210659417
15.10033 0.05860782702155908
15.10154 0.059113611936523994
15.10275 0.0596193968514889
15.10395 0.06012518176645381
15.10516 0.06056774356704811
15.10637 0.06107352848201302
15.10757 0.06151609028260732
15.10878 0.06202187519757223
15.10999 0.06246443699816653
15.11119 0.06290699879876083
15.1124 0.06334956059935512
15.11361 0.06379212239994941
15.11481 0.0641714610861731
15.11602 0.0646140228867674
15.11723 0.06499336157299108
15.11844 0.06543592337358538
15.11964 0.06581526205980907
15.12085 0.06619460074603274
15.12206 0.06651071631788581
15.12326 0.06689005500410951
15.12447 0.06720617057596258
15.12568 0.06758550926218625
15.12688 0.06790162483403932
15.12809 0.06821774040589239
15.1293 0.06859707909211608
15.1305 0.06891319466396914
15.13171 0.06922931023582221
15.13292 0.06954542580767528
15.13412 0.06992476449389896
15.13533 0.07024088006575203
15.13654 0.0705569956376051
15.13774 0.0709363343238288
15.13895 0.07131567301005247
15.14016 0.07163178858190554
15.14137 0.07201112726812924
15.14257 0.07232724283998229
15.14378 0.07270658152620597
15.14499 0.07302269709805904
15.14619 0.07340203578428274
15.1474 0.0737181513561358
15.14861 0.07409749004235948
15.14981 0.07441360561421255
15.15102 0.07479294430043625
15.15223 0.07517228298665991
15.15343 0.07548839855851298
15.15464 0.07586773724473668
15.15585 0.07631029904533097
15.15705 0.07668963773155466
15.15826 0.07706897641777834
15.15947 0.07751153821837263
15.16067 0.07795410001896694
15.16188 0.07839666181956123
15.16309 0.07883922362015552
15.16429 0.07934500853512044
15.1655 0.07978757033571474
15.16671 0.08029335525067964
15.16792 0.08079914016564456
15.16912 0.08124170196623885
15.17033 0.08174748688120377
15.17154 0.08225327179616868
15.17274 0.0828222798255042
15.17395 0.08332806474046912
15.17516 0.08389707276980464
15.17636 0.08440285768476956
15.17757 0.08497186571410507
15.17878 0.0855408737434406
15.17998 0.08610988177277612
15.18119 0.08667888980211165
15.1824 0.08724789783144717
15.1836 0.08788012897515331
15.18481 0.08844913700448884
15.18602 0.08908136814819498
15.18722 0.08971359929190112
15.18843 0.09040905354997787
15.18964 0.091041284693684
15.19084 0.09167351583739015
15.19205 0.09236897009546689
15.19326 0.09306442435354366
15.19447 0.09369665549724979
15.19567 0.09439210975532655
15.19688 0.09508756401340329
15.19809 0.09578301827148006
15.19929 0.0964784725295568
15.2005 0.09717392678763355
15.20171 0.09793260416008093
15.20291 0.09862805841815767
15.20412 0.09932351267623442
15.20533 0.10001896693431118
15.20653 0.10071442119238794
15.20774 0.10140987545046468
15.20895 0.10216855282291205
15.21015 0.1028640070809888
15.21136 0.10362268445343616
15.21257 0.10431813871151294
15.21377 0.10507681608396029
15.21498 0.10583549345640766
15.21619 0.10659417082885503
15.21739 0.10728962508693177
15.2186 0.10804830245937916
15.21981 0.10880697983182651
15.22102 0.10950243408990326
15.22222 0.11026111146235064
15.22343 0.11095656572042738
15.22464 0.11171524309287476
15.22584 0.11241069735095151
15.22705 0.11310615160902826
15.22826 0.11386482898147564
15.22946 0.11456028323955238
15.23067 0.11525573749762913
15.23188 0.11595119175570587
15.23308 0.11664664601378265
15.23429 0.11740532338623
15.2355 0.11810077764430675
15.2367 0.11879623190238352
15.23791 0.11949168616046026
15.23912 0.12018714041853701
15.24032 0.12081937156224315
15.24153 0.12151482582031992
15.24274 0.12221028007839665
15.24394 0.1228425112221028
15.24515 0.12353796548017953
15.24636 0.12417019662388569
15.24757 0.12480242776759183
15.24877 0.12543465891129796
15.24998 0.1260668900550041
15.25119 0.12663589808433962
15.25239 0.12726812922804576
15.2536 0.12783713725738127
15.25481 0.12840614528671682
15.25601 0.12903837643042296
15.25722 0.1296073844597585
15.25843 0.13017639248909402
15.25963 0.13068217740405894
15.26084 0.13125118543339445
15.26205 0.13182019346272997
15.26325 0.1323259783776949
15.26446 0.1328317632926598
15.26567 0.13340077132199532
15.26687 0.13390655623696024
15.26808 0.13441234115192516
15.26929 0.13491812606689005
15.27049 0.13536068786748434
15.2717 0.13586647278244926
15.27291 0.13630903458304355
15.27412 0.13681481949800847
15.27532 0.13725738129860277
15.27653 0.13769994309919706
15.27774 0.13807928178542073
15.27894 0.13852184358601505
15.28015 0.13890118227223872
15.28136 0.13934374407283304
15.28256 0.1397230827590567
15.28377 0.14010242144528037
15.28498 0.14048176013150407
15.28618 0.14086109881772776
15.28739 0.14124043750395143
15.2886 0.14161977619017513
15.2898 0.14199911487639882
15.29101 0.1423784535626225
15.29222 0.14282101536321679
15.29342 0.14320035404944048
15.29463 0.14357969273566415
15.29584 0.14395903142188782
15.29704 0.1443383701081115
15.29825 0.1447177087943352
15.29946 0.1450970474805589
15.30067 0.14547638616678257
15.30187 0.14585572485300627
15.30308 0.14623506353922994
15.30429 0.1466144022254536
15.30549 0.1469937409116773
15.3067 0.147373079597901
15.30791 0.14768919516975404
15.30911 0.14813175697034836
15.31032 0.14851109565657203
15.31153 0.14889043434279572
15.31273 0.1492697730290194
15.31394 0.1497123348296137
15.31515 0.15009167351583738
15.31635 0.1505342353164317
15.31756 0.15097679711702597
15.31877 0.1514825820319909
15.31997 0.15192514383258518
15.32118 0.15236770563317947
15.32239 0.1528734905481444
15.32359 0.15331605234873869
15.3248 0.1538218372637036
15.32601 0.15432762217866852
15.32722 0.15477018397926282
15.32842 0.1552759688942277
15.32963 0.15578175380919262
15.33084 0.15635076183852814
15.33204 0.15685654675349306
15.33325 0.15736233166845798
15.33446 0.1579313396977935
15.33566 0.1584371246127584
15.33687 0.15900613264209393
15.33808 0.15957514067142947
15.33928 0.160144148700765
15.34049 0.16071315673010053
15.3417 0.16128216475943605
15.3429 0.1618511727887716
15.34411 0.1624834039324777
15.34532 0.16311563507618385
15.34652 0.16368464310551936
15.34773 0.1643168742492255
15.34894 0.16494910539293164
15.35015 0.16558133653663779
15.35135 0.16627679079471455
15.35256 0.1669090219384207
15.35377 0.1675412530821268
15.35497 0.16817348422583295
15.35618 0.16886893848390971
15.35739 0.16950116962761586
15.35859 0.170133400771322
15.3598 0.17082885502939874
15.36101 0.17146108617310488
15.36221 0.17209331731681102
15.36342 0.17278877157488778
15.36463 0.1734210027185939
15.36583 0.17405323386230004
15.36704 0.1747486881203768
15.36825 0.17538091926408295
15.36945 0.17607637352215968
15.37066 0.17677182778023645
15.37187 0.1774040589239426
15.37307 0.17809951318201933
15.37428 0.1787949674400961
15.37549 0.17942719858380224
15.3767 0.180122652841879
15.3779 0.18075488398558512
15.37911 0.18138711512929126
15.38032 0.182082569387368
15.38152 0.18271480053107414
15.38273 0.1833470316747803
15.38394 0.18397926281848645
15.38514 0.18461149396219256
15.38635 0.1851805019915281
15.38756 0.18581273313523422
15.38876 0.18638174116456976
15.38997 0.18701397230827588
15.39118 0.18758298033761142
15.39238 0.18815198836694697
15.39359 0.1887842195106531
15.3948 0.18935322753998862
15.396 0.18992223556932414
15.39721 0.19049124359865965
15.39842 0.1910602516279952
15.39962 0.19156603654296012
15.40083 0.19213504457229563
15.40204 0.19264082948726055
15.40325 0.19320983751659607
15.40445 0.19371562243156099
15.40566 0.19422140734652588
15.40687 0.1947271922614908
15.40807 0.1952329771764557
15.40928 0.19567553897705
15.41049 0.1961813238920149
15.41169 0.19662388569260922
15.4129 0.1970664474932035
15.41411 0.1975090092937978
15.41531 0.1978883479800215
15.41652 0.1983309097806158
15.41773 0.19871024846683946
15.41893 0.19915281026743376
15.42014 0.19953214895365742
15.42135 0.19991148763988115
15.42255 0.20029082632610481
15.42376 0.20067016501232848
15.42497 0.2010495036985522
15.42617 0.20142884238477587
15.42738 0.20180818107099954
15.42859 0.20218751975722324
15.4298 0.2025036353290763
15.431 0.20288297401529998
15.43221 0.20326231270152365
15.43342 0.20357842827337674
15.43462 0.2039577669596004
15.43583 0.20427388253145348
15.43704 0.20458999810330655
15.43824 0.20490611367515965
15.43945 0.20522222924701272
15.44066 0.20553834481886576
15.44186 0.20585446039071884
15.44307 0.2061705759625719
15.44428 0.20642346842005435
15.44548 0.20673958399190742
15.44669 0.20705569956376052
15.4479 0.2073718151356136
15.4491 0.20768793070746663
15.45031 0.2080040462793197
15.45152 0.20838338496554343
15.45272 0.20869950053739644
15.45393 0.20901561610924954
15.45514 0.2093949547954732
15.45635 0.2097742934816969
15.45755 0.21009040905354998
15.45876 0.21046974773977364
15.45997 0.2108490864259973
15.46117 0.21122842511222104
15.46238 0.21154454068407408
15.46359 0.21192387937029777
15.46479 0.21230321805652144
15.466 0.21268255674274517
15.46721 0.21306189542896883
15.46841 0.2134412341151925
15.46962 0.2138837959157868
15.47083 0.21426313460201052
15.47203 0.21470569640260476
15.47324 0.21508503508882848
15.47445 0.21552759688942277
15.47565 0.2159701586900171
15.47686 0.21641272049061133
15.47807 0.21685528229120565
15.47927 0.21736106720617057
15.48048 0.21780362900676487
15.48169 0.21830941392172976
15.4829 0.21875197572232408
15.4841 0.219257760637289
15.48531 0.21976354555225389
15.48652 0.22026933046721883
15.48772 0.22077511538218372
15.48893 0.22134412341151924
15.49014 0.22184990832648419
15.49134 0.22235569324144908
15.49255 0.2229247012707846
15.49376 0.2234937093001201
15.49496 0.22399949421508505
15.49617 0.22456850224442057
15.49738 0.2251375102737561
15.49858 0.22564329518872098
15.49979 0.22621230321805652
15.501 0.22678131124739204
15.5022 0.22735031927672755
15.50341 0.22791932730606307
15.50462 0.2284883353353986
15.50582 0.22912056647910475
15.50703 0.2296895745084403
15.50824 0.2303218056521464
15.50945 0.23089081368148193
15.51065 0.23152304482518807
15.51186 0.23215527596889424
15.51307 0.23272428399822975
15.51427 0.23335651514193587
15.51548 0.23398874628564204
15.51669 0.23462097742934815
15.51789 0.23518998545868366
15.5191 0.23582221660238983
15.52031 0.23645444774609597
15.52151 0.23702345577543152
15.52272 0.23765568691913763
15.52393 0.23822469494847315
15.52513 0.2388569260921793
15.52634 0.23942593412151483
15.52755 0.24005816526522095
15.52875 0.2406903964089271
15.52996 0.24125940443826263
15.53117 0.24189163558196877
15.53237 0.24252386672567489
15.53358 0.2430928747550104
15.53479 0.24372510589871657
15.536 0.24435733704242268
15.5372 0.2449263450717582
15.53841 0.24555857621546437
15.53962 0.24612758424479989
15.54082 0.2466965922741354
15.54203 0.24726560030347094
15.54324 0.24783460833280646
15.54444 0.24840361636214198
15.54565 0.24890940127710692
15.54686 0.24947840930644244
15.54806 0.24998419422140733
15.54927 0.2504899791363723
15.55048 0.2510589871657078
15.55168 0.2515647720806727
15.55289 0.25207055699563763
15.5541 0.2525763419106025
15.5553 0.2530189037111968
15.55651 0.2535246886261617
15.55772 0.2540304735411266
15.55893 0.25447303534172094
15.56013 0.2549155971423152
15.56134 0.2554213820572801
15.56255 0.2558639438578744
15.56375 0.2562432825440981
15.56496 0.2566858443446924
15.56617 0.2571284061452867
15.56737 0.2575077448315104
15.56858 0.2578870835177341
15.56979 0.25826642220395774
15.57099 0.2585825377758108
15.5722 0.25896187646203456
15.57341 0.25927799203388757
15.57461 0.25959410760574064
15.57582 0.2599102231775937
15.57703 0.26016311563507616
15.57823 0.26047923120692923
15.57944 0.2607321236644117
15.58065 0.2609850161218941
15.58185 0.2612379085793766
15.58306 0.26149080103685907
15.58427 0.2617436934943415
15.58548 0.2619333628374534
15.58668 0.26218625529493583
15.58789 0.26237592463804765
15.5891 0.2626288170955301
15.5903 0.262818486438642
15.59151 0.2630081557817538
15.59272 0.26319782512486567
15.59392 0.2633874944679775
15.59513 0.2635771638110893
15.59634 0.26370361003983056
15.59754 0.2638300562685718
15.59875 0.26401972561168363
15.59996 0.2641461718404248
15.60116 0.2642726180691661
15.60237 0.2643358411835367
15.60358 0.2644622874122779
15.60478 0.26458873364101915
15.60599 0.2646519567553898
15.6072 0.26477840298413097
15.6084 0.2648416260985016
15.60961 0.26496807232724284
15.61082 0.2650312954416134
15.61203 0.26515774167035466
15.61323 0.2652209647847253
15.61444 0.26534741101346654
15.61565 0.26541063412783716
15.61685 0.26553708035657836
15.61806 0.2656635265853196
15.61927 0.2657899728140608
15.62047 0.26585319592843143
15.62168 0.2659796421571727
15.62289 0.2661060883859139
15.62409 0.2661693115002845
15.6253 0.2662957577290257
15.62651 0.2663589808433963
15.62771 0.26648542707213757
15.62892 0.26661187330087877
15.63013 0.26667509641524945
15.63133 0.26680154264399064
15.63254 0.2669279888727319
15.63375 0.2670544351014731
15.63495 0.26718088133021434
15.63616 0.26730732755895553
15.63737 0.2674337737876968
15.63858 0.26756022001643803
15.63978 0.26768666624517923
15.64099 0.26787633558829105
15.6422 0.2680660049314029
15.6434 0.2681924511601441
15.64461 0.268382120503256
15.64582 0.2685717898463678
15.64702 0.26869823607510906
15.64823 0.2688879054182209
15.64944 0.26907757476133276
15.65064 0.2692672441044446
15.65185 0.2694569134475564
15.65306 0.26970980590503885
15.65426 0.2698994752481507
15.65547 0.27008914459126254
15.65668 0.2702788139343744
15.65788 0.27053170639185686
15.65909 0.2707213757349687
15.6603 0.2709742681924512
15.6615 0.271163937535563
15.66271 0.27141682999304545
15.66392 0.2716697224505279
15.66513 0.27192261490801034
15.66633 0.2721122842511222
15.66754 0.27236517670860466
15.66875 0.27268129228045773
15.66995 0.2729341847379402
15.67116 0.2731870771954226
15.67237 0.27343996965290507
15.67357 0.27375608522475814
15.67478 0.2740089776822406
15.67599 0.27432509325409365
15.67719 0.27457798571157616
15.6784 0.2748941012834292
15.67961 0.27514699374091167
15.68081 0.27546310931276474
15.68202 0.2757160017702472
15.68323 0.27603211734210026
15.68443 0.27628500979958276
15.68564 0.2766011253714358
15.68685 0.2768540178289183
15.68805 0.2771069102864007
15.68926 0.27735980274388317
15.69047 0.27767591831573624
15.69168 0.2779288107732187
15.69288 0.27824492634507175
15.69409 0.2784978188025542
15.6953 0.27881393437440727
15.6965 0.2790668268318897
15.69771 0.2793829424037428
15.69892 0.27963583486122523
15.70012 0.2799519504330783
15.70133 0.28020484289056075
15.70254 0.2804577353480432
15.70374 0.2807738509198963
15.70495 0.28102674337737876
15.70616 0.2812164127204906
15.70736 0.28146930517797303
15.70857 0.28172219763545553
15.70978 0.28191186697856735
15.71098 0.28210153632167917
15.71219 0.28229120566479105
15.7134 0.28248087500790287
15.7146 0.28267054435101474
15.71581 0.28279699057975594
15.71702 0.2829866599228678
15.71823 0.283113106151609
15.71943 0.28323955238035026
15.72064 0.28336599860909145
15.72185 0.2834924448378327
15.72305 0.2836188910665739
15.72426 0.2837453372953152
15.72547 0.2838717835240564
15.72667 0.28393500663842697
15.72788 0.28399822975279765
15.72909 0.28412467598153884
15.73029 0.2841878990959094
15.7315 0.2841878990959094
15.73271 0.2842511222102801
15.73391 0.2843143453246507
15.73512 0.2843143453246507
15.73633 0.2843143453246507
15.73753 0.2843143453246507
15.73874 0.2842511222102801
15.73995 0.2842511222102801
15.74115 0.2841878990959094
15.74236 0.28412467598153884
15.74357 0.2840614528671682
15.74478 0.28393500663842697
15.74598 0.2838717835240564
15.74719 0.2837453372953152
15.7484 0.2836821141809445
15.7496 0.2835556679522033
15.75081 0.2834292217234621
15.75202 0.2833027754947209
15.75322 0.28317632926597963
15.75443 0.283113106151609
15.75564 0.2829866599228678
15.75684 0.28286021369412656
15.75805 0.28279699057975594
15.75926 0.28267054435101474
15.76046 0.28260732123664406
15.76167 0.28248087500790287
15.76288 0.2823544287791616
15.76408 0.2822279825504204
15.76529 0.28210153632167917
15.7665 0.281975090092938
15.76771 0.2818486438641967
15.76891 0.28172219763545553
15.77012 0.2815957514067143
15.77133 0.28146930517797303
15.77253 0.28134285894923183
15.77374 0.2812164127204906
15.77495 0.2810899664917494
15.77615 0.28102674337737876
15.77736 0.2809002971486375
15.77857 0.28083707403426694
15.77977 0.2807738509198963
15.78098 0.2807106278055257
15.78219 0.2807106278055257
15.78339 0.28064740469115507
15.7846 0.28064740469115507
15.78581 0.28064740469115507
15.78701 0.28064740469115507
15.78822 0.2807106278055257
15.78943 0.2807106278055257
15.79063 0.2807738509198963
15.79184 0.28083707403426694
15.79305 0.28083707403426694
15.79426 0.28096352026300814
15.79546 0.28102674337737876
15.79667 0.2810899664917494
15.79788 0.28115318960612
15.79908 0.2812796358348612
15.80029 0.28140608206360246
15.8015 0.28146930517797303
15.8027 0.2815957514067143
15.80391 0.28172219763545553
15.80512 0.28191186697856735
15.80632 0.28203831320730854
15.80753 0.28216475943604985
15.80874 0.2823544287791616
15.80994 0.2825440981222735
15.81115 0.28273376746538537
15.81236 0.2829234368084972
15.81356 0.283113106151609
15.81477 0.28336599860909145
15.81598 0.2836188910665739
15.81718 0.2838085604096858
15.81839 0.2840614528671682
15.8196 0.2843143453246507
15.82081 0.28456723778213316
15.82201 0.2848201302396156
15.82322 0.2851362458114687
15.82443 0.2853891382689511
15.82563 0.28564203072643357
15.82684 0.28589492318391607
15.82805 0.28608459252702784
15.82925 0.2863374849845103
15.83046 0.2865903774419928
15.83167 0.28684326989947523
15.83287 0.2870329392425871
15.83408 0.28728583170006955
15.83529 0.28747550104318137
15.83649 0.28772839350066387
15.8377 0.2879812859581463
15.83891 0.28817095530125814
15.84011 0.2884238477587406
15.84132 0.288676740216223
15.84253 0.2888664095593349
15.84373 0.28911930201681735
15.84494 0.2893721944742998
15.84615 0.2895618638174116
15.84736 0.2897515331605235
15.84856 0.29000442561800593
15.84977 0.2901940949611178
15.85098 0.29038376430422963
15.85218 0.29057343364734145
15.85339 0.2907631029904533
15.8546 0.2908895492191945
15.8558 0.29107921856230634
15.85701 0.2912056647910476
15.85822 0.29133211101978884
15.85942 0.2914585572485301
15.86063 0.2915850034772713
15.86184 0.29171144970601254
15.86304 0.29183789593475373
15.86425 0.29190111904912436
15.86546 0.2920275652778656
15.86666 0.2920907883922362
15.86787 0.2921540115066068
15.86908 0.29228045773534805
15.87028 0.2923436808497187
15.87149 0.29240690396408925
15.8727 0.2924701270784599
15.87391 0.2925333501928305
15.87511 0.2925333501928305
15.87632 0.2925965733072011
15.87753 0.2925965733072011
15.87873 0.2926597964215717
15.87994 0.2926597964215717
15.88115 0.2927230195359423
15.88235 0.2927230195359423
15.88356 0.2927230195359423
15.88477 0.2927230195359423
15.88597 0.2926597964215717
15.88718 0.2926597964215717
15.88839 0.2925965733072011
15.88959 0.2925965733072011
15.8908 0.2925333501928305
15.89201 0.2925333501928305
15.89321 0.2924701270784599
15.89442 0.29240690396408925
15.89563 0.2923436808497187
15.89683 0.29228045773534805
15.89804 0.29221723462097743
15.89925 0.2921540115066068
15.90046 0.2921540115066068
15.90166 0.2920907883922362
15.90287 0.2920275652778656
15.90408 0.291964342163495
15.90528 0.29190111904912436
15.90649 0.29190111904912436
15.9077 0.29183789593475373
15.9089 0.2917746728203831
15.91011 0.29171144970601254
15.91132 0.29164822659164186
15.91252 0.2915850034772713
15.91373 0.2914585572485301
15.91494 0.2913953341341594
15.91614 0.29133211101978884
15.91735 0.2912688879054182
15.91856 0.2912056647910476
15.91976 0.29114244167667697
15.92097 0.29107921856230634
15.92218 0.29101599544793577
15.92338 0.29101599544793577
15.92459 0.29095277233356515
15.9258 0.2908895492191945
15.92701 0.2908895492191945
15.92821 0.2908263261048239
15.92942 0.2908263261048239
15.93063 0.2908263261048239
15.93183 0.2907631029904533
15.93304 0.2907631029904533
15.93425 0.2907631029904533
15.93545 0.2907631029904533
15.93666 0.2907631029904533
15.93787 0.2907631029904533
15.93907 0.2907631029904533
15.94028 0.2907631029904533
15.94149 0.2907631029904533
15.94269 0.2908263261048239
15.9439 0.2908263261048239
15.94511 0.2908895492191945
15.94631 0.2908895492191945
15.94752 0.29095277233356515
15.94873 0.29101599544793577
15.94993 0.29101599544793577
15.95114 0.29107921856230634
15.95235 0.2912056647910476
15.95356 0.2912688879054182
15.95476 0.29133211101978884
15.95597 0.2914585572485301
15.95718 0.29152178036290066
15.95838 0.29164822659164186
15.95959 0.2917746728203831
15.9608 0.29190111904912436
15.962 0.2920275652778656
15.96321 0.2921540115066068
15.96442 0.29228045773534805
15.96562 0.29240690396408925
15.96683 0.2925333501928305
15.96804 0.2927230195359423
15.96924 0.29284946576468357
15.97045 0.2930391351077954
15.97166 0.29316558133653664
15.97286 0.29335525067964846
15.97407 0.2935449200227603
15.97528 0.29373458936587216
15.97648 0.293924258708984
15.97769 0.29411392805209585
15.9789 0.2943035973952077
15.98011 0.29449326673831955
15.98131 0.29468293608143137
15.98252 0.2948726054245432
15.98373 0.29512549788202563
15.98493 0.2953151672251375
15.98614 0.29556805968261995
15.98735 0.29575772902573183
15.98855 0.2960106214832143
15.98976 0.2962635139406967
15.99097 0.29651640639817917
15.99217 0.2967692988556616
15.99338 0.29702219131314406
15.99459 0.29721186065625593
15.99579 0.2974647531137384
15.997 0.2977176455712208
15.99821 0.29797053802870327
15.99941 0.2982234304861857
16.00062 0.2984763229436682
16.00183 0.29866599228678004
16.00304 0.29891888474426254
16.00424 0.299171777201745
16.00545 0.2994246696592274
16.00666 0.29961433900233925
16.00786 0.2998672314598217
16.00907 0.30012012391730414
16.01028 0.3003730163747866
16.01148 0.3006259088322691
16.01269 0.30087880128975153
16.0139 0.301131693747234
16.0151 0.30132136309034585
16.01631 0.3015742555478283
16.01752 0.30182714800531074
16.01872 0.3020800404627932
16.01993 0.30233293292027563
16.02114 0.30252260226338745
16.02234 0.30277549472086995
16.02355 0.3029651640639818
16.02476 0.3032180565214643
16.02596 0.30340772586457604
16.02717 0.3035973952076879
16.02838 0.3037870645507998
16.02959 0.3039767338939116
16.03079 0.30416640323702343
16.032 0.3043560725801353
16.03321 0.3045457419232471
16.03441 0.30473541126635895
16.03562 0.3049250806094708
16.03683 0.3050515268382121
16.03803 0.3052411961813239
16.03924 0.3054308655244357
16.04045 0.30555731175317696
16.04165 0.3057469810962888
16.04286 0.30587342732503003
16.04407 0.30606309666814185
16.04527 0.3061895428968831
16.04648 0.3063159891256243
16.04769 0.3065056584687362
16.04889 0.30663210469747737
16.0501 0.3067585509262186
16.05131 0.3068849971549598
16.05251 0.30701144338370107
16.05372 0.30713788961244226
16.05493 0.3072643358411835
16.05614 0.30732755895555414
16.05734 0.3074540051842954
16.05855 0.3075804514130366
16.05976 0.3076436745274072
16.06096 0.30770689764177783
16.06217 0.307833343870519
16.06338 0.30789656698488965
16.06458 0.3079597900992603
16.06579 0.30808623632800153
16.067 0.3081494594423721
16.0682 0.3082126825567427
16.06941 0.308339128785484
16.07062 0.30840235189985454
16.07182 0.30846557501422517
16.07303 0.3085920212429664
16.07424 0.30865524435733704
16.07544 0.3087816905860783
16.07665 0.3089081368148195
16.07786 0.30897135992919006
16.07906 0.30909780615793137
16.08027 0.30922425238667256
16.08148 0.3093506986154138
16.08269 0.3094139217297844
16.08389 0.30954036795852563
16.0851 0.3096668141872669
16.08631 0.30973003730163745
16.08751 0.3098564835303787
16.08872 0.3099829297591199
16.08993 0.31010937598786115
16.09113 0.3102358222166024
16.09234 0.3103622684453436
16.09355 0.31048871467408484
16.09475 0.31061516090282604
16.09596 0.3107416071315673
16.09717 0.31093127647467916
16.09837 0.31105772270342036
16.09958 0.31124739204653223
16.10079 0.31143706138964405
16.10199 0.3116267307327559
16.1032 0.31181640007586775
16.10441 0.3120692925333502
16.10561 0.31225896187646207
16.10682 0.3125118543339445
16.10803 0.3127015236770563
16.10924 0.3129544161345388
16.11044 0.3132073085920212
16.11165 0.3134602010495037
16.11286 0.3137130935069861
16.11406 0.3140292090788392
16.11527 0.31428210153632163
16.11648 0.31453499399380414
16.11768 0.31485110956565715
16.11889 0.3151672251375103
16.1201 0.3154201175949927
16.1213 0.3157362331668458
16.12251 0.31605234873869886
16.12372 0.31636846431055193
16.12492 0.31674780299677563
16.12613 0.3170639185686287
16.12734 0.31738003414048177
16.12854 0.3177593728267054
16.12975 0.3181387115129291
16.13096 0.3184548270847822
16.13216 0.3188341657710059
16.13337 0.3192767275716002
16.13458 0.31965606625782383
16.13579 0.32003540494404753
16.13699 0.32047796674464185
16.1382 0.32085730543086555
16.13941 0.3212998672314598
16.14061 0.3216792059176835
16.14182 0.32212176771827783
16.14303 0.3225643295188721
16.14423 0.3230068913194664
16.14544 0.3234494531200607
16.14665 0.32389201492065495
16.14785 0.32433457672124927
16.14906 0.32471391540747296
16.15027 0.32515647720806723
16.15147 0.32559903900866155
16.15268 0.3260416008092558
16.15389 0.32648416260985014
16.15509 0.32692672441044446
16.1563 0.3273692862110387
16.15751 0.32781184801163304
16.15871 0.32831763292659794
16.15992 0.32876019472719226
16.16113 0.3292027565277865
16.16234 0.32970854144275147
16.16354 0.3301511032433458
16.16475 0.33059366504394005
16.16596 0.33109944995890495
16.16716 0.33154201175949927
16.16837 0.3319845735600936
16.16958 0.3324903584750585
16.17078 0.33293292027565274
16.17199 0.33337548207624706
16.1732 0.3338180438768414
16.1744 0.33426060567743565
16.17561 0.33470316747803
16.17682 0.33514572927862424
16.17802 0.33552506796484793
16.17923 0.33596762976544225
16.18044 0.3364101915660365
16.18164 0.3367895302522602
16.18285 0.3372320920528545
16.18406 0.33761143073907823
16.18526 0.3380539925396725
16.18647 0.3384333312258962
16.18768 0.33881266991211983
16.18889 0.33925523171271416
16.19009 0.3396345703989378
16.1913 0.34001390908516155
16.19251 0.3403932477713852
16.19371 0.34077258645760894
16.19492 0.3411519251438326
16.19613 0.3415312638300563
16.19733 0.34184737940190935
16.19854 0.342226718088133
16.19975 0.3426060567743567
16.20095 0.34292217234620975
16.20216 0.3432382879180628
16.20337 0.3436176266042865
16.20457 0.3439337421761396
16.20578 0.34424985774799266
16.20699 0.3445027502054751
16.20819 0.3448188657773282
16.2094 0.34513498134918125
16.21061 0.3453878738066637
16.21182 0.34570398937851676
16.21302 0.3459568818359992
16.21423 0.3462097742934817
16.21544 0.3465258898653347
16.21664 0.3467787823228172
16.21785 0.34703167478029967
16.21906 0.3472845672377821
16.22026 0.34753745969526456
16.22147 0.34779035215274706
16.22268 0.3480432446102295
16.22388 0.34829613706771195
16.22509 0.3485490295251944
16.2263 0.34880192198267684
16.2275 0.3491180375545299
16.22871 0.34937093001201236
16.22992 0.34962382246949486
16.23112 0.3498767149269773
16.23233 0.35012960738445975
16.23354 0.3503824998419422
16.23474 0.350572169185054
16.23595 0.35082506164253646
16.23716 0.35107795410001896
16.23837 0.3513308465575014
16.23957 0.35152051590061323
16.24078 0.35177340835809573
16.24199 0.3520263008155782
16.24319 0.3522791932730606
16.2444 0.35253208573054307
16.24561 0.3527217550736549
16.24681 0.35297464753113733
16.24802 0.35322753998861983
16.24923 0.3534804324461023
16.25043 0.35379654801795535
16.25164 0.3540494404754378
16.25285 0.35430233293292024
16.25405 0.35461844850477336
16.25526 0.3548713409622558
16.25647 0.3551874565341089
16.25767 0.35550357210596195
16.25888 0.3557564645634444
16.26009 0.35607258013529747
16.26129 0.35638869570715054
16.2625 0.35670481127900355
16.26371 0.3570209268508567
16.26492 0.35733704242270975
16.26612 0.3576531579945628
16.26733 0.35796927356641584
16.26854 0.3582853891382689
16.26974 0.35860150471012203
16.27095 0.3589176202819751
16.27216 0.35929695896819874
16.27336 0.3596130745400518
16.27457 0.3599291901119049
16.27578 0.3603085287981286
16.27698 0.3606878674843522
16.27819 0.36100398305620535
16.2794 0.36138332174242904
16.2806 0.3617626604286527
16.28181 0.3621419991148764
16.28302 0.3625213378011001
16.28422 0.36290067648732377
16.28543 0.3632800151735474
16.28664 0.3636593538597711
16.28784 0.3641019156603654
16.28905 0.3644812543465891
16.29026 0.3649238161471834
16.29147 0.3653031548334071
16.29267 0.36574571663400135
16.29388 0.3661250553202251
16.29509 0.36656761712081937
16.29629 0.36701017892141363
16.2975 0.36738951760763733
16.29871 0.36783207940823165
16.29991 0.36827464120882597
16.30112 0.36871720300942024
16.30233 0.36909654169564393
16.30353 0.36953910349623825
16.30474 0.3699816652968325
16.30595 0.37042422709742684
16.30715 0.3708667888980211
16.30836 0.37130935069861537
16.30957 0.3717519124992097
16.31077 0.372194474299804
16.31198 0.3727002592147689
16.31319 0.3731428210153632
16.31439 0.3735853828159575
16.3156 0.37409116773092244
16.31681 0.3745337295315167
16.31802 0.374976291332111
16.31922 0.3754820762470759
16.32043 0.37592463804767023
16.32164 0.3763671998482645
16.32284 0.37687298476322945
16.32405 0.3773155465638237
16.32526 0.377758108364418
16.32646 0.3782006701650123
16.32767 0.37870645507997724
16.32888 0.37914901688057157
16.33008 0.37959157868116583
16.33129 0.3800341404817601
16.3325 0.3804767022823544
16.3337 0.3808560409685781
16.33491 0.38129860276917243
16.33612 0.3817411645697667
16.33732 0.38218372637036097
16.33853 0.3826262881709553
16.33974 0.38306884997154955
16.34094 0.3835114117721439
16.34215 0.3839539735727382
16.34336 0.38433331225896183
16.34457 0.38477587405955616
16.34577 0.3852184358601504
16.34698 0.3855977745463742
16.34819 0.38604033634696844
16.34939 0.38641967503319213
16.3506 0.38686223683378645
16.35181 0.3872415755200101
16.35301 0.3876209142062338
16.35422 0.3880002528924575
16.35543 0.38844281469305175
16.35663 0.3887589302649049
16.35784 0.3891382689511285
16.35905 0.3895176076373522
16.36025 0.3898969463235759
16.36146 0.3902130618954289
16.36267 0.3905924005816527
16.36387 0.39090851615350575
16.36508 0.39122463172535876
16.36629 0.39160397041158246
16.36749 0.39192008598343553
16.3687 0.3922362015552886
16.36991 0.39255231712714167
16.37112 0.39286843269899474
16.37232 0.3931845482708478
16.37353 0.3935006638427009
16.37474 0.39381677941455395
16.37594 0.394132894986407
16.37715 0.3944490105582601
16.37836 0.39482834924448373
16.37956 0.39514446481633686
16.38077 0.3954605803881899
16.38198 0.395776695960043
16.38318 0.396092811531896
16.38439 0.39640892710374914
16.3856 0.3966618195612316
16.3868 0.39697793513308466
16.38801 0.3972940507049377
16.38922 0.3976101662767908
16.39042 0.3979262818486438
16.39163 0.39817917430612626
16.39284 0.3984952898779794
16.39404 0.3988114054498324
16.39525 0.39906429790731485
16.39646 0.399380413479168
16.39767 0.39969652905102104
16.39887 0.40001264462287417
16.40008 0.4002655370803566
16.40129 0.40058165265220963
16.40249 0.40089776822406265
16.4037 0.40121388379591577
16.40491 0.40152999936776884
16.40611 0.40184611493962197
16.40732 0.40222545362584555
16.40853 0.4025415691976987
16.40973 0.40285768476955175
16.41094 0.40323702345577545
16.41215 0.40355313902762846
16.41335 0.4039324777138522
16.41456 0.4042485932857052
16.41577 0.4046279319719289
16.41697 0.404944047543782
16.41818 0.4053233862300057
16.41939 0.4057027249162294
16.4206 0.406082063602453
16.4218 0.40639817917430615
16.42301 0.40677751786052974
16.42422 0.4071568565467535
16.42542 0.4075361952329772
16.42663 0.4079155339192008
16.42784 0.4082948726054245
16.42904 0.4086742112916482
16.43025 0.40905354997787186
16.43146 0.40943288866409555
16.43266 0.40987545046468987
16.43387 0.41025478915091357
16.43508 0.4106341278371372
16.43628 0.41107668963773153
16.43749 0.4114560283239552
16.4387 0.41189859012454955
16.4399 0.41227792881077324
16.44111 0.4127204906113675
16.44232 0.41316305241196183
16.44352 0.41354239109818547
16.44473 0.41398495289877973
16.44594 0.41442751469937406
16.44715 0.4148700764999684
16.44835 0.41531263830056264
16.44956 0.41575520010115696
16.45077 0.41613453878738066
16.45197 0.416577100587975
16.45318 0.4170196623885693
16.45439 0.41746222418916357
16.45559 0.4179047859897579
16.4568 0.4183473477903522
16.45801 0.4187266864765758
16.45921 0.4191692482771701
16.46042 0.4196118100777644
16.46163 0.4200543718783587
16.46283 0.4204337105645824
16.46404 0.4208762723651767
16.46525 0.42131883416577104
16.46645 0.4217613959663653
16.46766 0.4222039577669596
16.46887 0.42264651956755395
16.47007 0.42308908136814816
16.47128 0.42346842005437185
16.47249 0.4239109818549662
16.4737 0.42435354365556044
16.4749 0.42479610545615476
16.47611 0.4252386672567491
16.47732 0.4256180059429728
16.47852 0.42606056774356704
16.47973 0.4264399064297907
16.48094 0.426882468230385
16.48214 0.4272618069166087
16.48335 0.427704368717203
16.48456 0.4280837074034267
16.48576 0.42846304608965036
16.48697 0.42884238477587405
16.48818 0.42922172346209775
16.48938 0.4296010621483214
16.49059 0.4299804008345451
16.4918 0.43035973952076884
16.493 0.4307390782069924
16.49421 0.43111841689321617
16.49542 0.43149775557943987
16.49662 0.4318138711512929
16.49783 0.43219320983751663
16.49904 0.4325725485237402
16.50025 0.43288866409559335
16.50145 0.433268002781817
16.50266 0.4335841183536701
16.50387 0.4339002339255231
16.50507 0.4342795726117468
16.50628 0.4345956881835999
16.50749 0.434911803755453
16.50869 0.43522791932730603
16.5099 0.43554403489915916
16.51111 0.4358601504710122
16.51231 0.43617626604286525
16.51352 0.4364291585003477
16.51473 0.4367452740722008
16.51593 0.43706138964405383
16.51714 0.4373142821015363
16.51835 0.4375671745590187
16.51955 0.43788329013087185
16.52076 0.4381361825883543
16.52197 0.43838907504583674
16.52317 0.4386419675033192
16.52438 0.43889485996080163
16.52559 0.4391477524182841
16.5268 0.43940064487576663
16.528 0.4396535373332491
16.52921 0.4399064297907315
16.53042 0.44009609913384334
16.53162 0.4403489915913258
16.53283 0.44060188404880823
16.53404 0.4407915533919201
16.53524 0.44104444584940256
16.53645 0.4412341151925144
16.53766 0.4414870076499968
16.53886 0.4416766769931087
16.54007 0.44186634633622046
16.54128 0.442119238793703
16.54248 0.4423089081368148
16.54369 0.4424985774799266
16.5449 0.4426882468230385
16.5461 0.44287791616615035
16.54731 0.4430675855092622
16.54852 0.44325725485237405
16.54972 0.4434469241954858
16.55093 0.4436365935385977
16.55214 0.4438262628817095
16.55335 0.4439527091104508
16.55455 0.44414237845356264
16.55576 0.4443320477966744
16.55697 0.4444584940254157
16.55817 0.4446481633685275
16.55938 0.4448378327116394
16.56059 0.4449642789403806
16.56179 0.4451539482834924
16.563 0.4452803945122337
16.56421 0.4454700638553455
16.56541 0.44559651008408674
16.56662 0.4457861794271986
16.56783 0.44591262565593975
16.56903 0.44610229499905163
16.57024 0.4462287412277929
16.57145 0.4463551874565341
16.57265 0.44654485679964595
16.57386 0.4466713030283872
16.57507 0.4467977492571284
16.57627 0.44692419548586965
16.57748 0.44705064171461084
16.57869 0.44724031105772266
16.5799 0.4473667572864639
16.5811 0.4474932035152051
16.58231 0.44761964974394636
16.58352 0.44774609597268755
16.58472 0.44793576531579943
16.58593 0.4480622115445407
16.58714 0.4481886577732819
16.58834 0.4483783271163937
16.58955 0.448504773345135
16.59076 0.44863121957387614
16.59196 0.448820888916988
16.59317 0.4490105582600999
16.59438 0.44913700448884114
16.59558 0.4493266738319529
16.59679 0.44945312006069416
16.598 0.44964278940380603
16.5992 0.4497692356325472
16.60041 0.44995890497565905
16.60162 0.45008535120440035
16.60282 0.4502750205475122
16.60403 0.45040146677625337
16.60524 0.45059113611936524
16.60645 0.45078080546247706
16.60765 0.45097047480558894
16.60886 0.45109692103433013
16.61007 0.45128659037744195
16.61127 0.45147625972055383
16.61248 0.4517291521780363
16.61369 0.45191882152114815
16.61489 0.45210849086425997
16.6161 0.4523613833217424
16.61731 0.4525510526648543
16.61851 0.45280394512233674
16.61972 0.4530568375798192
16.62093 0.45330973003730163
16.62213 0.4535626224947841
16.62334 0.4538155149522665
16.62455 0.45406840740974896
16.62575 0.4543212998672314
16.62696 0.4545741923247139
16.62817 0.454890307896567
16.62938 0.4551432003540494
16.63058 0.45545931592590255
16.63179 0.455712208383385
16.633 0.456028323955238
16.6342 0.45634443952709103
16.63541 0.45666055509894415
16.63662 0.4569766706707972
16.63782 0.45729278624265035
16.63903 0.45760890181450337
16.64024 0.4579250173863564
16.64144 0.4582411329582095
16.64265 0.4585572485300626
16.64386 0.4588733641019157
16.64506 0.4592527027881393
16.64627 0.4595688183599924
16.64748 0.45994815704621606
16.64868 0.4602642726180692
16.64989 0.4606436113042928
16.6511 0.4610229499905165
16.6523 0.4614022886767402
16.65351 0.46178162736296385
16.65472 0.46216096604918755
16.65593 0.46260352784978187
16.65713 0.46298286653600557
16.65834 0.4633622052222292
16.65955 0.46380476702282347
16.66075 0.4641841057090472
16.66196 0.4645634443952709
16.66317 0.46494278308149456
16.66437 0.4653853448820888
16.66558 0.4657646835683126
16.66679 0.46614402225453627
16.66799 0.4665233609407599
16.6692 0.4669026996269836
16.67041 0.4672820383132073
16.67161 0.46766137699943094
16.67282 0.46804071568565464
16.67403 0.4683568312575077
16.67523 0.4687361699437314
16.67644 0.4691155086299551
16.67765 0.4694948473161788
16.67885 0.46987418600240244
16.68006 0.47025352468862613
16.68127 0.4706328633748499
16.68248 0.47101220206107347
16.68368 0.4713283176329266
16.68489 0.47170765631915024
16.6861 0.47208699500537393
16.6873 0.4724663336915977
16.68851 0.4727824492634507
16.68972 0.4730985648353037
16.69092 0.47347790352152747
16.69213 0.4737940190933806
16.69334 0.4741101346652336
16.69454 0.4744262502370866
16.69575 0.47474236580893975
16.69696 0.4749952582664222
16.69816 0.47531137383827526
16.69937 0.4755642662957577
16.70058 0.47581715875324015
16.70178 0.47607005121072266
16.70299 0.4763229436682051
16.7042 0.47657583612568755
16.7054 0.47682872858317
16.70661 0.47701839792628187
16.70782 0.4772712903837643
16.70903 0.47746095972687613
16.71023 0.477650629069988
16.71144 0.47790352152747045
16.71265 0.47809319087058233
16.71385 0.4782828602136941
16.71506 0.4784725295568059
16.71627 0.4785989757855472
16.71747 0.47878864512865904
16.71868 0.4789783144717708
16.71989 0.4791047607005121
16.72109 0.47929443004362393
16.7223 0.4794208762723651
16.72351 0.479610545615477
16.72471 0.47973699184421825
16.72592 0.47992666118733013
16.72713 0.48005310741607127
16.72833 0.4801795536448126
16.72954 0.48024277675918314
16.73075 0.4803692229879244
16.73195 0.4804956692166656
16.73316 0.48055889233103616
16.73437 0.48068533855977746
16.73558 0.48074856167414803
16.73678 0.4808117847885187
16.73799 0.4809382310172599
16.7392 0.4810014541316305
16.7404 0.48106467724600116
16.74161 0.48112790036037173
16.74282 0.48119112347474235
16.74402 0.4812543465891129
16.74523 0.4813807928178542
16.74644 0.4814440159322248
16.74764 0.4815072390465955
16.74885 0.48157046216096605
16.75006 0.48169690838970725
16.75126 0.4817601315040779
16.75247 0.48188657773281907
16.75368 0.48194980084718975
16.75488 0.48207624707593094
16.75609 0.4822026933046722
16.7573 0.4822659164190428
16.7585 0.48239236264778407
16.75971 0.48251880887652526
16.76092 0.48258203199089583
16.76213 0.4827084782196371
16.76333 0.4828349244483783
16.76454 0.48289814756274896
16.76575 0.48302459379149015
16.76695 0.4831510400202314
16.76816 0.4832774862489726
16.76937 0.4833407093633432
16.77057 0.4834671555920844
16.77178 0.48359360182082567
16.77299 0.48372004804956686
16.77419 0.4838464942783081
16.7754 0.48390971739267874
16.77661 0.48403616362142
16.77781 0.4841626098501612
16.77902 0.48428905607890244
16.78023 0.48441550230764363
16.78143 0.4845419485363849
16.78264 0.48466839476512613
16.78385 0.4847948409938673
16.78505 0.4849212872226086
16.78626 0.48504773345134977
16.78747 0.485174179680091
16.78868 0.4853006259088322
16.78988 0.4854902952519441
16.79109 0.48561674148068534
16.7923 0.48574318770942654
16.7935 0.4858696339381678
16.79471 0.485996080166909
16.79592 0.4861857495100208
16.79712 0.4863121957387621
16.79833 0.48643864196750325
16.79954 0.48656508819624456
16.80074 0.4866915344249858
16.80195 0.486817980653727
16.80316 0.48688120376809757
16.80436 0.4870076499968388
16.80557 0.48713409622558
16.80678 0.48726054245432127
16.80798 0.4873237655686919
16.80919 0.48745021179743314
16.8104 0.4875134349118037
16.8116 0.48757665802617434
16.81281 0.487639881140545
16.81402 0.48776632736928616
16.81523 0.48782955048365684
16.81643 0.48789277359802746
16.81764 0.48795599671239803
16.81885 0.4880192198267686
16.82005 0.4880824429411393
16.82126 0.4881456660555099
16.82247 0.4882088891698805
16.82367 0.48827211228425105
16.82488 0.48833533539862173
16.82609 0.48839855851299235
16.82729 0.4884617816273629
16.8285 0.4885250047417336
16.82971 0.4885882278561042
16.83091 0.4886514509704748
16.83212 0.48871467408484537
16.83333 0.48877789719921605
16.83453 0.48890434342795724
16.83574 0.4889675665423279
16.83695 0.4890307896566985
16.83816 0.48909401277106906
16.83936 0.4891572358854397
16.84057 0.4892204589998103
16.84178 0.4893469052285515
16.84298 0.4894101283429222
16.84419 0.48947335145729276
16.8454 0.4895365745716634
16.8466 0.48959979768603396
16.84781 0.48966302080040464
16.84902 0.48978946702914583
16.85022 0.4898526901435164
16.85143 0.4899159132578871
16.85264 0.4900423594866283
16.85384 0.49010558260099896
16.85505 0.4901688057153695
16.85626 0.4902952519441107
16.85746 0.4903584750584814
16.85867 0.49048492128722254
16.85988 0.49061136751596385
16.86108 0.4906745906303344
16.86229 0.49080103685907567
16.8635 0.49092748308781686
16.86471 0.4910539293165581
16.86591 0.4911803755452993
16.86712 0.49130682177404056
16.86833 0.49143326800278175
16.86953 0.49162293734589363
16.87074 0.4917493835746349
16.87195 0.4918758298033761
16.87315 0.4920654991464879
16.87436 0.4921919453752292
16.87557 0.49231839160397034
16.87677 0.4925080609470822
16.87798 0.49263450717582347
16.87919 0.49276095340456466
16.88039 0.49295062274767654
16.8816 0.4930770689764178
16.88281 0.493203515205159
16.88401 0.49332996143390023
16.88522 0.4934564076626414
16.88643 0.4935828538913827
16.88763 0.49370930012012393
16.88884 0.4938357463488651
16.89005 0.4939621925776064
16.89126 0.494025415691977
16.89246 0.49415186192071814
16.89367 0.4942150850350888
16.89488 0.49427830814945944
16.89608 0.4944047543782007
16.89729 0.49446797749257126
16.8985 0.4945312006069419
16.8997 0.49465764683568314
16.90091 0.4947208699500537
16.90212 0.49478409306442434
16.90332 0.494847316178795
16.90453 0.4949105392931656
16.90574 0.49497376240753616
16.90694 0.4950369855219068
16.90815 0.49510020863627746
16.90936 0.4952266548650186
16.91056 0.4952898779793893
16.91177 0.4953531010937599
16.91298 0.4954163242081305
16.91418 0.49547954732250105
16.91539 0.4955427704368717
16.9166 0.49560599355124235
16.91781 0.4957324397799835
16.91901 0.49579566289435417
16.92022 0.4958588860087248
16.92143 0.49592210912309537
16.92263 0.49598533223746605
16.92384 0.4960485553518366
16.92505 0.49611177846620724
16.92625 0.49611177846620724
16.92746 0.4961750015805778
16.92867 0.4962382246949485
16.92987 0.49630144780931906
16.93108 0.4963646709236897
16.93229 0.4964278940380603
16.93349 0.49649111715243094
16.9347 0.49661756338117213
16.93591 0.49668078649554276
16.93711 0.4967440096099134
16.93832 0.49680723272428395
16.93953 0.4969336789530252
16.94073 0.49699690206739583
16.94194 0.4971233482961371
16.94315 0.4972497945248783
16.94436 0.4973762407536195
16.94556 0.4975026869823607
16.94677 0.49762913321110197
16.94798 0.49781880255421385
16.94918 0.497945248782955
16.95039 0.49813491812606686
16.9516 0.49832458746917874
16.9528 0.49851425681229056
16.95401 0.49864070304103175
16.95522 0.4988303723841436
16.95642 0.49902004172725545
16.95763 0.4992729341847379
16.95884 0.49946260352784977
16.96004 0.49965227287096164
16.96125 0.49984194221407346
16.96246 0.5000316115571852
16.96366 0.5002212809002972
16.96487 0.500410950243409
16.96608 0.5005373964721502
16.96728 0.500727065815262
16.96849 0.5009167351583739
16.9697 0.5010431813871151
16.97091 0.5012328507302269
16.97211 0.5013592969589682
16.97332 0.5014857431877094
16.97453 0.5016754125308213
16.97573 0.5018018587595624
16.97694 0.5019283049883038
16.97815 0.5020547512170449
16.97935 0.5022444205601567
16.98056 0.502370866788898
16.98177 0.5024973130176392
16.98297 0.5026237592463805
16.98418 0.5027502054751216
16.98539 0.5028766517038629
16.98659 0.5030030979326042
16.9878 0.5031295441613454
16.98901 0.5031927672757159
16.99021 0.5033192135044572
16.99142 0.5033824366188278
16.99263 0.5035088828475691
16.99383 0.5035721059619397
16.99504 0.5036353290763103
16.99625 0.5036985521906809
16.99746 0.5037617753050515
16.99866 0.5037617753050515
16.99987 0.5038249984194221
17.00108 0.5038249984194221
17.00228 0.5038249984194221
17.00349 0.5038249984194221
17.0047 0.5038249984194221
17.0059 0.5038249984194221
17.00711 0.5037617753050515
17.00832 0.5037617753050515
17.00952 0.5036985521906809
17.01073 0.5036353290763103
17.01194 0.5036353290763103
17.01314 0.5035721059619397
17.01435 0.5035088828475691
17.01556 0.5033824366188278
17.01676 0.5033192135044572
17.01797 0.5032559903900866
17.01918 0.5031927672757159
17.02038 0.5030663210469748
17.02159 0.5030030979326042
17.0228 0.5028766517038629
17.02401 0.5027502054751216
17.02521 0.502686982360751
17.02642 0.5025605361320099
17.02763 0.5024340899032687
17.02883 0.5023076436745274
17.03004 0.5021811974457862
17.03125 0.5020547512170449
17.03245 0.5019283049883038
17.03366 0.5018018587595624
17.03487 0.5016754125308213
17.03607 0.50154896630208
17.03728 0.5014225200733389
17.03849 0.5012328507302269
17.03969 0.5011064045014857
17.0409 0.5009167351583739
17.04211 0.5007902889296326
17.04331 0.5006006195865208
17.04452 0.500410950243409
17.04573 0.5002212809002972
17.04694 0.5000316115571852
17.04814 0.49984194221407346
17.04935 0.49965227287096164
17.05056 0.49946260352784977
17.05176 0.4992729341847379
17.05297 0.49902004172725545
17.05418 0.4988303723841436
17.05538 0.4985774799266612
17.05659 0.49832458746917874
17.0578 0.49813491812606686
17.059 0.4978820256685844
17.06021 0.49762913321110197
17.06142 0.4973762407536195
17.06262 0.4970601251817664
17.06383 0.49680723272428395
17.06504 0.4965543402668015
17.06624 0.4962382246949485
17.06745 0.49592210912309537
17.06866 0.4956692166656129
17.06986 0.4953531010937599
17.07107 0.4950369855219068
17.07228 0.49478409306442434
17.07349 0.49446797749257126
17.07469 0.49415186192071814
17.0759 0.4938357463488651
17.07711 0.4935196307770121
17.07831 0.493203515205159
17.07952 0.4928873996333059
17.08073 0.4925712840614528
17.08193 0.49225516848959977
17.08314 0.49193905291774676
17.08435 0.49162293734589363
17.08555 0.49130682177404056
17.08676 0.49099070620218754
17.08797 0.49061136751596385
17.08917 0.4902952519441107
17.09038 0.4899159132578871
17.09159 0.4895365745716634
17.09279 0.4892204589998103
17.094 0.4888411203135866
17.09521 0.4884617816273629
17.09641 0.4880824429411393
17.09762 0.4877031042549156
17.09883 0.48738698868306257
17.10004 0.4870076499968388
17.10124 0.4866915344249858
17.10245 0.4863121957387621
17.10366 0.485996080166909
17.10486 0.4856799645950559
17.10607 0.4853638490232029
17.10728 0.48504773345134977
17.10848 0.4847948409938673
17.10969 0.4845419485363849
17.1109 0.48428905607890244
17.1121 0.48403616362142
17.11331 0.4838464942783081
17.11452 0.4836568249351963
17.11572 0.48340393247771385
17.11693 0.483214263134602
17.11814 0.48302459379149015
17.11934 0.4828349244483783
17.12055 0.4826452551052665
17.12176 0.48245558576215464
17.12296 0.4822659164190428
17.12417 0.4821394701903015
17.12538 0.48194980084718975
17.12659 0.4818233546184485
17.12779 0.4817601315040779
17.129 0.4816336852753366
17.13021 0.4815072390465955
17.13141 0.4814440159322248
17.13262 0.4813807928178542
17.13383 0.4813807928178542
17.13503 0.4813807928178542
17.13624 0.4813807928178542
17.13745 0.4813807928178542
17.13865 0.4814440159322248
17.13986 0.4815072390465955
17.14107 0.48157046216096605
17.14227 0.48169690838970725
17.14348 0.48188657773281907
17.14469 0.48207624707593094
17.14589 0.4822659164190428
17.1471 0.48251880887652526
17.14831 0.4827717013340077
17.14951 0.48302459379149015
17.15072 0.4832774862489726
17.15193 0.48359360182082567
17.15314 0.48390971739267874
17.15434 0.48422583296453187
17.15555 0.4845419485363849
17.15676 0.4848580641082379
17.15796 0.48523740279446165
17.15917 0.48555351836631466
17.16038 0.48593285705253836
17.16158 0.4862489726243915
17.16279 0.48656508819624456
17.164 0.48688120376809757
17.1652 0.4871973193399507
17.16641 0.4875134349118037
17.16762 0.48782955048365684
17.16882 0.4881456660555099
17.17003 0.4884617816273629
17.17124 0.48877789719921605
17.17244 0.48909401277106906
17.17365 0.48947335145729276
17.17486 0.4898526901435164
17.17606 0.4902952519441107
17.17727 0.4906745906303344
17.17848 0.4910539293165581
17.17969 0.49149649111715243
17.18089 0.4918758298033761
17.1821 0.49225516848959977
17.18331 0.49263450717582347
17.18451 0.4930138458620471
17.18572 0.49332996143390023
17.18693 0.49364607700575325
17.18813 0.4938989694632357
17.18934 0.4942150850350888
17.19055 0.4944047543782007
17.19175 0.49459442372131246
17.19296 0.4947208699500537
17.19417 0.494847316178795
17.19537 0.494847316178795
17.19658 0.494847316178795
17.19779 0.494847316178795
17.19899 0.4947208699500537
17.2002 0.49459442372131246
17.20141 0.4944047543782007
17.20261 0.4942150850350888
17.20382 0.494025415691977
17.20503 0.49377252323449455
17.20624 0.4934564076626414
17.20744 0.49314029209078836
17.20865 0.49282417651893534
17.20986 0.49244483783271165
17.21106 0.4920654991464879
17.21227 0.49162293734589363
17.21348 0.4911803755452993
17.21468 0.490737813744705
17.21589 0.4902320288297401
17.2171 0.4897262439147752
17.2183 0.4892204589998103
17.21951 0.48871467408484537
17.22072 0.4881456660555099
17.22192 0.487639881140545
17.22313 0.48707087311120945
17.22434 0.48643864196750325
17.22554 0.4858696339381678
17.22675 0.48523740279446165
17.22796 0.4845419485363849
17.22916 0.4838464942783081
17.23037 0.4830878169058608
17.23158 0.4822659164190428
17.23279 0.4813807928178542
17.23399 0.48055889233103616
17.2352 0.479610545615477
17.23641 0.47872542201428836
17.23761 0.4777770752987292
17.23882 0.47689195169754056
17.24003 0.4759436049819814
17.24123 0.4750584813807928
17.24244 0.4741101346652336
17.24365 0.473225011064045
17.24485 0.4723398874628564
17.24606 0.47151798697603836
17.24727 0.47069608648922046
17.24847 0.46987418600240244
17.24968 0.4691155086299551
17.25089 0.46842005437187834
17.25209 0.4677878232281722
17.2533 0.4672188151988366
17.25451 0.46664980716950116
17.25571 0.46614402225453627
17.25692 0.46563823733957127
17.25813 0.46519567553897706
17.25934 0.4647531137383828
17.26054 0.4643105519377885
17.26175 0.4639312132515648
17.26296 0.46348865145097046
17.26416 0.46317253587911744
17.26537 0.4627931971928937
17.26658 0.4624770816210407
17.26778 0.4622241891635582
17.26899 0.4619080735917051
17.2702 0.4617184042485933
17.2714 0.46146551179111084
17.27261 0.46127584244799896
17.27382 0.46114939621925777
17.27502 0.4610229499905165
17.27623 0.46095972687614595
17.27744 0.4608965037617753
17.27864 0.46083328064740464
17.27985 0.46083328064740464
17.28106 0.4608965037617753
17.28227 0.46095972687614595
17.28347 0.4610229499905165
17.28468 0.4612126193336284
17.28589 0.4614022886767402
17.28709 0.46165518113422266
17.2883 0.46197129670607573
17.28951 0.4622874122779288
17.29071 0.46266675096415244
17.29192 0.46304608965037614
17.29313 0.46348865145097046
17.29433 0.46399443636593535
17.29554 0.46443699816652967
17.29675 0.46500600619586524
17.29795 0.46551179111083013
17.29916 0.466017576025795
17.30037 0.4665865840551306
17.30157 0.46715559208446605
17.30278 0.4677246001138016
17.30399 0.4682936081431371
17.30519 0.468799393058102
17.3064 0.46936840108743755
17.30761 0.469937409116773
17.30882 0.470443194031738
17.31002 0.4709489789467029
17.31123 0.4714547638616678
17.31244 0.4719605487766327
17.31364 0.4724663336915977
17.31485 0.4729721186065626
17.31606 0.47347790352152747
17.31726 0.47398368843649236
17.31847 0.47455269646582793
17.31968 0.4750584813807928
17.32088 0.47562748941012833
17.32209 0.4761332743250932
17.3233 0.47670228235442874
17.3245 0.4772712903837643
17.32571 0.4777770752987292
17.32692 0.4783460833280648
17.32812 0.47885186824302967
17.32933 0.4794208762723651
17.33054 0.47992666118733013
17.33174 0.480432446102295
17.33295 0.4809382310172599
17.33416 0.4814440159322248
17.33537 0.48194980084718975
17.33657 0.48239236264778407
17.33778 0.48289814756274896
17.33899 0.4833407093633432
17.34019 0.48372004804956686
17.3414 0.4841626098501612
17.34261 0.4845419485363849
17.34381 0.4849212872226086
17.34502 0.4853006259088322
17.34623 0.4856799645950559
17.34743 0.485996080166909
17.34864 0.4863754188531327
17.34985 0.4866915344249858
17.35105 0.4870076499968388
17.35226 0.4873237655686919
17.35347 0.487639881140545
17.35467 0.48795599671239803
17.35588 0.48827211228425105
17.35709 0.4885250047417336
17.35829 0.4888411203135866
17.3595 0.48909401277106906
17.36071 0.4893469052285515
17.36192 0.48959979768603396
17.36312 0.4899159132578871
17.36433 0.49010558260099896
17.36554 0.4903584750584814
17.36674 0.49061136751596385
17.36795 0.4908642599734463
17.36916 0.49111715243092874
17.37036 0.49130682177404056
17.37157 0.491559714231523
17.37278 0.4917493835746349
17.37398 0.4920022760321173
17.37519 0.4921919453752292
17.3764 0.492381614718341
17.3776 0.4925712840614528
17.37881 0.49276095340456466
17.38002 0.49295062274767654
17.38122 0.49314029209078836
17.38243 0.49326673831952966
17.38364 0.4934564076626414
17.38484 0.4935828538913827
17.38605 0.49377252323449455
17.38726 0.4938989694632357
17.38847 0.494025415691977
17.38967 0.49415186192071814
17.39088 0.49427830814945944
17.39209 0.4944047543782007
17.39329 0.4945312006069419
17.3945 0.49465764683568314
17.39571 0.4947208699500537
17.39691 0.49478409306442434
17.39812 0.4949105392931656
17.39933 0.49497376240753616
17.40053 0.4950369855219068
17.40174 0.49510020863627746
17.40295 0.49516343175064803
17.40415 0.4952266548650186
17.40536 0.4952266548650186
17.40657 0.4952898779793893
17.40777 0.4952898779793893
17.40898 0.4953531010937599
17.41019 0.4953531010937599
17.41139 0.4953531010937599
17.4126 0.4953531010937599
17.41381 0.4953531010937599
17.41502 0.4953531010937599
17.41622 0.4952898779793893
17.41743 0.4952898779793893
17.41864 0.4952266548650186
17.41984 0.4952266548650186
17.42105 0.49516343175064803
17.42226 0.49510020863627746
17.42346 0.4950369855219068
17.42467 0.49497376240753616
17.42588 0.4949105392931656
17.42708 0.494847316178795
17.42829 0.49478409306442434
17.4295 0.49465764683568314
17.4307 0.49459442372131246
17.43191 0.49446797749257126
17.43312 0.49434153126383
17.43432 0.4942150850350888
17.43553 0.494025415691977
17.43674 0.4938989694632357
17.43794 0.49370930012012393
17.43915 0.4935196307770121
17.44036 0.4933931845482708
17.44157 0.493203515205159
17.44277 0.4930138458620471
17.44398 0.49282417651893534
17.44519 0.49263450717582347
17.44639 0.49244483783271165
17.4476 0.49225516848959977
17.44881 0.4920654991464879
17.45001 0.4918758298033761
17.45122 0.4917493835746349
17.45243 0.491559714231523
17.45363 0.4913700448884112
17.45484 0.49124359865967
17.45605 0.4910539293165581
17.45725 0.49092748308781686
17.45846 0.49080103685907567
17.45967 0.49061136751596385
17.46087 0.49048492128722254
17.46208 0.4902952519441107
17.46329 0.4901688057153695
17.46449 0.48997913637225765
17.4657 0.4898526901435164
17.46691 0.48966302080040464
17.46812 0.4895365745716634
17.46932 0.4893469052285515
17.47053 0.4892204589998103
17.47174 0.4890307896566985
17.47294 0.48890434342795724
17.47415 0.48877789719921605
17.47536 0.4886514509704748
17.47656 0.4885250047417336
17.47777 0.48839855851299235
17.47898 0.48827211228425105
17.48018 0.4882088891698805
17.48139 0.4880824429411393
17.4826 0.4880192198267686
17.4838 0.48795599671239803
17.48501 0.48789277359802746
17.48622 0.48789277359802746
17.48742 0.48782955048365684
17.48863 0.48782955048365684
17.48984 0.48782955048365684
17.49105 0.48782955048365684
17.49225 0.48782955048365684
17.49346 0.48789277359802746
17.49467 0.48795599671239803
17.49587 0.48795599671239803
17.49708 0.4880192198267686
17.49829 0.4880824429411393
17.49949 0.4881456660555099
17.5007 0.48827211228425105
17.50191 0.48833533539862173
17.50311 0.4884617816273629
17.50432 0.4885250047417336
17.50553 0.4886514509704748
17.50673 0.48877789719921605
17.50794 0.4888411203135866
17.50915 0.4889675665423279
17.51035 0.48909401277106906
17.51156 0.48928368211418094
17.51277 0.4894101283429222
17.51397 0.4895365745716634
17.51518 0.48966302080040464
17.51639 0.48978946702914583
17.5176 0.48997913637225765
17.5188 0.49010558260099896
17.52001 0.4902952519441107
17.52122 0.49048492128722254
17.52242 0.4906745906303344
17.52363 0.4908642599734463
17.52484 0.49111715243092874
17.52604 0.49130682177404056
17.52725 0.49149649111715243
17.52846 0.4917493835746349
17.52966 0.49193905291774676
17.53087 0.4921919453752292
17.53208 0.49244483783271165
17.53328 0.49263450717582347
17.53449 0.4928873996333059
17.5357 0.49314029209078836
17.5369 0.4933931845482708
17.53811 0.4935828538913827
17.53932 0.4938357463488651
17.54052 0.49408863880634757
17.54173 0.49427830814945944
17.54294 0.4945312006069419
17.54415 0.4947208699500537
17.54535 0.49497376240753616
17.54656 0.49516343175064803
17.54777 0.4953531010937599
17.54897 0.49560599355124235
17.55018 0.49579566289435417
17.55139 0.49598533223746605
17.55259 0.4962382246949485
17.5538 0.4964278940380603
17.55501 0.49661756338117213
17.55621 0.49680723272428395
17.55742 0.4970601251817664
17.55863 0.4972497945248783
17.55983 0.4974394638679901
17.56104 0.49762913321110197
17.56225 0.4978820256685844
17.56345 0.4980716950116963
17.56466 0.4982613643548081
17.56587 0.4984510336979199
17.56707 0.49864070304103175
17.56828 0.4988935954985142
17.56949 0.4990832648416261
17.5707 0.4992729341847379
17.5719 0.49946260352784977
17.57311 0.49965227287096164
17.57432 0.49984194221407346
17.57552 0.5000316115571852
17.57673 0.5002212809002972
17.57794 0.500410950243409
17.57914 0.5006006195865208
17.58035 0.5007902889296326
17.58156 0.5009799582727446
17.58276 0.5011696276158563
17.58397 0.5013592969589682
17.58518 0.50154896630208
17.58638 0.5017386356451918
17.58759 0.5019283049883038
17.5888 0.5020547512170449
17.59 0.5022444205601567
17.59121 0.5024340899032687
17.59242 0.5026237592463805
17.59362 0.5028134285894923
17.59483 0.5029398748182335
17.59604 0.5031295441613454
17.59725 0.5033192135044572
17.59845 0.5035088828475691
17.59966 0.5036353290763103
17.60087 0.5038249984194221
17.60207 0.5039514446481633
17.60328 0.5041411139912753
17.60449 0.504330783334387
17.60569 0.5044572295631282
17.6069 0.5046468989062401
17.60811 0.5047733451349813
17.60931 0.5049630144780931
17.61052 0.505152683821205
17.61173 0.5052791300499463
17.61293 0.505468799393058
17.61414 0.5055952456217994
17.61535 0.5057849149649112
17.61655 0.5059113611936523
17.61776 0.5061010305367643
17.61897 0.5062274767655055
17.62017 0.5064171461086173
17.62138 0.5065435923373585
17.62259 0.5066700385660998
17.6238 0.5068597079092116
17.625 0.5069861541379528
17.62621 0.507112600366694
17.62742 0.5072390465954353
17.62862 0.5073654928241765
17.62983 0.5075551621672884
17.63104 0.5076183852816589
17.63224 0.5077448315104002
17.63345 0.5078712777391414
17.63466 0.5079977239678827
17.63586 0.5080609470822532
17.63707 0.5081873933109945
17.63828 0.5082506164253651
17.63948 0.5083770626541063
17.64069 0.508440285768477
17.6419 0.5085035088828476
17.6431 0.5085667319972181
17.64431 0.5086299551115887
17.64552 0.5086931782259594
17.64672 0.50875640134033
17.64793 0.5088196244547006
17.64914 0.5088828475690713
17.65035 0.5089460706834419
17.65155 0.5089460706834419
17.65276 0.5090092937978125
17.65397 0.509072516912183
17.65517 0.509072516912183
17.65638 0.5091357400265537
17.65759 0.5091989631409243
17.65879 0.5091989631409243
17.66 0.5092621862552948
17.66121 0.5092621862552948
17.66241 0.5093254093696655
17.66362 0.5093886324840362
17.66483 0.5093886324840362
17.66603 0.5094518555984068
17.66724 0.5095150787127773
17.66845 0.5095150787127773
17.66965 0.509578301827148
17.67086 0.509578301827148
17.67207 0.5096415249415186
17.67327 0.5096415249415186
17.67448 0.5096415249415186
17.67569 0.5096415249415186
17.6769 0.5097047480558892
17.6781 0.5097047480558892
17.67931 0.5097047480558892
17.68052 0.5097047480558892
17.68172 0.5097679711702597
17.68293 0.5097679711702597
17.68414 0.5097679711702597
17.68534 0.5098311942846304
17.68655 0.5098311942846304
17.68776 0.5098944173990011
17.68896 0.5099576405133717
17.69017 0.5099576405133717
17.69138 0.5100208636277423
17.69258 0.5100840867421129
17.69379 0.5101473098564835
17.695 0.5102737560852247
17.6962 0.5103369791995953
17.69741 0.510400202313966
17.69862 0.5105266485427072
17.69983 0.5105898716570778
17.70103 0.5107163178858191
17.70224 0.5108427641145602
17.70345 0.5109692103433016
17.70465 0.5110956565720427
17.70586 0.511222102800784
17.70707 0.5113485490295251
17.70827 0.5114749952582665
17.70948 0.5116014414870077
17.71069 0.5117278877157488
17.71189 0.5118543339444901
17.7131 0.512044003287602
17.71431 0.5121704495163432
17.71551 0.5122968957450844
17.71672 0.5124865650881962
17.71793 0.512676234431308
17.71913 0.5128026806600493
17.72034 0.5129923500031611
17.72155 0.5131187962319024
17.72275 0.5133084655750142
17.72396 0.513498134918126
17.72517 0.513687804261238
17.72638 0.5138774736043498
17.72758 0.5140671429474616
17.72879 0.5142568122905734
17.73 0.5144464816336852
17.7312 0.514636150976797
17.73241 0.5148890434342795
17.73362 0.5150787127773914
17.73482 0.5153316052348739
17.73603 0.5155844976923563
17.73724 0.5157741670354682
17.73844 0.5160270594929506
17.73965 0.5162799519504331
17.74086 0.5164696212935449
17.74206 0.5167225137510273
17.74327 0.5169754062085098
17.74448 0.5172282986659922
17.74568 0.5174811911234748
17.74689 0.5177340835809572
17.7481 0.5179237529240691
17.7493 0.5181766453815515
17.75051 0.518429537839034
17.75172 0.5186192071821458
17.75293 0.5188720996396282
17.75413 0.5190617689827401
17.75534 0.5193146614402225
17.75655 0.5195043307833345
17.75775 0.5197572232408169
17.75896 0.5199468925839287
17.76017 0.5201365619270405
17.76137 0.5203894543845229
17.76258 0.5205791237276348
17.76379 0.5207687930707466
17.76499 0.5210216855282291
17.7662 0.521211354871341
17.76741 0.5214642473288233
17.76861 0.5216539166719353
17.76982 0.5218435860150471
17.77103 0.5220964784725295
17.77223 0.5222861478156414
17.77344 0.5224758171587532
17.77465 0.5226654865018651
17.77585 0.5228551558449769
17.77706 0.5230448251880887
17.77827 0.5232344945312006
17.77948 0.5234241638743125
17.78068 0.5235506101030536
17.78189 0.5237402794461655
17.7831 0.5239299487892773
17.7843 0.5240563950180186
17.78551 0.5241828412467597
17.78672 0.5243092874755011
17.78792 0.5244989568186129
17.78913 0.524625403047354
17.79034 0.5246886261617246
17.79154 0.524815072390466
17.79275 0.5249415186192072
17.79396 0.5250679648479484
17.79516 0.525131187962319
17.79637 0.5252576341910602
17.79758 0.5253208573054309
17.79878 0.5254473035341721
17.79999 0.5255105266485427
17.8012 0.5255737497629133
17.8024 0.525636972877284
17.80361 0.5257001959916545
17.80482 0.5257634191060251
17.80603 0.5258266422203958
17.80723 0.5258898653347664
17.80844 0.525953088449137
17.80965 0.5260163115635076
17.81085 0.5260163115635076
17.81206 0.5260795346778783
17.81327 0.5261427577922488
17.81447 0.5261427577922488
17.81568 0.5262059809066194
17.81689 0.5262059809066194
17.81809 0.5262059809066194
17.8193 0.52626920402099
17.82051 0.52626920402099
17.82171 0.52626920402099
17.82292 0.52626920402099
17.82413 0.52626920402099
17.82533 0.5262059809066194
17.82654 0.5262059809066194
17.82775 0.5262059809066194
17.82895 0.5261427577922488
17.83016 0.5261427577922488
17.83137 0.5260795346778783
17.83258 0.5260163115635076
17.83378 0.5260163115635076
17.83499 0.525953088449137
17.8362 0.525953088449137
17.8374 0.5258898653347664
17.83861 0.5258266422203958
17.83982 0.5258266422203958
17.84102 0.5257634191060251
17.84223 0.5257001959916545
17.84344 0.5257001959916545
17.84464 0.525636972877284
17.84585 0.525636972877284
17.84706 0.5255737497629133
17.84826 0.5255737497629133
17.84947 0.5255105266485427
17.85068 0.5255105266485427
17.85188 0.5254473035341721
17.85309 0.5254473035341721
17.8543 0.5253840804198014
17.8555 0.5253840804198014
17.85671 0.5253208573054309
17.85792 0.5252576341910602
17.85913 0.5252576341910602
17.86033 0.5251944110766896
17.86154 0.525131187962319
17.86275 0.525131187962319
17.86395 0.5250679648479484
17.86516 0.5250679648479484
17.86637 0.5250047417335778
17.86757 0.5250047417335778
17.86878 0.5249415186192072
17.86999 0.5249415186192072
17.87119 0.5249415186192072
17.8724 0.5248782955048366
17.87361 0.5248782955048366
17.87481 0.5248782955048366
17.87602 0.5248782955048366
17.87723 0.5249415186192072
17.87843 0.5249415186192072
17.87964 0.5249415186192072
17.88085 0.5250047417335778
17.88205 0.5250047417335778
17.88326 0.5250047417335778
17.88447 0.5250679648479484
17.88568 0.5250679648479484
17.88688 0.5250679648479484
17.88809 0.525131187962319
17.8893 0.525131187962319
17.8905 0.5251944110766896
17.89171 0.5252576341910602
17.89292 0.5252576341910602
17.89412 0.5253208573054309
17.89533 0.5253840804198014
17.89654 0.5254473035341721
17.89774 0.5255105266485427
17.89895 0.525636972877284
17.90016 0.5257001959916545
17.90136 0.5258266422203958
17.90257 0.5258898653347664
17.90378 0.5260163115635076
17.90498 0.5261427577922488
17.90619 0.52626920402099
17.9074 0.5264588733641019
17.90861 0.5265853195928432
17.90981 0.526774988935955
17.91102 0.5269646582790668
17.91223 0.5271543276221786
17.91343 0.5273439969652904
17.91464 0.5275968894227729
17.91585 0.5277865587658848
17.91705 0.5280394512233673
17.91826 0.5282923436808497
17.91947 0.5284820130239616
17.92067 0.528734905481444
17.92188 0.529051021053297
17.92309 0.5293039135107795
17.92429 0.5295568059682619
17.9255 0.529872921540115
17.92671 0.5301890371119682
17.92791 0.5304419295694506
17.92912 0.5307580451413036
17.93033 0.5310741607131567
17.93153 0.5314534993993804
17.93274 0.5317696149712335
17.93395 0.5321489536574571
17.93516 0.5324650692293103
17.93636 0.5328444079155339
17.93757 0.5332237466017575
17.93878 0.5336030852879813
17.93998 0.5340456470885756
17.94119 0.5344249857747992
17.9424 0.5348675475753936
17.9436 0.5353101093759878
17.94481 0.5357526711765821
17.94602 0.5362584560915471
17.94722 0.536764241006512
17.94843 0.5372700259214769
17.94964 0.5377758108364418
17.95084 0.5382815957514067
17.95205 0.5388506037807422
17.95326 0.5393563886957071
17.95446 0.5399253967250427
17.95567 0.5404944047543782
17.95688 0.5410634127837137
17.95808 0.5416324208130492
17.95929 0.5422014288423848
17.9605 0.5427704368717202
17.96171 0.5433394449010558
17.96291 0.5438452298160207
17.96412 0.5444142378453563
17.96533 0.5449832458746917
17.96653 0.5455522539040273
17.96774 0.5461212619333629
17.96895 0.5466270468483277
17.97015 0.5471328317632926
17.97136 0.5477018397926282
17.97257 0.5482076247075931
17.97377 0.548713409622558
17.97498 0.5492191945375229
17.97619 0.5497249794524878
17.97739 0.5502939874818233
17.9786 0.5507997723967882
17.97981 0.5513055573117531
17.98101 0.5518745653410887
17.98222 0.5523803502560536
17.98343 0.5528861351710185
17.98463 0.553455143200354
17.98584 0.5539609281153189
17.98705 0.5544667130302838
17.98826 0.5549724979452487
17.98946 0.5554782828602136
17.99067 0.5559840677751786
17.99188 0.5564898526901435
17.99308 0.5569956376051084
17.99429 0.5574381994057027
17.9955 0.557880761206297
17.9967 0.5583865461212619
17.99791 0.5587658848074856
17.99912 0.5592084466080799
18.00032 0.5596510084086742
18.00153 0.560030347094898
18.00274 0.5604096857811215
18.00394 0.5607890244673452
18.00515 0.5611051400391983
18.00636 0.561484478725422
18.00756 0.561800594297275
18.00877 0.5621167098691282
18.00998 0.5623696023266106
18.01118 0.5626857178984637
18.01239 0.5629386103559461
18.0136 0.5632547259277992
18.01481 0.5635076183852816
18.01601 0.5637605108427641
18.01722 0.5640134033002465
18.01843 0.564266295757729
18.01963 0.5644559651008408
18.02084 0.5647088575583232
18.02205 0.5648985269014352
18.02325 0.5651514193589176
18.02446 0.5653410887020295
18.02567 0.5655307580451413
18.02687 0.5657204273882531
18.02808 0.565910096731365
18.02929 0.5661629891888474
18.03049 0.5663526585319593
18.0317 0.5665423278750711
18.03291 0.5667319972181829
18.03411 0.5669216665612948
18.03532 0.5671113359044067
18.03653 0.5673010052475185
18.03773 0.5674906745906304
18.03894 0.5676171208193715
18.04015 0.5678067901624834
18.04136 0.5679332363912246
18.04256 0.5681229057343364
18.04377 0.5682493519630777
18.04498 0.5683757981918188
18.04618 0.5685022444205602
18.04739 0.5686286906493014
18.0486 0.5687551368780426
18.0498 0.5688815831067838
18.05101 0.5690080293355251
18.05222 0.5691344755642663
18.05342 0.5692609217930075
18.05463 0.5693873680217487
18.05584 0.56951381425049
18.05704 0.5696402604792312
18.05825 0.569829929822343
18.05946 0.5699563760510842
18.06066 0.5700828222798255
18.06187 0.5702092685085668
18.06308 0.5703989378516785
18.06428 0.5705253840804198
18.06549 0.5707150534235317
18.0667 0.5708414996522728
18.06791 0.5710311689953846
18.06911 0.5712208383384966
18.07032 0.5713472845672378
18.07153 0.5715369539103495
18.07273 0.5717266232534615
18.07394 0.5719162925965733
18.07515 0.5720427388253145
18.07635 0.5722324081684264
18.07756 0.5724220775115382
18.07877 0.57261174685465
18.07997 0.5728014161977619
18.08118 0.5729910855408737
18.08239 0.5731807548839856
18.08359 0.5733704242270975
18.0848 0.5735600935702092
18.08601 0.573749762913321
18.08721 0.573939432256433
18.08842 0.5741291015995448
18.08963 0.5743187709426566
18.09083 0.5745716634001391
18.09204 0.5747613327432509
18.09325 0.5749510020863627
18.09446 0.5752038945438452
18.09566 0.5753935638869571
18.09687 0.5755832332300689
18.09808 0.5758361256875513
18.09928 0.5760257950306632
18.10049 0.5762786874881456
18.1017 0.5764683568312575
18.1029 0.5767212492887399
18.10411 0.5769109186318517
18.10532 0.5771005879749637
18.10652 0.577353480432446
18.10773 0.577543149775558
18.10894 0.5777960422330404
18.11014 0.5780489346905229
18.11135 0.5782386040336347
18.11256 0.5784914964911171
18.11376 0.5787443889485996
18.11497 0.5789340582917114
18.11618 0.5791869507491939
18.11739 0.5794398432066763
18.11859 0.5796927356641588
18.1198 0.5799456281216413
18.12101 0.5801985205791237
18.12221 0.5805146361509768
18.12342 0.5807675286084593
18.12463 0.5810836441803123
18.12583 0.5813365366377948
18.12704 0.5816526522096478
18.12825 0.581968767781501
18.12945 0.5822848833533539
18.13066 0.582600998925207
18.13187 0.5829171144970602
18.13307 0.5832332300689131
18.13428 0.5835493456407662
18.13549 0.5838654612126193
18.13669 0.5841815767844724
18.1379 0.5844976923563254
18.13911 0.5848770310425491
18.14031 0.5851931466144022
18.14152 0.5855724853006259
18.14273 0.585888600872479
18.14394 0.5862679395587027
18.14514 0.5866472782449264
18.14635 0.58702661693115
18.14756 0.5874059556173737
18.14876 0.5877852943035974
18.14997 0.588164632989821
18.15118 0.5886071947904153
18.15238 0.5889865334766391
18.15359 0.5894290952772333
18.1548 0.5898716570778276
18.156 0.590314218878422
18.15721 0.5907567806790162
18.15842 0.5911993424796105
18.15962 0.5916419042802048
18.16083 0.5921476891951697
18.16204 0.5926534741101347
18.16324 0.5931592590250996
18.16445 0.5936650439400645
18.16566 0.5942340519694
18.16686 0.5948030599987355
18.16807 0.5953088449137004
18.16928 0.5959410760574065
18.17049 0.5965100840867421
18.17169 0.5970790921160776
18.1729 0.5977113232597837
18.17411 0.5982803312891193
18.17531 0.5989125624328254
18.17652 0.5995447935765316
18.17773 0.6001770247202377
18.17893 0.6007460327495732
18.18014 0.6013782638932793
18.18135 0.6020104950369854
18.18255 0.6026427261806917
18.18376 0.6032749573243978
18.18497 0.6039071884681039
18.18617 0.60453941961181
18.18738 0.6051084276411456
18.18859 0.6057406587848517
18.18979 0.6063728899285579
18.191 0.6069418979578934
18.19221 0.6075109059872289
18.19341 0.608143137130935
18.19462 0.6087121451602706
18.19583 0.6093443763039766
18.19704 0.6099133843333122
18.19824 0.6105456154770184
18.19945 0.6111778466207246
18.20066 0.6118100777644306
18.20186 0.6124423089081368
18.20307 0.6130745400518429
18.20428 0.6137067711955491
18.20548 0.6143390023392552
18.20669 0.6149080103685908
18.2079 0.6155402415122969
18.2091 0.6161724726560031
18.21031 0.6167414806853385
18.21152 0.6173737118290447
18.21272 0.6179427198583801
18.21393 0.6185117278877157
18.21514 0.6190807359170513
18.21634 0.6196497439463868
18.21755 0.6202187519757223
18.21876 0.6207245368906872
18.21996 0.6212303218056521
18.22117 0.621736106720617
18.22238 0.6221786685212113
18.22359 0.6226844534361762
18.22479 0.6231270152367705
18.226 0.6235063539229942
18.22721 0.6238856926092179
18.22841 0.6242650312954415
18.22962 0.6246443699816653
18.23083 0.625023708667889
18.23203 0.625339824239742
18.23324 0.6256559398115952
18.23445 0.6259720553834481
18.23565 0.6262881709553012
18.23686 0.6266042865271544
18.23807 0.6268571789846368
18.23927 0.6271100714421193
18.24048 0.6273629638996017
18.24169 0.6276158563570841
18.24289 0.6278687488145666
18.2441 0.628121641272049
18.24531 0.6283745337295316
18.24651 0.628627426187014
18.24772 0.6288170955301259
18.24893 0.6290699879876083
18.25014 0.6292596573307201
18.25134 0.6295125497882026
18.25255 0.6297022191313143
18.25376 0.6299551115887969
18.25496 0.6302080040462793
18.25617 0.6303976733893911
18.25738 0.6306505658468736
18.25858 0.6308402351899854
18.25979 0.6310299045330973
18.261 0.6312195738762091
18.2622 0.631409243219321
18.26341 0.6315356894480623
18.26462 0.631725358791174
18.26582 0.6318518050199152
18.26703 0.6319782512486565
18.26824 0.6321679205917683
18.26944 0.6322943668205095
18.27065 0.6324208130492508
18.27186 0.632547259277992
18.27306 0.6326737055067333
18.27427 0.6328001517354744
18.27548 0.6329898210785864
18.27669 0.6331162673073276
18.27789 0.6332427135360688
18.2791 0.6334323828791806
18.28031 0.6335588291079218
18.28151 0.6337484984510336
18.28272 0.6339381677941455
18.28393 0.6341278371372574
18.28513 0.6343807295947398
18.28634 0.6345703989378516
18.28755 0.6348232913953341
18.28875 0.6350761838528165
18.28996 0.635329076310299
18.29117 0.6356451918821521
18.29237 0.6359613074540051
18.29358 0.6362774230258582
18.29479 0.6365303154833407
18.29599 0.6369096541695644
18.2972 0.6372257697414174
18.29841 0.6375418853132705
18.29961 0.6379212239994942
18.30082 0.6382373395713472
18.30203 0.638616678257571
18.30324 0.6389960169437946
18.30444 0.6393753556300183
18.30565 0.639754694316242
18.30686 0.6401340330024657
18.30806 0.6405133716886894
18.30927 0.640892710374913
18.31048 0.6412720490611368
18.31168 0.6417146108617311
18.31289 0.6420939495479547
18.3141 0.6424732882341784
18.3153 0.6428526269204021
18.31651 0.6432951887209963
18.31772 0.6436745274072201
18.31892 0.6440538660934437
18.32013 0.6444332047796675
18.32134 0.6448757665802617
18.32254 0.6452551052664854
18.32375 0.6456344439527091
18.32496 0.6460770057533034
18.32617 0.6465195675538977
18.32737 0.6468989062401214
18.32858 0.6473414680407157
18.32979 0.6477840298413099
18.33099 0.6482265916419042
18.3322 0.6486691534424985
18.33341 0.6491117152430929
18.33461 0.6495542770436872
18.33582 0.6499968388442814
18.33703 0.6504394006448757
18.33823 0.65088196244547
18.33944 0.6513245242460644
18.34065 0.6517670860466587
18.34185 0.652209647847253
18.34306 0.6526522096478472
18.34427 0.6530947714484415
18.34547 0.6534741101346652
18.34668 0.6539166719352595
18.34789 0.6542960106214832
18.34909 0.6547385724220774
18.3503 0.6551179111083012
18.35151 0.6554972497945248
18.35272 0.6558765884807485
18.35392 0.6562559271669722
18.35513 0.6566352658531959
18.35634 0.6569513814250489
18.35754 0.6573307201112727
18.35875 0.6577100587974963
18.35996 0.6580261743693494
18.36116 0.6583422899412025
18.36237 0.6587216286274262
18.36358 0.6590377441992792
18.36478 0.6593538597711323
18.36599 0.6596699753429854
18.3672 0.6599860909148384
18.3684 0.6603022064866916
18.36961 0.6606183220585445
18.37082 0.6609344376303976
18.37202 0.6612505532022508
18.37323 0.6615034456597332
18.37444 0.6618195612315863
18.37564 0.6621356768034393
18.37685 0.6623885692609218
18.37806 0.6627046848327748
18.37927 0.6629575772902573
18.38047 0.6632104697477397
18.38168 0.6635265853195929
18.38289 0.6637794777770752
18.38409 0.6640323702345577
18.3853 0.6642852626920401
18.38651 0.6645381551495226
18.38771 0.664791047607005
18.38892 0.6650439400644876
18.39013 0.66529683252197
18.39133 0.6655497249794525
18.39254 0.6658026174369349
18.39375 0.6660555098944174
18.39495 0.6663084023518998
18.39616 0.6665612948093823
18.39737 0.6667509641524941
18.39857 0.6670038566099765
18.39978 0.667256749067459
18.40099 0.6674464184105708
18.40219 0.6676993108680533
18.4034 0.6678889802111652
18.40461 0.668078649554277
18.40582 0.6682683188973889
18.40702 0.6684579882405007
18.40823 0.6686476575836126
18.40944 0.6688373269267244
18.41064 0.6690269962698362
18.41185 0.6691534424985774
18.41306 0.6693431118416894
18.41426 0.6694695580704305
18.41547 0.6695960042991718
18.41668 0.669722450527913
18.41788 0.6698488967566543
18.41909 0.6699121198710248
18.4203 0.6700385660997661
18.4215 0.6701017892141367
18.42271 0.6702282354428779
18.42392 0.6702914585572485
18.42512 0.6703546816716192
18.42633 0.6704179047859897
18.42754 0.6704179047859897
18.42874 0.6704811279003604
18.42995 0.6704811279003604
18.43116 0.670544351014731
18.43237 0.670544351014731
18.43357 0.670544351014731
18.43478 0.670544351014731
18.43599 0.670544351014731
18.43719 0.670544351014731
18.4384 0.670544351014731
18.43961 0.670544351014731
18.44081 0.6704811279003604
18.44202 0.6704179047859897
18.44323 0.6704179047859897
18.44443 0.6703546816716192
18.44564 0.6702914585572485
18.44685 0.6702282354428779
18.44805 0.6701650123285072
18.44926 0.6701017892141367
18.45047 0.6699753429853954
18.45167 0.6699121198710248
18.45288 0.6697856736422836
18.45409 0.669722450527913
18.45529 0.6695327811848011
18.4565 0.66940633495606
18.45771 0.6692798887273187
18.45892 0.6690902193842068
18.46012 0.668900550041095
18.46133 0.6687108806979832
18.46254 0.6685212113548713
18.46374 0.6683315420117595
18.46495 0.668078649554277
18.46616 0.6678889802111652
18.46736 0.6676993108680533
18.46857 0.6674464184105708
18.46978 0.667256749067459
18.47098 0.6670038566099765
18.47219 0.6668141872668647
18.4734 0.6665612948093823
18.4746 0.6663716254662704
18.47581 0.6661819561231587
18.47702 0.6659922867800467
18.47822 0.6658026174369349
18.47943 0.6656129480938231
18.48064 0.6654232787507112
18.48184 0.66529683252197
18.48305 0.6651703862932288
18.48426 0.6650439400644876
18.48547 0.6649174938357463
18.48667 0.664791047607005
18.48788 0.6646646013782639
18.48909 0.6645381551495226
18.49029 0.6644117089207814
18.4915 0.6642852626920401
18.49271 0.664158816463299
18.49391 0.6640323702345577
18.49512 0.6639691471201872
18.49633 0.6638427008914458
18.49753 0.6637162546627047
18.49874 0.663653031548334
18.49995 0.6635265853195929
18.50115 0.6634633622052223
18.50236 0.6634001390908516
18.50357 0.6633369159764809
18.50477 0.6632736928621104
18.50598 0.6632104697477397
18.50719 0.6631472466333691
18.50839 0.6631472466333691
18.5096 0.6630840235189985
18.51081 0.6630840235189985
18.51202 0.6630840235189985
18.51322 0.6630840235189985
18.51443 0.6630840235189985
18.51564 0.6631472466333691
18.51684 0.6632104697477397
18.51805 0.6632736928621104
18.51926 0.6633369159764809
18.52046 0.6634001390908516
18.52167 0.6635265853195929
18.52288 0.663653031548334
18.52408 0.6637794777770752
18.52529 0.6639059240058165
18.5265 0.6640323702345577
18.5277 0.6642220395776696
18.52891 0.6643484858064108
18.53012 0.6645381551495226
18.53132 0.6647278244926345
18.53253 0.6649174938357463
18.53374 0.6651071631788582
18.53494 0.6653600556363406
18.53615 0.6655497249794525
18.53736 0.6657393943225643
18.53857 0.6659922867800467
18.53977 0.6661819561231587
18.54098 0.6664348485806411
18.54219 0.6666877410381236
18.54339 0.6668774103812354
18.5446 0.6671303028387179
18.54581 0.6673199721818297
18.54701 0.6675728646393121
18.54822 0.667762533982424
18.54943 0.6680154264399064
18.55063 0.6682050957830183
18.55184 0.6684579882405007
18.55305 0.6686476575836126
18.55425 0.668900550041095
18.55546 0.6691534424985774
18.55667 0.66940633495606
18.55787 0.6696592274135423
18.55908 0.6699121198710248
18.56029 0.6701650123285072
18.5615 0.6704811279003604
18.5627 0.6707340203578428
18.56391 0.6709869128153253
18.56512 0.6712398052728077
18.56632 0.6715559208446608
18.56753 0.6718088133021431
18.56874 0.6720617057596258
18.56994 0.6723778213314787
18.57115 0.6726307137889612
18.57236 0.6728836062464436
18.57356 0.6731364987039261
18.57477 0.6733893911614085
18.57598 0.6736422836188911
18.57718 0.6738951760763735
18.57839 0.6740848454194854
18.5796 0.6743377378769678
18.5808 0.6745274072200796
18.58201 0.6747802996775621
18.58322 0.6749699690206739
18.58442 0.6751596383637858
18.58563 0.6753493077068976
18.58684 0.6754757539356389
18.58805 0.6756654232787507
18.58925 0.6758550926218625
18.59046 0.6760447619649743
18.59167 0.6761712081937156
18.59287 0.6763608775368275
18.59408 0.6765505468799392
18.59529 0.6766769931086805
18.59649 0.6768034393374218
18.5977 0.6769931086805335
18.59891 0.6771195549092748
18.60011 0.677246001138016
18.60132 0.6773724473667573
18.60253 0.6774988935954985
18.60373 0.6776253398242397
18.60494 0.6777517860529809
18.60615 0.6778150091673516
18.60735 0.6779414553960929
18.60856 0.6780046785104634
18.60977 0.678067901624834
18.61097 0.6781943478535752
18.61218 0.6781943478535752
18.61339 0.6782575709679458
18.6146 0.6783207940823165
18.6158 0.6783207940823165
18.61701 0.6783840171966872
18.61822 0.6783840171966872
18.61942 0.6783840171966872
18.62063 0.6783840171966872
18.62184 0.6783207940823165
18.62304 0.6783207940823165
18.62425 0.6782575709679458
18.62546 0.6782575709679458
18.62666 0.6781943478535752
18.62787 0.6781311247392046
18.62908 0.678067901624834
18.63028 0.6780046785104634
18.63149 0.6778782322817222
18.6327 0.6778150091673516
18.6339 0.6776885629386102
18.63511 0.6776253398242397
18.63632 0.6774988935954985
18.63752 0.6773724473667573
18.63873 0.677246001138016
18.63994 0.6771195549092748
18.64115 0.6769931086805335
18.64235 0.6768666624517924
18.64356 0.6767402162230511
18.64477 0.6766137699943099
18.64597 0.6764241006511981
18.64718 0.6762976544224568
18.64839 0.676107985079345
18.64959 0.6759815388506037
18.6508 0.6757918695074919
18.65201 0.6756654232787507
18.65321 0.6754757539356389
18.65442 0.675286084592527
18.65563 0.6750964152494152
18.65683 0.6748435227919327
18.65804 0.6746538534488209
18.65925 0.6744009609913384
18.66045 0.6742112916482266
18.66166 0.6739583991907441
18.66287 0.6737055067332617
18.66407 0.6734526142757792
18.66528 0.6731997218182968
18.66649 0.6729468293608143
18.6677 0.6726939369033318
18.6689 0.6724410444458494
18.67011 0.6721881519883669
18.67132 0.6719352595308845
18.67252 0.671682367073402
18.67373 0.6714294746159196
18.67494 0.6711765821584371
18.67614 0.6709236897009547
18.67735 0.6707340203578428
18.67856 0.6704811279003604
18.67976 0.6702282354428779
18.68097 0.6700385660997661
18.68218 0.6698488967566543
18.68338 0.6695960042991718
18.68459 0.66940633495606
18.6858 0.6692166656129481
18.687 0.6690269962698362
18.68821 0.6688373269267244
18.68942 0.6686476575836126
18.69062 0.6685212113548713
18.69183 0.6683315420117595
18.69304 0.6681418726686477
18.69425 0.6679522033255357
18.69545 0.667762533982424
18.69666 0.6675728646393121
18.69787 0.6674464184105708
18.69907 0.667256749067459
18.70028 0.6670670797243472
18.70149 0.666940633495606
18.70269 0.6667509641524941
18.7039 0.666624517923753
18.70511 0.6664980716950116
18.70631 0.6663084023518998
18.70752 0.6661819561231587
18.70873 0.6660555098944174
18.70993 0.6659290636656761
18.71114 0.6658026174369349
18.71235 0.6656761712081937
18.71355 0.6655497249794525
18.71476 0.6654232787507112
18.71597 0.66529683252197
18.71717 0.6652336094075993
18.71838 0.6651071631788582
18.71959 0.6650439400644876
18.7208 0.6649174938357463
18.722 0.6648542707213757
18.72321 0.664791047607005
18.72442 0.6647278244926345
18.72562 0.6646646013782639
18.72683 0.6646013782638933
18.72804 0.6645381551495226
18.72924 0.6644749320351521
18.73045 0.6644749320351521
18.73166 0.6644117089207814
18.73286 0.6643484858064108
18.73407 0.6643484858064108
18.73528 0.6642852626920401
18.73648 0.6642852626920401
18.73769 0.6642852626920401
18.7389 0.6642220395776696
18.7401 0.6642220395776696
18.74131 0.664158816463299
18.74252 0.664158816463299
18.74372 0.664158816463299
18.74493 0.664158816463299
18.74614 0.6640955933489283
18.74735 0.6640955933489283
18.74855 0.6640955933489283
18.74976 0.6640323702345577
18.75097 0.6640323702345577
18.75217 0.6639691471201872
18.75338 0.6639691471201872
18.75459 0.6639691471201872
18.75579 0.6639059240058165
18.757 0.6639059240058165
18.75821 0.6638427008914458
18.75941 0.6638427008914458
18.76062 0.6638427008914458
18.76183 0.6637794777770752
18.76303 0.6637794777770752
18.76424 0.6637794777770752
18.76545 0.6637162546627047
18.76665 0.6637162546627047
18.76786 0.6637162546627047
18.76907 0.6637162546627047
18.77028 0.663653031548334
18.77148 0.663653031548334
18.77269 0.663653031548334
18.7739 0.663653031548334
18.7751 0.663653031548334
18.77631 0.663653031548334
18.77752 0.663653031548334
18.77872 0.663653031548334
18.77993 0.663653031548334
18.78114 0.663653031548334
18.78234 0.6637162546627047
18.78355 0.6637162546627047
18.78476 0.6637162546627047
18.78596 0.6637794777770752
18.78717 0.6637794777770752
18.78838 0.6638427008914458
18.78958 0.6638427008914458
18.79079 0.6639059240058165
18.792 0.6639691471201872
18.7932 0.6639691471201872
18.79441 0.6640323702345577
18.79562 0.6640955933489283
18.79683 0.664158816463299
18.79803 0.6642220395776696
18.79924 0.6642852626920401
18.80045 0.6643484858064108
18.80165 0.6644117089207814
18.80286 0.6644749320351521
18.80407 0.6645381551495226
18.80527 0.6646013782638933
18.80648 0.6646646013782639
18.80769 0.6647278244926345
18.80889 0.664791047607005
18.8101 0.6649174938357463
18.81131 0.664980716950117
18.81251 0.6650439400644876
18.81372 0.6651071631788582
18.81493 0.6651703862932288
18.81613 0.66529683252197
18.81734 0.6653600556363406
18.81855 0.6654232787507112
18.81975 0.6654865018650818
18.82096 0.6656129480938231
18.82217 0.6656761712081937
18.82338 0.6657393943225643
18.82458 0.6658658405513055
18.82579 0.6659290636656761
18.827 0.6660555098944174
18.8282 0.6661819561231587
18.82941 0.6662451792375292
18.83062 0.6663716254662704
18.83182 0.6664980716950116
18.83303 0.6665612948093823
18.83424 0.6666877410381236
18.83544 0.6668141872668647
18.83665 0.666940633495606
18.83786 0.6670038566099765
18.83906 0.6671303028387179
18.84027 0.667256749067459
18.84148 0.6673199721818297
18.84268 0.6674464184105708
18.84389 0.6675096415249414
18.8451 0.6676360877536828
18.8463 0.6676993108680533
18.84751 0.667762533982424
18.84872 0.6678889802111652
18.84993 0.6679522033255357
18.85113 0.6680154264399064
18.85234 0.6680154264399064
18.85355 0.668078649554277
18.85475 0.6681418726686477
18.85596 0.6681418726686477
18.85717 0.6682050957830183
18.85837 0.6682050957830183
18.85958 0.6682050957830183
18.86079 0.6682683188973889
18.86199 0.6682683188973889
18.8632 0.6682683188973889
18.86441 0.6682683188973889
18.86561 0.6682683188973889
18.86682 0.6682050957830183
18.86803 0.6682050957830183
18.86923 0.6682050957830183
18.87044 0.6682050957830183
18.87165 0.6681418726686477
18.87285 0.6681418726686477
18.87406 0.6681418726686477
18.87527 0.668078649554277
18.87648 0.668078649554277
18.87768 0.6680154264399064
18.87889 0.6680154264399064
18.8801 0.6679522033255357
18.8813 0.6679522033255357
18.88251 0.6678889802111652
18.88372 0.6678889802111652
18.88492 0.6678257570967946
18.88613 0.6678257570967946
18.88734 0.6678257570967946
18.88854 0.667762533982424
18.88975 0.667762533982424
18.89096 0.6676993108680533
18.89216 0.6676360877536828
18.89337 0.6676360877536828
18.89458 0.6675728646393121
18.89578 0.6675096415249414
18.89699 0.6674464184105708
18.8982 0.6673831952962003
18.8994 0.6673199721818297
18.90061 0.667256749067459
18.90182 0.6671935259530885
18.90303 0.6671303028387179
18.90423 0.6670670797243472
18.90544 0.6670038566099765
18.90665 0.666940633495606
18.90785 0.6668774103812354
18.90906 0.6668141872668647
18.91027 0.6667509641524941
18.91147 0.6666877410381236
18.91268 0.6666877410381236
18.91389 0.666624517923753
18.91509 0.666624517923753
18.9163 0.6665612948093823
18.91751 0.6665612948093823
18.91871 0.6665612948093823
18.91992 0.6665612948093823
18.92113 0.666624517923753
18.92233 0.666624517923753
18.92354 0.6666877410381236
18.92475 0.6667509641524941
18.92595 0.6667509641524941
18.92716 0.6668141872668647
18.92837 0.6668774103812354
18.92958 0.666940633495606
18.93078 0.6670670797243472
18.93199 0.6671303028387179
18.9332 0.6671935259530885
18.9344 0.6673199721818297
18.93561 0.6673831952962003
18.93682 0.6675096415249414
18.93802 0.6675728646393121
18.93923 0.6676993108680533
18.94044 0.6678257570967946
18.94164 0.6679522033255357
18.94285 0.668078649554277
18.94406 0.6682050957830183
18.94526 0.66839476512613
18.94647 0.6685212113548713
18.94768 0.6687108806979832
18.94888 0.6688373269267244
18.95009 0.6690269962698362
18.9513 0.6692166656129481
18.9525 0.66940633495606
18.95371 0.6695960042991718
18.95492 0.6697856736422836
18.95613 0.6700385660997661
18.95733 0.6702282354428779
18.95854 0.6704811279003604
18.95975 0.6707340203578428
18.96095 0.6709869128153253
18.96216 0.6712398052728077
18.96337 0.6714926977302902
18.96457 0.6717455901877726
18.96578 0.6720617057596258
18.96699 0.6723778213314787
18.96819 0.6726307137889612
18.9694 0.6729468293608143
18.97061 0.6732629449326674
18.97181 0.6735790605045204
18.97302 0.6739583991907441
18.97423 0.6742745147625971
18.97543 0.6745906303344503
18.97664 0.6749699690206739
18.97785 0.675286084592527
18.97906 0.6756654232787507
18.98026 0.6760447619649743
18.98147 0.6763608775368275
18.98268 0.6767402162230511
18.98388 0.6771195549092748
18.98509 0.6774988935954985
18.9863 0.6778150091673516
18.9875 0.6781943478535752
18.98871 0.6785736865397989
18.98992 0.6789530252260226
18.99112 0.6793323639122463
18.99233 0.6797117025984699
18.99354 0.6800910412846937
18.99474 0.6804703799709174
18.99595 0.680849718657141
18.99716 0.6812290573433647
18.99836 0.6816083960295884
18.99957 0.6820509578301828
19.00078 0.6824302965164063
19.00198 0.6828728583170006
19.00319 0.6832521970032244
19.0044 0.6836947588038187
19.00561 0.6841373206044129
19.00681 0.6845166592906367
19.00802 0.684959221091231
19.00923 0.6854017828918253
19.01043 0.6858443446924195
19.01164 0.6862869064930138
19.01285 0.6866662451792375
19.01405 0.6871088069798318
19.01526 0.6875513687804261
19.01647 0.6879939305810204
19.01767 0.6884364923816148
19.01888 0.6888158310678384
19.02009 0.6892583928684327
19.02129 0.689700954669027
19.0225 0.6901435164696212
19.02371 0.690522855155845
19.02491 0.6909654169564392
19.02612 0.691344755642663
19.02733 0.6917873174432573
19.02853 0.6921666561294809
19.02974 0.6925459948157046
19.03095 0.6929885566162989
19.03216 0.6933678953025226
19.03336 0.693810457103117
19.03457 0.6941897957893405
19.03578 0.6946323575899348
19.03698 0.6950116962761586
19.03819 0.6954542580767529
19.0394 0.6958335967629765
19.0406 0.6962129354492002
19.04181 0.6966554972497945
19.04302 0.6970348359360182
19.04422 0.6974141746222419
19.04543 0.6978567364228362
19.04664 0.6982360751090598
19.04784 0.6986154137952836
19.04905 0.6990579755958778
19.05026 0.6994373142821015
19.05146 0.6998166529683252
19.05267 0.7001959916545489
19.05388 0.7005753303407726
19.05508 0.7009546690269962
19.05629 0.70133400771322
19.0575 0.7017133463994436
19.05871 0.7020926850856672
19.05991 0.702472023771891
19.06112 0.7027881393437441
19.06233 0.7031674780299677
19.06353 0.7035468167161915
19.06474 0.7038629322880445
19.06595 0.7041790478598976
19.06715 0.7045583865461212
19.06836 0.7048745021179743
19.06957 0.705253840804198
19.07077 0.7055699563760511
19.07198 0.7058860719479041
19.07319 0.7062021875197572
19.07439 0.7065183030916102
19.0756 0.7068344186634633
19.07681 0.7071505342353165
19.07801 0.7074666498071694
19.07922 0.7077827653790225
19.08043 0.7080988809508756
19.08163 0.7084149965227287
19.08284 0.7087311120945818
19.08405 0.7090472276664348
19.08526 0.7093633432382879
19.08646 0.7096794588101409
19.08767 0.709995574381994
19.08888 0.7102484668394765
19.09008 0.7105645824113296
19.09129 0.7108806979831827
19.0925 0.7111968135550357
19.0937 0.7115129291268888
19.09491 0.7117658215843712
19.09612 0.7120819371562243
19.09732 0.7123980527280773
19.09853 0.7127141682999304
19.09974 0.7129670607574129
19.10094 0.713283176329266
19.10215 0.713599291901119
19.10336 0.7138521843586014
19.10456 0.7141682999304546
19.10577 0.714421192387937
19.10698 0.7147373079597901
19.10818 0.7149902004172725
19.10939 0.715243092874755
19.1106 0.715559208446608
19.11181 0.7158121009040905
19.11301 0.7161282164759436
19.11422 0.716381108933426
19.11543 0.7166340013909085
19.11663 0.7169501169627616
19.11784 0.7172030094202441
19.11905 0.7174559018777265
19.12025 0.7177720174495796
19.12146 0.718024909907062
19.12267 0.7183410254789151
19.12387 0.7185939179363975
19.12508 0.7189100335082507
19.12629 0.7191629259657331
19.12749 0.7194790415375861
19.1287 0.7197319339950685
19.12991 0.7200480495669217
19.13111 0.7203641651387747
19.13232 0.7206170575962572
19.13353 0.7209331731681102
19.13473 0.7212492887399633
19.13594 0.7215654043118164
19.13715 0.7218815198836694
19.13836 0.7221976354555225
19.13956 0.7225137510273756
19.14077 0.7228298665992287
19.14198 0.7231459821710817
19.14318 0.7234620977429348
19.14439 0.7237782133147879
19.1456 0.7240943288866409
19.1468 0.724410444458494
19.14801 0.7247265600303471
19.14922 0.7250426756022001
19.15042 0.7253587911740532
19.15163 0.7256749067459063
19.15284 0.7259910223177594
19.15404 0.7263071378896124
19.15525 0.7266232534614655
19.15646 0.7269393690333186
19.15766 0.7272554846051715
19.15887 0.7276348232913953
19.16008 0.7279509388632485
19.16128 0.7282670544351014
19.16249 0.7285831700069545
19.1637 0.7288992855788076
19.16491 0.7292154011506606
19.16611 0.7295315167225138
19.16732 0.7298476322943668
19.16853 0.7301637478662198
19.16973 0.7304798634380729
19.17094 0.730795979009926
19.17215 0.7311753176961497
19.17335 0.7314914332680027
19.17456 0.7318075488398559
19.17577 0.732123664411709
19.17697 0.7325030030979326
19.17818 0.7328191186697857
19.17939 0.7331352342416387
19.18059 0.7335145729278624
19.1818 0.7338306884997156
19.18301 0.7341468040715685
19.18421 0.7345261427577923
19.18542 0.7348422583296453
19.18663 0.7351583739014983
19.18784 0.7354744894733515
19.18904 0.7358538281595751
19.19025 0.7361699437314282
19.19146 0.7364860593032813
19.19266 0.7368021748751343
19.19387 0.7371182904469874
19.19508 0.7374344060188405
19.19628 0.737687298476323
19.19749 0.738003414048176
19.1987 0.738319529620029
19.1999 0.7385724220775115
19.20111 0.7388885376493646
19.20232 0.7391414301068471
19.20352 0.7393943225643295
19.20473 0.739647215021812
19.20594 0.739963330593665
19.20714 0.7402162230511475
19.20835 0.7404691155086299
19.20956 0.7407220079661124
19.21076 0.7409116773092242
19.21197 0.7411645697667066
19.21318 0.7414174622241891
19.21439 0.7416703546816715
19.21559 0.7418600240247835
19.2168 0.7421129164822658
19.21801 0.7423025858253778
19.21921 0.7425554782828602
19.22042 0.742745147625972
19.22163 0.7429980400834545
19.22283 0.7431877094265663
19.22404 0.7433773787696782
19.22525 0.7435670481127901
19.22645 0.7438199405702725
19.22766 0.7440096099133844
19.22887 0.7441992792564961
19.23007 0.744388948599608
19.23128 0.7445786179427198
19.23249 0.7447682872858317
19.23369 0.7448947335145729
19.2349 0.7450844028576847
19.23611 0.7452740722007966
19.23731 0.7454637415439085
19.23852 0.7455901877726496
19.23973 0.7457798571157614
19.24094 0.7459063033445027
19.24214 0.7460959726876146
19.24335 0.7462224189163558
19.24456 0.746348865145097
19.24576 0.7464753113738383
19.24697 0.7466017576025795
19.24818 0.7467282038313208
19.24938 0.7468546500600619
19.25059 0.7469810962888032
19.2518 0.7470443194031737
19.253 0.747170765631915
19.25421 0.7472972118606562
19.25542 0.7473604349750268
19.25662 0.747486881203768
19.25783 0.7475501043181386
19.25904 0.74767655054688
19.26024 0.7478029967756211
19.26145 0.7478662198899918
19.26266 0.7479926661187329
19.26386 0.7480558892331035
19.26507 0.7481823354618449
19.26628 0.7483087816905861
19.26749 0.7483720048049567
19.26869 0.7484984510336978
19.2699 0.7486248972624391
19.27111 0.7486881203768098
19.27231 0.748814566605551
19.27352 0.7489410128342922
19.27473 0.7490674590630334
19.27593 0.7491939052917747
19.27714 0.7493203515205159
19.27835 0.7494467977492572
19.27955 0.7496364670923689
19.28076 0.7497629133211102
19.28197 0.7498893595498514
19.28317 0.7500158057785926
19.28438 0.7501422520073339
19.28559 0.7503319213504457
19.28679 0.7504583675791869
19.288 0.7505848138079282
19.28921 0.75077448315104
19.29041 0.7509009293797813
19.29162 0.7510273756085225
19.29283 0.7511538218372636
19.29404 0.7513434911803756
19.29524 0.7514699374091167
19.29645 0.751596383637858
19.29766 0.7517860529809698
19.29886 0.751912499209711
19.30007 0.7520389454384523
19.30128 0.7522286147815641
19.30248 0.7523550610103054
19.30369 0.7524815072390466
19.3049 0.7526079534677879
19.3061 0.752734399696529
19.30731 0.7529240690396409
19.30852 0.7530505152683821
19.30972 0.7531769614971233
19.31093 0.7533034077258646
19.31214 0.7534298539546058
19.31334 0.7535563001833471
19.31455 0.7536827464120882
19.31576 0.7538724157552
19.31696 0.7539988619839413
19.31817 0.7541253082126825
19.31938 0.7542517544414238
19.32059 0.7544414237845356
19.32179 0.7545678700132769
19.323 0.7546943162420181
19.32421 0.7548839855851299
19.32541 0.7550104318138711
19.32662 0.7551368780426124
19.32783 0.7552633242713536
19.32903 0.7553897705000948
19.33024 0.755516216728836
19.33145 0.7556426629575773
19.33265 0.7557691091863185
19.33386 0.7558955554150597
19.33507 0.756022001643801
19.33627 0.7561484478725422
19.33748 0.7562748941012835
19.33869 0.756338117215654
19.33989 0.7564645634443953
19.3411 0.7565277865587658
19.34231 0.7566542327875071
19.34351 0.7567174559018778
19.34472 0.7567806790162483
19.34593 0.7568439021306189
19.34714 0.7569071252449895
19.34834 0.7569703483593602
19.34955 0.7569703483593602
19.35076 0.7570335714737307
19.35196 0.7570335714737307
19.35317 0.7570967945881013
19.35438 0.7570967945881013
19.35558 0.7570967945881013
19.35679 0.7570967945881013
19.358 0.7570967945881013
19.3592 0.7570967945881013
19.36041 0.7570335714737307
19.36162 0.7570335714737307
19.36282 0.7570335714737307
19.36403 0.7569703483593602
19.36524 0.7569703483593602
19.36644 0.7569703483593602
19.36765 0.7569071252449895
19.36886 0.7569071252449895
19.37006 0.7568439021306189
19.37127 0.7568439021306189
19.37248 0.7567806790162483
19.37369 0.7567806790162483
19.37489 0.7567174559018778
19.3761 0.7567174559018778
19.37731 0.7566542327875071
19.37851 0.7566542327875071
19.37972 0.7566542327875071
19.38093 0.7565910096731364
19.38213 0.7565910096731364
19.38334 0.7565910096731364
19.38455 0.7565910096731364
19.38575 0.7565277865587658
19.38696 0.7565277865587658
19.38817 0.7564645634443953
19.38937 0.7564645634443953
19.39058 0.7564013403300246
19.39179 0.7564013403300246
19.39299 0.756338117215654
19.3942 0.756338117215654
19.39541 0.7562748941012835
19.39662 0.7562116709869128
19.39782 0.7562116709869128
19.39903 0.7561484478725422
19.40024 0.7561484478725422
19.40144 0.7560852247581715
19.40265 0.7560852247581715
19.40386 0.756022001643801
19.40506 0.756022001643801
19.40627 0.756022001643801
19.40748 0.7559587785294303
19.40868 0.7559587785294303
19.40989 0.7559587785294303
19.4111 0.7559587785294303
19.4123 0.7559587785294303
19.41351 0.7559587785294303
19.41472 0.756022001643801
19.41592 0.756022001643801
19.41713 0.7560852247581715
19.41834 0.7560852247581715
19.41954 0.7561484478725422
19.42075 0.7562116709869128
19.42196 0.7562748941012835
19.42317 0.756338117215654
19.42437 0.7564013403300246
19.42558 0.7565277865587658
19.42679 0.7565910096731364
19.42799 0.7567174559018778
19.4292 0.7568439021306189
19.43041 0.7569071252449895
19.43161 0.7570335714737307
19.43282 0.757160017702472
19.43403 0.7572864639312132
19.43523 0.7574129101599545
19.43644 0.7575393563886956
19.43765 0.7576658026174369
19.43885 0.7577922488461781
19.44006 0.7579186950749194
19.44127 0.7580451413036606
19.44247 0.7581715875324018
19.44368 0.7583612568755137
19.44489 0.7584877031042548
19.44609 0.7586141493329961
19.4473 0.7587405955617373
19.44851 0.7588670417904786
19.44972 0.7589934880192198
19.45092 0.759119934247961
19.45213 0.7592463804767022
19.45334 0.7593728267054435
19.45454 0.7594992729341847
19.45575 0.759625719162926
19.45696 0.7597521653916671
19.45816 0.7598786116204085
19.45937 0.7600050578491496
19.46058 0.7601315040778909
19.46178 0.7603211734210027
19.46299 0.7604476196497439
19.4642 0.7605740658784852
19.4654 0.7607005121072263
19.46661 0.7608901814503383
19.46782 0.7610166276790795
19.46902 0.7611430739078207
19.47023 0.7613327432509325
19.47144 0.7614591894796737
19.47264 0.761585635708415
19.47385 0.7617120819371562
19.47506 0.761901751280268
19.47627 0.7620281975090093
19.47747 0.7621546437377505
19.47868 0.7622810899664917
19.47989 0.7624075361952329
19.48109 0.7625339824239742
19.4823 0.7626604286527154
19.48351 0.762723651767086
19.48471 0.7628500979958273
19.48592 0.7629765442245684
19.48713 0.7630397673389391
19.48833 0.7631029904533098
19.48954 0.7631662135676803
19.49075 0.7632294366820509
19.49195 0.7632926597964216
19.49316 0.7633558829107921
19.49437 0.7634191060251627
19.49557 0.7634191060251627
19.49678 0.7634823291395334
19.49799 0.7634823291395334
19.49919 0.7634823291395334
19.5004 0.7634823291395334
19.50161 0.7634823291395334
19.50282 0.7634823291395334
19.50402 0.7634823291395334
19.50523 0.7634823291395334
19.50644 0.7634823291395334
19.50764 0.7634191060251627
19.50885 0.7634191060251627
19.51006 0.7634191060251627
19.51126 0.7633558829107921
19.51247 0.7632926597964216
19.51368 0.7632926597964216
19.51488 0.7632294366820509
19.51609 0.7632294366820509
19.5173 0.7631662135676803
19.5185 0.7631029904533098
19.51971 0.7630397673389391
19.52092 0.7630397673389391
19.52212 0.7629765442245684
19.52333 0.7629133211101978
19.52454 0.7628500979958273
19.52574 0.7627868748814566
19.52695 0.7627868748814566
19.52816 0.762723651767086
19.52937 0.7626604286527154
19.53057 0.7625972055383449
19.53178 0.7625339824239742
19.53299 0.7624707593096035
19.53419 0.7624075361952329
19.5354 0.7623443130808624
19.53661 0.7622178668521211
19.53781 0.7621546437377505
19.53902 0.7620914206233799
19.54023 0.7619649743946386
19.54143 0.761901751280268
19.54264 0.7617753050515268
19.54385 0.7617120819371562
19.54505 0.761585635708415
19.54626 0.7615224125940444
19.54747 0.7613959663653032
19.54867 0.7613327432509325
19.54988 0.7612062970221912
19.55109 0.7611430739078207
19.55229 0.7610166276790795
19.5535 0.7609534045647088
19.55471 0.7608269583359676
19.55592 0.760763735221597
19.55712 0.7607005121072263
19.55833 0.7605740658784852
19.55954 0.7605108427641145
19.56074 0.7604476196497439
19.56195 0.7603843965353734
19.56316 0.7603211734210027
19.56436 0.7603211734210027
19.56557 0.760257950306632
19.56678 0.7601947271922614
19.56798 0.7601947271922614
19.56919 0.7601315040778909
19.5704 0.7601315040778909
19.5716 0.7600682809635202
19.57281 0.7600682809635202
19.57402 0.7600050578491496
19.57522 0.7600050578491496
19.57643 0.7600050578491496
19.57764 0.7600050578491496
19.57884 0.7600050578491496
19.58005 0.759941834734779
19.58126 0.759941834734779
19.58247 0.759941834734779
19.58367 0.759941834734779
19.58488 0.759941834734779
19.58609 0.759941834734779
19.58729 0.759941834734779
19.5885 0.759941834734779
19.58971 0.7600050578491496
19.59091 0.7600050578491496
19.59212 0.7600050578491496
19.59333 0.7600050578491496
19.59453 0.7600682809635202
19.59574 0.7600682809635202
19.59695 0.7600682809635202
19.59815 0.7601315040778909
19.59936 0.7601315040778909
19.60057 0.7601947271922614
19.60177 0.7601947271922614
19.60298 0.760257950306632
19.60419 0.760257950306632
19.6054 0.7603211734210027
19.6066 0.7603843965353734
19.60781 0.7604476196497439
19.60902 0.7605108427641145
19.61022 0.7605108427641145
19.61143 0.7605740658784852
19.61264 0.7607005121072263
19.61384 0.760763735221597
19.61505 0.7608269583359676
19.61626 0.7608901814503383
19.61746 0.7609534045647088
19.61867 0.7610166276790795
19.61988 0.7611430739078207
19.62108 0.7612062970221912
19.62229 0.7612695201365619
19.6235 0.7613327432509325
19.6247 0.7614591894796737
19.62591 0.7615224125940444
19.62712 0.761585635708415
19.62832 0.7616488588227855
19.62953 0.7617753050515268
19.63074 0.7618385281658974
19.63195 0.761901751280268
19.63315 0.7620281975090093
19.63436 0.7620914206233799
19.63557 0.7621546437377505
19.63677 0.7622178668521211
19.63798 0.7622810899664917
19.63919 0.7623443130808624
19.64039 0.7624075361952329
19.6416 0.7624707593096035
19.64281 0.7625339824239742
19.64401 0.7625972055383449
19.64522 0.7626604286527154
19.64643 0.7627868748814566
19.64763 0.7628500979958273
19.64884 0.7629133211101978
19.65005 0.7629765442245684
19.65125 0.7630397673389391
19.65246 0.7631029904533098
19.65367 0.7631662135676803
19.65487 0.7632294366820509
19.65608 0.7632926597964216
19.65729 0.7633558829107921
19.6585 0.7634191060251627
19.6597 0.7634823291395334
19.66091 0.763545552253904
19.66212 0.7636087753682747
19.66332 0.7636719984826452
19.66453 0.7637352215970159
19.66574 0.7637984447113865
19.66694 0.763861667825757
19.66815 0.7639248909401277
19.66936 0.7639248909401277
19.67056 0.7639881140544983
19.67177 0.7640513371688689
19.67298 0.7641145602832395
19.67418 0.7641777833976102
19.67539 0.7641777833976102
19.6766 0.7642410065119808
19.6778 0.7642410065119808
19.67901 0.7643042296263514
19.68022 0.7643042296263514
19.68142 0.7643674527407219
19.68263 0.7643674527407219
19.68384 0.7644306758550926
19.68505 0.7644306758550926
19.68625 0.7644306758550926
19.68746 0.7644306758550926
19.68867 0.7644938989694632
19.68987 0.7644938989694632
19.69108 0.7644938989694632
19.69229 0.7644938989694632
19.69349 0.7644938989694632
19.6947 0.7644938989694632
19.69591 0.7645571220838338
19.69711 0.7645571220838338
19.69832 0.7645571220838338
19.69953 0.7645571220838338
19.70073 0.7645571220838338
19.70194 0.7645571220838338
19.70315 0.7645571220838338
19.70435 0.7646203451982044
19.70556 0.7646203451982044
19.70677 0.7646203451982044
19.70797 0.7646835683125751
19.70918 0.7646835683125751
19.71039 0.7646835683125751
19.7116 0.7647467914269457
19.7128 0.7647467914269457
19.71401 0.7648100145413163
19.71522 0.7648100145413163
19.71642 0.7648732376556869
19.71763 0.7648732376556869
19.71884 0.7649364607700575
19.72004 0.7649996838844281
19.72125 0.7649996838844281
19.72246 0.7650629069987988
19.72366 0.7650629069987988
19.72487 0.7651261301131693
19.72608 0.7651261301131693
19.72728 0.76518935322754
19.72849 0.7652525763419106
19.7297 0.7652525763419106
19.7309 0.7653157994562813
19.73211 0.7653790225706518
19.73332 0.7654422456850224
19.73452 0.7654422456850224
19.73573 0.765505468799393
19.73694 0.7655686919137636
19.73815 0.7656319150281342
19.73935 0.7656951381425049
19.74056 0.7657583612568756
19.74177 0.7658215843712461
19.74297 0.7658848074856167
19.74418 0.7659480305999873
19.74539 0.766011253714358
19.74659 0.7661376999430991
19.7478 0.7662009230574698
19.74901 0.7662641461718405
19.75021 0.7663905924005816
19.75142 0.7664538155149523
19.75263 0.7665802617436934
19.75383 0.7667067079724347
19.75504 0.7668331542011759
19.75625 0.7668963773155466
19.75745 0.7670228235442877
19.75866 0.767149269773029
19.75987 0.7673389391161409
19.76107 0.7674653853448821
19.76228 0.7675918315736233
19.76349 0.7677182778023645
19.7647 0.7679079471454764
19.7659 0.7680343933742176
19.76711 0.7682240627173295
19.76832 0.7683505089460706
19.76952 0.768476955174812
19.77073 0.7686666245179237
19.77194 0.7688562938610355
19.77314 0.7689827400897769
19.77435 0.7691724094328887
19.77556 0.7692988556616298
19.77676 0.7694885250047417
19.77797 0.769614971233483
19.77918 0.7698046405765947
19.78038 0.7699943099197066
19.78159 0.7701207561484479
19.7828 0.7703104254915597
19.784 0.7704368717203008
19.78521 0.7706265410634128
19.78642 0.770752987292154
19.78762 0.7708794335208952
19.78883 0.7710691028640071
19.79004 0.7711955490927483
19.79125 0.7713219953214895
19.79245 0.7714484415502307
19.79366 0.7716381108933427
19.79487 0.7717645571220838
19.79607 0.7718910033508251
19.79728 0.7720806726939369
19.79849 0.7722071189226781
19.79969 0.7723335651514194
19.8009 0.7724600113801605
19.80211 0.7726496807232724
19.80331 0.7727761269520137
19.80452 0.7729025731807548
19.80573 0.7730290194094961
19.80693 0.773218688752608
19.80814 0.7733451349813492
19.80935 0.7734715812100904
19.81055 0.7735980274388315
19.81176 0.7737876967819435
19.81297 0.7739141430106847
19.81417 0.7740405892394259
19.81538 0.7741670354681671
19.81659 0.7742934816969084
19.8178 0.7744199279256496
19.819 0.7745463741543908
19.82021 0.774672820383132
19.82142 0.7747992666118733
19.82262 0.7749257128406145
19.82383 0.7750521590693558
19.82504 0.7751786052980969
19.82624 0.7753050515268382
19.82745 0.7754314977555794
19.82866 0.7755579439843207
19.82986 0.7756211670986912
19.83107 0.7757476133274325
19.83228 0.7758740595561737
19.83348 0.7759372826705444
19.83469 0.7760637288992855
19.8359 0.7761269520136561
19.8371 0.7762533982423974
19.83831 0.7763166213567679
19.83952 0.7764430675855093
19.84073 0.7765062906998799
19.84193 0.7765695138142504
19.84314 0.7766959600429917
19.84435 0.7767591831573623
19.84555 0.7768224062717328
19.84676 0.7769488525004742
19.84797 0.7770120756148448
19.84917 0.7770752987292154
19.85038 0.7772017449579566
19.85159 0.7772649680723271
19.85279 0.7773914143010684
19.854 0.7774546374154391
19.85521 0.7775810836441803
19.85641 0.7776443067585509
19.85762 0.7777707529872921
19.85883 0.7778339761016627
19.86003 0.777960422330404
19.86124 0.7780236454447746
19.86245 0.7781500916735158
19.86365 0.778276537902257
19.86486 0.7784029841309982
19.86607 0.7785294303597395
19.86728 0.7786558765884808
19.86848 0.7787823228172219
19.86969 0.7789087690459632
19.8709 0.7790352152747044
19.8721 0.7791616615034457
19.87331 0.7792881077321868
19.87452 0.7794145539609281
19.87572 0.7795410001896693
19.87693 0.7796674464184106
19.87814 0.7798571157615224
19.87934 0.7799835619902635
19.88055 0.7801100082190049
19.88176 0.7802364544477461
19.88296 0.7804261237908579
19.88417 0.7805525700195991
19.88538 0.7806790162483405
19.88658 0.7808686855914522
19.88779 0.7809951318201934
19.889 0.7811848011633054
19.8902 0.7813112473920465
19.89141 0.7815009167351583
19.89262 0.7816273629638996
19.89383 0.7817538091926408
19.89503 0.7819434785357526
19.89624 0.7820699247644939
19.89745 0.7822595941076057
19.89865 0.782386040336347
19.89986 0.7825757096794588
19.90107 0.7827021559082
19.90227 0.7828918252513118
19.90348 0.7830182714800531
19.90469 0.7832079408231649
19.90589 0.7833343870519062
19.9071 0.783524056395018
19.90831 0.7837137257381298
19.90951 0.7838401719668711
19.91072 0.7840298413099829
19.91193 0.7842195106530947
19.91313 0.7844091799962066
19.91434 0.7845356262249479
19.91555 0.7847252955680596
19.91675 0.7849149649111715
19.91796 0.7851046342542833
19.91917 0.7852943035973952
19.92038 0.7854839729405071
19.92158 0.7856104191692482
19.92279 0.78580008851236
19.924 0.785989757855472
19.9252 0.7861794271985838
19.92641 0.7863690965416956
19.92762 0.7865587658848076
19.92882 0.7866852121135487
19.93003 0.7868748814566605
19.93124 0.7870645507997724
19.93244 0.7872542201428843
19.93365 0.7873806663716254
19.93486 0.7875703357147373
19.93606 0.7877600050578492
19.93727 0.7878864512865903
19.93848 0.7880761206297022
19.93968 0.7882025668584435
19.94089 0.7883922362015553
19.9421 0.7885186824302964
19.9433 0.7886451286590378
19.94451 0.7888347980021496
19.94572 0.7889612442308908
19.94693 0.7891509135740027
19.94813 0.7892773598027439
19.94934 0.7894038060314851
19.95055 0.7895934753745969
19.95175 0.7897199216033381
19.95296 0.7898463678320794
19.95417 0.7900360371751912
19.95537 0.7901624834039324
19.95658 0.7902889296326737
19.95779 0.7904153758614149
19.95899 0.7906050452045267
19.9602 0.7907314914332679
19.96141 0.7908579376620093
19.96261 0.7909843838907504
19.96382 0.7911108301194916
19.96503 0.7912372763482329
19.96623 0.7913637225769742
19.96744 0.7914901688057153
19.96865 0.7916166150344565
19.96985 0.7917430612631978
19.97106 0.7918062843775684
19.97227 0.7919327306063098
19.97348 0.7920591768350509
19.97468 0.792185623063792
19.97589 0.7922488461781627
19.9771 0.792375292406904
19.9783 0.7924385155212746
19.97951 0.7925017386356451
19.98072 0.7926281848643865
19.98192 0.7926914079787569
19.98313 0.7927546310931276
19.98434 0.7928810773218689
19.98554 0.7929443004362395
19.98675 0.7930075235506102
19.98796 0.7931339697793514
19.98916 0.7931971928937218
19.99037 0.7932604160080925
19.99158 0.7933236391224632
19.99278 0.7934500853512044
19.99399 0.7935133084655751
19.9952 0.7935765315799456
19.9964 0.7936397546943162
19.99761 0.7937029778086869
19.99882 0.7937662009230574
20.00003 0.7938294240374281
20.00123 0.7938294240374281
20.00244 0.7938926471517986
20.00365 0.7939558702661693
20.00485 0.7939558702661693
20.00606 0.7939558702661693
20.00727 0.79401909338054
20.00847 0.79401909338054
20.00968 0.79401909338054
20.01089 0.79401909338054
20.01209 0.79401909338054
20.0133 0.7939558702661693
20.01451 0.7939558702661693
20.01571 0.7938926471517986
20.01692 0.7938926471517986
20.01813 0.7938294240374281
20.01933 0.7937662009230574
20.02054 0.7937029778086869
20.02175 0.7935765315799456
20.02295 0.7935133084655751
20.02416 0.7934500853512044
20.02537 0.7933236391224632
20.02658 0.7932604160080925
20.02778 0.7931339697793514
20.02899 0.7930075235506102
20.0302 0.7928810773218689
20.0314 0.7927546310931276
20.03261 0.7926281848643865
20.03382 0.7925017386356451
20.03502 0.792375292406904
20.03623 0.792185623063792
20.03744 0.7920591768350509
20.03864 0.7918695074919391
20.03985 0.7916798381488271
20.04106 0.7914901688057153
20.04226 0.7913637225769742
20.04347 0.7911740532338623
20.04468 0.7909211607763798
20.04588 0.7907314914332679
20.04709 0.7905418220901562
20.0483 0.7902889296326737
20.04951 0.7900992602895618
20.05071 0.7898463678320794
20.05192 0.7895934753745969
20.05313 0.7893405829171145
20.05433 0.789087690459632
20.05554 0.7888347980021496
20.05675 0.7885819055446671
20.05795 0.788265789972814
20.05916 0.7880128975153315
20.06037 0.7876967819434786
20.06157 0.7873806663716254
20.06278 0.7870645507997724
20.06399 0.7867484352279193
20.06519 0.7863690965416956
20.0664 0.7860529809698426
20.06761 0.7856736422836189
20.06881 0.7852943035973952
20.07002 0.7849149649111715
20.07123 0.7845356262249479
20.07243 0.7841562875387241
20.07364 0.7837769488525004
20.07485 0.7833343870519062
20.07606 0.7829550483656825
20.07726 0.7825124865650882
20.07847 0.7821331478788645
20.07968 0.7816905860782702
20.08088 0.7813112473920465
20.08209 0.7808686855914522
20.0833 0.7804261237908579
20.0845 0.7800467851046342
20.08571 0.77960422330404
20.08692 0.7791616615034457
20.08812 0.7787190997028514
20.08933 0.7783397610166276
20.09054 0.7778971992160333
20.09174 0.7775178605298098
20.09295 0.7770752987292154
20.09416 0.7766959600429917
20.09536 0.7762533982423974
20.09657 0.7758740595561737
20.09778 0.7754314977555794
20.09898 0.7750521590693558
20.10019 0.7746095972687614
20.1014 0.7742302585825378
20.10261 0.7737876967819435
20.10381 0.7733451349813492
20.10502 0.7729657962951254
20.10623 0.7725232344945311
20.10743 0.7720806726939369
20.10864 0.7716381108933427
20.10985 0.7711955490927483
20.11105 0.7708162104065246
20.11226 0.7703736486059303
20.11347 0.769931086805336
20.11467 0.7694885250047417
20.11588 0.7690459632041474
20.11709 0.7686034014035531
20.11829 0.7682240627173295
20.1195 0.7677815009167351
20.12071 0.7673389391161409
20.12191 0.7668963773155466
20.12312 0.7665170386293229
20.12433 0.7660744768287285
20.12553 0.7656951381425049
20.12674 0.7652525763419106
20.12795 0.7648732376556869
20.12916 0.7644938989694632
20.13036 0.7640513371688689
20.13157 0.7636719984826452
20.13278 0.7632926597964216
20.13398 0.7629133211101978
20.13519 0.7625339824239742
20.1364 0.7622178668521211
20.1376 0.7618385281658974
20.13881 0.7614591894796737
20.14002 0.7611430739078207
20.14122 0.7608269583359676
20.14243 0.7604476196497439
20.14364 0.7601315040778909
20.14484 0.7598153885060378
20.14605 0.7594992729341847
20.14726 0.759119934247961
20.14846 0.758803818676108
20.14967 0.7584877031042548
20.15088 0.7581715875324018
20.15208 0.7578554719605488
20.15329 0.7576025795030663
20.1545 0.7572864639312132
20.15571 0.7569703483593602
20.15691 0.7566542327875071
20.15812 0.756338117215654
20.15933 0.7560852247581715
20.16053 0.7557691091863185
20.16174 0.7554529936144654
20.16295 0.7551368780426124
20.16415 0.7548839855851299
20.16536 0.7545678700132769
20.16657 0.7542517544414238
20.16777 0.7539988619839413
20.16898 0.7536827464120882
20.17019 0.7533666308402351
20.17139 0.7531137383827528
20.1726 0.7527976228108996
20.17381 0.7524815072390466
20.17501 0.7522286147815641
20.17622 0.751912499209711
20.17743 0.751596383637858
20.17863 0.7513434911803756
20.17984 0.7510273756085225
20.18105 0.7507112600366693
20.18226 0.7504583675791869
20.18346 0.7501422520073339
20.18467 0.7498893595498514
20.18588 0.7495732439779983
20.18708 0.7493203515205159
20.18829 0.7490042359486628
20.1895 0.7487513434911803
20.1907 0.7484984510336978
20.19191 0.7481823354618449
20.19312 0.7479294430043624
20.19432 0.7476133274325093
20.19553 0.7473604349750268
20.19674 0.7470443194031737
20.19794 0.7467914269456913
20.19915 0.7465385344882088
20.20036 0.7462224189163558
20.20156 0.7459695264588734
20.20277 0.7457166340013909
20.20398 0.7454005184295378
20.20518 0.7451476259720554
20.20639 0.7448315104002022
20.2076 0.7445786179427198
20.20881 0.7442625023708668
20.21001 0.7440096099133844
20.21122 0.7437567174559018
20.21243 0.7434406018840488
20.21363 0.7431877094265663
20.21484 0.7428715938547132
20.21605 0.7426187013972307
20.21725 0.7423025858253778
20.21846 0.7419864702535247
20.21967 0.7417335777960422
20.22087 0.7414174622241891
20.22208 0.7411645697667066
20.22329 0.7408484541948537
20.22449 0.7405955617373712
20.2257 0.7402794461655181
20.22691 0.739963330593665
20.22811 0.7397104381361826
20.22932 0.7393943225643295
20.23053 0.7390782069924765
20.23173 0.738825314534994
20.23294 0.7385091989631409
20.23415 0.7382563065056584
20.23536 0.7379401909338054
20.23656 0.7376240753619523
20.23777 0.7373711829044698
20.23898 0.7370550673326168
20.24018 0.7368021748751343
20.24139 0.7364860593032813
20.2426 0.7362331668457988
20.2438 0.7359170512739458
20.24501 0.7356641588164633
20.24622 0.7353480432446102
20.24742 0.7350951507871277
20.24863 0.7347790352152747
20.24984 0.7345261427577923
20.25104 0.7342732503003098
20.25225 0.7339571347284567
20.25346 0.7337042422709742
20.25466 0.7334513498134918
20.25587 0.7331352342416387
20.25708 0.7328823417841562
20.25829 0.7326294493266738
20.25949 0.7323765568691913
20.2607 0.732123664411709
20.26191 0.7318707719542265
20.26311 0.7316178794967441
20.26432 0.7313649870392616
20.26553 0.7311120945817792
20.26673 0.7309224252386672
20.26794 0.7306695327811848
20.26915 0.7304166403237022
20.27035 0.7301637478662198
20.27156 0.7299108554087373
20.27277 0.729657962951255
20.27397 0.7294050704937725
20.27518 0.7291521780362901
20.27639 0.7289625086931782
20.27759 0.7287096162356957
20.2788 0.7284567237782134
20.28001 0.7282038313207309
20.28121 0.7279509388632485
20.28242 0.7276348232913953
20.28363 0.7273819308339129
20.28484 0.7271290383764304
20.28604 0.726876145918948
20.28725 0.7265600303470948
20.28846 0.7263071378896124
20.28966 0.7259910223177594
20.29087 0.7257381298602769
20.29208 0.7254220142884238
20.29328 0.7251058987165707
20.29449 0.7248530062590883
20.2957 0.7245368906872351
20.2969 0.7242207751153822
20.29811 0.7239046595435291
20.29932 0.723588543971676
20.30052 0.723272428399823
20.30173 0.7230195359423405
20.30294 0.7227034203704874
20.30414 0.7223873047986343
20.30535 0.7220711892267814
20.30656 0.7217550736549282
20.30776 0.7214389580830751
20.30897 0.721122842511222
20.31018 0.7207435038249984
20.31139 0.7204273882531453
20.31259 0.7201112726812923
20.3138 0.7197951571094392
20.31501 0.7194158184232156
20.31621 0.7190997028513624
20.31742 0.7187203641651387
20.31863 0.7184042485932857
20.31983 0.718024909907062
20.32104 0.7176455712208383
20.32225 0.7172662325346146
20.32345 0.716886893848391
20.32466 0.7165075551621672
20.32587 0.7161282164759436
20.32707 0.71574887778972
20.32828 0.7153063159891256
20.32949 0.7149269773029019
20.33069 0.7144844155023076
20.3319 0.7141050768160839
20.33311 0.7136625150154896
20.33431 0.7132199532148953
20.33552 0.7127773914143011
20.33673 0.7122716064993361
20.33794 0.7118290446987419
20.33914 0.711323259783777
20.34035 0.7108806979831827
20.34156 0.7103749130682178
20.34276 0.7098691281532529
20.34397 0.7093633432382879
20.34518 0.708857558323323
20.34638 0.7083517734083581
20.34759 0.7078459884933932
20.3488 0.7073402035784282
20.35 0.7067711955490927
20.35121 0.7062654106341278
20.35242 0.7056964026047923
20.35362 0.7051906176898274
20.35483 0.7046216096604918
20.35604 0.7041158247455269
20.35724 0.7035468167161915
20.35845 0.7029778086868559
20.35966 0.702472023771891
20.36086 0.7019030157425554
20.36207 0.70133400771322
20.36328 0.7007649996838844
20.36449 0.7002592147689195
20.36569 0.699690206739584
20.3669 0.6991211987102485
20.36811 0.6986154137952836
20.36931 0.698046405765948
20.37052 0.6975406208509831
20.37173 0.6969716128216477
20.37293 0.6964658279066827
20.37414 0.6958968198773472
20.37535 0.6953278118480116
20.37655 0.6948220269330467
20.37776 0.6942530189037112
20.37897 0.6936840108743756
20.38017 0.6931150028450401
20.38138 0.6925459948157046
20.38259 0.6920402099007397
20.38379 0.6914712018714041
20.385 0.6909021938420686
20.38621 0.6903331858127331
20.38741 0.6897641777833976
20.38862 0.689195169754062
20.38983 0.6886261617247266
20.39104 0.688057153695391
20.39224 0.6874881456660555
20.39345 0.68691913763672
20.39466 0.6863501296073845
20.39586 0.6857811215780489
20.39707 0.6852121135487134
20.39828 0.6846431055193778
20.39948 0.6840740974900423
20.40069 0.6835050894607068
20.4019 0.6829993045457419
20.4031 0.6824302965164063
20.40431 0.6818612884870708
20.40552 0.681355503572106
20.40672 0.680849718657141
20.40793 0.6802807106278055
20.40914 0.6797749257128406
20.41034 0.6792691407978756
20.41155 0.6787633558829107
20.41276 0.6782575709679458
20.41396 0.6777517860529809
20.41517 0.677246001138016
20.41638 0.6767402162230511
20.41759 0.6762976544224568
20.41879 0.6757918695074919
20.42 0.675286084592527
20.42121 0.6748435227919327
20.42241 0.6743377378769678
20.42362 0.6738951760763735
20.42483 0.6733893911614085
20.42603 0.6729468293608143
20.42724 0.6725042675602201
20.42845 0.6719984826452551
20.42965 0.6715559208446608
20.43086 0.6711133590440664
20.43207 0.6706707972434721
20.43327 0.6702282354428779
20.43448 0.6697856736422836
20.43569 0.6693431118416894
20.43689 0.668900550041095
20.4381 0.6684579882405007
20.43931 0.6680154264399064
20.44051 0.6676360877536828
20.44172 0.6671935259530885
20.44293 0.6667509641524941
20.44414 0.6663716254662704
20.44534 0.6659290636656761
20.44655 0.6655497249794525
20.44776 0.6651703862932288
20.44896 0.6647278244926345
20.45017 0.6643484858064108
20.45138 0.6639691471201872
20.45258 0.6635898084339634
20.45379 0.6632104697477397
20.455 0.662831131061516
20.4562 0.6624517923752924
20.45741 0.6620724536890686
20.45862 0.6617563381172157
20.45982 0.6613769994309919
20.46103 0.6609976607447683
20.46224 0.6606815451729152
20.46344 0.6603022064866916
20.46465 0.6599860909148384
20.46586 0.6596699753429854
20.46707 0.6593538597711323
20.46827 0.6589745210849086
20.46948 0.6586584055130555
20.47069 0.6583422899412025
20.47189 0.6580261743693494
20.4731 0.6577100587974963
20.47431 0.6573939432256433
20.47551 0.6570778276537902
20.47672 0.6568249351963077
20.47793 0.6565088196244547
20.47913 0.6561927040526015
20.48034 0.6558765884807485
20.48155 0.6556236960232661
20.48275 0.655307580451413
20.48396 0.65499146487956
20.48517 0.6547385724220774
20.48637 0.6544224568502245
20.48758 0.6541063412783713
20.48879 0.6538534488208889
20.48999 0.6535373332490358
20.4912 0.6532844407915535
20.49241 0.6529683252197003
20.49362 0.6527154327622179
20.49482 0.6524625403047354
20.49603 0.6521464247328823
20.49724 0.6518935322753998
20.49844 0.6516406398179174
20.49965 0.6513877473604349
20.50086 0.6511348549029525
20.50206 0.65088196244547
20.50327 0.6506290699879876
20.50448 0.6503761775305051
20.50568 0.6501232850730227
20.50689 0.6498703926155402
20.5081 0.6496807232724284
20.5093 0.6494278308149459
20.51051 0.6491749383574634
20.51172 0.6489852690143516
20.51292 0.6487323765568692
20.51413 0.6484794840993867
20.51534 0.6482898147562749
20.51654 0.6480369222987924
20.51775 0.6477840298413099
20.51896 0.6475943604981981
20.52017 0.6473414680407157
20.52137 0.6470885755832332
20.52258 0.6468356831257508
20.52379 0.6466460137826389
20.52499 0.6463931213251565
20.5262 0.646140228867674
20.52741 0.6458873364101916
20.52861 0.6456344439527091
20.52982 0.6453815514952267
20.53103 0.6451286590377442
20.53223 0.6448757665802617
20.53344 0.6446228741227792
20.53465 0.6443699816652968
20.53585 0.6440538660934437
20.53706 0.6438009736359613
20.53827 0.6435480811784788
20.53947 0.6432319656066258
20.54068 0.6429790731491433
20.54189 0.6427261806916609
20.54309 0.6424100651198078
20.5443 0.6421571726623253
20.54551 0.6419042802048428
20.54672 0.6415881646329898
20.54792 0.6413352721755073
20.54913 0.6410191566036543
20.55034 0.6407662641461718
20.55154 0.6404501485743188
20.55275 0.6401972561168363
20.55396 0.6398811405449832
20.55516 0.6396282480875007
20.55637 0.6393121325156477
20.55758 0.6389960169437946
20.55878 0.6387431244863121
20.55999 0.6384270089144591
20.5612 0.6381108933426061
20.5624 0.637794777770753
20.56361 0.6374786621988999
20.56482 0.6372257697414174
20.56602 0.6369096541695644
20.56723 0.6365935385977113
20.56844 0.6362774230258582
20.56964 0.6358980843396346
20.57085 0.6355819687677814
20.57206 0.6352658531959284
20.57327 0.6349497376240754
20.57447 0.6346336220522223
20.57568 0.6342542833659987
20.57689 0.6339381677941455
20.57809 0.6335588291079218
20.5793 0.6332427135360688
20.58051 0.632863374849845
20.58171 0.6324840361636215
20.58292 0.6321679205917683
20.58413 0.6317885819055447
20.58533 0.631409243219321
20.58654 0.6310299045330973
20.58775 0.6306505658468736
20.58895 0.6302712271606499
20.59016 0.6298918884744262
20.59137 0.6295125497882026
20.59257 0.6291332111019788
20.59378 0.6287538724157552
20.59499 0.6283745337295316
20.59619 0.6279951950433078
20.5974 0.6275526332427135
20.59861 0.6271732945564898
20.59982 0.6267939558702662
20.60102 0.6264146171840425
20.60223 0.6259720553834481
20.60344 0.6255927166972245
20.60464 0.6252133780110009
20.60585 0.6248340393247771
20.60706 0.6243914775241828
20.60826 0.6240121388379591
20.60947 0.6236328001517355
20.61068 0.6232534614655117
20.61188 0.6228108996649174
20.61309 0.6224315609786938
20.6143 0.6220522222924701
20.6155 0.6216728836062464
20.61671 0.6212935449200228
20.61792 0.6208509831194284
20.61912 0.6204716444332048
20.62033 0.620092305746981
20.62154 0.6197129670607574
20.62274 0.6192704052601631
20.62395 0.6188910665739394
20.62516 0.6185117278877157
20.62637 0.618132389201492
20.62757 0.6176898274008977
20.62878 0.6173104887146741
20.62999 0.6169311500284503
20.63119 0.6164885882278561
20.6324 0.6161092495416324
20.63361 0.615666687741038
20.63481 0.6152873490548144
20.63602 0.6149080103685908
20.63723 0.6144654485679965
20.63843 0.6140861098817727
20.63964 0.6137067711955491
20.64085 0.6132642093949547
20.64205 0.6128848707087311
20.64326 0.6125055320225073
20.64447 0.612062970221913
20.64567 0.6116836315356895
20.64688 0.6113042928494657
20.64809 0.6108617310488714
20.64929 0.6104823923626478
20.6505 0.6101030536764241
20.65171 0.6097237149902004
20.65292 0.6093443763039766
20.65412 0.6089018145033824
20.65533 0.6085224758171588
20.65654 0.608143137130935
20.65774 0.6077637984447113
20.65895 0.6073844597584876
20.66016 0.607005121072264
20.66136 0.6066257823860403
20.66257 0.6062464436998166
20.66378 0.605867105013593
20.66498 0.6054877663273692
20.66619 0.6050452045267749
20.6674 0.6046658658405513
20.6686 0.6042865271543276
20.66981 0.6039071884681039
20.67102 0.6035278497818802
20.67222 0.6031485110956566
20.67343 0.6027691724094328
20.67464 0.6023898337232092
20.67585 0.6020104950369854
20.67705 0.6016311563507618
20.67826 0.6012518176645382
20.67947 0.6008724789783144
20.68067 0.6004931402920908
20.68188 0.6001138016058671
20.68309 0.5997344629196434
20.68429 0.5994183473477903
20.6855 0.5990390086615667
20.68671 0.5986596699753429
20.68791 0.5982803312891193
20.68912 0.5979642157172662
20.69033 0.5975848770310426
20.69153 0.5972055383448188
20.69274 0.5968894227729657
20.69395 0.5965100840867421
20.69515 0.596193968514889
20.69636 0.5958146298286654
20.69757 0.5954985142568122
20.69877 0.5951823986849593
20.69998 0.5948662831131061
20.70119 0.5944869444268824
20.7024 0.5941708288550294
20.7036 0.5938547132831763
20.70481 0.5935385977113232
20.70602 0.5931592590250996
20.70722 0.5928431434532465
20.70843 0.5925270278813934
20.70964 0.5922109123095404
20.71084 0.5918947967376873
20.71205 0.5915786811658342
20.71326 0.5912625655939812
20.71446 0.5909464500221281
20.71567 0.590630334450275
20.71688 0.590314218878422
20.71808 0.5899981033065689
20.71929 0.5896819877347158
20.7205 0.5893658721628627
20.7217 0.5891129797053802
20.72291 0.5887968641335273
20.72412 0.5884807485616741
20.72532 0.5882278561041917
20.72653 0.5879117405323386
20.72774 0.5876588480748561
20.72895 0.5873427325030031
20.73015 0.5870898400455206
20.73136 0.5867737244736676
20.73257 0.5865208320161851
20.73377 0.5862679395587027
20.73498 0.5860150471012201
20.73619 0.5856989315293671
20.73739 0.5854460390718846
20.7386 0.5851931466144022
20.73981 0.5849402541569197
20.74101 0.5847505848138079
20.74222 0.5844976923563254
20.74343 0.584244799898843
20.74463 0.5839919074413605
20.74584 0.5838022380982487
20.74705 0.5835493456407662
20.74825 0.5833596762976544
20.74946 0.5831700069545426
20.75067 0.5829171144970602
20.75187 0.5827274451539483
20.75308 0.5825377758108364
20.75429 0.5823481064677246
20.7555 0.5821584371246127
20.7567 0.581968767781501
20.75791 0.581779098438389
20.75912 0.5815894290952772
20.76032 0.5813997597521654
20.76153 0.5812100904090535
20.76274 0.5810204210659417
20.76394 0.5808307517228298
20.76515 0.580641082379718
20.76636 0.5804514130366062
20.76756 0.5802617436934944
20.76877 0.5800720743503824
20.76998 0.5799456281216413
20.77118 0.5797559587785295
20.77239 0.5795662894354175
20.7736 0.5793766200923057
20.7748 0.5791869507491939
20.77601 0.578997281406082
20.77722 0.5788076120629703
20.77842 0.5786179427198583
20.77963 0.5784282733767465
20.78084 0.5782386040336347
20.78205 0.5780489346905229
20.78325 0.5778592653474109
20.78446 0.5776695960042992
20.78567 0.5774799266611873
20.78687 0.5772902573180755
20.78808 0.5771005879749637
20.78929 0.5769109186318517
20.79049 0.5767212492887399
20.7917 0.5765948030599988
20.79291 0.5764051337168868
20.79411 0.576215464373775
20.79532 0.5760257950306632
20.79653 0.5758361256875513
20.79773 0.5756464563444396
20.79894 0.5755200101156983
20.80015 0.5753303407725864
20.80135 0.5751406714294746
20.80256 0.5749510020863627
20.80377 0.5747613327432509
20.80497 0.5745716634001391
20.80618 0.5743819940570273
20.80739 0.5741923247139153
20.8086 0.5740026553708035
20.8098 0.5738129860276917
20.81101 0.5736233166845799
20.81222 0.5734336473414681
20.81342 0.5732439779983561
20.81463 0.5729910855408737
20.81584 0.5728014161977619
20.81704 0.5725485237402794
20.81825 0.5723588543971676
20.81946 0.5721059619396851
20.82066 0.5719162925965733
20.82187 0.5716634001390908
20.82308 0.5714105076816084
20.82428 0.5711576152241259
20.82549 0.5709047227666435
20.8267 0.570651830309161
20.8279 0.5703989378516785
20.82911 0.5700828222798255
20.83032 0.569829929822343
20.83152 0.56951381425049
20.83273 0.5692609217930075
20.83394 0.5689448062211544
20.83515 0.568691913763672
20.83635 0.5683757981918188
20.83756 0.5681229057343364
20.83877 0.5678067901624834
20.83997 0.5674906745906304
20.84118 0.5671745590187772
20.84239 0.5668584434469242
20.84359 0.5666055509894418
20.8448 0.5662894354175886
20.84601 0.5659733198457356
20.84721 0.5656572042738824
20.84842 0.5653410887020295
20.84963 0.5650249731301764
20.85083 0.5647088575583232
20.85204 0.5643927419864703
20.85325 0.5640766264146171
20.85445 0.5637605108427641
20.85566 0.5634443952709111
20.85687 0.563128279699058
20.85807 0.5628121641272049
20.85928 0.5624960485553517
20.86049 0.5621799329834988
20.8617 0.5618638174116457
20.8629 0.5615477018397926
20.86411 0.5612315862679396
20.86532 0.5609154706960864
20.86652 0.5605993551242334
20.86773 0.5602832395523804
20.86894 0.5599671239805273
20.87014 0.5596510084086742
20.87135 0.559334892836821
20.87256 0.5590187772649681
20.87376 0.5586394385787443
20.87497 0.5583233230068912
20.87618 0.5580072074350383
20.87738 0.5576278687488145
20.87859 0.5573117531769615
20.8798 0.5569956376051084
20.881 0.5566162989188846
20.88221 0.5563001833470317
20.88342 0.5559208446608079
20.88463 0.5556047290889549
20.88583 0.5552886135171019
20.88704 0.5549092748308782
20.88825 0.5545931592590251
20.88945 0.554277043687172
20.89066 0.5539609281153189
20.89187 0.5536448125434659
20.89307 0.5533286969716128
20.89428 0.5530125813997597
20.89549 0.5526964658279067
20.89669 0.5523803502560536
20.8979 0.5520642346842005
20.89911 0.5517481191123474
20.90031 0.5514952266548651
20.90152 0.5511791110830119
20.90273 0.5509262186255295
20.90393 0.550673326168047
20.90514 0.5503572105961939
20.90635 0.5501043181387115
20.90755 0.549851425681229
20.90876 0.5496617563381172
20.90997 0.5494088638806348
20.91118 0.5491559714231523
20.91238 0.5489030789656698
20.91359 0.5486501865081873
20.9148 0.5484605171650755
20.916 0.5482076247075931
20.91721 0.5480179553644812
20.91842 0.5477650629069988
20.91962 0.547575393563887
20.92083 0.5473225011064045
20.92204 0.5471328317632926
20.92324 0.5469431624201808
20.92445 0.546753493077069
20.92566 0.5465006006195865
20.92686 0.5463109312764747
20.92807 0.5461212619333629
20.92928 0.5459315925902509
20.93048 0.5458051463615098
20.93169 0.545615477018398
20.9329 0.545425807675286
20.9341 0.5452993614465448
20.93531 0.5451096921034331
20.93652 0.5449832458746917
20.93773 0.5447935765315799
20.93893 0.5446671303028388
20.94014 0.5445406840740975
20.94135 0.5444142378453563
20.94255 0.544287791616615
20.94376 0.5441613453878738
20.94497 0.5440348991591326
20.94617 0.5439716760447619
20.94738 0.5438452298160207
20.94859 0.5437820067016501
20.94979 0.5436555604729089
20.951 0.5435923373585383
20.95221 0.5435291142441677
20.95341 0.543465891129797
20.95462 0.5434026680154264
20.95583 0.5433394449010558
20.95703 0.5433394449010558
20.95824 0.5432762217866852
20.95945 0.5432762217866852
20.96065 0.5432129986723145
20.96186 0.5432129986723145
20.96307 0.5432129986723145
20.96428 0.5432129986723145
20.96548 0.5432129986723145
20.96669 0.5432129986723145
20.9679 0.5432129986723145
20.9691 0.5432129986723145
20.97031 0.5432762217866852
20.97152 0.5432762217866852
20.97272 0.5432762217866852
20.97393 0.5433394449010558
20.97514 0.5433394449010558
20.97634 0.5434026680154264
20.97755 0.5434026680154264
20.97876 0.543465891129797
20.97996 0.5435291142441677
20.98117 0.5435923373585383
20.98238 0.5435923373585383
20.98358 0.5436555604729089
20.98479 0.5437187835872794
20.986 0.5437820067016501
20.9872 0.5437820067016501
20.98841 0.5438452298160207
20.98962 0.5439084529303913
20.99083 0.5439716760447619
20.99203 0.5440348991591326
20.99324 0.5440981222735032
20.99445 0.5441613453878738
20.99565 0.5442245685022444
20.99686 0.544287791616615
20.99807 0.5444142378453563
20.99927 0.5444774609597268
21.00048 0.5446039071884681
21.00169 0.5446671303028388
21.00289 0.5447935765315799
21.0041 0.5449200227603211
21.00531 0.5450464689890624
21.00651 0.5451729152178036
21.00772 0.5452361383321742
21.00893 0.5453625845609155
21.01013 0.5454890307896566
21.01134 0.545615477018398
21.01255 0.5457419232471391
21.01375 0.5458683694758804
21.01496 0.5459948157046216
21.01617 0.5461212619333629
21.01738 0.5462477081621041
21.01858 0.5463741543908452
21.01979 0.5464373775052159
21.021 0.5465638237339571
21.0222 0.5466902699626984
21.02341 0.546753493077069
21.02462 0.5468799393058101
21.02582 0.5469431624201808
21.02703 0.547069608648922
21.02824 0.5471328317632926
21.02944 0.5471960548776633
21.03065 0.5472592779920339
21.03186 0.5473225011064045
21.03306 0.5473225011064045
21.03427 0.5473857242207751
21.03548 0.5473857242207751
21.03668 0.5474489473351457
21.03789 0.5474489473351457
21.0391 0.5475121704495163
21.0403 0.5475121704495163
21.04151 0.547575393563887
21.04272 0.547575393563887
21.04393 0.547575393563887
21.04513 0.547575393563887
21.04634 0.5476386166782575
21.04755 0.5476386166782575
21.04875 0.5476386166782575
21.04996 0.5476386166782575
21.05117 0.5476386166782575
21.05237 0.5476386166782575
21.05358 0.5476386166782575
21.05479 0.547575393563887
21.05599 0.547575393563887
21.0572 0.547575393563887
21.05841 0.5475121704495163
21.05961 0.5475121704495163
21.06082 0.5474489473351457
21.06203 0.5473857242207751
21.06323 0.5473857242207751
21.06444 0.5473225011064045
21.06565 0.5472592779920339
21.06685 0.5471960548776633
21.06806 0.5471328317632926
21.06927 0.5470063855345514
21.07048 0.5469431624201808
21.07168 0.5468799393058101
21.07289 0.546753493077069
21.0741 0.5466270468483277
21.0753 0.5465006006195865
21.07651 0.5464373775052159
21.07772 0.5463109312764747
21.07892 0.5461212619333629
21.08013 0.5459948157046216
21.08134 0.5458051463615098
21.08254 0.5456787001327685
21.08375 0.5454890307896566
21.08496 0.5452993614465448
21.08616 0.5451096921034331
21.08737 0.5449200227603211
21.08858 0.5446671303028388
21.08978 0.5444774609597268
21.09099 0.5442245685022444
21.0922 0.5440348991591326
21.0934 0.5437820067016501
21.09461 0.5435291142441677
21.09582 0.5433394449010558
21.09703 0.5430865524435734
21.09823 0.5428336599860909
21.09944 0.5425807675286084
21.10065 0.542327875071126
21.10185 0.5420749826136435
21.10306 0.5418220901561611
21.10427 0.5415691976986786
21.10547 0.5413163052411962
21.10668 0.5410634127837137
21.10789 0.5408105203262313
21.10909 0.5405576278687488
21.1103 0.5403047354112663
21.11151 0.5400518429537838
21.11271 0.5397989504963014
21.11392 0.5395460580388189
21.11513 0.5392931655813366
21.11633 0.539040273123854
21.11754 0.5388506037807422
21.11875 0.5385977113232597
21.11996 0.5384080419801479
21.12116 0.5381551495226655
21.12237 0.537902257065183
21.12358 0.5377125877220712
21.12478 0.5374596952645887
21.12599 0.5372068028071063
21.1272 0.5369539103496238
21.1284 0.5367010178921413
21.12961 0.5364481254346588
21.13082 0.5361952329771764
21.13202 0.5359423405196939
21.13323 0.5356894480622115
21.13444 0.535436555604729
21.13564 0.5351836631472466
21.13685 0.5349307706897642
21.13806 0.5346146551179111
21.13926 0.5343617626604287
21.14047 0.5341720933173167
21.14168 0.5339192008598344
21.14288 0.5336663084023519
21.14409 0.5334134159448695
21.1453 0.533160523487387
21.14651 0.5329708541442751
21.14771 0.5327179616867926
21.14892 0.5325282923436808
21.15013 0.5322753998861984
21.15133 0.5320857305430865
21.15254 0.5318960611999747
21.15375 0.5317063918568629
21.15495 0.531516722513751
21.15616 0.5313270531706392
21.15737 0.531200606941898
21.15857 0.531010937598786
21.15978 0.5308844913700449
21.16099 0.5307580451413036
21.16219 0.5306315989125624
21.1634 0.5305051526838211
21.16461 0.5304419295694506
21.16581 0.5303154833407093
21.16702 0.5302522602263388
21.16823 0.5301890371119682
21.16943 0.5300625908832268
21.17064 0.5299993677688563
21.17185 0.5299361446544857
21.17306 0.529872921540115
21.17426 0.529872921540115
21.17547 0.5298096984257444
21.17668 0.5297464753113739
21.17788 0.5297464753113739
21.17909 0.5296832521970032
21.1803 0.5296832521970032
21.1815 0.5296832521970032
21.18271 0.5296832521970032
21.18392 0.5296832521970032
21.18512 0.5296832521970032
21.18633 0.5296832521970032
21.18754 0.5296832521970032
21.18874 0.5297464753113739
21.18995 0.5297464753113739
21.19116 0.5298096984257444
21.19236 0.5298096984257444
21.19357 0.529872921540115
21.19478 0.5299361446544857
21.19598 0.5299993677688563
21.19719 0.5300625908832268
21.1984 0.5301258139975975
21.19961 0.5301890371119682
21.20081 0.5303154833407093
21.20202 0.53037870645508
21.20323 0.5305051526838211
21.20443 0.5305683757981917
21.20564 0.5306948220269331
21.20685 0.5308212682556743
21.20805 0.5309477144844155
21.20926 0.5310741607131567
21.21047 0.531200606941898
21.21167 0.5313902762850098
21.21288 0.531516722513751
21.21409 0.5317063918568629
21.21529 0.5318960611999747
21.2165 0.5320857305430865
21.21771 0.5322753998861984
21.21891 0.5325282923436808
21.22012 0.5327179616867926
21.22133 0.5329076310299046
21.22253 0.533160523487387
21.22374 0.5334134159448695
21.22495 0.5336030852879813
21.22616 0.5338559777454638
21.22736 0.5341088702029462
21.22857 0.5343617626604287
21.22978 0.5346146551179111
21.23098 0.5348675475753936
21.23219 0.5351204400328761
21.2334 0.5353733324903585
21.2346 0.535626224947841
21.23581 0.5358791174053233
21.23702 0.5361320098628058
21.23822 0.5363849023202882
21.23943 0.5366377947777707
21.24064 0.5368906872352531
21.24184 0.5371435796927356
21.24305 0.5373964721502181
21.24426 0.5376493646077006
21.24546 0.537902257065183
21.24667 0.5381551495226655
21.24788 0.5384080419801479
21.24908 0.5385977113232597
21.25029 0.5388506037807422
21.2515 0.5391034962382246
21.25271 0.5392931655813366
21.25391 0.5395460580388189
21.25512 0.5397989504963014
21.25633 0.5400518429537838
21.25753 0.5403047354112663
21.25874 0.5405576278687488
21.25995 0.5408105203262313
21.26115 0.5410634127837137
21.26236 0.5413163052411962
21.26357 0.5415691976986786
21.26477 0.5418220901561611
21.26598 0.5420749826136435
21.26719 0.5423910981854966
21.26839 0.5426439906429791
21.2696 0.5428968831004615
21.27081 0.543149775557944
21.27201 0.5434026680154264
21.27322 0.5436555604729089
21.27443 0.5439084529303913
21.27563 0.5441613453878738
21.27684 0.5444142378453563
21.27805 0.5446039071884681
21.27926 0.5448567996459506
21.28046 0.5451096921034331
21.28167 0.5452993614465448
21.28288 0.5455522539040273
21.28408 0.5457419232471391
21.28529 0.5459948157046216
21.2865 0.5461844850477334
21.2877 0.5463741543908452
21.28891 0.5465638237339571
21.29012 0.546753493077069
21.29132 0.5469431624201808
21.29253 0.547069608648922
21.29374 0.5472592779920339
21.29494 0.5473857242207751
21.29615 0.547575393563887
21.29736 0.5477018397926282
21.29856 0.5478282860213695
21.29977 0.5480179553644812
21.30098 0.5481444015932224
21.30218 0.5482708478219638
21.30339 0.5483972940507049
21.3046 0.5484605171650755
21.30581 0.5485869633938167
21.30701 0.548713409622558
21.30822 0.5488398558512992
21.30943 0.5489030789656698
21.31063 0.5490295251944111
21.31184 0.5490927483087816
21.31305 0.5492191945375229
21.31425 0.5492824176518936
21.31546 0.5493456407662641
21.31667 0.5494720869950054
21.31787 0.549535310109376
21.31908 0.5495985332237465
21.32029 0.5496617563381172
21.32149 0.5497249794524878
21.3227 0.5497882025668585
21.32391 0.549851425681229
21.32511 0.5499146487955997
21.32632 0.5499778719099703
21.32753 0.5500410950243408
21.32874 0.5500410950243408
21.32994 0.5501043181387115
21.33115 0.5501675412530821
21.33236 0.5501675412530821
21.33356 0.5502307643674527
21.33477 0.5502939874818233
21.33598 0.5502939874818233
21.33718 0.5503572105961939
21.33839 0.5503572105961939
21.3396 0.5503572105961939
21.3408 0.5503572105961939
21.34201 0.5504204337105646
21.34322 0.5504204337105646
21.34442 0.5504204337105646
21.34563 0.5504204337105646
21.34684 0.5504204337105646
21.34804 0.5503572105961939
21.34925 0.5503572105961939
21.35046 0.5503572105961939
21.35166 0.5503572105961939
21.35287 0.5502939874818233
21.35408 0.5502939874818233
21.35529 0.5502307643674527
21.35649 0.5502307643674527
21.3577 0.5501675412530821
21.35891 0.5501675412530821
21.36011 0.5501043181387115
21.36132 0.5501043181387115
21.36253 0.5500410950243408
21.36373 0.5499778719099703
21.36494 0.5499146487955997
21.36615 0.5499146487955997
21.36735 0.549851425681229
21.36856 0.5497882025668585
21.36977 0.5497882025668585
21.37097 0.5497249794524878
21.37218 0.5496617563381172
21.37339 0.5495985332237465
21.37459 0.5495985332237465
21.3758 0.549535310109376
21.37701 0.5494720869950054
21.37821 0.5494088638806348
21.37942 0.5494088638806348
21.38063 0.5493456407662641
21.38184 0.5492824176518936
21.38304 0.5492824176518936
21.38425 0.5492191945375229
21.38546 0.5491559714231523
21.38666 0.5490927483087816
21.38787 0.5490927483087816
21.38908 0.5490295251944111
21.39028 0.5489663020800405
21.39149 0.5489030789656698
21.3927 0.5488398558512992
21.3939 0.5488398558512992
21.39511 0.5487766327369287
21.39632 0.548713409622558
21.39752 0.5486501865081873
21.39873 0.5485869633938167
21.39994 0.5485237402794462
21.40114 0.5484605171650755
21.40235 0.5483972940507049
21.40356 0.5483340709363344
21.40476 0.5482708478219638
21.40597 0.5482076247075931
21.40718 0.5481444015932224
21.40839 0.5481444015932224
21.40959 0.5480811784788518
21.4108 0.5480179553644812
21.41201 0.5479547322501106
21.41321 0.54789150913574
21.41442 0.5478282860213695
21.41563 0.5477650629069988
21.41683 0.5477018397926282
21.41804 0.5476386166782575
21.41925 0.547575393563887
21.42045 0.5475121704495163
21.42166 0.5474489473351457
21.42287 0.5473857242207751
21.42407 0.5473225011064045
21.42528 0.5472592779920339
21.42649 0.5471960548776633
21.42769 0.5471328317632926
21.4289 0.547069608648922
21.43011 0.5469431624201808
21.43131 0.5468799393058101
21.43252 0.5468167161914396
21.43373 0.546753493077069
21.43494 0.5466902699626984
21.43614 0.5466270468483277
21.43735 0.5465638237339571
21.43856 0.5465006006195865
21.43976 0.5464373775052159
21.44097 0.5463741543908452
21.44218 0.5462477081621041
21.44338 0.5461844850477334
21.44459 0.5461212619333629
21.4458 0.5460580388189922
21.447 0.5459948157046216
21.44821 0.5459315925902509
21.44942 0.5458683694758804
21.45062 0.5458051463615098
21.45183 0.5456787001327685
21.45304 0.545615477018398
21.45424 0.5455522539040273
21.45545 0.5454890307896566
21.45666 0.545425807675286
21.45786 0.5453625845609155
21.45907 0.5452993614465448
21.46028 0.5452361383321742
21.46149 0.5451729152178036
21.46269 0.5450464689890624
21.4639 0.5449832458746917
21.46511 0.5449200227603211
21.46631 0.5448567996459506
21.46752 0.5447935765315799
21.46873 0.5447303534172093
21.46993 0.5446671303028388
21.47114 0.5446039071884681
21.47235 0.5445406840740975
21.47355 0.5445406840740975
21.47476 0.5444774609597268
21.47597 0.5444142378453563
21.47717 0.5443510147309856
21.47838 0.5443510147309856
21.47959 0.544287791616615
21.48079 0.5442245685022444
21.482 0.5442245685022444
21.48321 0.5441613453878738
21.48441 0.5440981222735032
21.48562 0.5440981222735032
21.48683 0.5440348991591326
21.48804 0.5440348991591326
21.48924 0.5439716760447619
21.49045 0.5439084529303913
21.49166 0.5439084529303913
21.49286 0.5438452298160207
21.49407 0.5437820067016501
21.49528 0.5437820067016501
21.49648 0.5437187835872794
21.49769 0.5436555604729089
21.4989 0.5435923373585383
21.5001 0.5435291142441677
21.50131 0.543465891129797
21.50252 0.5434026680154264
21.50372 0.5433394449010558
21.50493 0.5432762217866852
21.50614 0.5432129986723145
21.50734 0.543149775557944
21.50855 0.5430865524435734
21.50976 0.5429601062148321
21.51096 0.5428968831004615
21.51217 0.5427704368717202
21.51338 0.5426439906429791
21.51459 0.5425807675286084
21.51579 0.5424543212998673
21.517 0.542327875071126
21.51821 0.5422646519567553
21.51941 0.5421382057280142
21.52062 0.5420749826136435
21.52183 0.5419485363849024
21.52303 0.5418853132705317
21.52424 0.5417588670417904
21.52545 0.5416956439274199
21.52665 0.5415691976986786
21.52786 0.541505974584308
21.52907 0.5413795283555668
21.53027 0.5412530821268255
21.53148 0.5411898590124549
21.53269 0.5410634127837137
21.53389 0.5409369665549725
21.5351 0.5408105203262313
21.53631 0.54068407409749
21.53752 0.5405576278687488
21.53872 0.5404311816400076
21.53993 0.5402415122968958
21.54114 0.5401150660681545
21.54234 0.5399253967250427
21.54355 0.5397357273819309
21.54476 0.5395460580388189
21.54596 0.5393563886957071
21.54717 0.5391667193525953
21.54838 0.5389770500094835
21.54958 0.538724157552001
21.55079 0.5384712650945185
21.552 0.5382183726370361
21.5532 0.5379654801795536
21.55441 0.5376493646077006
21.55562 0.5373332490358474
21.55682 0.5370171334639944
21.55803 0.5367010178921413
21.55924 0.5363849023202882
21.56044 0.5360055636340646
21.56165 0.535626224947841
21.56286 0.5352468862616172
21.56407 0.5348043244610229
21.56527 0.5343617626604287
21.56648 0.5339192008598344
21.56769 0.53347663905924
21.56889 0.5330340772586457
21.5701 0.5325282923436808
21.57131 0.5320857305430865
21.57251 0.5315799456281216
21.57372 0.5310741607131567
21.57493 0.5305683757981917
21.57613 0.5299993677688563
21.57734 0.5294935828538914
21.57855 0.5289245748245558
21.57975 0.5283555667952203
21.58096 0.5278497818802553
21.58217 0.5272807738509199
21.58337 0.5267117658215843
21.58458 0.5261427577922488
21.58579 0.5255105266485427
21.58699 0.5249415186192072
21.5882 0.5243725105898717
21.58941 0.5238035025605361
21.59062 0.52317127141683
21.59182 0.5226022633874944
21.59303 0.5219700322437882
21.59424 0.5214010242144528
21.59544 0.5208320161851172
21.59665 0.5201997850414112
21.59786 0.5196307770120756
21.59906 0.5189985458683695
21.60027 0.518429537839034
21.60148 0.5178605298096984
21.60268 0.5172282986659922
21.60389 0.5166592906366567
21.6051 0.5160902826073211
21.6063 0.5154580514636151
21.60751 0.514825820319909
21.60872 0.5141303660618322
21.60992 0.513498134918126
21.61113 0.5128026806600493
21.61234 0.5121072264019726
21.61354 0.5114117721438958
21.61475 0.5107163178858191
21.61596 0.5099576405133717
21.61717 0.5092621862552948
21.61837 0.5085035088828476
21.61958 0.5078080546247709
21.62079 0.5070493772523234
21.62199 0.5063539229942466
21.6232 0.5055952456217994
21.62441 0.5048997913637225
21.62561 0.5041411139912753
21.62682 0.5034456597331984
21.62803 0.502686982360751
21.62923 0.5019915281026743
21.63044 0.5012960738445975
21.63165 0.5006638427008914
21.63285 0.49996838844281466
21.63406 0.4993361572991085
21.63527 0.49870392615540243
21.63647 0.4980716950116963
21.63768 0.4975026869823607
21.63889 0.4969336789530252
21.64009 0.4963646709236897
21.6413 0.49579566289435417
21.64251 0.4952898779793893
21.64372 0.494847316178795
21.64492 0.4944047543782007
21.64613 0.4939621925776064
21.64734 0.4935828538913827
21.64854 0.493203515205159
21.64975 0.4928873996333059
21.65096 0.4925712840614528
21.65216 0.49225516848959977
21.65337 0.4920022760321173
21.65458 0.4916861604602643
21.65578 0.49143326800278175
21.65699 0.49124359865967
21.6582 0.49099070620218754
21.6594 0.49080103685907567
21.66061 0.49061136751596385
21.66182 0.49042169817285197
21.66302 0.4902320288297401
21.66423 0.49010558260099896
21.66544 0.48997913637225765
21.66664 0.4898526901435164
21.66785 0.48978946702914583
21.66906 0.48966302080040464
21.67027 0.48959979768603396
21.67147 0.48959979768603396
21.67268 0.4895365745716634
21.67389 0.4895365745716634
21.67509 0.48947335145729276
21.6763 0.4895365745716634
21.67751 0.4895365745716634
21.67871 0.4895365745716634
21.67992 0.48959979768603396
21.68113 0.48966302080040464
21.68233 0.48978946702914583
21.68354 0.4898526901435164
21.68475 0.48997913637225765
21.68595 0.49010558260099896
21.68716 0.4902320288297401
21.68837 0.4903584750584814
21.68957 0.4905481444015932
21.69078 0.490737813744705
21.69199 0.49092748308781686
21.69319 0.49111715243092874
21.6944 0.4913700448884112
21.69561 0.49162293734589363
21.69682 0.4918758298033761
21.69802 0.4921919453752292
21.69923 0.4925080609470822
21.70044 0.4928873996333059
21.70164 0.49326673831952966
21.70285 0.49364607700575325
21.70406 0.49408863880634757
21.70526 0.4945312006069419
21.70647 0.4950369855219068
21.70768 0.49547954732250105
21.70888 0.49598533223746605
21.71009 0.49649111715243094
21.7113 0.4970601251817664
21.7125 0.4975659100967314
21.71371 0.49813491812606686
21.71492 0.49870392615540243
21.71612 0.4992729341847379
21.71733 0.49984194221407346
21.71854 0.500410950243409
21.71974 0.5009799582727446
21.72095 0.50154896630208
21.72216 0.5021811974457862
21.72337 0.5027502054751216
21.72457 0.5033824366188278
21.72578 0.5039514446481633
21.72699 0.5045204526774989
21.72819 0.5050894607068345
21.7294 0.5056584687361699
21.73061 0.5062274767655055
21.73181 0.506796484794841
21.73302 0.5073654928241765
21.73423 0.5078712777391414
21.73543 0.508440285768477
21.73664 0.5089460706834419
21.73785 0.5094518555984068
21.73905 0.5098944173990011
21.74026 0.510400202313966
21.74147 0.5108427641145602
21.74267 0.5113485490295251
21.74388 0.5117911108301194
21.74509 0.5122968957450844
21.7463 0.5128026806600493
21.7475 0.5132452424606436
21.74871 0.5137510273756085
21.74992 0.5142568122905734
21.75112 0.5147625972055384
21.75233 0.5152051590061326
21.75354 0.5157109439210975
21.75474 0.5162167288360624
21.75595 0.5166592906366567
21.75716 0.5171650755516216
21.75836 0.5176076373522159
21.75957 0.5181134222671808
21.76078 0.5185559840677751
21.76198 0.5190617689827401
21.76319 0.5195043307833345
21.7644 0.5199468925839287
21.7656 0.5204526774988936
21.76681 0.5208952392994879
21.76802 0.5213378011000822
21.76922 0.5217803629006765
21.77043 0.5221597015869002
21.77164 0.5226022633874944
21.77285 0.5230448251880887
21.77405 0.5234241638743125
21.77526 0.5238667256749068
21.77647 0.5242460643611304
21.77767 0.524625403047354
21.77888 0.5250047417335778
21.78009 0.5253208573054309
21.78129 0.5257001959916545
21.7825 0.5260163115635076
21.78371 0.5263956502497313
21.78491 0.5267117658215843
21.78612 0.5270278813934375
21.78733 0.5272807738509199
21.78853 0.5275968894227729
21.78974 0.5278497818802553
21.79095 0.5281026743377378
21.79215 0.5283555667952203
21.79336 0.5286084592527028
21.79457 0.5288613517101852
21.79577 0.5291142441676677
21.79698 0.5293039135107795
21.79819 0.5295568059682619
21.7994 0.5297464753113739
21.8006 0.5299361446544857
21.80181 0.5301258139975975
21.80302 0.5303154833407093
21.80422 0.5305051526838211
21.80543 0.5306948220269331
21.80664 0.5308844913700449
21.80784 0.5310741607131567
21.80905 0.531200606941898
21.81026 0.5313902762850098
21.81146 0.531516722513751
21.81267 0.5316431687424922
21.81388 0.5318328380856041
21.81508 0.5319592843143454
21.81629 0.5320857305430865
21.8175 0.5322121767718277
21.8187 0.532338623000569
21.81991 0.5324650692293103
21.82112 0.5326547385724221
21.82232 0.5327811848011633
21.82353 0.5329076310299046
21.82474 0.5330340772586457
21.82595 0.533160523487387
21.82715 0.5332237466017575
21.82836 0.5333501928304989
21.82957 0.53347663905924
21.83077 0.5336030852879813
21.83198 0.5337295315167224
21.83319 0.5338559777454638
21.83439 0.5339824239742049
21.8356 0.5341088702029462
21.83681 0.5342353164316874
21.83801 0.534298539546058
21.83922 0.5344249857747992
21.84043 0.5344882088891699
21.84163 0.5346146551179111
21.84284 0.5346778782322817
21.84405 0.5347411013466523
21.84525 0.5348675475753936
21.84646 0.5349307706897642
21.84767 0.5349939938041348
21.84887 0.5350572169185054
21.85008 0.5351204400328761
21.85129 0.5351836631472466
21.8525 0.5352468862616172
21.8537 0.5353101093759878
21.85491 0.5353733324903585
21.85612 0.535436555604729
21.85732 0.5354997787190997
21.85853 0.5355630018334703
21.85974 0.535626224947841
21.86094 0.5356894480622115
21.86215 0.5357526711765821
21.86336 0.5357526711765821
21.86456 0.5358158942909528
21.86577 0.5358791174053233
21.86698 0.5359423405196939
21.86818 0.5359423405196939
21.86939 0.5360055636340646
21.8706 0.5360687867484353
21.8718 0.5361320098628058
21.87301 0.5361320098628058
21.87422 0.5361952329771764
21.87542 0.5362584560915471
21.87663 0.5363216792059177
21.87784 0.5363849023202882
21.87905 0.5363849023202882
21.88025 0.5364481254346588
21.88146 0.5365113485490295
21.88267 0.5365745716634002
21.88387 0.5366377947777707
21.88508 0.5367010178921413
21.88629 0.5367010178921413
21.88749 0.536764241006512
21.8887 0.5368274641208826
21.88991 0.5368906872352531
21.89111 0.5369539103496238
21.89232 0.5369539103496238
21.89353 0.5370171334639944
21.89473 0.5370803565783651
21.89594 0.5371435796927356
21.89715 0.5371435796927356
21.89835 0.5372068028071063
21.89956 0.5372700259214769
21.90077 0.5372700259214769
21.90197 0.5373332490358474
21.90318 0.5373964721502181
21.90439 0.5373964721502181
21.9056 0.5373964721502181
21.9068 0.5374596952645887
21.90801 0.5374596952645887
21.90922 0.5375229183789593
21.91042 0.5375229183789593
21.91163 0.5375229183789593
21.91284 0.5375229183789593
21.91404 0.5375229183789593
21.91525 0.5375229183789593
21.91646 0.5375229183789593
21.91766 0.5375229183789593
21.91887 0.5375229183789593
21.92008 0.5375229183789593
21.92128 0.5374596952645887
21.92249 0.5374596952645887
21.9237 0.5373964721502181
21.9249 0.5373964721502181
21.92611 0.5373332490358474
21.92732 0.5372700259214769
21.92852 0.5372700259214769
21.92973 0.5372068028071063
21.93094 0.5371435796927356
21.93215 0.5370803565783651
21.93335 0.5370803565783651
21.93456 0.5370171334639944
21.93577 0.5369539103496238
21.93697 0.5368906872352531
21.93818 0.5368274641208826
21.93939 0.5367010178921413
21.94059 0.5366377947777707
21.9418 0.5365745716634002
21.94301 0.5365113485490295
21.94421 0.5363849023202882
21.94542 0.5363216792059177
21.94663 0.5362584560915471
21.94783 0.5361320098628058
21.94904 0.5360055636340646
21.95025 0.5359423405196939
21.95145 0.5358158942909528
21.95266 0.5356894480622115
21.95387 0.535626224947841
21.95508 0.5354997787190997
21.95628 0.5353733324903585
21.95749 0.5352468862616172
21.9587 0.5351204400328761
21.9599 0.5349939938041348
21.96111 0.5348675475753936
21.96232 0.5346778782322817
21.96352 0.5345514320035405
21.96473 0.5344249857747992
21.96594 0.5342353164316874
21.96714 0.5341088702029462
21.96835 0.5339192008598344
21.96956 0.5337927546310931
21.97076 0.5336030852879813
21.97197 0.5334134159448695
21.97318 0.5332237466017575
21.97438 0.5330340772586457
21.97559 0.5328444079155339
21.9768 0.5326547385724221
21.978 0.5324018461149396
21.97921 0.5322121767718277
21.98042 0.5319592843143454
21.98163 0.5317696149712335
21.98283 0.531516722513751
21.98404 0.5312638300562685
21.98525 0.531010937598786
21.98645 0.5307580451413036
21.98766 0.5305051526838211
21.98887 0.5302522602263388
21.99007 0.5299993677688563
21.99128 0.5297464753113739
21.99249 0.5294935828538914
21.99369 0.529240690396409
21.9949 0.5289245748245558
21.99611 0.5286716823670734
21.99731 0.5284187899095909
21.99852 0.5281658974521085
21.99973 0.527913004994626
22.00093 0.5276601125371436
22.00214 0.5274072200796611
22.00335 0.527091104507808
22.00455 0.5268382120503255
22.00576 0.5265853195928432
22.00697 0.5263324271353607
22.00818 0.5260795346778783
22.00938 0.5258898653347664
22.01059 0.525636972877284
22.0118 0.5253840804198014
22.013 0.525131187962319
22.01421 0.5249415186192072
22.01542 0.5246886261617246
22.01662 0.5244989568186129
22.01783 0.5243092874755011
22.01904 0.5240563950180186
22.02024 0.5238667256749068
22.02145 0.5236138332174243
22.02266 0.5234241638743125
22.02386 0.52317127141683
22.02507 0.5229816020737181
22.02628 0.5227287096162357
22.02748 0.5224758171587532
22.02869 0.5222861478156414
22.0299 0.5220332553581589
22.0311 0.5218435860150471
22.03231 0.5215906935575646
22.03352 0.5214010242144528
22.03473 0.5211481317569704
22.03593 0.5209584624138585
22.03714 0.5207055699563761
22.03835 0.5205159006132642
22.03955 0.5203262312701523
22.04076 0.5200733388126699
22.04197 0.519883669469558
22.04317 0.5196940001264462
22.04438 0.5195043307833345
22.04559 0.5193146614402225
22.04679 0.5191249920971107
22.048 0.5189353227539989
22.04921 0.5188088765252575
22.05041 0.5186192071821458
22.05162 0.5184927609534046
22.05283 0.5183030916102926
22.05403 0.5181766453815515
22.05524 0.5180501991528103
22.05645 0.5179237529240691
22.05765 0.5177973066953278
22.05886 0.5177340835809572
22.06007 0.5176076373522159
22.06128 0.5175444142378454
22.06248 0.5174811911234748
22.06369 0.5174179680091041
22.0649 0.5173547448947335
22.0661 0.5172915217803629
22.06731 0.5172915217803629
22.06852 0.5172282986659922
22.06972 0.5172282986659922
22.07093 0.5172282986659922
22.07214 0.5172282986659922
22.07334 0.5172282986659922
22.07455 0.5172282986659922
22.07576 0.5172282986659922
22.07696 0.5172282986659922
22.07817 0.5172915217803629
22.07938 0.5172915217803629
22.08058 0.5173547448947335
22.08179 0.5173547448947335
22.083 0.5174179680091041
22.0842 0.5174811911234748
22.08541 0.5175444142378454
22.08662 0.5176076373522159
22.08783 0.5176708604665865
22.08903 0.5177973066953278
22.09024 0.5178605298096984
22.09145 0.5179237529240691
22.09265 0.5180501991528103
22.09386 0.5181134222671808
22.09507 0.5182398684959221
22.09627 0.5183663147246633
22.09748 0.5184927609534046
22.09869 0.5185559840677751
22.09989 0.5186824302965164
22.1011 0.5188088765252575
22.10231 0.5189353227539989
22.10351 0.5190617689827401
22.10472 0.5191882152114813
22.10593 0.5193778845545931
22.10713 0.5195043307833345
22.10834 0.5196307770120756
22.10955 0.5197572232408169
22.11075 0.5199468925839287
22.11196 0.5200733388126699
22.11317 0.5202630081557817
22.11438 0.5204526774988936
22.11558 0.5206423468420055
22.11679 0.5208320161851172
22.118 0.5210216855282291
22.1192 0.521211354871341
22.12041 0.5214642473288233
22.12162 0.5216539166719353
22.12282 0.5219068091294177
22.12403 0.5221597015869002
22.12524 0.5224125940443826
22.12644 0.5226022633874944
22.12765 0.5228551558449769
22.12886 0.5231080483024593
22.13006 0.5233609407599419
22.13127 0.5236770563317948
22.13248 0.5239299487892773
22.13368 0.5241828412467597
22.13489 0.5244357337042422
22.1361 0.5246886261617246
22.1373 0.5250047417335778
22.13851 0.5252576341910602
22.13972 0.5255105266485427
22.14093 0.5257634191060251
22.14213 0.5260795346778783
22.14334 0.5263324271353607
22.14455 0.5265853195928432
22.14575 0.5268382120503255
22.14696 0.527091104507808
22.14817 0.5273439969652904
22.14937 0.5275968894227729
22.15058 0.5278497818802553
22.15179 0.5281026743377378
22.15299 0.5283555667952203
22.1542 0.5286084592527028
22.15541 0.5288613517101852
22.15661 0.529051021053297
22.15782 0.5293039135107795
22.15903 0.5294935828538914
22.16023 0.5297464753113739
22.16144 0.5299361446544857
22.16265 0.5301258139975975
22.16386 0.53037870645508
22.16506 0.5305683757981917
22.16627 0.5308212682556743
22.16748 0.531010937598786
22.16868 0.5312638300562685
22.16989 0.5314534993993804
22.1711 0.5317063918568629
22.1723 0.5318960611999747
22.17351 0.5321489536574571
22.17472 0.532338623000569
22.17592 0.5325282923436808
22.17713 0.5327811848011633
22.17834 0.5329708541442751
22.17954 0.533160523487387
22.18075 0.5334134159448695
22.18196 0.5336030852879813
22.18316 0.5337927546310931
22.18437 0.5339824239742049
22.18558 0.5342353164316874
22.18678 0.5344249857747992
22.18799 0.5346146551179111
22.1892 0.5348043244610229
22.19041 0.5349939938041348
22.19161 0.5351836631472466
22.19282 0.5353733324903585
22.19403 0.5355630018334703
22.19523 0.5356894480622115
22.19644 0.5358791174053233
22.19765 0.5360687867484353
22.19885 0.5362584560915471
22.20006 0.5363849023202882
22.20127 0.5365745716634002
22.20247 0.5367010178921413
22.20368 0.5368906872352531
22.20489 0.5370171334639944
22.20609 0.5372068028071063
22.2073 0.5373332490358474
22.20851 0.5374596952645887
22.20971 0.53758614149333
22.21092 0.5377758108364418
22.21213 0.537902257065183
22.21333 0.5380287032939242
22.21454 0.5381551495226655
22.21575 0.5382815957514067
22.21696 0.5384080419801479
22.21816 0.5385344882088892
22.21937 0.5386609344376304
22.22058 0.5387873806663717
22.22178 0.5388506037807422
22.22299 0.5389770500094835
22.2242 0.5391034962382246
22.2254 0.539229942466966
22.22661 0.5392931655813366
22.22782 0.5394196118100777
22.22902 0.5394828349244484
22.23023 0.5396092811531895
22.23144 0.5397357273819309
22.23264 0.5397989504963014
22.23385 0.539862173610672
22.23506 0.5399886198394133
22.23626 0.5400518429537838
22.23747 0.5401782891825251
22.23868 0.5402415122968958
22.23988 0.5403047354112663
22.24109 0.540367958525637
22.2423 0.5404311816400076
22.24351 0.5405576278687488
22.24471 0.5406208509831194
22.24592 0.54068407409749
22.24713 0.5407472972118607
22.24833 0.5408105203262313
22.24954 0.5408737434406019
22.25075 0.5409369665549725
22.25195 0.541000189669343
22.25316 0.5410634127837137
22.25437 0.5410634127837137
22.25557 0.5411266358980843
22.25678 0.5411898590124549
22.25799 0.5412530821268255
22.25919 0.5412530821268255
22.2604 0.5413163052411962
22.26161 0.5413163052411962
22.26281 0.5413795283555668
22.26402 0.5413795283555668
22.26523 0.5414427514699374
22.26643 0.5414427514699374
22.26764 0.541505974584308
22.26885 0.541505974584308
22.27006 0.541505974584308
22.27126 0.5415691976986786
22.27247 0.5415691976986786
22.27368 0.5415691976986786
22.27488 0.5415691976986786
22.27609 0.5415691976986786
22.2773 0.5415691976986786
22.2785 0.5415691976986786
22.27971 0.5415691976986786
22.28092 0.5415691976986786
22.28212 0.5415691976986786
22.28333 0.5415691976986786
22.28454 0.5415691976986786
22.28574 0.5415691976986786
22.28695 0.5415691976986786
22.28816 0.5415691976986786
22.28936 0.5415691976986786
22.29057 0.5415691976986786
22.29178 0.5415691976986786
22.29298 0.5415691976986786
22.29419 0.5415691976986786
22.2954 0.541505974584308
22.29661 0.541505974584308
22.29781 0.541505974584308
22.29902 0.541505974584308
22.30023 0.541505974584308
22.30143 0.5414427514699374
22.30264 0.5414427514699374
22.30385 0.5414427514699374
22.30505 0.5413795283555668
22.30626 0.5413795283555668
22.30747 0.5413163052411962
22.30867 0.5413163052411962
22.30988 0.5412530821268255
22.31109 0.5411898590124549
22.31229 0.5411898590124549
22.3135 0.5411266358980843
22.31471 0.5410634127837137
22.31591 0.541000189669343
22.31712 0.5409369665549725
22.31833 0.5408737434406019
22.31953 0.5408105203262313
22.32074 0.5408105203262313
22.32195 0.5407472972118607
22.32316 0.54068407409749
22.32436 0.5406208509831194
22.32557 0.5405576278687488
22.32678 0.5404944047543782
22.32798 0.5404311816400076
22.32919 0.540367958525637
22.3304 0.540367958525637
22.3316 0.5403047354112663
22.33281 0.5402415122968958
22.33402 0.5402415122968958
22.33522 0.5401782891825251
22.33643 0.5401150660681545
22.33764 0.5401150660681545
22.33884 0.5401150660681545
22.34005 0.5400518429537838
22.34126 0.5400518429537838
22.34246 0.5400518429537838
22.34367 0.5400518429537838
22.34488 0.5400518429537838
22.34608 0.5400518429537838
22.34729 0.5400518429537838
22.3485 0.5400518429537838
22.34971 0.5401150660681545
22.35091 0.5401150660681545
22.35212 0.5401150660681545
22.35333 0.5401782891825251
22.35453 0.5401782891825251
22.35574 0.5402415122968958
22.35695 0.5402415122968958
22.35815 0.5403047354112663
22.35936 0.5403047354112663
22.36057 0.540367958525637
22.36177 0.540367958525637
22.36298 0.5404311816400076
22.36419 0.5404944047543782
22.36539 0.5404944047543782
22.3666 0.5405576278687488
22.36781 0.5406208509831194
22.36901 0.54068407409749
22.37022 0.5407472972118607
22.37143 0.5408105203262313
22.37263 0.5408737434406019
22.37384 0.5409369665549725
22.37505 0.541000189669343
22.37626 0.5411266358980843
22.37746 0.5411898590124549
22.37867 0.5412530821268255
22.37988 0.5413795283555668
22.38108 0.5414427514699374
22.38229 0.5415691976986786
22.3835 0.5416324208130492
22.3847 0.5417588670417904
22.38591 0.5418853132705317
22.38712 0.5420117594992729
22.38832 0.5421382057280142
22.38953 0.5422646519567553
22.39074 0.5423910981854966
22.39194 0.5425175444142378
22.39315 0.5426439906429791
22.39436 0.5428336599860909
22.39556 0.5429601062148321
22.39677 0.543149775557944
22.39798 0.5433394449010558
22.39919 0.543465891129797
22.40039 0.5436555604729089
22.4016 0.5438452298160207
22.40281 0.5440348991591326
22.40401 0.544287791616615
22.40522 0.5444774609597268
22.40643 0.5446671303028388
22.40763 0.5449200227603211
22.40884 0.5451096921034331
22.41005 0.5453625845609155
22.41125 0.5455522539040273
22.41246 0.5458051463615098
22.41367 0.5460580388189922
22.41487 0.5463109312764747
22.41608 0.5465638237339571
22.41729 0.5468167161914396
22.41849 0.547069608648922
22.4197 0.5473225011064045
22.42091 0.547575393563887
22.42211 0.5478282860213695
22.42332 0.5481444015932224
22.42453 0.5483972940507049
22.42574 0.5486501865081873
22.42694 0.5489663020800405
22.42815 0.5492191945375229
22.42936 0.549535310109376
22.43056 0.5497882025668585
22.43177 0.5501043181387115
22.43298 0.5503572105961939
22.43418 0.550673326168047
22.43539 0.5509894417399002
22.4366 0.5512423341973826
22.4378 0.5515584497692356
22.43901 0.5518745653410887
22.44022 0.5521274577985712
22.44142 0.5524435733704242
22.44263 0.5527596889422772
22.44384 0.5530125813997597
22.44504 0.5533286969716128
22.44625 0.5536448125434659
22.44746 0.5539609281153189
22.44866 0.554277043687172
22.44987 0.5545931592590251
22.45108 0.5549092748308782
22.45229 0.5552253904027312
22.45349 0.5555415059745843
22.4547 0.5559208446608079
22.45591 0.5562369602326611
22.45711 0.5566162989188846
22.45832 0.5569324144907378
22.45953 0.5573117531769615
22.46073 0.5576910918631851
22.46194 0.5580704305494089
22.46315 0.5583865461212619
22.46435 0.5587658848074856
22.46556 0.5591452234937093
22.46677 0.559524562179933
22.46797 0.5599039008661566
22.46918 0.5602200164380097
22.47039 0.5605993551242334
22.47159 0.5609786938104571
22.4728 0.5613580324966807
22.47401 0.5616741480685339
22.47521 0.5620534867547575
22.47642 0.5624328254409812
22.47763 0.5627489410128343
22.47884 0.563128279699058
22.48004 0.5634443952709111
22.48125 0.5638237339571347
22.48246 0.5641398495289878
22.48366 0.5644559651008408
22.48487 0.5648353037870646
22.48608 0.5651514193589176
22.48728 0.5654675349307707
22.48849 0.5657204273882531
22.4897 0.5660365429601062
22.4909 0.5663526585319593
22.49211 0.5666055509894418
22.49332 0.5668584434469242
22.49452 0.5671745590187772
22.49573 0.5674274514762597
22.49694 0.5676803439337421
22.49814 0.5679332363912246
22.49935 0.5682493519630777
22.50056 0.5685022444205602
22.50176 0.5687551368780426
22.50297 0.5690712524498958
22.50418 0.5693241449073781
22.50539 0.5695770373648606
22.50659 0.569829929822343
22.5078 0.5700828222798255
22.50901 0.5703989378516785
22.51021 0.570651830309161
22.51142 0.5709047227666435
22.51263 0.5711576152241259
22.51383 0.5714105076816084
22.51504 0.5716001770247202
22.51625 0.5718530694822027
22.51745 0.5721059619396851
22.51866 0.572295631282797
22.51987 0.5725485237402794
22.52107 0.5727381930833912
22.52228 0.5729278624265032
22.52349 0.5731175317696149
22.52469 0.5733072011127268
22.5259 0.5734968704558386
22.52711 0.5736233166845799
22.52831 0.5738129860276917
22.52952 0.573939432256433
22.53073 0.5740658784851742
22.53194 0.5741923247139153
22.53314 0.5743187709426566
22.53435 0.5743819940570273
22.53556 0.5745084402857685
22.53676 0.5745716634001391
22.53797 0.5746348865145097
22.53918 0.5746348865145097
22.54038 0.5746981096288802
22.54159 0.5746981096288802
22.5428 0.5746981096288802
22.544 0.5746981096288802
22.54521 0.5746348865145097
22.54642 0.5746348865145097
22.54762 0.5745716634001391
22.54883 0.5745084402857685
22.55004 0.5743819940570273
22.55124 0.5743187709426566
22.55245 0.5742555478282859
22.55366 0.5741291015995448
22.55486 0.5740026553708035
22.55607 0.5738762091420624
22.55728 0.573749762913321
22.55849 0.5735600935702092
22.55969 0.5734336473414681
22.5609 0.5732439779983561
22.56211 0.5731175317696149
22.56331 0.5729278624265032
22.56452 0.5726749699690206
22.56573 0.5724853006259089
22.56693 0.572295631282797
22.56814 0.5720427388253145
22.56935 0.5718530694822027
22.57055 0.5716001770247202
22.57176 0.5713472845672378
22.57297 0.5710943921097553
22.57417 0.5708414996522728
22.57538 0.5705253840804198
22.57659 0.5702724916229374
22.57779 0.5699563760510842
22.579 0.5697034835936018
22.58021 0.5693873680217487
22.58141 0.5690712524498958
22.58262 0.5687551368780426
22.58383 0.5684390213061895
22.58504 0.5681229057343364
22.58624 0.5677435670481128
22.58745 0.5674274514762597
22.58866 0.5670481127900361
22.58986 0.5667319972181829
22.59107 0.5663526585319593
22.59228 0.5659733198457356
22.59348 0.5655939811595119
22.59469 0.5652146424732881
22.5959 0.5647720806726939
22.5971 0.5643295188720997
22.59831 0.5638869570715054
22.59952 0.5634443952709111
22.60072 0.5630018334703167
22.60193 0.5624960485553517
22.60314 0.5619902636403868
22.60434 0.561484478725422
22.60555 0.5609786938104571
22.60676 0.5604729088954922
22.60797 0.5599671239805273
22.60917 0.5593981159511917
22.61038 0.5588291079218561
22.61159 0.5583233230068912
22.61279 0.5577543149775558
22.614 0.5571853069482202
22.61521 0.5566162989188846
22.61641 0.5560472908895492
22.61762 0.5554782828602136
22.61883 0.5549092748308782
22.62003 0.5543402668015426
22.62124 0.5537712587722071
22.62245 0.5532022507428715
22.62365 0.5525700195991655
22.62486 0.55200101156983
22.62607 0.5514320035404944
22.62727 0.5508629955111588
22.62848 0.5502939874818233
22.62969 0.5497249794524878
22.63089 0.5492191945375229
22.6321 0.5486501865081873
22.63331 0.5480811784788518
22.63452 0.547575393563887
22.63572 0.5470063855345514
22.63693 0.5465006006195865
22.63814 0.5459948157046216
22.63934 0.5454890307896566
22.64055 0.5449832458746917
22.64176 0.5445406840740975
22.64296 0.5440348991591326
22.64417 0.5435291142441677
22.64538 0.5430865524435734
22.64658 0.5425807675286084
22.64779 0.5420749826136435
22.649 0.5415691976986786
22.6502 0.5410634127837137
22.65141 0.5405576278687488
22.65262 0.5400518429537838
22.65382 0.5395460580388189
22.65503 0.5391034962382246
22.65624 0.5385977113232597
22.65744 0.5380919264082948
22.65865 0.53758614149333
22.65986 0.5370803565783651
22.66107 0.5365745716634002
22.66227 0.5361320098628058
22.66348 0.535626224947841
22.66469 0.5351836631472466
22.66589 0.5346778782322817
22.6671 0.5342353164316874
22.66831 0.5337295315167224
22.66951 0.5332869697161282
22.67072 0.5328444079155339
22.67193 0.5324018461149396
22.67313 0.5319592843143454
22.67434 0.531516722513751
22.67555 0.5311373838275273
22.67675 0.5306948220269331
22.67796 0.5303154833407093
22.67917 0.5299361446544857
22.68037 0.5295568059682619
22.68158 0.5291774672820383
22.68279 0.5287981285958147
22.68399 0.5284820130239616
22.6852 0.5281026743377378
22.68641 0.5277865587658848
22.68762 0.5275336663084024
22.68882 0.5272175507365493
22.69003 0.5269014351646962
22.69124 0.5266485427072137
22.69244 0.5263956502497313
22.69365 0.5261427577922488
22.69486 0.525953088449137
22.69606 0.5257001959916545
22.69727 0.5255105266485427
22.69848 0.5252576341910602
22.69968 0.5250679648479484
22.70089 0.5248782955048366
22.7021 0.5246886261617246
22.7033 0.5245621799329835
22.70451 0.5243725105898717
22.70572 0.5242460643611304
22.70692 0.5240563950180186
22.70813 0.5239299487892773
22.70934 0.5238035025605361
22.71054 0.5236770563317948
22.71175 0.5235506101030536
22.71296 0.523487386988683
22.71417 0.5233609407599419
22.71537 0.5232977176455712
22.71658 0.52317127141683
22.71779 0.5231080483024593
22.71899 0.5230448251880887
22.7202 0.5229816020737181
22.72141 0.5229183789593476
22.72261 0.5229183789593476
22.72382 0.5228551558449769
22.72503 0.5227919327306063
22.72623 0.5227919327306063
22.72744 0.5227919327306063
22.72865 0.5227287096162357
22.72985 0.5227287096162357
22.73106 0.5227287096162357
22.73227 0.5227287096162357
22.73347 0.5227287096162357
22.73468 0.5227919327306063
22.73589 0.5227919327306063
22.73709 0.5227919327306063
22.7383 0.5228551558449769
22.73951 0.5228551558449769
22.74072 0.5229183789593476
22.74192 0.5229816020737181
22.74313 0.5230448251880887
22.74434 0.5231080483024593
22.74554 0.52317127141683
22.74675 0.5232977176455712
22.74796 0.5233609407599419
22.74916 0.523487386988683
22.75037 0.5236138332174243
22.75158 0.5237402794461655
22.75278 0.5239299487892773
22.75399 0.5240563950180186
22.7552 0.5241828412467597
22.7564 0.5243725105898717
22.75761 0.5245621799329835
22.75882 0.5247518492760953
22.76002 0.5249415186192072
22.76123 0.525131187962319
22.76244 0.5253208573054309
22.76364 0.5255105266485427
22.76485 0.5257001959916545
22.76606 0.5258898653347664
22.76727 0.5261427577922488
22.76847 0.5263324271353607
22.76968 0.5265853195928432
22.77089 0.526774988935955
22.77209 0.5269646582790668
22.7733 0.5272175507365493
22.77451 0.5274072200796611
22.77571 0.5276601125371436
22.77692 0.5278497818802553
22.77813 0.5281026743377378
22.77933 0.5282923436808497
22.78054 0.5285452361383322
22.78175 0.528734905481444
22.78295 0.5289245748245558
22.78416 0.5291142441676677
22.78537 0.5293671366251501
22.78657 0.5295568059682619
22.78778 0.5297464753113739
22.78899 0.5299361446544857
22.79019 0.5301258139975975
22.7914 0.5302522602263388
22.79261 0.5304419295694506
22.79382 0.5306315989125624
22.79502 0.5308212682556743
22.79623 0.531010937598786
22.79744 0.531200606941898
22.79864 0.5313902762850098
22.79985 0.5315799456281216
22.80106 0.5317696149712335
22.80226 0.5319592843143454
22.80347 0.5321489536574571
22.80468 0.532338623000569
22.80588 0.5325282923436808
22.80709 0.5327179616867926
22.8083 0.5329076310299046
22.8095 0.5330973003730164
22.81071 0.5332869697161282
22.81192 0.53347663905924
22.81312 0.5336663084023519
22.81433 0.5338559777454638
22.81554 0.5340456470885756
22.81675 0.5342353164316874
22.81795 0.5344249857747992
22.81916 0.5346146551179111
22.82037 0.5348043244610229
22.82157 0.5349307706897642
22.82278 0.5351204400328761
22.82399 0.5353101093759878
22.82519 0.5354997787190997
22.8264 0.5356894480622115
22.82761 0.5358158942909528
22.82881 0.5360055636340646
22.83002 0.5361952329771764
22.83123 0.5363216792059177
22.83243 0.5365113485490295
22.83364 0.5366377947777707
22.83485 0.5368274641208826
22.83605 0.5369539103496238
22.83726 0.5371435796927356
22.83847 0.5372700259214769
22.83967 0.5373964721502181
22.84088 0.5375229183789593
22.84209 0.5376493646077006
22.8433 0.5378390339508125
22.8445 0.537902257065183
22.84571 0.5380287032939242
22.84692 0.5381551495226655
22.84812 0.5382815957514067
22.84933 0.5383448188657773
22.85054 0.5384712650945185
22.85174 0.5385344882088892
22.85295 0.5386609344376304
22.85416 0.538724157552001
22.85536 0.5388506037807422
22.85657 0.5389138268951128
22.85778 0.5389770500094835
22.85898 0.539040273123854
22.86019 0.5391667193525953
22.8614 0.539229942466966
22.8626 0.5392931655813366
22.86381 0.5393563886957071
22.86502 0.5394196118100777
22.86622 0.5394828349244484
22.86743 0.5396092811531895
22.86864 0.5396725042675602
22.86985 0.5397357273819309
22.87105 0.5397989504963014
22.87226 0.539862173610672
22.87347 0.5399886198394133
22.87467 0.5400518429537838
22.87588 0.5401150660681545
22.87709 0.5402415122968958
22.87829 0.5403047354112663
22.8795 0.5404311816400076
22.88071 0.5404944047543782
22.88191 0.5406208509831194
22.88312 0.54068407409749
22.88433 0.5408105203262313
22.88553 0.5409369665549725
22.88674 0.5410634127837137
22.88795 0.5411898590124549
22.88915 0.5413163052411962
22.89036 0.5414427514699374
22.89157 0.5415691976986786
22.89277 0.5417588670417904
22.89398 0.5418853132705317
22.89519 0.5420749826136435
22.8964 0.5422014288423848
22.8976 0.5423910981854966
22.89881 0.5425175444142378
22.90002 0.5427072137573496
22.90122 0.5428336599860909
22.90243 0.5430233293292027
22.90364 0.5432129986723145
22.90484 0.5434026680154264
22.90605 0.5435291142441677
22.90726 0.5437187835872794
22.90846 0.5439084529303913
22.90967 0.5440981222735032
22.91088 0.544287791616615
22.91208 0.5444774609597268
22.91329 0.5446671303028388
22.9145 0.5448567996459506
22.9157 0.5450464689890624
22.91691 0.5452361383321742
22.91812 0.5454890307896566
22.91932 0.5456787001327685
22.92053 0.5458683694758804
22.92174 0.5460580388189922
22.92295 0.5462477081621041
22.92415 0.5465006006195865
22.92536 0.5466902699626984
22.92657 0.5468799393058101
22.92777 0.5471328317632926
22.92898 0.5473225011064045
22.93019 0.5475121704495163
22.93139 0.5477650629069988
22.9326 0.5479547322501106
22.93381 0.5481444015932224
22.93501 0.5483972940507049
22.93622 0.5485869633938167
22.93743 0.5488398558512992
22.93863 0.5490295251944111
22.93984 0.5492824176518936
22.94105 0.5494720869950054
22.94225 0.5496617563381172
22.94346 0.5499146487955997
22.94467 0.5501675412530821
22.94587 0.5504204337105646
22.94708 0.5506101030536764
22.94829 0.5508629955111588
22.9495 0.5511158879686413
22.9507 0.5514320035404944
22.95191 0.5516848959979769
22.95312 0.5519377884554593
22.95432 0.5521906809129418
22.95553 0.5525067964847948
22.95674 0.5527596889422772
22.95794 0.5530758045141304
22.95915 0.5533286969716128
22.96036 0.5536448125434659
22.96156 0.5538977050009483
22.96277 0.5542138205728014
22.96398 0.5544667130302838
22.96518 0.5547196054877663
22.96639 0.5550357210596194
22.9676 0.5552886135171019
22.9688 0.5556047290889549
22.97001 0.5558576215464374
22.97122 0.5561105140039198
22.97242 0.5564266295757729
22.97363 0.5566795220332553
22.97484 0.5569324144907378
22.97605 0.5571853069482202
22.97725 0.5574381994057027
22.97846 0.5576910918631851
22.97967 0.557880761206297
22.98087 0.5581336536637794
22.98208 0.5583865461212619
22.98329 0.5585762154643737
22.98449 0.5587658848074856
22.9857 0.5589555541505975
22.98691 0.5591452234937093
22.98811 0.559334892836821
22.98932 0.559524562179933
22.99053 0.5596510084086742
22.99173 0.559840677751786
22.99294 0.5599671239805273
22.99415 0.5600935702092685
22.99535 0.5602200164380097
22.99656 0.5603464626667509
22.99777 0.5604096857811215
22.99897 0.5605361320098629
23.00018 0.560662578238604
23.00139 0.5607258013529747
23.0026 0.5608522475817158
23.0038 0.5609154706960864
23.00501 0.5610419169248277
23.00622 0.5611051400391983
23.00742 0.561168363153569
23.00863 0.5612315862679396
23.00984 0.5612948093823101
23.01104 0.5613580324966807
23.01225 0.5614212556110514
23.01346 0.561484478725422
23.01466 0.561484478725422
23.01587 0.5615477018397926
23.01708 0.5616109249541633
23.01828 0.5616109249541633
23.01949 0.5616109249541633
23.0207 0.5616109249541633
23.0219 0.5616741480685339
23.02311 0.5616741480685339
23.02432 0.5616741480685339
23.02553 0.5616109249541633
23.02673 0.5616109249541633
23.02794 0.5616109249541633
23.02915 0.5615477018397926
23.03035 0.5615477018397926
23.03156 0.561484478725422
23.03277 0.5614212556110514
23.03397 0.5614212556110514
23.03518 0.5613580324966807
23.03639 0.5612948093823101
23.03759 0.561168363153569
23.0388 0.5611051400391983
23.04001 0.5610419169248277
23.04121 0.5609154706960864
23.04242 0.5608522475817158
23.04363 0.5607258013529747
23.04483 0.5605993551242334
23.04604 0.5604729088954922
23.04725 0.5603464626667509
23.04845 0.5601567933236391
23.04966 0.5599671239805273
23.05087 0.5597774546374154
23.05208 0.5595877852943036
23.05328 0.5593981159511917
23.05449 0.5592084466080799
23.0557 0.5589555541505975
23.0569 0.558702661693115
23.05811 0.5584497692356326
23.05932 0.5582600998925207
23.06052 0.5579439843206676
23.06173 0.5576910918631851
23.06294 0.5574381994057027
23.06414 0.5571853069482202
23.06535 0.5568691913763673
23.06656 0.5566162989188846
23.06776 0.5563001833470317
23.06897 0.5560472908895492
23.07018 0.5557311753176962
23.07138 0.5554782828602136
23.07259 0.5551621672883607
23.0738 0.5548460517165076
23.075 0.5545931592590251
23.07621 0.554277043687172
23.07742 0.5540241512296895
23.07863 0.5537080356578366
23.07983 0.553455143200354
23.08104 0.553139027628501
23.08225 0.5528861351710185
23.08345 0.5526332427135361
23.08466 0.5523803502560536
23.08587 0.5521274577985712
23.08707 0.5518745653410887
23.08828 0.5516216728836062
23.08949 0.5513687804261237
23.09069 0.5511158879686413
23.0919 0.5509262186255295
23.09311 0.5507365492824177
23.09431 0.5505468799393058
23.09552 0.5503572105961939
23.09673 0.5501675412530821
23.09793 0.5499778719099703
23.09914 0.5497249794524878
23.10035 0.549535310109376
23.10155 0.5493456407662641
23.10276 0.5490927483087816
23.10397 0.5489030789656698
23.10518 0.548713409622558
23.10638 0.5484605171650755
23.10759 0.5482708478219638
23.1088 0.5480179553644812
23.11 0.5478282860213695
23.11121 0.547575393563887
23.11242 0.5473857242207751
23.11362 0.5471960548776633
23.11483 0.5469431624201808
23.11604 0.546753493077069
23.11724 0.5465638237339571
23.11845 0.5463741543908452
23.11966 0.5461844850477334
23.12086 0.5459948157046216
23.12207 0.5458051463615098
23.12328 0.5456787001327685
23.12448 0.5454890307896566
23.12569 0.5453625845609155
23.1269 0.5452361383321742
23.1281 0.5451096921034331
23.12931 0.5449832458746917
23.13052 0.5449200227603211
23.13173 0.5447935765315799
23.13293 0.5447303534172093
23.13414 0.5446671303028388
23.13535 0.5446039071884681
23.13655 0.5446039071884681
23.13776 0.5446039071884681
23.13897 0.5446039071884681
23.14017 0.5446039071884681
23.14138 0.5446039071884681
23.14259 0.5446671303028388
23.14379 0.5447935765315799
23.145 0.5448567996459506
23.14621 0.5449832458746917
23.14741 0.5451096921034331
23.14862 0.5452361383321742
23.14983 0.545425807675286
23.15103 0.545615477018398
23.15224 0.5458051463615098
23.15345 0.5460580388189922
23.15465 0.5463109312764747
23.15586 0.5465638237339571
23.15707 0.5468167161914396
23.15828 0.547069608648922
23.15948 0.5473857242207751
23.16069 0.5477018397926282
23.1619 0.5480179553644812
23.1631 0.5483340709363344
23.16431 0.548713409622558
23.16552 0.5490295251944111
23.16672 0.5494088638806348
23.16793 0.5497882025668585
23.16914 0.5501675412530821
23.17034 0.5506101030536764
23.17155 0.5509894417399002
23.17276 0.5514320035404944
23.17396 0.5518745653410887
23.17517 0.5523171271416829
23.17638 0.5527596889422772
23.17758 0.5532022507428715
23.17879 0.5536448125434659
23.18 0.5541505974584309
23.1812 0.5545931592590251
23.18241 0.55509894417399
23.18362 0.5555415059745843
23.18483 0.5560472908895492
23.18603 0.5565530758045141
23.18724 0.557058860719479
23.18845 0.557564645634444
23.18965 0.5580704305494089
23.19086 0.5585762154643737
23.19207 0.5590820003793386
23.19327 0.5596510084086742
23.19448 0.5601567933236391
23.19569 0.560662578238604
23.19689 0.561168363153569
23.1981 0.5617373711829045
23.19931 0.5622431560978693
23.20051 0.5628121641272049
23.20172 0.5633811721565404
23.20293 0.563950180185876
23.20413 0.5645824113295821
23.20534 0.5652146424732881
23.20655 0.5658468736169944
23.20775 0.5664791047607005
23.20896 0.5671745590187772
23.21017 0.5678067901624834
23.21138 0.5685022444205602
23.21258 0.5691976986786369
23.21379 0.5699563760510842
23.215 0.570651830309161
23.2162 0.5714105076816084
23.21741 0.5721059619396851
23.21862 0.5728646393121325
23.21982 0.5735600935702092
23.22103 0.5743187709426566
23.22224 0.575077448315104
23.22344 0.5758361256875513
23.22465 0.5765315799456281
23.22586 0.5772902573180755
23.22706 0.5780489346905229
23.22827 0.5787443889485996
23.22948 0.579503066321047
23.23068 0.5801985205791237
23.23189 0.5809571979515711
23.2331 0.5816526522096478
23.23431 0.5823481064677246
23.23551 0.5830435607258013
23.23672 0.5836757918695075
23.23793 0.5843712461275842
23.23913 0.5850034772712903
23.24034 0.5856357084149966
23.24155 0.5862679395587027
23.24275 0.5868369475880382
23.24396 0.5874059556173737
23.24517 0.5879749636467092
23.24637 0.5884807485616741
23.24758 0.5890497565910097
23.24879 0.589492318391604
23.24999 0.5899981033065689
23.2512 0.5904406651071632
23.25241 0.5908832269077575
23.25361 0.5912625655939812
23.25482 0.5917051273945755
23.25603 0.5921476891951697
23.25723 0.5925270278813934
23.25844 0.5929063665676171
23.25965 0.5932857052538408
23.26086 0.5936650439400645
23.26206 0.5940443826262881
23.26327 0.5944237213125119
23.26448 0.5947398368843649
23.26568 0.5950559524562179
23.26689 0.5954352911424416
23.2681 0.5957514067142947
23.2693 0.5960675222861478
23.27051 0.5963204147436303
23.27172 0.5966365303154832
23.27292 0.5968894227729657
23.27413 0.5971423152304483
23.27534 0.5974584308023013
23.27654 0.5976481001454131
23.27775 0.5979009926028956
23.27896 0.598153885060378
23.28016 0.59834355440349
23.28137 0.5985332237466018
23.28258 0.5987228930897136
23.28378 0.5989125624328254
23.28499 0.5991022317759372
23.2862 0.5992286780046785
23.28741 0.5994183473477903
23.28861 0.5995447935765316
23.28982 0.5996712398052728
23.29103 0.599797686034014
23.29223 0.5998609091483846
23.29344 0.5999241322627552
23.29465 0.6000505784914965
23.29585 0.6001138016058671
23.29706 0.6001138016058671
23.29827 0.6001770247202377
23.29947 0.6001770247202377
23.30068 0.6001770247202377
23.30189 0.6001770247202377
23.30309 0.6001770247202377
23.3043 0.6001138016058671
23.30551 0.6000505784914965
23.30671 0.5999873553771259
23.30792 0.5998609091483846
23.30913 0.5997344629196434
23.31033 0.5995447935765316
23.31154 0.5993551242334197
23.31275 0.5991654548903078
23.31396 0.5989125624328254
23.31516 0.5986596699753429
23.31637 0.5984067775178605
23.31758 0.598153885060378
23.31878 0.5979009926028956
23.31999 0.5975848770310426
23.3212 0.5972687614591895
23.3224 0.5969526458873364
23.32361 0.5966365303154832
23.32482 0.5962571916292597
23.32602 0.5959410760574065
23.32723 0.5955617373711829
23.32844 0.5952456217993298
23.32964 0.5948662831131061
23.33085 0.5944869444268824
23.33206 0.5941708288550294
23.33326 0.5937914901688057
23.33447 0.593412151482582
23.33568 0.5930328127963583
23.33688 0.5927166972245053
23.33809 0.5923373585382815
23.3393 0.5920212429664286
23.34051 0.5916419042802048
23.34171 0.5913257887083517
23.34292 0.5910096731364987
23.34413 0.5906935575646456
23.34533 0.5903774419927926
23.34654 0.5901245495353101
23.34775 0.5898084339634571
23.34895 0.5895555415059746
23.35016 0.5893026490484922
23.35137 0.5891129797053802
23.35257 0.5888600872478978
23.35378 0.5886704179047859
23.35499 0.5885439716760448
23.35619 0.588354302332933
23.3574 0.588164632989821
23.35861 0.5879749636467092
23.35981 0.5877852943035974
23.36102 0.5875956249604855
23.36223 0.5874059556173737
23.36343 0.5872162862742619
23.36464 0.58702661693115
23.36585 0.5867737244736676
23.36706 0.5865840551305557
23.36826 0.5863311626730733
23.36947 0.5861414933299615
23.37068 0.5859518239868495
23.37188 0.5856989315293671
23.37309 0.5855092621862552
23.3743 0.5853195928431434
23.3755 0.5851299235000316
23.37671 0.5849402541569197
23.37792 0.5847505848138079
23.37912 0.5846241385850667
23.38033 0.5844344692419549
23.38154 0.5843080230132136
23.38274 0.5841815767844724
23.38395 0.5840551305557312
23.38516 0.58392868432699
23.38636 0.5838654612126193
23.38757 0.5838022380982487
23.38878 0.583739014983878
23.38998 0.583739014983878
23.39119 0.583739014983878
23.3924 0.583739014983878
23.39361 0.5838022380982487
23.39481 0.5838654612126193
23.39602 0.58392868432699
23.39723 0.5840551305557312
23.39843 0.5841815767844724
23.39964 0.5843712461275842
23.40085 0.5845609154706961
23.40205 0.5848138079281785
23.40326 0.585066700385661
23.40447 0.5853828159575141
23.40567 0.5856989315293671
23.40688 0.5860782702155908
23.40809 0.5864576089018144
23.40929 0.5869001707024087
23.4105 0.5873427325030031
23.41171 0.587848517417968
23.41291 0.588354302332933
23.41412 0.5889233103622684
23.41533 0.589492318391604
23.41653 0.5900613264209394
23.41774 0.5906935575646456
23.41895 0.5913890118227224
23.42016 0.5920212429664286
23.42136 0.5927166972245053
23.42257 0.5934753745969525
23.42378 0.5942340519694
23.42498 0.5949927293418473
23.42619 0.5957514067142947
23.4274 0.5965733072011127
23.4286 0.5973952076879308
23.42981 0.5982803312891193
23.43102 0.5991022317759372
23.43222 0.6000505784914965
23.43343 0.600935702092685
23.43464 0.6018208256938736
23.43584 0.6027691724094328
23.43705 0.6037807422393627
23.43826 0.604729088954922
23.43946 0.6057406587848517
23.44067 0.6066890055004109
23.44188 0.6077005753303407
23.44309 0.6087753682746412
23.44429 0.609786938104571
23.4455 0.6108617310488714
23.44671 0.6119365239931719
23.44791 0.6130113169374724
23.44912 0.6140861098817727
23.45033 0.6151609028260732
23.45153 0.6162989188847442
23.45274 0.6174369349434152
23.45395 0.6185117278877157
23.45515 0.6196497439463868
23.45636 0.6207877600050579
23.45757 0.6219257760637289
23.45877 0.6230637921223999
23.45998 0.6242650312954415
23.46119 0.6254030473541126
23.46239 0.6266042865271544
23.4636 0.6278687488145666
23.46481 0.6291964342163494
23.46601 0.6305873427325029
23.46722 0.6320414743630272
23.46843 0.6334956059935513
23.46964 0.6350129607384459
23.47084 0.6365935385977113
23.47205 0.6381741164569766
23.47326 0.639754694316242
23.47446 0.6413984952898779
23.47567 0.6431055193778845
23.47688 0.6448125434658911
23.47808 0.6465195675538977
23.47929 0.6482265916419042
23.4805 0.6499968388442814
23.4817 0.6517038629322881
23.48291 0.6534741101346652
23.48412 0.6552443573370423
23.48532 0.6569513814250489
23.48653 0.6587216286274262
23.48774 0.6604286527154327
23.48894 0.6621356768034393
23.49015 0.6638427008914458
23.49136 0.6655497249794525
23.49256 0.6671935259530885
23.49377 0.6688373269267244
23.49498 0.6704179047859897
23.49619 0.6719984826452551
23.49739 0.6735158373901499
23.4986 0.6750331921350445
23.49981 0.6764873237655686
23.50101 0.6778782322817222
23.50222 0.679205917683505
23.50343 0.680533603085288
23.50463 0.6817348422583296
23.50584 0.6828728583170006
23.50705 0.6840108743756717
23.50825 0.6850224442056015
23.50946 0.6859707909211608
23.51067 0.6868559145223494
23.51187 0.6876778150091674
23.51308 0.6883732692672441
23.51429 0.6890055004109502
23.51549 0.6896377315546564
23.5167 0.6901435164696212
23.51791 0.6907125244989568
23.51911 0.6912183094139217
23.52032 0.6917240943288866
23.52153 0.6921666561294809
23.52274 0.6925459948157046
23.52394 0.6929253335019283
23.52515 0.693304672188152
23.52636 0.693620787760005
23.52756 0.6939369033318581
23.52877 0.6941897957893405
23.52998 0.6943794651324524
23.53118 0.6945691344755642
23.53239 0.6946955807043055
23.5336 0.694758803818676
23.5348 0.6948220269330467
23.53601 0.6948852500474173
23.53722 0.6948220269330467
23.53842 0.694758803818676
23.53963 0.6946323575899348
23.54084 0.6945059113611937
23.54204 0.6943162420180818
23.54325 0.6940633495605993
23.54446 0.6937472339887463
23.54566 0.6934311184168932
23.54687 0.6930517797306694
23.54808 0.6926092179300751
23.54929 0.6921034330151102
23.55049 0.6915344249857748
23.5517 0.6909654169564392
23.55291 0.6903331858127331
23.55411 0.6895745084402858
23.55532 0.6888158310678384
23.55653 0.688057153695391
23.55773 0.6871720300942024
23.55894 0.6862236833786431
23.56015 0.6852121135487134
23.56135 0.6842005437187836
23.56256 0.6830625276601126
23.56377 0.6819245116014414
23.56497 0.6806600493140292
23.56618 0.679395587026617
23.56739 0.6780046785104634
23.56859 0.6765505468799392
23.5698 0.6749699690206739
23.57101 0.6732629449326674
23.57221 0.6714926977302902
23.57342 0.6695327811848011
23.57463 0.6675096415249414
23.57584 0.6653600556363406
23.57704 0.6631472466333691
23.57825 0.6608079914016565
23.57946 0.6584687361699437
23.58066 0.6559398115951192
23.58187 0.6534108870202946
23.58308 0.6508187393310995
23.58428 0.6481633685275336
23.58549 0.6454447746095973
23.5867 0.6426629575772903
23.5879 0.6398811405449832
23.58911 0.6370361003983056
23.59032 0.634191060251628
23.59152 0.6312827969905797
23.59273 0.6283745337295316
23.59394 0.6254662704684832
23.59514 0.6224947840930645
23.59635 0.6195865208320162
23.59756 0.6166150344565974
23.59876 0.6137067711955491
23.59997 0.6107985079345009
23.60118 0.6078902446734525
23.60239 0.6050452045267749
23.60359 0.6022001643800974
23.6048 0.5994183473477903
23.60601 0.5966365303154832
23.60721 0.5939179363975469
23.60842 0.5912625655939812
23.60963 0.5886071947904153
23.61083 0.5860782702155908
23.61204 0.5836125687551369
23.61325 0.5812100904090535
23.61445 0.5788708351773408
23.61566 0.5765948030599988
23.61687 0.5744452171713978
23.61807 0.5723588543971676
23.61928 0.5703357147373079
23.62049 0.5685022444205602
23.62169 0.5666687741038123
23.6229 0.5649617500158057
23.62411 0.5631915028134286
23.62531 0.561484478725422
23.62652 0.559840677751786
23.62773 0.5581336536637794
23.62894 0.5565530758045141
23.63014 0.5549092748308782
23.63135 0.5533286969716128
23.63256 0.5517481191123474
23.63376 0.5502307643674527
23.63497 0.5487766327369287
23.63618 0.5472592779920339
23.63738 0.5458051463615098
23.63859 0.5444142378453563
23.6398 0.5430233293292027
23.641 0.5416324208130492
23.64221 0.540367958525637
23.64342 0.539040273123854
23.64462 0.5377758108364418
23.64583 0.5365745716634002
23.64704 0.5353733324903585
23.64824 0.5341720933173167
23.64945 0.5330340772586457
23.65066 0.5319592843143454
23.65186 0.5308844913700449
23.65307 0.529872921540115
23.65428 0.5288613517101852
23.65549 0.527913004994626
23.65669 0.5270278813934375
23.6579 0.5261427577922488
23.65911 0.5253208573054309
23.66031 0.5244989568186129
23.66152 0.5237402794461655
23.66273 0.5230448251880887
23.66393 0.522349370930012
23.66514 0.5217171397863059
23.66635 0.5211481317569704
23.66755 0.5205791237276348
23.66876 0.5200733388126699
23.66997 0.5196307770120756
23.67117 0.5191882152114813
23.67238 0.5188088765252575
23.67359 0.5184927609534046
23.67479 0.5182398684959221
23.676 0.5179869760384397
23.67721 0.5179237529240691
23.67842 0.5179237529240691
23.67962 0.5180501991528103
23.68083 0.5182398684959221
23.68204 0.5185559840677751
23.68324 0.5189985458683695
23.68445 0.5195043307833345
23.68566 0.5200733388126699
23.68686 0.5207055699563761
23.68807 0.5214010242144528
23.68928 0.5221597015869002
23.69048 0.5229816020737181
23.69169 0.5238667256749068
23.6929 0.5247518492760953
23.6941 0.5257001959916545
23.69531 0.5267117658215843
23.69652 0.5277233356515142
23.69772 0.528734905481444
23.69893 0.5298096984257444
23.70014 0.5308844913700449
23.70134 0.5319592843143454
23.70255 0.5330340772586457
23.70376 0.5340456470885756
23.70497 0.5351204400328761
23.70617 0.5361320098628058
23.70738 0.5371435796927356
23.70859 0.5381551495226655
23.70979 0.5391034962382246
23.711 0.5399886198394133
23.71221 0.5408737434406019
23.71341 0.5416956439274199
23.71462 0.5423910981854966
23.71583 0.5430865524435734
23.71703 0.5437187835872794
23.71824 0.544287791616615
23.71945 0.5447303534172093
23.72065 0.5451096921034331
23.72186 0.545425807675286
23.72307 0.545615477018398
23.72427 0.5456787001327685
23.72548 0.5456787001327685
23.72669 0.5455522539040273
23.72789 0.5452993614465448
23.7291 0.5449200227603211
23.73031 0.5444774609597268
23.73152 0.5439084529303913
23.73272 0.5432762217866852
23.73393 0.5426439906429791
23.73514 0.5418853132705317
23.73634 0.5410634127837137
23.73755 0.5401782891825251
23.73876 0.5392931655813366
23.73996 0.5382815957514067
23.74117 0.5372700259214769
23.74238 0.5361952329771764
23.74358 0.5349939938041348
23.74479 0.5338559777454638
23.746 0.5325915154580514
23.7472 0.5313270531706392
23.74841 0.5299361446544857
23.74962 0.5286084592527028
23.75082 0.5271543276221786
23.75203 0.5257001959916545
23.75324 0.5241828412467597
23.75444 0.5226654865018651
23.75565 0.5210849086425997
23.75686 0.5195043307833345
23.75807 0.5178605298096984
23.75927 0.5161535057216918
23.76048 0.5144464816336852
23.76169 0.5127394575456787
23.76289 0.5109692103433016
23.7641 0.5091989631409243
23.76531 0.5074287159385471
23.76651 0.5055952456217994
23.76772 0.5037617753050515
23.76893 0.5018650818739331
23.77013 0.49996838844281466
23.77134 0.49813491812606686
23.77255 0.4961750015805778
23.77375 0.49427830814945944
23.77496 0.492381614718341
23.77617 0.49042169817285197
23.77737 0.4884617816273629
23.77858 0.48656508819624456
23.77979 0.48460517165075545
23.78099 0.4826452551052665
23.7822 0.48068533855977746
23.78341 0.47872542201428836
23.78462 0.4767655054687994
23.78582 0.47467914269456907
23.78703 0.47252955680596825
23.78824 0.47031674780299676
23.78944 0.46804071568565464
23.79065 0.46570146045394195
23.79186 0.4632989821078586
23.79306 0.4608965037617753
23.79427 0.4583675791869507
23.79548 0.45583865461212614
23.79668 0.45324650692293106
23.79789 0.45059113611936524
23.7991 0.44793576531579943
23.8003 0.44521717139786304
23.80151 0.4424985774799266
23.80272 0.4397799835619902
23.80392 0.43706138964405383
23.80513 0.4342795726117468
23.80634 0.43149775557943987
23.80754 0.4287159385471328
23.80875 0.4259341215148258
23.80996 0.4232155275968894
23.81117 0.4204337105645824
23.81237 0.417715116646646
23.81358 0.4149965227287096
23.81479 0.41227792881077324
23.81599 0.4096225580072074
23.8172 0.4069671872036416
23.81841 0.4043750395144465
23.81961 0.4017828918252513
23.82082 0.3992539672504267
23.82203 0.3967882657899728
23.82323 0.3943225643295189
23.82444 0.39198330909780615
23.82565 0.3896440538660934
23.82685 0.38736802174875135
23.82806 0.3852184358601504
23.82927 0.38306884997154955
23.83047 0.38104571031168993
23.83168 0.3790857937662009
23.83289 0.37718910033508246
23.83409 0.37535563001833466
23.8353 0.3736486059303281
23.83651 0.37206802807106276
23.83772 0.37055067332616803
23.83892 0.36909654169564393
23.84013 0.367768856293861
23.84134 0.36650439400644874
23.84254 0.3653663779477777
23.84375 0.36429158500347725
23.84496 0.3632800151735474
23.84616 0.36233166845798825
23.84737 0.3614465448567996
23.84858 0.36062464436998165
23.84978 0.35986596699753426
23.85099 0.3592337358538282
23.8522 0.35860150471012203
23.8534 0.35796927356641584
23.85461 0.35746348865145094
23.85582 0.35695770373648605
23.85702 0.3565151419358918
23.85823 0.35613580324966804
23.85944 0.3557564645634444
23.86064 0.3554403489915913
23.86185 0.35512423341973826
23.86306 0.3548081178478852
23.86427 0.3545552253904027
23.86547 0.3543655560472909
23.86668 0.3541126635898084
23.86789 0.3539229942466966
23.86909 0.3537333249035847
23.8703 0.3535436555604729
23.87151 0.3533539862173611
23.87271 0.35322753998861983
23.87392 0.353037870645508
23.87513 0.35284820130239614
23.87633 0.3526585319592843
23.87754 0.35246886261617244
23.87875 0.3522791932730606
23.87995 0.3520263008155782
23.88116 0.35177340835809573
23.88237 0.35152051590061323
23.88357 0.3512044003287602
23.88478 0.35088828475690714
23.88599 0.350572169185054
23.8872 0.35012960738445975
23.8884 0.34975026869823606
23.88961 0.3492444837832711
23.89082 0.3487386988683062
23.89202 0.3481696908389707
23.89323 0.3476006828096352
23.89444 0.34696845166592905
23.89564 0.3463362205222229
23.89685 0.3457672124928874
23.89806 0.34519820446355187
23.89926 0.34462919643421636
23.90047 0.34406018840488084
23.90168 0.3434911803755453
23.90288 0.3429853954605804
23.90409 0.34241638743124486
23.9053 0.34191060251627997
23.9065 0.341404817601315
23.90771 0.3408358095719795
23.90892 0.3403300246570146
23.91012 0.3397610166276791
23.91133 0.33925523171271416
23.91254 0.33868622368337864
23.91375 0.3381172156540431
23.91495 0.3375482076247076
23.91616 0.33697919959537204
23.91737 0.3364101915660365
23.91857 0.335841183536701
23.91978 0.33520895239299486
23.92099 0.3345767212492887
23.92219 0.3339444901055826
23.9234 0.3332490358475058
23.92461 0.3325535815894291
23.92581 0.33185812733135234
23.92702 0.33109944995890495
23.92823 0.3303407725864576
23.92943 0.3295820952140103
23.93064 0.32876019472719226
23.93185 0.32787507112600367
23.93305 0.3269899475248151
23.93426 0.3261048239236265
23.93547 0.32515647720806723
23.93667 0.32414490737813745
23.93788 0.3231333375482076
23.93909 0.32205854460390715
23.9403 0.3209205285452361
23.9415 0.3197825124865651
23.94271 0.31858127331352337
23.94392 0.31731681102611115
23.94512 0.31605234873869886
23.94633 0.31472466333691596
23.94754 0.3133337548207625
23.94874 0.3118796231902383
23.94995 0.3103622684453436
23.95116 0.3087184674717076
23.95236 0.30701144338370107
23.95357 0.3052411961813239
23.95478 0.30340772586457604
23.95598 0.30144780931908705
23.95719 0.29948789277359805
23.9584 0.29740152999936775
23.9596 0.2953151672251375
23.96081 0.29316558133653664
23.96202 0.29095277233356515
23.96322 0.288676740216223
23.96443 0.28640070809888096
23.96564 0.2840614528671682
23.96685 0.28172219763545553
23.96805 0.27931971928937216
23.96926 0.27691724094328884
23.97047 0.2744515394828349
23.97167 0.27198583802238097
23.97288 0.26958335967629765
23.97409 0.2671176582158437
23.97529 0.26458873364101915
23.9765 0.2621230321805652
23.97771 0.2597205538344819
23.97891 0.2572548523740279
23.98012 0.254789150913574
23.98133 0.25238667256749064
23.98253 0.24998419422140733
23.98374 0.24764493898969464
23.98495 0.24530568375798192
23.98615 0.24296642852626918
23.98736 0.2406903964089271
23.98857 0.2384775874059556
23.98977 0.23632800151735472
23.99098 0.23417841562875386
23.99219 0.2320920528545236
23.9934 0.23006891319466397
23.9946 0.22817221976354551
23.99581 0.22627552633242715
23.99702 0.2244420560156793
23.99822 0.22267180881330215
23.99943 0.22102800783966617
24.00064 0.21944742998040082
24.00184 0.2179300752355061
24.00305 0.2165391667193526
24.00426 0.2152114813175697
24.00546 0.21394701903015742
24.00667 0.2128090029714864
24.00788 0.21167098691281533
24.00908 0.21065941708288552
24.01029 0.20964784725295568
24.0115 0.20869950053739644
24.0127 0.20781437693620788
24.01391 0.20699247644938987
24.01512 0.20623379907694253
24.01632 0.20553834481886576
24.01753 0.204842890560789
24.01874 0.20421065941708288
24.01995 0.20364165138774737
24.02115 0.20307264335841185
24.02236 0.2025668584434469
24.02357 0.20206107352848202
24.02477 0.20161851172788772
24.02598 0.20117594992729343
24.02719 0.2007966112410697
24.02839 0.20041727255484604
24.0296 0.20003793386862237
24.03081 0.1997218182967693
24.03201 0.1994057027249162
24.03322 0.19908958715306313
24.03443 0.1987734715812101
24.03563 0.19845735600935702
24.03684 0.19820446355187457
24.03805 0.1978883479800215
24.03925 0.19763545552253906
24.04046 0.19731933995068598
24.04167 0.1970664474932035
24.04287 0.19675033192135044
24.04408 0.19643421634949737
24.04529 0.1961181007776443
24.0465 0.19580198520579123
24.0477 0.19548586963393816
24.04891 0.19510653094771446
24.05012 0.1947271922614908
24.05132 0.1942846304608965
24.05253 0.1938420686603022
24.05374 0.1933995068597079
24.05494 0.192893721944743
24.05615 0.19238793702977808
24.05736 0.19181892900044256
24.05856 0.19124992097110702
24.05977 0.19061768982740088
24.06098 0.18998545868369476
24.06218 0.18935322753998862
24.06339 0.1888474426250237
24.0646 0.1882784345956882
24.0658 0.18777264968072327
24.06701 0.18733008788012898
24.06822 0.18682430296516406
24.06942 0.18638174116456976
24.07063 0.18593917936397544
24.07184 0.18555984067775178
24.07305 0.18511727887715748
24.07425 0.18473794019093379
24.07546 0.18435860150471012
24.07667 0.18397926281848645
24.07787 0.18353670101789213
24.07908 0.18315736233166846
24.08029 0.18271480053107414
24.08149 0.18233546184485047
24.0827 0.18189290004425618
24.08391 0.18145033824366189
24.08511 0.18100777644306756
24.08632 0.18050199152810267
24.08753 0.17999620661313775
24.08873 0.17949042169817284
24.08994 0.17892141366883732
24.09115 0.17828918252513118
24.09235 0.17765695138142504
24.09356 0.1770247202377189
24.09477 0.17632926597964216
24.09598 0.1755705886071948
24.09718 0.17481191123474743
24.09839 0.17399001074792944
24.0996 0.17310488714674085
24.1008 0.17215654043118164
24.10201 0.1711449706012518
24.10322 0.17007017765695137
24.10442 0.16899538471265094
24.10563 0.16779414553960928
24.10684 0.1665929063665676
24.10804 0.16526522096478471
24.10925 0.1638743124486312
24.11046 0.1624201808181071
24.11166 0.16090282607321235
24.11287 0.15932224821394703
24.11408 0.15761522412594045
24.11528 0.15584497692356325
24.11649 0.15401150660681545
24.1177 0.1519883669469558
24.1189 0.14983878105835494
24.12011 0.14749952582664222
24.12132 0.1450970474805589
24.12253 0.14256812290573434
24.12373 0.13991275210216855
24.12494 0.13719415818423217
24.12615 0.13434911803755453
24.12735 0.13137763166213567
24.12856 0.1283429221723462
24.12977 0.12530821268255674
24.13097 0.12214705696402604
24.13218 0.11892267813112474
24.13339 0.11563507618385281
24.13459 0.1123474742365809
24.1358 0.10893342606056773
24.13701 0.1055826009989252
24.13821 0.10216855282291205
24.13942 0.0987545046468989
24.14063 0.09527723335651514
24.14183 0.09186318518050199
24.14304 0.08838591389011823
24.14425 0.08497186571410507
24.14545 0.08155781753809192
24.14666 0.07814376936207877
24.14787 0.07479294430043625
24.14908 0.07150534235316432
24.15028 0.06821774040589239
24.15149 0.06493013845862047
24.1527 0.06176898274008977
24.1539 0.058671050135929693
24.15511 0.05563634064614023
24.15632 0.05266485427072138
24.15752 0.04975659100967313
24.15873 0.04697477397736612
24.15994 0.044256180059429724
24.16114 0.04166403237023456
24.16235 0.039135107795410004
24.16356 0.036732629449326676
24.16476 0.03451982044635518
24.16597 0.03237023455775432
24.16718 0.030347094897894666
24.16838 0.02845040146677625
24.16959 0.026743377378769678
24.1708 0.02516279951950433
24.172 0.023771891003350823
24.17321 0.02238098248719732
24.17442 0.021053297085414428
24.17563 0.01966238856926092
24.17683 0.01833470316747803
24.17804 0.01700701776569514
24.17925 0.01574255547828286
24.18045 0.01447809319087058
24.18166 0.013213630903458303
24.18287 0.01201239173041664
24.18407 0.01087437567174559
24.18528 0.009736359613074539
24.18649 0.008661566668774103
24.18769 0.007586773724473667
24.1889 0.006638427008914458
24.19011 0.00569008029335525
24.19131 0.0048049566921666564
24.19252 0.003983056205348675
24.19373 0.0032243788329013087
24.19493 0.0025921476891951696
24.19614 0.0019599165454890306
24.19735 0.0013909085161535057
24.19855 0.0009483467155592083
24.19976 0.0005690080293355251
24.20097 0.0003161155718530695
24.20218 0.0001264462287412278
24.20338 0.0
24.20459 -0.00018966934311184168
24.2058 -0.0003161155718530695
24.207 -0.0003161155718530695
24.20821 -0.0002528924574824556
24.20942 -0.0
24.21062 0.0003161155718530695
24.21183 0.0007586773724473667
24.21304 0.0013276854017828918
24.21424 0.002023139659859645
24.21545 0.0027818170323070115
24.21666 0.00373016374786622
24.21786 0.0048681798065372695
24.21907 0.006069418979578934
24.22028 0.00746032749573244
24.22148 0.008977682240627173
24.22269 0.010621483214263134
24.2239 0.012454953531010936
24.2251 0.014414870076499968
24.22631 0.01656445596510084
24.22752 0.01884048808244294
24.22873 0.021369412657267498
24.22993 0.024088006575203894
24.23114 0.027059492950622748
24.23235 0.030283871783524055
24.23355 0.033697919959537206
24.23476 0.0373016374786622
24.23597 0.041221470569640255
24.23717 0.04526774988935955
24.23838 0.04950369855219068
24.23959 0.05392931655813365
24.24079 0.05860782702155908
24.242 0.06334956059935512
24.24321 0.06834418663463362
24.24441 0.07346525889865335
24.24562 0.07871277739141429
24.24683 0.08408674211291647
24.24803 0.0895871530631599
24.24924 0.09527723335651514
24.25045 0.10103053676424101
24.25165 0.1069102864007081
24.25286 0.11285325915154581
24.25407 0.11892267813112474
24.25528 0.1250553202250743
24.25648 0.13125118543339445
24.25769 0.1375102737560852
24.2589 0.1438325851931466
24.2601 0.150154896630208
24.26131 0.15654043118164002
24.26252 0.16298918884744262
24.26372 0.16943794651324523
24.26493 0.17588670417904786
24.26614 0.18233546184485047
24.26734 0.1887842195106531
24.26855 0.19516975406208512
24.26976 0.2015552886135171
24.27096 0.2079408231649491
24.27217 0.21419991148763987
24.27338 0.22045899981033062
24.27458 0.22665486501865081
24.27579 0.23272428399822975
24.277 0.23873047986343807
24.2782 0.24467345261427575
24.27941 0.2504899791363723
24.28062 0.2561800594297275
24.28183 0.26168047037997094
24.28303 0.2671176582158437
24.28424 0.27236517670860466
24.28545 0.277549472086995
24.28665 0.28273376746538537
24.28786 0.2879812859581463
24.28907 0.29329202756527784
24.29027 0.29872921540115066
24.29148 0.30416640323702343
24.29269 0.30973003730163745
24.29389 0.31529367136625147
24.2951 0.3209205285452361
24.29631 0.3266106088385914
24.29751 0.33230068913194666
24.29872 0.3379907694253019
24.29993 0.34374407283302777
24.30113 0.349434153126383
24.30234 0.3551874565341089
24.30355 0.3609407599418347
24.30476 0.36663084023519
24.30596 0.37238414364291583
24.30717 0.3780742239362711
24.30838 0.38370108111525575
24.30958 0.3893279382942404
24.31079 0.39482834924448373
24.312 0.4003287601947272
24.3132 0.4058291711449706
24.31441 0.4111399127521022
24.31562 0.41645065435923373
24.31682 0.42163494973762405
24.31803 0.4267560220016438
24.31924 0.4318138711512929
24.32044 0.4366820509578302
24.32165 0.4414870076499968
24.32286 0.44610229499905163
24.32406 0.4506543592337358
24.32527 0.45501675412530823
24.32648 0.4592527027881393
24.32768 0.4633622052222292
24.32889 0.4672820383132073
24.3301 0.47101220206107347
24.33131 0.4746159195801985
24.33251 0.477966744641841
24.33372 0.48112790036037173
24.33493 0.48409938673579056
24.33613 0.48688120376809757
24.33734 0.4894101283429222
24.33855 0.4917493835746349
24.33975 0.4938357463488651
24.34096 0.4956692166656129
24.34217 0.4972497945248783
24.34337 0.4985774799266612
24.34458 0.49965227287096164
24.34579 0.5004741733577796
24.34699 0.5010431813871151
24.3482 0.5014225200733389
24.34941 0.50154896630208
24.35061 0.5014857431877094
24.35182 0.5012328507302269
24.35303 0.500727065815262
24.35423 0.5000316115571852
24.35544 0.4992097110703673
24.35665 0.49819814124043743
24.35786 0.49699690206739583
24.35906 0.49560599355124235
24.36027 0.49408863880634757
24.36148 0.49244483783271165
24.36268 0.49061136751596385
24.36389 0.4886514509704748
24.3651 0.4866283113106151
24.3663 0.4844787254220143
24.36751 0.4821394701903015
24.36872 0.4798002149585888
24.36992 0.4773345134981349
24.37113 0.47474236580893975
24.37234 0.47208699500537393
24.37354 0.46936840108743755
24.37475 0.46664980716950116
24.37596 0.46380476702282347
24.37716 0.4608965037617753
24.37837 0.45798824050072706
24.37958 0.4550799772396788
24.38078 0.4520452677498893
24.38199 0.44907378137447046
24.3832 0.44610229499905163
24.38441 0.4430675855092622
24.38561 0.44009609913384334
24.38682 0.43706138964405383
24.38803 0.434089903268635
24.38923 0.43111841689321617
24.39044 0.4282101536321679
24.39165 0.42536511348549033
24.39285 0.42252007333881264
24.39406 0.4197382563065057
24.39527 0.4170196623885693
24.39647 0.4143642915850035
24.39768 0.41177214389580824
24.39889 0.4093064424353544
24.40009 0.4068407409749004
24.4013 0.40418537017133466
24.40251 0.40140355313902765
24.40371 0.3984320667636088
24.40492 0.3953341341594487
24.40613 0.39210975532654735
24.40733 0.38882215337927545
24.40854 0.38534488208889167
24.40975 0.3818043876841373
24.41096 0.3782006701650123
24.41216 0.3744705064171461
24.41337 0.37074034266927985
24.41458 0.36688373269267244
24.41578 0.36302712271606496
24.41699 0.3591072896250869
24.4182 0.35512423341973826
24.4194 0.3511411772143896
24.42061 0.3471581210090409
24.42182 0.34317506480369225
24.42302 0.3391920085983436
24.42423 0.3352721755073655
24.42544 0.3313523424163874
24.42664 0.32743250932540935
24.42785 0.32357589934880193
24.42906 0.3197825124865651
24.43026 0.31605234873869886
24.43147 0.31238540810520327
24.43268 0.3087816905860783
24.43388 0.3053044192956945
24.43509 0.30189037111968137
24.4363 0.29866599228678004
24.43751 0.29544161345387876
24.43871 0.29240690396408925
24.43992 0.289498640703041
24.44113 0.2867800467851046
24.44233 0.28412467598153884
24.44354 0.28172219763545553
24.44475 0.2794461655181134
24.44595 0.27729657962951254
24.44716 0.2753998861983941
24.44837 0.27369286211038757
24.44957 0.2721755073654928
24.45078 0.27084782196370993
24.45199 0.26977302901940947
24.45319 0.2689511285325915
24.4544 0.26831889738888537
24.45561 0.2679395587026617
24.45681 0.2678131124739205
24.45802 0.2679395587026617
24.45923 0.26825567427451474
24.46043 0.26876145918947963
24.46164 0.2694569134475564
24.46285 0.2702788139343744
24.46406 0.2713536068786748
24.46526 0.27255484605171654
24.46647 0.2738825314534994
24.46768 0.2753998861983941
24.46888 0.2771069102864007
24.47009 0.2789403806031485
24.4713 0.2809002971486375
24.4725 0.2829866599228678
24.47371 0.2852626920402099
24.47492 0.2876651703862932
24.47612 0.2901308718467472
24.47733 0.29278624265031294
24.47854 0.29556805968261995
24.47974 0.2984130998292976
24.48095 0.3013845862047164
24.48216 0.3044825188088765
24.48336 0.3076436745274072
24.48457 0.31099449958904973
24.48578 0.31434532465069226
24.48698 0.31782259594107604
24.48819 0.32136309034583044
24.4894 0.32503003097932603
24.49061 0.32869697161282163
24.49181 0.3324903584750585
24.49302 0.3363469684516659
24.49423 0.340266801542644
24.49543 0.34424985774799266
24.49664 0.3482329139533413
24.49785 0.35234241638743125
24.49905 0.3564519188215211
24.50026 0.360561421255611
24.50147 0.36473414680407157
24.50267 0.3689700954669027
24.50388 0.3732060441297338
24.50509 0.37750521590693553
24.50629 0.3817411645697667
24.5075 0.38604033634696844
24.50871 0.39033950812417023
24.50991 0.39463867990137197
24.51112 0.3989378516785737
24.51233 0.40317380034140476
24.51354 0.4074729721186065
24.51474 0.41170892078143767
24.51595 0.41607131567301
24.51716 0.4205601567933236
24.51836 0.4252386672567491
24.51957 0.4300436239489157
24.52078 0.43503824998419416
24.52198 0.44009609913384334
24.52319 0.4453436176266043
24.5244 0.4507175823481065
24.5256 0.4562179932983499
24.52681 0.46178162736296385
24.52802 0.4674717076563192
24.52922 0.4732882341784156
24.53043 0.4791679838148827
24.53164 0.48511095656572045
24.53284 0.49111715243092874
24.53405 0.4972497945248783
24.53526 0.5034456597331984
24.53646 0.5096415249415186
24.53767 0.51596383637858
24.53888 0.5222861478156414
24.54009 0.5286084592527028
24.54129 0.5349939938041348
24.5425 0.5414427514699374
24.54371 0.5478282860213695
24.54491 0.554277043687172
24.54612 0.560662578238604
24.54733 0.5671113359044067
24.54853 0.5734968704558386
24.54974 0.5798191818929
24.55095 0.5861414933299615
24.55215 0.5924638047670228
24.55336 0.5987228930897136
24.55457 0.6048555351836632
24.55577 0.6109881772776127
24.55698 0.616994373142821
24.55819 0.6230005690080294
24.55939 0.6288170955301259
24.5606 0.6346336220522223
24.56181 0.6402604792312069
24.56301 0.645824113295821
24.56422 0.6511980780173231
24.56543 0.6565088196244547
24.56664 0.6616298918884744
24.56784 0.666624517923753
24.56905 0.6714926977302902
24.57026 0.676107985079345
24.57146 0.6805968261996586
24.57267 0.6848959979768603
24.57388 0.6890687235253209
24.57508 0.6931782259594107
24.57629 0.69722450527913
24.5775 0.7012075614844787
24.5787 0.7051273945754568
24.57991 0.7089207814376935
24.58112 0.7127141682999304
24.58232 0.7164443320477967
24.58353 0.7200480495669217
24.58474 0.7236517670860467
24.58594 0.7271290383764304
24.58715 0.7305430865524436
24.58836 0.7338939116140861
24.58956 0.737181513561358
24.59077 0.7404058923942594
24.59198 0.7435670481127901
24.59319 0.7466649807169501
24.59439 0.7496364670923689
24.5956 0.7526079534677879
24.59681 0.7554529936144654
24.59801 0.7582348106467725
24.59922 0.7609534045647088
24.60043 0.763545552253904
24.60163 0.7661376999430991
24.60284 0.7686034014035531
24.60405 0.7710058797496364
24.60525 0.7733451349813492
24.60646 0.7756211670986912
24.60767 0.7777707529872921
24.60887 0.779920338875893
24.61008 0.7819434785357526
24.61129 0.7838401719668711
24.61249 0.7857368653979895
24.6137 0.7875071126003667
24.61491 0.7892141366883733
24.61611 0.7908579376620093
24.61732 0.7924385155212746
24.61853 0.7938926471517986
24.61974 0.7952835556679523
24.62094 0.796611241069735
24.62215 0.7978124802427767
24.62336 0.7989504963014479
24.62456 0.8000252892457483
24.62577 0.8010368590756781
24.62698 0.8019219826768667
24.62818 0.8027438831636846
24.62939 0.803502560536132
24.6306 0.8041347916798381
24.6318 0.8047037997091737
24.63301 0.8051463615097679
24.63422 0.8053992539672504
24.63542 0.8055889233103622
24.63663 0.8056521464247328
24.63784 0.8055257001959916
24.63904 0.8053360308528797
24.64025 0.8050199152810267
24.64146 0.804640576594803
24.64266 0.8040715685654675
24.64387 0.8034393374217613
24.64508 0.8026806600493139
24.64629 0.801858759562496
24.64749 0.8009736359613074
24.6487 0.7999620661313777
24.64991 0.7988240500727065
24.65111 0.7976228108996648
24.65232 0.7964215717266232
24.65353 0.7950306632104698
24.65473 0.7936397546943162
24.65594 0.792185623063792
24.65715 0.7906682683188974
24.65835 0.789087690459632
24.65956 0.7873806663716254
24.66077 0.7857368653979895
24.66197 0.7839666181956123
24.66318 0.7821963709932351
24.66439 0.7803629006764873
24.66559 0.7784662072453689
24.6668 0.7765695138142504
24.66801 0.7746095972687614
24.66921 0.7726496807232724
24.67042 0.7706897641777833
24.67163 0.7686666245179237
24.67284 0.7666434848580641
24.67404 0.7646203451982044
24.67525 0.7625972055383449
24.67646 0.7605740658784852
24.67766 0.7584877031042548
24.67887 0.7564645634443953
24.68008 0.7544414237845356
24.68128 0.752418284124676
24.68249 0.7503951444648164
24.6837 0.7483720048049567
24.6849 0.7464120882594676
24.68611 0.7444521717139786
24.68732 0.7425554782828602
24.68852 0.7406587848517417
24.68973 0.7387620914206233
24.69094 0.7368653979895049
24.69214 0.7349687045583866
24.69335 0.7329455648985269
24.69456 0.7309224252386672
24.69576 0.7288360624644369
24.69697 0.7266864765758361
24.69818 0.7245368906872351
24.69939 0.7222608585698931
24.70059 0.7200480495669217
24.7018 0.717708794335209
24.70301 0.7153695391034962
24.70421 0.7130302838717836
24.70542 0.7106278055257002
24.70663 0.7082253271796168
24.70783 0.7057596257191628
24.70904 0.703293924258709
24.71025 0.7008282227982551
24.71145 0.6982992982234305
24.71266 0.6957703736486058
24.71387 0.693304672188152
24.71507 0.6907125244989568
24.71628 0.6881835999241322
24.71749 0.6856546753493077
24.71869 0.6830625276601126
24.7199 0.680533603085288
24.72111 0.6780046785104634
24.72232 0.6754757539356389
24.72352 0.6728836062464436
24.72473 0.6703546816716192
24.72594 0.6678889802111652
24.72714 0.6653600556363406
24.72835 0.6628943541758867
24.72956 0.6604286527154327
24.73076 0.6579629512549787
24.73197 0.6555604729088955
24.73318 0.6531579945628121
24.73438 0.6507555162167288
24.73559 0.6484162609850161
24.7368 0.646140228867674
24.738 0.6438641967503319
24.73921 0.6415881646329898
24.74042 0.6394385787443889
24.74162 0.6372257697414174
24.74283 0.6351394069671872
24.74404 0.6330530441929569
24.74524 0.6310299045330973
24.74645 0.6290699879876083
24.74766 0.6271732945564898
24.74887 0.6252766011253714
24.75007 0.6234431308086237
24.75128 0.6216728836062464
24.75249 0.6198394132894987
24.75369 0.6180691660871215
24.7549 0.6162989188847442
24.75611 0.614528671682367
24.75731 0.6128216475943605
24.75852 0.6111146235063539
24.75973 0.6094075994183473
24.76093 0.6077005753303407
24.76214 0.6060567743567048
24.76335 0.6044129733830689
24.76455 0.6027691724094328
24.76576 0.6011253714357969
24.76697 0.5995447935765316
24.76817 0.5979642157172662
24.76938 0.5963836378580009
24.77059 0.5948662831131061
24.77179 0.5933489283682114
24.773 0.5918315736233166
24.77421 0.5903774419927926
24.77542 0.5888600872478978
24.77662 0.5874059556173737
24.77783 0.5860150471012201
24.77904 0.5846241385850667
24.78024 0.5831700069545426
24.78145 0.5818423215527597
24.78266 0.5804514130366062
24.78386 0.5791237276348232
24.78507 0.5777960422330404
24.78628 0.5765315799456281
24.78748 0.5752671176582158
24.78869 0.5740026553708035
24.7899 0.5727381930833912
24.7911 0.5715369539103495
24.79231 0.5703357147373079
24.79352 0.5691344755642663
24.79472 0.5679964595055953
24.79593 0.5668584434469242
24.79714 0.5657204273882531
24.79834 0.5646456344439527
24.79955 0.5635708414996522
24.80076 0.5624960485553517
24.80197 0.561484478725422
24.80317 0.5604729088954922
24.80438 0.5594613390655624
24.80559 0.5584497692356326
24.80679 0.5575014225200733
24.808 0.5566162989188846
24.80921 0.5556679522033255
24.81041 0.5547828286021369
24.81162 0.5538977050009483
24.81283 0.5530125813997597
24.81403 0.5521274577985712
24.81524 0.5513055573117531
24.81645 0.5504204337105646
24.81765 0.5495985332237465
24.81886 0.5488398558512992
24.82007 0.5480179553644812
24.82127 0.5472592779920339
24.82248 0.5465006006195865
24.82369 0.5457419232471391
24.82489 0.5450464689890624
24.8261 0.544287791616615
24.82731 0.5435923373585383
24.82852 0.5429601062148321
24.82972 0.542327875071126
24.83093 0.5416956439274199
24.83214 0.5410634127837137
24.83334 0.5404944047543782
24.83455 0.5399253967250427
24.83576 0.5393563886957071
24.83696 0.5388506037807422
24.83817 0.5383448188657773
24.83938 0.5378390339508125
24.84058 0.5373964721502181
24.84179 0.5369539103496238
24.843 0.5365745716634002
24.8442 0.5361952329771764
24.84541 0.5358158942909528
24.84662 0.5354997787190997
24.84782 0.5351836631472466
24.84903 0.5348675475753936
24.85024 0.5346146551179111
24.85144 0.5344249857747992
24.85265 0.5342353164316874
24.85386 0.5340456470885756
24.85507 0.5339192008598344
24.85627 0.5337927546310931
24.85748 0.5337295315167224
24.85869 0.5336663084023519
24.85989 0.5336030852879813
24.8611 0.5336663084023519
24.86231 0.5336663084023519
24.86351 0.5337295315167224
24.86472 0.5338559777454638
24.86593 0.5339824239742049
24.86713 0.5341720933173167
24.86834 0.5343617626604287
24.86955 0.5346146551179111
24.87075 0.5349307706897642
24.87196 0.5352468862616172
24.87317 0.535626224947841
24.87437 0.5360687867484353
24.87558 0.5365113485490295
24.87679 0.5370171334639944
24.87799 0.5375229183789593
24.8792 0.5380919264082948
24.88041 0.538724157552001
24.88162 0.5393563886957071
24.88282 0.5400518429537838
24.88403 0.5407472972118607
24.88524 0.5414427514699374
24.88644 0.5422014288423848
24.88765 0.5430233293292027
24.88886 0.5437820067016501
24.89006 0.5446671303028388
24.89127 0.5454890307896566
24.89248 0.5463741543908452
24.89368 0.5472592779920339
24.89489 0.5482076247075931
24.8961 0.5491559714231523
24.8973 0.5501043181387115
24.89851 0.5511158879686413
24.89972 0.5520642346842005
24.90092 0.5530758045141304
24.90213 0.5540873743440602
24.90334 0.5551621672883607
24.90454 0.5561737371182904
24.90575 0.5572485300625908
24.90696 0.5583233230068912
24.90817 0.5593981159511917
24.90937 0.5604729088954922
24.91058 0.5615477018397926
24.91179 0.5626224947840931
24.91299 0.5636972877283934
24.9142 0.5647720806726939
24.91541 0.5658468736169944
24.91661 0.5669848896756654
24.91782 0.5680596826199659
24.91903 0.5691344755642663
24.92023 0.5702092685085668
24.92144 0.5712840614528671
24.92265 0.5723588543971676
24.92385 0.5734336473414681
24.92506 0.5744452171713978
24.92627 0.5754567870013277
24.92747 0.5765315799456281
24.92868 0.5776063728899286
24.92989 0.5787443889485996
24.93109 0.5798824050072706
24.9323 0.5811468672946829
24.93351 0.5824113295820952
24.93472 0.583739014983878
24.93592 0.5851299235000316
24.93713 0.5865208320161851
24.93834 0.5879749636467092
24.93954 0.5894290952772333
24.94075 0.5909464500221281
24.94196 0.5924638047670228
24.94316 0.5939811595119175
24.94437 0.5955617373711829
24.94558 0.5971423152304483
24.94678 0.5987228930897136
24.94799 0.600303470948979
24.9492 0.6019472719226149
24.9504 0.6035278497818802
24.95161 0.6051084276411456
24.95282 0.6067522286147815
24.95402 0.6083328064740469
24.95523 0.6099133843333122
24.95644 0.6114939621925776
24.95765 0.6130113169374724
24.95885 0.614528671682367
24.96006 0.6160460264272618
24.96127 0.6175633811721566
24.96247 0.61895428968831
24.96368 0.6204084213188341
24.96489 0.6217993298349876
24.96609 0.6231270152367705
24.9673 0.6243914775241828
24.96851 0.6256559398115952
24.96971 0.6267939558702662
24.97092 0.6279319719289372
24.97213 0.6290067648732376
24.97333 0.630081557817538
24.97454 0.6310299045330973
24.97575 0.6319150281342859
24.97695 0.6327369286211039
24.97816 0.6334323828791806
24.97937 0.6341278371372574
24.98057 0.6346968451665929
24.98178 0.6352026300815579
24.98299 0.6355819687677814
24.9842 0.6358980843396346
24.9854 0.636150976797117
24.98661 0.6362774230258582
24.98782 0.6362774230258582
24.98902 0.6362774230258582
24.99023 0.636150976797117
24.99144 0.6360245305683757
24.99264 0.635834861225264
24.99385 0.6355819687677814
24.99506 0.6352658531959284
24.99626 0.6348865145097047
24.99747 0.634507175823481
24.99868 0.6340013909085161
24.99988 0.6334956059935513
25.00109 0.6329265979642157
25.0023 0.6322943668205095
25.0035 0.6315989125624328
25.00471 0.6309034583043561
25.00592 0.630081557817538
25.00712 0.6292596573307201
25.00833 0.6284377568439021
25.00954 0.6274894101283429
25.01075 0.6265410634127837
25.01195 0.6255294935828539
25.01316 0.6244547006385535
25.01437 0.623379907694253
25.01557 0.6222418916355819
25.01678 0.6210406524625403
25.01799 0.6198394132894987
25.01919 0.6185749510020864
25.0204 0.6172472656003034
25.02161 0.6159195801985206
25.02281 0.614528671682367
25.02402 0.6130745400518429
25.02523 0.6116204084213188
25.02643 0.6101030536764241
25.02764 0.6085856989315294
25.02885 0.607005121072264
25.03005 0.6054245432129987
25.03126 0.6037807422393627
25.03247 0.6020737181513561
25.03367 0.6003666940633495
25.03488 0.5986596699753429
25.03609 0.5968894227729657
25.0373 0.5950559524562179
25.0385 0.5932224821394702
25.03971 0.5913890118227224
25.04092 0.589492318391604
25.04212 0.5875956249604855
25.04333 0.5856357084149966
25.04454 0.5836757918695075
25.04574 0.5816526522096478
25.04695 0.5796295125497881
25.04816 0.577543149775558
25.04936 0.5753935638869571
25.05057 0.5731175317696149
25.05178 0.5707782765379023
25.05298 0.5683125750774483
25.05419 0.5657836505026237
25.0554 0.5631915028134286
25.0566 0.5604729088954922
25.05781 0.5576910918631851
25.05902 0.5548460517165076
25.06022 0.5519377884554593
25.06143 0.5489663020800405
25.06264 0.5459315925902509
25.06385 0.5428968831004615
25.06505 0.5397357273819309
25.06626 0.5365745716634002
25.06747 0.5333501928304989
25.06867 0.5301258139975975
25.06988 0.5269014351646962
25.07109 0.5236138332174243
25.07229 0.5202630081557817
25.0735 0.5169754062085098
25.07471 0.5136245811468673
25.07591 0.5102737560852247
25.07712 0.5069861541379528
25.07833 0.5036353290763103
25.07953 0.5002845040146677
25.08074 0.49699690206739583
25.08195 0.49364607700575325
25.08315 0.49042169817285197
25.08436 0.48713409622558
25.08557 0.48390971739267874
25.08677 0.48068533855977746
25.08798 0.47752418284124676
25.08919 0.4744262502370866
25.0904 0.4713283176329266
25.0916 0.4682936081431371
25.09281 0.46532212176771826
25.09402 0.46241385850667
25.09522 0.4595688183599924
25.09643 0.45678700132768535
25.09764 0.45406840740974896
25.09884 0.45141303660618326
25.10005 0.448820888916988
25.10126 0.4463551874565341
25.10246 0.4439527091104508
25.10367 0.441613453878738
25.10488 0.43940064487576663
25.10608 0.4372510589871657
25.10729 0.43522791932730603
25.1085 0.43333122589618767
25.1097 0.4314345324650692
25.11091 0.4296010621483214
25.11212 0.4277675918315736
25.11332 0.4259973446291964
25.11453 0.4242270974268193
25.11574 0.42252007333881264
25.11695 0.42081304925080604
25.11815 0.4191692482771701
25.11936 0.4175254473035342
25.12057 0.41594486944426884
25.12177 0.4143642915850035
25.12298 0.4128469368401087
25.12419 0.41132958209521403
25.12539 0.40987545046468987
25.1266 0.4084845419485364
25.12781 0.40709363343238286
25.12901 0.4057027249162294
25.13022 0.4043750395144465
25.13143 0.4031105772270342
25.13263 0.40184611493962197
25.13384 0.4006448757665802
25.13505 0.39950685970790917
25.13625 0.39836884364923814
25.13746 0.3972940507049377
25.13867 0.3962192577606373
25.13987 0.39520768793070743
25.14108 0.3942593412151482
25.14229 0.39337421761395963
25.1435 0.3924890940127711
25.1447 0.39160397041158246
25.14591 0.3908452930391351
25.14712 0.39008661566668773
25.14832 0.38939116140861096
25.14953 0.3886957071505342
25.15074 0.3881266991211987
25.15194 0.38755769109186317
25.15315 0.38698868306252765
25.15436 0.38654612126193333
25.15556 0.38610355946133906
25.15677 0.38572422077511537
25.15798 0.3854081052032623
25.15918 0.3850919896314092
25.16039 0.38490232028829735
25.1616 0.38471265094518553
25.1628 0.38458620471644434
25.16401 0.3844597584877031
25.16522 0.3844597584877031
25.16643 0.3844597584877031
25.16763 0.38458620471644434
25.16884 0.38471265094518553
25.17005 0.38490232028829735
25.17125 0.3852184358601504
25.17246 0.3855977745463742
25.17367 0.38610355946133906
25.17487 0.3867357906050452
25.17608 0.38743124486312197
25.17729 0.3881899222355693
25.17849 0.3890750458367579
25.1797 0.3900233925523171
25.18091 0.39109818549661757
25.18211 0.392172978440918
25.18332 0.39337421761395963
25.18453 0.39457545678700134
25.18573 0.3959031421887842
25.18694 0.3972308275905671
25.18815 0.3986217361067206
25.18935 0.40007586773724474
25.19056 0.4015932224821394
25.19177 0.40317380034140476
25.19298 0.4047543782006701
25.19418 0.40633495605993547
25.19539 0.4080419801479421
25.1966 0.409685781121578
25.1978 0.41139280520958466
25.19901 0.41309982929759115
25.20022 0.4148700764999684
25.20142 0.41664032370234555
25.20263 0.4183473477903522
25.20384 0.42011759499272927
25.20504 0.4218878421951065
25.20625 0.42365808939748373
25.20746 0.4254283365998609
25.20866 0.42713536068786745
25.20987 0.42884238477587405
25.21108 0.4305494088638806
25.21228 0.4322564329518872
25.21349 0.4339002339255231
25.2147 0.43554403489915916
25.2159 0.4371246127584244
25.21711 0.4386419675033192
25.21832 0.44015932224821397
25.21953 0.441613453878738
25.22073 0.4430043623948915
25.22194 0.4443320477966744
25.22315 0.4456597331984573
25.22435 0.446860972371499
25.22556 0.4479989884301701
25.22677 0.44913700448884114
25.22797 0.45008535120440035
25.22918 0.4510336979199595
25.23039 0.45191882152114815
25.23159 0.4526774988935955
25.2328 0.4534993993804135
25.23401 0.4543212998672314
25.23521 0.4551432003540494
25.23642 0.45596510084086744
25.23763 0.45678700132768535
25.23883 0.4575456787001328
25.24004 0.4583675791869507
25.24125 0.4591894796737687
25.24245 0.45994815704621606
25.24366 0.4607068344186635
25.24487 0.46146551179111084
25.24608 0.4622241891635582
25.24728 0.46298286653600557
25.24849 0.46367832079408233
25.2497 0.46437377505215904
25.2509 0.4650692293102358
25.25211 0.46570146045394195
25.25332 0.46633369159764815
25.25452 0.4669659227413542
25.25573 0.46753493077068975
25.25694 0.46810393880002527
25.25814 0.4686097237149902
25.25935 0.4691155086299551
25.26056 0.46962129354492
25.26176 0.4700638553455143
25.26297 0.470443194031738
25.26418 0.47082253271796165
25.26538 0.4711386482898148
25.26659 0.4713915407472972
25.2678 0.47164443320477967
25.269 0.4718973256622621
25.27021 0.47202377189100336
25.27142 0.47215021811974456
25.27263 0.47221344123411524
25.27383 0.4722766643484858
25.27504 0.47221344123411524
25.27625 0.47215021811974456
25.27745 0.47202377189100336
25.27866 0.4718341025478915
25.27987 0.47158121009040904
25.28107 0.4712650945185559
25.28228 0.4709489789467029
25.28349 0.4705064171461086
25.28469 0.4700638553455143
25.2859 0.4694948473161788
25.28711 0.4689258392868432
25.28831 0.4682303850287665
25.28952 0.4674717076563192
25.29073 0.46671303028387173
25.29193 0.46582790668268315
25.29314 0.46487955996712393
25.29435 0.46380476702282347
25.29555 0.46266675096415244
25.29676 0.4614022886767402
25.29797 0.4600746032749573
25.29918 0.45868369475880383
25.30038 0.45722956312827967
25.30159 0.4556489852690143
25.3028 0.4540051842953784
25.304 0.45229816020737185
25.30521 0.4505279130049946
25.30642 0.4486944426882468
25.30762 0.4467977492571284
25.30883 0.4448378327116394
25.31004 0.44287791616615035
25.31124 0.4407915533919201
25.31245 0.43870519061768976
25.31366 0.43655560472908894
25.31486 0.434406018840488
25.31607 0.43212998672314595
25.31728 0.4299171777201745
25.31848 0.4275779224884617
25.31969 0.42530189037111965
25.3209 0.42296263513940696
25.3221 0.4205601567933236
25.32331 0.41815767844724033
25.32452 0.41575520010115696
25.32573 0.4133527217550736
25.32693 0.41095024340899033
25.32814 0.4084845419485364
25.32935 0.406082063602453
25.33055 0.4036163621419991
25.33176 0.40121388379591577
25.33297 0.39874818233546183
25.33417 0.39634570398937846
25.33538 0.39394322564329515
25.33659 0.39154074729721183
25.33779 0.3891382689511285
25.339 0.3867990137194158
25.34021 0.3844597584877031
25.34141 0.3821205032559904
25.34262 0.3798444711386483
25.34383 0.3775684390213062
25.34503 0.37535563001833466
25.34624 0.3732060441297338
25.34745 0.3710564582411329
25.34865 0.3689700954669027
25.34986 0.36688373269267244
25.35107 0.36486059303281276
25.35228 0.36290067648732377
25.35348 0.36100398305620535
25.35469 0.35917051273945755
25.3559 0.3572738193083391
25.3571 0.3553771258772207
25.35831 0.3534804324461023
25.35952 0.35158373901498385
25.36072 0.34968704558386543
25.36193 0.34779035215274706
25.36314 0.34589365872162864
25.36434 0.3439969652905102
25.36555 0.34203704874502117
25.36676 0.34014035531390274
25.36796 0.3382436618827843
25.36917 0.3363469684516659
25.37038 0.3344502750205475
25.37158 0.3325535815894291
25.37279 0.3306568881583107
25.374 0.32876019472719226
25.37521 0.32686350129607383
25.37641 0.3249668078649554
25.37762 0.3231333375482076
25.37883 0.3212366441170892
25.38003 0.3194031738003414
25.38124 0.3175697034835936
25.38245 0.3157362331668458
25.38365 0.313902762850098
25.38486 0.31213251564772077
25.38607 0.3103622684453436
25.38727 0.3085920212429664
25.38848 0.3068217740405892
25.38969 0.30511474995258264
25.39089 0.30340772586457604
25.3921 0.3017007017765695
25.39331 0.30005690080293357
25.39451 0.2984130998292976
25.39572 0.2967692988556616
25.39693 0.2951887209963963
25.39813 0.29360814313713096
25.39934 0.2920275652778656
25.40055 0.2905102105329708
25.40176 0.2889928557880761
25.40296 0.287538724157552
25.40417 0.28608459252702784
25.40538 0.28469368401087436
25.40658 0.2833027754947209
25.40779 0.281975090092938
25.409 0.28064740469115507
25.4102 0.27931971928937216
25.41141 0.27811848011633056
25.41262 0.27691724094328884
25.41382 0.2757160017702472
25.41503 0.27457798571157616
25.41624 0.27343996965290507
25.41744 0.2724283998229753
25.41865 0.2714800531074161
25.41986 0.27053170639185686
25.42106 0.26970980590503885
25.42227 0.2689511285325915
25.42348 0.2681924511601441
25.42468 0.2674969969020674
25.42589 0.2669279888727319
25.4271 0.2663589808433963
25.42831 0.2657899728140608
25.42951 0.26528418789909586
25.43072 0.2648416260985016
25.43193 0.2644622874122779
25.43313 0.26408294872605426
25.43434 0.26370361003983056
25.43555 0.2633874944679775
25.43675 0.2630713788961244
25.43796 0.262818486438642
25.43917 0.2625655939811595
25.44037 0.262312701523677
25.44158 0.2620598090661946
25.44279 0.26187013972308276
25.44399 0.2616172472656003
25.4452 0.26142757792248844
25.44641 0.2612379085793766
25.44761 0.2609850161218941
25.44882 0.2607953467787823
25.45003 0.26054245432129985
25.45123 0.26035278497818803
25.45244 0.2600998925207056
25.45365 0.2598470000632231
25.45486 0.25959410760574064
25.45606 0.25927799203388757
25.45727 0.25896187646203456
25.45848 0.2585825377758108
25.45968 0.25820319908958717
25.46089 0.2578238604033634
25.4621 0.2573812986027692
25.4633 0.25687551368780426
25.46451 0.25636972877283937
25.46572 0.25580072074350385
25.46692 0.25516848959979765
25.46813 0.25447303534172094
25.46934 0.2537775810836442
25.47054 0.2530189037111968
25.47175 0.2521337801100082
25.47296 0.2512486565088196
25.47416 0.2503003097932604
25.47537 0.2492887399633306
25.47658 0.24821394701903016
25.47778 0.2470127078459885
25.47899 0.24581146867294681
25.4802 0.24454700638553453
25.48141 0.24321932098375162
25.48261 0.24189163558196877
25.48382 0.24050072706581524
25.48503 0.23904659543529116
25.48623 0.23759246380476703
25.48744 0.2361383321742429
25.48865 0.23462097742934815
25.48985 0.2330403995700828
25.49106 0.23145982171081744
25.49227 0.22987924385155215
25.49347 0.22823544287791617
25.49468 0.2265284187899096
25.49589 0.22482139470190302
25.49709 0.22311437061389644
25.4983 0.22134412341151924
25.49951 0.21957387620914204
25.50071 0.21774040589239424
25.50192 0.21590693557564644
25.50313 0.21407346525889864
25.50433 0.21217677182778022
25.50554 0.2102800783966618
25.50675 0.20838338496554343
25.50796 0.20642346842005435
25.50916 0.20446355187456533
25.51037 0.20244041221470568
25.51158 0.20041727255484604
25.51278 0.1983941328949864
25.51399 0.19637099323512677
25.5152 0.1942846304608965
25.5164 0.19226149080103686
25.51761 0.19011190491243599
25.51882 0.18802554213820571
25.52002 0.18593917936397544
25.52123 0.18378959347537457
25.52244 0.1816400075867737
25.52364 0.17949042169817284
25.52485 0.17727761269520134
25.52606 0.17512802680660047
25.52726 0.172915217803629
25.52847 0.17076563191502814
25.52968 0.16855282291205664
25.53088 0.16634001390908515
25.53209 0.16406398179174306
25.5333 0.1618511727887716
25.53451 0.1596383637858001
25.53571 0.15736233166845798
25.53692 0.15514952266548648
25.53813 0.1528734905481444
25.53933 0.15066068154517293
25.54054 0.1483846494278308
25.54175 0.14610861731048871
25.54295 0.143769362078776
25.54416 0.14136688373269268
25.54537 0.13890118227223872
25.54657 0.13637225769741415
25.54778 0.13378011000821902
25.54899 0.13112473920465323
25.55019 0.12840614528671682
25.5514 0.1256243282544098
25.55261 0.12277928810773218
25.55381 0.11993424796105456
25.55502 0.11708920781437693
25.55623 0.11411772143895808
25.55743 0.11120945817790985
25.55864 0.10823797180249099
25.55985 0.10520326231270151
25.56106 0.10223177593728267
25.56226 0.0991970664474932
25.56347 0.09609913384333311
25.56468 0.09306442435354366
25.56588 0.09002971486375418
25.56709 0.08699500537396472
25.5683 0.08396029588417525
25.5695 0.0809255863943858
25.57071 0.07789087690459631
25.57192 0.07485616741480686
25.57312 0.071884681039388
25.57433 0.06891319466396914
25.57554 0.0659417082885503
25.57674 0.06303344502750205
25.57795 0.060188404880824435
25.57916 0.0573433647341468
25.58036 0.054561547701839797
25.58157 0.05177973066953277
25.58278 0.04906113675159639
25.58399 0.04646898906240121
25.58519 0.04381361825883543
25.5864 0.04128469368401087
25.58761 0.038818992223556927
25.58881 0.036416513877473605
25.59002 0.03407725864576089
25.59123 0.03180122652841879
25.59243 0.029588417525447303
25.59364 0.02750205475121704
25.59485 0.0254789150913574
25.59605 0.02351899854586837
25.59726 0.021685528229120565
25.59847 0.01991528102674338
25.59967 0.018271480053107417
25.60088 0.016690902193842068
25.60209 0.015236770563317948
25.60329 0.013909085161535058
25.6045 0.012644622874122779
25.60571 0.01150660681545173
25.60691 0.010368590756780678
25.60812 0.009293797812480242
25.60933 0.008345451096921034
25.61054 0.007397104381361826
25.61174 0.006511980780173232
25.61295 0.00569008029335525
25.61416 0.0048681798065372695
25.61536 0.004172725548460517
25.61657 0.0034772712903837644
25.61778 0.002845040146677625
25.61898 0.0023392552317127143
25.62019 0.001770247202377189
25.6214 0.0013276854017828918
25.6226 0.0009483467155592083
25.62381 0.0005690080293355251
25.62502 0.0002528924574824556
25.62622 0.0
25.62743 -0.00044256180059429724
25.62864 -0.0008219004868179805
25.62984 -0.0011380160586710502
25.63105 -0.0013909085161535057
25.63226 -0.001643800973635961
25.63346 -0.001833470316747803
25.63467 -0.0019599165454890306
25.63588 -0.002023139659859645
25.63709 -0.0020863627742302585
25.63829 -0.0020863627742302585
25.6395 -0.0020863627742302585
25.64071 -0.0019599165454890306
25.64191 -0.001833470316747803
25.64312 -0.0017070240880065752
25.64433 -0.0014541316305241197
25.64553 -0.001264462287412278
25.64674 -0.0009483467155592083
25.64795 -0.000632231143706139
25.64915 -0.0002528924574824556
25.65036 0.00018966934311184168
25.65157 0.000632231143706139
25.65277 0.0010747929443004362
25.65398 0.001643800973635961
25.65519 0.0022128090029714864
25.65639 0.0027818170323070115
25.6576 0.0034140481760131505
25.65881 0.004109502434089903
25.66001 0.0048049566921666564
25.66122 0.005563634064614023
25.66243 0.006322311437061389
25.66364 0.00714421192387937
25.66484 0.00796611241069735
25.66605 0.008851236011885946
25.66726 0.009736359613074539
25.66846 0.010684706328633749
25.66967 0.011759499272934185
25.67088 0.012897515331605235
25.67208 0.014161977619017512
25.67329 0.015489663020800404
25.6745 0.016943794651324524
25.6757 0.018397926281848644
25.67691 0.01997850414111399
25.67812 0.02162230511474995
25.67932 0.023329329202756526
25.68053 0.02516279951950433
25.68174 0.026996269836252137
25.68294 0.02889296326737055
25.68415 0.030852879812859578
25.68536 0.032876019472719224
25.68656 0.03496238224694948
25.68777 0.03711196813555036
25.68898 0.03926155402415123
25.69019 0.041474363027122714
25.69139 0.04375039514446481
25.6926 0.04602642726180692
25.69381 0.04836568249351963
25.69501 0.05070493772523234
25.69622 0.053107416071315666
25.69743 0.055509894417398994
25.69863 0.05791237276348232
25.69984 0.06037807422393627
25.70105 0.0628437756843902
25.70225 0.06524625403047353
25.70346 0.06771195549092748
25.70467 0.07017765695138142
25.70587 0.07264335841183536
25.70708 0.0751090598722893
25.70829 0.07757476133274324
25.70949 0.08004046279319718
25.7107 0.08244294113928051
25.71191 0.08484541948536384
25.71311 0.08724789783144717
25.71432 0.0895871530631599
25.71553 0.09192640829487261
25.71674 0.09426566352658532
25.71794 0.09654169564392742
25.71915 0.0987545046468989
25.72036 0.10090409053549977
25.72156 0.10305367642410064
25.72277 0.1051400391983309
25.72398 0.10722640197256116
25.72518 0.1091863185180502
25.72639 0.1110830119491686
25.7276 0.11297970538028704
25.7288 0.11474995258266421
25.73001 0.11645697667067079
25.73122 0.11810077764430675
25.73242 0.11968135550357209
25.73363 0.12132515647720805
25.73484 0.12290573433647341
25.73604 0.12448631219573875
25.73725 0.1260668900550041
25.73846 0.12764746791426945
25.73966 0.1292280457735348
25.74087 0.13080862363280016
25.74208 0.1323259783776949
25.74329 0.13390655623696024
25.74449 0.13542391098185497
25.7457 0.1369412657267497
25.74691 0.13845862047164442
25.74811 0.13991275210216855
25.74932 0.14143010684706328
25.75053 0.14288423847758738
25.75173 0.14427514699374092
25.75294 0.14572927862426505
25.75415 0.14712018714041852
25.75535 0.14851109565657203
25.75656 0.14990200417272553
25.75777 0.15122968957450844
25.75897 0.15255737497629132
25.76018 0.15388506037807423
25.76139 0.15514952266548648
25.76259 0.1564139849528988
25.7638 0.15767844724031105
25.76501 0.1588796864133527
25.76621 0.16001770247202377
25.76742 0.1611557185306948
25.76863 0.16229373458936586
25.76984 0.1633685275336663
25.77104 0.16444332047796673
25.77225 0.16551811342226716
25.77346 0.16646646013782637
25.77466 0.1674780299677562
25.77587 0.1683631535689448
25.77708 0.169311500284504
25.77828 0.170133400771322
25.77949 0.17095530125813999
25.7807 0.17177720174495795
25.7819 0.17247265600303469
25.78311 0.17323133337548208
25.78432 0.17386356451918822
25.78552 0.17449579566289433
25.78673 0.17506480369222988
25.78794 0.1756338117215654
25.78914 0.1761395966365303
25.79035 0.1765821584371246
25.79156 0.1770247202377189
25.79277 0.17734083580957197
25.79397 0.17765695138142504
25.79518 0.17790984383890748
25.79639 0.17816273629638996
25.79759 0.17828918252513118
25.7988 0.1784156287538724
25.80001 0.1784156287538724
25.80121 0.1784156287538724
25.80242 0.17835240563950178
25.80363 0.17822595941076055
25.80483 0.17809951318201933
25.80604 0.17784662072453689
25.80725 0.17759372826705444
25.80845 0.17727761269520134
25.80966 0.1769614971233483
25.81087 0.176518935322754
25.81207 0.17607637352215968
25.81328 0.1756338117215654
25.81449 0.17512802680660047
25.81569 0.17455901877726496
25.8169 0.17399001074792944
25.81811 0.1733577796042233
25.81932 0.17272554846051716
25.82052 0.17203009420244042
25.82173 0.17133463994436365
25.82294 0.1705759625719163
25.82414 0.1698172851994689
25.82535 0.16899538471265094
25.82656 0.16817348422583295
25.82776 0.167351583739015
25.82897 0.166529683252197
25.83018 0.1656445596510084
25.83138 0.1647594360498198
25.83259 0.16381108933426058
25.8338 0.16292596573307203
25.835 0.16197761901751281
25.83621 0.16102927230195357
25.83742 0.16008092558639436
25.83862 0.15913257887083518
25.83983 0.15812100904090537
25.84104 0.15717266232534613
25.84224 0.15616109249541632
25.84345 0.1552127457798571
25.84466 0.15420117594992727
25.84587 0.1532528292343681
25.84707 0.15224125940443825
25.84828 0.15129291268887904
25.84949 0.15028134285894923
25.85069 0.14933299614339002
25.8519 0.1483846494278308
25.85311 0.1474363027122716
25.85431 0.14648795599671238
25.85552 0.14553960928115317
25.85673 0.14465448567996458
25.85793 0.14370613896440537
25.85914 0.14288423847758738
25.86035 0.14199911487639882
25.86155 0.14105076816083958
25.86276 0.140165644559651
25.86397 0.13921729784409181
25.86517 0.1382689511285326
25.86638 0.13725738129860277
25.86759 0.13624581146867293
25.86879 0.13523424163874312
25.87 0.13415944869444268
25.87121 0.13314787886451285
25.87242 0.1320730859202124
25.87362 0.13093506986154138
25.87483 0.12986027691724095
25.87604 0.1287222608585699
25.87724 0.12758424479989883
25.87845 0.1264462287412278
25.87966 0.12530821268255674
25.88086 0.12417019662388569
25.88207 0.12296895745084402
25.88328 0.12183094139217297
25.88448 0.12062970221913132
25.88569 0.11949168616046026
25.8869 0.1182904469874186
25.8881 0.11708920781437693
25.88931 0.11588796864133526
25.89052 0.11474995258266421
25.89172 0.11354871340962255
25.89293 0.1123474742365809
25.89414 0.11114623506353921
25.89534 0.11000821900486817
25.89655 0.10880697983182651
25.89776 0.10760574065878485
25.89897 0.1064677246001138
25.90017 0.10532970854144276
25.90138 0.10412846936840107
25.90259 0.10299045330973003
25.90379 0.10185243725105898
25.905 0.10077764430675855
25.90621 0.09963962824808749
25.90741 0.09856483530378705
25.90862 0.09749004235948662
25.90983 0.09641524941518619
25.91103 0.09534045647088575
25.91224 0.09432888664095593
25.91345 0.0933173168110261
25.91465 0.09230574698109628
25.91586 0.09129417715116646
25.91707 0.09034583043560726
25.91827 0.08939748372004805
25.91948 0.08851236011885945
25.92069 0.08762723651767086
25.92189 0.08674211291648226
25.9231 0.08592021242966429
25.92431 0.0850983119428463
25.92552 0.08427641145602832
25.92672 0.08351773408358096
25.92793 0.08269583359676297
25.92914 0.0819371562243156
25.93034 0.08117847885186824
25.93155 0.08041980147942088
25.93276 0.07972434722134412
25.93396 0.07896566984889675
25.93517 0.07827021559082001
25.93638 0.07757476133274324
25.93758 0.0768793070746665
25.93879 0.07618385281658974
25.94 0.07548839855851298
25.9412 0.07485616741480686
25.94241 0.0741607131567301
25.94362 0.07352848201302396
25.94482 0.07289625086931782
25.94603 0.07226401972561168
25.94724 0.07163178858190554
25.94844 0.07106278055257002
25.94965 0.07043054940886388
25.95086 0.06986154137952835
25.95207 0.06929253335019282
25.95327 0.0687235253208573
25.95448 0.06815451729152178
25.95569 0.06758550926218625
25.95689 0.06707972434722134
25.9581 0.06651071631788581
25.95931 0.06600493140292091
25.96051 0.06549914648795599
25.96172 0.06499336157299108
25.96293 0.06448757665802618
25.96413 0.06398179174306126
25.96534 0.06353922994246697
25.96655 0.06303344502750205
25.96775 0.06259088322690776
25.96896 0.062148321426313456
25.97017 0.061705759625719156
25.97137 0.06126319782512487
25.97258 0.06082063602453057
25.97379 0.06037807422393627
25.97499 0.05999873553771259
25.9762 0.0596193968514889
25.97741 0.059176835050894605
25.97862 0.058797496364670916
25.97982 0.05841815767844724
25.98103 0.05803881899222356
25.98224 0.05772270342037048
25.98344 0.0573433647341468
25.98465 0.057027249162293736
25.98586 0.05664791047607005
25.98706 0.05633179490421698
25.98827 0.056015679332363906
25.98948 0.05569956376051084
25.99068 0.05538344818865777
25.99189 0.05513055573117532
25.9931 0.05481444015932225
25.9943 0.054561547701839797
25.99551 0.05430865524435734
25.99672 0.053992539672504274
25.99792 0.053739647215021814
25.99913 0.053549977871909966
26.00034 0.053297085414427514
26.00155 0.053044192956945055
26.00275 0.052854523613833214
26.00396 0.05266485427072138
26.00517 0.05247518492760953
26.00637 0.05228551558449769
26.00758 0.05209584624138586
26.00879 0.05190617689827401
26.00999 0.05177973066953277
26.0112 0.05159006132642094
26.01241 0.05146361509767971
26.01361 0.051337168868938486
26.01482 0.05121072264019725
26.01603 0.05108427641145603
26.01723 0.0509578301827148
26.01844 0.050894607068344186
26.01965 0.05076816083960296
26.02085 0.05070493772523234
26.02206 0.05064171461086173
26.02327 0.050578491496491115
26.02447 0.050515268382120504
26.02568 0.050452045267749886
26.02689 0.050388822153379274
26.0281 0.050388822153379274
26.0293 0.05032559903900866
26.03051 0.05032559903900866
26.03172 0.05032559903900866
26.03292 0.05032559903900866
26.03413 0.05032559903900866
26.03534 0.05032559903900866
26.03654 0.05032559903900866
26.03775 0.050388822153379274
26.03896 0.050452045267749886
26.04016 0.050452045267749886
26.04137 0.050515268382120504
26.04258 0.050578491496491115
26.04378 0.05064171461086173
26.04499 0.05070493772523234
26.0462 0.050831383953973575
26.0474 0.050894607068344186
26.04861 0.051021053297085416
26.04982 0.05114749952582664
26.05102 0.05121072264019725
26.05223 0.051337168868938486
26.05344 0.05152683821205032
26.05465 0.05165328444079155
26.05585 0.05177973066953277
26.05706 0.05196940001264462
26.05827 0.05215906935575647
26.05947 0.0523487386988683
26.06068 0.05253840804198014
26.06189 0.0527913004994626
26.06309 0.052980969842574444
26.0643 0.0532338623000569
26.06551 0.053486754757539355
26.06671 0.053739647215021814
26.06792 0.054055762786874885
26.06913 0.05430865524435734
26.07033 0.05462477081621041
26.07154 0.05494088638806347
26.07275 0.05525700195991654
26.07395 0.055573117531769606
26.07516 0.055952456217993295
26.07637 0.056268571789846365
26.07757 0.05664791047607005
26.07878 0.057027249162293736
26.07999 0.0573433647341468
26.0812 0.05772270342037048
26.0824 0.05810204210659417
26.08361 0.058544603907188464
26.08482 0.05892394259341215
26.08602 0.05930328127963583
26.08723 0.05974584308023013
26.08844 0.06012518176645381
26.08964 0.06056774356704811
26.09085 0.06101030536764241
26.09206 0.06138964405386609
26.09326 0.06183220585446039
26.09447 0.06227476765505468
26.09568 0.06271732945564898
26.09688 0.06315989125624329
26.09809 0.06360245305683758
26.0993 0.06404501485743187
26.1005 0.06448757665802618
26.10171 0.06493013845862047
26.10292 0.06537270025921477
26.10412 0.06581526205980907
26.10533 0.06625782386040335
26.10654 0.06670038566099766
26.10775 0.06714294746159195
26.10895 0.06758550926218625
26.11016 0.06802807106278055
26.11137 0.06847063286337485
26.11257 0.06891319466396914
26.11378 0.06935575646456345
26.11499 0.06979831826515774
26.11619 0.07024088006575203
26.1174 0.07062021875197572
26.11861 0.07106278055257002
26.11981 0.07150534235316432
26.12102 0.071884681039388
26.12223 0.07232724283998229
26.12343 0.07276980464057659
26.12464 0.0732755895555415
26.12585 0.07378137447050641
26.12705 0.07428715938547133
26.12826 0.07479294430043625
26.12947 0.07529872921540115
26.13067 0.07586773724473668
26.13188 0.07637352215970158
26.13309 0.07694253018903711
26.1343 0.07751153821837263
26.1355 0.07808054624770816
26.13671 0.07871277739141429
26.13792 0.07928178542074983
26.13912 0.07991401656445596
26.14033 0.08048302459379149
26.14154 0.08111525573749763
26.14274 0.08168426376683315
26.14395 0.08231649491053929
26.14516 0.08288550293987482
26.14636 0.08351773408358096
26.14757 0.0841499652272871
26.14878 0.08471897325662262
26.14998 0.08535120440032876
26.15119 0.08592021242966429
26.1524 0.0864892204589998
26.1536 0.08712145160270596
26.15481 0.08769045963204147
26.15602 0.088259467661377
26.15722 0.08876525257634191
26.15843 0.08933426060567744
26.15964 0.08990326863501295
26.16085 0.09040905354997787
26.16205 0.09091483846494278
26.16326 0.0914206233799077
26.16447 0.09192640829487261
26.16567 0.09236897009546689
26.16688 0.0928115318960612
26.16809 0.0932540936966555
26.16929 0.09363343238287918
26.1705 0.09407599418347348
26.17171 0.09445533286969716
26.17291 0.09477144844155022
26.17412 0.09508756401340329
26.17533 0.09540367958525636
26.17653 0.09571979515710945
26.17774 0.09597268761459189
26.17895 0.09616235695770373
26.18015 0.09635202630081557
26.18136 0.09654169564392742
26.18257 0.09666814187266864
26.18377 0.09679458810140988
26.18498 0.09685781121578049
26.18619 0.0969210343301511
26.1874 0.09698425744452172
26.1886 0.09698425744452172
26.18981 0.09698425744452172
26.19102 0.0969210343301511
26.19222 0.0969210343301511
26.19343 0.09685781121578049
26.19464 0.09679458810140988
26.19584 0.09673136498703926
26.19705 0.09666814187266864
26.19826 0.09654169564392742
26.19946 0.09641524941518619
26.20067 0.09628880318644496
26.20188 0.09616235695770373
26.20308 0.09597268761459189
26.20429 0.09578301827148006
26.2055 0.09559334892836821
26.2067 0.09540367958525636
26.20791 0.0951507871277739
26.20912 0.09496111778466207
26.21032 0.09470822532717961
26.21153 0.09439210975532655
26.21274 0.0941392172978441
26.21395 0.09382310172599102
26.21515 0.09350698615413794
26.21636 0.09312764746791427
26.21757 0.0928115318960612
26.21877 0.0924321932098375
26.21998 0.09205285452361384
26.22119 0.09161029272301953
26.22239 0.09123095403679585
26.2236 0.09078839223620155
26.22481 0.09028260732123664
26.22601 0.08984004552064234
26.22722 0.08933426060567744
26.22843 0.08882847569071252
26.22963 0.08832269077574761
26.23084 0.08775368274641208
26.23205 0.08718467471707655
26.23325 0.08661566668774104
26.23446 0.08604665865840551
26.23567 0.08541442751469937
26.23688 0.08478219637099323
26.23808 0.0841499652272871
26.23929 0.08345451096921035
26.2405 0.08275905671113358
26.2417 0.08206360245305684
26.24291 0.08130492508060946
26.24412 0.08060947082253271
26.24532 0.07985079345008535
26.24653 0.07902889296326737
26.24774 0.07827021559082001
26.24894 0.07744831510400202
26.25015 0.07656319150281342
26.25136 0.07574129101599544
26.25256 0.07485616741480686
26.25377 0.07390782069924764
26.25498 0.07295947398368843
26.25618 0.07194790415375861
26.25739 0.07087311120945818
26.2586 0.06973509515078713
26.2598 0.06859707909211608
26.26101 0.06739583991907441
26.26222 0.06619460074603274
26.26343 0.06493013845862047
26.26463 0.06366567617120819
26.26584 0.062337990769425304
26.26705 0.06094708225327179
26.26825 0.05955617373711829
26.26946 0.05816526522096478
26.27067 0.056711133590440665
26.27187 0.05525700195991654
26.27308 0.053739647215021814
26.27429 0.05228551558449769
26.27549 0.05070493772523234
26.2767 0.04918758298033761
26.27791 0.047670228235442876
26.27911 0.04608965037617753
26.28032 0.04450907251691218
26.28153 0.04292849465764684
26.28273 0.041347916798381484
26.28394 0.03976733893911614
26.28515 0.03818676107985079
26.28635 0.036606183220585446
26.28756 0.03496238224694948
26.28877 0.033381804387684136
26.28998 0.03180122652841879
26.29118 0.030220648669153444
26.29239 0.028703293924258706
26.2936 0.027122716064993363
26.2948 0.025542138205728013
26.29601 0.02402478346083328
26.29722 0.022507428715938544
26.29842 0.021053297085414428
26.29963 0.019535942340519693
26.30084 0.018081810709995573
26.30204 0.016690902193842068
26.30325 0.015236770563317948
26.30446 0.013845862047164443
26.30566 0.012518176645381551
26.30687 0.01119049124359866
26.30808 0.009926028956186382
26.30928 0.008661566668774103
26.31049 0.007397104381361826
26.3117 0.0062590883226907755
26.3129 0.005057849149649112
26.31411 0.003983056205348675
26.31532 0.0029082632610482394
26.31653 0.0018966934311184167
26.31773 0.0009483467155592083
26.31894 0.0
