2.50112 0.0
2.50233 0.00022985863693828298
2.50354 0.0005171819331111367
2.50474 0.000593801478757231
2.50595 0.0007661954564609433
2.50716 0.0010535187526337971
2.50837 0.001187602957514462
2.50957 0.0013408420488066506
2.51078 0.0015515457993334099
2.51199 0.0018197142090947403
2.51319 0.0019154886411523581
2.5144 0.0020304179596214995
2.51561 0.0022794314829713063
2.51681 0.0024709803470865416
2.51802 0.0026242194383787306
2.51923 0.002892387848140061
2.52043 0.003160556257901391
2.52164 0.0032754855763705323
2.52285 0.00337126000842815
2.52405 0.0034861893268972916
2.52526 0.003601118645366433
2.52647 0.003792667509481669
2.52767 0.0038692870551277634
2.52888 0.003945906600773858
2.53009 0.004137455464889093
2.53129 0.0043864689882389
2.5325 0.004558862965942613
2.53371 0.004673792284411753
2.53492 0.004827031375703943
2.53612 0.0050568900126422255
2.53733 0.005210129103934414
2.53854 0.005420832854461173
2.53974 0.005497452400107268
2.54095 0.005650691491399456
2.54216 0.005861395241926215
2.54336 0.005976324560395357
2.54457 0.006129563651687546
2.54578 0.006301957629391258
2.54698 0.00647435160709497
2.54819 0.006627590698387159
2.5494 0.006704210244033253
2.5506 0.006876604221736965
2.55181 0.006991533540206107
2.55302 0.0071256177450867726
2.55422 0.007240547063555913
2.55543 0.0073937861548481025
2.55664 0.00748956058690572
2.55785 0.007623644791786385
2.55905 0.007719419223844002
2.56026 0.007853503428724668
2.56147 0.00796843274719381
2.56267 0.007987587633605334
2.56388 0.008083362065662951
2.56509 0.008217446270543617
2.56629 0.00829406581618971
2.5675 0.008389840248247328
2.56871 0.008428150021070377
2.56991 0.008562234225951041
2.57112 0.008658008658008658
2.57233 0.008753783090066277
2.57353 0.008849557522123894
2.57474 0.00898364172700456
2.57595 0.009079416159062178
2.57715 0.00930927479600046
2.57836 0.00930927479600046
2.57957 0.009328429682411984
2.58077 0.00946251388729265
2.58198 0.009558288319350267
2.58319 0.009539133432938744
2.5844 0.009711527410642455
2.5856 0.009768992069877027
2.58681 0.009864766501934644
2.58802 0.009960540933992262
2.58922 0.010037160479638357
2.59043 0.010113780025284451
2.59164 0.01017124468451902
2.59284 0.010132934911695975
2.59405 0.01032448377581121
2.59526 0.010516032639926447
2.59646 0.010496877753514922
2.59767 0.010516032639926447
2.59888 0.010516032639926447
2.60008 0.01053518752633797
2.60129 0.010765046163276252
2.6025 0.010841665708922347
2.6037 0.010822510822510822
2.60491 0.01086082059533387
2.60612 0.010879975481745394
2.60732 0.010975749913803012
2.60853 0.011052369459449107
2.60974 0.011128989005095201
2.61095 0.011109834118683676
2.61215 0.01118645366432977
2.61336 0.01128222809638739
2.61457 0.01128222809638739
2.61577 0.01128222809638739
2.61698 0.01155039650614872
2.61819 0.011531241619737197
2.61939 0.011512086733325672
2.6206 0.011684480711029385
2.62181 0.011799410029498525
2.62301 0.01187602957514462
2.62422 0.011895184461556144
2.62543 0.011971804007202238
2.62663 0.012125043098494426
2.62784 0.01208673332567138
2.62905 0.01202926866643681
2.63025 0.012239972416963568
2.63146 0.01220166264414052
2.63267 0.012125043098494426
2.63387 0.012316591962609662
2.63508 0.012335746849021187
2.63629 0.01235490173543271
2.6375 0.012412366394667279
2.6387 0.012488985940313373
2.63991 0.012431521281078804
2.64112 0.012527295713136422
2.64232 0.012623070145194041
2.64353 0.01246983105390185
2.64474 0.012527295713136422
2.64594 0.012718844577251658
2.64715 0.012642225031605564
2.64836 0.012718844577251658
2.64956 0.012795464122897752
2.65077 0.01268053480442861
2.65198 0.012852928782132322
2.65318 0.012929548327778416
2.65439 0.012852928782132322
2.6556 0.012967858100601463
2.6568 0.012967858100601463
2.65801 0.01289123855495537
2.65922 0.01300616787342451
2.66042 0.01300616787342451
2.66163 0.012967858100601463
2.66284 0.01294870321418994
2.66405 0.012967858100601463
2.66525 0.01304447764624756
2.66646 0.013140252078305176
2.66767 0.013197716737539748
2.66887 0.012872083668543846
2.67008 0.013255181396774318
2.67129 0.013236026510362795
2.67249 0.013025322759836035
2.6737 0.01310194230548213
2.67491 0.01310194230548213
2.67611 0.01321687162395127
2.67732 0.013465885147301076
2.67853 0.01337011071524346
2.67973 0.013331800942420412
2.68094 0.013255181396774318
2.68215 0.013293491169597365
2.68335 0.013350955828831935
2.68456 0.01337011071524346
2.68577 0.013427575374478029
2.68697 0.0134850400337126
2.68818 0.013599969352181744
2.68939 0.013734053557062408
2.6906 0.013676588897827836
2.6918 0.013791518216296978
2.69301 0.013944757307589166
2.69422 0.014097996398881357
2.69542 0.01423208060376202
2.69663 0.014251235490173545
2.69784 0.01417461594452745
2.69904 0.01428954526299659
2.70025 0.014461939240700303
2.70146 0.014749262536873158
2.70266 0.01476841742328468
2.70387 0.01471095276405011
2.70508 0.014845036968930775
2.70628 0.014959966287399916
2.70749 0.014998276060222963
2.7087 0.01507489560586906
2.7099 0.015113205378692105
2.71111 0.01545799333409953
2.71232 0.015572922652568672
2.71352 0.01572616174386086
2.71473 0.01587940083515305
2.71594 0.015898555721564574
2.71715 0.016224188790560472
2.71835 0.016568976745967898
2.71956 0.016990384247021414
2.72077 0.017794889476305406
2.72197 0.018120522545301308
2.72318 0.018407845841474164
2.72439 0.019135731525112058
2.72559 0.019595448798988623
2.7268 0.01994023675439605
2.72801 0.020438263801095664
2.72921 0.020993755507029845
2.73042 0.021472627667317935
2.73163 0.022008964486840595
2.73283 0.02256445619277478
2.73404 0.02315825767153201
2.73525 0.023847833582346857
2.73645 0.024307550856223423
2.73766 0.02492050722139218
2.73887 0.025916561314791406
2.74007 0.026816840976133013
2.74128 0.02760219131900548
2.74249 0.028368386775466423
2.7437 0.02915373711833889
2.7449 0.03011148143891507
2.74611 0.031030915986668198
2.74732 0.03202697008006743
2.74852 0.033157108378347316
2.74973 0.034287246676627206
2.75094 0.035474849634141666
2.75214 0.03668160747806766
2.75335 0.03775428111711297
2.75456 0.03917174271156572
2.75576 0.0407807531701337
2.75697 0.04206413055970579
2.75818 0.043309198176454816
2.75938 0.04461173045243842
2.76059 0.04601003716047964
2.7618 0.047638202505459144
2.763 0.04932383250967322
2.76421 0.05077960387694901
2.76542 0.05225453013063633
2.76663 0.05401677968049649
2.76783 0.055779029230356665
2.76904 0.057349729916101606
2.77025 0.05928437344366548
2.77145 0.06123817185764088
2.77266 0.06305788606673562
2.77387 0.06499252959429952
2.77507 0.06696548289468643
2.77628 0.06899590085430794
2.77749 0.071083783473164
2.77869 0.07330575029690074
2.7799 0.07541278780216834
2.78111 0.07751982530743592
2.78231 0.07974179213117266
2.78352 0.08192544918208636
2.78473 0.08412826111941157
2.78593 0.08646515726161744
2.78714 0.08880205340382331
2.78835 0.09108148488679463
2.78955 0.09336091636976593
2.79076 0.09573612228479485
2.79197 0.09807301842700074
2.79318 0.10039075968279508
2.79438 0.10268934605217792
2.79559 0.10498793242156074
2.7968 0.1073056736773551
2.798 0.10956595027391489
2.79921 0.11182622687047467
2.80042 0.11400988392138836
2.80162 0.11604030188100986
2.80283 0.11820480404551202
2.80404 0.1204650806420718
2.80524 0.1225721181473394
2.80645 0.12456422633413786
2.80766 0.12655633452093631
2.80886 0.12862506225338086
2.81007 0.13073209975864844
2.81128 0.13262843351338927
2.81248 0.13446730260889553
2.81369 0.13634448147722483
2.8149 0.13803011148143893
2.8161 0.13960081216718387
2.81731 0.14130559705780946
2.81852 0.14308700149408116
2.81973 0.14473432172547218
2.82093 0.14626671263839405
2.82214 0.14781825843772747
2.82335 0.1492165651457687
2.82455 0.15048078764892925
2.82576 0.1518024748113244
2.82697 0.15310500708730798
2.82817 0.1543309198176455
2.82938 0.15549936788874844
2.83059 0.15657204152779375
2.83179 0.1575872505076045
2.833 0.15852583994176916
2.83421 0.15942611960311076
2.83541 0.16036470903727543
2.83662 0.1612458338122055
2.83783 0.16214611347354713
2.83903 0.16296977358924264
2.84024 0.16375512393211508
2.84145 0.16459793893422214
2.84265 0.1653641343906831
2.84386 0.16590047121020574
2.84507 0.16651342757537446
2.84628 0.16724131325901237
2.84748 0.16796919894265028
2.84869 0.16858215530781903
2.8499 0.16932919587786846
2.8511 0.17003792667509482
2.85231 0.1705742634946175
2.85352 0.17122552963260929
2.85472 0.17191510554342412
2.85593 0.17252806190859288
2.85714 0.17316017316017315
2.85834 0.17388805884381106
2.85955 0.17467340918668353
2.86076 0.17551622418879056
2.86196 0.1763590391908976
2.86317 0.17725931885223922
2.86438 0.17815959851358082
2.86558 0.1790407232885109
2.86679 0.17997931272267556
2.868 0.1809753668160748
2.8692 0.18200973068229706
2.87041 0.18291001034363868
2.87162 0.183982683982684
2.87283 0.18540014557713674
2.87403 0.18674098762594338
2.87524 0.18798605524269243
2.87645 0.18940351683714515
2.87765 0.19101252729571316
2.87886 0.192506608435812
2.88007 0.19392407003026474
2.88127 0.19553308048883272
2.88248 0.19725702026586983
2.88369 0.19915335402061068
2.88489 0.20089644868405931
2.8861 0.20262038846109642
2.88731 0.20451672221583728
2.88851 0.20629812665210898
2.88972 0.20802206642914609
2.89093 0.2096502317741256
2.89213 0.21137417155116273
2.89334 0.21317473087384592
2.89455 0.21484120599164847
2.89575 0.21645021645021648
2.89696 0.21800176224954987
2.89817 0.21953415316247177
2.89938 0.22102823430257063
2.90058 0.22248400566984639
2.90179 0.22401639658276828
2.903 0.22551047772286711
2.9042 0.22694709420373138
2.90541 0.22844117534383024
2.90662 0.23006934068880971
2.90782 0.23164004137455466
2.90903 0.233114967628242
2.91024 0.23462820365475234
2.91144 0.2360648201356166
2.91265 0.23740566218442324
2.91386 0.23878481400605298
2.91506 0.24022143048691721
2.91627 0.24161973719495844
2.91748 0.24274987549323837
2.91868 0.24374592958663757
2.91989 0.2446845190208022
2.9211 0.2455464889093208
2.9223 0.24633183925219324
2.92351 0.24702141516300807
2.92472 0.24765352641458835
2.92593 0.24822817300693412
2.92713 0.24851549630310693
2.92834 0.24861127073516454
2.92955 0.24876450982645676
2.93075 0.2487262000536337
2.93196 0.24853465118951848
2.93317 0.24830479255258017
2.93437 0.24803662414281882
2.93558 0.24773014596023446
2.93679 0.24736620311841553
2.93799 0.24690648584453892
2.9392 0.24635099413860478
2.94041 0.24577634754625907
2.94161 0.24478029345285982
2.94282 0.24428226640616024
2.94403 0.24397578822357588
2.94523 0.24351607094969926
2.94644 0.24284564992529598
2.94765 0.2421752289008926
2.94885 0.24152396276290083
2.95006 0.24087269662490904
2.95127 0.24016396582768265
2.95248 0.239225376393518
2.95368 0.23817185764088422
2.95489 0.2371183388882504
2.9561 0.2360456652492051
2.9573 0.23476228785963302
2.95851 0.23334482626518024
2.95972 0.23188905489790448
2.96092 0.23031835421215954
2.96213 0.22869018886718
2.96334 0.22692793931731986
2.96454 0.2250890702218136
2.96575 0.22321189135348427
2.96696 0.2212772478259204
2.96816 0.21928513963912194
2.96937 0.21723556679308892
2.97058 0.2151859939470559
2.97178 0.21313642110102288
2.97299 0.21104853848216681
2.9742 0.2089415009768992
2.9754 0.20691108301727773
2.97661 0.20501474926253688
2.97782 0.203080105734973
2.97903 0.2011263073209976
2.98023 0.19932574799831437
2.98144 0.19760180822127726
2.98265 0.19582040378500556
2.98385 0.1939815346894993
2.98506 0.19218097536681608
2.98627 0.19053365513542506
2.98747 0.18890548979044555
2.98868 0.1873347891047006
2.98989 0.1858598628510133
2.99109 0.18430831705167988
2.9923 0.182775926138758
2.99351 0.18133930965789374
2.99471 0.17996015783626404
2.99592 0.17860016090104588
2.99713 0.17729762862506226
2.99833 0.1760142512354902
2.99954 0.17480749339156418
3.00075 0.17363904532046126
3.00196 0.17241313259012375
3.00316 0.1711489100869632
3.00437 0.17005708156150634
3.00558 0.1690418725816956
3.00678 0.16795004405623876
3.00799 0.16691568019001649
3.0092 0.16593878098302878
3.0104 0.16492357200321803
3.01161 0.1640041374554649
3.01282 0.1631804773397694
3.01402 0.16241428188330845
3.01523 0.16174386085890513
3.01644 0.1609968202888557
3.01764 0.16023062483239475
3.01885 0.15948358426234532
3.02006 0.1588897827835881
3.02126 0.15835344596406542
3.02247 0.15787457380377734
3.02368 0.15731908209784315
3.02488 0.15674443550549746
3.02609 0.15622725357238632
3.0273 0.15576753629850976
3.02851 0.15534612879745624
3.02971 0.15494387618281424
3.03092 0.15463739800022985
3.03213 0.15431176493123397
3.03333 0.1539286672030035
3.03454 0.15356472436118457
3.03575 0.15323909129218866
3.03695 0.15304754242807342
3.03816 0.15274106424548906
3.03937 0.15237712140367007
3.04057 0.1521472627667318
3.04178 0.15191740412979354
3.04299 0.1516492357200322
3.04419 0.15149599662874
3.0454 0.15153430640156304
3.04661 0.15159177106079763
3.04781 0.15163008083362065
3.04902 0.15159177106079763
3.05023 0.15153430640156304
3.05143 0.1515726161743861
3.05264 0.15161092594720915
3.05385 0.15166839060644371
3.05506 0.15172585526567828
3.05626 0.1517450101520898
3.05747 0.15178331992491287
3.05868 0.151898249243382
3.05988 0.15203233344826264
3.06109 0.15216641765314332
3.0623 0.152300501858024
3.0635 0.15239627629008162
3.06471 0.15245374094931616
3.06592 0.15249205072213923
3.06712 0.1525495153813738
3.06833 0.15260698004060838
3.06954 0.15274106424548906
3.07074 0.15285599356395815
3.07195 0.15281768379113514
3.07316 0.1527985289047236
3.07436 0.1528751484503697
3.07557 0.15293261310960427
3.07678 0.1529517679960158
3.07798 0.15299007776883883
3.07919 0.15300923265525038
3.0804 0.1529517679960158
3.08161 0.15289430333678122
3.08281 0.15289430333678122
3.08402 0.1528751484503697
3.08523 0.15277937401831207
3.08643 0.15266444469984292
3.08764 0.1526261349270199
3.08885 0.1526261349270199
3.09005 0.1524728958357277
3.09126 0.152300501858024
3.09247 0.15218557253955486
3.09367 0.15210895299390875
3.09488 0.15201317856185115
3.09609 0.15191740412979354
3.09729 0.15182162969773588
3.0985 0.15170670037926678
3.09971 0.15159177106079763
3.10091 0.15147684174232848
3.10212 0.15138106731027087
3.10333 0.15130444776462476
3.10453 0.15113205378692104
3.10574 0.15090219514998277
3.10695 0.15082557560433668
3.10816 0.1507872658315136
3.10936 0.15065318162663296
3.11057 0.1505190974217523
3.11178 0.15040416810328316
3.11298 0.150289238784814
3.11419 0.15023177412557945
3.1154 0.15023177412557945
3.1166 0.15021261923916793
3.11781 0.15009768992069877
3.11902 0.1499636057158181
3.12022 0.1498678312837605
3.12143 0.14981036662452593
3.12264 0.14975290196529134
3.12384 0.14969543730605678
3.12505 0.1495613531011761
3.12626 0.14944642378270698
3.12746 0.14940811400988394
3.12867 0.14935064935064934
3.12988 0.14925487491859174
3.13108 0.1492165651457687
3.13229 0.1491399456001226
3.1335 0.14898670650883042
3.13471 0.1488143125311267
3.13591 0.14869938321265758
3.13712 0.14862276366701146
3.13833 0.14864191855342299
3.13953 0.14862276366701146
3.14074 0.14854614412136535
3.14195 0.14845036968930775
3.14315 0.14839290503007319
3.14436 0.14835459525725014
3.14557 0.14837375014366166
3.14677 0.14837375014366166
3.14798 0.14829713059801558
3.14919 0.14820135616595792
3.15039 0.14818220127954643
3.1516 0.14818220127954643
3.15281 0.14812473662031184
3.15401 0.14802896218825423
3.15522 0.14797149752901967
3.15643 0.14791403286978508
3.15763 0.14779910355131595
3.15884 0.14770332911925832
3.16005 0.14760755468720071
3.16126 0.14753093514155463
3.16246 0.14741600582308548
3.16367 0.14732023139102787
3.16488 0.14730107650461632
3.16608 0.14735854116385091
3.16729 0.1473393862774394
3.1685 0.14724361184538176
3.1697 0.1471095276405011
3.17091 0.14699459832203196
3.17212 0.14691797877638588
3.17332 0.1468796690035628
3.17453 0.1468605141171513
3.17574 0.14680304945791672
3.17694 0.14674558479868216
3.17815 0.14664981036662453
3.17936 0.14649657127533236
3.18056 0.14630502241121712
3.18177 0.14613262843351338
3.18298 0.14613262843351338
3.18418 0.14617093820633645
3.18539 0.14611347354710189
3.1866 0.1459602344558097
3.18781 0.14584530513734054
3.18901 0.14573037581887138
3.19022 0.14557713672757921
3.19143 0.14544305252269854
3.19263 0.14534727809064094
3.19384 0.14521319388576026
3.19505 0.1450599547944681
3.19625 0.14496418036241046
3.19746 0.14488756081676438
3.19867 0.14479178638470674
3.19987 0.14463854729341455
3.20108 0.14448530820212235
3.20229 0.14437037888365323
3.20349 0.1442554495651841
3.2047 0.14412136536030343
3.20591 0.1439298164961882
3.20711 0.14371911274566143
3.20832 0.14354671876795772
3.20953 0.14345094433590008
3.21074 0.14331686013101944
3.21194 0.14308700149408116
3.21315 0.14285714285714285
3.21436 0.14266559399302764
3.21556 0.14245489024250088
3.21677 0.14224418649197412
3.21798 0.14209094740068193
3.21918 0.14193770830938973
3.22039 0.14176531433168604
3.2216 0.1415929203539823
3.2228 0.1414205263762786
3.22401 0.1412481323985749
3.22522 0.14105658353445966
3.22642 0.14080757001110986
3.22763 0.14057771137417155
3.22884 0.1403861625100563
3.23004 0.14021376853235262
3.23125 0.14000306478182586
3.23246 0.13973489637206452
3.23366 0.13950503773512626
3.23487 0.13933264375742252
3.23608 0.13919855955254185
3.23729 0.13904532046124968
3.23849 0.13883461671072292
3.2397 0.1385856031873731
3.24091 0.13831743477761177
3.24211 0.1380875761406735
3.24332 0.13791518216296977
3.24453 0.13780025284450065
3.24573 0.13764701375320845
3.24694 0.13739800022985865
3.24815 0.13714898670650882
3.24935 0.13693828295598207
3.25056 0.13674673409186683
3.25177 0.13657434011416314
3.25297 0.13640194613645942
3.25418 0.1362295521587557
3.25539 0.13603800329464047
3.25659 0.13584645443052523
3.2578 0.13567406045282154
3.25901 0.13548251158870628
3.26021 0.13529096272459104
3.26142 0.1350994138604758
3.26263 0.1349078649963606
3.26384 0.13471631613224536
3.26504 0.13452476726813012
3.26625 0.13435237329042637
3.26746 0.13417997931272269
3.26866 0.13400758533501897
3.26987 0.13383519135731525
3.27108 0.1336244876067885
3.27228 0.13341378385626174
3.27349 0.13324138987855802
3.2747 0.13308815078726585
3.2759 0.13299237635520822
3.27711 0.1329157568095621
3.27832 0.13280082749109298
3.27952 0.13264758839980081
3.28073 0.1324943493085086
3.28194 0.1323219553308049
3.28314 0.1321687162395127
3.28435 0.131996322261809
3.28556 0.13184308317051682
3.28676 0.13172815385204767
3.28797 0.131594069647167
3.28918 0.13140252078305176
3.29039 0.131191817032525
3.29159 0.1310385779412328
3.2928 0.13088533884994064
3.29401 0.13075125464505996
3.29521 0.1306363253265908
3.29642 0.1305405508945332
3.29763 0.13042562157606405
3.29883 0.1302915373711834
3.30004 0.13011914339347969
3.30125 0.12994674941577597
3.30245 0.12979351032448377
3.30366 0.12969773589242617
3.30487 0.12960196146036854
3.30607 0.12948703214189938
3.30728 0.12937210282343026
3.30849 0.12925717350496113
3.30969 0.12916139907290353
3.3109 0.1290081599816113
3.31211 0.1288549208903191
3.31331 0.1287591464582615
3.31452 0.12870168179902694
3.31573 0.12860590736696934
3.31694 0.12847182316208866
3.31814 0.128337738957208
3.31935 0.12822280963873886
3.32056 0.12814619009309275
3.32176 0.12805041566103514
3.32297 0.1279163314561545
3.32418 0.12778224725127382
3.32538 0.1276864728192162
3.32659 0.12759069838715859
3.3278 0.12749492395510095
3.329 0.12737999463663183
3.33021 0.12730337509098572
3.33142 0.12724591043175115
3.33262 0.1271884457725166
3.33383 0.12701605179481285
3.33504 0.12686281270352068
3.33624 0.12674788338505155
3.33745 0.12659464429375933
3.33866 0.1264797149752902
3.33986 0.12638394054323257
3.34107 0.12626901122476344
3.34228 0.1261732367927058
3.34349 0.12609661724705973
3.34469 0.12600084281500212
3.3459 0.12588591349653297
3.34711 0.1257518292916523
3.34831 0.12563689997318317
3.34952 0.12556028042753706
3.35073 0.12546450599547945
3.35193 0.1253304217905988
3.35314 0.1251771826993066
3.35435 0.12510056315366053
3.35555 0.12508140826724898
3.35676 0.12504309849442594
3.35797 0.12496647894877985
3.35917 0.12481323985748764
3.36038 0.12467915565260698
3.36159 0.12456422633413786
3.36279 0.1244492970156687
3.364 0.12429605792437652
3.36521 0.12414281883308434
3.36641 0.12391296019614605
3.36762 0.12362563689997319
3.36883 0.12337662337662338
3.37004 0.12316591962609662
3.37124 0.12297437076198138
3.37245 0.12287859632992376
3.37366 0.1228211316706892
3.37486 0.12278282189786616
3.37607 0.1227445121250431
3.37728 0.12278282189786616
3.37848 0.12289775121633528
3.37969 0.12305099030762749
3.3809 0.12320422939891967
3.3821 0.12333831360380035
3.38331 0.12343408803585795
3.38452 0.12347239780868101
3.38572 0.1235490173543271
3.38693 0.12366394667279625
3.38814 0.12374056621844234
3.38934 0.12381718576408843
3.39055 0.12389380530973453
3.39176 0.12397042485538061
3.39296 0.12400873462820368
3.39417 0.12400873462820368
3.39538 0.12400873462820368
3.39659 0.12410450906026128
3.39779 0.12425774815155347
3.399 0.1243535225836111
3.40021 0.12441098724284565
3.40141 0.12456422633413786
3.40262 0.12475577519825307
3.40383 0.12496647894877985
3.40503 0.12519633758571813
3.40624 0.12544535110906793
3.40745 0.12569436463241773
3.40865 0.12594337815576756
3.40986 0.12621154656552888
3.41107 0.12653717963452477
3.41227 0.12686281270352068
3.41348 0.12711182622687048
3.41469 0.12739914952304335
3.41589 0.12774393747845075
3.4171 0.12808872543385819
3.41831 0.12831858407079647
3.41952 0.1285101329349117
3.42072 0.12864421713979238
3.42193 0.12870168179902694
3.42314 0.12864421713979238
3.42434 0.12843351338926562
3.42555 0.12808872543385819
3.42676 0.1276098532735701
3.42796 0.12707351645404744
3.42917 0.12655633452093631
3.43038 0.1260774623606482
3.43158 0.12557943531394858
3.43279 0.12513887292648354
3.434 0.12479408497107612
3.4352 0.1245259165613148
3.43641 0.12429605792437652
3.43762 0.12410450906026128
3.43882 0.12393211508255755
3.44003 0.12375972110485385
3.44124 0.12356817224073861
3.44244 0.12341493314944643
3.44365 0.12330000383097728
3.44486 0.1232233842853312
3.44607 0.12316591962609662
3.44727 0.12312760985327359
3.44848 0.12307014519403901
3.44969 0.12297437076198138
3.45089 0.1228211316706892
3.4521 0.12270620235222007
3.45331 0.1226487376929855
3.45451 0.12255296326092786
3.45572 0.12241887905604719
3.45693 0.12232310462398958
3.45813 0.12226563996475501
3.45934 0.12220817530552043
3.46055 0.12213155575987435
3.46175 0.12203578132781674
3.46296 0.12194000689575911
3.46417 0.12188254223652456
3.46537 0.12182507757728998
3.46658 0.12178676780446693
3.46779 0.12169099337240931
3.46899 0.12159521894035168
3.4702 0.12155690916752865
3.47141 0.12153775428111713
3.47262 0.12151859939470559
3.47382 0.12142282496264799
3.47503 0.12132705053059036
3.47624 0.12130789564417883
3.47744 0.12134620541700189
3.47865 0.12132705053059036
3.47986 0.12125043098494426
3.48106 0.12115465655288665
3.48227 0.12113550166647513
3.48348 0.1211163467800636
3.48468 0.12109719189365208
3.48589 0.12102057234800598
3.4871 0.12096310768877142
3.4883 0.1209439528023599
3.48951 0.12098226257518292
3.49072 0.12107803700724055
3.49192 0.12113550166647513
3.49313 0.12115465655288665
3.49434 0.12121212121212123
3.49554 0.12138451518982492
3.49675 0.12161437382676323
3.49796 0.12182507757728998
3.49917 0.12207409110063977
3.50037 0.12236141439681264
3.50158 0.12266789257939702
3.50279 0.12293606098915834
3.50399 0.12308930008045052
3.5052 0.12299352564839292
3.50641 0.1227445121250431
3.50761 0.12238056928322416
3.50882 0.12197831666858217
3.51003 0.12151859939470559
3.51123 0.1210397272344175
3.51244 0.12065662950618704
3.51365 0.12042677086924874
3.51485 0.12025437689154504
3.51606 0.12008198291384133
3.51727 0.11983296939049153
3.51847 0.11958395586714171
3.51968 0.11933494234379191
3.52089 0.11914339347967667
3.52209 0.11897099950197296
3.5233 0.11879860552426924
3.52451 0.11866452131938858
3.52572 0.11854959200091944
3.52692 0.1184346626824503
3.52813 0.11831973336398116
3.52934 0.11816649427268898
3.53054 0.11801325518139678
3.53175 0.11786001609010459
3.53296 0.11772593188522393
3.53416 0.11763015745316631
3.53537 0.11755353790752021
3.53658 0.11741945370263955
3.53778 0.11728536949775889
3.53899 0.11718959506570126
3.5402 0.11713213040646671
3.5414 0.11703635597440908
3.54261 0.11694058154235146
3.54382 0.11686396199670537
3.54502 0.11682565222388232
3.54623 0.11674903267823622
3.54744 0.11663410335976708
3.54864 0.116557483814121
3.54985 0.11651917404129794
3.55106 0.11650001915488642
3.55227 0.11642339960924032
3.55347 0.11634678006359424
3.55468 0.11627016051794813
3.55589 0.11619354097230204
3.55709 0.11609776654024442
3.5583 0.11604030188100986
3.55951 0.11602114699459833
3.56071 0.11598283722177528
3.56192 0.11586790790330614
3.56313 0.11575297858483699
3.56433 0.11571466881201395
3.56554 0.11573382369842548
3.56675 0.1156763590391909
3.56795 0.11556142972072177
3.56916 0.11546565528866415
3.57037 0.11536988085660653
3.57157 0.11529326131096043
3.57278 0.11525495153813739
3.57399 0.11519748687890281
3.57519 0.11514002221966824
3.5764 0.11508255756043367
3.57761 0.1150250929011991
3.57882 0.11500593801478759
3.58002 0.11498678312837605
3.58123 0.11491016358272997
3.58244 0.11481438915067234
3.58364 0.11471861471861472
3.58485 0.11468030494579168
3.58606 0.11466115005938014
3.58726 0.11458453051373406
3.58847 0.11448875608167644
3.58968 0.11439298164961884
3.59088 0.11435467187679578
3.59209 0.1142972072175612
3.5933 0.11423974255832664
3.5945 0.11418227789909208
3.59571 0.11414396812626901
3.59692 0.11410565835344597
3.59812 0.1140481936942114
3.59933 0.11400988392138836
3.60054 0.11395241926215378
3.60174 0.11389495460291921
3.60295 0.11381833505727312
3.60416 0.11378002528445007
3.60537 0.11378002528445007
3.60657 0.11376087039803855
3.60778 0.11368425085239245
3.60899 0.11360763130674637
3.61019 0.11353101176110027
3.6114 0.11349270198827721
3.61261 0.11341608244263111
3.61381 0.1133203080105735
3.61502 0.11322453357851589
3.61623 0.11314791403286979
3.61743 0.11310960426004674
3.61864 0.11309044937363523
3.61985 0.11305213960081217
3.62105 0.11301382982798912
3.62226 0.11293721028234303
3.62347 0.11284143585028542
3.62467 0.11278397119105085
3.62588 0.1127456614182278
3.62709 0.11270735164540475
3.6283 0.11264988698617018
3.6295 0.1125924223269356
3.63071 0.11253495766770102
3.63192 0.11247749300846648
3.63312 0.1124200283492319
3.63433 0.11230509903076276
3.63554 0.1121901697122936
3.63674 0.11213270505305904
3.63795 0.11211355016664752
3.63916 0.11205608550741296
3.64036 0.11197946596176685
3.64157 0.11192200130253228
3.64278 0.11188369152970923
3.64398 0.11184538175688619
3.64519 0.11178791709765162
3.6464 0.11173045243841705
3.6476 0.11165383289277095
3.64881 0.11159636823353639
3.65002 0.11150059380147875
3.65122 0.11140481936942115
3.65243 0.11130904493736353
3.65364 0.11125158027812895
3.65485 0.11123242539171743
3.65605 0.11119411561889438
3.65726 0.11117496073248287
3.65847 0.11113665095965981
3.65967 0.11106003141401372
3.66088 0.11098341186836762
3.66209 0.11090679232272153
3.66329 0.11084932766348696
3.6645 0.11077270811784087
3.66571 0.11069608857219478
3.66691 0.11061946902654868
3.66812 0.11058115925372562
3.66933 0.11052369459449106
3.67053 0.11046622993525648
3.67174 0.11037045550319886
3.67295 0.11025552618472974
3.67415 0.11019806152549516
3.67536 0.1101405968662606
3.67657 0.11008313220702602
3.67777 0.11002566754779144
3.67898 0.10996820288855688
3.68019 0.1099107382293223
3.6814 0.10985327357008773
3.6826 0.10975749913803011
3.68381 0.10970003447879555
3.68502 0.10962341493314946
3.68622 0.10956595027391489
3.68743 0.10950848561468031
3.68864 0.10945102095544575
3.68984 0.10937440140979965
3.69105 0.10933609163697659
3.69226 0.10927862697774202
3.69346 0.10920200743209593
3.69467 0.10910623300003831
3.69588 0.10901045856798071
3.69708 0.10895299390874613
3.69829 0.10889552924951156
3.6995 0.10879975481745395
3.7007 0.10870398038539633
3.70191 0.10862736083975023
3.70312 0.10858905106692718
3.70432 0.10853158640769262
3.70553 0.108435811975635
3.70674 0.10834003754357738
3.70795 0.1082825728843428
3.70915 0.1082059533386967
3.71036 0.10812933379305062
3.71157 0.10805271424740452
3.71277 0.10803355936099299
3.71398 0.10797609470175844
3.71519 0.10786116538328928
3.71639 0.10774623606482014
3.7176 0.10766961651917405
3.71881 0.10763130674635099
3.72001 0.10761215185993948
3.72122 0.10759299697352795
3.72243 0.10755468720070491
3.72363 0.10749722254147034
3.72484 0.10742060299582423
3.72605 0.10734398345017815
3.72725 0.10724820901812053
3.72846 0.10719074435888597
3.72967 0.10713327969965139
3.73087 0.10703750526759377
3.73208 0.10692257594912463
3.73329 0.10678849174424397
3.7345 0.10669271731218634
3.7357 0.10663525265295178
3.73691 0.10657778799371721
3.73812 0.1065011684480711
3.73932 0.10642454890242502
3.74053 0.10636708424319045
3.74174 0.10632877447036738
3.74294 0.10630961958395588
3.74415 0.1062521549247213
3.74536 0.1061755353790752
3.74656 0.10611807071984064
3.74777 0.10604145117419454
3.74898 0.10594567674213692
3.75018 0.1058499023100793
3.75139 0.10577328276443321
3.7526 0.10571581810519864
3.7538 0.10565835344596407
3.75501 0.1056008887867295
3.75622 0.10554342412749494
3.75742 0.10548595946826037
3.75863 0.10540933992261427
3.75984 0.10533272037696817
3.76105 0.10523694594491056
3.76225 0.10516032639926445
3.76346 0.10510286174002989
3.76467 0.10504539708079531
3.76587 0.10496877753514923
3.76708 0.10487300310309161
3.76829 0.10473891889821094
3.76949 0.10464314446615332
3.7707 0.10460483469333028
3.77191 0.10458567980691875
3.77311 0.10450906026127266
3.77432 0.10443244071562656
3.77553 0.10433666628356894
3.77673 0.10426004673792284
3.77794 0.10420258207868828
3.77915 0.10416427230586522
3.78035 0.10410680764663066
3.78156 0.10403018810098456
3.78277 0.10393441366892696
3.78397 0.10383863923686934
3.78518 0.10374286480481171
3.78639 0.10366624525916562
3.7876 0.10358962571351953
3.7888 0.10351300616787343
3.79001 0.10341723173581582
3.79122 0.10334061219016971
3.79242 0.10328314753093515
3.79363 0.1032448377581121
3.79484 0.10320652798528905
3.79604 0.10312990843964295
3.79725 0.10301497912117381
3.79846 0.10290004980270467
3.79966 0.10282343025705858
3.80087 0.10278512048423553
3.80208 0.10270850093858944
3.80328 0.10261272650653182
3.80449 0.1025169520744742
3.8057 0.10244033252882812
3.8069 0.10238286786959354
3.80811 0.10230624832394744
3.80932 0.1021913190054783
3.81052 0.10207638968700916
3.81173 0.10199977014136306
3.81294 0.10192315059571698
3.81415 0.10184653105007088
3.81535 0.1017890663908363
3.81656 0.10176991150442478
3.81777 0.10171244684519022
3.81897 0.1016166724131326
3.82018 0.10152089798107497
3.82139 0.10142512354901735
3.82259 0.10134850400337127
3.8238 0.10127188445772517
3.82501 0.10121441979849059
3.82621 0.10113780025284451
3.82742 0.10106118070719841
3.82863 0.10098456116155233
3.82983 0.10092709650231775
3.83104 0.10085047695667165
3.83225 0.10079301229743708
3.83345 0.10073554763820251
3.83466 0.1006397732061449
3.83587 0.10054399877408728
3.83708 0.10044822434202966
3.83828 0.10035244990997204
3.83949 0.10027583036432594
3.8407 0.10021836570509138
3.8419 0.10014174615944528
3.84311 0.10004597172738766
3.84432 0.0999885070681531
3.84552 0.09993104240891852
3.84673 0.09989273263609548
3.84794 0.0998352679768609
3.84914 0.09977780331762633
3.85035 0.09970118377198024
3.85156 0.09962456422633414
3.85276 0.09956709956709957
3.85397 0.09949048002145348
3.85518 0.09937555070298434
3.85638 0.09924146649810367
3.85759 0.09916484695245757
3.8588 0.09910738229322301
3.86 0.09904991763398843
3.86121 0.09897329808834235
3.86242 0.09889667854269625
3.86363 0.09882005899705015
3.86483 0.09874343945140406
3.86604 0.09868597479216949
3.86725 0.09862851013293492
3.86845 0.0985327357008773
3.86966 0.09843696126881968
3.87087 0.09836034172317358
3.87207 0.09830287706393902
3.87328 0.09824541240470445
3.87449 0.09816879285905834
3.87569 0.09807301842700074
3.8769 0.09797724399494312
3.87811 0.09786231467647398
3.87931 0.09778569513082788
3.88052 0.09772823047159332
3.88173 0.09768992069877025
3.88293 0.0976324560395357
3.88414 0.09753668160747807
3.88535 0.09742175228900894
3.88655 0.09730682297053979
3.88776 0.09724935831130523
3.88897 0.09723020342489369
3.89018 0.09719189365207065
3.89138 0.09711527410642457
3.89259 0.09701949967436693
3.8938 0.0969045703558978
3.895 0.09680879592384017
3.89621 0.09675133126460561
3.89742 0.09669386660537103
3.89862 0.09661724705972494
3.89983 0.09654062751407885
3.90104 0.09644485308202123
3.90224 0.0963490786499636
3.90345 0.09627245910431752
3.90466 0.09621499444508294
3.90586 0.09611922001302534
3.90707 0.09602344558096772
3.90828 0.0959276711489101
3.90948 0.095851051603264
3.91069 0.09581274183044096
3.9119 0.0957744320576179
3.9131 0.0956978125119718
3.91431 0.0956020380799142
3.91552 0.09548710876144505
3.91673 0.09541048921579896
3.91793 0.09535302455656439
3.91914 0.09531471478374133
3.92035 0.09523809523809525
3.92155 0.09516147569244915
3.92276 0.09506570126039153
3.92397 0.09498908171474545
3.92517 0.09491246216909933
3.92638 0.09483584262345325
3.92759 0.09475922307780715
3.92879 0.09468260353216107
3.93 0.09460598398651497
3.93121 0.09451020955445735
3.93241 0.09443359000881124
3.93362 0.09435697046316516
3.93483 0.09433781557675364
3.93603 0.09431866069034212
3.93724 0.09424204114469602
3.93845 0.09410795693981536
3.93965 0.09397387273493468
3.94086 0.0938972531892886
3.94207 0.09385894341646554
3.94328 0.0938206336436425
3.94448 0.0937440140979964
3.94569 0.09360992989311573
3.9469 0.0934950005746466
3.9481 0.09339922614258897
3.94931 0.09334176148335441
3.95052 0.09330345171053137
3.95172 0.09324598705129679
3.95293 0.0931693675056507
3.95414 0.09307359307359309
3.95534 0.09301612841435851
3.95655 0.09293950886871241
3.95776 0.09286288932306633
3.95896 0.09276711489100871
3.96017 0.09267134045895108
3.96138 0.09255641114048195
3.96258 0.09246063670842433
3.96379 0.09238401716277823
3.965 0.09234570738995519
3.9662 0.09232655250354366
3.96741 0.09228824273072062
3.96862 0.09223077807148604
3.96983 0.0921158487530169
3.97103 0.09200091943454776
3.97224 0.09188599011607862
3.97345 0.09182852545684406
3.97465 0.091790215684021
3.97586 0.09173275102478644
3.97707 0.0916369765927288
3.97827 0.09150289238784814
3.97948 0.091387963069379
3.98069 0.09133049841014443
3.98189 0.09129218863732139
3.9831 0.09125387886449834
3.98431 0.09115810443244073
3.98551 0.09106233000038311
3.98672 0.09096655556832547
3.98793 0.09088993602267939
3.98913 0.09083247136344481
3.99034 0.09077500670421025
3.99155 0.09069838715856417
3.99275 0.09060261272650653
3.99396 0.09052599318086045
3.99517 0.09043021874880283
3.99638 0.09033444431674521
3.99758 0.09025782477109912
3.99879 0.09020036011186454
4.0 0.09014289545262996
4.0012 0.09006627590698388
4.00241 0.08995134658851474
4.00362 0.08981726238363408
4.00482 0.08974064283798798
4.00603 0.08970233306516492
4.00724 0.08970233306516492
4.00844 0.08964486840593036
4.00965 0.08952993908746121
4.01086 0.08941500976899207
4.01206 0.08928092556411141
4.01327 0.08920430601846531
4.01448 0.08912768647281923
4.01568 0.08905106692717311
4.01689 0.08897444738152703
4.0181 0.08891698272229247
4.0193 0.08885951806305789
4.02051 0.08880205340382331
4.02172 0.08872543385817723
4.02293 0.08862965942611961
4.02413 0.08857219476688505
4.02534 0.08851473010765047
4.02655 0.08847642033482743
4.02775 0.08839980078918132
4.02896 0.08830402635712371
4.03017 0.0882082519250661
4.03137 0.08815078726583152
4.03258 0.08811247749300848
4.03379 0.08803585794736238
4.03499 0.08792092862889324
4.0362 0.08776768953760104
4.03741 0.08767191510554342
4.03861 0.08761445044630886
4.03982 0.08759529555989734
4.04103 0.08751867601425124
4.04223 0.08738459180937058
4.04344 0.08725050760448991
4.04465 0.08715473317243229
4.04586 0.08709726851319771
4.04706 0.08705895874037467
4.04827 0.08702064896755163
4.04948 0.08692487453549401
4.05068 0.08684825498984791
4.05189 0.08679079033061335
4.0531 0.08671417078496725
4.0543 0.08663755123932115
4.05551 0.08656093169367507
4.05672 0.08648431214802897
4.05792 0.0864268474887944
4.05913 0.08638853771597135
4.06034 0.08629276328391373
4.06154 0.08615867907903306
4.06275 0.08604374976056393
4.06396 0.08596713021491784
4.06516 0.08592882044209478
4.06637 0.08587135578286022
4.06758 0.0857755813508026
4.06878 0.08567980691874498
4.06999 0.08558403248668735
4.0712 0.0855265678274528
4.07241 0.08548825805462974
4.07361 0.08543079339539517
4.07482 0.08535417384974908
4.07603 0.08523924453127993
4.07723 0.08512431521281079
4.07844 0.0850476956671647
4.07965 0.08499023100793013
4.08085 0.08493276634869555
4.08206 0.08485614680304947
4.08327 0.08476037237099183
4.08447 0.08464544305252271
4.08568 0.08454966862046508
4.08689 0.08447304907481899
4.08809 0.0843964295291729
4.0893 0.0843198099835268
4.09051 0.08426234532429223
4.09171 0.0842431904378807
4.09292 0.08416657089223462
4.09413 0.084070796460177
4.09533 0.08393671225529632
4.09654 0.08384093782323872
4.09775 0.08378347316400414
4.09896 0.0837451633911811
4.10016 0.08368769873194652
4.10137 0.08357276941347738
4.10258 0.08343868520859672
4.10378 0.08330460100371606
4.10499 0.08324713634448148
4.1062 0.08320882657165843
4.1074 0.08317051679883539
4.10861 0.08307474236677777
4.10982 0.08292150327548559
4.11102 0.08278741907060493
4.11223 0.0826916446385473
4.11344 0.08263417997931273
4.11464 0.08257671532007817
4.11585 0.08250009577443206
4.11706 0.08240432134237445
4.11826 0.08230854691031683
4.11947 0.08223192736467073
4.12068 0.08213615293261312
4.12188 0.08205953338696703
4.12309 0.08198291384132092
4.1243 0.08192544918208636
4.12551 0.08188713940926332
4.12671 0.08182967475002874
4.12792 0.08173390031797112
4.12913 0.08159981611309046
4.13033 0.08152319656744436
4.13154 0.08148488679462132
4.13275 0.08146573190820978
4.13395 0.08140826724897522
4.13516 0.08133164770332912
4.13637 0.08121671838485998
4.13757 0.08112094395280237
4.13878 0.0810634792935678
4.13999 0.08100601463433323
4.14119 0.08094854997509865
4.1424 0.08087193042945257
4.14361 0.08077615599739493
4.14481 0.08066122667892581
4.14602 0.08054629736045665
4.14723 0.08046967781481056
4.14843 0.08039305826916447
4.14964 0.08035474849634143
4.15085 0.08031643872351837
4.15206 0.0802589740642838
4.15326 0.08016319963222618
4.15447 0.0800865800865801
4.15568 0.07997165076811096
4.15688 0.07987587633605334
4.15809 0.07979925679040724
4.1593 0.0797609470175842
4.1605 0.07970348235834962
4.16171 0.07964601769911504
4.16292 0.07956939815346896
4.16412 0.07947362372141134
4.16533 0.07939700417576524
4.16654 0.07932038463011916
4.16774 0.07924376508447305
4.16895 0.07912883576600391
4.17016 0.07901390644753477
4.17136 0.07889897712906563
4.17257 0.07880320269700802
4.17378 0.07876489292418495
4.17498 0.07872658315136191
4.17619 0.07868827337853887
4.1774 0.07861165383289277
4.17861 0.07851587940083515
4.17981 0.07840095008236601
4.18102 0.07832433053671993
4.18223 0.07826686587748535
4.18343 0.07822855610466231
4.18464 0.07815193655901621
4.18585 0.07809447189978164
4.18705 0.07801785235413555
4.18826 0.07794123280848944
4.18947 0.07784545837643184
4.19067 0.07774968394437422
4.19188 0.0776539095123166
4.19309 0.0775772899666705
4.19429 0.07750067042102442
4.1955 0.0774240508753783
4.19671 0.0773282764433207
4.19791 0.07723250201126308
4.19912 0.07711757269279393
4.20033 0.07702179826073632
4.20153 0.07696433360150175
4.20274 0.0769260238286787
4.20395 0.07688771405585566
4.20516 0.07681109451020955
4.20636 0.07671532007815195
4.20757 0.0766003907596828
4.20878 0.07650461632762519
4.20998 0.07644715166839061
4.21119 0.07638968700915603
4.2124 0.07631306746350995
4.2136 0.07625560280427537
4.21481 0.07617898325862928
4.21602 0.07610236371298319
4.21722 0.0760257441673371
4.21843 0.07596827950810252
4.21964 0.07589165996245643
4.22084 0.07583419530322186
4.22205 0.07575757575757576
4.22326 0.07568095621192968
4.22446 0.07560433666628356
4.22567 0.07550856223422595
4.22688 0.07541278780216834
4.22808 0.07533616825652224
4.22929 0.07525954871087615
4.2305 0.0752212389380531
4.23171 0.07516377427881853
4.23291 0.07510630961958396
4.23412 0.07502969007393787
4.23533 0.0749722254147033
4.23653 0.0748956058690572
4.23774 0.07483814120982263
4.23895 0.07478067655058805
4.24015 0.07468490211853043
4.24136 0.07460828257288435
4.24257 0.07453166302723825
4.24377 0.07445504348159217
4.24498 0.07439757882235759
4.24619 0.07430180439029997
4.24739 0.07420602995824234
4.2486 0.07412941041259626
4.24981 0.07407194575336169
4.25101 0.07401448109412712
4.25222 0.07395701643489254
4.25343 0.07388039688924646
4.25463 0.07378462245718884
4.25584 0.0736888480251312
4.25705 0.0735930735930736
4.25826 0.07347814427460446
4.25946 0.07332490518331226
4.26067 0.07317166609202007
4.26188 0.07301842700072789
4.26308 0.07284603302302418
4.26429 0.07261617438608589
4.2655 0.07232885108991305
4.2667 0.07202237290732867
4.26791 0.07181166915680191
4.26912 0.0717350496111558
4.27032 0.07181166915680191
4.27153 0.07190744358885952
4.27274 0.07200321802091714
4.27394 0.07206068268015171
4.27515 0.07206068268015171
4.27636 0.07202237290732867
4.27756 0.07202237290732867
4.27877 0.07202237290732867
4.27998 0.07202237290732867
4.28119 0.07202237290732867
4.28239 0.0719649082480941
4.2836 0.071888288702448
4.28481 0.07181166915680191
4.28601 0.0717350496111558
4.28722 0.07165843006550972
4.28843 0.0715626556334521
4.28963 0.07144772631498296
4.29084 0.07135195188292534
4.29205 0.07121786767804467
4.29325 0.0711604030188101
4.29446 0.071083783473164
4.29567 0.0709880090411064
4.29687 0.07093054438187182
4.29808 0.07087307972263725
4.29929 0.07079646017699115
4.30049 0.07075815040416811
4.3017 0.07068153085852202
4.30291 0.07058575642646439
4.30411 0.07048998199440677
4.30532 0.07039420756234915
4.30653 0.07029843313029155
4.30774 0.07026012335746849
4.30894 0.07020265869823393
4.31015 0.07012603915258782
4.31136 0.07003026472053021
4.31256 0.06991533540206106
4.31377 0.0697812511971804
4.31498 0.06972378653794584
4.31618 0.06966632187871126
4.31739 0.06958970233306518
4.3186 0.06951308278741908
4.3198 0.06937899858253842
4.32101 0.06924491437765774
4.32222 0.06914913994560012
4.32342 0.06907252039995404
4.32463 0.06901505574071946
4.32584 0.06897674596789642
4.32704 0.06891928130866184
4.32825 0.06882350687660423
4.32946 0.06872773244454661
4.33066 0.06863195801248899
4.33187 0.06853618358043137
4.33308 0.06844040914837375
4.33429 0.06836378960272765
4.33549 0.06830632494349309
4.3367 0.06824886028425853
4.33791 0.06821055051143547
4.33911 0.0681530858522009
4.34032 0.06805731142014328
4.34153 0.06796153698808566
4.34273 0.06784660766961652
4.34394 0.0677508332375589
4.34515 0.06767421369191282
4.34635 0.06761674903267824
4.34756 0.06755928437344368
4.34877 0.06748266482779756
4.34997 0.06738689039573996
4.35118 0.0672528061908593
4.35239 0.06715703175880168
4.35359 0.06706125732674406
4.3548 0.06698463778109796
4.35601 0.06688886334904035
4.35721 0.06679308891698273
4.35842 0.06669731448492511
4.35963 0.06660154005286749
4.36084 0.06652492050722139
4.36204 0.06646745584798683
4.36325 0.06639083630234073
4.36446 0.06629506187028311
4.36566 0.06618013255181397
4.36687 0.06606520323334483
4.36808 0.06598858368769873
4.36928 0.06591196414205265
4.37049 0.06583534459640654
4.3717 0.06573957016434893
4.3729 0.06564379573229132
4.37411 0.0655671761866452
4.37532 0.06550971152741066
4.37652 0.06549055664099912
4.37773 0.06543309198176456
4.37894 0.06533731754970694
4.38014 0.06520323334482626
4.38135 0.06508830402635714
4.38256 0.06501168448071103
4.38376 0.06495421982147646
4.38497 0.06491591004865342
4.38618 0.0648201356165958
4.38739 0.06470520629812665
4.38859 0.06457112209324599
4.3898 0.06443703788836533
4.39101 0.06436041834271923
4.39221 0.06432210856989619
4.39342 0.06430295368348467
4.39463 0.06424548902425009
4.39583 0.06414971459219247
4.39704 0.06403478527372333
4.39825 0.06390070106884267
4.39945 0.06378577175037353
4.40066 0.06370915220472742
4.40187 0.06363253265908134
4.40307 0.06357506799984676
4.40428 0.06349844845420066
4.40549 0.0634409837949661
4.40669 0.06338351913573154
4.4079 0.06332605447649696
4.40911 0.06323028004443934
4.41031 0.0631153507259702
4.41152 0.06300042140750106
4.41273 0.06288549208903191
4.41394 0.06278971765697429
4.41514 0.06273225299773973
4.41635 0.06267478833850515
4.41756 0.06257901390644753
4.41876 0.06250239436080145
4.41997 0.06240661992874382
4.42118 0.06233000038309773
4.42238 0.062272535723863154
4.42359 0.06223422595104011
4.4248 0.06217676129180555
4.426 0.062100141746159444
4.42721 0.06200436731410184
4.42842 0.061927747768455735
4.42962 0.061851128222809644
4.43083 0.06179366356357507
4.43204 0.061736198904340504
4.43324 0.06167873424510593
4.43445 0.06160211469945984
4.43566 0.061525495153813746
4.43686 0.06142972072175613
4.43807 0.06139141094893308
4.43928 0.061353101176110036
4.44049 0.061314791403286974
4.44169 0.06125732674405242
4.4429 0.06118070719840632
4.44411 0.06104662299352566
4.44531 0.060950848561468034
4.44652 0.06087422901582194
4.44773 0.06079760947017584
4.44893 0.06072098992452975
4.45014 0.06062521549247213
4.45135 0.06054859594682604
4.45255 0.06047197640117995
4.45376 0.06041451174194537
4.45497 0.06035704708271081
4.45617 0.06029958242347624
4.45738 0.06020380799141861
4.45859 0.06012718844577252
4.45979 0.06005056890012643
4.461 0.059973949354480326
4.46221 0.05991648469524576
4.46341 0.05985902003601119
4.46462 0.0597824004903651
4.46583 0.059686626058307476
4.46704 0.05961000651266138
4.46824 0.05953338696701529
4.46945 0.0594567674213692
4.47066 0.0593801478757231
4.47186 0.05928437344366548
4.47307 0.05922690878443091
4.47428 0.05916944412519634
4.47548 0.059111979465961764
4.47669 0.0590545148067272
4.4779 0.05901620503390415
4.4791 0.058958740374669576
4.48031 0.058882120829023485
4.48152 0.058805501283377394
4.48272 0.058748036624142824
4.48393 0.058671417078496726
4.48514 0.05861395241926216
4.48634 0.05855648776002759
4.48755 0.05846071332796997
4.48876 0.05838409378232388
4.48997 0.05828831935026625
4.49117 0.05819254491820864
4.49238 0.05811592537256254
4.49359 0.05803930582691645
4.49479 0.057962686281270354
4.496 0.05788606673562426
4.49721 0.05782860207638969
4.49841 0.057751982530743595
4.49962 0.057675362985097504
4.50083 0.05761789832586293
4.50203 0.05754127878021684
4.50324 0.05744550434815922
4.50445 0.057349729916101606
4.50565 0.05725395548404398
4.50686 0.05717733593839789
4.50807 0.05711987127916332
4.50927 0.05708156150634027
4.51048 0.05704325173351722
4.51169 0.05698578707428265
4.51289 0.05690916752863656
4.5141 0.056794238210167415
4.51531 0.056717618664521324
4.51652 0.05664099911887523
4.51772 0.05658353445964066
4.51893 0.05650691491399456
4.52014 0.05643029536834847
4.52134 0.05633452093629085
4.52255 0.05623874650423324
4.52376 0.05616212695858714
4.52496 0.05610466229935257
4.52617 0.05606635252652952
4.52738 0.056008887867294944
4.52858 0.05595142320806038
4.52979 0.055836493889591235
4.531 0.05574071945753362
4.5322 0.055644945025476004
4.53341 0.055587480366241435
4.53462 0.05551086082059534
4.53582 0.055434241274949246
4.53703 0.05535762172930315
4.53824 0.05526184729724553
4.53944 0.05516607286518791
4.54065 0.05508945331954182
4.54186 0.05503198866030724
4.54307 0.05495536911466115
4.54427 0.05489790445542658
4.54548 0.054821284909780485
4.54669 0.05472551047772287
4.54789 0.054629736045665254
4.5491 0.054572271386430685
4.55031 0.05451480672719611
4.55151 0.05445734206796154
4.55272 0.05438072252231544
4.55393 0.05430410297666935
4.55513 0.05420832854461173
4.55634 0.05411255411255412
4.55755 0.05403593456690802
4.55875 0.05397846990767345
4.55996 0.053901850362027354
4.56117 0.053844385702792784
4.56237 0.05376776615714669
4.56358 0.053671991725089074
4.56479 0.053595372179442984
4.56599 0.05353790752020841
4.5672 0.05349959774738536
4.56841 0.053442133088150795
4.56962 0.05338466842891622
4.57082 0.053288893996858606
4.57203 0.05319311956480098
4.57324 0.05311650001915489
4.57444 0.05303988047350879
4.57565 0.05298241581427422
4.57686 0.05292495115503965
4.57806 0.05284833160939356
4.57927 0.05277171206374747
4.58048 0.052675937631689845
4.58168 0.05261847297245528
4.58289 0.05258016319963223
4.5841 0.05252269854039766
4.5853 0.05246523388116309
4.58651 0.05238861433551699
4.58772 0.05229283990345938
4.58892 0.05221622035781328
4.59013 0.05215875569857871
4.59134 0.05212044592575567
4.59254 0.05208213615293261
4.59375 0.05204382638010957
4.59496 0.051986361720875
4.59617 0.0519097421752289
4.59737 0.05183312262958281
4.59858 0.051756503083936714
4.59979 0.051699038424702144
4.60099 0.05162241887905605
4.6022 0.051545799333409956
4.60341 0.05145002490135234
4.60461 0.05135425046929472
4.60582 0.05127763092364862
4.60703 0.05120101137800253
4.60823 0.05114354671876797
4.60944 0.05108608205953339
4.61065 0.05102861740029882
4.61185 0.0510094625138873
4.61306 0.05097115274106425
4.61427 0.050913688081829674
4.61547 0.05085622342259511
4.61668 0.050798758763360534
4.61789 0.050741294104125964
4.61909 0.050683829444891394
4.6203 0.050626364785656824
4.62151 0.050568900126422255
4.62272 0.050511435467187685
4.62392 0.050473125694364636
4.62513 0.05043481592154159
4.62634 0.050415661035130066
4.62754 0.05037735126230702
4.62875 0.05031988660307245
4.62996 0.05024326705742635
4.63116 0.05014749262536873
4.63237 0.05005171819331112
4.63358 0.04997509864766502
4.63478 0.04991763398843045
4.63599 0.0498793242156074
4.6372 0.04984101444278436
4.6384 0.049783549783549784
4.63961 0.04970693023790369
4.64082 0.049611155805846074
4.64202 0.049534536260199984
4.64323 0.04947707160096541
4.64444 0.049400452055319316
4.64564 0.04936214228249627
4.64685 0.0493046776232617
4.64806 0.04924721296402713
4.64927 0.04918974830479256
4.65047 0.04913228364555798
4.65168 0.04905566409991189
4.65289 0.04899819944067732
4.65409 0.0489024250086197
4.6553 0.048825805462973604
4.65651 0.04873003103091599
4.65771 0.048653411485269894
4.65892 0.048576791939623803
4.66013 0.048481017507566185
4.66133 0.04834693330268552
4.66254 0.04821284909780486
4.66375 0.04809791977933571
4.66495 0.04804045512010115
4.66616 0.04800214534727809
4.66737 0.04802130023368961
4.66857 0.04805961000651267
4.66978 0.04807876489292419
4.67099 0.04809791977933571
4.67219 0.04809791977933571
4.6734 0.04804045512010115
4.67461 0.04798299046086657
4.67582 0.047925525801632
4.67702 0.047868061142397424
4.67823 0.047810596483162854
4.67944 0.04779144159675133
4.68064 0.04775313182392829
4.68185 0.04771482205110524
4.68306 0.047657357391870665
4.68426 0.0475998927326361
4.68547 0.047542428073401526
4.68668 0.047465808527755435
4.68788 0.047389188982109344
4.68909 0.04735087920928629
4.6903 0.04729341455005172
4.6915 0.047255104777228676
4.69271 0.04721679500440562
4.69392 0.04715933034517106
4.69512 0.04710186568593649
4.69633 0.04704440102670191
4.69754 0.04696778148105582
4.69875 0.0468720070489982
4.69995 0.04677623261694058
4.70116 0.046699613071294485
4.70237 0.04664214841205992
4.70357 0.04658468375282535
4.70478 0.046527219093590776
4.70599 0.046469754434356206
4.70719 0.046431444661533164
4.7084 0.04637398000229859
4.70961 0.046297360456652496
4.71081 0.046239895797417926
4.71202 0.04618243113818335
4.71323 0.04610581159253726
4.71443 0.04606750181971421
4.71564 0.04601003716047964
4.71685 0.04595257250124507
4.71805 0.04587595295559897
4.71926 0.04579933340995288
4.72047 0.045722713864306784
4.72167 0.04564609431866069
4.72288 0.04558862965942612
4.72409 0.045550319886603075
4.7253 0.045512010113780026
4.7265 0.045473700340956984
4.72771 0.045435390568133935
4.72892 0.04537792590889936
4.73012 0.045320461249664795
4.73133 0.045262996590430225
4.73254 0.04518637704478413
4.73374 0.04512891238554956
4.73495 0.04505229283990346
4.73616 0.04499482818066889
4.73736 0.04495651840784585
4.73857 0.04489905374861127
4.73978 0.04486074397578822
4.74098 0.04480327931655366
4.74219 0.044764969543730604
4.7434 0.044707504884496034
4.7446 0.04465004022526147
4.74581 0.044592575566026894
4.74702 0.044535110906792325
4.74822 0.044477646247557755
4.74943 0.044439336474734706
4.75064 0.04440102670191166
4.75185 0.044381871815500136
4.75305 0.04434356204267709
4.75426 0.044286097383442524
4.75547 0.04422863272420795
4.75667 0.04417116806497338
4.75788 0.044132858292150336
4.75909 0.04409454851932728
4.76029 0.04409454851932728
4.7615 0.04407539363291576
4.76271 0.04405623874650424
4.76391 0.04401792897368119
4.76512 0.04394130942803509
4.76633 0.04388384476880052
4.76753 0.04380722522315443
4.76874 0.043749760563919854
4.76995 0.04371145079109681
4.77115 0.04369229590468529
4.77236 0.04365398613186224
4.77357 0.04361567635903919
4.77477 0.04355821169980462
4.77598 0.043519901926981575
4.77719 0.043462437267747005
4.7784 0.043424127494923956
4.7796 0.043404972608512435
4.78081 0.043385817722100914
4.78202 0.043366662835689386
4.78322 0.043347507949277865
4.78443 0.043309198176454816
4.78564 0.04329004329004329
4.78684 0.043251733517220246
4.78805 0.043194268857985677
4.78926 0.04315595908516263
4.79046 0.04311764931233958
4.79167 0.04309849442592806
4.79288 0.04306018465310501
4.79408 0.04302187488028197
4.79529 0.04300271999387044
4.7965 0.04298356510745892
4.7977 0.04294525533463587
4.79891 0.04290694556181282
4.80012 0.04286863578898978
4.80132 0.04283032601616673
4.80253 0.042792016243343674
4.80374 0.04277286135693215
4.80495 0.04273455158410911
4.80615 0.04273455158410911
4.80736 0.04271539669769758
4.80857 0.04269624181128606
4.80977 0.04267708692487454
4.81098 0.042619622265639964
4.81219 0.042562157606405394
4.81339 0.04250469294717083
4.8146 0.042447228287936255
4.81581 0.042408918515113206
4.81701 0.042370608742290164
4.81822 0.042332298969467115
4.81943 0.042293989196644066
4.82063 0.042236524537409496
4.82184 0.04219821476458645
4.82305 0.0421599049917634
4.82425 0.04212159521894035
4.82546 0.04208328544611731
4.82667 0.04204497567329426
4.82787 0.04198751101405969
4.82908 0.04194920124123664
4.83029 0.04187258169559055
4.8315 0.04181511703635597
4.8327 0.0417576523771214
4.83391 0.04170018771788684
4.83512 0.041661877945063784
4.83632 0.04164272305865226
4.83753 0.04164272305865226
4.83874 0.04162356817224074
4.83994 0.041604413285829214
4.84115 0.04156610351300617
4.84236 0.041508638853771596
4.84356 0.041432019308125505
4.84477 0.041355399762479414
4.84598 0.041259625330421795
4.84718 0.0411830057847757
4.84839 0.04110638623912961
4.8496 0.041029766693483516
4.8508 0.04097230203424894
4.85201 0.04095314714783742
4.85322 0.04093399226142589
4.85442 0.04091483737501437
4.85563 0.04087652760219133
4.85684 0.04083821782936827
4.85805 0.0407807531701337
4.85925 0.04072328851089913
4.86046 0.040646668965253034
4.86167 0.04057004941960694
4.86287 0.040512584760372373
4.86408 0.040455120101137804
4.86529 0.040416810328314755
4.86649 0.040359345669080185
4.8677 0.040301881009845615
4.86891 0.040263571237022566
4.87011 0.040225261464199524
4.87132 0.04018695169137647
4.87253 0.04014864191855343
4.87373 0.04011033214573038
4.87494 0.04005286748649581
4.87615 0.04001455771367276
4.87735 0.03995709305443819
4.87856 0.03991878328161515
4.87977 0.0398804735087921
4.88097 0.03982300884955752
4.88218 0.03978469907673448
4.88339 0.03974638930391143
4.8846 0.039688924644676854
4.8858 0.03963145998544229
4.88701 0.03957399532620772
4.88822 0.039516530666973144
4.88942 0.0394782208941501
4.89063 0.039439911121327054
4.89184 0.03940160134850401
4.89304 0.039363291575680956
4.89425 0.039324981802857914
4.89546 0.039286672030034865
4.89666 0.039248362257211816
4.89787 0.03921005248438877
4.89908 0.03917174271156572
4.90028 0.03913343293874268
4.90149 0.03907596827950811
4.9027 0.03903765850668506
4.9039 0.03898019384745049
4.90511 0.0389035743018044
4.90632 0.03884610964256982
4.90753 0.03878864498333525
4.90873 0.03873118032410068
4.90994 0.03867371566486611
4.91115 0.03863540589204306
4.91235 0.03859709611922002
4.91356 0.038558786346396964
4.91477 0.03853963145998544
4.91597 0.03852047657357392
4.91718 0.038482166800750874
4.91839 0.03844385702792783
4.91959 0.038386392368693255
4.9208 0.038328927709458685
4.92201 0.038271463050224115
4.92321 0.03821399839098954
4.92442 0.03813737884534345
4.92563 0.038099069072520406
4.92683 0.03804160441328583
4.92804 0.03798413975405126
4.92925 0.037926675094816696
4.93045 0.03786921043558212
4.93166 0.03781174577634755
4.93287 0.03773512623070145
4.93408 0.0376968164578784
4.93528 0.03763935179864384
4.93649 0.03760104202582079
4.9377 0.03758188713940926
4.9389 0.03752442248017469
4.94011 0.03748611270735165
4.94132 0.037428648048117075
4.94252 0.037371183388882505
4.94373 0.037313718729647935
4.94494 0.037256254070413365
4.94614 0.037198789411178795
4.94735 0.037141324751944226
4.94856 0.03710301497912117
4.94976 0.03708386009270965
4.95097 0.03704555031988661
4.95218 0.03700724054706356
4.95338 0.03698808566065204
4.95459 0.03694977588782899
4.9558 0.03689231122859442
4.957 0.03683484656935985
4.95821 0.03677738191012527
4.95942 0.03668160747806766
4.96063 0.036585833046010034
4.96183 0.03649005861395242
4.96304 0.036394284181894804
4.96425 0.03631766463624871
4.96545 0.036241045090602615
4.96666 0.036183580431368045
4.96787 0.03610696088572195
4.96907 0.03604949622648738
4.97028 0.03599203156725281
4.97149 0.03593456690801824
4.97269 0.03585794736237215
4.9739 0.03580048270313757
4.97511 0.035743018043903
4.97631 0.03566639849825691
4.97752 0.03558977895261081
4.97873 0.0354940045205532
4.97993 0.0354173849749071
4.98114 0.035321610542849484
4.98235 0.035244990997203386
4.98355 0.035168371451557295
4.98476 0.0350917519059112
4.98597 0.03503428724667663
4.98718 0.03497682258744206
4.98838 0.03490020304179597
4.98959 0.034823583496149876
4.9908 0.03474696395050378
4.992 0.03467034440485768
4.99321 0.03457456997280006
4.99442 0.03445964065433092
4.99562 0.034363866222273304
4.99683 0.034268091790215685
4.99804 0.034191472244569594
4.99924 0.0341148526989235
5.00045 0.034038233153277406
5.00166 0.03398076849404283
5.00286 0.03392330383480826
5.00407 0.033865839175573696
5.00528 0.0337892196299276
5.00648 0.03369344519786998
5.00769 0.03359767076581236
5.0089 0.03350189633375474
5.0101 0.03342527678810865
5.01131 0.033329502356051026
5.01252 0.03327203769681646
5.01373 0.033233727923993414
5.01493 0.033195418151170365
5.01614 0.033195418151170365
5.01735 0.03317626326475884
5.01855 0.03317626326475884
5.01976 0.03311879860552427
5.02097 0.03302302417346665
5.02217 0.032908094854997516
5.02338 0.03279316553652837
5.02459 0.03267823621805923
5.02579 0.03260161667241313
5.027 0.032524997126767034
5.02821 0.032448377581120944
5.02941 0.032352603149063325
5.03062 0.03225682871700571
5.03183 0.032161054284948094
5.03303 0.03204612496647895
5.03424 0.03196950542083286
5.03545 0.031892885875186766
5.03665 0.03181626632954067
5.03786 0.0317588016703061
5.03907 0.03170133701107152
5.04028 0.03162471746542543
5.04148 0.03156725280619086
5.04269 0.03149063326054476
5.0439 0.0314331686013102
5.0451 0.031375703942075624
5.04631 0.03129908439642953
5.04752 0.031222464850783435
5.04872 0.031145845305137344
5.04993 0.031069225759491243
5.05114 0.031011761100256677
5.05234 0.030954296441022107
5.05355 0.030896831781787534
5.05476 0.030858522008964488
5.05596 0.03080105734972992
5.05717 0.03072443780408382
5.05838 0.03062866337202621
5.05958 0.030552043826380108
5.06079 0.030456269394322496
5.062 0.03039880473508792
5.0632 0.030341340075853353
5.06441 0.030283875416618783
5.06562 0.03024556564379573
5.06683 0.030188100984561164
5.06803 0.030130636325326594
5.06924 0.03007317166609202
5.07045 0.03001570700685745
5.07165 0.02993908746121136
5.07286 0.029881622801976784
5.07407 0.02980500325633069
5.07527 0.029747538597096123
5.07648 0.02969007393786155
5.07769 0.029651764165038504
5.07889 0.02963260927862698
5.0801 0.029613454392215455
5.08131 0.029594299505803934
5.08251 0.02957514461939241
5.08372 0.029517679960157837
5.08493 0.02942190552810022
5.08613 0.02930697620963108
5.08734 0.02919204689116194
5.08855 0.02905796268628127
5.08975 0.028962188254223652
5.09096 0.028866413822166037
5.09217 0.028808949162931464
5.09338 0.028751484503696897
5.09458 0.02871317473087385
5.09579 0.028655710071639275
5.097 0.02861740029881623
5.0982 0.028540780753170136
5.09941 0.02846416120752404
5.10062 0.028387541661877947
5.10182 0.028310922116231853
5.10303 0.02825345745699728
5.10424 0.028195992797762713
5.10544 0.02813852813852814
5.10665 0.028100218365705094
5.10786 0.02804275370647052
5.10906 0.02798528904723595
5.11027 0.027908669501589857
5.11148 0.027832049955943763
5.11268 0.027774585296709193
5.11389 0.0276979657510631
5.1151 0.027621346205417004
5.11631 0.027525571773359386
5.11751 0.02744895222771329
5.11872 0.02739148756847872
5.11993 0.027314868022832627
5.12113 0.027238248477186533
5.12234 0.02718078381795196
5.12355 0.027123319158717393
5.12475 0.02706585449948282
5.12596 0.027008389840248247
5.12717 0.026950925181013677
5.12837 0.026893460521779107
5.12958 0.026835995862544537
5.13079 0.026778531203309964
5.13199 0.02674022143048692
5.1332 0.026721066544075397
5.13441 0.02670191165766387
5.13561 0.02668275677125235
5.13682 0.026644446998429303
5.13803 0.02658698233919473
5.13923 0.02652951767996016
5.14044 0.02643374324790254
5.14165 0.026376278588667968
5.14286 0.026337968815844923
5.14406 0.026357123702256447
5.14527 0.026414588361491017
5.14648 0.026452898134314062
5.14768 0.026452898134314062
5.14889 0.026414588361491017
5.1501 0.026299659043021874
5.1513 0.026127265065318164
5.15251 0.02595487108761445
5.15372 0.02578247710991074
5.15492 0.025648392905030078
5.15613 0.025552618472972456
5.15734 0.02547599892732636
5.15854 0.025437689154503316
5.15975 0.025399379381680267
5.16096 0.02536106960885722
5.16216 0.025303604949622648
5.16337 0.025226985403976554
5.16458 0.02515036585833046
5.16578 0.025073746312684365
5.16699 0.024977971880626747
5.1682 0.02488219744856913
5.16941 0.024786423016511513
5.17061 0.02470980347086542
5.17182 0.024633183925219324
5.17303 0.02455656437957323
5.17423 0.02449909972033866
5.17544 0.024422480174692562
5.17665 0.024365015515457996
5.17785 0.024288395969811902
5.17906 0.024211776424165807
5.18027 0.02411600199210819
5.18147 0.024020227560050574
5.18268 0.02392445312799295
5.18389 0.02380952380952381
5.18509 0.023713749377466193
5.1863 0.023617974945408578
5.18751 0.023541355399762483
5.18871 0.023464735854116386
5.18992 0.02338811630847029
5.19113 0.023311496762824197
5.19233 0.023254032103589627
5.19354 0.023177412557943533
5.19475 0.023119947898708963
5.19596 0.02310079301229744
5.19716 0.023081638125885914
5.19837 0.023062483239474393
5.19958 0.02304332835306287
5.20078 0.022966708807416775
5.20199 0.02285177948894763
5.2032 0.022717695284066967
5.2044 0.022545301306363254
5.20561 0.02237290732865954
5.20682 0.022277132896601923
5.20802 0.02220051335095583
5.20923 0.022219668237367353
5.21044 0.022296287783013447
5.21164 0.022353752442248017
5.21285 0.022392062215071066
5.21406 0.022334597555836496
5.21526 0.022181358464544308
5.21647 0.021989809600429074
5.21768 0.021759950963490787
5.21888 0.02154924721296403
5.22009 0.021376853235260316
5.2213 0.021223614143968127
5.22251 0.021108684825498988
5.22371 0.020993755507029845
5.22492 0.020897981074972226
5.22613 0.020802206642914607
5.22733 0.020725587097268513
5.22854 0.02064896755162242
5.22975 0.020610657778799373
5.23095 0.02059150289238785
5.23216 0.020572348005976324
5.23337 0.02053403823315328
5.23457 0.02049572846033023
5.23578 0.020438263801095664
5.23699 0.02034248936903804
5.23819 0.020246714936980423
5.2394 0.020131785618511283
5.24061 0.02001685630004214
5.24181 0.019921081867984525
5.24302 0.019825307435926906
5.24423 0.019748687890280812
5.24543 0.019652913458223193
5.24664 0.0195762939125771
5.24785 0.019499674366931005
5.24906 0.01940389993487339
5.25026 0.01932728038922729
5.25147 0.019250660843581197
5.25268 0.019193196184346627
5.25388 0.019116576638700533
5.25509 0.019059111979465963
5.2563 0.019001647320231393
5.2575 0.01894418266099682
5.25871 0.018867563115350726
5.25992 0.01879094356970463
5.26112 0.018695169137647013
5.26233 0.018599394705589398
5.26354 0.01850362027353178
5.26474 0.018407845841474164
5.26595 0.018312071409416545
5.26716 0.01823545186377045
5.26836 0.018177987204535877
5.26957 0.018120522545301308
5.27078 0.018082212772478262
5.27198 0.018043902999655213
5.27319 0.01802474811324369
5.2744 0.018005593226832168
5.27561 0.017928973681186074
5.27681 0.017852354135539976
5.27802 0.017737424817070833
5.27923 0.017603340612190172
5.28043 0.017469256407309505
5.28164 0.017354327088840365
5.28285 0.017258552656782746
5.28405 0.017181933111136652
5.28526 0.017124468451902082
5.28647 0.017105313565490558
5.28767 0.017105313565490558
5.28888 0.017124468451902082
5.29009 0.017143623338313603
5.29129 0.017124468451902082
5.2925 0.017047848906255988
5.29371 0.016932919587786848
5.29491 0.016741370723671607
5.29612 0.016568976745967898
5.29733 0.01641573765467571
5.29853 0.016281653449795045
5.29974 0.016185879017737423
5.30095 0.016109259472091332
5.30216 0.016032639926445238
5.30336 0.015975175267210668
5.30457 0.015898555721564574
5.30578 0.01582193617591848
5.30698 0.01572616174386086
5.30819 0.015630387311803242
5.3094 0.015534612879745622
5.3106 0.01545799333409953
5.31181 0.01536221890204191
5.31302 0.015304754242807342
5.31422 0.015266444469984293
5.31543 0.015228134697161248
5.31664 0.015189824924338199
5.31784 0.015132360265103631
5.31905 0.01507489560586906
5.32026 0.014998276060222963
5.32146 0.014921656514576869
5.32267 0.014825882082519252
5.32388 0.014749262536873158
5.32509 0.014691797877638586
5.32629 0.014615178331992492
5.3275 0.014557713672757922
5.32871 0.01450024901352335
5.32991 0.014442784354288779
5.33112 0.01438531969505421
5.33233 0.014327855035819638
5.33353 0.014251235490173545
5.33474 0.014193770830938974
5.33595 0.014136306171704404
5.33715 0.014078841512469832
5.33836 0.01402137685323526
5.33957 0.013983067080412213
5.34077 0.013963912194000689
5.34198 0.013963912194000689
5.34319 0.014002221966823736
5.34439 0.014078841512469832
5.3456 0.014193770830938974
5.34681 0.014308700149408115
5.34801 0.014404474581465732
5.34922 0.014461939240700303
5.35043 0.014461939240700303
5.35164 0.014404474581465732
5.35284 0.01428954526299659
5.35405 0.014136306171704404
5.35526 0.013983067080412213
5.35646 0.013829827989120025
5.35767 0.013676588897827836
5.35888 0.013561659579358697
5.36008 0.013446730260889554
5.36129 0.013331800942420412
5.3625 0.013255181396774318
5.3637 0.013178561851128224
5.36491 0.01310194230548213
5.36612 0.013063632532659082
5.36732 0.013025322759836035
5.36853 0.01300616787342451
5.36974 0.012987012987012986
5.37094 0.012967858100601463
5.37215 0.012967858100601463
5.37336 0.012967858100601463
5.37456 0.01294870321418994
5.37577 0.012929548327778416
5.37698 0.01289123855495537
5.37819 0.012852928782132322
5.37939 0.012814619009309275
5.3806 0.012776309236486228
5.38181 0.012757154350074705
5.38301 0.01273799946366318
5.38422 0.012718844577251658
5.38543 0.012699689690840133
5.38663 0.012699689690840133
5.38784 0.01268053480442861
5.38905 0.012661379918017088
5.39025 0.012623070145194041
5.39146 0.012584760372370994
5.39267 0.012546450599547947
5.39387 0.012527295713136422
5.39508 0.012488985940313373
5.39629 0.012488985940313373
5.39749 0.012488985940313373
5.3987 0.01246983105390185
5.39991 0.012488985940313373
5.40111 0.012488985940313373
5.40232 0.012488985940313373
5.40353 0.012488985940313373
5.40474 0.012488985940313373
5.40594 0.0125081408267249
5.40715 0.012546450599547947
5.40836 0.012584760372370994
5.40956 0.012623070145194041
5.41077 0.012642225031605564
5.41198 0.012642225031605564
5.41318 0.012661379918017088
5.41439 0.012661379918017088
5.4156 0.012757154350074705
5.4168 0.012929548327778416
5.41801 0.013121097191893654
5.41922 0.013408420488066506
5.42042 0.013657434011416314
5.42163 0.01375320844347393
5.42284 0.01375320844347393
5.42404 0.013619124238593266
5.42525 0.013350955828831935
5.42646 0.013063632532659082
5.42766 0.012814619009309275
5.42887 0.012603915258782517
5.43008 0.012488985940313373
5.43129 0.012431521281078804
5.43249 0.012374056621844232
5.4337 0.01235490173543271
5.43491 0.012335746849021187
5.43611 0.012316591962609662
5.43732 0.01229743707619814
5.43853 0.01229743707619814
5.43973 0.012316591962609662
5.44094 0.012335746849021187
5.44215 0.012335746849021187
5.44335 0.01235490173543271
5.44456 0.012335746849021187
5.44577 0.012316591962609662
5.44697 0.012278282189786615
5.44818 0.012239972416963568
5.44939 0.012182507757728998
5.45059 0.012144197984905951
5.4518 0.012105888212082904
5.45301 0.01208673332567138
5.45421 0.012067578439259857
5.45542 0.01208673332567138
5.45663 0.012125043098494426
5.45784 0.012182507757728998
5.45904 0.012316591962609662
5.46025 0.01246983105390185
5.46146 0.012642225031605564
5.46266 0.012814619009309275
5.46387 0.01289123855495537
5.46508 0.01289123855495537
5.46628 0.012814619009309275
5.46749 0.012642225031605564
5.4687 0.012412366394667279
5.4699 0.012220817530552045
5.47111 0.012067578439259857
5.47232 0.011971804007202238
5.47352 0.012010113780025287
5.47473 0.01208673332567138
5.47594 0.012182507757728998
5.47714 0.01229743707619814
5.47835 0.012335746849021187
5.47956 0.01229743707619814
5.48076 0.012220817530552045
5.48197 0.012067578439259857
5.48318 0.011895184461556144
5.48439 0.011761100256675478
5.48559 0.011627016051794814
5.4868 0.011531241619737197
5.48801 0.0114546220740911
5.48921 0.011416312301268054
5.49042 0.011358847642033484
5.49163 0.011301382982798912
5.49283 0.011263073209975865
5.49404 0.011224763437152818
5.49525 0.01118645366432977
5.49645 0.011167298777918248
5.49766 0.011148143891506724
5.49887 0.011128989005095201
5.50007 0.011128989005095201
5.50128 0.011109834118683676
5.50249 0.011090679232272154
5.50369 0.011052369459449107
5.5049 0.01101405968662606
5.50611 0.010956595027391488
5.50731 0.010899130368156916
5.50852 0.010841665708922347
5.50973 0.010784201049687775
5.51094 0.01074589127686473
5.51214 0.010726736390453205
5.51335 0.010707581504041682
5.51456 0.010726736390453205
5.51576 0.01074589127686473
5.51697 0.0108033559360993
5.51818 0.01086082059533387
5.51938 0.01091828525456844
5.52059 0.010975749913803012
5.5218 0.010975749913803012
5.523 0.010937440140979963
5.52421 0.010879975481745394
5.52542 0.0108033559360993
5.52662 0.010707581504041682
5.52783 0.010630961958395588
5.52904 0.010554342412749494
5.53024 0.010516032639926447
5.53145 0.0104777228671034
5.53266 0.01043941309428035
5.53386 0.010420258207868828
5.53507 0.010381948435045781
5.53628 0.010362793548634256
5.53749 0.010343638662222734
5.53869 0.010343638662222734
5.5399 0.010343638662222734
5.54111 0.010362793548634256
5.54231 0.010381948435045781
5.54352 0.01043941309428035
5.54473 0.010496877753514922
5.54593 0.010573497299161017
5.54714 0.01065011684480711
5.54835 0.010726736390453205
5.54955 0.0108033559360993
5.55076 0.01086082059533387
5.55197 0.01091828525456844
5.55317 0.010956595027391488
5.55438 0.010975749913803012
5.55559 0.010975749913803012
5.55679 0.010937440140979963
5.558 0.01086082059533387
5.55921 0.01074589127686473
5.56042 0.010669271731218635
5.56162 0.010611807071984064
5.56283 0.010573497299161017
5.56404 0.010592652185572541
5.56524 0.01065011684480711
5.56645 0.010707581504041682
5.56766 0.01074589127686473
5.56886 0.010784201049687775
5.57007 0.010822510822510822
5.57128 0.01086082059533387
5.57248 0.010975749913803012
5.57369 0.011148143891506724
5.5749 0.01133969275562196
5.5761 0.011531241619737197
5.57731 0.011741945370263955
5.57852 0.01187602957514462
5.57972 0.011914339347967666
5.58093 0.011914339347967666
5.58214 0.011837719802321572
5.58334 0.011703635597440908
5.58455 0.011569551392560244
5.58576 0.011435467187679576
5.58697 0.011320537869210437
5.58817 0.011224763437152818
5.58938 0.011148143891506724
5.59059 0.011109834118683676
5.59179 0.011109834118683676
5.593 0.011128989005095201
5.59421 0.01118645366432977
5.59541 0.011263073209975865
5.59662 0.011378002528445006
5.59783 0.01155039650614872
5.59903 0.011703635597440908
5.60024 0.011837719802321572
5.60145 0.011952649120790713
5.60265 0.012010113780025287
5.60386 0.011990958893613762
5.60507 0.011952649120790713
5.60627 0.011895184461556144
5.60748 0.01181856491591005
5.60869 0.011799410029498525
5.60989 0.011856874688733096
5.6111 0.01193349423437919
5.61231 0.012048423552848332
5.61352 0.01220166264414052
5.61472 0.01229743707619814
5.61593 0.012335746849021187
5.61714 0.012335746849021187
5.61834 0.01229743707619814
5.61955 0.01220166264414052
5.62076 0.012125043098494426
5.62196 0.01202926866643681
5.62317 0.011971804007202238
5.62438 0.011971804007202238
5.62558 0.011990958893613762
5.62679 0.012048423552848332
5.628 0.012125043098494426
5.6292 0.01220166264414052
5.63041 0.012259127303375092
5.63162 0.012278282189786615
5.63282 0.012335746849021187
5.63403 0.012374056621844232
5.63524 0.012450676167490326
5.63644 0.012603915258782517
5.63765 0.012814619009309275
5.63886 0.013025322759836035
5.64007 0.01321687162395127
5.64127 0.013389265601654982
5.64248 0.013427575374478029
5.64369 0.013350955828831935
5.64489 0.01321687162395127
5.6461 0.01300616787342451
5.64731 0.01273799946366318
5.64851 0.01256560548595947
5.64972 0.012450676167490326
5.65093 0.012393211508255756
5.65213 0.012412366394667279
5.65334 0.01246983105390185
5.65455 0.012450676167490326
5.65575 0.012393211508255756
5.65696 0.012278282189786615
5.65817 0.01208673332567138
5.65937 0.011837719802321572
5.66058 0.011607861165383291
5.66179 0.01139715741485653
5.66299 0.011224763437152818
5.6642 0.011090679232272154
5.66541 0.010975749913803012
5.66662 0.010899130368156916
5.66782 0.01086082059533387
5.66903 0.010841665708922347
5.67024 0.010879975481745394
5.67144 0.010956595027391488
5.67265 0.011052369459449107
5.67386 0.011128989005095201
5.67506 0.011167298777918248
5.67627 0.011109834118683676
5.67748 0.010975749913803012
5.67868 0.010765046163276252
5.67989 0.01053518752633797
5.6811 0.01026701911657664
5.6823 0.010037160479638357
5.68351 0.00984561161552312
5.68472 0.009711527410642455
5.68592 0.009654062751407885
5.68713 0.009673217637819408
5.68834 0.009673217637819408
5.68954 0.009711527410642455
5.69075 0.009711527410642455
5.69196 0.009673217637819408
5.69317 0.009558288319350267
5.69437 0.009405049228058078
5.69558 0.009213500363942842
5.69679 0.00898364172700456
5.69799 0.0087729379764778
5.6992 0.008600543998774088
5.70041 0.008466459793893424
5.70161 0.00840899513465885
5.70282 0.00840899513465885
5.70403 0.008485614680304947
5.70523 0.008658008658008658
5.70644 0.008849557522123894
5.70765 0.009002796613416084
5.70885 0.009136880818296748
5.71006 0.009194345477531318
5.71127 0.009136880818296748
5.71247 0.009002796613416084
5.71368 0.008849557522123894
5.71489 0.008677163544420182
5.71609 0.008504769566716471
5.7173 0.008370685361835804
5.71851 0.008255756043366662
5.71972 0.008140826724897523
5.72092 0.008025897406428381
5.72213 0.007891813201547715
5.72334 0.007738574110255527
5.72454 0.007585335018963338
5.72575 0.00743209592767115
5.72696 0.007317166609202008
5.72816 0.007202237290732866
5.72937 0.0071256177450867726
5.73058 0.007087307972263725
5.73178 0.007048998199440678
5.73299 0.007029843313029155
5.7342 0.006991533540206107
5.7354 0.006934068880971536
5.73661 0.006857449335325442
5.73782 0.0067425200168563
5.73902 0.0066467455847986825
5.74023 0.006589280925564112
5.74144 0.006550971152741065
5.74264 0.006589280925564112
5.74385 0.00668505535762173
5.74506 0.006780829789679348
5.74627 0.006819139562502395
5.74747 0.006838294448913918
5.74868 0.006780829789679348
5.74989 0.006608435811975635
5.75109 0.006397732061448876
5.7523 0.006187028310922116
5.75351 0.005957169673983833
5.75471 0.005823085469103169
5.75592 0.005746465923457075
5.75713 0.005746465923457075
5.75833 0.005861395241926215
5.75954 0.006091253878864499
5.76075 0.006397732061448876
5.76195 0.006761674903267824
5.76316 0.007163927517909819
5.76437 0.007451250814082672
5.76557 0.007585335018963338
5.76678 0.007604489905374861
5.76799 0.00743209592767115
5.7692 0.007048998199440678
5.7704 0.0066467455847986825
5.77161 0.006244492970156687
5.77282 0.005861395241926215
5.77402 0.005574071945753362
5.77523 0.005420832854461173
5.77644 0.005344213308815079
5.77764 0.005286748649580508
5.77885 0.005267593763168985
5.78006 0.005248438876757461
5.78126 0.005152664444699843
5.78247 0.005018580239819178
5.78368 0.004884496034938513
5.78488 0.004731256943646325
5.78609 0.004578017852354136
5.7873 0.004482243420296518
5.7885 0.004405623874650423
5.78971 0.004348159215415853
5.79092 0.004329004329004329
5.79212 0.004309849442592805
5.79333 0.004309849442592805
5.79454 0.004309849442592805
5.79575 0.004329004329004329
5.79695 0.004348159215415853
5.79816 0.004367314101827376
5.79937 0.004367314101827376
5.80057 0.0043864689882389
5.80178 0.0043864689882389
5.80299 0.004367314101827376
5.80419 0.004348159215415853
5.8054 0.004329004329004329
5.80661 0.004329004329004329
5.80781 0.004329004329004329
5.80902 0.004367314101827376
5.81023 0.004463088533884994
5.81143 0.004578017852354136
5.81264 0.0047887216028808955
5.81385 0.0050568900126422255
5.81505 0.00540167796804965
5.81626 0.00572731103704555
5.81747 0.0060720989924529754
5.81867 0.0063785771750373525
5.81988 0.006570126039152588
5.82109 0.00668505535762173
5.8223 0.006704210244033253
5.8235 0.0066467455847986825
5.82471 0.006531816266329541
5.82592 0.006436041834271923
5.82712 0.0063785771750373525
5.82833 0.006340267402214305
5.82954 0.006321112515802782
5.83074 0.006321112515802782
5.83195 0.006301957629391258
5.83316 0.006225338083745163
5.83436 0.006129563651687546
5.83557 0.006033789219629928
5.83678 0.00593801478757231
5.83798 0.005842240355514693
5.83919 0.005784775696280122
5.8404 0.0058039305826916455
5.8416 0.005823085469103169
5.84281 0.005880550128337739
5.84402 0.005976324560395357
5.84522 0.006052944106041452
5.84643 0.006110408765276023
5.84764 0.00614871853809907
5.84885 0.006187028310922116
5.85005 0.006225338083745163
5.85126 0.006263647856568211
5.85247 0.006359422288625829
5.85367 0.006493506493506493
5.85488 0.00668505535762173
5.85609 0.006895759108148489
5.85729 0.007163927517909819
5.8585 0.007412941041259626
5.85971 0.007642799678197908
5.86091 0.007834348542313144
5.86212 0.007987587633605334
5.86333 0.008083362065662951
5.86453 0.008140826724897523
5.86574 0.008159981611309045
5.86695 0.008121671838485998
5.86815 0.008083362065662951
5.86936 0.008064207179251428
5.87057 0.008064207179251428
5.87177 0.00817913649772057
5.87298 0.008466459793893424
5.87419 0.00888786729494694
5.8754 0.0094242041144696
5.8766 0.010132934911695975
5.87781 0.010879975481745394
5.87902 0.011416312301268054
5.88022 0.01181856491591005
5.88143 0.012048423552848332
5.88264 0.011990958893613762
5.88384 0.01166532582461786
5.88505 0.011301382982798912
5.88626 0.010975749913803012
5.88746 0.010630961958395588
5.88867 0.0104777228671034
5.88988 0.010573497299161017
5.89108 0.010822510822510822
5.89229 0.011128989005095201
5.8935 0.011569551392560244
5.8947 0.011990958893613762
5.89591 0.012239972416963568
5.89712 0.01235490173543271
5.89832 0.01235490173543271
5.89953 0.01220166264414052
5.90074 0.011914339347967666
5.90195 0.01166532582461786
5.90315 0.0114546220740911
5.90436 0.011301382982798912
5.90557 0.011243918323564342
5.90677 0.011301382982798912
5.90798 0.011435467187679576
5.90919 0.011588706278971767
5.91039 0.01181856491591005
5.9116 0.01208673332567138
5.91281 0.012335746849021187
5.91401 0.012584760372370994
5.91522 0.0128337738957208
5.91643 0.013082787419070607
5.91763 0.013293491169597365
5.91884 0.013504194920124123
5.92005 0.01369574378423936
5.92125 0.01384898287553155
5.92246 0.01402137685323526
5.92367 0.01417461594452745
5.92487 0.014327855035819638
5.92608 0.014538558786346398
5.92729 0.014806727196107728
5.9285 0.015151515151515154
5.9297 0.015630387311803242
5.93091 0.01620503390414895
5.93212 0.0168179902693177
5.93332 0.01743094663448646
5.93453 0.018043902999655213
5.93574 0.018561084932766352
5.93694 0.018867563115350726
5.93815 0.019059111979465963
5.93936 0.019154886411523582
5.94056 0.01909742175228901
5.94177 0.018963337547408348
5.94298 0.018905872888173775
5.94418 0.0188484082289392
5.94539 0.0188484082289392
5.9466 0.018963337547408348
5.9478 0.019154886411523582
5.94901 0.019384745048461865
5.95022 0.019595448798988623
5.95142 0.019844462322338427
5.95263 0.020074320959276713
5.95384 0.020246714936980423
5.95505 0.020399954028272615
5.95625 0.020572348005976324
5.95746 0.020763896870091562
5.95867 0.02097460062061832
5.95987 0.021261923916791176
5.96108 0.021664176531433172
5.96229 0.022143048691721262
5.96349 0.022660230624832398
5.9647 0.02327318699000115
5.96591 0.023886143355169906
5.96711 0.024384170401869517
5.96832 0.024824732789334558
5.96953 0.02515036585833046
5.97073 0.02536106960885722
5.97194 0.025437689154503316
5.97315 0.025495153813737886
5.97435 0.02562923801861855
5.97556 0.02578247710991074
5.97677 0.0259931808604375
5.97798 0.026357123702256447
5.97918 0.026778531203309964
5.98039 0.027238248477186533
5.9816 0.027717120637474623
5.9828 0.028195992797762713
5.98401 0.028694019844462324
5.98522 0.029172892004750414
5.98642 0.029651764165038504
5.98763 0.030092326552503542
5.98884 0.030513734053557062
5.99004 0.03087767689537601
5.99125 0.031165000191548865
5.99246 0.0313565490556641
5.99366 0.03150978814695629
5.99487 0.03164387235183696
5.99608 0.03173964678389458
5.99728 0.03187373098877524
5.99849 0.032065279852890476
5.9997 0.032295138489828755
6.0009 0.03258246178600161
6.00211 0.032908094854997516
6.00332 0.033291192583227984
6.00453 0.03371260008428151
6.00573 0.034153162471746545
6.00694 0.03465118951844615
6.00815 0.035149216565145774
6.00935 0.03570470827107995
6.01056 0.036260199977014136
6.01177 0.03677738191012527
6.01297 0.03727540895682489
6.01418 0.03773512623070145
6.01539 0.03811822395893193
6.01659 0.038424702141516304
6.0178 0.03871202543768915
6.01901 0.03898019384745049
6.02021 0.039248362257211816
6.02142 0.039516530666973144
6.02263 0.03984216373596905
6.02383 0.04018695169137647
6.02504 0.04058920430601847
6.02625 0.041029766693483516
6.02745 0.041527793740183123
6.02866 0.04206413055970579
6.02987 0.042638777152051485
6.03108 0.043251733517220246
6.03228 0.04390299965521205
6.03349 0.044592575566026894
6.0347 0.045282151476841746
6.0359 0.04602919204689116
6.03711 0.04681454238976363
6.03832 0.047657357391870665
6.03952 0.048576791939623803
6.04073 0.049611155805846074
6.04194 0.05070298433130292
6.04314 0.05183312262958281
6.04435 0.05303988047350879
6.04556 0.05426579320384631
6.04676 0.05533846684289162
6.04797 0.0562962111634678
6.04918 0.05711987127916332
6.05038 0.057732827644332074
6.05159 0.05807761559973949
6.0528 0.05830747423667778
6.054 0.05851817798720454
6.05521 0.058652262192085206
6.05642 0.05882465616978892
6.05763 0.0591311343523733
6.05883 0.05957169673983834
6.06004 0.06012718844577252
6.06125 0.060778454583764324
6.06245 0.06158295981304831
6.06366 0.06242577481515535
6.06487 0.06328774470367392
6.06607 0.06420717925142705
6.06728 0.06510745891276865
6.06849 0.06596942880128721
6.06969 0.06681224380339425
6.0709 0.06759759414626672
6.07211 0.06832547982990461
6.07331 0.06897674596789642
6.07452 0.06958970233306518
6.07573 0.07010688426617631
6.07693 0.07054744665364135
6.07814 0.07096885415469487
6.07935 0.07135195188292534
6.08055 0.0717158947247443
6.08176 0.07207983756656323
6.08297 0.07250124506761675
6.08418 0.0729418074550818
6.08538 0.07340152472895836
6.08659 0.07389955177565798
6.0878 0.07439757882235759
6.089 0.0748956058690572
6.09021 0.0753744780293453
6.09142 0.07585335018963339
6.09262 0.07629391257709842
6.09383 0.07671532007815195
6.09504 0.07711757269279393
6.09624 0.07750067042102442
6.09745 0.07786461326284336
6.09866 0.07822855610466231
6.09986 0.07861165383289277
6.10107 0.07897559667471173
6.10228 0.0793586944029422
6.10348 0.0797609470175842
6.10469 0.08016319963222618
6.1059 0.08058460713327971
6.1071 0.08098685974792169
6.10831 0.08142742213538674
6.10952 0.08186798452285178
6.11073 0.08223192736467073
6.11193 0.08255756043366663
6.11314 0.08282572884342797
6.11435 0.08297896793472015
6.11555 0.08295981304830863
6.11676 0.08286403861625101
6.11797 0.08271079952495883
6.11917 0.08250009577443206
6.12038 0.08225108225108226
6.12159 0.0820403785005555
6.12279 0.08186798452285178
6.124 0.08173390031797112
6.12521 0.08161897099950198
6.12641 0.08152319656744436
6.12762 0.08144657702179826
6.12883 0.08135080258974065
6.13003 0.08121671838485998
6.13124 0.0810634792935678
6.13245 0.08091024020227561
6.13365 0.08075700111098343
6.13486 0.08058460713327971
6.13607 0.08043136804198751
6.13728 0.08031643872351837
6.13848 0.08018235451863771
6.13969 0.08006742520016856
6.1409 0.07991418610887638
6.1421 0.0797609470175842
6.14331 0.07958855303988047
6.14452 0.07933953951653067
6.14572 0.07907137110676933
6.14693 0.07880320269700802
6.14814 0.0785541891736582
6.14934 0.0783051756503084
6.15055 0.07811362678619316
6.15176 0.07801785235413555
6.15296 0.07799869746772402
6.15417 0.07799869746772402
6.15538 0.07807531701337012
6.15658 0.07817109144542773
6.15779 0.07824771099107382
6.159 0.07826686587748535
6.1602 0.07826686587748535
6.16141 0.07820940121825078
6.16262 0.07811362678619316
6.16383 0.07796038769490098
6.16503 0.0778071486036088
6.16624 0.07767306439872812
6.16745 0.07751982530743592
6.16865 0.07736658621614374
6.16986 0.07723250201126308
6.17107 0.07707926291997089
6.17227 0.0769260238286787
6.17348 0.07673447496456347
6.17469 0.07652377121403671
6.17589 0.07629391257709842
6.1771 0.07608320882657166
6.17831 0.0758725050760449
6.17951 0.07564264643910662
6.18072 0.07541278780216834
6.18193 0.07516377427881853
6.18313 0.07483814120982263
6.18434 0.07437842393594607
6.18555 0.07382293223001188
6.18676 0.07317166609202007
6.18796 0.07242462552197067
6.18917 0.0715626556334521
6.19038 0.07068153085852202
6.19158 0.06981956097000346
6.19279 0.06899590085430794
6.194 0.06819139562502395
6.1952 0.06746350994138606
6.19641 0.06679308891698273
6.19762 0.06616097766540245
6.19882 0.0655480213002337
6.20003 0.06497337470788798
6.20124 0.06443703788836533
6.20244 0.06390070106884267
6.20365 0.06336436424932
6.20486 0.06284718231620887
6.20606 0.06234915526950926
6.20727 0.061851128222809644
6.20848 0.061353101176110036
6.20968 0.060855074129410415
6.21089 0.06035704708271081
6.2121 0.05985902003601119
6.21331 0.05936099298931158
6.21451 0.058862965942611964
6.21572 0.05836493889591235
6.21693 0.05786691184921274
6.21813 0.05738803968892465
6.21934 0.056890012642225034
6.22055 0.05643029536834847
6.22175 0.05595142320806038
6.22296 0.05547255104777229
6.22417 0.0549936788874842
6.22537 0.05451480672719611
6.22658 0.05401677968049649
6.22779 0.05353790752020841
6.22899 0.05303988047350879
6.2302 0.052561008313220706
6.23141 0.05208213615293261
6.23261 0.05162241887905605
6.23382 0.05116270160517949
6.23503 0.05070298433130292
6.23623 0.05024326705742635
6.23744 0.049783549783549784
6.23865 0.049342987396084746
6.23986 0.0489024250086197
6.24106 0.04846186262115466
6.24227 0.04804045512010115
6.24348 0.0475998927326361
6.24468 0.04715933034517106
6.24589 0.04673792284411754
6.2471 0.046297360456652496
6.2483 0.04585679806918745
6.24951 0.04541623568172241
6.25072 0.04497567329425737
6.25192 0.044554265793203846
6.25313 0.0441137034057388
6.25434 0.04369229590468529
6.25554 0.04329004329004329
6.25675 0.0428877906754013
6.25796 0.04250469294717083
6.25916 0.04214075010535188
6.26037 0.04177680726353293
6.26158 0.041412864421713984
6.26278 0.04106807646630656
6.26399 0.04072328851089913
6.2652 0.040359345669080185
6.26641 0.04001455771367276
6.26761 0.03966976975826533
6.26882 0.039305826916446386
6.27003 0.03896103896103897
6.27123 0.03859709611922002
6.27244 0.038233153277401066
6.27365 0.03788836532199364
6.27485 0.037543577366586214
6.27606 0.037198789411178795
6.27727 0.03687315634218289
6.27847 0.03654752327318699
6.27968 0.036241045090602615
6.28089 0.03593456690801824
6.28209 0.03564724361184539
6.2833 0.03535992031567253
6.28451 0.03507259701949968
6.28571 0.0347661188369153
6.28692 0.03445964065433092
6.28813 0.034153162471746545
6.28933 0.03382752940275064
6.29054 0.03352105122016627
6.29175 0.033195418151170365
6.29296 0.03286978508217447
6.29416 0.03256330689959009
6.29537 0.032275983603417234
6.29658 0.03198866030724438
6.29778 0.03172049189748305
6.29899 0.03145232348772172
6.3002 0.03120330996437191
6.3014 0.03097345132743363
6.30261 0.030762747576906873
6.30382 0.030552043826380108
6.30502 0.030341340075853353
6.30623 0.030130636325326594
6.30744 0.02993908746121136
6.30864 0.029747538597096123
6.30985 0.02953683484656936
6.31106 0.029364440868865648
6.31226 0.029172892004750414
6.31347 0.0290004980270467
6.31468 0.028828104049342988
6.31588 0.028674864958050803
6.31709 0.02852162586675861
6.3183 0.028387541661877947
6.31951 0.02825345745699728
6.32071 0.02811937325211662
6.32192 0.028004443933647472
6.32313 0.027889514615178333
6.32433 0.027774585296709193
6.32554 0.02764050109182853
6.32675 0.027525571773359386
6.32795 0.02739148756847872
6.32916 0.027257403363598054
6.33037 0.027123319158717393
6.33157 0.02702754472665977
6.33278 0.026931770294602152
6.33399 0.026874305635367586
6.33519 0.026893460521779107
6.3364 0.0269700800674252
6.33761 0.027085009385894344
6.33881 0.027199938704363488
6.34002 0.02739148756847872
6.34123 0.027563881546182434
6.34243 0.02764050109182853
6.34364 0.02764050109182853
6.34485 0.02754472665977091
6.34606 0.02739148756847872
6.34726 0.027142474045128914
6.34847 0.026797686089721492
6.34968 0.026452898134314062
6.35088 0.02614641995172969
6.35209 0.02583994176914531
6.3533 0.025590928245795504
6.3545 0.025380224495268743
6.35571 0.025246140290388082
6.35692 0.02515036585833046
6.35812 0.025073746312684365
6.35933 0.02503543653986132
6.36054 0.025054591426272844
6.36174 0.025073746312684365
6.36295 0.02515036585833046
6.36416 0.025265295176799603
6.36536 0.025380224495268743
6.36657 0.025495153813737886
6.36778 0.02561008313220703
6.36898 0.025705857564264644
6.37019 0.02572501245067617
6.3714 0.0256675477914416
6.37261 0.025571773359383983
6.37381 0.025437689154503316
6.37502 0.025246140290388082
6.37623 0.0250162816534498
6.37743 0.024805577902923037
6.37864 0.02465233881163085
6.37985 0.024518254606750185
6.38105 0.024422480174692562
6.38226 0.024384170401869517
6.38347 0.024384170401869517
6.38467 0.024422480174692562
6.38588 0.02444163506110409
6.38709 0.024479944833927136
6.38829 0.024518254606750185
6.3895 0.024518254606750185
6.39071 0.024479944833927136
6.39191 0.024422480174692562
6.39312 0.02434586062904647
6.39433 0.024269241083400377
6.39554 0.024154311764931234
6.39674 0.02407769221928514
6.39795 0.02407769221928514
6.39916 0.024096847105696664
6.40036 0.024192621537754283
6.40157 0.024365015515457996
6.40278 0.024633183925219324
6.40398 0.024958816994215226
6.40519 0.025303604949622648
6.4064 0.025705857564264644
6.4076 0.026127265065318164
6.40881 0.026510362793548636
6.41002 0.026855150748956058
6.41122 0.027142474045128914
6.41243 0.027353177795655673
6.41364 0.027487262000536337
6.41484 0.02754472665977091
6.41605 0.027525571773359386
6.41726 0.027410642454890242
6.41846 0.027199938704363488
6.41967 0.026893460521779107
6.42088 0.02658698233919473
6.42209 0.026242194383787307
6.42329 0.025859096655556833
6.4245 0.025533463586560935
6.42571 0.025303604949622648
6.42691 0.02513121097191894
6.42812 0.02503543653986132
6.42933 0.024958816994215226
6.43053 0.024977971880626747
6.43174 0.024997126767038275
6.43295 0.024997126767038275
6.43415 0.02492050722139218
6.43536 0.024824732789334558
6.43657 0.024728958357276943
6.43777 0.024614029038807803
6.43898 0.02446078994751561
6.44019 0.02434586062904647
6.44139 0.024288395969811902
6.4426 0.024307550856223423
6.44381 0.02434586062904647
6.44501 0.02440332528828104
6.44622 0.024518254606750185
6.44743 0.024633183925219324
6.44864 0.024748113243688464
6.44984 0.024805577902923037
6.45105 0.024843887675746086
6.45226 0.024843887675746086
6.45346 0.024824732789334558
6.45467 0.024748113243688464
6.45588 0.02465233881163085
6.45708 0.02459487415239628
6.45829 0.024518254606750185
6.4595 0.024479944833927136
6.4607 0.024479944833927136
6.46191 0.02453740949316171
6.46312 0.024633183925219324
6.46432 0.024748113243688464
6.46553 0.024901352334980652
6.46674 0.025073746312684365
6.46794 0.025265295176799603
6.46915 0.02541853426809179
6.47036 0.025533463586560935
6.47156 0.025648392905030078
6.47277 0.025744167337087693
6.47398 0.025820786882733787
6.47519 0.025878251541968357
6.47639 0.02595487108761445
6.4776 0.02608895529249512
6.47881 0.026242194383787307
6.48001 0.02643374324790254
6.48122 0.026606137225606254
6.48243 0.026797686089721492
6.48363 0.027008389840248247
6.48484 0.02718078381795196
6.48605 0.027314868022832627
6.48725 0.027429797341301767
6.48846 0.027525571773359386
6.48967 0.027621346205417004
6.49087 0.027717120637474623
6.49208 0.02781289506953224
6.49329 0.027851204842355287
6.49449 0.027851204842355287
6.4957 0.02781289506953224
6.49691 0.027717120637474623
6.49811 0.02754472665977091
6.49932 0.02727655825000958
6.50053 0.026989234953836726
6.50174 0.026721066544075397
6.50294 0.02643374324790254
6.50415 0.026165574838141213
6.50536 0.02595487108761445
6.50656 0.025820786882733787
6.50777 0.025744167337087693
6.50898 0.025705857564264644
6.51018 0.025744167337087693
6.51139 0.02583994176914531
6.5126 0.0259931808604375
6.5138 0.026127265065318164
6.51501 0.0263188139294334
6.51622 0.026510362793548636
6.51742 0.02668275677125235
6.51863 0.026797686089721492
6.51984 0.026893460521779107
6.52104 0.026931770294602152
6.52225 0.026950925181013677
6.52346 0.026893460521779107
6.52466 0.026797686089721492
6.52587 0.02670191165766387
6.52708 0.026606137225606254
6.52829 0.026510362793548636
6.52949 0.026414588361491017
6.5307 0.026337968815844923
6.53191 0.026299659043021874
6.53311 0.026280504156610353
6.53432 0.026280504156610353
6.53553 0.0263188139294334
6.53673 0.026395433475079496
6.53794 0.02649120790713711
6.53915 0.02658698233919473
6.54035 0.026721066544075397
6.54156 0.026874305635367586
6.54277 0.02702754472665977
6.54397 0.02718078381795196
6.54518 0.027314868022832627
6.54639 0.027468107114124816
6.54759 0.027621346205417004
6.5488 0.02775543041029767
6.55001 0.027908669501589857
6.55121 0.028023598820059
6.55242 0.02811937325211662
6.55363 0.028195992797762713
6.55484 0.028272612343408807
6.55604 0.02829176722982033
6.55725 0.02829176722982033
6.55846 0.02829176722982033
6.55966 0.028330077002643374
6.56087 0.028387541661877947
6.56208 0.02846416120752404
6.56328 0.02861740029881623
6.56449 0.028866413822166037
6.5657 0.02915373711833889
6.5669 0.029479370187334788
6.56811 0.02980500325633069
6.56932 0.030188100984561164
6.57052 0.030532888939968587
6.57173 0.030781902463318397
6.57294 0.030935141554610586
6.57414 0.031011761100256677
6.57535 0.031011761100256677
6.57656 0.03091598666819906
6.57776 0.0307052829176723
6.57897 0.03049457916714554
6.58018 0.03032218518944183
6.58139 0.03016894609814964
6.58259 0.030034861893268972
6.5838 0.029977397234034406
6.58501 0.030034861893268972
6.58621 0.03016894609814964
6.58742 0.030341340075853353
6.58863 0.03049457916714554
6.58983 0.030666973144849254
6.59104 0.030839367122552964
6.59225 0.030954296441022107
6.59345 0.030992606213845152
6.59466 0.030992606213845152
6.59587 0.03097345132743363
6.59707 0.03091598666819906
6.59828 0.030839367122552964
6.59949 0.030743592690495345
6.60069 0.030666973144849254
6.6019 0.03062866337202621
6.60311 0.030609508485614684
6.60432 0.030609508485614684
6.60552 0.03064781825843773
6.60673 0.030743592690495345
6.60794 0.030858522008964488
6.60914 0.030992606213845152
6.61035 0.031107535532314295
6.61156 0.031260774623606484
6.61276 0.031394858828487145
6.61397 0.03150978814695629
6.61518 0.03160556257901391
6.61638 0.03170133701107152
6.61759 0.03179711144312915
6.6188 0.031892885875186766
6.62 0.03198866030724438
6.62121 0.032122744512125045
6.62242 0.032275983603417234
6.62362 0.03242922269470942
6.62483 0.03263992644523618
6.62604 0.03285063019576294
6.62724 0.03311879860552427
6.62845 0.033406121901697124
6.62966 0.03369344519786998
6.63087 0.03399992338045435
6.63207 0.034325556449450255
6.63328 0.03463203463203463
6.63449 0.03486189326897292
6.63569 0.03503428724667663
6.6369 0.035130061678734247
6.63811 0.035168371451557295
6.63931 0.03511090679232272
6.64052 0.03491935792820749
6.64173 0.03467034440485768
6.64293 0.034421330881507874
6.64414 0.03413400758533502
6.64535 0.03380837451633912
6.64655 0.03350189633375474
6.64776 0.033291192583227984
6.64897 0.03311879860552427
6.65017 0.03302302417346665
6.65138 0.03294640462782056
6.65259 0.03294640462782056
6.65379 0.03300386928705513
6.655 0.03309964371911275
6.65621 0.03317626326475884
6.65742 0.03327203769681646
6.65862 0.03336781212887408
6.65983 0.033463586560931693
6.66104 0.03357851587940084
6.66224 0.03367429031145845
6.66345 0.0337892196299276
6.66466 0.03392330383480826
6.66586 0.03407654292610045
6.66707 0.03422978201739264
6.66828 0.034363866222273304
6.66948 0.03449795042715397
6.67069 0.03461287974562311
6.6719 0.03472780906409225
6.6731 0.034823583496149876
6.67431 0.03490020304179597
6.67552 0.03497682258744206
6.67672 0.035053442133088156
6.67793 0.035149216565145774
6.67914 0.035283300770026435
6.68034 0.035398230088495575
6.68155 0.035474849634141666
6.68276 0.03553231429337624
6.68397 0.03557062406619929
6.68517 0.03557062406619929
6.68638 0.03555146917978776
6.68759 0.035455694747730145
6.68879 0.03534076542926101
6.69 0.035244990997203386
6.69121 0.035168371451557295
6.69241 0.0350917519059112
6.69362 0.03503428724667663
6.69483 0.03503428724667663
6.69603 0.03507259701949968
6.69724 0.035168371451557295
6.69845 0.035283300770026435
6.69965 0.035455694747730145
6.70086 0.03566639849825691
6.70207 0.03589625713519519
6.70327 0.03612611577213347
6.70448 0.03637512929548328
6.70569 0.03662414281883309
6.70689 0.03685400145577137
6.7081 0.03702639543347508
6.70931 0.037160479638355746
6.71052 0.03727540895682489
6.71172 0.037352028502470984
6.71293 0.037390338275294026
6.71414 0.037390338275294026
6.71534 0.037390338275294026
6.71655 0.037409493161705554
6.71776 0.0374478029345286
6.71896 0.03748611270735165
6.72017 0.037543577366586214
6.72138 0.03760104202582079
6.72258 0.03767766157146688
6.72379 0.03775428111711297
6.725 0.03783090066275907
6.7262 0.0378500555491706
6.72741 0.03788836532199364
6.72862 0.03788836532199364
6.72982 0.03790752020840516
6.73103 0.03790752020840516
6.73224 0.03790752020840516
6.73344 0.037926675094816696
6.73465 0.03796498486763974
6.73586 0.03802244952687431
6.73707 0.038099069072520406
6.73827 0.038175688618166496
6.73948 0.038309772823047164
6.74069 0.03844385702792783
6.74189 0.03857794123280849
6.7431 0.03875033521051221
6.74431 0.03892272918821592
6.74551 0.03909512316591963
6.74672 0.039267517143623344
6.74793 0.039439911121327054
6.74913 0.03959315021261924
6.75034 0.03972723441749991
6.75155 0.03984216373596905
6.75275 0.03995709305443819
6.75396 0.04003371260008428
6.75517 0.0401294870321419
6.75637 0.040206106577787996
6.75758 0.04028272612343409
6.75879 0.04037850055549171
6.75999 0.040512584760372373
6.7612 0.040646668965253034
6.76241 0.04081906294295675
6.76362 0.041029766693483516
6.76482 0.041259625330421795
6.76603 0.041527793740183123
6.76724 0.0418342719227675
6.76844 0.04212159521894035
6.76965 0.042408918515113206
6.77086 0.04269624181128606
6.77206 0.04296441022104739
6.77327 0.0432134237443972
6.77448 0.043404972608512435
6.77568 0.043577366586216144
6.77689 0.043749760563919854
6.7781 0.04392215454162357
6.7793 0.0441137034057388
6.78051 0.044305252269854045
6.78172 0.044515956020380804
6.78292 0.04478412443014213
6.78413 0.04509060261272651
6.78534 0.045397080795310886
6.78654 0.04568440409148374
6.78775 0.04599088227406812
6.78896 0.04625905068382945
6.79017 0.046527219093590776
6.79137 0.04671876795770601
6.79258 0.0468720070489982
6.79379 0.04698693636746734
6.79499 0.04706355591311344
6.7962 0.04712102057234801
6.79741 0.04714017545875953
6.79861 0.04714017545875953
6.79982 0.04715933034517106
6.80103 0.0471976401179941
6.80223 0.04721679500440562
6.80344 0.047255104777228676
6.80465 0.04733172432287477
6.80585 0.047427498754932386
6.80706 0.047523273186990005
6.80827 0.047657357391870665
6.80947 0.04779144159675133
6.81068 0.04794468068804352
6.81189 0.04811707466574724
6.81309 0.04828946864345095
6.8143 0.048500172393977706
6.81551 0.04871087614450447
6.81672 0.04892157989503122
6.81792 0.04915143853196951
6.81913 0.049400452055319316
6.82034 0.049649465578669116
6.82154 0.04989847910201893
6.82275 0.05009002796613416
6.82396 0.05024326705742635
6.82516 0.05037735126230702
6.82637 0.050492280580776164
6.82758 0.050549745240010734
6.82878 0.050549745240010734
6.82999 0.050530590353599206
6.8312 0.050530590353599206
6.8324 0.050530590353599206
6.83361 0.050530590353599206
6.83482 0.050530590353599206
6.83602 0.050588055012833776
6.83723 0.05066467455847987
6.83844 0.05077960387694901
6.83965 0.05089453319541815
6.84085 0.05102861740029882
6.84206 0.05116270160517949
6.84327 0.0513350955828832
6.84447 0.05150748956058691
6.84568 0.051699038424702144
6.84689 0.0519097421752289
6.84809 0.05212044592575567
6.8493 0.05236945944910547
6.85051 0.052656782745278324
6.85171 0.0529632609278627
6.85292 0.053288893996858606
6.85413 0.053633681952266025
6.85533 0.05401677968049649
6.85654 0.054419032295138496
6.85775 0.054802130023368964
6.85895 0.05514691797877639
6.86016 0.05551086082059534
6.86137 0.055817339003179714
6.86257 0.056047197640118
6.86378 0.05618128184499866
6.86499 0.05623874650423324
6.8662 0.05621959161782171
6.8674 0.05616212695858714
6.86861 0.056047197640118
6.86982 0.055855648776002756
6.87102 0.055664099911887525
6.87223 0.05551086082059534
6.87344 0.055376776615714676
6.87464 0.05526184729724553
6.87585 0.05518522775159943
6.87706 0.05514691797877639
6.87826 0.05516607286518791
6.87947 0.05522353752442249
6.88068 0.05530015707006858
6.88188 0.05541508638853772
6.88309 0.05553001570700686
6.8843 0.055683254798299046
6.8855 0.055817339003179714
6.88671 0.0559705780944719
6.88792 0.05610466229935257
6.88912 0.05623874650423324
6.89033 0.05635367582270238
6.89154 0.05646860514117152
6.89275 0.05658353445964066
6.89395 0.0566984637781098
6.89516 0.056813393096578936
6.89637 0.056947477301459604
6.89757 0.05708156150634027
6.89878 0.05723480059763246
6.89999 0.05738803968892465
6.90119 0.05756043366662836
6.9024 0.057751982530743595
6.90361 0.057924376508447305
6.90481 0.05807761559973949
6.90602 0.05825000957744321
6.90723 0.05838409378232388
6.90843 0.05851817798720454
6.90964 0.05861395241926216
6.91085 0.058709726851319775
6.91205 0.058786346396965866
6.91326 0.058862965942611964
6.91447 0.058939585488258055
6.91567 0.05899705014749263
6.91688 0.0590545148067272
6.91809 0.0591311343523733
6.9193 0.05918859901160787
6.9205 0.05926521855725396
6.92171 0.05936099298931158
6.92292 0.0594567674213692
6.92412 0.05955254185342681
6.92533 0.059667471171895956
6.92654 0.05980155537677662
6.92774 0.059935639581657284
6.92895 0.06008887867294948
6.93016 0.06026127265065319
6.93136 0.06045282151476842
6.93257 0.06062521549247213
6.93378 0.06081676435658737
6.93498 0.06098915833429108
6.93619 0.06118070719840632
6.9374 0.06133394628969851
6.9386 0.06148718538099069
6.93981 0.06162126958587135
6.94102 0.06175535379075202
6.94222 0.061889437995632686
6.94343 0.061985212427690305
6.94464 0.06211929663257097
6.94585 0.062272535723863154
6.94705 0.0624640845879784
6.94826 0.06265563345209364
6.94947 0.06290464697544344
6.95067 0.06321112515802782
6.95188 0.06357506799984676
6.95309 0.06399647550090029
6.95429 0.06441788300195381
6.9555 0.06480098073018427
6.95671 0.06520323334482626
6.95791 0.06560548595946827
6.95912 0.06591196414205265
6.96033 0.06612266789257941
6.96153 0.06623759721104854
6.96274 0.06629506187028311
6.96395 0.06631421675669463
6.96515 0.06629506187028311
6.96636 0.06621844232463701
6.96757 0.06610351300616787
6.96877 0.0660460483469333
6.96998 0.0660460483469333
6.97119 0.0660460483469333
6.9724 0.06608435811975635
6.9736 0.06616097766540245
6.97481 0.06627590698387159
6.97602 0.06640999118875225
6.97722 0.06658238516645597
6.97843 0.06675477914415967
6.97964 0.06694632800827492
6.98084 0.06713787687239015
6.98205 0.0673485806229169
6.98326 0.0675784392598552
6.98446 0.06780829789679348
6.98567 0.06803815653373177
6.98688 0.06828717005708157
6.98808 0.06849787380760833
6.98929 0.06872773244454661
6.9905 0.06891928130866184
6.9917 0.06911083017277708
6.99291 0.06926406926406926
6.99412 0.06939815346894992
6.99532 0.06949392790100756
6.99653 0.06960885721947668
6.99774 0.0697046316515343
6.99895 0.06980040608359193
7.00015 0.06987702562923802
7.00136 0.06997280006129564
7.00257 0.07010688426617631
7.00377 0.07024096847105697
7.00498 0.07039420756234915
7.00619 0.07056660154005287
7.00739 0.07073899551775657
7.0086 0.07091138949546029
7.00981 0.07110293835957553
7.01101 0.07129448722369078
7.01222 0.07146688120139448
7.01343 0.07165843006550972
7.01463 0.07184997892962496
7.01584 0.07204152779374018
7.01705 0.0722139217714439
7.01825 0.07240547063555913
7.01946 0.07257786461326285
7.02067 0.07275025859096657
7.02187 0.07292265256867027
7.02308 0.07305673677355094
7.02429 0.07320997586484312
7.0255 0.07334406006972378
7.0267 0.07347814427460446
7.02791 0.07361222847948512
7.02912 0.07374631268436578
7.03032 0.07389955177565798
7.03153 0.07407194575336169
7.03274 0.07428264950388845
7.03394 0.07449335325441521
7.03515 0.07474236677776501
7.03636 0.07504884496034939
7.03756 0.0753744780293453
7.03877 0.07571926598475272
7.03998 0.07604489905374862
7.04118 0.07635137723633299
7.04239 0.0766770103053289
7.0436 0.07696433360150175
7.0448 0.0771750373520285
7.04601 0.0773282764433207
7.04722 0.07744320576178984
7.04843 0.07751982530743592
7.04963 0.07759644485308202
7.05084 0.07763475462590506
7.05205 0.0776539095123166
7.05325 0.0776539095123166
7.05446 0.07769221928513964
7.05567 0.07774968394437422
7.05687 0.0778071486036088
7.05808 0.07788376814925488
7.05929 0.07796038769490098
7.06049 0.0780561621269586
7.0617 0.07815193655901621
7.06291 0.07824771099107382
7.06411 0.07836264030954297
7.06532 0.07845841474160059
7.06653 0.0785541891736582
7.06773 0.07864996360571583
7.06894 0.07876489292418495
7.07015 0.07887982224265411
7.07135 0.07899475156112325
7.07256 0.07912883576600391
7.07377 0.0792820748572961
7.07498 0.07943531394858828
7.07618 0.079607707926292
7.07739 0.07979925679040724
7.0786 0.07997165076811096
7.0798 0.08018235451863771
7.08101 0.08037390338275294
7.08222 0.08058460713327971
7.08342 0.08079531088380647
7.08463 0.08098685974792169
7.08584 0.08117840861203694
7.08704 0.08136995747615217
7.08825 0.08152319656744436
7.08946 0.08167643565873654
7.09066 0.08182967475002874
7.09187 0.0819637589549094
7.09308 0.08209784315979007
7.09428 0.08221277247825921
7.09549 0.08232770179672834
7.0967 0.08242347622878597
7.0979 0.08255756043366663
7.09911 0.0826916446385473
7.10032 0.08282572884342797
7.10153 0.08295981304830863
7.10273 0.08311305213960081
7.10394 0.08328544611730453
7.10515 0.08347699498141976
7.10635 0.083668543845535
7.10756 0.08386009270965024
7.10877 0.08405164157376548
7.10997 0.08426234532429223
7.11118 0.08447304907481899
7.11239 0.08464544305252271
7.11359 0.08481783703022641
7.1148 0.0849710761215186
7.11601 0.08510516032639927
7.11721 0.08522008964486841
7.11842 0.08531586407692604
7.11963 0.0853733287361606
7.12083 0.08543079339539517
7.12204 0.08548825805462974
7.12325 0.08556487760027584
7.12445 0.0856223422595104
7.12566 0.08567980691874498
7.12687 0.08575642646439106
7.12808 0.08585220089644868
7.12928 0.0859479753285063
7.13049 0.08606290464697544
7.1317 0.0861778339654446
7.1329 0.08629276328391373
7.13411 0.08640769260238287
7.13532 0.08654177680726353
7.13652 0.08663755123932115
7.13773 0.08675248055779029
7.13894 0.08684825498984791
7.14014 0.08694402942190553
7.14135 0.08703980385396315
7.14256 0.08709726851319771
7.14376 0.08717388805884382
7.14497 0.08721219783166687
7.14618 0.08725050760448991
7.14738 0.08726966249090144
7.14859 0.08725050760448991
7.1498 0.08723135271807839
7.151 0.08721219783166687
7.15221 0.08719304294525533
7.15342 0.08715473317243229
7.15463 0.08711642339960925
7.15583 0.0870781136267862
7.15704 0.0870781136267862
7.15825 0.08709726851319771
7.15945 0.08711642339960925
7.16066 0.08713557828602077
7.16187 0.08717388805884382
7.16307 0.08723135271807839
7.16428 0.08728881737731296
7.16549 0.087327127150136
7.16669 0.08734628203654753
7.1679 0.08734628203654753
7.16911 0.08730797226372448
7.17031 0.08726966249090144
7.17152 0.08719304294525533
7.17273 0.08709726851319771
7.17393 0.08696318430831707
7.17514 0.08682910010343639
7.17635 0.08669501589855573
7.17755 0.08659924146649811
7.17876 0.08648431214802897
7.17997 0.08638853771597135
7.18118 0.08633107305673678
7.18238 0.08629276328391373
7.18359 0.08629276328391373
7.1848 0.08631191817032526
7.186 0.08633107305673678
7.18721 0.08636938282955982
7.18842 0.08640769260238287
7.18962 0.08646515726161744
7.19083 0.08652262192085201
7.19204 0.08661839635290963
7.19324 0.08671417078496725
7.19445 0.08684825498984791
7.19566 0.08700149408114011
7.19686 0.08723135271807839
7.19807 0.0874803662414282
7.19928 0.0878059993104241
7.20048 0.08816994215224304
7.20169 0.08859134965329656
7.2029 0.08908937669999618
7.2041 0.08964486840593036
7.20531 0.09027697965751064
7.20652 0.09094740068191397
7.20773 0.0917135961383749
7.20893 0.09253725625407042
7.21014 0.0934183810290005
7.21135 0.09433781557675364
7.21255 0.09535302455656439
7.21376 0.09644485308202123
7.21497 0.09751752672106655
7.21617 0.09855189058728883
7.21738 0.09952878979427653
7.21859 0.10052484388767575
7.21979 0.10142512354901735
7.221 0.10211469945983222
7.22221 0.10259357162012031
7.22341 0.10290004980270467
7.22462 0.10305328889399687
7.22583 0.10299582423476229
7.22703 0.10276596559782401
7.22824 0.1022679385511244
7.22945 0.10163582729954412
7.23065 0.10092709650231775
7.23186 0.1002375205915029
7.23307 0.09943301536221891
7.23428 0.09859020036011187
7.23548 0.09778569513082788
7.23669 0.09709611922001303
7.2379 0.09644485308202123
7.2391 0.09587020648967552
7.24031 0.09537217944297591
7.24152 0.09493161705551087
7.24272 0.09460598398651497
7.24393 0.09435697046316516
7.24514 0.09416542159904993
7.24634 0.09403133739416926
7.24755 0.09393556296211164
7.24876 0.0939164080757001
7.24996 0.09393556296211164
7.25117 0.09399302762134622
7.25238 0.09408880205340382
7.25358 0.09420373137187298
7.25479 0.09435697046316516
7.256 0.09452936444086887
7.25721 0.09472091330498411
7.25841 0.09493161705551087
7.25962 0.09516147569244915
7.26083 0.09541048921579896
7.26203 0.09565950273914876
7.26324 0.09590851626249858
7.26445 0.0961766846722599
7.26565 0.09642569819560971
7.26686 0.09669386660537103
7.26807 0.09694288012872085
7.26927 0.09719189365207065
7.27048 0.09744090717542045
7.27169 0.09767076581235874
7.27289 0.0978814695628855
7.2741 0.09809217331341226
7.27531 0.0982837221775275
7.27651 0.09847527104164272
7.27772 0.09864766501934644
7.27893 0.09882005899705015
7.28013 0.09897329808834235
7.28134 0.09912653717963453
7.28255 0.09927977627092673
7.28376 0.09945217024863043
7.28496 0.09960540933992261
7.28617 0.09977780331762633
7.28738 0.09995019729533004
7.28858 0.10014174615944528
7.28979 0.10033329502356052
7.291 0.10054399877408728
7.2922 0.10075470252461403
7.29341 0.10096540627514079
7.29462 0.10119526491207909
7.29582 0.10142512354901735
7.29703 0.10165498218595564
7.29824 0.10190399570930544
7.29944 0.10213385434624374
7.30065 0.10238286786959354
7.30186 0.10263188139294335
7.30306 0.10288089491629315
7.30427 0.10311075355323145
7.30548 0.10335976707658125
7.30668 0.10358962571351953
7.30789 0.1038194843504578
7.3091 0.10404934298739608
7.31031 0.10427920162433438
7.31151 0.10448990537486114
7.31272 0.10471976401179943
7.31393 0.1049496226487377
7.31513 0.10516032639926445
7.31634 0.10539018503620275
7.31755 0.10562004367314103
7.31875 0.1058499023100793
7.31996 0.10607976094701758
7.32117 0.10632877447036738
7.32237 0.10655863310730568
7.32358 0.10680764663065548
7.32479 0.10707581504041681
7.32599 0.10734398345017815
7.3272 0.10761215185993948
7.32841 0.1078803202697008
7.32961 0.10814848867946214
7.33082 0.108435811975635
7.33203 0.10872313527180784
7.33323 0.10899130368156917
7.33444 0.10925947209133051
7.33565 0.10950848561468031
7.33686 0.10975749913803011
7.33806 0.1099873577749684
7.33927 0.11021721641190668
7.34048 0.11044707504884498
7.34168 0.1106386239129602
7.34289 0.11084932766348696
7.3441 0.1110408765276022
7.3453 0.11121327050530591
7.34651 0.11138566448300963
7.34772 0.11155805846071333
7.34892 0.11171129755200551
7.35013 0.11184538175688619
7.35134 0.11199862084817838
7.35254 0.11211355016664752
7.35375 0.11224763437152818
7.35496 0.11240087346282038
7.35616 0.11253495766770102
7.35737 0.1126690418725817
7.35858 0.11280312607746236
7.35978 0.11295636516875456
7.36099 0.11312875914645827
7.3622 0.1133203080105735
7.36341 0.11349270198827721
7.36461 0.11368425085239245
7.36582 0.11389495460291921
7.36703 0.11410565835344597
7.36823 0.11431636210397272
7.36944 0.1145270658544995
7.37065 0.11473776960502625
7.37185 0.11494847335555301
7.37306 0.11515917710607977
7.37427 0.11536988085660653
7.37547 0.11556142972072177
7.37668 0.11575297858483699
7.37789 0.11594452744895224
7.37909 0.11611692142665594
7.3803 0.11628931540435966
7.38151 0.11644255449565184
7.38271 0.11659579358694404
7.38392 0.11674903267823622
7.38513 0.11690227176952842
7.38633 0.11707466574723213
7.38754 0.11724705972493583
7.38875 0.11741945370263955
7.38996 0.11759184768034327
7.39116 0.1177833965444585
7.39237 0.11797494540857373
7.39358 0.11818564915910049
7.39478 0.11839635290962724
7.39599 0.11860705666015402
7.3972 0.11881776041068078
7.3984 0.11902846416120753
7.39961 0.11923916791173429
7.40082 0.11944987166226105
7.40202 0.11964142052637629
7.40323 0.11981381450407999
7.40444 0.11998620848178371
7.40564 0.12013944757307589
7.40685 0.12031184155077962
7.40806 0.1204650806420718
7.40926 0.12059916484695248
7.41047 0.12073324905183314
7.41168 0.12088648814312532
7.41288 0.1210397272344175
7.41409 0.12119296632570971
7.4153 0.12136536030341341
7.41651 0.12153775428111713
7.41771 0.12171014825882083
7.41892 0.12190169712293607
7.42013 0.12209324598705132
7.42133 0.12228479485116653
7.42254 0.12247634371528177
7.42375 0.1226487376929855
7.42495 0.12284028655710073
7.42616 0.12301268053480444
7.42737 0.12316591962609662
7.42857 0.12333831360380035
7.42978 0.12349155269509253
7.43099 0.12364479178638471
7.43219 0.12377887599126537
7.4334 0.12393211508255755
7.43461 0.12408535417384976
7.43581 0.12423859326514194
7.43702 0.12441098724284565
7.43823 0.12456422633413786
7.43943 0.12471746542543004
7.44064 0.12488985940313374
7.44185 0.12504309849442594
7.44306 0.12521549247212965
7.44426 0.12538788644983337
7.44547 0.12556028042753706
7.44668 0.1257326744052408
7.44788 0.1259050683829445
7.44909 0.1260774623606482
7.4503 0.12628816611117497
7.4515 0.12649886986170172
7.45271 0.12670957361222848
7.45392 0.12692027736275524
7.45512 0.12715013599969352
7.45633 0.12736083975022028
7.45754 0.1276098532735701
7.45874 0.12782055702409684
7.45995 0.1280312607746236
7.46116 0.12824196452515035
7.46236 0.1284143585028541
7.46357 0.1285867524805578
7.46478 0.1287591464582615
7.46599 0.12889323066314218
7.46719 0.12902731486802285
7.4684 0.12916139907290353
7.46961 0.12927632839137262
7.47081 0.12939125770984178
7.47202 0.12952534191472245
7.47323 0.12965942611960313
7.47443 0.12977435543807228
7.47564 0.12990843964295293
7.47685 0.13006167873424512
7.47805 0.1302149178255373
7.47926 0.1303681569168295
7.48047 0.13052139600812168
7.48167 0.13067463509941388
7.48288 0.13080871930429455
7.48409 0.1309428035091752
7.48529 0.13107688771405587
7.4865 0.131191817032525
7.48771 0.13132590123740567
7.48891 0.1314216756694633
7.49012 0.1315174501015209
7.49133 0.13163237941999006
7.49254 0.13172815385204767
7.49374 0.13186223805692832
7.49495 0.13197716737539747
7.49616 0.1320920966938666
7.49736 0.13224533578515882
7.49857 0.132398574876451
7.49978 0.13255181396774318
7.50098 0.13274336283185842
7.50219 0.1329157568095621
7.5034 0.13310730567367735
7.5046 0.1332796996513811
7.50581 0.13347124851549633
7.50702 0.13366279737961154
7.50822 0.13383519135731525
7.50943 0.13400758533501897
7.51064 0.13416082442631116
7.51184 0.13431406351760336
7.51305 0.134448147722484
7.51426 0.1346013868137762
7.51546 0.13473547101865688
7.51667 0.13485040033712603
7.51788 0.13498448454200668
7.51909 0.1350994138604758
7.52029 0.13525265295176803
7.5215 0.13538673715664867
7.52271 0.13552082136152932
7.52391 0.13567406045282154
7.52512 0.1358272995441137
7.52633 0.1359805386354059
7.52753 0.13615293261310962
7.52874 0.1363253265908133
7.52995 0.13649772056851706
7.53115 0.1366892694326323
7.53236 0.13686166341033598
7.53357 0.13705321227445122
7.53477 0.13722560625215494
7.53598 0.13739800022985865
7.53719 0.1375895490939739
7.53839 0.13776194307167758
7.5396 0.13791518216296977
7.54081 0.1380875761406735
7.54201 0.1382599701183772
7.54322 0.13843236409608092
7.54443 0.1385856031873731
7.54564 0.13875799716507684
7.54684 0.13893039114278052
7.54805 0.13910278512048424
7.54926 0.13925602421177644
7.55046 0.13942841818948012
7.55167 0.13960081216718387
7.55288 0.13977320614488756
7.55408 0.13994560012259127
7.55529 0.14009883921388347
7.5565 0.14027123319158719
7.5577 0.14042447228287938
7.55891 0.1405968662605831
7.56012 0.14075010535187527
7.56132 0.14090334444316746
7.56253 0.14107573842087115
7.56374 0.14122897751216337
7.56494 0.14140137148986706
7.56615 0.1415929203539823
7.56736 0.14176531433168604
7.56856 0.14193770830938973
7.56977 0.14212925717350497
7.57098 0.1423208060376202
7.57219 0.14253150978814697
7.57339 0.1427230586522622
7.5746 0.14291460751637744
7.57581 0.14308700149408116
7.57701 0.1432785503581964
7.57822 0.14345094433590008
7.57943 0.14362333831360383
7.58063 0.14379573229130752
7.58184 0.1439489713825997
7.58305 0.1441022104738919
7.58425 0.1442554495651841
7.58546 0.14440868865647627
7.58667 0.14458108263417999
7.58787 0.14473432172547218
7.58908 0.14490671570317587
7.59029 0.1450599547944681
7.59149 0.14523234877217178
7.5927 0.14542389763628702
7.59391 0.14561544650040226
7.59511 0.14578784047810597
7.59632 0.1459793893422212
7.59753 0.14615178331992493
7.59874 0.14632417729762864
7.59994 0.14649657127533236
7.60115 0.14666896525303605
7.60236 0.14682220434432824
7.60356 0.14697544343562044
7.60477 0.1471095276405011
7.60598 0.14724361184538176
7.60718 0.14739685093667396
7.60839 0.14753093514155463
7.6096 0.1476650193464353
7.6108 0.14781825843772747
7.61201 0.14795234264260815
7.61322 0.14812473662031184
7.61442 0.14827797571160406
7.61563 0.14845036968930775
7.61684 0.14862276366701146
7.61804 0.1488143125311267
7.61925 0.1489675516224189
7.62046 0.1491399456001226
7.62166 0.14931233957782633
7.62287 0.1494655786691185
7.62408 0.14963797264682221
7.62529 0.14977205685170286
7.62649 0.14990614105658354
7.6277 0.1500402252614642
7.62891 0.15015515457993336
7.63011 0.150289238784814
7.63132 0.15042332298969469
7.63253 0.15055740719457536
7.63373 0.150691491399456
7.63494 0.15082557560433668
7.63615 0.15097881469562888
7.63735 0.15115120867333257
7.63856 0.15132360265103628
7.63977 0.15151515151515152
7.64097 0.15170670037926678
7.64218 0.15187909435697047
7.64339 0.1520706432210857
7.64459 0.15226219208520095
7.6458 0.15245374094931616
7.64701 0.1526261349270199
7.64821 0.1527985289047236
7.64942 0.1529517679960158
7.65063 0.1531241619737195
7.65184 0.15327740106501167
7.65304 0.1534306401563039
7.65425 0.15358387924759606
7.65546 0.15371796345247674
7.65666 0.15387120254376893
7.65787 0.1540244416350611
7.65908 0.15417768072635332
7.66028 0.154350074704057
7.66149 0.15452246868176073
7.6627 0.15469486265946444
7.6639 0.15486725663716816
7.66511 0.15503965061487185
7.66632 0.15523119947898711
7.66752 0.15542274834310235
7.66873 0.15559514232080604
7.66994 0.15576753629850976
7.67114 0.155959085162625
7.67235 0.1561314791403287
7.67356 0.15630387311803243
7.67477 0.15645711220932462
7.67597 0.1566295061870283
7.67718 0.15680190016473203
7.67839 0.15697429414243574
7.67959 0.15714668812013946
7.6808 0.15729992721143166
7.68201 0.15747232118913537
7.68321 0.15764471516683906
7.68442 0.1578171091445428
7.68563 0.15800865800865802
7.68683 0.15818105198636173
7.68804 0.15833429107765393
7.68925 0.15850668505535764
7.69045 0.15867907903306133
7.69166 0.15885147301076508
7.69287 0.15900471210205724
7.69407 0.15917710607976093
7.69528 0.15933034517105316
7.69649 0.15948358426234532
7.69769 0.15965597824004904
7.6989 0.15980921733134124
7.70011 0.15998161130904495
7.70132 0.16015400528674867
7.70252 0.16032639926445236
7.70373 0.1604987932421561
7.70494 0.1606711872198598
7.70614 0.16086273608397503
7.70735 0.16105428494809026
7.70856 0.1612458338122055
7.70976 0.16141822778990922
7.71097 0.16160977665402446
7.71218 0.1618013255181397
7.71338 0.16199287438225493
7.71459 0.16218442324637014
7.7158 0.16235681722407388
7.717 0.16254836608818912
7.71821 0.1627207600658928
7.71942 0.16289315404359653
7.72062 0.16306554802130024
7.72183 0.16323794199900396
7.72304 0.16341033597670765
7.72424 0.16356357506799984
7.72545 0.16373596904570356
7.72666 0.16390836302340728
7.72787 0.164080757001111
7.72907 0.1642531509788147
7.73028 0.16442554495651843
7.73149 0.16459793893422214
7.73269 0.16478948779833735
7.7339 0.16496188177604107
7.73511 0.16515343064015633
7.73631 0.1653641343906831
7.73752 0.16555568325479833
7.73873 0.16574723211891354
7.73993 0.16591962609661726
7.74114 0.1661111749607325
7.74235 0.16630272382484773
7.74355 0.16649427268896297
7.74476 0.16666666666666669
7.74597 0.16683906064437037
7.74717 0.16701145462207412
7.74838 0.1671838485997778
7.74959 0.16735624257748152
7.75079 0.16752863655518524
7.752 0.16770103053288896
7.75321 0.16787342451059264
7.75442 0.1680458184882964
7.75562 0.16821821246600008
7.75683 0.16840976133011532
7.75804 0.16860131019423055
7.75924 0.1687928590583458
7.76045 0.16898440792246106
7.76166 0.16917595678657626
7.76286 0.1693675056506915
7.76407 0.16955905451480674
7.76528 0.16975060337892198
7.76648 0.1699421522430372
7.76769 0.17013370110715242
7.7689 0.17030609508485617
7.7701 0.1704976439489714
7.77131 0.1706700379266751
7.77252 0.17084243190437884
7.77372 0.17101482588208253
7.77493 0.17118721985978624
7.77614 0.17137876872390145
7.77734 0.1715511627016052
7.77855 0.17174271156572044
7.77976 0.17191510554342412
7.78097 0.17210665440753936
7.78217 0.17231735815806612
7.78338 0.17250890702218138
7.78459 0.17270045588629662
7.78579 0.17291115963682338
7.787 0.17312186338735014
7.78821 0.1733325671378769
7.78941 0.17354327088840366
7.79062 0.1737539746389304
7.79183 0.17396467838945714
7.79303 0.1741753821399839
7.79424 0.17438608589051066
7.79545 0.17459678964103742
7.79665 0.17482664827797573
7.79786 0.17503735202850249
7.79907 0.17524805577902924
7.80027 0.175458759529556
7.80148 0.17566946328008276
7.80269 0.17588016703060952
7.80389 0.17609087078113628
7.8051 0.17630157453166304
7.80631 0.17649312339577827
7.80752 0.17670382714630503
7.80872 0.17689537601042027
7.80993 0.17710607976094703
7.81114 0.17729762862506226
7.81234 0.1774891774891775
7.81355 0.17768072635329274
7.81476 0.17787227521740798
7.81596 0.17806382408152321
7.81717 0.1782362180592269
7.81838 0.17842776692334214
7.81958 0.17861931578745738
7.82079 0.17881086465157264
7.822 0.17900241351568788
7.8232 0.1791939623798031
7.82441 0.17938551124391833
7.82562 0.17959621499444509
7.82682 0.17978776385856032
7.82803 0.17999846760908708
7.82924 0.18020917135961384
7.83044 0.18043902999655215
7.83165 0.1806497337470789
7.83286 0.18086043749760566
7.83407 0.18109029613454394
7.83527 0.1813009998850707
7.83648 0.18153085852200895
7.83769 0.18174156227253574
7.83889 0.1819522660230625
7.8401 0.18216296977358926
7.84131 0.18237367352411601
7.84251 0.18258437727464277
7.84372 0.18279508102516953
7.84493 0.1830057847756963
7.84613 0.18321648852622305
7.84734 0.1834271922767498
7.84855 0.18361874114086504
7.84975 0.1838294448913918
7.85096 0.18405930352833008
7.85217 0.18427000727885684
7.85337 0.18448071102938363
7.85458 0.1847105696663219
7.85579 0.18492127341684866
7.85699 0.1851319771673754
7.8582 0.18534268091790215
7.85941 0.1855533846684289
7.86062 0.18576408841895567
7.86182 0.18595563728307093
7.86303 0.18614718614718617
7.86424 0.1863387350113014
7.86544 0.1865111289890051
7.86665 0.18668352296670881
7.86786 0.18687507183082405
7.86906 0.18704746580852777
7.87027 0.18721985978623146
7.87148 0.18737309887752368
7.87268 0.1875646477416389
7.87389 0.1877370417193426
7.8751 0.18792859058345784
7.8763 0.1881201394475731
7.87751 0.18831168831168832
7.87872 0.18850323717580356
7.87992 0.18871394092633031
7.88113 0.18892464467685707
7.88234 0.18913534842738383
7.88355 0.1893460521779106
7.88475 0.1895759108148489
7.88596 0.18978661456537566
7.88717 0.1900164732023139
7.88837 0.19022717695284067
7.88958 0.19045703558977897
7.89079 0.19068689422671725
7.89199 0.19091675286365553
7.8932 0.1911274566141823
7.89441 0.19135731525112057
7.89561 0.19158717388805885
7.89682 0.1917978776385856
7.89803 0.1920277362755239
7.89923 0.1922575949124622
7.90044 0.19246829866298895
7.90165 0.1926981572999272
7.90285 0.1929280159368655
7.90406 0.19313871968739227
7.90527 0.19336857832433055
7.90647 0.19359843696126883
7.90768 0.1938282955982071
7.90889 0.19405815423514539
7.9101 0.19430716775849521
7.9113 0.1945370263954335
7.91251 0.1947860399187833
7.91372 0.19501589855572157
7.91492 0.19524575719265988
7.91613 0.19549477071600965
7.91734 0.19572462935294796
7.91854 0.19595448798988624
7.91975 0.196165191740413
7.92096 0.19637589549093976
7.92216 0.19658659924146651
7.92337 0.19677814810558175
7.92458 0.196969696969697
7.92578 0.1971612458338122
7.92699 0.19733363981151594
7.9282 0.1974868789028081
7.9294 0.1976401179941003
7.93061 0.1977933570853925
7.93182 0.19792744129027318
7.93302 0.19806152549515385
7.93423 0.1981956097000345
7.93544 0.19831053901850362
7.93665 0.1984446232233843
7.93785 0.19855955254185345
7.93906 0.1986744818603226
7.94027 0.1987894111787917
7.94147 0.19888518561084936
7.94268 0.19900011492931846
7.94389 0.19911504424778761
7.94509 0.19921081867984522
7.9463 0.19932574799831437
7.94751 0.19942152243037198
7.94871 0.1995172968624296
7.94992 0.19963222618089874
7.95113 0.19972800061295637
7.95233 0.19984292993142552
7.95354 0.19995785924989465
7.95475 0.2000727885683638
7.95595 0.20018771788683296
7.95716 0.20030264720530208
7.95837 0.20041757652377123
7.95957 0.2005325058422404
7.96078 0.20066659004712104
7.96199 0.2008006742520017
7.9632 0.20093475845688236
7.9644 0.2010496877753515
7.96561 0.20118377198023216
7.96682 0.20131785618511283
7.96802 0.2014519403899935
7.96923 0.20158602459487415
7.97044 0.20172010879975483
7.97164 0.20187334789104702
7.97285 0.20200743209592767
7.97406 0.20216067118721986
7.97526 0.20231391027851206
7.97647 0.20248630425621578
7.97768 0.2026586982339195
7.97888 0.20283109221162318
7.98009 0.20302264107573845
7.9813 0.20321418993985368
7.9825 0.20340573880396892
7.98371 0.20361644255449568
7.98492 0.20382714630502244
7.98612 0.2040378500555492
7.98733 0.20424855380607596
7.98854 0.2044784124430142
7.98975 0.20468911619354097
7.99095 0.20491897483047927
7.99216 0.20512967858100603
7.99337 0.2053595372179443
7.99457 0.20557024096847107
7.99578 0.20578094471899783
7.99699 0.20599164846952459
7.99819 0.20620235222005134
7.9994 0.2064130559705781
8.00061 0.20660460483469334
8.00181 0.2068153085852201
8.00302 0.20702601233574686
8.00423 0.20723671608627361
8.00543 0.20744741983680037
8.00664 0.20765812358732716
8.00785 0.20786882733785392
8.00905 0.20807953108838068
8.01026 0.20830938972531893
8.01147 0.20852009347584569
8.01267 0.20874995211278397
8.01388 0.20897981074972227
8.01509 0.20920966938666055
8.0163 0.20943952802359886
8.0175 0.2096693866605371
8.01871 0.2098992452974754
8.01992 0.2101291039344137
8.02112 0.21035896257135198
8.02233 0.21060797609470178
8.02354 0.21083783473164006
8.02474 0.21106769336857834
8.02595 0.21129755200551664
8.02716 0.21154656552886641
8.02836 0.21177642416580472
8.02957 0.21202543768915452
8.03078 0.2122552963260928
8.03198 0.2125043098494426
8.03319 0.2127341684863809
8.0344 0.21296402712331916
8.0356 0.21319388576025744
8.03681 0.21342374439719575
8.03802 0.21365360303413403
8.03922 0.2138834616710723
8.04043 0.21411332030801059
8.04164 0.21434317894494886
8.04285 0.21457303758188714
8.04405 0.2147837413324139
8.04526 0.2150135999693522
8.04647 0.21524345860629046
8.04767 0.21547331724322877
8.04888 0.21568402099375553
8.05009 0.2159138796306938
8.05129 0.21614373826763209
8.0525 0.21637359690457036
8.05371 0.21658430065509712
8.05491 0.2168141592920354
8.05612 0.21704401792897368
8.05733 0.21725472167950047
8.05853 0.21748458031643875
8.05974 0.2176952840669655
8.06095 0.21792514270390378
8.06215 0.21813584645443052
8.06336 0.21836570509136882
8.06457 0.2185955637283071
8.06577 0.21880626747883386
8.06698 0.21903612611577214
8.06819 0.21928513963912194
8.0694 0.21951499827606022
8.0706 0.21976401179941005
8.07181 0.22001302532275985
8.07302 0.22026203884610965
8.07422 0.22053020725587097
8.07543 0.2207792207792208
8.07664 0.22102823430257063
8.07784 0.2212772478259204
8.07905 0.22154541623568175
8.08026 0.22179442975903155
8.08146 0.22204344328238135
8.08267 0.22229245680573115
8.08388 0.22252231544266943
8.08508 0.22277132896601926
8.08629 0.2230011876029575
8.0875 0.22323104623989581
8.0887 0.2234609048768341
8.08991 0.22369076351377237
8.09112 0.22392062215071068
8.09232 0.22415048078764893
8.09353 0.2243803394245872
8.09474 0.22462935294793704
8.09595 0.22487836647128684
8.09715 0.22512737999463664
8.09836 0.22537639351798644
8.09957 0.2256445619277478
8.10077 0.2259127303375091
8.10198 0.2261617438608589
8.10319 0.22642991227062023
8.10439 0.22671723556679313
8.1056 0.22698540397655442
8.10681 0.22725357238631574
8.10801 0.2275217407960771
8.10922 0.2277707543194269
8.11043 0.22803892272918824
8.11163 0.22830709113894956
8.11284 0.22855610466229936
8.11405 0.22882427307206069
8.11525 0.2290732865954105
8.11646 0.22932230011876029
8.11767 0.22957131364211011
8.11888 0.22982032716545994
8.12008 0.23006934068880971
8.12129 0.23031835421215954
8.1225 0.23056736773550934
8.1237 0.2308355361452707
8.12491 0.23108454966862046
8.12612 0.2313527180783818
8.12732 0.23162088648814314
8.12853 0.23188905489790448
8.12974 0.2321572233076658
8.13094 0.23242539171742713
8.13215 0.2327127150136
8.13336 0.23298088342336132
8.13456 0.23326820671953416
8.13577 0.233555530015707
8.13698 0.23382369842546835
8.13818 0.2341110217216412
8.13939 0.23437919013140252
8.1406 0.23466651342757539
8.1418 0.2349346818373367
8.14301 0.23520285024709806
8.14422 0.23547101865685938
8.14543 0.23575834195303222
8.14663 0.23602651036279357
8.14784 0.2363138336589664
8.14905 0.23658200206872773
8.15025 0.2368693253649006
8.15146 0.23713749377466192
8.15267 0.2374248170708348
8.15387 0.23773129525341916
8.15508 0.238018618549592
8.15629 0.23830594184576487
8.15749 0.23861242002834926
8.1587 0.23891889821093362
8.15991 0.2392062215071065
8.16111 0.23951269968969088
8.16232 0.23981917787227525
8.16353 0.2401256560548596
8.16473 0.24043213423744397
8.16594 0.24071945753361684
8.16715 0.2410259357162012
8.16835 0.24133241389878557
8.16956 0.24163889208137
8.17077 0.24194537026395435
8.17198 0.24225184844653871
8.17318 0.24257748151553463
8.17439 0.242883959698119
8.1756 0.2432095927671149
8.1768 0.24351607094969926
8.17801 0.24384170401869518
8.17922 0.24418649197410264
8.18042 0.24451212504309852
8.18163 0.24485691299850593
8.18284 0.24518254606750184
8.18404 0.24552733402290924
8.18525 0.24587212197831668
8.18646 0.2461977550473126
8.18766 0.24654254300272
8.18887 0.24688733095812745
8.19008 0.24721296402712334
8.19128 0.24755775198253074
8.19249 0.24788338505152666
8.1937 0.24820901812052257
8.1949 0.24853465118951848
8.19611 0.24886028425851436
8.19732 0.24918591732751028
8.19853 0.24951155039650613
8.19973 0.24983718346550204
8.20094 0.2501819714209095
8.20215 0.2505076044899054
8.20335 0.2508332375589013
8.20456 0.25117802551430873
8.20577 0.25154196835612763
8.20697 0.2518867563115351
8.20818 0.252250699153354
8.20939 0.252614641995173
8.21059 0.2529785848369919
8.2118 0.2533425276788109
8.21301 0.25372562540704136
8.21421 0.25410872313527183
8.21542 0.2544726659770908
8.21663 0.25485576370532126
8.21783 0.2552197065471402
8.21904 0.2555836493889591
8.22025 0.25594759223077806
8.22145 0.25633068995900854
8.22266 0.2566946328008275
8.22387 0.2570585756426465
8.22508 0.2574225184844654
8.22628 0.25778646132628436
8.22749 0.25816955905451483
8.2287 0.2585335018963338
8.2299 0.25891659962456426
8.23111 0.25931885223920625
8.23232 0.25970194996743673
8.23352 0.26010420258207867
8.23473 0.2605064551967207
8.23594 0.2609087078113627
8.23714 0.2613301153124162
8.23835 0.2617515228134697
8.23956 0.2621729303145232
8.24076 0.2626134927019883
8.24197 0.26305405508945334
8.24318 0.26347546259050686
8.24438 0.2639160249779719
8.24559 0.26435658736543693
8.2468 0.264797149752902
8.248 0.26523771214036707
8.24921 0.26567827452783205
8.25042 0.2661188369152971
8.25163 0.2665593993027622
8.25283 0.26699996169022716
8.25404 0.2674405240776922
8.25525 0.2678619315787457
8.25645 0.2683024939662108
8.25766 0.26874305635367585
8.25887 0.26916446385472936
8.26007 0.2696050262421944
8.26128 0.27004558862965944
8.26249 0.2704861510171245
8.26369 0.27092671340458957
8.2649 0.2713864306784661
8.26611 0.27182699306593117
8.26731 0.2722867103398077
8.26852 0.27274642761368423
8.26973 0.27322529977397236
8.27093 0.27370417193426044
8.27214 0.2741830440945485
8.27335 0.2746619162548366
8.27455 0.27515994330153626
8.27576 0.27563881546182434
8.27697 0.2761176876221124
8.27818 0.2766157146688121
8.27938 0.27709458682910015
8.28059 0.2775926138757997
8.2818 0.27807148603608783
8.283 0.27856951308278743
8.28421 0.2790483852430755
8.28542 0.2795464122897751
8.28662 0.2800252844500632
8.28783 0.2805041566103513
8.28904 0.28100218365705093
8.29024 0.281481055817339
8.29145 0.28197908286403867
8.29266 0.28245795502432675
8.29386 0.2829559820710263
8.29507 0.28345400911772595
8.29628 0.2839520361644256
8.29748 0.28445006321112515
8.29869 0.2849672451442363
8.2999 0.2854652721909359
8.3011 0.28598245412404705
8.30231 0.2864996360571582
8.30352 0.28703597287668087
8.30473 0.287553154809792
8.30593 0.2880894916293147
8.30714 0.28862582844883733
8.30835 0.28916216526835997
8.30955 0.28969850208788267
8.31076 0.29025399379381683
8.31197 0.290809485499751
8.31317 0.29136497720568516
8.31438 0.2919204689116194
8.31559 0.29249511550396506
8.31679 0.2930506072098992
8.318 0.29360609891583345
8.31921 0.29418074550817913
8.32041 0.29473623721411335
8.32162 0.2952917289200475
8.32283 0.2958663755123932
8.32403 0.2964218672183274
8.32524 0.29697735892426164
8.32645 0.2975136957437843
8.32766 0.29806918744971844
8.32886 0.29862467915565266
8.33007 0.2991610159751753
8.33128 0.29969735279469795
8.33248 0.3002336896142206
8.33369 0.30075087154733177
8.3349 0.3012872083668544
8.3361 0.3018427000727886
8.33731 0.30237903689231127
8.33852 0.3029153737118339
8.33972 0.3034708654177681
8.34093 0.3040072022372907
8.34214 0.30456269394322494
8.34334 0.3051373405355706
8.34455 0.30569283224150484
8.34576 0.3062674788338505
8.34696 0.30684212542619627
8.34817 0.30741677201854195
8.34938 0.30799141861088764
8.35058 0.3085660652032334
8.35179 0.30914071179557906
8.353 0.3097153583879248
8.35421 0.3102900049802705
8.35541 0.31086465157261617
8.35662 0.3114201432785504
8.35783 0.31199478987089607
8.35903 0.3125502815768303
8.36024 0.31310577328276445
8.36145 0.3136612649886987
8.36265 0.31423591158104436
8.36386 0.3147914032869786
8.36507 0.31536604987932426
8.36627 0.3159215415852584
8.36748 0.3164961881776041
8.36869 0.31707083476994985
8.36989 0.31764548136229553
8.3711 0.3182201279546413
8.37231 0.3188139294333985
8.37351 0.31938857602574416
8.37472 0.3199823775045014
8.37593 0.3205761789832587
8.37713 0.32115082557560437
8.37834 0.3217446270543616
8.37955 0.32233842853311884
8.38076 0.32293223001187604
8.38196 0.3235068766042218
8.38317 0.324100678082979
8.38438 0.32467532467532473
8.38558 0.3252499712676704
8.38679 0.3258054629736046
8.388 0.3263801095659503
8.3892 0.3269356012718845
8.39041 0.32751024786423016
8.39162 0.3280657395701644
8.39282 0.328602076389687
8.39403 0.3291575680956212
8.39524 0.3296939049151439
8.39644 0.33024939662107805
8.39765 0.3308048883270122
8.39886 0.33136038003294643
8.40006 0.3319158717388806
8.40127 0.33245220855840324
8.40248 0.3330268551507489
8.40368 0.33358234685668314
8.40489 0.33413783856261736
8.4061 0.33471248515496305
8.40731 0.3352871317473088
8.40851 0.33586177833965447
8.40972 0.33643642493200016
8.41093 0.3369919166379344
8.41213 0.33754740834386854
8.41334 0.3381029000498027
8.41455 0.3386583917557369
8.41575 0.33919472857525956
8.41696 0.3397502202811937
8.41817 0.34026740221430485
8.41937 0.34080373903382755
8.42058 0.34132092096693867
8.42179 0.34183810290004985
8.42299 0.34235528483316097
8.4242 0.3428724667662721
8.42541 0.34340880358579473
8.42661 0.34392598551890585
8.42782 0.34446232233842855
8.42903 0.3449795042715397
8.43023 0.34551584109106237
8.43144 0.3460330230241735
8.43265 0.3465693598436962
8.43386 0.34710569666321883
8.43506 0.3476420334827415
8.43627 0.3481592154158526
8.43748 0.34863808757614073
8.43868 0.3491169597364288
8.43989 0.3495958318967169
8.4411 0.35003639428418193
8.4423 0.35045780178523545
8.44351 0.35086005439987744
8.44472 0.3512048423552849
8.44592 0.35151132053786927
8.44713 0.35177948894763056
8.44834 0.3520093475845688
8.44954 0.3522200513350956
8.45075 0.35241160019921086
8.45196 0.3525456844040915
8.45316 0.35264145883614917
8.45437 0.3526989234953837
8.45558 0.35275638815461824
8.45678 0.3528138528138528
8.45799 0.3529096272459104
8.4592 0.3530245565643796
8.46041 0.3531394858828487
8.46161 0.3532735700877294
8.46282 0.3534651189518446
8.46403 0.35369497758878293
8.46523 0.3540397655441903
8.46644 0.35444201815883236
8.46765 0.35492089031912044
8.46885 0.35545722713864314
8.47006 0.3560510286174003
8.47127 0.3567022947553921
8.47247 0.3574110255526185
8.47368 0.3581772210090794
8.47489 0.3590200360111865
8.47609 0.35990116078611656
8.4773 0.36080144044745815
8.47851 0.36172087499521133
8.47971 0.3626211546565529
8.48092 0.3635788989771291
8.48213 0.3645366432977053
8.48333 0.3655135425046929
8.48454 0.36647128682526914
8.48575 0.36740987625943383
8.48696 0.36834846569359847
8.48816 0.3692870551277631
8.48937 0.3702064896755162
8.49058 0.3711067693368578
8.49178 0.3720070489981995
8.49299 0.37286901888671803
8.4942 0.3737309887752366
8.4954 0.3745546488909321
8.49661 0.3753591541202161
8.49782 0.3761636593495001
8.49902 0.37694900969237255
8.50023 0.3777152051488335
8.50144 0.37846224571888293
8.50264 0.37917097651610926
8.50385 0.37989886219974717
8.50506 0.38058843811056203
8.50626 0.3812780140213769
8.50747 0.3819675899321917
8.50868 0.38263801095659505
8.50988 0.3833084319809984
8.51109 0.38395969811899017
8.5123 0.384610964256982
8.51351 0.38524307550856224
8.51471 0.38589434164655406
8.51592 0.3865456077845459
8.51713 0.38717771903612613
8.51833 0.38780983028770644
8.51954 0.38846109642569826
8.52075 0.3890932076772785
8.52195 0.38974447381527033
8.52316 0.3903765850668506
8.52437 0.39102785120484235
8.52557 0.39167911734283417
8.52678 0.3923112285944144
8.52799 0.39296249473240624
8.52919 0.39361376087039807
8.5304 0.39424587212197837
8.53161 0.39489713825997014
8.53281 0.39552924951155044
8.53402 0.39618051564954226
8.53523 0.396793472014711
8.53644 0.39742558326629124
8.53764 0.39803853963146
8.53885 0.39865149599662875
8.54006 0.3992644523617975
8.54126 0.39989656361337783
8.54247 0.40050951997854656
8.54368 0.40112247634371534
8.54488 0.40173543270888407
8.54609 0.4023675439604643
8.5473 0.4029805003256331
8.5485 0.4035934566908018
8.54971 0.4042255679423821
8.55092 0.40485767919396237
8.55212 0.4054897904455427
8.55333 0.4061219016971229
8.55454 0.4067540129487033
8.55574 0.407366969313872
8.55695 0.4079799256790408
8.55816 0.40857372715779794
8.55936 0.4091675286365552
8.56057 0.40976133011531246
8.56178 0.41035513159406967
8.56299 0.41092977818641535
8.56419 0.4115044247787611
8.5654 0.41205991648469525
8.56661 0.4126154081906294
8.56781 0.4131517450101521
8.56902 0.41370723671608634
8.57023 0.414243573535609
8.57143 0.41479906524154314
8.57264 0.4153354020610658
8.57385 0.4158717388805885
8.57505 0.4164080757001111
8.57626 0.41694441251963377
8.57747 0.41749990422556793
8.57867 0.41803624104509063
8.57988 0.41857257786461327
8.58109 0.4191280695705475
8.58229 0.41966440639007013
8.5835 0.42020074320959283
8.58471 0.4207370800291155
8.58591 0.42127341684863806
8.58712 0.42180975366816076
8.58833 0.4223460904876834
8.58954 0.4228824273072061
8.59074 0.4233996092403172
8.59195 0.42393594605983986
8.59316 0.4244339731065395
8.59436 0.42495115503965064
8.59557 0.4254683369727618
8.59678 0.42596636401946136
8.59798 0.426464391066161
8.59919 0.42696241811286056
8.6004 0.4274604451595602
8.6016 0.4279584722062599
8.60281 0.4284564992529594
8.60402 0.4289353714132475
8.60522 0.42943339845994716
8.60643 0.42991227062023524
8.60764 0.4303719878941118
8.60884 0.4308508600543999
8.61005 0.43132973221468796
8.61126 0.43178944948856457
8.61246 0.4322300118760296
8.61367 0.43267057426349464
8.61488 0.43309198176454816
8.61609 0.4335133892656017
8.61729 0.4339156418802437
8.6185 0.43431789449488567
8.61971 0.43470099222311614
8.62091 0.4350840899513466
8.62212 0.43546718767957704
8.62333 0.43583113052139605
8.62453 0.4361759184768034
8.62574 0.4365398613186224
8.62695 0.43690380416044133
8.62815 0.43726774700226034
8.62936 0.43763168984407924
8.63057 0.4379764777994867
8.63177 0.4383404206413056
8.63298 0.4387043634831246
8.63419 0.439049151438532
8.63539 0.4394130942803509
8.6366 0.4397578822357584
8.63781 0.4401218250775773
8.63901 0.44046661303298473
8.64022 0.44081140098839217
8.64143 0.4411370340573881
8.64264 0.4414435122399724
8.64384 0.4417499904225568
8.64505 0.4420373137187297
8.64626 0.442305482128491
8.64746 0.44257365053825237
8.64867 0.44282266406160214
8.64988 0.4430716775849519
8.65108 0.4432823813354787
8.65229 0.4434930850860055
8.6535 0.4437037888365323
8.6547 0.4438953377006475
8.65591 0.4440677316783512
8.65712 0.4442592805424664
8.65832 0.44443167452017013
8.65953 0.4445849136114623
8.66074 0.44475730758916604
8.66194 0.4448913917940467
8.66315 0.44504463088533885
8.66436 0.445197869976631
8.66556 0.4453319541815117
8.66677 0.44546603838639237
8.66798 0.4456001225912731
8.66919 0.4457150519097422
8.67039 0.4458299812282114
8.6716 0.44594491054668045
8.67281 0.44605983986514963
8.67401 0.44615561429720724
8.67522 0.4462513887292649
8.67643 0.44636631804773397
8.67763 0.44646209247979163
8.67884 0.44655786691184923
8.68005 0.44665364134390684
8.68125 0.44674941577596444
8.68246 0.44684519020802205
8.68367 0.44696011952649123
8.68487 0.44707504884496035
8.68608 0.44720913304984106
8.68729 0.4473623721411332
8.68849 0.44751561123242545
8.6897 0.4476688503237176
8.69091 0.4478603991878328
8.69211 0.44807110293835956
8.69332 0.44828180668888634
8.69453 0.44853082021223617
8.69574 0.4487989886219975
8.69694 0.44906715703175887
8.69815 0.4493544803279317
8.69936 0.44964180362410455
8.70056 0.4499482818066889
8.70177 0.4502547599892733
8.70298 0.4505803930582692
8.70418 0.4509251810136766
8.70539 0.45125081408267254
8.7066 0.4515572922652569
8.7078 0.45188292533425284
8.70901 0.45217024863042565
8.71022 0.45247672681301004
8.71142 0.45278320499559443
8.71263 0.45307052829176725
8.71384 0.4533578515879401
8.71504 0.453645174884113
8.71625 0.4539324981802858
8.71746 0.45420066659004715
8.71866 0.4544688349998085
8.71987 0.45475615829598137
8.72108 0.4550434815921542
8.72229 0.4553499597747385
8.72349 0.45565643795732297
8.7247 0.4559629161399073
8.72591 0.4562885492089032
8.72711 0.45663333716431065
8.72832 0.45695897023330656
8.72953 0.457303758188714
8.73073 0.45764854614412137
8.73194 0.4580124889859403
8.73315 0.45835727694134776
8.73435 0.4587212197831667
8.73556 0.45906600773857414
8.73677 0.45939164080757
8.73797 0.45969811899015445
8.73918 0.46002375205915036
8.74039 0.4603110753553232
8.74159 0.4606175535379075
8.7428 0.4609048768340804
8.74401 0.4611922001302533
8.74522 0.4614603685400146
8.74642 0.4617093820633644
8.74763 0.4619583955867142
8.74884 0.46222656399647555
8.75004 0.4624755775198253
8.75125 0.46274374592958667
8.75246 0.46301191433934796
8.75366 0.4632800827491093
8.75487 0.4635674060452822
8.75608 0.46383557445504353
8.75728 0.46412289775121635
8.75849 0.46442937593380074
8.7597 0.4647358541163851
8.7609 0.46504233229896946
8.76211 0.4653679653679654
8.76332 0.4656935984369613
8.76452 0.4660192315059572
8.76573 0.4663448645749531
8.76694 0.466670497643949
8.76814 0.4669961307129449
8.76935 0.4673409186683523
8.77056 0.46768570662375974
8.77177 0.46801133969275566
8.77297 0.4683561276481631
8.77418 0.468681760717159
8.77539 0.4690073937861549
8.77659 0.4693521817415623
8.7778 0.4696778148105582
8.77901 0.4700034478795541
8.78021 0.4703482358349615
8.78142 0.470693023790369
8.78263 0.47103781174577636
8.78383 0.4713825997011838
8.78504 0.4717273876565912
8.78625 0.47207217561199866
8.78745 0.4724361184538176
8.78866 0.4728192161820481
8.78987 0.47318315902386704
8.79107 0.4735662567520975
8.79228 0.47396850936673945
8.79349 0.47435160709496993
8.79469 0.4747538597096119
8.7959 0.475156112324254
8.79711 0.47553921005248445
8.79832 0.4759414626671264
8.79952 0.47634371528176844
8.80073 0.4767459678964104
8.80194 0.4771673753974639
8.80314 0.47756962801210595
8.80435 0.47799103551315947
8.80556 0.4783932881278014
8.80676 0.4788146956288549
8.80797 0.4792361031299085
8.80918 0.479657510630962
8.81038 0.4801172279048385
8.81159 0.48057694517871513
8.8128 0.48103666245259175
8.814 0.4815346894992913
8.81521 0.4820327165459909
8.81642 0.48253074359269055
8.81762 0.48306708041221325
8.81883 0.4836034172317359
8.82004 0.4841780638240815
8.82124 0.4847527104164273
8.82245 0.48534651189518446
8.82366 0.4859403133739418
8.82487 0.4865532697391105
8.82607 0.4871470712178677
8.82728 0.48777918246944796
8.82849 0.4883921388346167
8.82969 0.48902425008619704
8.8309 0.48965636133777735
8.83211 0.4902884725893576
8.83331 0.4909205838409379
8.83452 0.49155269509251814
8.83573 0.49216565145768687
8.83693 0.4927977627092672
8.83814 0.4934298739608474
8.83935 0.4940619852124277
8.84055 0.49469409646400797
8.84176 0.4953262077155883
8.84297 0.49597747385358004
8.84417 0.49660958510516034
8.84538 0.49726085124315217
8.84659 0.497912117381144
8.84779 0.49858253840554734
8.849 0.49925295942995057
8.85021 0.4999233804543539
8.85142 0.5006129563651688
8.85262 0.5013025322759836
8.85383 0.5019921081867985
8.85504 0.5026816840976134
8.85624 0.5033904148948397
8.85745 0.5040991456920662
8.85866 0.504827031375704
8.85986 0.5055549170593419
8.86107 0.5062828027429798
8.86228 0.5069915335402062
8.86348 0.5077194192238441
8.86469 0.5084281500210704
8.8659 0.5091560357047082
8.8671 0.5098647665019347
8.86831 0.510573497299161
8.86952 0.5112822280963873
8.87072 0.5119718040072023
8.87193 0.5126422250316055
8.87314 0.5133126460560089
8.87434 0.5139639121940007
8.87555 0.5146151783319926
8.87676 0.5152664444699844
8.87797 0.515879400835153
8.87917 0.5164923572003218
8.88038 0.5171053135654905
8.88159 0.5176991150442478
8.88279 0.5182737616365934
8.884 0.5188484082289392
8.88521 0.5194038999348735
8.88641 0.5199402367543962
8.88762 0.5204765735739187
8.88883 0.5210129103934414
8.89003 0.5215300923265526
8.89124 0.5220281193732521
8.89245 0.5225069915335403
8.89365 0.5229667088074168
8.89486 0.5234264260812934
8.89607 0.5238478335823469
8.89727 0.5242692410834005
8.89848 0.5246714936980423
8.89969 0.5250354365398614
8.90089 0.5253802244952688
8.9021 0.5257058575642647
8.90331 0.525974025974026
8.90452 0.5262421943837873
8.90572 0.5264720530207256
8.90693 0.5266827567712523
8.90814 0.5268743056353676
8.90934 0.5270466996130714
8.91055 0.5271616289315405
8.91176 0.5272765582500096
8.91296 0.5273531777956557
8.91417 0.5274106424548902
8.91538 0.5274681071141248
8.91658 0.5275255717733593
8.91779 0.5275638815461825
8.919 0.527583036432594
8.9202 0.5276021913190055
8.92141 0.5276021913190055
8.92262 0.5276021913190055
8.92382 0.527583036432594
8.92503 0.527583036432594
8.92624 0.527583036432594
8.92744 0.5275638815461825
8.92865 0.5275447266597709
8.92986 0.527506416886948
8.93107 0.5274681071141248
8.93227 0.5274297973413018
8.93348 0.5273723326820673
8.93469 0.5273148680228326
8.93589 0.527257403363598
8.9371 0.5271807838179521
8.93831 0.5271041642723059
8.93951 0.5270275447266598
8.94072 0.5269509251810137
8.94193 0.5268743056353676
8.94313 0.52677853120331
8.94434 0.5267019116576639
8.94555 0.5266252921120178
8.94675 0.5265678274527832
8.94796 0.5265103627935487
8.94917 0.5264720530207256
8.95037 0.5264337432479026
8.95158 0.5263954334750796
8.95279 0.5263954334750796
8.954 0.526376278588668
8.9552 0.5263954334750796
8.95641 0.5263954334750796
8.95762 0.5264337432479026
8.95882 0.5264720530207256
8.96003 0.5265103627935487
8.96124 0.5265678274527832
8.96244 0.5266444469984294
8.96365 0.5267210665440755
8.96486 0.5267976860897214
8.96606 0.5269126154081907
8.96727 0.5270083898402482
8.96848 0.5271424740451289
8.96968 0.5272765582500096
8.97089 0.5274297973413018
8.9721 0.527621346205417
8.9733 0.5278128950695323
8.97451 0.5280044439336475
8.97572 0.5282343025705858
8.97692 0.5284641612075242
8.97813 0.5287131747308739
8.97934 0.5289813431406353
8.98055 0.5292495115503966
8.98175 0.5295559897329809
8.98296 0.5298433130291538
8.98417 0.5301689460981497
8.98537 0.5304754242807341
8.98658 0.53080105734973
8.98779 0.5311458453051373
8.98899 0.5314714783741332
8.9902 0.5318162663295407
8.99141 0.5321802091713597
8.99261 0.5325441520131786
8.99382 0.5329272497414091
8.99503 0.5333103474696396
8.99623 0.53369344519787
8.99744 0.5340956978125121
8.99865 0.534497950427154
8.99985 0.5349385128146191
9.00106 0.5353599203156726
9.00227 0.5358196375895491
9.00347 0.5362985097498373
9.00468 0.5367773819101253
9.00589 0.5372754089568249
9.0071 0.5377734360035246
9.0083 0.5382906179366357
9.00951 0.5388077998697468
9.01072 0.5393249818028579
9.01192 0.5398804735087921
9.01313 0.5404168103283148
9.01434 0.540972302034249
9.01554 0.5415277937401832
9.01675 0.5421024403325289
9.01796 0.5426770869248746
9.01916 0.5432517335172202
9.02037 0.5438455349959775
9.02158 0.5444393364747347
9.02278 0.5450522928399035
9.02399 0.5456652492050723
9.0252 0.5462973604566526
9.0264 0.5469294717082328
9.02761 0.5475807378462246
9.02882 0.5482511588706279
9.03002 0.5489215798950312
9.03123 0.5496111558058462
9.03244 0.5503007317166609
9.03365 0.5510094625138874
9.03485 0.5517373481975253
9.03606 0.5524843887675747
9.03727 0.5532314293376241
9.03847 0.553997624794085
9.03968 0.5547638202505459
9.04089 0.5555300157070069
9.04209 0.5562962111634678
9.0433 0.5570815615063403
9.04451 0.5578860667356244
9.04571 0.5586905719649082
9.04692 0.5594950771941923
9.04813 0.5602995824234762
9.04933 0.5611232425391718
9.05054 0.5619277477684558
9.05175 0.5627705627705628
9.05295 0.5635942228862583
9.05416 0.5644370378883653
9.05537 0.5652798528904723
9.05657 0.5661418227789909
9.05778 0.5670037926675096
9.05899 0.5678849174424396
9.0602 0.5687660422173697
9.0614 0.5696471669922998
9.06261 0.5705474466536414
9.06382 0.571447726314983
9.06502 0.5723480059763246
9.06623 0.5732482856376662
9.06744 0.5741677201854194
9.06864 0.5750871547331725
9.06985 0.5760065892809255
9.07106 0.5769260238286787
9.07226 0.5778454583764319
9.07347 0.578764892924185
9.07468 0.5796843274719381
9.07588 0.5805846071332798
9.07709 0.5815040416810329
9.0783 0.582423476228786
9.0795 0.5833429107765391
9.08071 0.5842431904378808
9.08192 0.5851626249856339
9.08312 0.5860629046469755
9.08433 0.5869823391947286
9.08554 0.5878826188560703
9.08675 0.5888020534038233
9.08795 0.5897214879515764
9.08916 0.5906217676129181
9.09037 0.5915412021606712
9.09157 0.5924414818220128
9.09278 0.593360916369766
9.09399 0.5942803509175192
9.09519 0.5951997854652722
9.0964 0.5961192200130253
9.09761 0.5970386545607785
9.09881 0.5979580891085317
9.10002 0.5988966785426962
9.10123 0.5998352679768609
9.10243 0.6007738574110255
9.10364 0.6017124468451903
9.10485 0.6026510362793549
9.10605 0.6035896257135196
9.10726 0.6045473700340958
9.10847 0.6055051143546719
9.10967 0.6064628586752481
9.11088 0.6074206029958242
9.11209 0.6083591924299889
9.1133 0.6092977818641535
9.1145 0.6102172164119067
9.11571 0.6111558058460714
9.11692 0.6120752403938244
9.11812 0.6129946749415777
9.11933 0.6138949546029192
9.12054 0.6147760793778494
9.12174 0.6156572041527794
9.12295 0.616519174041298
9.12416 0.617361989043405
9.12536 0.6182048040455121
9.12657 0.6190284641612076
9.12778 0.6198712791633146
9.12898 0.6206949392790101
9.13019 0.6214994445082942
9.1314 0.6223039497375781
9.1326 0.6230893000804506
9.13381 0.6238938053097346
9.13502 0.624679155652607
9.13622 0.625483660881891
9.13743 0.6262690112247635
9.13864 0.6270735164540474
9.13985 0.6278780216833315
9.14105 0.6286633720262039
9.14226 0.6294487223690765
9.14347 0.6302340727119489
9.14467 0.6310194230548213
9.14588 0.6317856185112823
9.14709 0.6325709688541546
9.14829 0.6333371643106157
9.1495 0.6341033597670767
9.15071 0.634850400337126
9.15191 0.6355974409071755
9.15312 0.6363253265908133
9.15433 0.6370532122744512
9.15553 0.6377619430716777
9.15674 0.638470673868904
9.15795 0.6391794046661303
9.15915 0.6398689805769452
9.16036 0.6405585564877601
9.16157 0.6412481323985749
9.16278 0.6419185534229782
9.16398 0.6426081293337931
9.16519 0.6432785503581965
9.1664 0.6439489713825997
9.1676 0.6446193924070031
9.16881 0.6452898134314065
9.17002 0.6459793893422212
9.17122 0.6466689652530361
9.17243 0.6473585411638509
9.17364 0.6480289621882542
9.17484 0.6487185380990692
9.17605 0.649408114009884
9.17726 0.6500976899206988
9.17846 0.6507681109451021
9.17967 0.651457686855917
9.18088 0.6521472627667319
9.18208 0.6528368386775467
9.18329 0.65350725970195
9.1845 0.6541585258399417
9.1857 0.6548097919779335
9.18691 0.6554419032295139
9.18812 0.6560740144810941
9.18933 0.6566869708462629
9.19053 0.6572999272114317
9.19174 0.6578937286901889
9.19295 0.6584492203961231
9.19415 0.6590047121020572
9.19536 0.6595602038079915
9.19657 0.6600773857411026
9.19777 0.6605945676742138
9.19898 0.6610925947209133
9.20019 0.661590621767613
9.20139 0.662069493927901
9.2026 0.6625483660881891
9.20381 0.6630080833620657
9.20501 0.6634678006359422
9.20622 0.6639083630234074
9.20743 0.6643680802972839
9.20863 0.6648086426847489
9.20984 0.665249205072214
9.21105 0.665689767459679
9.21225 0.666130329847144
9.21346 0.6665708922346091
9.21467 0.6669922997356627
9.21588 0.6674137072367161
9.21708 0.6678542696241813
9.21829 0.6682565222388231
9.2195 0.6686779297398767
9.2207 0.6690993372409302
9.22191 0.6695015898555722
9.22312 0.6699038424702142
9.22432 0.6703060950848562
9.22553 0.6706891928130867
9.22674 0.6710531356549055
9.22794 0.671397923610313
9.22915 0.6717427115657204
9.23036 0.6720874995211279
9.23156 0.6724131325901238
9.23277 0.6727387656591197
9.23398 0.6730643987281156
9.23518 0.6733900317971114
9.23639 0.6736965099796959
9.2376 0.6739838332758687
9.2388 0.6742903114584531
9.24001 0.6745967896410374
9.24122 0.6749032678236219
9.24243 0.6752480557790292
9.24363 0.6755928437344367
9.24484 0.6759376316898442
9.24605 0.6763015745316631
9.24725 0.6766846722598935
9.24846 0.677067769988124
9.24967 0.677470022602766
9.25087 0.677910584990231
9.25208 0.6783703022641077
9.25329 0.6788491744243957
9.25449 0.6793280465846838
9.2557 0.6798452285177949
9.25691 0.6803624104509061
9.25811 0.6808795923840172
9.25932 0.6814159292035399
9.26053 0.681971420909474
9.26173 0.6825269126154083
9.26294 0.683101559207754
9.26415 0.6836762058000997
9.26535 0.6842700072788569
9.26656 0.6848254989847911
9.26777 0.6854001455771368
9.26898 0.685955637283071
9.27018 0.6865302838754167
9.27139 0.6870857755813509
9.2726 0.687641267287285
9.2738 0.6881967589932192
9.27501 0.6887522506991534
9.27622 0.6893077424050876
9.27742 0.6898440792246102
9.27863 0.6903804160441329
9.27984 0.6909167528636556
9.28104 0.6914722445695897
9.28225 0.6920085813891124
9.28346 0.6925832279814581
9.28466 0.6931387196873924
9.28587 0.693713366279738
9.28708 0.6942880128720837
9.28828 0.694881814350841
9.28949 0.6954756158295982
9.2907 0.6960694173083554
9.2919 0.6966823736735241
9.29311 0.6972953300386929
9.29432 0.6979274412902732
9.29553 0.6985595525418535
9.29673 0.6992108186798454
9.29794 0.6998620848178371
9.29915 0.7005325058422404
9.30035 0.7011837719802322
9.30156 0.7018541930046356
9.30277 0.7025437689154503
9.30397 0.7032333448262652
9.30518 0.7039229207370801
9.30639 0.7046124966478949
9.30759 0.7053020725587097
9.3088 0.7059916484695247
9.31001 0.7066812243803394
9.31121 0.7073899551775659
9.31242 0.7080795310883806
9.31363 0.7087691069991956
9.31483 0.7094586829100104
9.31604 0.7101482588208252
9.31725 0.7108186798452285
9.31845 0.7114699459832203
9.31966 0.7121212121212122
9.32087 0.712772478259204
9.32208 0.7134045895107842
9.32328 0.7140367007623645
9.32449 0.7146496571275333
9.3257 0.715262613492702
9.3269 0.7158755698578708
9.32811 0.716469371336628
9.32932 0.7170631728153852
9.33052 0.7176569742941424
9.33173 0.7182316208864882
9.33294 0.7188254223652454
9.33414 0.7194000689575911
9.33535 0.7199938704363483
9.33656 0.7205685170286941
9.33776 0.7211623185074513
9.33897 0.721736965099797
9.34018 0.7223307665785542
9.34138 0.7229054131709
9.34259 0.7234800597632456
9.3438 0.7240547063555913
9.345 0.7246293529479371
9.34621 0.7252039995402828
9.34742 0.7257786461326285
9.34863 0.7263341378385627
9.34983 0.7268896295444968
9.35104 0.727445121250431
9.35225 0.7280006129563652
9.35345 0.7285369497758879
9.35466 0.7290732865954106
9.35587 0.7296096234149332
9.35707 0.7301459602344559
9.35828 0.730663142167567
9.35949 0.7311994789870897
9.36069 0.7317358158066123
9.3619 0.7322529977397234
9.36311 0.7327701796728345
9.36431 0.7333065164923572
9.36552 0.7338236984254684
9.36673 0.734360035244991
9.36793 0.7348963720645137
9.36914 0.7354518637704479
9.37035 0.7360073554763821
9.37155 0.7365628471823162
9.37276 0.7371183388882504
9.37397 0.7376929854805961
9.37518 0.7382484771865303
9.37638 0.7388039688924645
9.37759 0.7393786154848102
9.3788 0.7399532620771558
9.38 0.7405087537830901
9.38121 0.7410834003754359
9.38242 0.74163889208137
9.38362 0.7421943837873042
9.38483 0.7427307206068268
9.38604 0.7432670574263495
9.38724 0.7437842393594606
9.38845 0.7443014212925718
9.38966 0.7447994483392714
9.39086 0.745297475385971
9.39207 0.7457955024326706
9.39328 0.7462743745929588
9.39448 0.7467340918668353
9.39569 0.7471938091407118
9.3969 0.7476535264145884
9.39811 0.7480940888020534
9.39931 0.74855380607593
9.40052 0.7489943684633951
9.40173 0.7494540857372716
9.40293 0.7499138030111482
9.40414 0.7503543653986132
9.40535 0.7508140826724897
9.40655 0.7512737999463663
9.40776 0.751733517220243
9.40897 0.7521932344941195
9.41017 0.7526721066544076
9.41138 0.7531701337011072
9.41259 0.7536490058613954
9.41379 0.7541661877945065
9.415 0.754664214841206
9.41621 0.7551622418879056
9.41741 0.7556602689346053
9.41862 0.7561582959813049
9.41983 0.7566563230280045
9.42103 0.7571351951882926
9.42224 0.7576332222349922
9.42345 0.7581120943952803
9.42466 0.7585909665555683
9.42586 0.7590698387158565
9.42707 0.759529555989733
9.42828 0.7599892732636095
9.42948 0.7604298356510747
9.43069 0.7608703980385397
9.4319 0.7612918055395932
9.4331 0.7617132130406468
9.43431 0.7621346205417002
9.43552 0.7625751829291653
9.43672 0.7629965904302188
9.43793 0.7634371528176839
9.43914 0.7638777152051488
9.44034 0.7642991227062024
9.44155 0.7647205302072558
9.44276 0.7651610925947209
9.44396 0.7655825000957744
9.44517 0.7660039075968279
9.44638 0.766444469984293
9.44758 0.7668658774853465
9.44879 0.7672872849864001
9.45 0.7677086924874535
9.45121 0.7681109451020957
9.45241 0.7684940428303261
9.45362 0.7688771405585565
9.45483 0.769221928513964
9.45603 0.7695667164693714
9.45724 0.7698923495383673
9.45845 0.7701988277209517
9.45965 0.7705244607899476
9.46086 0.7708117840861204
9.46207 0.7711182622687047
9.46327 0.7713864306784661
9.46448 0.7716545990882274
9.46569 0.7719036126115773
9.46689 0.7721717810213385
9.4681 0.7724207945446884
9.46931 0.7727081178408612
9.47051 0.7729954411370341
9.47172 0.773282764433207
9.47293 0.7735892426157913
9.47413 0.7738957207983757
9.47534 0.7742021989809601
9.47655 0.7745086771635444
9.47776 0.7748343102325403
9.47896 0.7751599433015363
9.48017 0.7754855763705322
9.48138 0.7758303643259395
9.48258 0.776175152281347
9.48379 0.7765199402367544
9.485 0.7768647281921618
9.4862 0.7771903612611577
9.48741 0.7774968394437421
9.48862 0.777784162739915
9.48982 0.7780714860360879
9.49103 0.7783396544458492
9.49224 0.7786078228556105
9.49344 0.7788568363789604
9.49465 0.7790866950158986
9.49586 0.7792973987664253
9.49706 0.7794889476305407
9.49827 0.7796613416082443
9.49948 0.7798145806995366
9.50068 0.7799486649044172
9.50189 0.7800827491092979
9.5031 0.7802168333141786
9.50431 0.7803317626326477
9.50551 0.7804466919511168
9.50672 0.7805424663831745
9.50793 0.780638240815232
9.50913 0.7807148603608781
9.51034 0.7807914799065242
9.51155 0.7808680994521703
9.51275 0.7809638738842279
9.51396 0.7810596483162856
9.51517 0.7811362678619316
9.51637 0.7812320422939892
9.51758 0.7813278167260468
9.51879 0.7814235911581044
9.51999 0.781519365590162
9.5212 0.7816151400222198
9.52241 0.7817300693406888
9.52361 0.7818449986591579
9.52482 0.7819599279776271
9.52603 0.7820940121825078
9.52723 0.782208941500977
9.52844 0.7823430257058577
9.52965 0.7824771099107383
9.53086 0.782611194115619
9.53206 0.7827452783204996
9.53327 0.7828793625253803
9.53448 0.7830134467302609
9.53568 0.7831666858215531
9.53689 0.7833007700264338
9.5381 0.7834348542313144
9.5393 0.7835497835497836
9.54051 0.7836455579818412
9.54172 0.7837413324138989
9.54292 0.7838371068459565
9.54413 0.7839328812780141
9.54534 0.7840095008236602
9.54654 0.7840669654828948
9.54775 0.7841244301421293
9.54896 0.7841627399149524
9.55016 0.7841818948013638
9.55137 0.7841818948013638
9.55258 0.7841818948013638
9.55378 0.7841627399149524
9.55499 0.7841244301421293
9.5562 0.7840861203693062
9.55741 0.7840478105964832
9.55861 0.7840095008236602
9.55982 0.7839328812780141
9.56103 0.7838754166187795
9.56223 0.7837987970731334
9.56344 0.7837030226410758
9.56465 0.7836264030954297
9.56585 0.7835497835497836
9.56706 0.7834731640041375
9.56827 0.7833965444584914
9.56947 0.7833199249128454
9.57068 0.7832241504807876
9.57189 0.7831475309351416
9.57309 0.7830709113894955
9.5743 0.7830134467302609
9.57551 0.7829751369574379
9.57671 0.7829368271846149
9.57792 0.7828985174117918
9.57913 0.7828602076389688
9.58033 0.7828410527525572
9.58154 0.7828410527525572
9.58275 0.7828410527525572
9.58396 0.7828793625253803
9.58516 0.7829176722982033
9.58637 0.7829751369574379
9.58758 0.783051756503084
9.58878 0.7831475309351416
9.58999 0.7832433053671992
9.5912 0.7833582346856683
9.5924 0.783492318890549
9.59361 0.7836455579818412
9.59482 0.783817951959545
9.59602 0.7839903459372486
9.59723 0.7841818948013638
9.59844 0.7843925985518906
9.59964 0.7846033023024174
9.60085 0.784814006052944
9.60206 0.7850247098034709
9.60326 0.7852545684404092
9.60447 0.7854652721909359
9.60568 0.7856951308278742
9.60689 0.7859441443512241
9.60809 0.7861740029881623
9.6093 0.7864230165115121
9.61051 0.7866528751484504
9.61171 0.7869018886718002
9.61292 0.78715090219515
9.61413 0.7873999157184998
9.61533 0.7876489292418497
9.61654 0.7878979427651994
9.61775 0.7881661111749608
9.61895 0.7884534344711336
9.62016 0.7887599126537179
9.62137 0.7890663908363024
9.62257 0.7893920239052983
9.62378 0.7897368118607057
9.62499 0.7900815998161131
9.62619 0.7904455426579321
9.6274 0.7907903306133395
9.62861 0.7911542734551584
9.62981 0.7915373711833888
9.63102 0.7919204689116195
9.63223 0.7923227215262614
9.63344 0.7927058192544918
9.63464 0.7931080718691338
9.63585 0.7935103244837759
9.63706 0.7938934222120063
9.63826 0.7942573650538253
9.63947 0.7946404627820557
9.64068 0.7950044056238748
9.64188 0.7953683484656936
9.64309 0.7957322913075127
9.6443 0.7960962341493315
9.6455 0.7964601769911505
9.64671 0.7968432747193809
9.64792 0.7972072175611999
9.64912 0.7975903152894304
9.65033 0.7979542581312493
9.65154 0.7983373558594797
9.65274 0.7987204535877103
9.65395 0.7991227062023523
9.65516 0.7995441137034058
9.65636 0.7999846760908709
9.65757 0.8004252384783359
9.65878 0.8008849557522124
9.65999 0.801344673026089
9.66119 0.8018235451863771
9.6624 0.8023215722330768
9.66361 0.8028195992797763
9.66481 0.8033367812128874
9.66602 0.8038731180324101
9.66723 0.8044094548519327
9.66843 0.804964946557867
9.66964 0.8055395931502127
9.67085 0.8061142397425584
9.67205 0.8066888863349041
9.67326 0.8072826878136613
9.67447 0.8078764892924186
9.67567 0.8084702907711758
9.67688 0.8090832471363445
9.67809 0.8096962035015133
9.67929 0.8103091598666821
9.6805 0.8109412711182623
9.68171 0.8115733823698427
9.68291 0.8122054936214229
9.68412 0.8128376048730032
9.68533 0.813488871010995
9.68654 0.8141401371489868
9.68774 0.8147914032869786
9.68895 0.8154426694249703
9.69016 0.8160939355629622
9.69136 0.816745201700954
9.69257 0.8173964678389457
9.69378 0.8180477339769375
9.69498 0.8186798452285179
9.69619 0.8193311113665097
9.6974 0.81996322261809
9.6986 0.8206144887560818
9.69981 0.821246600007662
9.70102 0.8218787112592423
9.70222 0.8224916676244111
9.70343 0.8231237788759913
9.70464 0.82373673524116
9.70584 0.8243496916063289
9.70705 0.8249626479714975
9.70826 0.8255947592230779
9.70946 0.8262077155882466
9.71067 0.8268398268398268
9.71188 0.8274719380914072
9.71309 0.8281040493429874
9.71429 0.8287170057081562
9.7155 0.8293682718461479
9.71671 0.8300003830977283
9.71791 0.8306324943493086
9.71912 0.8312837604873003
9.72033 0.8319158717388806
9.72153 0.8325671378768724
9.72274 0.8332184040148642
9.72395 0.8338696701528561
9.72515 0.8345400911772594
9.72636 0.8351913573152512
9.72757 0.835842623453243
9.72877 0.8364747347048233
9.72998 0.837126000842815
9.73119 0.8377772669808068
9.73239 0.8384285331187986
9.7336 0.8390797992567904
9.73481 0.8397310653947823
9.73601 0.8403631766463625
9.73722 0.8410144427843543
9.73843 0.8416657089223462
9.73964 0.842316975060338
9.74084 0.8429490863119182
9.74205 0.84360035244991
9.74326 0.8442516185879018
9.74446 0.8448837298394821
9.74567 0.8455349959774738
9.74688 0.8461862621154657
9.74808 0.8468375282534575
9.74929 0.8474887943914493
9.7505 0.8481400605294411
9.7517 0.848791326667433
9.75291 0.8494425928054248
9.75412 0.8500938589434165
9.75532 0.8507642799678198
9.75653 0.8514155461058116
9.75774 0.852085967130215
9.75894 0.8527563881546183
9.76015 0.8534268091790216
9.76136 0.854097230203425
9.76256 0.8547868061142397
9.76377 0.8554763820250546
9.76498 0.856185112822281
9.76619 0.8568938436195075
9.76739 0.8576025744167338
9.7686 0.8583113052139602
9.76981 0.859039190897598
9.77101 0.8597862314676474
9.77222 0.8605332720376968
9.77343 0.8612803126077463
9.77463 0.8620465080642072
9.77584 0.8628127035206682
9.77705 0.8635788989771291
9.77825 0.8643834042064131
9.77946 0.8651687545492857
9.78067 0.8659732597785695
9.78187 0.8667777650078536
9.78308 0.8675822702371375
9.78429 0.8683867754664215
9.78549 0.8692104355821171
9.7867 0.8700532505842241
9.78791 0.8708769106999196
9.78911 0.8717197257020266
9.79032 0.8725625407041336
9.79153 0.8733862008198291
9.79274 0.8742098609355248
9.79394 0.8750335210512202
9.79515 0.8758571811669157
9.79636 0.8766808412826111
9.79756 0.8774853465118952
9.79877 0.8783090066275907
9.79998 0.8791326667432863
9.80118 0.8799563268589818
9.80239 0.8807608320882657
9.8036 0.8815653373175497
9.8048 0.8823698425468337
9.80601 0.8831743477761177
9.80722 0.8839980078918133
9.80842 0.8848216680075088
9.80963 0.8856453281232043
9.81084 0.8865072980117228
9.81204 0.887388422786653
9.81325 0.8882695475615829
9.81446 0.8891506723365131
9.81567 0.8900701068842662
9.81687 0.8909703865456078
9.81808 0.8919089759797725
9.81929 0.8928475654139371
9.82049 0.8937861548481019
9.8217 0.8947630540550895
9.82291 0.8957399532620772
9.82411 0.8967360073554764
9.82532 0.8977320614488756
9.82653 0.8987281155422748
9.82773 0.8997241696356741
9.82894 0.9007010688426619
9.83015 0.901658813163238
9.83135 0.9026357123702257
9.83256 0.9035934566908018
9.83377 0.904551201011378
9.83497 0.9054897904455427
9.83618 0.9064283798797074
9.83739 0.9073478144274605
9.83859 0.9082480940888021
9.8398 0.9091100639773206
9.84101 0.9099720338658392
9.84222 0.9108148488679463
9.84342 0.9116385089836418
9.84463 0.9124430142129257
9.84584 0.9132475194422098
9.84704 0.9140520246714937
9.84825 0.9148565299007777
9.84946 0.9156418802436502
9.85066 0.9164080757001112
9.85187 0.9171742711565721
9.85308 0.9179213117266216
9.85428 0.9186875071830825
9.85549 0.9194345477531318
9.8567 0.9202007432095928
9.8579 0.9209669386660537
9.85911 0.9217522890089263
9.86032 0.9225184844653871
9.86152 0.9233038348082596
9.86273 0.9240891851511321
9.86394 0.9248745354940046
9.86514 0.9256407309504655
9.86635 0.9264069264069265
9.86756 0.9271922767497989
9.86877 0.9279584722062598
9.86997 0.9287246676627208
9.87118 0.9295100180055933
9.87239 0.9302762134620541
9.87359 0.9310232540321036
9.8748 0.9317894494885646
9.87601 0.9325173351722025
9.87721 0.9332643757422519
9.87842 0.9339731065394783
9.87963 0.9347009922231162
9.88083 0.9354097230203425
9.88204 0.9361184538175689
9.88325 0.9368271846147953
9.88445 0.9375359154120216
9.88566 0.938244646209248
9.88687 0.9389533770064744
9.88807 0.9396621078037007
9.88928 0.9403708386009271
9.89049 0.9410795693981535
9.89169 0.9417883001953798
9.8929 0.9425161858790178
9.89411 0.9432440715626557
9.89532 0.943991112132705
9.89652 0.944757307589166
9.89773 0.945523503045627
9.89894 0.946289698502088
9.90014 0.9470750488449604
9.90135 0.9478603991878328
9.90256 0.9486265946442939
9.90376 0.9494119449871662
9.90497 0.9501781404436273
9.90618 0.9509443359000882
9.90738 0.9517105313565491
9.90859 0.9524767268130101
9.9098 0.9532429222694709
9.911 0.9540091177259319
9.91221 0.9547370034095698
9.91342 0.9554457342067962
9.91462 0.956135310117611
9.91583 0.9568057311420144
9.91704 0.9574761521664178
9.91824 0.958108263417998
9.91945 0.9587403746695782
9.92066 0.959353331034747
9.92187 0.9599662873999159
9.92307 0.960560088878673
9.92428 0.9611538903574303
9.92549 0.9617093820633644
9.92669 0.9622648737692987
9.9279 0.9628203654752329
9.92911 0.9633567022947555
9.93031 0.9638930391142781
9.93152 0.9644102210473893
9.93273 0.9649274029805004
9.93393 0.9654445849136115
9.93514 0.9659426119603111
9.93635 0.9664406390070107
9.93755 0.9669386660537104
9.93876 0.9674175382139985
9.93997 0.9678964103742865
9.94117 0.968356127648163
9.94238 0.9688158449220396
9.94359 0.9692564073095047
9.94479 0.9696778148105581
9.946 0.9700992223116117
9.94721 0.9705206298126652
9.94842 0.9709228824273073
9.94962 0.9713251350419493
9.95083 0.9717082327701798
9.95204 0.9720913304984102
9.95324 0.9724552733402292
9.95445 0.9728192161820481
9.95566 0.973183159023867
9.95686 0.9735279469792745
9.95807 0.9738727349346818
9.95928 0.9741983680036778
9.96048 0.9745240010726737
9.96169 0.9748304792552581
9.9629 0.9751369574378425
9.9641 0.9754242807340152
9.96531 0.9757116040301883
9.96652 0.9759797724399495
9.96772 0.9762287859632994
9.96893 0.9764586446002375
9.97014 0.9766885032371758
9.97134 0.9768800521012913
9.97255 0.9770716009654065
9.97376 0.9772248400566985
9.97497 0.9773780791479907
9.97617 0.9775121633528714
9.97738 0.9776079377849289
9.97859 0.9777037122169866
9.97979 0.9777803317626328
9.981 0.9778377964218673
9.98221 0.9778761061946903
9.98341 0.9778952610811018
9.98462 0.9778952610811018
9.98583 0.9778569513082788
9.98703 0.9778377964218673
9.98824 0.9777803317626328
9.98945 0.9777037122169866
9.99065 0.9776270926713404
9.99186 0.9775313182392829
9.99307 0.9774355438072252
9.99427 0.9773014596023447
9.99548 0.977167375397464
9.99669 0.9770141363061717
9.99789 0.9768417423284681
9.9991 0.9766693483507644
10.00031 0.9764969543730606
10.00152 0.9763054055089454
10.00272 0.9761138566448301
10.00393 0.9758839980078918
10.00514 0.9756732942573652
10.00634 0.9754434356204269
10.00755 0.975194422097077
10.00876 0.9749645634601388
10.00996 0.9747155499367889
10.01117 0.9744473815270275
10.01238 0.9741792131172663
10.01358 0.973911044707505
10.01479 0.9736428762977436
10.016 0.9733555530015707
10.0172 0.973068229705398
10.01841 0.9727617515228134
10.01962 0.9724552733402292
10.02082 0.9721487951576447
10.02203 0.9718231620886488
10.02324 0.9714975290196529
10.02445 0.971171895950657
10.02565 0.9708462628816611
10.02686 0.9705014749262537
10.02807 0.9701566869708464
10.02927 0.9697927441290274
10.03048 0.9694288012872084
10.03169 0.9690648584453895
10.03289 0.968681760717159
10.0341 0.9682986629889285
10.03531 0.9679155652606981
10.03651 0.9675324675324675
10.03772 0.967149369804237
10.03893 0.9667471171895952
10.04013 0.9663448645749532
10.04134 0.9659426119603111
10.04255 0.9655403593456692
10.04375 0.9651189518446157
10.04496 0.9647166992299736
10.04617 0.96429529172892
10.04737 0.9638930391142781
10.04858 0.9634907864996362
10.04979 0.963088533884994
10.051 0.9626671263839405
10.0522 0.9622648737692987
10.05341 0.9618434662682451
10.05462 0.961441213653603
10.05582 0.9610389610389612
10.05703 0.9606558633107306
10.05824 0.9602727655825001
10.05944 0.9599088227406811
10.06065 0.9595448798988624
10.06186 0.9591809370570433
10.06306 0.9588169942152244
10.06427 0.958472206259817
10.06548 0.9581465731908211
10.06668 0.9578209401218252
10.06789 0.9575144619392407
10.0691 0.9572079837566564
10.0703 0.9569398153468951
10.07151 0.9566524920507221
10.07272 0.9563843236409609
10.07392 0.956135310117611
10.07513 0.9558862965942612
10.07634 0.9556372830709114
10.07755 0.9554074244339732
10.07875 0.9551775657970348
10.07996 0.9549668620465082
10.08117 0.9547561582959814
10.08237 0.9545454545454546
10.08358 0.9543539056813394
10.08479 0.9541815117036357
10.08599 0.9539899628395204
10.0872 0.9538367237482283
10.08841 0.9536643297705245
10.08961 0.9535110906792323
10.09082 0.9533578515879401
10.09203 0.9532237673830595
10.09323 0.9531088380645903
10.09444 0.9529939087461212
10.09565 0.9528789794276521
10.09685 0.9528023598820059
10.09806 0.9527257403363598
10.09927 0.9526682756771253
10.10047 0.9526108110178907
10.10168 0.9525916561314791
10.10289 0.9525725012450678
10.1041 0.9525533463586562
10.1053 0.9525725012450678
10.10651 0.9526108110178907
10.10772 0.9526491207907137
10.10892 0.9527257403363598
10.11013 0.9528023598820059
10.11134 0.952917289200475
10.11254 0.9530322185189442
10.11375 0.9531663027238249
10.11496 0.9533195418151171
10.11616 0.9534727809064093
10.11737 0.953645174884113
10.11858 0.9538367237482283
10.11978 0.9540282726123435
10.12099 0.9542581312492818
10.1222 0.9544879898862201
10.1234 0.9547370034095698
10.12461 0.9549860169329196
10.12582 0.9552350304562695
10.12702 0.9554840439796193
10.12823 0.9557522123893806
10.12944 0.9560203807991419
10.13065 0.9563077040953148
10.13185 0.9565950273914876
10.13306 0.9568823506876605
10.13427 0.9571888288702448
10.13547 0.9574953070528291
10.13668 0.9578017852354136
10.13789 0.9581274183044095
10.13909 0.9584530513734054
10.1403 0.9587786844424013
10.14151 0.9591043175113972
10.14271 0.9594491054668045
10.14392 0.9597938934222121
10.14513 0.9601578362640311
10.14633 0.9605026242194384
10.14754 0.9608857219476689
10.14875 0.9612496647894878
10.14995 0.9616327625177182
10.15116 0.9620350151323603
10.15237 0.9624181128605908
10.15357 0.9628203654752329
10.15478 0.9632034632034633
10.15599 0.9635865609316937
10.1572 0.9639505037735128
10.1584 0.9643336015017432
10.15961 0.9646975443435621
10.16082 0.9650806420717926
10.16202 0.9654445849136115
10.16323 0.9657893728690189
10.16444 0.9661341608244265
10.16564 0.9664789487798338
10.16685 0.9667854269624181
10.16806 0.9670919051450025
10.16926 0.9673792284411754
10.17047 0.9676665517373482
10.17168 0.9679347201471096
10.17288 0.968202888556871
10.17409 0.9684710569666324
10.1753 0.9687392253763936
10.1765 0.9690073937861549
10.17771 0.9692755621959163
10.17892 0.9695437306056777
10.18012 0.9698310539018505
10.18133 0.9700992223116117
10.18254 0.970367390721373
10.18375 0.9706547140175459
10.18495 0.9709420373137186
10.18616 0.9712293606098917
10.18737 0.9715549936788876
10.18857 0.9718806267478836
10.18978 0.9722062598168792
10.19099 0.9725510477722868
10.19219 0.9728958357276941
10.1934 0.9732406236831017
10.19461 0.9735854116385091
10.19581 0.973911044707505
10.19702 0.9742558326629123
10.19823 0.9745814657319082
10.19943 0.9749070988009041
10.20064 0.9752518867563117
10.20185 0.9755775198253076
10.20305 0.9759031528943035
10.20426 0.9762096310768877
10.20547 0.9765352641458837
10.20667 0.9768225874420565
10.20788 0.9771099107382293
10.20909 0.9773972340344024
10.2103 0.9776654024441634
10.2115 0.9779335708539248
10.21271 0.9781825843772746
10.21392 0.9784315979006246
10.21512 0.9786806114239743
10.21633 0.978929624947324
10.21754 0.979178638470674
10.21874 0.9794084971076122
10.21995 0.9796383557445506
10.22116 0.9798682143814886
10.22236 0.980098073018427
10.22357 0.9803087767689539
10.22478 0.9805003256330691
10.22598 0.9807110293835957
10.22719 0.9808834233612995
10.2284 0.9810749722254147
10.2296 0.9812473662031185
10.23081 0.9814197601808222
10.23202 0.9815921541585259
10.23323 0.9817262383634066
10.23443 0.9818603225682873
10.23564 0.9819752518867565
10.23685 0.982071026318814
10.23805 0.98214764586446
10.23926 0.9822051105236945
10.24047 0.9822625751829293
10.24167 0.9823008849557524
10.24288 0.9823200398421638
10.24409 0.9823200398421638
10.24529 0.9823008849557524
10.2465 0.9822625751829293
10.24771 0.9822051105236945
10.24891 0.9821284909780486
10.25012 0.982032716545991
10.25133 0.9819369421139333
10.25253 0.9818028579090526
10.25374 0.981668773704172
10.25495 0.9815155346128799
10.25615 0.9813622955215875
10.25736 0.981189901543884
10.25857 0.9809983526797688
10.25978 0.9807876489292419
10.26098 0.9805769451787152
10.26219 0.9803470865417769
10.2634 0.980098073018427
10.2646 0.9798490594950773
10.26581 0.9795808910853159
10.26702 0.979293567789143
10.26822 0.9789870896065588
10.26943 0.9786806114239743
10.27064 0.9783549783549784
10.27184 0.9780293452859825
10.27305 0.9776654024441634
10.27426 0.9773014596023447
10.27546 0.9769183618741141
10.27667 0.9764969543730606
10.27788 0.976075546872007
10.27908 0.9756158295981304
10.28029 0.975156112324254
10.2815 0.9746580852775544
10.2827 0.9741600582308547
10.28391 0.9736428762977436
10.28512 0.9730873845918093
10.28633 0.9725318928858752
10.28753 0.9719380914071181
10.28874 0.9713251350419493
10.28995 0.9706738689039576
10.29115 0.9700226027659657
10.29236 0.9693330268551508
10.29357 0.9686434509443359
10.29477 0.9679347201471096
10.29598 0.9672068344634718
10.29719 0.9664597938934224
10.29839 0.9657127533233729
10.2996 0.9649657127533235
10.30081 0.964180362410451
10.30201 0.963375857181167
10.30322 0.9625713519518829
10.30443 0.9617668467225989
10.30563 0.9609431866069034
10.30684 0.9601386813776195
10.30805 0.959315021261924
10.30925 0.9585105160326399
10.31046 0.9577060108033559
10.31167 0.9568823506876605
10.31288 0.956058690571965
10.31408 0.9552350304562695
10.31529 0.9544113703405739
10.3165 0.9535877102248784
10.3177 0.952764050109183
10.31891 0.9519403899934874
10.32012 0.9511167298777918
10.32132 0.9502739148756848
10.32253 0.9494502547599893
10.32374 0.9486074397578823
10.32494 0.9477646247557753
10.32615 0.9469218097536682
10.32736 0.9460789947515612
10.32856 0.9452361797494542
10.32977 0.9443742098609356
10.33098 0.9435122399724171
10.33218 0.9426311151974869
10.33339 0.9417691453089684
10.3346 0.9408880205340383
10.3358 0.9400068957591082
10.33701 0.9391449258705896
10.33822 0.9382638010956595
10.33943 0.9374018312071409
10.34063 0.9365398613186224
10.34184 0.9356778914301039
10.34305 0.9348159215415853
10.34425 0.9339539516530668
10.34546 0.9330919817645482
10.34667 0.9322300118760296
10.34787 0.9313871968739226
10.34908 0.9305443818718155
10.35029 0.9297015668697085
10.35149 0.928877906754013
10.3527 0.9280542466383175
10.35391 0.9272114316362104
10.35511 0.9264069264069265
10.35632 0.9255832662912309
10.35753 0.9247596061755354
10.35873 0.9239551009462514
10.35994 0.9231505957169674
10.36115 0.9223269356012719
10.36235 0.921522430371988
10.36356 0.9207179251427039
10.36477 0.9199325747998315
10.36598 0.9191280695705475
10.36718 0.9183427192276751
10.36839 0.9175573688848025
10.3696 0.91677201854193
10.3708 0.9160058230854692
10.37201 0.9152396276290082
10.37322 0.9144734321725473
10.37442 0.9137263916024978
10.37563 0.9129601961460369
10.37684 0.912232310462399
10.37804 0.9114852698923496
10.37925 0.9107765390951232
10.38046 0.9100678082978968
10.38166 0.9093590775006705
10.38287 0.9086695015898557
10.38408 0.9079799256790407
10.38528 0.9073095046546374
10.38649 0.9066582385166456
10.3877 0.9060069723786539
10.3889 0.9053557062406621
10.39011 0.9047235949890818
10.39132 0.9041106386239129
10.39253 0.9034976822587443
10.39373 0.9029038807799871
10.39494 0.9023100793012298
10.39615 0.9017354327088841
10.39735 0.9011607861165384
10.39856 0.9006052944106041
10.39977 0.9000689575910815
10.40097 0.8995517756579704
10.40218 0.8990345937248593
10.40339 0.8985174117917482
10.40459 0.8980193847450485
10.4058 0.8975405125847604
10.40701 0.8970616404244723
10.40821 0.8966019231505957
10.40942 0.8961805156495423
10.41063 0.8957591081484887
10.41183 0.8953760104202583
10.41304 0.8950120675784393
10.41425 0.8946481247366204
10.41545 0.894303336781213
10.41666 0.8939777037122171
10.41787 0.8936712255296327
10.41908 0.8934030571198713
10.42028 0.893173198482933
10.42149 0.8929624947324063
10.4227 0.8928092556411141
10.4239 0.8926560165498219
10.42511 0.8925410872313527
10.42632 0.8924453127992952
10.42752 0.8923878481400607
10.42873 0.8923686932536491
10.42994 0.8923686932536491
10.43114 0.8924261579128836
10.43235 0.8925410872313527
10.43356 0.8926751714362334
10.43476 0.8928667203003486
10.43597 0.8930774240508754
10.43718 0.8933455924606368
10.43838 0.8936329157568096
10.43959 0.8939777037122171
10.4408 0.8943799563268591
10.44201 0.8948013638279125
10.44321 0.8952802359882007
10.44442 0.8958165728077233
10.44563 0.8964103742864805
10.44683 0.8970233306516493
10.44804 0.8976937516760526
10.44925 0.8984024824732789
10.45045 0.8991495230433284
10.45166 0.8999348733862009
10.45287 0.9007585335018964
10.45407 0.9016396582768265
10.45528 0.902539937938168
10.45649 0.9034976822587443
10.45769 0.904512891238555
10.4589 0.9055472551047773
10.46011 0.9066007738574111
10.46131 0.907692602382868
10.46252 0.9087844309083247
10.46373 0.9098954143201932
10.46493 0.911025552618473
10.46614 0.9121940006895759
10.46735 0.9134007585335019
10.46856 0.9146266712638396
10.46976 0.915852583994177
10.47097 0.9170784967245145
10.47218 0.9183235643412635
10.47338 0.9195303221851895
10.47459 0.9207370800291155
10.4758 0.92192468298663
10.477 0.923131440830556
10.47821 0.9243381986744819
10.47942 0.925544956518408
10.48062 0.9267325594759224
10.48183 0.9279010075470253
10.48304 0.9290503007317167
10.48424 0.9301421292571737
10.48545 0.9312148028962189
10.48666 0.9322491667624412
10.48786 0.9332835306286634
10.48907 0.9342795847220627
10.49028 0.9352564839290504
10.49148 0.9361950733632151
10.49269 0.9371145079109682
10.4939 0.9379764777994867
10.49511 0.9388001379151822
10.49631 0.9395663333716432
10.49752 0.9403133739416926
10.49873 0.9410029498525074
10.49993 0.9416733708769107
10.50114 0.9422863272420795
10.50235 0.9428801287208367
10.50355 0.9434164655403594
10.50476 0.9439336474734705
10.50597 0.9443933647473471
10.50717 0.9447956173619891
10.50838 0.9451787150902196
10.50959 0.9455043481592155
10.51079 0.9457916714553882
10.512 0.9460406849787382
10.51321 0.9462705436156764
10.51441 0.94644293759338
10.51562 0.9466153315710839
10.51683 0.946730260889553
10.51803 0.9468260353216106
10.51924 0.9468834999808452
10.52045 0.9469026548672567
10.52166 0.9469026548672567
10.52286 0.9468643450944336
10.52407 0.9468068804351991
10.52528 0.946730260889553
10.52648 0.9466344864574953
10.52769 0.9465195571390262
10.5289 0.9464046278205571
10.5301 0.9462513887292648
10.53131 0.9460789947515612
10.53252 0.945887445887446
10.53372 0.9456767421369192
10.53493 0.945446883499981
10.53614 0.9452361797494542
10.53734 0.9450063211125159
10.53855 0.944757307589166
10.53976 0.9445274489522277
10.54096 0.944278435428878
10.54217 0.9440102670191166
10.54338 0.9437420986093553
10.54458 0.9434739301995939
10.54579 0.9431866069034212
10.547 0.9428992836072483
10.54821 0.9426311151974869
10.54941 0.9423437919013141
10.55062 0.9420564686051413
10.55183 0.9417691453089684
10.55303 0.9414818220127955
10.55424 0.9411753438302112
10.55545 0.9408880205340383
10.55665 0.9405815423514539
10.55786 0.9402750641688695
10.55907 0.9399685859862852
10.56027 0.9396621078037007
10.56148 0.9393556296211164
10.56269 0.9390299965521205
10.56389 0.9387043634831246
10.5651 0.9383787304141287
10.56631 0.9380530973451328
10.56751 0.9377274642761368
10.56872 0.9374018312071409
10.56993 0.937076198138145
10.57113 0.9367697199555607
10.57234 0.9364440868865648
10.57355 0.9361184538175689
10.57476 0.935792820748573
10.57596 0.9354671876795772
10.57717 0.9351607094969927
10.57838 0.9348542313144084
10.57958 0.9345285982454125
10.58079 0.9342412749492396
10.582 0.9339539516530668
10.5832 0.9336666283568938
10.58441 0.933379305060721
10.58562 0.9331111366509598
10.58682 0.9328429682411984
10.58803 0.9325747998314371
10.58924 0.9323066314216757
10.59044 0.9320384630119144
10.59165 0.9317894494885646
10.59286 0.9315212810788033
10.59406 0.9312722675554534
10.59527 0.9310232540321036
10.59648 0.9307742405087539
10.59768 0.9305252269854041
10.59889 0.9302762134620541
10.6001 0.9300271999387044
10.60131 0.9297973413017662
10.60251 0.9295483277784163
10.60372 0.9292993142550666
10.60493 0.9290503007317167
10.60613 0.9288012872083669
10.60734 0.9285522736850171
10.60855 0.9283032601616673
10.60975 0.9280542466383175
10.61096 0.9278052331149678
10.61217 0.9275753744780294
10.61337 0.9273455158410912
10.61458 0.9271348120905644
10.61579 0.9269049534536261
10.61699 0.9266942497030993
10.6182 0.9264835459525725
10.61941 0.9262728422020458
10.62061 0.9260812933379305
10.62182 0.9258705895874039
10.62303 0.9256981956097
10.62423 0.9255066467455848
10.62544 0.9253534076542927
10.62665 0.9251810136765889
10.62786 0.9250277745852968
10.62906 0.9248936903804161
10.63027 0.9247404512891239
10.63148 0.9246063670842433
10.63268 0.9244722828793626
10.63389 0.9243573535608934
10.6351 0.9242232693560127
10.6363 0.9241083400375436
10.63751 0.923974255832663
10.63872 0.9238593265141939
10.63992 0.9237443971957247
10.64113 0.9236294678772555
10.64234 0.923533693445198
10.64354 0.9234187641267289
10.64475 0.9233229896946712
10.64596 0.9232272152626135
10.64716 0.9231505957169674
10.64837 0.9230548212849098
10.64958 0.9229782017392637
10.65078 0.9229015821936177
10.65199 0.922844117534383
10.6532 0.922767497988737
10.65441 0.9227100333295024
10.65561 0.9226717235566794
10.65682 0.9226334137838563
10.65803 0.9226142588974448
10.65923 0.9226142588974448
10.66044 0.9226142588974448
10.66165 0.9226142588974448
10.66285 0.9226334137838563
10.66406 0.9226717235566794
10.66527 0.922690878443091
10.66647 0.9227291882159139
10.66768 0.922767497988737
10.66889 0.9228058077615601
10.67009 0.9228632724207946
10.6713 0.9229207370800292
10.67251 0.9229782017392637
10.67371 0.9230356663984982
10.67492 0.9230931310577329
10.67613 0.9231697506033789
10.67734 0.9232272152626135
10.67854 0.9233038348082596
10.67975 0.9233612994674941
10.68096 0.9234187641267289
10.68216 0.9234762287859634
10.68337 0.9235528483316094
10.68458 0.9236103129908441
10.68578 0.9236677776500787
10.68699 0.9237443971957247
10.6882 0.9238018618549593
10.6894 0.9238976362870168
10.69061 0.923974255832663
10.69182 0.9240700302647206
10.69302 0.9241658046967782
10.69423 0.9242615791288358
10.69544 0.9243573535608934
10.69664 0.9244531279929511
10.69785 0.9245680573114202
10.69906 0.9247021415163009
10.70026 0.92481707083477
10.70147 0.9249511550396506
10.70268 0.9251043941309428
10.70389 0.9252576332222351
10.70509 0.9254108723135273
10.7063 0.9255832662912309
10.70751 0.9257556602689346
10.70871 0.9259280542466384
10.70992 0.9261196031107536
10.71113 0.9263111519748689
10.71233 0.9265027008389841
10.71354 0.9267134045895109
10.71475 0.9269241083400376
10.71595 0.9271539669769759
10.71716 0.9273838256139142
10.71837 0.9276328391372639
10.71957 0.9278626977742023
10.72078 0.9281117112975521
10.72199 0.9283607248209018
10.72319 0.9286097383442516
10.7244 0.92883959698119
10.72561 0.9290886105045398
10.72681 0.9293376240278896
10.72802 0.929605792437651
10.72923 0.9298548059610007
10.73044 0.9301038194843505
10.73164 0.9303528330077003
10.73285 0.93060184653105
10.73406 0.9308317051679884
10.73526 0.9310615638049267
10.73647 0.931291422441865
10.73768 0.9315021261923917
10.73888 0.9317128299429185
10.74009 0.9319043788070337
10.7413 0.9321150825575605
10.7425 0.9323257863080873
10.74371 0.9325173351722025
10.74492 0.9327280389227293
10.74612 0.9329387426732559
10.74733 0.9331494464237827
10.74854 0.9333601501743095
10.74974 0.9335516990384248
10.75095 0.9337624027889516
10.75216 0.9339731065394783
10.75336 0.9341838102900051
10.75457 0.9344136689269432
10.75578 0.9346435275638816
10.75699 0.9348733862008198
10.75819 0.9351223997241697
10.7594 0.9353714132475195
10.76061 0.9356395816572809
10.76181 0.9359077500670421
10.76302 0.9361950733632151
10.76423 0.9364632417729764
10.76543 0.9367505650691491
10.76664 0.9370187334789105
10.76785 0.9372869018886718
10.76905 0.9375742251848448
10.77026 0.937842393594606
10.77147 0.9381297168907788
10.77267 0.9383978853005402
10.77388 0.938685208596713
10.77509 0.938972531892886
10.77629 0.9392407003026473
10.7775 0.9395088687124087
10.77871 0.9397578822357584
10.77991 0.9400068957591082
10.78112 0.940255909282458
10.78233 0.9404857679193963
10.78354 0.9407156265563346
10.78474 0.9409454851932728
10.78595 0.9411753438302112
10.78716 0.941386047580738
10.78836 0.9415967513312646
10.78957 0.9418074550817914
10.79078 0.9419990039459066
10.79198 0.9422097076964334
10.79319 0.942382101674137
10.7944 0.9425736505382524
10.7956 0.9427460445159561
10.79681 0.9429184384936597
10.79802 0.9430908324713635
10.79922 0.9432632264490672
10.80043 0.9434164655403594
10.80164 0.9435697046316516
10.80284 0.9437229437229437
10.80405 0.9438761828142359
10.80526 0.9440102670191166
10.80646 0.9441635061104089
10.80767 0.9442975903152895
10.80888 0.9444316745201702
10.81009 0.9445466038386393
10.81129 0.94468068804352
10.8125 0.9447956173619891
10.81371 0.9448913917940467
10.81491 0.9450063211125159
10.81612 0.945121250430985
10.81733 0.9452170248630426
10.81853 0.9453127992951003
10.81974 0.9453894188407463
10.82095 0.9454660383863924
10.82215 0.9455426579320385
10.82336 0.9456192774776846
10.82457 0.9456575872505077
10.82577 0.9457150519097423
10.82698 0.9457533616825653
10.82819 0.9457916714553882
10.82939 0.9458299812282114
10.8306 0.945849136114623
10.83181 0.9458682910010344
10.83301 0.945849136114623
10.83422 0.945849136114623
10.83543 0.9458108263417998
10.83664 0.9457725165689769
10.83784 0.9457150519097423
10.83905 0.9456384323640962
10.84026 0.9455426579320385
10.84146 0.945446883499981
10.84267 0.9453511090679233
10.84388 0.9452361797494542
10.84508 0.9451020955445735
10.84629 0.9449488564532813
10.8475 0.9447956173619891
10.8487 0.9446232233842854
10.84991 0.9444316745201702
10.85112 0.9442401256560549
10.85232 0.9440102670191166
10.85353 0.9437995632685898
10.85474 0.9435697046316516
10.85594 0.9433206911083019
10.85715 0.9430908324713635
10.85836 0.9428418189480137
10.85956 0.942592805424664
10.86077 0.9423246370149025
10.86198 0.9420564686051413
10.86319 0.9417691453089684
10.86439 0.9415009768992071
10.8656 0.9412136536030341
10.86681 0.9409071754204498
10.86801 0.9406006972378654
10.86922 0.9402942190552811
10.87043 0.9399877408726967
10.87163 0.9396621078037007
10.87284 0.9393364747347048
10.87405 0.9390108416657089
10.87525 0.9386660537103015
10.87646 0.9383212657548942
10.87767 0.9379573229130752
10.87887 0.9375933800712563
10.88008 0.9372294372294373
10.88129 0.9368463395012069
10.88249 0.9364440868865648
10.8837 0.9360418342719228
10.88491 0.9356395816572809
10.88612 0.9352181741562273
10.88732 0.9347967666551739
10.88853 0.9343562042677087
10.88974 0.9339156418802437
10.89094 0.9334559246063671
10.89215 0.9329962073324906
10.89336 0.932536490058614
10.89456 0.932057617898326
10.89577 0.9315595908516263
10.89698 0.9310615638049267
10.89818 0.9305443818718155
10.89939 0.9300271999387044
10.9006 0.9294908631191818
10.9018 0.9289736811860707
10.90301 0.9284181894801364
10.90422 0.9278818526606137
10.90542 0.9273263609546796
10.90663 0.9267517143623338
10.90784 0.9261770677699882
10.90904 0.9255832662912309
10.91025 0.9249894648124737
10.91146 0.9243956633337165
10.91267 0.9238018618549593
10.91387 0.9232080603762021
10.91508 0.9226142588974448
10.91629 0.9220204574186875
10.91749 0.9214075010535189
10.9187 0.9208136995747616
10.91991 0.9202198980960044
10.92111 0.9196069417308356
10.92232 0.9190131402520784
10.92353 0.9184193387733212
10.92473 0.9178255372945638
10.92594 0.9172317358158066
10.92715 0.9166762441098725
10.92835 0.9161015975175268
10.92956 0.9155461058115926
10.93077 0.9149906141056584
10.93197 0.9144351223997242
10.93318 0.9138987855802015
10.93439 0.9133624487606788
10.93559 0.9128261119411561
10.9368 0.9122897751216337
10.93801 0.9117725931885224
10.93922 0.9112745661418228
10.94042 0.9107765390951232
10.94163 0.9102785120484236
10.94284 0.9097804850017239
10.94404 0.909301612841436
10.94525 0.9088227406811478
10.94646 0.9083630234072712
10.94766 0.9079033061333948
10.94887 0.9074435888595181
10.95008 0.9069838715856415
10.95128 0.9065433091981766
10.95249 0.9060835919243
10.9537 0.9056621844232464
10.9549 0.9052216220357814
10.95611 0.9048002145347279
10.95732 0.9043788070336743
10.95852 0.9039765544190324
10.95973 0.9035551469179789
10.96094 0.9031528943033368
10.96214 0.9027314868022833
10.96335 0.9023292341876413
10.96456 0.9019461364594109
10.96577 0.9015438838447689
10.96697 0.9011416312301268
10.96818 0.9007585335018964
10.96939 0.900375435773666
10.97059 0.8999923380454354
10.9718 0.8996283952036166
10.97301 0.899245297475386
10.97421 0.8988813546335671
10.97542 0.8985174117917482
10.97663 0.8981534689499291
10.97783 0.8977895261081102
10.97904 0.8974447381527028
10.98025 0.8970807953108839
10.98145 0.8967360073554764
10.98266 0.8964103742864805
10.98387 0.8960847412174846
10.98507 0.8957782630349003
10.98628 0.8954526299659044
10.98749 0.8951653066697316
10.98869 0.894858828487147
10.9899 0.8945715051909743
10.99111 0.894303336781213
10.99232 0.8940351683714516
10.99352 0.8937669999616903
10.99473 0.8935179864383405
10.99594 0.8932689729149906
10.99714 0.8930391142780524
10.99835 0.8928284105275257
10.99956 0.8926177067769989
11.00076 0.8924070030264721
11.00197 0.8922154541623568
11.00318 0.8920430601846532
11.00438 0.8918706662069495
11.00559 0.8916982722292457
11.0068 0.8915450331379536
11.008 0.8913917940466614
11.00921 0.8912577098417807
11.01042 0.8911236256369001
11.01162 0.8909895414320194
11.01283 0.8908746121135502
11.01404 0.8907788376814926
11.01524 0.8906639083630234
11.01645 0.8905872888173774
11.01766 0.8904915143853198
11.01887 0.8904340497260852
11.02007 0.8903765850668507
11.02128 0.8903191204076161
11.02249 0.890280810634793
11.02369 0.89024250086197
11.0249 0.8902233459755584
11.02611 0.8902041910891468
11.02731 0.8902041910891468
11.02852 0.8902233459755584
11.02973 0.8902616557483815
11.03093 0.8902999655212045
11.03214 0.8903574301804391
11.03335 0.8904532046124967
11.03455 0.8905489790445543
11.03576 0.8906447534766119
11.03697 0.8907788376814926
11.03817 0.8909129218863733
11.03938 0.8910661609776654
11.04059 0.8912385549553692
11.04179 0.8914109489330729
11.043 0.8916024977971881
11.04421 0.8918132015477148
11.04542 0.8920430601846532
11.04662 0.892292073708003
11.04783 0.8925410872313527
11.04904 0.8928092556411141
11.05024 0.893096578937287
11.05145 0.8933839022334598
11.05266 0.8936903804160441
11.05386 0.8939968585986287
11.05507 0.8943224916676246
11.05628 0.8946481247366204
11.05748 0.8949737578056163
11.05869 0.8953185457610237
11.0599 0.8956824886028427
11.0611 0.8960464314446616
11.06231 0.8964103742864805
11.06352 0.8967934720147109
11.06472 0.8971957246293529
11.06593 0.8975788223575835
11.06714 0.8979810749722255
11.06834 0.8983833275868675
11.06955 0.8988047350879209
11.07076 0.8992261425889745
11.07197 0.8996667049764395
11.07317 0.9001072673639046
11.07438 0.9005478297513696
11.07559 0.9010075470252462
11.07679 0.9014481094127111
11.078 0.9019269815729993
11.07921 0.902386698846876
11.08041 0.9028655710071639
11.08162 0.9033444431674521
11.08283 0.9038233153277402
11.08403 0.9043213423744397
11.08524 0.9048193694211394
11.08645 0.905317396467839
11.08765 0.9058345784009502
11.08886 0.9063517603340613
11.09007 0.9068880971535839
11.09127 0.907405279086695
11.09248 0.9079416159062177
11.09369 0.9084971076121519
11.0949 0.9090334444316746
11.0961 0.9095889361376087
11.09731 0.910144427843543
11.09852 0.9107190744358886
11.09972 0.9112937210282344
11.10093 0.9118875225069916
11.10214 0.9125004788721603
11.10334 0.9131134352373291
11.10455 0.9137263916024978
11.10576 0.9143585028540782
11.10696 0.91500976899207
11.10817 0.9156610351300618
11.10938 0.9163123012680535
11.11058 0.9169827222924568
11.11179 0.9176531433168602
11.113 0.9183427192276751
11.1142 0.9190322951384898
11.11541 0.9197410259357162
11.11662 0.9204497567329426
11.11782 0.921158487530169
11.11903 0.9218863732138068
11.12024 0.9226334137838563
11.12145 0.9233804543539057
11.12265 0.9241083400375436
11.12386 0.924855380607593
11.12507 0.9256024211776425
11.12627 0.9263494617476918
11.12748 0.9270965023177413
11.12869 0.9278435428877907
11.12989 0.9286097383442516
11.1311 0.9293567789143011
11.13231 0.9301229743707621
11.13351 0.9308700149408115
11.13472 0.9316362103972724
11.13593 0.9323832509673219
11.13713 0.9331302915373713
11.13834 0.9338773321074206
11.13955 0.9346052177910585
11.14075 0.935352258361108
11.14196 0.9360801440447459
11.14317 0.9368080297283837
11.14437 0.9375359154120216
11.14558 0.9382638010956595
11.14679 0.9389916867792975
11.148 0.9397004175765239
11.1492 0.9404091483737502
11.15041 0.9411178791709766
11.15162 0.9418074550817914
11.15282 0.9425161858790178
11.15403 0.9431866069034212
11.15524 0.9438761828142359
11.15644 0.9445466038386393
11.15765 0.9452361797494542
11.15886 0.9459066007738575
11.16006 0.9465770217982608
11.16127 0.9472474428226642
11.16248 0.9479178638470674
11.16368 0.9485882848714707
11.16489 0.9492587058958741
11.1661 0.949909972033866
11.1673 0.9505803930582691
11.16851 0.951231659196261
11.16972 0.9519020802206644
11.17092 0.9525533463586562
11.17213 0.9532237673830595
11.17334 0.9538941884074628
11.17455 0.9545454545454546
11.17575 0.955215875569858
11.17696 0.9558862965942612
11.17817 0.9565567176186646
11.17937 0.957227138643068
11.18058 0.9578975596674711
11.18179 0.9585871355782861
11.18299 0.9592575566026893
11.1842 0.9599279776270928
11.18541 0.9605792437650846
11.18661 0.9612496647894878
11.18782 0.9619200858138911
11.18903 0.9625713519518829
11.19023 0.9632417729762864
11.19144 0.9639121940006896
11.19265 0.9645634601386814
11.19385 0.9652338811630847
11.19506 0.9658851473010766
11.19627 0.9665364134390684
11.19747 0.9671876795770602
11.19868 0.9678197908286406
11.19989 0.9684710569666324
11.2011 0.9691031682182125
11.2023 0.9697544343562043
11.20351 0.9703865456077847
11.20472 0.9710186568593648
11.20592 0.9716316132245336
11.20713 0.972263724476114
11.20834 0.9728766808412828
11.20954 0.9734896372064514
11.21075 0.9741025935716202
11.21196 0.9746963950503774
11.21316 0.9752901965291345
11.21437 0.9758839980078918
11.21558 0.9764777994866491
11.21678 0.9770716009654065
11.21799 0.9776462475577521
11.2192 0.9782208941500977
11.2204 0.9787955407424436
11.22161 0.9793510324483775
11.22282 0.9799256790407234
11.22402 0.9804811707466576
11.22523 0.9810175075661802
11.22644 0.9815538443857029
11.22765 0.9820901812052255
11.22885 0.9826265180247481
11.23006 0.9831628548442708
11.23127 0.9836991916637934
11.23247 0.9842163735969047
11.23368 0.9847335555300158
11.23489 0.9852698923495384
11.23609 0.9857870742826496
11.2373 0.9863234111021723
11.23851 0.9868405930352834
11.23971 0.9873577749683946
11.24092 0.9878749569015057
11.24213 0.9883921388346169
11.24333 0.988909320767728
11.24454 0.9894073478144276
11.24575 0.9899053748611271
11.24695 0.9904034019078267
11.24816 0.9909014289545265
11.24937 0.9913803011148145
11.25057 0.991878328161514
11.25178 0.9923572003218022
11.25299 0.9928360724820903
11.2542 0.9932957897559669
11.2554 0.9937555070298435
11.25661 0.9941960694173084
11.25782 0.9946174769183619
11.25902 0.995019729533004
11.26023 0.9954028272612344
11.26144 0.9957667701030534
11.26264 0.9961307129448722
11.26385 0.9964755009002797
11.26506 0.9968011339692756
11.26626 0.99710761215186
11.26747 0.9974140903344444
11.26868 0.9977014136306173
11.26988 0.997950427153967
11.27109 0.9981994406773169
11.2723 0.9984292993142552
11.2735 0.9986208481783704
11.27471 0.9988123970424856
11.27592 0.9989847910201894
11.27712 0.9991380301114815
11.27833 0.9992721143163622
11.27954 0.9994061985212429
11.28075 0.9995211278397119
11.28195 0.9996169022717696
11.28316 0.9996935218174158
11.28437 0.9997892962494733
11.28557 0.9998467609087078
11.28678 0.9999042255679423
11.28799 0.9999425353407655
11.28919 0.9999808451135885
11.2904 1.0
11.29161 1.0
11.29281 0.9999808451135885
11.29402 0.999961690227177
11.29523 0.9999425353407655
11.29643 0.999885070681531
11.29764 0.9998467609087078
11.29885 0.9997701413630617
11.30005 0.9996935218174158
11.30126 0.9996169022717696
11.30247 0.9995211278397119
11.30368 0.9994061985212429
11.30488 0.9992721143163622
11.30609 0.9991188752250699
11.3073 0.9989656361337778
11.3085 0.9987740872696625
11.30971 0.9985825384055473
11.31092 0.9983718346550204
11.31212 0.9981419760180824
11.31333 0.9978929624947325
11.31454 0.9976247940849711
11.31574 0.9973566256752099
11.31695 0.9970501474926254
11.31816 0.9967436693100411
11.31936 0.9964180362410452
11.32057 0.9960732482856377
11.32178 0.9957284603302303
11.32298 0.9953453626019999
11.32419 0.9949431099873578
11.3254 0.9945408573727157
11.3266 0.9941194498716622
11.32781 0.9936788874841973
11.32902 0.9932191702103207
11.33023 0.9927402980500326
11.33143 0.9922614258897446
11.33264 0.9917633988430449
11.33385 0.9912462169099338
11.33505 0.9907290349768226
11.33626 0.9901926981572999
11.33747 0.9896372064513659
11.33867 0.98906255985902
11.33988 0.9884879132666744
11.34109 0.9878941117879171
11.34229 0.9872811554227484
11.3435 0.9866681990575796
11.34471 0.9860360878059993
11.34591 0.9854039765544191
11.34712 0.9847527104164273
11.34833 0.984082289392024
11.34953 0.9833927134812092
11.35074 0.9827031375703943
11.35195 0.9819944067731678
11.35315 0.9812665210895299
11.35436 0.9805386354058921
11.35557 0.9798107497222541
11.35678 0.9790445542657933
11.35798 0.9782975136957439
11.35919 0.9775121633528714
11.3604 0.9767459678964105
11.3616 0.9759414626671263
11.36281 0.9751369574378425
11.36402 0.9743324522085585
11.36522 0.9734896372064514
11.36643 0.9726659770907559
11.36764 0.9718231620886488
11.36884 0.9709611922001303
11.37005 0.9700992223116117
11.37126 0.9692180975366818
11.37246 0.9683369727617517
11.37367 0.9674558479868215
11.37488 0.9665364134390684
11.37608 0.9656361337777268
11.37729 0.9647166992299736
11.3785 0.9637781097958089
11.3797 0.9628395203616443
11.38091 0.9618817760410683
11.38212 0.9609240317204919
11.38333 0.9599662873999159
11.38453 0.9589893881929281
11.38574 0.9579933340995288
11.38695 0.9569972800061296
11.38815 0.9560012259127304
11.38936 0.9549860169329196
11.39057 0.9539516530666974
11.39177 0.9529364440868866
11.39298 0.9518829253342528
11.39419 0.9508485614680305
11.39539 0.9497758878289853
11.3966 0.9487223690763514
11.39781 0.9476496954373061
11.39901 0.9465578669118493
11.40022 0.9454660383863924
11.40143 0.9443550549745241
11.40263 0.9432440715626557
11.40384 0.9421330881507873
11.40505 0.9410221047389189
11.40625 0.9398919664406391
11.40746 0.9387618281423592
11.40867 0.9376125349576677
11.40988 0.9364632417729764
11.41108 0.935313948588285
11.41229 0.934145500517182
11.4135 0.9329962073324906
11.4147 0.9318086043749761
11.41591 0.9306401563038732
11.41712 0.9294525533463587
11.41832 0.9282649503888443
11.41953 0.9270965023177413
11.42074 0.9259088993602268
11.42194 0.9247021415163009
11.42315 0.9235145385587864
11.42436 0.9223269356012719
11.42556 0.9211201777573459
11.42677 0.91991341991342
11.42798 0.9187066620694939
11.42918 0.917499904225568
11.43039 0.9162739914952305
11.4316 0.9150672336513045
11.4328 0.913841320920967
11.43401 0.9126154081906295
11.43522 0.911389495460292
11.43643 0.9101635827299546
11.43763 0.9089185151132054
11.43884 0.907692602382868
11.44005 0.9064475347661188
11.44125 0.9052024671493698
11.44246 0.9039573995326209
11.44367 0.9027123319158719
11.44487 0.9014481094127111
11.44608 0.9002030417959622
11.44729 0.8989388192928016
11.44849 0.8976745967896411
11.4497 0.8964103742864805
11.45091 0.89514615178332
11.45211 0.893862774393748
11.45332 0.8925985518905873
11.45453 0.8913151745010153
11.45573 0.8900317971114432
11.45694 0.8887675746082827
11.45815 0.8874841972187105
11.45935 0.8862008198291385
11.46056 0.8849174424395664
11.46177 0.8836340650499943
11.46298 0.8823315327740107
11.46418 0.8810481553844386
11.46539 0.8797647779948665
11.4666 0.878462245718883
11.4678 0.8771788683293109
11.46901 0.8758954909397388
11.47022 0.8745929586637552
11.47142 0.8733095812741831
11.47263 0.8720070489981995
11.47384 0.8707236716086274
11.47504 0.8694211393326439
11.47625 0.8681377619430718
11.47746 0.8668352296670881
11.47866 0.8655518522775161
11.47987 0.8642493200015324
11.48108 0.8629659426119604
11.48228 0.8616825652223883
11.48349 0.8604183427192277
11.4847 0.8591349653296556
11.4859 0.857870742826495
11.48711 0.8566065203233345
11.48832 0.855342297820174
11.48953 0.8540780753170134
11.49073 0.8528138528138529
11.49194 0.8515687851971039
11.49315 0.8503237175803547
11.49435 0.8490594950771942
11.49556 0.8478144274604452
11.49677 0.8465693598436962
11.49797 0.8453242922269472
11.49918 0.8440983794966096
11.50039 0.842872466766272
11.50159 0.8416465540359346
11.5028 0.840420641305597
11.50401 0.8391947285752596
11.50521 0.8379688158449221
11.50642 0.8367237482281731
11.50763 0.8354978354978355
11.50883 0.8342527678810865
11.51004 0.8330077002643375
11.51125 0.831743477761177
11.51246 0.8304984101444279
11.51366 0.8292341876412673
11.51487 0.8279699651381068
11.51608 0.8267057426349462
11.51728 0.8254415201317856
11.51849 0.8241772976286251
11.5197 0.8229130751254645
11.5209 0.8216296977358925
11.52211 0.820365475232732
11.52332 0.8190820978431598
11.52452 0.8177987204535877
11.52573 0.8165153430640156
11.52694 0.8152319656744436
11.52814 0.8139485882848715
11.52935 0.812646056008888
11.53056 0.8113626786193159
11.53176 0.8100984561161553
11.53297 0.8088150787265832
11.53418 0.8075700111098342
11.53538 0.8063057886066736
11.53659 0.8050607209899245
11.5378 0.8038348082595871
11.53901 0.8025897406428381
11.54021 0.8013638279125005
11.54142 0.8001379151821629
11.54263 0.7989120024518255
11.54383 0.7977052446078995
11.54504 0.7964984867639736
11.54625 0.7952917289200475
11.54745 0.7941041259625331
11.54866 0.7929165230050186
11.54987 0.7917480749339156
11.55107 0.7905604719764012
11.55228 0.7894111787917097
11.55349 0.7882427307206068
11.55469 0.7870934375359154
11.5559 0.7859441443512241
11.55711 0.7847948511665327
11.55831 0.7836455579818412
11.55952 0.7824962647971497
11.56073 0.7813469716124584
11.56193 0.780197678427767
11.56314 0.7790483852430756
11.56435 0.7779182469447956
11.56556 0.7767689537601042
11.56676 0.7756388154618243
11.56797 0.7745086771635444
11.56918 0.7733593839788531
11.57038 0.7722292456805732
11.57159 0.7710799524958818
11.5728 0.7699498141976018
11.574 0.7688005210129104
11.57521 0.767651227828219
11.57642 0.7665210895299391
11.57762 0.7653717963452477
11.57883 0.7642225031605563
11.58004 0.7630732099758649
11.58124 0.761943071677585
11.58245 0.7607937784928935
11.58366 0.7596444853082022
11.58486 0.7584760372370992
11.58607 0.7573267440524079
11.58728 0.7561582959813049
11.58848 0.7550090027966134
11.58969 0.7538405547255106
11.5909 0.7526721066544076
11.59211 0.7515036585833047
11.59331 0.7503160556257902
11.59452 0.7491476075546872
11.59573 0.7479791594835843
11.59693 0.7468107114124813
11.59814 0.7456422633413784
11.59935 0.7444738152702755
11.60055 0.7433053671991726
11.60176 0.7421369191280697
11.60297 0.7409684710569667
11.60417 0.7398000229858638
11.60538 0.7386315749147608
11.60659 0.7374631268436579
11.60779 0.736294678772555
11.609 0.7351453855878636
11.61021 0.7339960924031721
11.61141 0.7328467992184806
11.61262 0.7317166609202008
11.61383 0.7305673677355095
11.61503 0.729456384323641
11.61624 0.7283262460253611
11.61745 0.7272152626134927
11.61866 0.7261042792016245
11.61986 0.724993295789756
11.62107 0.7238823123778877
11.62228 0.7227904838524308
11.62348 0.7216795004405624
11.62469 0.7205876719151056
11.6259 0.7195149982760604
11.6271 0.7184231697506034
11.62831 0.7173504961115581
11.62952 0.7162969773589243
11.63072 0.715224303719879
11.63193 0.7141707849672452
11.63314 0.7130981113281999
11.63434 0.7120445925755661
11.63555 0.7109910738229323
11.63676 0.7099375550702985
11.63796 0.7088648814312531
11.63917 0.7078113626786194
11.64038 0.706738689039574
11.64158 0.7056851702869402
11.64279 0.7046124966478949
11.644 0.7035589778952611
11.64521 0.7024863042562158
11.64641 0.701432785503582
11.64762 0.7003601118645367
11.64883 0.6992874382254913
11.65003 0.6981956097000345
11.65124 0.6971229360609892
11.65245 0.6960311075355324
11.65365 0.694920124123664
11.65486 0.6938282955982071
11.65607 0.6927173121863388
11.65727 0.6916063287744704
11.65848 0.690495345362602
11.65969 0.6893652070643221
11.66089 0.6882542236524538
11.6621 0.6871240853541739
11.66331 0.6860131019423056
11.66451 0.6849021185304371
11.66572 0.6837719802321572
11.66693 0.6826418419338773
11.66813 0.6815117036355974
11.66934 0.6803815653373176
11.67055 0.6792514270390376
11.67176 0.6781212887407578
11.67296 0.6769911504424779
11.67417 0.675861012144198
11.67538 0.6747500287323297
11.67658 0.6736198904340497
11.67779 0.6725089070221815
11.679 0.6714170784967246
11.6802 0.6703060950848562
11.68141 0.6692142665593994
11.68262 0.668103283147531
11.68382 0.6670114546220741
11.68503 0.6659196260966174
11.68624 0.664846952457572
11.68744 0.6637551239321151
11.68865 0.6626824502930698
11.68986 0.661590621767613
11.69106 0.6605179481285677
11.69227 0.6594452744895224
11.69348 0.6583917557368886
11.69468 0.6573190820978433
11.69589 0.6562655633452095
11.6971 0.6552120445925755
11.69831 0.6541585258399417
11.69951 0.653105007087308
11.70072 0.6520514883346742
11.70193 0.6509979695820404
11.70313 0.6499444508294067
11.70434 0.6488717771903613
11.70555 0.6478182584377276
11.70675 0.6467647396850937
11.70796 0.6457112209324599
11.70917 0.6446385472934146
11.71037 0.6435850285407808
11.71158 0.642531509788147
11.71279 0.6414588361491017
11.71399 0.6404053173964679
11.7152 0.6393326437574226
11.71641 0.6382791250047888
11.71761 0.6372064513657435
11.71882 0.6361337777266981
11.72003 0.6350611040876528
11.72124 0.6339884304486074
11.72244 0.6328966019231506
11.72365 0.6318239282841053
11.72486 0.6307512546450601
11.72606 0.6296594261196031
11.72727 0.6285867524805578
11.72848 0.627494923955101
11.72968 0.6264030954296441
11.73089 0.6253112669041874
11.7321 0.6242194383787305
11.7333 0.6231276098532735
11.73451 0.6220357813278167
11.73572 0.6209247979159485
11.73692 0.6198329693904915
11.73813 0.6187219859786233
11.73934 0.6176301574531663
11.74054 0.616519174041298
11.74175 0.6154081906294296
11.74296 0.6143163621039728
11.74416 0.6132053786921045
11.74537 0.612094395280236
11.74658 0.6109834118683676
11.74779 0.6098724284564992
11.74899 0.6087422901582195
11.7502 0.607631306746351
11.75141 0.6065203233344826
11.75261 0.6054093399226144
11.75382 0.6042983565107459
11.75503 0.603168218212466
11.75623 0.6020763896870092
11.75744 0.6009654062751408
11.75865 0.5998544228632724
11.75985 0.5987625943378155
11.76106 0.5976516109259473
11.76227 0.5965597824004903
11.76347 0.5954487989886221
11.76468 0.5943569704631652
11.76589 0.5932651419377083
11.76709 0.5921733134122514
11.7683 0.5910814848867947
11.76951 0.5900088112477494
11.77071 0.588936137608704
11.77192 0.5878634639696587
11.77313 0.5867907903306134
11.77434 0.5857372715779796
11.77554 0.5846645979389342
11.77675 0.5836110791863005
11.77796 0.5825575604336667
11.77916 0.5815231965674444
11.78037 0.5804696778148105
11.78158 0.5794353139485883
11.78278 0.578400950082366
11.78399 0.5773665862161438
11.7852 0.576351377236333
11.7864 0.5753170133701108
11.78761 0.5743018043903
11.78882 0.5732865954104892
11.79002 0.57229054131709
11.79123 0.5712753323372792
11.79244 0.57027927824388
11.79364 0.5692832241504808
11.79485 0.5683063249434931
11.79606 0.5673294257365055
11.79726 0.5663525265295177
11.79847 0.5653947822089415
11.79968 0.5644178830019538
11.80089 0.5634601386813776
11.80209 0.562521549247213
11.8033 0.5615638049266368
11.80451 0.5606252154924721
11.80571 0.559705780944719
11.80692 0.5587863463969659
11.80813 0.5578860667356244
11.80933 0.5570049419606942
11.81054 0.5561238171857641
11.81175 0.5552618472972456
11.81295 0.5543998774087271
11.81416 0.5535570624066201
11.81537 0.5527142474045129
11.81657 0.5518905872888173
11.81778 0.5510860820595335
11.81899 0.5503007317166609
11.82019 0.5495153813737885
11.8214 0.5487491859173276
11.82261 0.5480213002336897
11.82381 0.5472934145500516
11.82502 0.5466038386392369
11.82623 0.5459334176148335
11.82744 0.5452629965904303
11.82864 0.5446117304524385
11.82985 0.5439796192008582
11.83106 0.5433666628356894
11.83226 0.5427920162433437
11.83347 0.542217369650998
11.83468 0.5416618779450638
11.83588 0.5411446960119527
11.83709 0.5406275140788416
11.8383 0.5401486419185535
11.8395 0.5397080795310885
11.84071 0.5392675171436234
11.84192 0.5388652645289814
11.84312 0.5384821668007509
11.84433 0.5380990690725205
11.84554 0.537754281117113
11.84674 0.5374286480481171
11.84795 0.5371221698655327
11.84916 0.5368156916829484
11.85036 0.5365475232731871
11.85157 0.5362793548634257
11.85278 0.5360303413400759
11.85399 0.5358196375895491
11.85519 0.5356280887254339
11.8564 0.5354365398613187
11.85761 0.5352833007700264
11.85881 0.5351300616787343
11.86002 0.5349959774738536
11.86123 0.5348810481553844
11.86243 0.5347469639505038
11.86364 0.5346511895184461
11.86485 0.534536260199977
11.86605 0.5344404857679194
11.86726 0.5343638662222733
11.86847 0.5342872466766273
11.86967 0.5342489369038042
11.87088 0.5341914722445696
11.87209 0.5341531624717466
11.87329 0.5341148526989234
11.8745 0.5340956978125121
11.87571 0.5340573880396889
11.87691 0.5340382331532774
11.87812 0.5340190782668659
11.87933 0.5339999233804543
11.88054 0.5339807684940429
11.88174 0.5339616136076314
11.88295 0.5339616136076314
11.88416 0.5339616136076314
11.88536 0.5339616136076314
11.88657 0.5339616136076314
11.88778 0.5339807684940429
11.88898 0.5339807684940429
11.89019 0.5339616136076314
11.8914 0.5339616136076314
11.8926 0.5339424587212198
11.89381 0.5339424587212198
11.89502 0.5339424587212198
11.89622 0.5339233038348082
11.89743 0.5339233038348082
11.89864 0.5339041489483968
11.89984 0.5339041489483968
11.90105 0.5338658391755737
11.90226 0.5338466842891622
11.90346 0.5338083745163391
11.90467 0.5337509098571046
11.90588 0.5336742903114585
11.90709 0.5335976707658123
11.90829 0.5335210512201662
11.9095 0.5334444316745203
11.91071 0.5333678121288741
11.91191 0.5332528828104051
11.91312 0.5331571083783473
11.91433 0.5330230241734667
11.91553 0.532888939968586
11.91674 0.5327165459908824
11.91795 0.5325441520131786
11.91915 0.5323526031490634
11.92036 0.5321418993985366
11.92157 0.5319120407615983
11.92277 0.5316630272382484
11.92398 0.5314140137148987
11.92519 0.5311266904187258
11.92639 0.530839367122553
11.9276 0.5305328889399686
11.92881 0.5302072558709727
11.93001 0.5298624679155652
11.93122 0.5294793701873348
11.93243 0.5290962724591044
11.93364 0.5286748649580508
11.93484 0.5282343025705858
11.93605 0.5277745852967092
11.93726 0.5272957131364212
11.93846 0.5267976860897214
11.93967 0.5262805041566103
11.94088 0.5257441673370877
11.94208 0.5251886756311535
11.94329 0.5246140290388078
11.9445 0.5240202275600505
11.9457 0.5234072711948818
11.94691 0.5227943148297131
11.94812 0.5221430486917212
11.94932 0.5214917825537295
11.95053 0.5208022066429147
11.95174 0.5201126307320998
11.95294 0.5193847450484619
11.95415 0.518656859364824
11.95536 0.5179289736811862
11.95657 0.5171627782247252
11.95777 0.5163965827682642
11.95898 0.5156303873118032
11.96019 0.5148641918553423
11.96139 0.5140788415124699
11.9626 0.5132743362831859
11.96381 0.5124506761674903
11.96501 0.5116461709382064
11.96622 0.5108033559360994
11.96743 0.5099605409339923
11.96863 0.5091177259318853
11.96984 0.5082557560433667
11.97105 0.5073937861548482
11.97225 0.506512661379918
11.97346 0.5056506914913995
11.97467 0.5047695667164693
11.97587 0.5038884419415394
11.97708 0.5029881622801977
11.97829 0.5020878826188562
11.97949 0.5011876029575145
11.9807 0.5002681684097614
11.98191 0.4993487338620082
11.98312 0.4984292993142551
11.98432 0.4974907098800905
11.98553 0.49657127533233736
11.98674 0.4956518407845842
11.98794 0.49473240623683107
11.98915 0.49379381680266643
11.99036 0.4928743822549132
11.99156 0.49193579282074856
11.99277 0.4909972033865839
11.99398 0.49005861395241934
11.99518 0.4891200245182547
11.99639 0.48818143508408995
11.9976 0.4872428456499253
11.9988 0.4863042562157607
12.00001 0.48538482166800756
12.00122 0.4844462322338429
12.00242 0.48352679768608975
12.00363 0.48260736313833663
12.00484 0.4816879285905835
12.00604 0.48076849404283034
12.00725 0.4798682143814888
12.00846 0.47894877983373557
12.00967 0.4780293452859825
12.01087 0.4771290656246409
12.01208 0.47622878596329926
12.01329 0.47530935141554614
12.01449 0.47440907175420455
12.0157 0.4734896372064514
12.01691 0.4725893575451098
12.01811 0.4716699229973566
12.01932 0.470769643336015
12.02053 0.4698693636746734
12.02173 0.4689690840133318
12.02294 0.4680496494655787
12.02415 0.4671493698042371
12.02535 0.46624909014289545
12.02656 0.4653296555951424
12.02777 0.46442937593380074
12.02897 0.46352909627245914
12.03018 0.462609661724706
12.03139 0.4617093820633644
12.03259 0.46078994751561125
12.0338 0.4598705129678581
12.03501 0.458951078420105
12.03622 0.45803164387235185
12.03742 0.45711220932459873
12.03863 0.4561927747768456
12.03984 0.455292495115504
12.04104 0.45437306056775084
12.04225 0.45347278090640925
12.04346 0.45257250124506765
12.04466 0.45167222158372605
12.04587 0.45077194192238446
12.04708 0.44987166226104286
12.04828 0.4489713825997012
12.04949 0.44807110293835956
12.0507 0.44718997816342954
12.0519 0.44630885338849946
12.05311 0.4454085737271578
12.05432 0.44452744895222773
12.05552 0.4436654790637092
12.05673 0.4427843542887791
12.05794 0.44192238440026055
12.05914 0.44106041451174194
12.06035 0.4401984446232234
12.06156 0.4393364747347049
12.06277 0.43849365973259785
12.06397 0.43765084473049076
12.06518 0.43680802972838373
12.06639 0.4359652147262767
12.06759 0.43512239972416966
12.0688 0.43427958472206263
12.07001 0.4334559246063671
12.07121 0.4326131096042601
12.07242 0.43177029460215305
12.07363 0.43094663448645754
12.07483 0.43010381948435045
12.07604 0.429280159368655
12.07725 0.42843734436654796
12.07845 0.4276136842508524
12.07966 0.42679002413515693
12.08087 0.42596636401946136
12.08207 0.4251427039037659
12.08328 0.42431904378807034
12.08449 0.4234953836723749
12.08569 0.4226717235566793
12.0869 0.4218672183273953
12.08811 0.42104355821169986
12.08932 0.4202198980960043
12.09052 0.4194153928667203
12.09173 0.4185917327510248
12.09294 0.4177872275217408
12.09414 0.4169827222924568
12.09535 0.4161782170631728
12.09656 0.4153737118338888
12.09776 0.4145692066046049
12.09897 0.41378385626173236
12.10018 0.4129985059188599
12.10138 0.4122131555759875
12.10259 0.411427805233115
12.1038 0.41066160977665406
12.105 0.4098954143201931
12.10621 0.40912921886373216
12.10742 0.4083630234072712
12.10862 0.4075968279508103
12.10983 0.4068306324943493
12.11104 0.4060835919242999
12.11224 0.405317396467839
12.11345 0.40457035589778956
12.11466 0.4038041604413286
12.11587 0.4030571198712792
12.11707 0.40231007930122975
12.11828 0.4015630387311803
12.11949 0.4008159981611309
12.12069 0.40006895759108146
12.1219 0.3993219170210321
12.12311 0.3985940313373942
12.12431 0.39784699076734475
12.12552 0.3970999501972953
12.12673 0.3963720645136575
12.12793 0.39562502394360805
12.12914 0.39489713825997014
12.13035 0.39415009768992076
12.13155 0.3934222120062828
12.13276 0.3926751714362334
12.13397 0.3919472857525955
12.13517 0.3912194000689576
12.13638 0.3904723594989082
12.13759 0.38974447381527033
12.13879 0.38901658813163237
12.14 0.38830785733440604
12.14121 0.38757997165076813
12.14242 0.3868712408535418
12.14362 0.3861625100563154
12.14483 0.385453779259089
12.14604 0.38476420334827416
12.14724 0.3840554725510478
12.14845 0.38336589664023296
12.14966 0.3826763207294181
12.15086 0.38198674481860323
12.15207 0.38131632379419994
12.15328 0.3806267478833851
12.15448 0.3799371719725702
12.15569 0.3792667509481669
12.1569 0.37857717503735205
12.1581 0.3779067540129487
12.15931 0.3772363329885454
12.16052 0.3765659119641421
12.16172 0.37589549093973873
12.16293 0.37522506991533544
12.16414 0.3745738037773436
12.16535 0.3739033827529403
12.16655 0.373232961728537
12.16776 0.37258169559054516
12.16897 0.37191127456614187
12.17017 0.3712408535417385
12.17138 0.3705895874037467
12.17259 0.3699191663793434
12.17379 0.36922959046852855
12.175 0.3685591694441252
12.17621 0.3678887484197219
12.17741 0.36721832739531857
12.17862 0.3665479063709152
12.17983 0.36587748534651193
12.18103 0.3652070643221086
12.18224 0.3645366432977053
12.18345 0.3638662222733019
12.18465 0.3632149561353102
12.18586 0.36256368999731836
12.18707 0.36189326897291496
12.18827 0.36124200283492325
12.18948 0.3605907366969314
12.19069 0.3599394705589396
12.1919 0.3592882044209478
12.1931 0.35865609316936753
12.19431 0.35800482703137576
12.19552 0.35737271577979546
12.19672 0.3567597594146267
12.19793 0.35612764816304643
12.19914 0.35551469179787765
12.20034 0.3549017354327089
12.20155 0.35430793395395166
12.20276 0.3537141324751944
12.20396 0.35312033099643725
12.20517 0.3525456844040915
12.20638 0.35197103781174577
12.20758 0.3513963912194001
12.20879 0.3508217446270544
12.21 0.3502662529211202
12.2112 0.3496916063287745
12.21241 0.3491361146228403
12.21362 0.3485614680304946
12.21482 0.34800597632456043
12.21603 0.3474504846186262
12.21724 0.34689499291269205
12.21845 0.3463395012067579
12.21965 0.3457840095008237
12.22086 0.345247672681301
12.22207 0.34469218097536686
12.22327 0.34415584415584416
12.22448 0.34360035244991
12.22569 0.34304486074397583
12.22689 0.3424893690380416
12.2281 0.34193387733210745
12.22931 0.34137838562617323
12.23051 0.34080373903382755
12.23172 0.34022909244148186
12.23293 0.3396544458491361
12.23413 0.33907979925679044
12.23534 0.3385051526644447
12.23655 0.337930506072099
12.23775 0.33735585947975333
12.23896 0.3367812128874076
12.24017 0.3362065662950619
12.24137 0.33563191970271616
12.24258 0.3350572731103705
12.24379 0.3345017814044363
12.245 0.33392713481209063
12.2462 0.33335248821974484
12.24741 0.33277784162739915
12.24862 0.332222349921465
12.24982 0.33164770332911925
12.25103 0.3310922116231851
12.25224 0.3305175650308394
12.25344 0.3299620733249052
12.25465 0.329406581618971
12.25586 0.3288702447994484
12.25706 0.32833390797992573
12.25827 0.32779757116040303
12.25948 0.3272612343408804
12.26068 0.32674405240776927
12.26189 0.3262268704746581
12.2631 0.32570968854154697
12.2643 0.3252116614948473
12.26551 0.32471363444814777
12.26672 0.32419645251503665
12.26792 0.3237175803547485
12.26913 0.3232195533080489
12.27034 0.32272152626134926
12.27155 0.3222426541010612
12.27275 0.3217637819407731
12.27396 0.321284909780485
12.27517 0.32080603762019694
12.27637 0.3203271654599088
12.27758 0.3198674481860323
12.27879 0.31940773091215574
12.27999 0.3189480136382791
12.2812 0.31848829636440257
12.28241 0.318028579090526
12.28361 0.31758801670306097
12.28482 0.3171282994291844
12.28603 0.31666858215530785
12.28723 0.31622801976784276
12.28844 0.3157683024939662
12.28965 0.31532774010650116
12.29085 0.3148871777190362
12.29206 0.3144466153315711
12.29327 0.31400605294410605
12.29447 0.31356549055664107
12.29568 0.313124928169176
12.29689 0.31268436578171094
12.2981 0.3122629582806574
12.2993 0.31182239589319233
12.30051 0.31138183350572735
12.30172 0.3109412711182623
12.30292 0.3105007087307972
12.30413 0.31006014634333223
12.30534 0.30963873884227866
12.30654 0.3091981764548137
12.30775 0.3087576140673486
12.30896 0.30833620656629507
12.31016 0.30789564417883003
12.31137 0.30745508179136505
12.31258 0.3070336742903115
12.31378 0.30659311190284644
12.31499 0.3061717044017929
12.3162 0.3057311420143279
12.3174 0.30529057962686285
12.31861 0.30486917212580933
12.31982 0.30442860973834424
12.32102 0.3040072022372907
12.32223 0.30356663984982574
12.32344 0.30312607746236064
12.32465 0.3027046699613072
12.32585 0.30228326246025367
12.32706 0.3018427000727886
12.32827 0.30142129257173506
12.32947 0.30099988507068154
12.33068 0.30059763245603954
12.33189 0.300176224954986
12.33309 0.29977397234034403
12.3343 0.2993717197257021
12.33551 0.29896946711106004
12.33671 0.29856721449641804
12.33792 0.29816496188177605
12.33913 0.29776270926713405
12.34033 0.29736045665249206
12.34154 0.29697735892426164
12.34275 0.2965751063096196
12.34395 0.2961920085813891
12.34516 0.2957897559667471
12.34637 0.29540665823851664
12.34757 0.29502356051028616
12.34878 0.2946596176684672
12.34999 0.29427651994023674
12.3512 0.2938934222120063
12.3524 0.2935294793701873
12.35361 0.2931463816419569
12.35482 0.29278243880013793
12.35602 0.292418495958319
12.35723 0.29203539823008856
12.35844 0.29165230050185803
12.35964 0.29128835766003913
12.36085 0.29090525993180866
12.36206 0.2905221622035781
12.36326 0.29013906447534765
12.36447 0.2897559667471172
12.36568 0.28937286901888676
12.36688 0.2889897712906563
12.36809 0.2886066735624258
12.3693 0.28822357583419533
12.3705 0.2878404781059648
12.37171 0.2874573803777344
12.37292 0.2870742826495039
12.37413 0.28671033980768496
12.37533 0.2863272420794545
12.37654 0.285944144351224
12.37775 0.285541891736582
12.37895 0.28515879400835153
12.38016 0.28477569628012106
12.38137 0.2843925985518906
12.38257 0.28400950082366017
12.38378 0.2836264030954297
12.38499 0.2832433053671992
12.38619 0.2828602076389687
12.3874 0.2824962647971498
12.38861 0.28213232195533083
12.38981 0.2817683791135119
12.39102 0.2814044362716929
12.39223 0.28104049342987397
12.39343 0.280676550588055
12.39464 0.28033176263264764
12.39585 0.27998697467724015
12.39705 0.27962303183542125
12.39826 0.2792782438800138
12.39947 0.2789526108110179
12.40068 0.2786078228556105
12.40188 0.2782630349002031
12.40309 0.2779374018312072
12.4043 0.2776117687622113
12.4055 0.27728613569321536
12.40671 0.27697965751063097
12.40792 0.27665402444163506
12.40912 0.2763475462590507
12.41033 0.2760410680764663
12.41154 0.27573458989388194
12.41274 0.27544726659770913
12.41395 0.2751407884151247
12.41516 0.27483431023254035
12.41636 0.27454698693636753
12.41757 0.2742405087537831
12.41878 0.27395318545761027
12.41998 0.2736467072750258
12.42119 0.273359383978853
12.4224 0.2730529057962687
12.4236 0.2727655825000958
12.42481 0.27247825920392293
12.42602 0.27219093590775006
12.42723 0.2719036126115772
12.42843 0.2716162893154044
12.42964 0.2713289660192315
12.43085 0.27104164272305864
12.43205 0.2707351645404743
12.43326 0.27044784124430143
12.43447 0.27016051794812856
12.43567 0.2698731946519557
12.43688 0.2695858713557829
12.43809 0.26929854805961
12.43929 0.2689920698770256
12.4405 0.26870474658085275
12.44171 0.26841742328467993
12.44291 0.26813009998850706
12.44412 0.26784277669233425
12.44533 0.2675554533961614
12.44653 0.2672681300999885
12.44774 0.2669808068038157
12.44895 0.2666934835076428
12.45015 0.26640616021146996
12.45136 0.26613799180170866
12.45257 0.2658506685055358
12.45378 0.26558250009577444
12.45498 0.26529517679960163
12.45619 0.2650270083898403
12.4574 0.26475883998007893
12.4586 0.26447151668390606
12.45981 0.26420334827414477
12.46102 0.2639351798643834
12.46222 0.26366701145462207
12.46343 0.2633988430448607
12.46464 0.26314982952151095
12.46584 0.2628816611117496
12.46705 0.2626134927019883
12.46826 0.2623644791786385
12.46946 0.26211546565528865
12.47067 0.2618472972455273
12.47188 0.2615982837221775
12.47308 0.26134927019882775
12.47429 0.2611002566754779
12.4755 0.2608512431521281
12.4767 0.2606022296287783
12.47791 0.26035321610542855
12.47912 0.26010420258207867
12.48033 0.2598551890587289
12.48153 0.2596253304217906
12.48274 0.2593763168984408
12.48395 0.25912730337509104
12.48515 0.25887828985174116
12.48636 0.2586484312148029
12.48757 0.2583994176914531
12.48877 0.25816955905451483
12.48998 0.257920545531165
12.49119 0.25769068689422675
12.49239 0.25746082825728844
12.4936 0.25723096962035014
12.49481 0.2570011109834119
12.49601 0.25675209746006206
12.49722 0.2565222388231238
12.49843 0.2563115350725971
12.49963 0.25608167643565877
12.50084 0.25585181779872046
12.50205 0.2556219591617822
12.50325 0.2553921005248439
12.50446 0.25518139677431717
12.50567 0.25495153813737886
12.50688 0.2547408343868521
12.50808 0.25453013063632535
12.50929 0.25431942688579856
12.5105 0.25410872313527183
12.5117 0.25389801938474504
12.51291 0.2536873156342183
12.51412 0.2534957667701031
12.51532 0.25328506301957626
12.51653 0.25309351415546105
12.51774 0.2528828104049343
12.51894 0.2526912615408191
12.52015 0.25249971267670385
12.52136 0.25228900892617706
12.52256 0.25209746006206185
12.52377 0.2518867563115351
12.52498 0.25167605256100833
12.52618 0.2514653488104816
12.52739 0.25127379994636634
12.5286 0.25106309619583955
12.5298 0.2508523924453128
12.53101 0.2506608435811976
12.53222 0.2504501398306708
12.53343 0.2502394360801441
12.53463 0.2500287323296173
12.53584 0.24981802857909055
12.53705 0.24958816994215224
12.53825 0.24937746619162549
12.53946 0.2491476075546872
12.54067 0.24893690380416045
12.54187 0.2487070451672222
12.54308 0.24845803164387234
12.54429 0.24822817300693412
12.54549 0.2479983143699958
12.5467 0.2477684557330575
12.54791 0.2475194422097077
12.54911 0.24728958357276942
12.55032 0.24704057004941962
12.55153 0.24681071141248132
12.55273 0.24656169788913154
12.55394 0.24633183925219324
12.55515 0.24608282572884344
12.55635 0.24585296709190516
12.55756 0.2456231084549669
12.55877 0.24537409493161705
12.55998 0.2451442362946788
12.56118 0.24489522277132897
12.56239 0.24466536413439072
12.5636 0.24441635061104086
12.5648 0.24418649197410264
12.56601 0.24393747845075278
12.56722 0.24370761981381453
12.56842 0.24347776117687625
12.56963 0.24324790253993794
12.57084 0.2430180439029997
12.57204 0.24278818526606138
12.57325 0.24257748151553463
12.57446 0.24234762287859632
12.57566 0.2421177642416581
12.57687 0.24190706049113134
12.57808 0.24167720185419303
12.57928 0.24146649810366627
12.58049 0.24123663946672796
12.5817 0.2410259357162012
12.58291 0.24081523196567445
12.58411 0.24058537332873617
12.58532 0.2403746695782094
12.58653 0.24016396582768265
12.58773 0.2399532620771559
12.58894 0.23974255832662913
12.59015 0.23953185457610238
12.59135 0.23932115082557562
12.59256 0.23911044707504886
12.59377 0.2388997433245221
12.59497 0.23868903957399534
12.59618 0.23847833582346858
12.59739 0.23828678695935335
12.59859 0.2380760832088266
12.5998 0.23786537945829983
12.60101 0.23765467570777307
12.60221 0.2374439719572463
12.60342 0.23723326820671956
12.60463 0.23704171934260432
12.60583 0.23683101559207756
12.60704 0.2366203118415508
12.60825 0.23640960809102404
12.60946 0.23619890434049728
12.61066 0.23600735547638205
12.61187 0.2357966517258553
12.61308 0.23558594797532853
12.61428 0.23537524422480177
12.61549 0.235164540474275
12.6167 0.23497299161015978
12.6179 0.23476228785963302
12.61911 0.23455158410910626
12.62032 0.2343408803585795
12.62152 0.23413017660805274
12.62273 0.23391947285752598
12.62394 0.2337087691069992
12.62514 0.23349806535647244
12.62635 0.23328736160594568
12.62756 0.23307665785541892
12.62876 0.23288510899130369
12.62997 0.23267440524077693
12.63118 0.23246370149025017
12.63238 0.2322529977397234
12.63359 0.23206144887560817
12.6348 0.23185074512508141
12.63601 0.23164004137455466
12.63721 0.23144849251043945
12.63842 0.23123778875991266
12.63963 0.23104623989579745
12.64083 0.2308355361452707
12.64204 0.23064398728115545
12.64325 0.2304332835306287
12.64445 0.23024173466651343
12.64566 0.23003103091598667
12.64687 0.22983948205187144
12.64807 0.2296479331877562
12.64928 0.22943722943722944
12.65049 0.2292456805731142
12.65169 0.229054131708999
12.6529 0.22886258284488376
12.65411 0.22867103398076852
12.65531 0.22847948511665328
12.65652 0.22828793625253802
12.65773 0.2280963873884228
12.65893 0.22790483852430757
12.66014 0.22771328966019233
12.66135 0.22750258590966557
12.66256 0.22731103704555033
12.66376 0.2271194881814351
12.66497 0.22690878443090834
12.66618 0.22671723556679313
12.66738 0.22650653181626634
12.66859 0.2263149829521511
12.6698 0.22610427920162435
12.671 0.2259127303375091
12.67221 0.22570202658698235
12.67342 0.2254913228364556
12.67462 0.22528061908592883
12.67583 0.22506991533540205
12.67704 0.22485921158487532
12.67824 0.22462935294793704
12.67945 0.22439949431099876
12.68066 0.22416963567406045
12.68186 0.22393977703712217
12.68307 0.22370991840018392
12.68428 0.22348005976324561
12.68548 0.22325020112630733
12.68669 0.2230011876029575
12.6879 0.22277132896601926
12.68911 0.22252231544266943
12.69031 0.22229245680573115
12.69152 0.22204344328238135
12.69273 0.22181358464544307
12.69393 0.22156457112209324
12.69514 0.22131555759874347
12.69635 0.22106654407539364
12.69755 0.22081753055204384
12.69876 0.22056851702869404
12.69997 0.2203195035053442
12.70117 0.2200513350955829
12.70238 0.2198023215722331
12.70359 0.2195533080488833
12.70479 0.219323449411945
12.706 0.21907443588859518
12.70721 0.21884457725165693
12.70841 0.2185955637283071
12.70962 0.21836570509136882
12.71083 0.21813584645443052
12.71203 0.21792514270390378
12.71324 0.2176952840669655
12.71445 0.21746542543002723
12.71566 0.21725472167950047
12.71686 0.21704401792897368
12.71807 0.2168141592920354
12.71928 0.21660345554150864
12.72048 0.21639275179098189
12.72169 0.21618204804045513
12.7229 0.21597134428992837
12.7241 0.21577979542581313
12.72531 0.21556909167528637
12.72652 0.21537754281117114
12.72772 0.2151859939470559
12.72893 0.2150135999693522
12.73014 0.21482205110523697
12.73134 0.2146305022411217
12.73255 0.21445810826341802
12.73376 0.21426655939930278
12.73496 0.21407501053518754
12.73617 0.2138834616710723
12.73738 0.21369191280695707
12.73858 0.21350036394284183
12.73979 0.21328966019231507
12.741 0.21309811132819984
12.74221 0.21288740757767308
12.74341 0.21267670382714632
12.74462 0.21246600007661956
12.74583 0.2122552963260928
12.74703 0.21204459257556604
12.74824 0.21183388882503926
12.74945 0.211604030188101
12.75065 0.21139332643757425
12.75186 0.21116346780063597
12.75307 0.21093360916369766
12.75427 0.21070375052675938
12.75548 0.21047389188982113
12.75669 0.2102248783664713
12.75789 0.20999501972953302
12.7591 0.20974600620618322
12.76031 0.2094969926828334
12.76151 0.20922882427307207
12.76272 0.20897981074972227
12.76393 0.20873079722637244
12.76513 0.20846262881661112
12.76634 0.20821361529326132
12.76755 0.2079454468835
12.76876 0.20769643336015017
12.76996 0.20744741983680037
12.77117 0.20717925142703905
12.77238 0.20693023790368925
12.77358 0.20668122438033942
12.77479 0.2064130559705781
12.776 0.2061640424472283
12.7772 0.2059150289238785
12.77841 0.20566601540052867
12.77962 0.20539784699076738
12.78082 0.20514883346741755
12.78203 0.20489981994406772
12.78324 0.2046316515343064
12.78444 0.2043826380109566
12.78565 0.20411446960119528
12.78686 0.20384630119143396
12.78806 0.20359728766808413
12.78927 0.2033291192583228
12.79048 0.20306095084856146
12.79169 0.2028119373252117
12.79289 0.20254376891545034
12.7941 0.20227560050568902
12.79531 0.20200743209592767
12.79651 0.20173926368616635
12.79772 0.20147109527640503
12.79893 0.20120292686664368
12.80013 0.20093475845688236
12.80134 0.20066659004712104
12.80255 0.2003984216373597
12.80375 0.20011109834118684
12.80496 0.19984292993142552
12.80617 0.19955560663525265
12.80737 0.19928743822549133
12.80858 0.19900011492931846
12.80979 0.19871279163314562
12.81099 0.19842546833697278
12.8122 0.19815729992721146
12.81341 0.19786997663103859
12.81461 0.19758265333486574
12.81582 0.19731448492510442
12.81703 0.19702716162893155
12.81824 0.19675899321917023
12.81944 0.1964908248094089
12.82065 0.196203501513236
12.82186 0.19593533310347472
12.82306 0.1956671646937134
12.82427 0.19539899628395205
12.82548 0.19513082787419073
12.82668 0.19486265946442938
12.82789 0.19459449105466806
12.8291 0.19432632264490673
12.8303 0.19405815423514539
12.83151 0.1938091407117956
12.83272 0.19354097230203426
12.83392 0.19329195877868446
12.83513 0.19304294525533464
12.83634 0.19279393173198484
12.83754 0.19254491820863504
12.83875 0.1922959046852852
12.83996 0.19204689116193543
12.84116 0.1917978776385856
12.84237 0.19156801900164733
12.84358 0.19131900547829753
12.84479 0.19106999195494773
12.84599 0.19084013331800942
12.8472 0.19059111979465965
12.84841 0.19034210627130982
12.84961 0.19011224763437154
12.85082 0.18986323411102174
12.85203 0.1896142205876719
12.85323 0.18936520706432214
12.85444 0.18913534842738383
12.85565 0.18888633490403403
12.85685 0.18863732138068423
12.85806 0.18840746274374595
12.85927 0.18815844922039612
12.86047 0.18790943569704635
12.86168 0.18766042217369652
12.86289 0.1874114086503467
12.86409 0.18716239512699692
12.8653 0.18689422671723557
12.86651 0.18664521319388577
12.86771 0.18637704478412442
12.86892 0.1861088763743631
12.87013 0.18584070796460178
12.87134 0.18557253955484043
12.87254 0.18530437114507914
12.87375 0.1850362027353178
12.87496 0.18476803432555647
12.87616 0.18449986591579515
12.87737 0.18421254261962228
12.87858 0.18394437420986096
12.87978 0.1836570509136881
12.88099 0.18338888250392676
12.8822 0.1831015592077539
12.8834 0.18283339079799257
12.88461 0.18254606750181973
12.88582 0.18225874420564686
12.88702 0.18197142090947402
12.88823 0.18168409761330118
12.88944 0.18139677431712833
12.89064 0.18110945102095544
12.89185 0.1808221277247826
12.89306 0.18053480442860975
12.89426 0.18026663601884843
12.89547 0.17997931272267556
12.89668 0.17969198942650272
12.89789 0.1794238210167414
12.89909 0.17915565260698005
12.9003 0.17888748419721873
12.90151 0.17861931578745738
12.90271 0.17835114737769606
12.90392 0.17808297896793474
12.90513 0.1778148105581734
12.90633 0.1775657970348236
12.90754 0.17729762862506226
12.90875 0.17704861510171246
12.90995 0.17678044669195112
12.91116 0.17653143316860134
12.91237 0.17628241964525151
12.91357 0.1760334061219017
12.91478 0.17578439259855191
12.91599 0.17553537907520209
12.91719 0.17528636555185229
12.9184 0.175056506914914
12.91961 0.17482664827797573
12.92081 0.17457763475462593
12.92202 0.17434777611768765
12.92323 0.17411791748074934
12.92444 0.17388805884381106
12.92564 0.17363904532046126
12.92685 0.17340918668352298
12.92806 0.17316017316017315
12.92926 0.17291115963682338
12.93047 0.17266214611347355
12.93168 0.17241313259012375
12.93288 0.17216411906677395
12.93409 0.17191510554342412
12.9353 0.17166609202007435
12.9365 0.17141707849672452
12.93771 0.1711680649733747
12.93892 0.17089989656361337
12.94012 0.17065088304026357
12.94133 0.17038271463050225
12.94254 0.17011454622074093
12.94374 0.1698655326973911
12.94495 0.16959736428762978
12.94616 0.1693100409914569
12.94736 0.1690418725816956
12.94857 0.16875454928552275
12.94978 0.1684863808757614
12.95099 0.16819905757958856
12.95219 0.16791173428341571
12.9534 0.16760525610083132
12.95461 0.16731793280465848
12.95581 0.1670306095084856
12.95702 0.16674328621231277
12.95823 0.16643680802972838
12.95943 0.16614948473355554
12.96064 0.1658621614373827
12.96185 0.16557483814120985
12.96305 0.16528751484503698
12.96426 0.1650001915488641
12.96547 0.16471286825269127
12.96667 0.16442554495651843
12.96788 0.16413822166034556
12.96909 0.16385089836417271
12.97029 0.16356357506799984
12.9715 0.163276251771827
12.97271 0.16300808336206565
12.97391 0.1627207600658928
12.97512 0.16243343676971997
12.97633 0.16214611347354713
12.97754 0.16187794506378578
12.97874 0.16159062176761294
12.97995 0.16132245335785161
12.98116 0.16105428494809026
12.98236 0.16076696165191742
12.98357 0.1604987932421561
12.98478 0.16023062483239475
12.98598 0.15996245642263343
12.98719 0.15969428801287208
12.9884 0.15942611960311076
12.9896 0.15915795119334944
12.99081 0.1588897827835881
12.99202 0.15862161437382677
12.99322 0.15835344596406542
12.99443 0.15806612266789258
12.99564 0.15779795425813126
12.99684 0.1575106309619584
12.99805 0.15724246255219707
12.99926 0.15695513925602422
13.00047 0.15666781595985138
13.00167 0.1563804926636785
13.00288 0.1561123242539172
13.00409 0.15582500095774435
13.00529 0.15553767766157148
13.0065 0.1552503543653986
13.00771 0.15496303106922577
13.00891 0.15467570777305292
13.01012 0.15438838447688008
13.01133 0.1540819062942957
13.01253 0.15379458299812282
13.01374 0.15348810481553846
13.01495 0.1532007815193656
13.01615 0.15289430333678122
13.01736 0.15258782515419683
13.01857 0.15228134697161247
13.01977 0.15199402367543963
13.02098 0.15168754549285524
13.02219 0.15138106731027087
13.02339 0.15107458912768648
13.0246 0.15076811094510212
13.02581 0.15048078764892925
13.02702 0.15017430946634486
13.02822 0.14988698617017202
13.02943 0.14958050798758765
13.03064 0.14929318469141478
13.03184 0.14898670650883042
13.03305 0.14869938321265758
13.03426 0.14841205991648468
13.03546 0.14810558173390032
13.03667 0.14781825843772747
13.03788 0.14753093514155463
13.03908 0.14724361184538176
13.04029 0.14695628854920892
13.0415 0.14666896525303605
13.0427 0.1463816419568632
13.04391 0.14611347354710189
13.04512 0.14582615025092902
13.04632 0.1455579818411677
13.04753 0.14527065854499485
13.04874 0.1450024901352335
13.04994 0.14473432172547218
13.05115 0.14446615331571086
13.05236 0.1441979849059495
13.05357 0.1439298164961882
13.05477 0.14366164808642684
13.05598 0.14339347967666552
13.05719 0.1431253112669042
13.05839 0.14285714285714285
13.0596 0.14258897444738156
13.06081 0.1423208060376202
13.06201 0.1420717925142704
13.06322 0.14180362410450906
13.06443 0.14153545569474774
13.06563 0.14126728728498641
13.06684 0.14101827376163661
13.06805 0.14075010535187527
13.06925 0.14048193694211394
13.07046 0.14021376853235262
13.07167 0.13994560012259127
13.07287 0.13969658659924147
13.07408 0.13942841818948012
13.07529 0.13916024977971883
13.07649 0.13887292648354596
13.0777 0.1386047580737846
13.07891 0.13833658966402332
13.08012 0.13804926636785045
13.08132 0.1377810979580891
13.08253 0.13749377466191626
13.08374 0.13722560625215494
13.08494 0.13693828295598207
13.08615 0.13667011454622074
13.08736 0.1363827912500479
13.08856 0.13609546795387503
13.08977 0.1358272995441137
13.09098 0.13553997624794087
13.09218 0.13525265295176803
13.09339 0.13498448454200668
13.0946 0.1346971612458338
13.0958 0.13440983794966097
13.09701 0.13414166953989962
13.09822 0.13385434624372677
13.09942 0.13356702294755393
13.10063 0.1332796996513811
13.10184 0.13299237635520822
13.10304 0.1327242079454469
13.10425 0.13243688464927403
13.10546 0.13214956135310119
13.10667 0.13188139294333984
13.10787 0.131594069647167
13.10908 0.13132590123740567
13.11029 0.1310385779412328
13.11149 0.13077040953147148
13.1127 0.13050224112171016
13.11391 0.1302340727119488
13.11511 0.1299659043021875
13.11632 0.12969773589242617
13.11753 0.12942956748266485
13.11873 0.12916139907290353
13.11994 0.12889323066314218
13.12115 0.12862506225338086
13.12235 0.1283568938436195
13.12356 0.1281078803202697
13.12477 0.12783971191050836
13.12597 0.12757154350074706
13.12718 0.12730337509098572
13.12839 0.1270352066812244
13.12959 0.12676703827146307
13.1308 0.12649886986170172
13.13201 0.1262307014519404
13.13322 0.12596253304217905
13.13442 0.12569436463241773
13.13563 0.1254261962226564
13.13684 0.12515802781289506
13.13804 0.12488985940313374
13.13925 0.12460253610696088
13.14046 0.12433436769719955
13.14166 0.12406619928743823
13.14287 0.12379803087767692
13.14408 0.12351070758150404
13.14528 0.1232425391717427
13.14649 0.12295521587556986
13.1477 0.12266789257939702
13.1489 0.12238056928322416
13.15011 0.12211240087346283
13.15132 0.12182507757728998
13.15252 0.12153775428111713
13.15373 0.12125043098494426
13.15494 0.12096310768877142
13.15614 0.12069493927901008
13.15735 0.12040761598283722
13.15856 0.12013944757307589
13.15977 0.11985212427690305
13.16097 0.11958395586714171
13.16218 0.11929663257096887
13.16339 0.11902846416120753
13.16459 0.1187602957514462
13.1658 0.11849212734168486
13.16701 0.11820480404551202
13.16821 0.11793663563575069
13.16942 0.11766846722598935
13.17063 0.11740029881622802
13.17183 0.11713213040646671
13.17304 0.11686396199670537
13.17425 0.11659579358694404
13.17545 0.11634678006359424
13.17666 0.1160786116538329
13.17787 0.1158295981304831
13.17907 0.11556142972072177
13.18028 0.11531241619737195
13.18149 0.11506340267402215
13.18269 0.11481438915067234
13.1839 0.11456537562732254
13.18511 0.11431636210397272
13.18632 0.11408650346703444
13.18752 0.11383748994368463
13.18873 0.11358847642033483
13.18994 0.11333946289698503
13.19114 0.11309044937363523
13.19235 0.11284143585028542
13.19356 0.1125924223269356
13.19476 0.1123434088035858
13.19597 0.11211355016664752
13.19718 0.11186453664329771
13.19838 0.11161552311994791
13.19959 0.11136650959659809
13.2008 0.11111749607324829
13.202 0.11086848254989849
13.20321 0.11061946902654868
13.20442 0.1103896103896104
13.20562 0.1101405968662606
13.20683 0.10989158334291078
13.20804 0.10964256981956097
13.20924 0.10939355629621117
13.21045 0.10914454277286137
13.21166 0.10889552924951156
13.21287 0.10864651572616175
13.21407 0.10839750220281194
13.21528 0.10812933379305062
13.21649 0.1078803202697008
13.21769 0.10763130674635099
13.2189 0.10738229322300119
13.22011 0.10713327969965139
13.22131 0.10688426617630159
13.22252 0.10663525265295178
13.22373 0.10638623912960196
13.22493 0.10613722560625216
13.22614 0.10588821208290236
13.22735 0.10563919855955255
13.22855 0.10539018503620275
13.22976 0.10516032639926445
13.23097 0.10491131287591465
13.23217 0.10466229935256485
13.23338 0.10443244071562656
13.23459 0.10418342719227676
13.2358 0.10393441366892696
13.237 0.10370455503198867
13.23821 0.10347469639505039
13.23942 0.10322568287170057
13.24062 0.10299582423476229
13.24183 0.10276596559782401
13.24304 0.10253610696088573
13.24424 0.10230624832394744
13.24545 0.10207638968700916
13.24666 0.10184653105007088
13.24786 0.10163582729954412
13.24907 0.10140596866260584
13.25028 0.10117611002566755
13.25148 0.10096540627514079
13.25269 0.10075470252461403
13.2539 0.10052484388767575
13.2551 0.100314140137149
13.25631 0.10010343638662224
13.25752 0.09989273263609548
13.25872 0.09968202888556872
13.25993 0.09947132513504195
13.26114 0.09926062138451519
13.26235 0.09904991763398843
13.26355 0.09885836876987321
13.26476 0.09864766501934644
13.26597 0.09845611615523121
13.26717 0.09824541240470445
13.26838 0.0980538635405892
13.26959 0.09786231467647398
13.27079 0.09767076581235874
13.272 0.0974792169482435
13.27321 0.09726851319771675
13.27441 0.09707696433360151
13.27562 0.09688541546948627
13.27683 0.09669386660537103
13.27803 0.0965023177412558
13.27924 0.0963299237635521
13.28045 0.09613837489943684
13.28165 0.09594682603532162
13.28286 0.09575527717120638
13.28407 0.09556372830709114
13.28527 0.09539133432938743
13.28648 0.0951997854652722
13.28769 0.09500823660115695
13.2889 0.09483584262345325
13.2901 0.09464429375933801
13.29131 0.09447189978163431
13.29252 0.0942995058039306
13.29372 0.09410795693981536
13.29493 0.09393556296211164
13.29614 0.09376316898440792
13.29734 0.09357162012029269
13.29855 0.09339922614258897
13.29976 0.09322683216488527
13.30096 0.09303528330077003
13.30217 0.09286288932306633
13.30338 0.09269049534536261
13.30458 0.0925181013676589
13.30579 0.09234570738995519
13.307 0.092192468298663
13.3082 0.09202007432095928
13.30941 0.0918668352296671
13.31062 0.0917135961383749
13.31182 0.09156035704708272
13.31303 0.09140711795579053
13.31424 0.09127303375090987
13.31545 0.09111979465961767
13.31665 0.09098571045473701
13.31786 0.09085162624985635
13.31907 0.09071754204497567
13.32027 0.09058345784009501
13.32148 0.09046852852162587
13.32269 0.09033444431674521
13.32389 0.09021951499827607
13.3251 0.09010458567980692
13.32631 0.0900088112477493
13.32751 0.0899130368156917
13.32872 0.08981726238363408
13.32993 0.08972148795157645
13.33113 0.08964486840593036
13.33234 0.08956824886028426
13.33355 0.08949162931463817
13.33475 0.0894341646554036
13.33596 0.08937669999616903
13.33717 0.08931923533693445
13.33837 0.08926177067769989
13.33958 0.08922346090487684
13.34079 0.08918515113205379
13.342 0.08914684135923075
13.3432 0.08910853158640769
13.34441 0.08907022181358465
13.34562 0.08903191204076161
13.34682 0.08901275715435007
13.34803 0.08899360226793857
13.34924 0.08897444738152703
13.35044 0.08897444738152703
13.35165 0.08895529249511551
13.35286 0.08895529249511551
13.35406 0.08895529249511551
13.35527 0.08895529249511551
13.35648 0.08895529249511551
13.35768 0.08895529249511551
13.35889 0.08897444738152703
13.3601 0.08897444738152703
13.3613 0.08897444738152703
13.36251 0.08899360226793857
13.36372 0.08899360226793857
13.36492 0.08899360226793857
13.36613 0.08901275715435007
13.36734 0.08901275715435007
13.36855 0.08903191204076161
13.36975 0.08903191204076161
13.37096 0.08905106692717311
13.37217 0.08907022181358465
13.37337 0.08907022181358465
13.37458 0.08908937669999618
13.37579 0.08910853158640769
13.37699 0.08912768647281923
13.3782 0.08912768647281923
13.37941 0.08914684135923075
13.38061 0.08916599624564227
13.38182 0.08918515113205379
13.38303 0.08920430601846531
13.38423 0.08922346090487684
13.38544 0.08922346090487684
13.38665 0.08924261579128837
13.38785 0.08926177067769989
13.38906 0.08928092556411141
13.39027 0.08930008045052294
13.39147 0.08931923533693445
13.39268 0.08933839022334598
13.39389 0.08937669999616903
13.3951 0.08939585488258056
13.3963 0.08941500976899207
13.39751 0.0894341646554036
13.39872 0.08945331954181512
13.39992 0.08949162931463817
13.40113 0.0895107842010497
13.40234 0.08954909397387274
13.40354 0.08956824886028426
13.40475 0.08960655863310732
13.40596 0.08962571351951883
13.40716 0.08966402329234188
13.40837 0.0896831781787534
13.40958 0.08972148795157645
13.41078 0.08974064283798798
13.41199 0.0897597977243995
13.4132 0.08979810749722254
13.4144 0.08981726238363408
13.41561 0.08983641727004558
13.41682 0.08985557215645712
13.41802 0.08987472704286865
13.41923 0.0899130368156917
13.42044 0.0899321917021032
13.42165 0.08995134658851474
13.42285 0.08997050147492626
13.42406 0.08998965636133778
13.42527 0.0900088112477493
13.42647 0.09002796613416084
13.42768 0.09002796613416084
13.42889 0.09002796613416084
13.43009 0.09002796613416084
13.4313 0.09002796613416084
13.43251 0.09002796613416084
13.43371 0.0900088112477493
13.43492 0.08998965636133778
13.43613 0.08997050147492626
13.43733 0.08995134658851474
13.43854 0.0899130368156917
13.43975 0.08989388192928016
13.44095 0.08985557215645712
13.44216 0.08981726238363408
13.44337 0.0897597977243995
13.44458 0.08972148795157645
13.44578 0.08966402329234188
13.44699 0.08960655863310732
13.4482 0.08952993908746121
13.4494 0.08945331954181512
13.45061 0.08937669999616903
13.45182 0.08930008045052294
13.45302 0.08920430601846531
13.45423 0.08910853158640769
13.45544 0.08899360226793857
13.45664 0.08889782783588093
13.45785 0.0887828985174118
13.45906 0.08864881431253113
13.46026 0.08853388499406198
13.46147 0.08839980078918132
13.46268 0.08826571658430067
13.46388 0.08813163237942
13.46509 0.08799754817453934
13.4663 0.08786346396965866
13.4675 0.08771022487836647
13.46871 0.08755698578707428
13.46992 0.08740374669578209
13.47113 0.08725050760448991
13.47233 0.0870781136267862
13.47354 0.08690571964908249
13.47475 0.08673332567137877
13.47595 0.08656093169367507
13.47716 0.08636938282955982
13.47837 0.08619698885185612
13.47957 0.08600543998774088
13.48078 0.08581389112362564
13.48199 0.0856223422595104
13.48319 0.08543079339539517
13.4844 0.08523924453127993
13.48561 0.0850476956671647
13.48681 0.08483699191663795
13.48802 0.08462628816611117
13.48923 0.08441558441558442
13.49043 0.08420488066505766
13.49164 0.0839941769145309
13.49285 0.08378347316400414
13.49405 0.08355361452706586
13.49526 0.0833429107765391
13.49647 0.08311305213960081
13.49768 0.08290234838907405
13.49888 0.08267248975213577
13.50009 0.08244263111519749
13.5013 0.08223192736467073
13.5025 0.08200206872773246
13.50371 0.08177221009079416
13.50492 0.08154235145385588
13.50612 0.0813124928169176
13.50733 0.08108263417997931
13.50854 0.08083362065662951
13.50974 0.08060376201969123
13.51095 0.08037390338275294
13.51216 0.08012488985940314
13.51336 0.07989503122246484
13.51457 0.07966517258552658
13.51578 0.07943531394858828
13.51698 0.07920545531165
13.51819 0.07897559667471173
13.5194 0.07874573803777345
13.5206 0.07853503428724669
13.52181 0.07832433053671993
13.52302 0.07809447189978164
13.52423 0.07788376814925488
13.52543 0.07767306439872812
13.52664 0.07744320576178984
13.52785 0.07723250201126308
13.52905 0.07702179826073632
13.53026 0.07683024939662109
13.53147 0.07661954564609433
13.53267 0.07642799678197908
13.53388 0.07623644791786385
13.53509 0.07604489905374862
13.53629 0.0758725050760449
13.5375 0.0757001110983412
13.53871 0.07552771712063748
13.53991 0.0753744780293453
13.54112 0.0752212389380531
13.54233 0.07506799984676092
13.54353 0.07491476075546873
13.54474 0.07478067655058805
13.54595 0.07462743745929587
13.54715 0.07449335325441521
13.54836 0.07437842393594607
13.54957 0.07424433973106541
13.55078 0.07412941041259626
13.55198 0.07403363598053864
13.55319 0.0739187066620695
13.5544 0.07382293223001188
13.5556 0.07372715779795427
13.55681 0.07365053825230816
13.55802 0.07357391870666208
13.55922 0.07349729916101598
13.56043 0.0734398345017814
13.56164 0.07336321495613532
13.56284 0.07332490518331226
13.56405 0.0732674405240777
13.56526 0.07322913075125465
13.56646 0.0731908209784316
13.56767 0.07315251120560856
13.56888 0.07311420143278552
13.57008 0.07309504654637398
13.57129 0.07305673677355094
13.5725 0.07303758188713941
13.5737 0.07303758188713941
13.57491 0.07301842700072789
13.57612 0.07301842700072789
13.57733 0.07299927211431637
13.57853 0.07301842700072789
13.57974 0.07301842700072789
13.58095 0.07301842700072789
13.58215 0.07303758188713941
13.58336 0.07305673677355094
13.58457 0.07307589165996246
13.58577 0.07311420143278552
13.58698 0.07313335631919703
13.58819 0.07317166609202007
13.58939 0.0731908209784316
13.5906 0.07322913075125465
13.59181 0.0732674405240777
13.59301 0.07332490518331226
13.59422 0.07336321495613532
13.59543 0.0734206796153699
13.59663 0.07345898938819294
13.59784 0.0735164540474275
13.59905 0.07357391870666208
13.60025 0.07363138336589665
13.60146 0.07370800291154274
13.60267 0.07376546757077732
13.60388 0.0738420871164234
13.60508 0.0739187066620695
13.60629 0.07401448109412712
13.6075 0.07409110063977321
13.6087 0.07418687507183083
13.60991 0.07428264950388845
13.61112 0.07439757882235759
13.61232 0.07449335325441521
13.61353 0.07460828257288435
13.61474 0.07472321189135349
13.61594 0.07485729609623415
13.61715 0.0749722254147033
13.61836 0.07510630961958396
13.61956 0.07524039382446462
13.62077 0.0753744780293453
13.62198 0.07550856223422595
13.62318 0.07564264643910662
13.62439 0.07577673064398728
13.6256 0.07592996973527948
13.6268 0.07608320882657166
13.62801 0.07621729303145233
13.62922 0.07637053212274453
13.63043 0.07654292610044823
13.63163 0.07669616519174041
13.63284 0.07686855916944413
13.63405 0.07702179826073632
13.63525 0.07719419223844004
13.63646 0.07736658621614374
13.63767 0.07753898019384746
13.63887 0.07771137417155118
13.64008 0.07788376814925488
13.64129 0.0780561621269586
13.64249 0.07822855610466231
13.6437 0.07840095008236601
13.64491 0.07857334406006973
13.64611 0.07872658315136191
13.64732 0.07889897712906563
13.64853 0.07907137110676933
13.64973 0.07924376508447305
13.65094 0.07939700417576524
13.65215 0.07956939815346896
13.65336 0.07974179213117266
13.65456 0.07991418610887638
13.65577 0.0800865800865801
13.65698 0.0802589740642838
13.65818 0.08043136804198751
13.65939 0.08060376201969123
13.6606 0.08077615599739493
13.6618 0.08094854997509865
13.66301 0.08114009883921389
13.66422 0.0813124928169176
13.66542 0.08150404168103283
13.66663 0.08167643565873654
13.66784 0.08186798452285178
13.66904 0.0820403785005555
13.67025 0.08223192736467073
13.67146 0.08242347622878597
13.67266 0.08261502509290121
13.67387 0.08280657395701643
13.67508 0.08299812282113167
13.67628 0.08318967168524692
13.67749 0.08340037543577368
13.6787 0.08361107918630044
13.67991 0.0838217829368272
13.68111 0.08403248668735394
13.68232 0.0842431904378807
13.68353 0.08447304907481899
13.68473 0.08470290771175727
13.68594 0.08493276634869555
13.68715 0.08516262498563384
13.68835 0.08539248362257212
13.68956 0.08564149714592192
13.69077 0.08587135578286022
13.69197 0.08612036930621002
13.69318 0.08635022794314831
13.69439 0.08659924146649811
13.69559 0.08684825498984791
13.6968 0.08709726851319771
13.69801 0.08734628203654753
13.69921 0.08759529555989734
13.70042 0.08784430908324714
13.70163 0.08809332260659695
13.70283 0.08836149101635828
13.70404 0.08861050453970809
13.70525 0.08887867294946941
13.70646 0.08914684135923075
13.70766 0.08939585488258056
13.70887 0.08966402329234188
13.71008 0.0899321917021032
13.71128 0.09018120522545302
13.71249 0.09044937363521434
13.7137 0.09069838715856417
13.7149 0.09094740068191397
13.71611 0.09119641420526377
13.71732 0.09144542772861357
13.71852 0.09169444125196338
13.71973 0.0919434547753132
13.72094 0.09217331341225148
13.72214 0.09242232693560128
13.72335 0.09267134045895108
13.72456 0.09290119909588937
13.72576 0.09313105773282765
13.72697 0.09338007125617746
13.72818 0.09360992989311573
13.72938 0.0938206336436425
13.73059 0.09405049228058078
13.7318 0.09426119603110754
13.73301 0.09447189978163431
13.73421 0.09466344864574953
13.73542 0.09485499750986477
13.73663 0.09504654637398001
13.73783 0.09523809523809525
13.73904 0.09541048921579896
13.74025 0.09558288319350267
13.74145 0.09575527717120638
13.74266 0.0959276711489101
13.74387 0.0960809102402023
13.74507 0.096253304217906
13.74628 0.09640654330919818
13.74749 0.09654062751407885
13.74869 0.09667471171895951
13.7499 0.09680879592384017
13.75111 0.09694288012872085
13.75231 0.09705780944718999
13.75352 0.09717273876565911
13.75473 0.09728766808412827
13.75593 0.09738344251618589
13.75714 0.0974792169482435
13.75835 0.09757499138030112
13.75956 0.09765161092594721
13.76076 0.09772823047159332
13.76197 0.0978048500172394
13.76318 0.09786231467647398
13.76438 0.09793893422212008
13.76559 0.09799639888135464
13.7668 0.0980347086541777
13.768 0.09807301842700074
13.76921 0.09811132819982378
13.77042 0.09814963797264684
13.77162 0.09818794774546988
13.77283 0.0982071026318814
13.77404 0.09822625751829292
13.77524 0.09822625751829292
13.77645 0.09822625751829292
13.77766 0.09822625751829292
13.77886 0.09822625751829292
13.78007 0.0982071026318814
13.78128 0.09818794774546988
13.78248 0.09816879285905834
13.78369 0.09814963797264684
13.7849 0.09811132819982378
13.78611 0.09807301842700074
13.78731 0.09801555376776616
13.78852 0.09795808910853158
13.78973 0.09790062444929702
13.79093 0.09784315979006245
13.79214 0.09776654024441636
13.79335 0.09768992069877025
13.79455 0.09761330115312417
13.79576 0.09753668160747807
13.79697 0.09744090717542045
13.79817 0.09732597785695131
13.79938 0.09723020342489369
13.80059 0.09711527410642457
13.80179 0.09700034478795541
13.803 0.09688541546948627
13.80421 0.09675133126460561
13.80541 0.09661724705972494
13.80662 0.09648316285484428
13.80783 0.0963490786499636
13.80903 0.09619583955867142
13.81024 0.09604260046737922
13.81145 0.09588936137608704
13.81266 0.09573612228479485
13.81386 0.09556372830709114
13.81507 0.09539133432938743
13.81628 0.0951997854652722
13.81748 0.09502739148756849
13.81869 0.09483584262345325
13.8199 0.09464429375933801
13.8211 0.09443359000881124
13.82231 0.09424204114469602
13.82352 0.09403133739416926
13.82472 0.0938206336436425
13.82593 0.09359077500670422
13.82714 0.09338007125617746
13.82834 0.09315021261923917
13.82955 0.09292035398230089
13.83076 0.09269049534536261
13.83196 0.0924414818220128
13.83317 0.092192468298663
13.83438 0.0919434547753132
13.83558 0.09167528636555186
13.83679 0.09142627284220206
13.838 0.09115810443244073
13.83921 0.09088993602267939
13.84041 0.09062176761291806
13.84162 0.09035359920315672
13.84283 0.0900854307933954
13.84403 0.08981726238363408
13.84524 0.08954909397387274
13.84645 0.08926177067769989
13.84765 0.08897444738152703
13.84886 0.0887062789717657
13.85007 0.08841895567559285
13.85127 0.08811247749300848
13.85248 0.08782515419683562
13.85369 0.08753783090066276
13.85489 0.08723135271807839
13.8561 0.08694402942190553
13.85731 0.08663755123932115
13.85851 0.08635022794314831
13.85972 0.08604374976056393
13.86093 0.08575642646439106
13.86214 0.08544994828180669
13.86334 0.08516262498563384
13.86455 0.08485614680304947
13.86576 0.08456882350687661
13.86696 0.08426234532429223
13.86817 0.08397502202811938
13.86938 0.083668543845535
13.87058 0.08338122054936215
13.87179 0.08307474236677777
13.873 0.08278741907060493
13.8742 0.08248094088802053
13.87541 0.08219361759184768
13.87662 0.08188713940926332
13.87782 0.08159981611309046
13.87903 0.08129333793050607
13.88024 0.08100601463433323
13.88144 0.08071869133816037
13.88265 0.08043136804198751
13.88386 0.08012488985940314
13.88506 0.0798375665632303
13.88627 0.07955024326705742
13.88748 0.07926291997088458
13.88869 0.07897559667471173
13.88989 0.07868827337853887
13.8911 0.07840095008236601
13.89231 0.07811362678619316
13.89351 0.0778263034900203
13.89472 0.07753898019384746
13.89593 0.0772516568976746
13.89713 0.07696433360150175
13.89834 0.07669616519174041
13.89955 0.07640884189556757
13.90075 0.0761215185993947
13.90196 0.07583419530322186
13.90317 0.075546872007049
13.90437 0.07527870359728768
13.90558 0.07499138030111481
13.90679 0.07470405700494197
13.90799 0.07443588859518063
13.9092 0.07414856529900779
13.91041 0.07386124200283492
13.91161 0.0735930735930736
13.91282 0.07330575029690074
13.91403 0.07303758188713941
13.91524 0.07275025859096657
13.91644 0.07248209018120523
13.91765 0.07219476688503237
13.91886 0.07192659847527105
13.92006 0.0716392751790982
13.92127 0.07137110676933686
13.92248 0.07110293835957553
13.92368 0.0708347699498142
13.92489 0.07054744665364135
13.9261 0.07027927824388001
13.9273 0.07001110983411869
13.92851 0.06974294142435736
13.92972 0.06947477301459602
13.93092 0.06918744971842317
13.93213 0.06891928130866184
13.93334 0.06865111289890051
13.93454 0.06838294448913919
13.93575 0.06811477607937785
13.93696 0.06784660766961652
13.93816 0.0675784392598552
13.93937 0.06732942573650538
13.94058 0.06706125732674406
13.94179 0.06679308891698273
13.94299 0.06652492050722139
13.9442 0.06625675209746007
13.94541 0.06600773857411026
13.94661 0.06573957016434893
13.94782 0.0654714017545876
13.94903 0.06522238823123779
13.95023 0.06495421982147646
13.95144 0.06470520629812665
13.95265 0.06443703788836533
13.95385 0.064168869478604
13.95506 0.06391985595525418
13.95627 0.06365168754549286
13.95747 0.06340267402214304
13.95868 0.06313450561238172
13.95989 0.06288549208903191
13.96109 0.06261732367927057
13.9623 0.06234915526950926
13.96351 0.062100141746159444
13.96471 0.06183197333639812
13.96592 0.06158295981304831
13.96713 0.061314791403286974
13.96834 0.06106577787993717
13.96954 0.06079760947017584
13.97075 0.06054859594682604
13.97196 0.06029958242347624
13.97316 0.06005056890012643
13.97437 0.0597824004903651
13.97558 0.05953338696701529
13.97678 0.05928437344366548
13.97799 0.05903535992031567
13.9792 0.058786346396965866
13.9804 0.058537332873616066
13.98161 0.05828831935026625
13.98282 0.05803930582691645
13.98402 0.057790292303566644
13.98523 0.05754127878021684
13.98644 0.05731142014327855
13.98764 0.05706240661992875
13.98885 0.056832547982990464
13.99006 0.05658353445964066
13.99126 0.05635367582270238
13.99247 0.05612381718576409
13.99368 0.05589395854882581
13.99489 0.055664099911887525
13.99609 0.05545339616136077
13.9973 0.05522353752442249
13.99851 0.05501283377389572
13.99971 0.054802130023368964
14.00092 0.054591426272842206
14.00213 0.05438072252231544
14.00333 0.05417001877178869
14.00454 0.05395931502126193
14.00575 0.05376776615714669
14.00695 0.05355706240661993
14.00816 0.0533655135425047
14.00937 0.05317396467838946
14.01057 0.05298241581427422
14.01178 0.05279086695015899
14.01299 0.05259931808604375
14.01419 0.05240776922192852
14.0154 0.05221622035781328
14.01661 0.05204382638010957
14.01781 0.05185227751599433
14.01902 0.05167988353829062
14.02023 0.05150748956058691
14.02144 0.0513350955828832
14.02264 0.05116270160517949
14.02385 0.0510094625138873
14.02506 0.05083706853618358
14.02626 0.05066467455847987
14.02747 0.050492280580776164
14.02868 0.050339041489483975
14.02988 0.05016664751178026
14.03109 0.04999425353407655
14.0323 0.04982185955637283
14.0335 0.049649465578669116
14.03471 0.04949622648737693
14.03592 0.04932383250967322
14.03712 0.04915143853196951
14.03833 0.04897904455426579
14.03954 0.04880665057656208
14.04074 0.048653411485269894
14.04195 0.048481017507566185
14.04316 0.04830862352986247
14.04436 0.04813622955215876
14.04557 0.04798299046086657
14.04678 0.047810596483162854
14.04799 0.047638202505459144
14.04919 0.047484963414166956
14.0504 0.047312569436463246
14.05161 0.04715933034517106
14.05281 0.04698693636746734
14.05402 0.04681454238976363
14.05523 0.04666130329847144
14.05643 0.046488909320767734
14.05764 0.04631651534306402
14.05885 0.04616327625177183
14.06005 0.04599088227406812
14.06126 0.0458184882963644
14.06247 0.045665249205072214
14.06367 0.045492855227368505
14.06488 0.045339616136076316
14.06609 0.04518637704478413
14.06729 0.04503313795349194
14.0685 0.04487989886219975
14.06971 0.04472665977090756
14.07092 0.04457342067961537
14.07212 0.044439336474734706
14.07333 0.044305252269854045
14.07454 0.04415201317856186
14.07574 0.04401792897368119
14.07695 0.04388384476880052
14.07816 0.043749760563919854
14.07936 0.04361567635903919
14.08057 0.043500747040570054
14.08178 0.043366662835689386
14.08298 0.04323257863080872
14.08419 0.04311764931233958
14.0854 0.04300271999387044
14.0866 0.04286863578898978
14.08781 0.04275370647052063
14.08902 0.042638777152051485
14.09022 0.04252384783358235
14.09143 0.042428073401524734
14.09264 0.04231314408305559
14.09384 0.042217369650997975
14.09505 0.04210244033252883
14.09626 0.04200666590047122
14.09747 0.0419108914684136
14.09867 0.04181511703635597
14.09988 0.04171934260429836
14.10109 0.04162356817224074
14.10229 0.041527793740183123
14.1035 0.041432019308125505
14.10471 0.041355399762479414
14.10591 0.041259625330421795
14.10712 0.04116385089836417
14.10833 0.04106807646630656
14.10953 0.04097230203424894
14.11074 0.04087652760219133
14.11195 0.0407807531701337
14.11315 0.04070413362448761
14.11436 0.04060835919242999
14.11557 0.040512584760372373
14.11677 0.040416810328314755
14.11798 0.04034019078266866
14.11919 0.040244416350611045
14.12039 0.04014864191855343
14.1216 0.040072022372907336
14.12281 0.03997624794084971
14.12402 0.0398804735087921
14.12522 0.039803853963146
14.12643 0.03970807953108838
14.12764 0.03963145998544229
14.12884 0.039535685553384665
14.13005 0.039459066007738575
14.13126 0.039363291575680956
14.13246 0.039286672030034865
14.13367 0.039190897597977246
14.13488 0.039114278052331156
14.13608 0.03901850362027353
14.13729 0.03894188407462744
14.1385 0.03884610964256982
14.1397 0.03876949009692373
14.14091 0.03869287055127763
14.14212 0.03859709611922002
14.14332 0.03852047657357392
14.14453 0.03844385702792783
14.14574 0.038367237482281734
14.14694 0.03829061793663564
14.14815 0.03821399839098954
14.14936 0.03813737884534345
14.15057 0.03806075929969735
14.15177 0.03798413975405126
14.15298 0.037926675094816696
14.15419 0.0378500555491706
14.15539 0.0377734360035245
14.1566 0.03771597134428993
14.15781 0.03763935179864384
14.15901 0.03758188713940926
14.16022 0.03750526759376317
14.16143 0.0374478029345286
14.16263 0.037390338275294026
14.16384 0.037313718729647935
14.16505 0.037256254070413365
14.16625 0.03717963452476727
14.16746 0.037122169865532705
14.16867 0.03706470520629813
14.16987 0.03700724054706356
14.17108 0.03694977588782899
14.17229 0.03687315634218289
14.17349 0.03681569168294833
14.1747 0.03675822702371375
14.17591 0.03670076236447918
14.17712 0.03664329770524461
14.17832 0.036585833046010034
14.17953 0.03652836838677547
14.18074 0.0364709037275409
14.18194 0.036432593954717846
14.18315 0.03637512929548328
14.18436 0.03631766463624871
14.18556 0.036260199977014136
14.18677 0.036221890204191094
14.18798 0.036164425544956524
14.18918 0.03610696088572195
14.19039 0.0360686511128989
14.1916 0.036011186453664336
14.1928 0.03597287668084129
14.19401 0.03591541202160671
14.19522 0.03587710224878367
14.19642 0.0358196375895491
14.19763 0.03578132781672605
14.19884 0.035743018043903
14.20004 0.03570470827107995
14.20125 0.03566639849825691
14.20246 0.035628088725433854
14.20367 0.03558977895261081
14.20487 0.03555146917978776
14.20608 0.03553231429337624
14.20729 0.0354940045205532
14.20849 0.035474849634141666
14.2097 0.035455694747730145
14.21091 0.0354173849749071
14.21211 0.035398230088495575
14.21332 0.035379075202084054
14.21453 0.03535992031567253
14.21573 0.03534076542926101
14.21694 0.03534076542926101
14.21815 0.035321610542849484
14.21935 0.035302455656437956
14.22056 0.035302455656437956
14.22177 0.035283300770026435
14.22297 0.035283300770026435
14.22418 0.035283300770026435
14.22539 0.035264145883614914
14.22659 0.035264145883614914
14.2278 0.035264145883614914
14.22901 0.035264145883614914
14.23022 0.035283300770026435
14.23142 0.035283300770026435
14.23263 0.035283300770026435
14.23384 0.035302455656437956
14.23504 0.035302455656437956
14.23625 0.035321610542849484
14.23746 0.035321610542849484
14.23866 0.03534076542926101
14.23987 0.03534076542926101
14.24108 0.03535992031567253
14.24228 0.035379075202084054
14.24349 0.035379075202084054
14.2447 0.035398230088495575
14.2459 0.0354173849749071
14.24711 0.0354173849749071
14.24832 0.035436539861318624
14.24952 0.035455694747730145
14.25073 0.035455694747730145
14.25194 0.035474849634141666
14.25314 0.0354940045205532
14.25435 0.03551315940696472
14.25556 0.03553231429337624
14.25677 0.03555146917978776
14.25797 0.03555146917978776
14.25918 0.03557062406619929
14.26039 0.03558977895261081
14.26159 0.03560893383902233
14.2628 0.035628088725433854
14.26401 0.03564724361184539
14.26521 0.03566639849825691
14.26642 0.03568555338466843
14.26763 0.03570470827107995
14.26883 0.03572386315749148
14.27004 0.03572386315749148
14.27125 0.035743018043903
14.27245 0.03576217293031452
14.27366 0.03578132781672605
14.27487 0.03580048270313757
14.27607 0.0358196375895491
14.27728 0.03583879247596062
14.27849 0.03585794736237215
14.2797 0.03589625713519519
14.2809 0.03591541202160671
14.28211 0.03593456690801824
14.28332 0.03597287668084129
14.28452 0.03599203156725281
14.28573 0.03603034134007586
14.28694 0.03604949622648738
14.28814 0.03608780599931043
14.28935 0.03610696088572195
14.29056 0.036145270658544996
14.29176 0.036164425544956524
14.29297 0.036202735317779566
14.29418 0.036241045090602615
14.29538 0.03627935486342566
14.29659 0.03631766463624871
14.2978 0.036355974409071755
14.299 0.036394284181894804
14.30021 0.036432593954717846
14.30142 0.0364709037275409
14.30262 0.03652836838677547
14.30383 0.03656667815959851
14.30504 0.03662414281883309
14.30625 0.03668160747806766
14.30745 0.0367199172508907
14.30866 0.03677738191012527
14.30987 0.03683484656935985
14.31107 0.03689231122859442
14.31228 0.03694977588782899
14.31349 0.03702639543347508
14.31469 0.03708386009270965
14.3159 0.037141324751944226
14.31711 0.037217944297590316
14.31831 0.03727540895682489
14.31952 0.037352028502470984
14.32073 0.037409493161705554
14.32193 0.03748611270735165
14.32314 0.03756273225299774
14.32435 0.03763935179864384
14.32555 0.03771597134428993
14.32676 0.03779259088993603
14.32797 0.03786921043558212
14.32917 0.03794582998122822
14.33038 0.03802244952687431
14.33159 0.038099069072520406
14.3328 0.03819484350457802
14.334 0.038271463050224115
14.33521 0.038367237482281734
14.33642 0.03844385702792783
14.33762 0.03853963145998544
14.33883 0.03863540589204306
14.34004 0.03873118032410068
14.34124 0.03880779986974678
14.34245 0.0389035743018044
14.34366 0.03899934873386201
14.34486 0.03909512316591963
14.34607 0.039190897597977246
14.34728 0.039286672030034865
14.34848 0.03938244646209248
14.34969 0.039497375780561624
14.3509 0.03959315021261924
14.3521 0.039688924644676854
14.35331 0.039803853963146
14.35452 0.03989962839520362
14.35572 0.04001455771367276
14.35693 0.04011033214573038
14.35814 0.040225261464199524
14.35935 0.04034019078266866
14.36055 0.040455120101137804
14.36176 0.04057004941960694
14.36297 0.04068497873807608
14.36417 0.04079990805654523
14.36538 0.04091483737501437
14.36659 0.041029766693483516
14.36779 0.04116385089836417
14.369 0.041278780216833316
14.37021 0.041412864421713984
14.37141 0.041527793740183123
14.37262 0.041661877945063784
14.37383 0.04179596214994445
14.37503 0.04193004635482512
14.37624 0.04206413055970579
14.37745 0.04219821476458645
14.37865 0.042332298969467115
14.37986 0.042466383174347776
14.38107 0.04260046737922844
14.38227 0.04275370647052063
14.38348 0.0428877906754013
14.38469 0.04302187488028197
14.3859 0.043175113971574156
14.3871 0.043328353062866344
14.38831 0.04348159215415853
14.38952 0.04361567635903919
14.39072 0.04376891545033138
14.39193 0.04392215454162357
14.39314 0.04407539363291576
14.39434 0.04424778761061947
14.39555 0.04440102670191166
14.39676 0.044554265793203846
14.39796 0.044707504884496034
14.39917 0.04487989886219975
14.40038 0.04503313795349194
14.40158 0.04520553193119565
14.40279 0.04535877102248784
14.404 0.045531165000191554
14.4052 0.04570355897789526
14.40641 0.04585679806918745
14.40762 0.04602919204689116
14.40882 0.04620158602459488
14.41003 0.04637398000229859
14.41124 0.0465463739800023
14.41245 0.04671876795770601
14.41365 0.04691031682182125
14.41486 0.04708271079952497
14.41607 0.047255104777228676
14.41727 0.047427498754932386
14.41848 0.04761904761904762
14.41969 0.04779144159675133
14.42089 0.04798299046086657
14.4221 0.04815538443857028
14.42331 0.04834693330268552
14.42451 0.04851932728038923
14.42572 0.04871087614450447
14.42693 0.04888327012220818
14.42813 0.04907481898632342
14.42934 0.04926636785043865
14.43055 0.049457916714553886
14.43175 0.049649465578669116
14.43296 0.04984101444278436
14.43417 0.05001340842048807
14.43537 0.05020495728460331
14.43658 0.05039650614871854
14.43779 0.050588055012833776
14.439 0.05077960387694901
14.4402 0.05097115274106425
14.44141 0.05116270160517949
14.44262 0.05135425046929472
14.44382 0.051545799333409956
14.44503 0.05173734819752519
14.44624 0.051928897061640424
14.44744 0.05212044592575567
14.44865 0.0523119947898709
14.44986 0.052503543653986136
14.45106 0.05269509251810137
14.45227 0.052886641382216604
14.45348 0.05307819024633184
14.45468 0.05326973911044708
14.45589 0.053461287974562316
14.4571 0.05365283683867755
14.4583 0.053844385702792784
14.45951 0.05401677968049649
14.46072 0.05420832854461173
14.46192 0.05438072252231544
14.46313 0.05455311650001916
14.46434 0.05472551047772287
14.46555 0.05489790445542658
14.46675 0.0550702984331303
14.46796 0.05524269241083401
14.46917 0.05541508638853772
14.47037 0.055587480366241435
14.47158 0.05574071945753362
14.47279 0.05591311343523733
14.47399 0.05606635252652952
14.4752 0.05623874650423324
14.47641 0.056391985595525426
14.47761 0.056545224686817615
14.47882 0.05667930889169828
14.48003 0.056832547982990464
14.48123 0.056966632187871125
14.48244 0.05711987127916332
14.48365 0.05723480059763246
14.48485 0.05736888480251313
14.48606 0.057502969007393795
14.48727 0.057637053212274456
14.48848 0.057751982530743595
14.48968 0.05786691184921274
14.49089 0.057981841167681875
14.4921 0.05809677048615102
14.4933 0.05821169980462016
14.49451 0.05830747423667778
14.49572 0.05842240355514692
14.49692 0.05851817798720454
14.49813 0.05861395241926216
14.49934 0.058709726851319775
14.50054 0.058786346396965866
14.50175 0.058882120829023485
14.50296 0.058958740374669576
14.50416 0.05903535992031567
14.50537 0.059111979465961764
14.50658 0.05916944412519634
14.50778 0.05924606367084243
14.50899 0.05930352833007701
14.5102 0.05936099298931158
14.5114 0.05941845764854615
14.51261 0.05947592230778072
14.51382 0.05951423208060377
14.51503 0.05957169673983834
14.51623 0.05961000651266138
14.51744 0.059648316285484435
14.51865 0.059686626058307476
14.51985 0.059705780944719004
14.52106 0.059724935831130525
14.52227 0.05976324560395357
14.52347 0.0597824004903651
14.52468 0.0597824004903651
14.52589 0.05980155537677662
14.52709 0.05980155537677662
14.5283 0.05980155537677662
14.52951 0.05980155537677662
14.53071 0.05980155537677662
14.53192 0.05980155537677662
14.53313 0.0597824004903651
14.53433 0.05976324560395357
14.53554 0.059744090717542046
14.53675 0.059724935831130525
14.53795 0.059705780944719004
14.53916 0.059667471171895956
14.54037 0.05962916139907291
14.54158 0.05959085162624986
14.54278 0.05955254185342681
14.54399 0.059495077194192246
14.5452 0.0594567674213692
14.5464 0.05939930276213462
14.54761 0.05932268321648853
14.54882 0.05926521855725396
14.55002 0.05918859901160787
14.55123 0.059111979465961764
14.55244 0.05903535992031567
14.55364 0.058958740374669576
14.55485 0.058862965942611964
14.55606 0.058767191510554345
14.55726 0.058671417078496726
14.55847 0.05857564264643911
14.55968 0.058479868214381496
14.56088 0.05838409378232388
14.56209 0.05828831935026625
14.5633 0.05819254491820864
14.5645 0.05807761559973949
14.56571 0.057981841167681875
14.56692 0.05786691184921274
14.56813 0.057751982530743595
14.56933 0.057637053212274456
14.57054 0.057502969007393795
14.57175 0.05738803968892465
14.57295 0.05725395548404398
14.57416 0.05713902616557484
14.57537 0.05700494196069418
14.57657 0.05687085775581351
14.57778 0.056736773550932845
14.57899 0.05660268934605218
14.58019 0.05648776002758304
14.5814 0.05635367582270238
14.58261 0.05621959161782171
14.58381 0.05608550741294104
14.58502 0.05595142320806038
14.58623 0.055836493889591235
14.58743 0.055702409684710574
14.58864 0.05556832547982991
14.58985 0.055434241274949246
14.59105 0.0553193119564801
14.59226 0.05518522775159943
14.59347 0.05505114354671877
14.59468 0.05491705934183811
14.59588 0.05478297513695744
14.59709 0.054648890932076775
14.5983 0.05451480672719611
14.5995 0.05438072252231544
14.60071 0.05424663831743479
14.60192 0.05411255411255412
14.60312 0.05397846990767345
14.60433 0.053844385702792784
14.60554 0.053710301497912116
14.60674 0.053576217293031456
14.60795 0.053461287974562316
14.60916 0.05332720376968165
14.61036 0.05319311956480098
14.61157 0.05305903535992032
14.61278 0.05292495115503965
14.61398 0.05279086695015899
14.61519 0.052656782745278324
14.6164 0.05252269854039766
14.6176 0.05238861433551699
14.61881 0.05225453013063633
14.62002 0.05212044592575567
14.62123 0.051986361720875
14.62243 0.05185227751599433
14.62364 0.051718193311113665
14.62485 0.051584109106233005
14.62605 0.05145002490135234
14.62726 0.051315940696471676
14.62847 0.05118185649159101
14.62967 0.05104777228671034
14.63088 0.05089453319541815
14.63209 0.050760448990537485
14.63329 0.050626364785656824
14.6345 0.050492280580776164
14.63571 0.050339041489483975
14.63691 0.05020495728460331
14.63812 0.05007087307972264
14.63933 0.04993678887484197
14.64053 0.049802704669961305
14.64174 0.049649465578669116
14.64295 0.04951538137378846
14.64415 0.049381297168907795
14.64536 0.04924721296402713
14.64657 0.04911312875914646
14.64778 0.04897904455426579
14.64898 0.048844960349385125
14.65019 0.04871087614450447
14.6514 0.04855763705321228
14.6526 0.048423552848331615
14.65381 0.04828946864345095
14.65502 0.04815538443857028
14.65622 0.04802130023368961
14.65743 0.04788721602880895
14.65864 0.04775313182392829
14.65984 0.04761904761904762
14.66105 0.047484963414166956
14.66226 0.04735087920928629
14.66346 0.047235949890817155
14.66467 0.04710186568593649
14.66588 0.04696778148105582
14.66708 0.046852852162586674
14.66829 0.04671876795770601
14.6695 0.04660383863923687
14.6707 0.046488909320767734
14.67191 0.046354825115887066
14.67312 0.046239895797417926
14.67433 0.04612496647894879
14.67553 0.04601003716047964
14.67674 0.0458951078420105
14.67795 0.04578017852354136
14.67915 0.045665249205072214
14.68036 0.045550319886603075
14.68157 0.04545454545454546
14.68277 0.045339616136076316
14.68398 0.04522468681760717
14.68519 0.04512891238554956
14.68639 0.04501398306708042
14.6876 0.04491820863502279
14.68881 0.04482243420296518
14.69001 0.044707504884496034
14.69122 0.04461173045243842
14.69243 0.044515956020380804
14.69363 0.044439336474734706
14.69484 0.04434356204267709
14.69605 0.04424778761061947
14.69725 0.04415201317856186
14.69846 0.04407539363291576
14.69967 0.04397961920085815
14.70088 0.04390299965521205
14.70208 0.04380722522315443
14.70329 0.04373060567750833
14.7045 0.04363483124545072
14.7057 0.0435390568133931
14.70691 0.043462437267747005
14.70812 0.043366662835689386
14.70932 0.04329004329004329
14.71053 0.043194268857985677
14.71174 0.04311764931233958
14.71294 0.04304102976669349
14.71415 0.04294525533463587
14.71536 0.04286863578898978
14.71656 0.042792016243343674
14.71777 0.04271539669769758
14.71898 0.042638777152051485
14.72018 0.04254300271999387
14.72139 0.042466383174347776
14.7226 0.042389763628701685
14.72381 0.042293989196644066
14.72501 0.042217369650997975
14.72622 0.04212159521894035
14.72743 0.04204497567329426
14.72863 0.04194920124123664
14.72984 0.04185342680917903
14.73105 0.0417576523771214
14.73225 0.041661877945063784
14.73346 0.04156610351300617
14.73467 0.041470329080948554
14.73587 0.041374554648890935
14.73708 0.041278780216833316
14.73829 0.04116385089836417
14.73949 0.04106807646630656
14.7407 0.04097230203424894
14.74191 0.04085737271577979
14.74311 0.04074244339731066
14.74432 0.040646668965253034
14.74553 0.0405317396467839
14.74673 0.040397655441903234
14.74794 0.04028272612343409
14.74915 0.04014864191855343
14.75036 0.04003371260008428
14.75156 0.0398804735087921
14.75277 0.03974638930391143
14.75398 0.03961230509903076
14.75518 0.0394782208941501
14.75639 0.039324981802857914
14.7576 0.03917174271156572
14.7588 0.03901850362027353
14.76001 0.03886526452898134
14.76122 0.03871202543768915
14.76242 0.038558786346396964
14.76363 0.038386392368693255
14.76484 0.03821399839098954
14.76604 0.03804160441328583
14.76725 0.03786921043558212
14.76846 0.0376968164578784
14.76966 0.03750526759376317
14.77087 0.037313718729647935
14.77208 0.037122169865532705
14.77328 0.03693062100141746
14.77449 0.03673907213730223
14.7757 0.03652836838677547
14.77691 0.03631766463624871
14.77811 0.03610696088572195
14.77932 0.03587710224878367
14.78053 0.03566639849825691
14.78173 0.035436539861318624
14.78294 0.035206681224380344
14.78415 0.03497682258744206
14.78535 0.03474696395050378
14.78656 0.03451710531356549
14.78777 0.034268091790215685
14.78897 0.034038233153277406
14.79018 0.0337892196299276
14.79139 0.03354020610657779
14.79259 0.033291192583227984
14.7938 0.03304217905987818
14.79501 0.03279316553652837
14.79621 0.03254415201317857
14.79742 0.032275983603417234
14.79863 0.03202697008006743
14.79983 0.0317588016703061
14.80104 0.03149063326054476
14.80225 0.03120330996437191
14.80346 0.030935141554610586
14.80466 0.030666973144849254
14.80587 0.03039880473508792
14.80708 0.03011148143891507
14.80828 0.029843313029153738
14.80949 0.02957514461939241
14.8107 0.029287821323219554
14.8119 0.029019652913458226
14.81311 0.028751484503696897
14.81432 0.028483316093935562
14.81552 0.028215147684174234
14.81673 0.027927824388001378
14.81794 0.02765965597824005
14.81914 0.02739148756847872
14.82035 0.027123319158717393
14.82156 0.026835995862544537
14.82276 0.02656782745278321
14.82397 0.026299659043021874
14.82518 0.026031490633260546
14.82638 0.025744167337087693
14.82759 0.02547599892732636
14.8288 0.025207830517565033
14.83001 0.0249396621078037
14.83121 0.02465233881163085
14.83242 0.024384170401869517
14.83363 0.02411600199210819
14.83483 0.023847833582346857
14.83604 0.02357966517258553
14.83725 0.023311496762824197
14.83845 0.02304332835306287
14.83966 0.022775159943301537
14.84087 0.02250699153354021
14.84207 0.022238823123778877
14.84328 0.021989809600429074
14.84449 0.02172164119066774
14.84569 0.02145347278090641
14.8469 0.021185304371145082
14.84811 0.020936290847795275
14.84931 0.020668122438033943
14.85052 0.020399954028272615
14.85173 0.020131785618511283
14.85293 0.019882772095161476
14.85414 0.019614603685400148
14.85535 0.019346435275638816
14.85656 0.019078266865877488
14.85776 0.01882925334252768
14.85897 0.018561084932766352
14.86018 0.018292916523005017
14.86138 0.018043902999655213
14.86259 0.01777573458989388
14.8638 0.017507566180132553
14.865 0.01723939777037122
14.86621 0.016990384247021414
14.86742 0.016722215837260086
14.86862 0.016454047427498758
14.86983 0.01620503390414895
14.87104 0.01593686549438762
14.87224 0.015687851971037812
14.87345 0.015419683561276482
14.87466 0.015170670037926676
14.87586 0.014902501628165345
14.87707 0.01465348810481554
14.87828 0.01438531969505421
14.87948 0.014136306171704404
14.88069 0.013887292648354596
14.8819 0.013619124238593266
14.88311 0.01337011071524346
14.88431 0.013121097191893654
14.88552 0.012852928782132322
14.88673 0.012603915258782517
14.88793 0.01235490173543271
14.88914 0.012105888212082904
14.89035 0.011856874688733096
14.89155 0.011607861165383291
14.89276 0.011358847642033484
14.89397 0.011109834118683676
14.89517 0.01086082059533387
14.89638 0.010630961958395588
14.89759 0.010381948435045781
14.89879 0.010152089798107498
14.9 0.00990307627475769
14.90121 0.009673217637819408
14.90241 0.009443359000881125
14.90362 0.009213500363942842
14.90483 0.00898364172700456
14.90603 0.008753783090066277
14.90724 0.008523924453127994
14.90845 0.00829406581618971
14.90966 0.008064207179251428
14.91086 0.007853503428724668
14.91207 0.007623644791786385
14.91328 0.007412941041259626
14.91448 0.007183082404321342
14.91569 0.006972378653794583
14.9169 0.006761674903267824
14.9181 0.006570126039152588
14.91931 0.006359422288625829
14.92052 0.006167873424510593
14.92172 0.005957169673983833
14.92293 0.005765620809868598
14.92414 0.005574071945753362
14.92534 0.005382523081638126
14.92655 0.0051909742175228904
14.92776 0.005018580239819178
14.92896 0.004827031375703943
14.93017 0.00465463739800023
14.93138 0.004463088533884994
14.93259 0.004290694556181282
14.93379 0.00411830057847757
14.935 0.003965061487185381
14.93621 0.003792667509481669
14.93741 0.0036394284181894805
14.93862 0.0034861893268972916
14.93983 0.003332950235605103
14.94103 0.0031797111443129145
14.94224 0.0030456269394322495
14.94345 0.002892387848140061
14.94465 0.002758303643259396
14.94586 0.002643374324790254
14.94707 0.002509290119909589
14.94827 0.0023943608014404478
14.94948 0.0022602765965597828
14.95069 0.002145347278090641
14.95189 0.002049572846033023
14.9531 0.0019346435275638817
14.95431 0.0018197142090947403
14.95551 0.0017239397770371222
14.95672 0.0016281653449795044
14.95793 0.0015323909129218865
14.95914 0.0014366164808642687
14.96034 0.0013408420488066506
14.96155 0.0012642225031605564
14.96276 0.001187602957514462
14.96396 0.001091828525456844
14.96517 0.0010152089798107498
14.96638 0.0009385894341646554
14.96758 0.0008811247749300848
14.96879 0.0008045052292839904
14.97 0.0007470405700494196
14.9712 0.000689575910814849
14.97241 0.0006321112515802782
14.97362 0.0005746465923457074
14.97482 0.0005171819331111367
14.97603 0.00045971727387656596
14.97724 0.00042140750105351877
14.97844 0.00038309772823047163
14.97965 0.0003447879554074245
14.98086 0.0002873232961728537
14.98206 0.00024901352334980655
14.98327 0.00022985863693828298
14.98448 0.00019154886411523582
14.98569 0.00015323909129218865
14.98689 0.00013408420488066506
14.9881 9.577443205761791e-05
14.98931 7.661954564609433e-05
14.99051 5.7464659234570745e-05
14.99172 3.830977282304716e-05
14.99293 1.915488641152358e-05
14.99413 0.0
14.99534 -1.915488641152358e-05
14.99655 -1.915488641152358e-05
14.99775 -3.830977282304716e-05
14.99896 -3.830977282304716e-05
15.00017 -3.830977282304716e-05
15.00137 -3.830977282304716e-05
15.00258 -3.830977282304716e-05
15.00379 -3.830977282304716e-05
15.00499 -1.915488641152358e-05
15.0062 -1.915488641152358e-05
15.00741 0.0
15.00861 -5.7464659234570745e-05
15.00982 -9.577443205761791e-05
15.01103 -0.00013408420488066506
15.01224 -0.00019154886411523582
15.01344 -0.00022985863693828298
15.01465 -0.0002681684097613301
15.01586 -0.0002873232961728537
15.01706 -0.0003256330689959009
15.01827 -0.00036394284181894807
15.01948 -0.00038309772823047163
15.02068 -0.0004022526146419952
15.02189 -0.00042140750105351877
15.0231 -0.00045971727387656596
15.0243 -0.00045971727387656596
15.02551 -0.00047887216028808953
15.02672 -0.0004980270466996131
15.02792 -0.0005171819331111367
15.02913 -0.0005171819331111367
15.03034 -0.0005363368195226602
15.03154 -0.0005363368195226602
15.03275 -0.0005554917059341838
15.03396 -0.0005554917059341838
15.03516 -0.0005554917059341838
15.03637 -0.0005554917059341838
15.03758 -0.0005363368195226602
15.03879 -0.0005363368195226602
15.03999 -0.0005363368195226602
15.0412 -0.0005171819331111367
15.04241 -0.0005171819331111367
15.04361 -0.0004980270466996131
15.04482 -0.00047887216028808953
15.04603 -0.00045971727387656596
15.04723 -0.0004405623874650424
15.04844 -0.00042140750105351877
15.04965 -0.0004022526146419952
15.05085 -0.00038309772823047163
15.05206 -0.00036394284181894807
15.05327 -0.0003447879554074245
15.05447 -0.0003064781825843773
15.05568 -0.0002873232961728537
15.05689 -0.00024901352334980655
15.05809 -0.00022985863693828298
15.0593 -0.00019154886411523582
15.06051 -0.00015323909129218865
15.06171 -0.00011492931846914149
15.06292 -7.661954564609433e-05
15.06413 -3.830977282304716e-05
15.06534 -0.0
15.06654 3.830977282304716e-05
15.06775 7.661954564609433e-05
15.06896 0.00013408420488066506
15.07016 0.00017239397770371225
15.07137 0.00022985863693828298
15.07258 0.0002681684097613301
15.07378 0.0003256330689959009
15.07499 0.00036394284181894807
15.0762 0.00042140750105351877
15.0774 0.00047887216028808953
15.07861 0.0005363368195226602
15.07982 0.000593801478757231
15.08102 0.0006512661379918018
15.08223 0.0007087307972263725
15.08344 0.0007661954564609433
15.08464 0.0008428150021070375
15.08585 0.0009002796613416082
15.08706 0.0009768992069877026
15.08826 0.0010343638662222733
15.08947 0.0011109834118683676
15.09068 0.001187602957514462
15.09189 0.0012642225031605564
15.09309 0.0013408420488066506
15.0943 0.0014366164808642687
15.09551 0.001513236026510363
15.09671 0.0016090104585679808
15.09792 0.0017047848906255986
15.09913 0.0017814044362716931
15.10033 0.0018771788683293108
15.10154 0.001972953300386929
15.10275 0.0020687277324445467
15.10395 0.0021645021645021645
15.10516 0.0022794314829713063
15.10637 0.002375205915028924
15.10757 0.0024901352334980656
15.10878 0.002605064551967207
15.10999 0.002700838984024825
15.11119 0.00283492318890549
15.1124 0.0029498525073746312
15.11361 0.003064781825843773
15.11481 0.0031797111443129145
15.11602 0.0033137953491935795
15.11723 0.0034478795540742444
15.11844 0.0035819637589549094
15.11964 0.003716047963835575
15.12085 0.00385013216871624
15.12206 0.004003371260008428
15.12326 0.004137455464889093
15.12447 0.004290694556181282
15.12568 0.00444393364747347
15.12688 0.004597172738765659
15.12809 0.004750411830057848
15.1293 0.004903650921350037
15.1305 0.005076044899053749
15.13171 0.005229283990345938
15.13292 0.00540167796804965
15.13412 0.005554917059341838
15.13533 0.00572731103704555
15.13654 0.0058997050147492625
15.13774 0.006052944106041452
15.13895 0.006225338083745163
15.14016 0.006397732061448876
15.14137 0.006570126039152588
15.14257 0.0067425200168563
15.14378 0.006934068880971536
15.14499 0.007106462858675249
15.14619 0.007298011722790485
15.1474 0.007470405700494196
15.14861 0.0076619545646094325
15.14981 0.007853503428724668
15.15102 0.008045052292839904
15.15223 0.008217446270543617
15.15343 0.00840899513465885
15.15464 0.008600543998774088
15.15585 0.008792092862889324
15.15705 0.008964486840593037
15.15826 0.009156035704708273
15.15947 0.009347584568823506
15.16067 0.00951997854652722
15.16188 0.009711527410642455
15.16309 0.009883921388346166
15.16429 0.010075470252461404
15.1655 0.010247864230165115
15.16671 0.010420258207868828
15.16792 0.010611807071984064
15.16912 0.010784201049687775
15.17033 0.010975749913803012
15.17154 0.011148143891506724
15.17274 0.011320537869210437
15.17395 0.011512086733325672
15.17516 0.011684480711029385
15.17636 0.01187602957514462
15.17757 0.012048423552848332
15.17878 0.012220817530552045
15.17998 0.012412366394667279
15.18119 0.012584760372370994
15.1824 0.012757154350074705
15.1836 0.01294870321418994
15.18481 0.013121097191893654
15.18602 0.013293491169597365
15.18722 0.013465885147301076
15.18843 0.01363827912500479
15.18964 0.013810673102708502
15.19084 0.013983067080412213
15.19205 0.014155461058115926
15.19326 0.014327855035819638
15.19447 0.01450024901352335
15.19567 0.014672642991227064
15.19688 0.0148641918553423
15.19809 0.01503658583304601
15.19929 0.015208979810749722
15.2005 0.01540052867486496
15.20171 0.015572922652568672
15.20291 0.015764471516683906
15.20412 0.015956020380799144
15.20533 0.016147569244914377
15.20653 0.016339118109029615
15.20774 0.016530666973144852
15.20895 0.016722215837260086
15.21015 0.01691376470137532
15.21136 0.017105313565490558
15.21257 0.017316017316017316
15.21377 0.017507566180132553
15.21498 0.017699115044247787
15.21619 0.01790981879477455
15.21739 0.018120522545301308
15.2186 0.018312071409416545
15.21981 0.018522775159943303
15.22102 0.018733478910470062
15.22222 0.018963337547408348
15.22343 0.019174041297935103
15.22464 0.019384745048461865
15.22584 0.019614603685400148
15.22705 0.019844462322338427
15.22826 0.020074320959276713
15.22946 0.020304179596214996
15.23067 0.02053403823315328
15.23188 0.020763896870091562
15.23308 0.02101291039344137
15.23429 0.021261923916791176
15.2355 0.02149178255372946
15.2367 0.021740796077079266
15.23791 0.021989809600429074
15.23912 0.022257978010190402
15.24032 0.02250699153354021
15.24153 0.022756005056890013
15.24274 0.023024173466651345
15.24394 0.02327318699000115
15.24515 0.023541355399762483
15.24636 0.023790368923112287
15.24757 0.02405853733287362
15.24877 0.024326705742634947
15.24998 0.024575719265984754
15.25119 0.024843887675746086
15.25239 0.025112056085507414
15.2536 0.025380224495268743
15.25481 0.025648392905030078
15.25601 0.025935716201202927
15.25722 0.02620388461096426
15.25843 0.02647205302072559
15.25963 0.026759376316898443
15.26084 0.027046699613071296
15.26205 0.027314868022832627
15.26325 0.02760219131900548
15.26446 0.02787035972876681
15.26567 0.028157683024939664
15.26687 0.028445006321112517
15.26808 0.02871317473087385
15.26929 0.0290004980270467
15.27049 0.029268666436808033
15.2717 0.029555989732980882
15.27291 0.029824158142742217
15.27412 0.03011148143891507
15.27532 0.030379649848676398
15.27653 0.030666973144849254
15.27774 0.030935141554610586
15.27894 0.031222464850783435
15.28015 0.03150978814695629
15.28136 0.03179711144312915
15.28256 0.032065279852890476
15.28377 0.032352603149063325
15.28498 0.03262077155882466
15.28618 0.032908094854997516
15.28739 0.03317626326475884
15.2886 0.033463586560931693
15.2898 0.03373175497069303
15.29101 0.03399992338045435
15.29222 0.034268091790215685
15.29342 0.03453626019997702
15.29463 0.03480442860973834
15.29584 0.035053442133088156
15.29704 0.035321610542849484
15.29825 0.03558977895261081
15.29946 0.03583879247596062
15.30067 0.03610696088572195
15.30187 0.036355974409071755
15.30308 0.03660498793242156
15.30429 0.03685400145577137
15.30549 0.03710301497912117
15.3067 0.037352028502470984
15.30791 0.03760104202582079
15.30911 0.0378500555491706
15.31032 0.038099069072520406
15.31153 0.038328927709458685
15.31273 0.03857794123280849
15.31394 0.03880779986974678
15.31515 0.03903765850668506
15.31635 0.039267517143623344
15.31756 0.039497375780561624
15.31877 0.03972723441749991
15.31997 0.03995709305443819
15.32118 0.04016779680496495
15.32239 0.040397655441903234
15.32359 0.04060835919242999
15.3248 0.04081906294295675
15.32601 0.041029766693483516
15.32722 0.04124047044401027
15.32842 0.041451174194537026
15.32963 0.04164272305865226
15.33084 0.04185342680917903
15.33204 0.04204497567329426
15.33325 0.04225567942382102
15.33446 0.042447228287936255
15.33566 0.04265793203846302
15.33687 0.04284948090257825
15.33808 0.04304102976669349
15.33928 0.043251733517220246
15.34049 0.04344328238133548
15.3417 0.04363483124545072
15.3429 0.04382638010956595
15.34411 0.04401792897368119
15.34532 0.044209477837796426
15.34652 0.04440102670191166
15.34773 0.044592575566026894
15.34894 0.04478412443014213
15.35015 0.04495651840784585
15.35135 0.04514806727196108
15.35256 0.045339616136076316
15.35377 0.045512010113780026
15.35497 0.04570355897789526
15.35618 0.04587595295559897
15.35739 0.04604834693330269
15.35859 0.046239895797417926
15.3598 0.046412289775121636
15.36101 0.04658468375282535
15.36221 0.04677623261694058
15.36342 0.0469486265946443
15.36463 0.04712102057234801
15.36583 0.04729341455005172
15.36704 0.047465808527755435
15.36825 0.047638202505459144
15.36945 0.047810596483162854
15.37066 0.04796383557445505
15.37187 0.04813622955215876
15.37307 0.04830862352986247
15.37428 0.048481017507566185
15.37549 0.04863425659885837
15.3767 0.04880665057656208
15.3779 0.04895988966785427
15.37911 0.04913228364555798
15.38032 0.0493046776232617
15.38152 0.049457916714553886
15.38273 0.049630310692257595
15.38394 0.049783549783549784
15.38514 0.04995594376125349
15.38635 0.05010918285254569
15.38756 0.0502815768302494
15.38876 0.05043481592154159
15.38997 0.050588055012833776
15.39118 0.050741294104125964
15.39238 0.05089453319541815
15.39359 0.05104777228671034
15.3948 0.05122016626441406
15.396 0.051373405355706246
15.39721 0.051526644446998435
15.39842 0.05167988353829062
15.39962 0.05183312262958281
15.40083 0.051986361720875
15.40204 0.05215875569857871
15.40325 0.0523119947898709
15.40445 0.052484388767574615
15.40566 0.0526376278588668
15.40687 0.05281002183657051
15.40807 0.05298241581427422
15.40928 0.05317396467838946
15.41049 0.05334635865609317
15.41169 0.053518752633796886
15.4129 0.053691146611500595
15.41411 0.05388269547561583
15.41531 0.05405508945331954
15.41652 0.05422748343102325
15.41773 0.054419032295138496
15.41893 0.054610581159253734
15.42014 0.05478297513695744
15.42135 0.054974524001072674
15.42255 0.05516607286518791
15.42376 0.055376776615714676
15.42497 0.05556832547982991
15.42617 0.055759874343945144
15.42738 0.0559705780944719
15.42859 0.05618128184499866
15.4298 0.056391985595525426
15.431 0.05660268934605218
15.43221 0.056813393096578936
15.43342 0.05704325173351722
15.43462 0.05727311037045551
15.43583 0.057502969007393795
15.43704 0.057732827644332074
15.43824 0.057981841167681875
15.43945 0.05821169980462016
15.44066 0.05846071332796997
15.44186 0.058709726851319775
15.44307 0.058958740374669576
15.44428 0.05920775389801939
15.44548 0.0594567674213692
15.44669 0.059705780944719004
15.4479 0.05995479446806881
15.4491 0.06020380799141861
15.45031 0.06045282151476842
15.45152 0.06070183503811823
15.45272 0.060950848561468034
15.45393 0.06119986208481784
15.45514 0.06144887560816764
15.45635 0.061697889131517455
15.45755 0.06196605754127878
15.45876 0.06221507106462859
15.45997 0.0624640845879784
15.46117 0.06273225299773973
15.46238 0.06300042140750106
15.46359 0.06324943493085086
15.46479 0.0635176033406122
15.466 0.063766616863962
15.46721 0.06403478527372333
15.46841 0.06428379879707313
15.46962 0.06455196720683447
15.47083 0.06480098073018427
15.47203 0.06504999425353407
15.47324 0.0652990077768839
15.47445 0.0655480213002337
15.47565 0.06577787993717198
15.47686 0.06602689346052179
15.47807 0.06625675209746007
15.47927 0.06648661073439835
15.48048 0.06671646937133663
15.48169 0.06694632800827492
15.4829 0.06717618664521319
15.4841 0.06738689039573996
15.48531 0.06761674903267824
15.48652 0.06784660766961652
15.48772 0.06805731142014328
15.48893 0.06826801517067003
15.49014 0.0684787189211968
15.49134 0.06868942267172357
15.49255 0.06890012642225032
15.49376 0.06911083017277708
15.49496 0.06932153392330384
15.49617 0.06951308278741908
15.49738 0.06972378653794584
15.49858 0.06991533540206106
15.49979 0.07010688426617631
15.501 0.07029843313029155
15.5022 0.07048998199440677
15.50341 0.07066237597211049
15.50462 0.07085392483622573
15.50582 0.07104547370034096
15.50703 0.07121786767804467
15.50824 0.07139026165574838
15.50945 0.0715626556334521
15.51065 0.0717350496111558
15.51186 0.07190744358885952
15.51307 0.07206068268015171
15.51427 0.07223307665785543
15.51548 0.07238631574914761
15.51669 0.07255870972685131
15.51789 0.07271194881814351
15.5191 0.07286518790943569
15.52031 0.07301842700072789
15.52151 0.07315251120560856
15.52272 0.07330575029690074
15.52393 0.0734398345017814
15.52513 0.0735930735930736
15.52634 0.07372715779795427
15.52755 0.07386124200283492
15.52875 0.0739953262077156
15.52996 0.07412941041259626
15.53117 0.07426349461747692
15.53237 0.07437842393594607
15.53358 0.07451250814082673
15.53479 0.07462743745929587
15.536 0.07476152166417654
15.5372 0.07487645098264567
15.53841 0.0749722254147033
15.53962 0.07508715473317243
15.54082 0.07518292916523006
15.54203 0.07529785848369919
15.54324 0.0753936329157568
15.54444 0.0754702524614029
15.54565 0.07556602689346052
15.54686 0.07564264643910662
15.54806 0.07571926598475272
15.54927 0.07579588553039882
15.55048 0.07585335018963339
15.55168 0.07592996973527948
15.55289 0.07598743439451404
15.5541 0.07604489905374862
15.5553 0.07608320882657166
15.55651 0.07614067348580623
15.55772 0.07617898325862928
15.55893 0.07621729303145233
15.56013 0.07625560280427537
15.56134 0.07629391257709842
15.56255 0.07631306746350995
15.56375 0.07635137723633299
15.56496 0.07637053212274453
15.56617 0.07638968700915603
15.56737 0.07638968700915603
15.56858 0.07640884189556757
15.56979 0.07640884189556757
15.57099 0.07640884189556757
15.5722 0.07638968700915603
15.57341 0.07638968700915603
15.57461 0.07637053212274453
15.57582 0.07635137723633299
15.57703 0.07631306746350995
15.57823 0.07629391257709842
15.57944 0.07625560280427537
15.58065 0.07621729303145233
15.58185 0.07617898325862928
15.58306 0.0761215185993947
15.58427 0.07608320882657166
15.58548 0.0760257441673371
15.58668 0.07596827950810252
15.58789 0.07591081484886794
15.5891 0.07585335018963339
15.5903 0.07579588553039882
15.59151 0.07571926598475272
15.59272 0.07566180132551814
15.59392 0.07558518177987206
15.59513 0.07550856223422595
15.59634 0.07543194268857986
15.59754 0.07535532314293376
15.59875 0.07525954871087615
15.59996 0.07518292916523006
15.60116 0.07508715473317243
15.60237 0.07499138030111481
15.60358 0.0748956058690572
15.60478 0.07479983143699959
15.60599 0.07470405700494197
15.6072 0.07458912768647283
15.6084 0.07449335325441521
15.60961 0.07437842393594607
15.61082 0.07426349461747692
15.61203 0.07414856529900779
15.61323 0.07403363598053864
15.61444 0.0739187066620695
15.61565 0.07378462245718884
15.61685 0.0736696931387197
15.61806 0.07355476382025054
15.61927 0.0734206796153699
15.62047 0.07328659541048922
15.62168 0.07317166609202007
15.62289 0.07303758188713941
15.62409 0.07290349768225875
15.6253 0.07276941347737809
15.62651 0.07261617438608589
15.62771 0.07248209018120523
15.62892 0.07234800597632456
15.63013 0.07219476688503237
15.63133 0.07204152779374018
15.63254 0.071888288702448
15.63375 0.0717350496111558
15.63495 0.07158181051986362
15.63616 0.0714094165421599
15.63737 0.07125617745086771
15.63858 0.071083783473164
15.63978 0.07091138949546029
15.64099 0.07073899551775657
15.6422 0.07056660154005287
15.6434 0.07039420756234915
15.64461 0.07020265869823393
15.64582 0.07001110983411869
15.64702 0.06983871585641498
15.64823 0.06964716699229975
15.64944 0.0694556181281845
15.65064 0.06924491437765774
15.65185 0.0690533655135425
15.65306 0.06886181664942728
15.65426 0.06865111289890051
15.65547 0.06844040914837375
15.65668 0.068229705397847
15.65788 0.06801900164732023
15.65909 0.06778914301038196
15.6603 0.0675784392598552
15.6615 0.0673485806229169
15.66271 0.06711872198597862
15.66392 0.06688886334904035
15.66513 0.06665900471210205
15.66633 0.06640999118875225
15.66754 0.06616097766540245
15.66875 0.06591196414205265
15.66995 0.06566295061870284
15.67116 0.06541393709535302
15.67237 0.0651457686855917
15.67357 0.06487760027583037
15.67478 0.06460943186606904
15.67599 0.06434126345630771
15.67719 0.06407309504654637
15.6784 0.06380492663678505
15.67961 0.06353675822702372
15.68081 0.06324943493085086
15.68202 0.06298126652108953
15.68323 0.06269394322491668
15.68443 0.06240661992874382
15.68564 0.062138451518982486
15.68685 0.061851128222809644
15.68805 0.061563804926636795
15.68926 0.06127648163046393
15.69047 0.06098915833429108
15.69168 0.06070183503811823
15.69288 0.06041451174194537
15.69409 0.06010803355936099
15.6953 0.059820710263188144
15.6965 0.05951423208060377
15.69771 0.05920775389801939
15.69892 0.058920430601846534
15.70012 0.05861395241926216
15.70133 0.05830747423667778
15.70254 0.0580009960540934
15.70374 0.057694517871509025
15.70495 0.05740719457533617
15.70616 0.05710071639275179
15.70736 0.056794238210167415
15.70857 0.05650691491399456
15.70978 0.05620043673141019
15.71098 0.05591311343523733
15.71219 0.05562579013906448
15.7134 0.05533846684289162
15.7146 0.05505114354671877
15.71581 0.05476382025054592
15.71702 0.054476496954373066
15.71823 0.05418917365820021
15.71943 0.053901850362027354
15.72064 0.053614527065854505
15.72185 0.05334635865609317
15.72305 0.05305903535992032
15.72426 0.05277171206374747
15.72547 0.052503543653986136
15.72667 0.05221622035781328
15.72788 0.051928897061640424
15.72909 0.0516607286518791
15.73029 0.051373405355706246
15.7315 0.05110523694594491
15.73271 0.05081791364977206
15.73391 0.050530590353599206
15.73512 0.05026242194383788
15.73633 0.04997509864766502
15.73753 0.04970693023790369
15.73874 0.04943876182814236
15.73995 0.04915143853196951
15.74115 0.04888327012220818
15.74236 0.048615101712446845
15.74357 0.04834693330268552
15.74478 0.04807876489292419
15.74598 0.047810596483162854
15.74719 0.047542428073401526
15.7484 0.0472742596636402
15.7496 0.04700609125387887
15.75081 0.04673792284411754
15.75202 0.046450599547944685
15.75322 0.04618243113818335
15.75443 0.0458951078420105
15.75564 0.04562693943224917
15.75684 0.045339616136076316
15.75805 0.04505229283990346
15.75926 0.044764969543730604
15.76046 0.044477646247557755
15.76167 0.04417116806497338
15.76288 0.04388384476880052
15.76408 0.043577366586216144
15.76529 0.04327088840363177
15.7665 0.04296441022104739
15.76771 0.04267708692487454
15.76891 0.042370608742290164
15.77012 0.04204497567329426
15.77133 0.04173849749070988
15.77253 0.041432019308125505
15.77374 0.04112554112554113
15.77495 0.04079990805654523
15.77615 0.040493429873960846
15.77736 0.04016779680496495
15.77857 0.03986131862238057
15.77977 0.039535685553384665
15.78098 0.039229207370800295
15.78219 0.0389035743018044
15.78339 0.03859709611922002
15.7846 0.038271463050224115
15.78581 0.03794582998122822
15.78701 0.03762019691223231
15.78822 0.037294563843236414
15.78943 0.036968930774240516
15.79063 0.03662414281883309
15.79184 0.03629850974983719
15.79305 0.03597287668084129
15.79426 0.035628088725433854
15.79546 0.035302455656437956
15.79667 0.03495766770103053
15.79788 0.03463203463203463
15.79908 0.034306401563038734
15.80029 0.03396161360763131
15.8015 0.0336359805386354
15.8027 0.033310347469639505
15.80391 0.03298471440064361
15.80512 0.0326590813316477
15.80632 0.032352603149063325
15.80753 0.03202697008006743
15.80874 0.03172049189748305
15.80994 0.03141401371489867
15.81115 0.031107535532314295
15.81236 0.030820212236141443
15.81356 0.030513734053557062
15.81477 0.030207255870972685
15.81598 0.029919932574799833
15.81718 0.02963260927862698
15.81839 0.029326131096042603
15.8196 0.029038807799869747
15.82081 0.028751484503696897
15.82201 0.028445006321112517
15.82322 0.028157683024939664
15.82443 0.02787035972876681
15.82563 0.027583036432593955
15.82684 0.02727655825000958
15.82805 0.026989234953836726
15.82925 0.02670191165766387
15.83046 0.026395433475079496
15.83167 0.02610811017890664
15.83287 0.025801631996322263
15.83408 0.02551430870014941
15.83529 0.025226985403976554
15.83649 0.0249396621078037
15.8377 0.02465233881163085
15.83891 0.024365015515457996
15.84011 0.02407769221928514
15.84132 0.023790368923112287
15.84253 0.023503045626939435
15.84373 0.023215722330766582
15.84494 0.0229092441481822
15.84615 0.02262192085200935
15.84736 0.02231544266942497
15.84856 0.02202811937325212
15.84977 0.02172164119066774
15.85098 0.021396008121671837
15.85218 0.021089529939087463
15.85339 0.020763896870091562
15.8546 0.020438263801095664
15.8558 0.020093475845688234
15.85701 0.019748687890280812
15.85822 0.019384745048461865
15.85942 0.019001647320231393
15.86063 0.01861854959200092
15.86184 0.018216296977358923
15.86304 0.017814044362716927
15.86425 0.01739263686166341
15.86546 0.016990384247021414
15.86666 0.016568976745967898
15.86787 0.016147569244914377
15.86908 0.01574531663027238
15.87028 0.015343064015630388
15.87149 0.014940811400988392
15.8727 0.014538558786346398
15.87391 0.014155461058115926
15.87511 0.013772363329885455
15.87632 0.013427575374478029
15.87753 0.013082787419070607
15.87873 0.01273799946366318
15.87994 0.012431521281078804
15.88115 0.012144197984905951
15.88235 0.01187602957514462
15.88356 0.011607861165383291
15.88477 0.01133969275562196
15.88597 0.011090679232272154
15.88718 0.01086082059533387
15.88839 0.010630961958395588
15.88959 0.010420258207868828
15.8908 0.010209554457342068
15.89201 0.00999885070681531
15.89321 0.009807301842700074
15.89442 0.009596598092173314
15.89563 0.0094242041144696
15.89683 0.009232655250354365
15.89804 0.009060261272650654
15.89925 0.00888786729494694
15.90046 0.00871547331724323
15.90166 0.008543079339539518
15.90287 0.008370685361835804
15.90408 0.008198291384132092
15.90528 0.008045052292839904
15.90649 0.007891813201547715
15.9077 0.007738574110255527
15.9089 0.007585335018963338
15.91011 0.007451250814082672
15.91132 0.007317166609202008
15.91252 0.007202237290732866
15.91373 0.007068153085852202
15.91494 0.00695322376738306
15.91614 0.006838294448913918
15.91735 0.006723365130444777
15.91856 0.006608435811975635
15.91976 0.006493506493506493
15.92097 0.006397732061448876
15.92218 0.006282802742979735
15.92338 0.006167873424510593
15.92459 0.0060720989924529754
15.9258 0.005957169673983833
15.92701 0.005842240355514693
15.92821 0.00572731103704555
15.92942 0.005612381718576409
15.93063 0.005478297513695744
15.93183 0.0053633681952266025
15.93304 0.005248438876757461
15.93425 0.00513350955828832
15.93545 0.005018580239819178
15.93666 0.004903650921350037
15.93787 0.0047887216028808955
15.93907 0.004673792284411753
15.94028 0.004558862965942613
15.94149 0.00444393364747347
15.94269 0.004329004329004329
15.9439 0.0042140750105351885
15.94511 0.004099145692066046
15.94631 0.003984216373596905
15.94752 0.0038692870551277634
15.94873 0.0037543577366586215
15.94993 0.003658583304601004
15.95114 0.0035436539861318627
15.95235 0.003428724667662721
15.95356 0.0033137953491935795
15.95476 0.003198866030724438
15.95597 0.0030839367122552966
15.95718 0.002969007393786155
15.95838 0.0028540780753170134
15.95959 0.0027199938704363484
15.9608 0.002605064551967207
15.962 0.0024901352334980656
15.96321 0.002375205915028924
15.96442 0.0022602765965597828
15.96562 0.002145347278090641
15.96683 0.0020304179596214995
15.96804 0.0019154886411523581
15.96924 0.0018005593226832165
15.97045 0.001685630004214075
15.97166 0.0015707006857449337
15.97286 0.0014749262536873156
15.97407 0.001379151821629698
15.97528 0.00128337738957208
15.97648 0.001187602957514462
15.97769 0.001091828525456844
15.9789 0.0009960540933992262
15.98011 0.0009194345477531319
15.98131 0.000823660115695514
15.98252 0.0007470405700494196
15.98373 0.0006704210244033253
15.98493 0.000593801478757231
15.98614 0.0005171819331111367
15.98735 0.0004405623874650424
15.98855 0.00036394284181894807
15.98976 0.0003064781825843773
15.99097 0.00022985863693828298
15.99217 0.00017239397770371225
15.99338 0.00011492931846914149
15.99459 5.7464659234570745e-05
15.99579 0.0
15.997 -0.00019154886411523582
15.99821 -0.00036394284181894807
15.99941 -0.0005554917059341838
16.00062 -0.0007278856836378961
16.00183 -0.0009002796613416082
16.00304 -0.0010726736390453205
16.00424 -0.0012259127303375092
16.00545 -0.0013983067080412213
16.00666 -0.0015515457993334099
16.00786 -0.0017047848906255986
16.00907 -0.0018580239819177874
16.01028 -0.0019921081867984524
16.01148 -0.002145347278090641
16.01269 -0.0022794314829713063
16.0139 -0.0024135156878519713
16.0151 -0.0025475998927326363
16.01631 -0.0026816840976133013
16.01752 -0.0027966134160824427
16.01872 -0.0029306976209631077
16.01993 -0.003064781825843773
16.02114 -0.0031797111443129145
16.02234 -0.0033137953491935795
16.02355 -0.003428724667662721
16.02476 -0.0035628088725433863
16.02596 -0.0036777381910125277
16.02717 -0.003792667509481669
16.02838 -0.003926751714362334
16.02959 -0.0040416810328314755
16.03079 -0.004156610351300617
16.032 -0.004271539669769759
16.03321 -0.0043864689882389
16.03441 -0.004501398306708042
16.03562 -0.004597172738765659
16.03683 -0.0047121020572348
16.03803 -0.004827031375703943
16.03924 -0.00492280580776156
16.04045 -0.005037735126230702
16.04165 -0.00513350955828832
16.04286 -0.005248438876757461
16.04407 -0.005344213308815079
16.04527 -0.005439987740872697
16.04648 -0.005554917059341838
16.04769 -0.005650691491399456
16.04889 -0.005746465923457075
16.0501 -0.005861395241926215
16.05131 -0.005957169673983833
16.05251 -0.006052944106041452
16.05372 -0.006167873424510593
16.05493 -0.006263647856568211
16.05614 -0.0063785771750373525
16.05734 -0.00647435160709497
16.05855 -0.006589280925564112
16.05976 -0.00668505535762173
16.06096 -0.006799984676090872
16.06217 -0.006895759108148489
16.06338 -0.006991533540206107
16.06458 -0.007106462858675249
16.06579 -0.007202237290732866
16.067 -0.007298011722790485
16.0682 -0.0073937861548481025
16.06941 -0.00748956058690572
16.07062 -0.007585335018963338
16.07182 -0.007681109451020955
16.07303 -0.007776883883078574
16.07424 -0.007853503428724668
16.07544 -0.007949277860782287
16.07665 -0.008025897406428381
16.07786 -0.008102516952074475
16.07906 -0.008198291384132092
16.08027 -0.008274910929778187
16.08148 -0.008351530475424281
16.08269 -0.008428150021070377
16.08389 -0.008504769566716471
16.0851 -0.008562234225951041
16.08631 -0.008638853771597135
16.08751 -0.00871547331724323
16.08872 -0.0087729379764778
16.08993 -0.008849557522123894
16.09113 -0.008907022181358464
16.09234 -0.008964486840593037
16.09355 -0.009021951499827607
16.09475 -0.009079416159062178
16.09596 -0.009136880818296748
16.09717 -0.009175190591119795
16.09837 -0.009232655250354365
16.09958 -0.009270965023177412
16.10079 -0.00930927479600046
16.10199 -0.009328429682411984
16.1032 -0.009366739455235031
16.10441 -0.009385894341646554
16.10561 -0.0094242041144696
16.10682 -0.009443359000881125
16.10803 -0.00946251388729265
16.10924 -0.00946251388729265
16.11044 -0.009481668773704174
16.11165 -0.009481668773704174
16.11286 -0.009481668773704174
16.11406 -0.009500823660115697
16.11527 -0.009500823660115697
16.11648 -0.009481668773704174
16.11768 -0.009481668773704174
16.11889 -0.009481668773704174
16.1201 -0.00946251388729265
16.1213 -0.00946251388729265
16.12251 -0.009443359000881125
16.12372 -0.0094242041144696
16.12492 -0.0094242041144696
16.12613 -0.009405049228058078
16.12734 -0.009385894341646554
16.12854 -0.009366739455235031
16.12975 -0.009328429682411984
16.13096 -0.00930927479600046
16.13216 -0.009270965023177412
16.13337 -0.00925181013676589
16.13458 -0.009213500363942842
16.13579 -0.009175190591119795
16.13699 -0.009136880818296748
16.1382 -0.009098571045473701
16.13941 -0.009060261272650654
16.14061 -0.009021951499827607
16.14182 -0.008964486840593037
16.14303 -0.008926177067769988
16.14423 -0.00888786729494694
16.14544 -0.008830402635712371
16.14665 -0.008792092862889324
16.14785 -0.008734628203654752
16.14906 -0.008696318430831705
16.15027 -0.008658008658008658
16.15147 -0.008600543998774088
16.15268 -0.008562234225951041
16.15389 -0.008523924453127994
16.15509 -0.008466459793893424
16.1563 -0.008428150021070377
16.15751 -0.008370685361835804
16.15871 -0.008332375589012756
16.15992 -0.008274910929778187
16.16113 -0.00823660115695514
16.16234 -0.00817913649772057
16.16354 -0.008140826724897523
16.16475 -0.008083362065662951
16.16596 -0.008045052292839904
16.16716 -0.007987587633605334
16.16837 -0.007930122974370762
16.16958 -0.007891813201547715
16.17078 -0.007834348542313144
16.17199 -0.007776883883078574
16.1732 -0.007719419223844002
16.1744 -0.0076619545646094325
16.17561 -0.007604489905374861
16.17682 -0.007547025246140291
16.17802 -0.00748956058690572
16.17923 -0.00743209592767115
16.18044 -0.007374631268436579
16.18164 -0.007317166609202008
16.18285 -0.007259701949967437
16.18406 -0.007202237290732866
16.18526 -0.007144772631498295
16.18647 -0.007087307972263725
16.18768 -0.00701068842661763
16.18889 -0.00695322376738306
16.19009 -0.006895759108148489
16.1913 -0.006838294448913918
16.19251 -0.006761674903267824
16.19371 -0.00668505535762173
16.19492 -0.006627590698387159
16.19613 -0.006550971152741065
16.19733 -0.00647435160709497
16.19854 -0.006397732061448876
16.19975 -0.006321112515802782
16.20095 -0.006225338083745163
16.20216 -0.006129563651687546
16.20337 -0.006052944106041452
16.20457 -0.005957169673983833
16.20578 -0.005861395241926215
16.20699 -0.005765620809868598
16.20819 -0.005650691491399456
16.2094 -0.005554917059341838
16.21061 -0.005439987740872697
16.21182 -0.005344213308815079
16.21302 -0.005229283990345938
16.21423 -0.005114354671876796
16.21544 -0.004999425353407655
16.21664 -0.004884496034938513
16.21785 -0.004769566716469372
16.21906 -0.004635482511588706
16.22026 -0.0045205531931195655
16.22147 -0.0043864689882389
16.22268 -0.004252384783358236
16.22388 -0.004137455464889093
16.22509 -0.003984216373596905
16.2263 -0.00385013216871624
16.2275 -0.003716047963835575
16.22871 -0.0035628088725433863
16.22992 -0.003428724667662721
16.23112 -0.0032754855763705323
16.23233 -0.0031222464850783433
16.23354 -0.0029498525073746312
16.23474 -0.0027966134160824427
16.23595 -0.0026242194383787306
16.23716 -0.0024518254606750185
16.23837 -0.0022794314829713063
16.23957 -0.0021070375052675942
16.24078 -0.0019346435275638817
16.24199 -0.0017622495498601696
16.24319 -0.0015898555721564572
16.2444 -0.001417461594452745
16.24561 -0.0012259127303375092
16.24681 -0.0010535187526337971
16.24802 -0.0008811247749300848
16.24923 -0.000689575910814849
16.25043 -0.0005171819331111367
16.25164 -0.0003447879554074245
16.25285 -0.00017239397770371225
16.25405 0.0
16.25526 0.00011492931846914149
16.25647 0.00024901352334980655
16.25767 0.00036394284181894807
16.25888 0.00047887216028808953
16.26009 0.0006129563651687546
16.26129 0.0007278856836378961
16.2625 0.0008619698885185611
16.26371 0.0009960540933992262
16.26492 0.0011109834118683676
16.26612 0.0012450676167490328
16.26733 0.0013599969352181742
16.26854 0.0014940811400988392
16.26974 0.0016090104585679808
16.27095 0.0017239397770371222
16.27216 0.0018580239819177874
16.27336 0.001972953300386929
16.27457 0.0020687277324445467
16.27578 0.002183657050913688
16.27698 0.0022985863693828295
16.27819 0.0023943608014404478
16.2794 0.0024901352334980656
16.2806 0.0025859096655556834
16.28181 0.0026816840976133013
16.28302 0.002758303643259396
16.28422 0.0028540780753170134
16.28543 0.0029498525073746312
16.28664 0.003026472053020726
16.28784 0.0031030915986668198
16.28905 0.0031797111443129145
16.29026 0.0032563306899590088
16.29147 0.003332950235605103
16.29267 0.0034095697812511973
16.29388 0.0034861893268972916
16.29509 0.0035628088725433863
16.29629 0.0036202735317779565
16.2975 0.0036968930774240513
16.29871 0.0037543577366586215
16.29991 0.0038118223958931927
16.30112 0.003888441941539287
16.30233 0.003945906600773858
16.30353 0.004003371260008428
16.30474 0.004060835919242999
16.30595 0.00411830057847757
16.30715 0.004156610351300617
16.30836 0.0042140750105351885
16.30957 0.004252384783358236
16.31077 0.004309849442592805
16.31198 0.004348159215415853
16.31319 0.0043864689882389
16.31439 0.004424778761061947
16.3156 0.004463088533884994
16.31681 0.004501398306708042
16.31802 0.0045205531931195655
16.31922 0.004558862965942613
16.32043 0.004597172738765659
16.32164 0.004635482511588706
16.32284 0.004673792284411753
16.32405 0.004692947170823277
16.32526 0.004731256943646325
16.32646 0.004769566716469372
16.32767 0.004807876489292419
16.32888 0.004846186262115466
16.33008 0.004884496034938513
16.33129 0.004941960694173083
16.3325 0.004980270466996131
16.3337 0.005018580239819178
16.33491 0.0050568900126422255
16.33612 0.005095199785465273
16.33732 0.00513350955828832
16.33853 0.0051909742175228904
16.33974 0.005229283990345938
16.34094 0.005267593763168985
16.34215 0.005305903535992032
16.34336 0.005344213308815079
16.34457 0.00540167796804965
16.34577 0.005439987740872697
16.34698 0.005478297513695744
16.34819 0.0055357621729303155
16.34939 0.005574071945753362
16.3506 0.0056315366049879325
16.35181 0.00566984637781098
16.35301 0.00572731103704555
16.35422 0.005765620809868598
16.35543 0.005823085469103169
16.35663 0.005880550128337739
16.35784 0.00593801478757231
16.35905 0.005995479446806881
16.36025 0.006052944106041452
16.36146 0.006110408765276023
16.36267 0.006167873424510593
16.36387 0.006225338083745163
16.36508 0.006282802742979735
16.36629 0.006340267402214305
16.36749 0.006397732061448876
16.3687 0.006455196720683447
16.36991 0.0065126613799180175
16.37112 0.006589280925564112
16.37232 0.0066467455847986825
16.37353 0.006704210244033253
16.37474 0.006780829789679348
16.37594 0.006838294448913918
16.37715 0.006914913994560012
16.37836 0.006972378653794583
16.37956 0.007048998199440678
16.38077 0.007106462858675249
16.38198 0.007183082404321342
16.38318 0.007240547063555913
16.38439 0.007317166609202008
16.3856 0.007374631268436579
16.3868 0.007451250814082672
16.38801 0.007508715473317243
16.38922 0.007585335018963338
16.39042 0.0076619545646094325
16.39163 0.007719419223844002
16.39284 0.0077960387694900974
16.39404 0.00787265831513619
16.39525 0.007949277860782287
16.39646 0.008025897406428381
16.39767 0.008083362065662951
16.39887 0.008159981611309045
16.40008 0.00823660115695514
16.40129 0.008332375589012756
16.40249 0.00840899513465885
16.4037 0.008485614680304947
16.40491 0.008562234225951041
16.40611 0.008658008658008658
16.40732 0.008734628203654752
16.40853 0.008830402635712371
16.40973 0.008926177067769988
16.41094 0.009002796613416084
16.41215 0.009098571045473701
16.41335 0.009194345477531318
16.41456 0.009290119909588937
16.41577 0.009385894341646554
16.41697 0.009481668773704174
16.41818 0.009577443205761791
16.41939 0.009692372524230932
16.4206 0.00978814695628855
16.4218 0.009883921388346166
16.42301 0.00999885070681531
16.42422 0.010094625138872928
16.42542 0.010209554457342068
16.42663 0.010305328889399687
16.42784 0.010420258207868828
16.42904 0.01053518752633797
16.43025 0.01065011684480711
16.43146 0.010765046163276252
16.43266 0.010879975481745394
16.43387 0.010994904800214537
16.43508 0.011109834118683676
16.43628 0.011243918323564342
16.43749 0.011358847642033484
16.4387 0.01149293184691415
16.4399 0.011607861165383291
16.44111 0.011741945370263955
16.44232 0.01187602957514462
16.44352 0.012010113780025287
16.44473 0.012144197984905951
16.44594 0.012278282189786615
16.44715 0.012412366394667279
16.44835 0.012546450599547947
16.44956 0.012699689690840133
16.45077 0.0128337738957208
16.45197 0.012967858100601463
16.45318 0.01310194230548213
16.45439 0.013236026510362795
16.45559 0.013389265601654982
16.4568 0.013523349806535648
16.45801 0.013657434011416314
16.45921 0.013791518216296978
16.46042 0.013925602421177644
16.46163 0.01405968662605831
16.46283 0.014193770830938974
16.46404 0.014327855035819638
16.46525 0.014461939240700303
16.46645 0.01459602344558097
16.46766 0.014730107650461633
16.46887 0.0148641918553423
16.47007 0.014998276060222963
16.47128 0.015132360265103631
16.47249 0.015266444469984293
16.4737 0.01540052867486496
16.4749 0.015534612879745622
16.47611 0.015668697084626287
16.47732 0.015802781289506955
16.47852 0.01593686549438762
16.47973 0.016051794812856762
16.48094 0.016185879017737423
16.48214 0.01631996322261809
16.48335 0.016434892541087234
16.48456 0.016568976745967898
16.48576 0.01668390606443704
16.48697 0.01679883538290618
16.48818 0.01691376470137532
16.48938 0.017028694019844463
16.49059 0.017143623338313603
16.4918 0.017258552656782746
16.493 0.01737348197525189
16.49421 0.01748841129372103
16.49542 0.017603340612190172
16.49662 0.017699115044247787
16.49783 0.017814044362716927
16.49904 0.017928973681186074
16.50025 0.01802474811324369
16.50145 0.01813967743171283
16.50266 0.01823545186377045
16.50387 0.018331226295828066
16.50507 0.01844615561429721
16.50628 0.018541930046354824
16.50749 0.018637704478412447
16.50869 0.018733478910470062
16.5099 0.01882925334252768
16.51111 0.01894418266099682
16.51231 0.01903995709305444
16.51352 0.019135731525112058
16.51473 0.019212351070758152
16.51593 0.01930812550281577
16.51714 0.01940389993487339
16.51835 0.019499674366931005
16.51955 0.0195762939125771
16.52076 0.019672068344634717
16.52197 0.019748687890280812
16.52317 0.019844462322338427
16.52438 0.019921081867984525
16.52559 0.01999770141363062
16.5268 0.020093475845688234
16.528 0.02017009539133433
16.52921 0.020246714936980423
16.53042 0.020323334482626517
16.53162 0.020419108914684136
16.53283 0.02049572846033023
16.53404 0.020572348005976324
16.53524 0.02064896755162242
16.53645 0.020744741983680037
16.53766 0.02082136152932613
16.53886 0.020897981074972226
16.54007 0.020993755507029845
16.54128 0.02107037505267594
16.54248 0.021146994598322033
16.54369 0.021223614143968127
16.5449 0.02130023368961422
16.5461 0.021396008121671837
16.54731 0.021472627667317935
16.54852 0.02154924721296403
16.54972 0.021625866758610123
16.55093 0.021702486304256217
16.55214 0.02177910584990231
16.55335 0.021855725395548406
16.55455 0.0219323449411945
16.55576 0.02202811937325212
16.55697 0.022104738918898213
16.55817 0.022181358464544308
16.55938 0.022257978010190402
16.56059 0.022353752442248017
16.56179 0.02243037198789411
16.563 0.02252614641995173
16.56421 0.022602765965597824
16.56541 0.022698540397655443
16.56662 0.02279431482971306
16.56783 0.02289008926177068
16.56903 0.022966708807416775
16.57024 0.023062483239474393
16.57145 0.02315825767153201
16.57265 0.023254032103589627
16.57386 0.023349806535647243
16.57507 0.02344558096770486
16.57627 0.023560510286174004
16.57748 0.023656284718231623
16.57869 0.02375205915028924
16.5799 0.023847833582346857
16.5811 0.023943608014404476
16.58231 0.02405853733287362
16.58352 0.024154311764931234
16.58472 0.024250086196988853
16.58593 0.024365015515457996
16.58714 0.02446078994751561
16.58834 0.02455656437957323
16.58955 0.024671493698042373
16.59076 0.024767268130099992
16.59196 0.024863042562157607
16.59317 0.024977971880626747
16.59438 0.025073746312684365
16.59558 0.02518867563115351
16.59679 0.025284450063211127
16.598 0.025399379381680267
16.5992 0.02551430870014941
16.60041 0.02561008313220703
16.60162 0.02572501245067617
16.60282 0.02583994176914531
16.60403 0.02595487108761445
16.60524 0.02605064551967207
16.60645 0.026165574838141213
16.60765 0.026280504156610353
16.60886 0.026376278588667968
16.61007 0.02649120790713711
16.61127 0.02658698233919473
16.61248 0.02670191165766387
16.61369 0.026797686089721492
16.61489 0.026893460521779107
16.6161 0.026989234953836726
16.61731 0.027085009385894344
16.61851 0.02716162893154044
16.61972 0.027257403363598054
16.62093 0.027353177795655673
16.62213 0.027429797341301767
16.62334 0.02750641688694786
16.62455 0.02760219131900548
16.62575 0.027678810864651574
16.62696 0.02775543041029767
16.62817 0.027832049955943763
16.62938 0.027908669501589857
16.63058 0.02798528904723595
16.63179 0.028061908592882046
16.633 0.02813852813852814
16.6342 0.028215147684174234
16.63541 0.028272612343408807
16.63662 0.0283492318890549
16.63782 0.028425851434700996
16.63903 0.028483316093935562
16.64024 0.028540780753170136
16.64144 0.02861740029881623
16.64265 0.028674864958050803
16.64386 0.02873232961728537
16.64506 0.028789794276519943
16.64627 0.028847258935754513
16.64748 0.028904723594989083
16.64868 0.028962188254223652
16.64989 0.029019652913458226
16.6511 0.02905796268628127
16.6523 0.02909627245910432
16.65351 0.02915373711833889
16.65472 0.02919204689116194
16.65593 0.029230356663984984
16.65713 0.029287821323219554
16.65834 0.029326131096042603
16.65955 0.029364440868865648
16.66075 0.029402750641688697
16.66196 0.029441060414511742
16.66317 0.029479370187334788
16.66437 0.029517679960157837
16.66558 0.029555989732980882
16.66679 0.029594299505803934
16.66799 0.02963260927862698
16.6692 0.02969007393786155
16.67041 0.0297283837106846
16.67161 0.029766693483507644
16.67282 0.029824158142742217
16.67403 0.029862467915565263
16.67523 0.029919932574799833
16.67644 0.02995824234762288
16.67765 0.029996552120445927
16.67885 0.030054016779680497
16.68006 0.030092326552503542
16.68127 0.03014979121173812
16.68248 0.030188100984561164
16.68368 0.03024556564379573
16.68489 0.030283875416618783
16.6861 0.030341340075853353
16.6873 0.030379649848676398
16.68851 0.03043711450791097
16.68972 0.030475424280734017
16.69092 0.030532888939968587
16.69213 0.030571198712791632
16.69334 0.030609508485614684
16.69454 0.030666973144849254
16.69575 0.0307052829176723
16.69696 0.030743592690495345
16.69816 0.03080105734972992
16.69937 0.030839367122552964
16.70058 0.03087767689537601
16.70178 0.030935141554610586
16.70299 0.03097345132743363
16.7042 0.031011761100256677
16.7054 0.031069225759491243
16.70661 0.031107535532314295
16.70782 0.031145845305137344
16.70903 0.03120330996437191
16.71023 0.031241619737194963
16.71144 0.03127992951001801
16.71265 0.031318239282841054
16.71385 0.0313565490556641
16.71506 0.03141401371489867
16.71627 0.03145232348772172
16.71747 0.03149063326054476
16.71868 0.03152894303336781
16.71989 0.03156725280619086
16.72109 0.03158640769260239
16.7223 0.03162471746542543
16.72351 0.03166302723824848
16.72471 0.03168218212466
16.72592 0.03172049189748305
16.72713 0.03173964678389458
16.72833 0.0317588016703061
16.72954 0.03179711144312915
16.73075 0.03181626632954067
16.73195 0.03183542121595219
16.73316 0.03185457610236371
16.73437 0.03187373098877524
16.73558 0.031892885875186766
16.73678 0.031892885875186766
16.73799 0.03191204076159829
16.7392 0.03193119564800981
16.7404 0.031950350534421336
16.74161 0.031950350534421336
16.74282 0.03196950542083286
16.74402 0.03198866030724438
16.74523 0.03198866030724438
16.74644 0.0320078151936559
16.74764 0.03202697008006743
16.74885 0.03202697008006743
16.75006 0.03204612496647895
16.75126 0.032065279852890476
16.75247 0.032084434739302
16.75368 0.032084434739302
16.75488 0.032103589625713524
16.75609 0.032122744512125045
16.7573 0.032141899398536566
16.7585 0.032161054284948094
16.75971 0.032180209171359615
16.76092 0.032199364057771136
16.76213 0.032218518944182664
16.76333 0.032218518944182664
16.76454 0.03223767383059419
16.76575 0.03225682871700571
16.76695 0.032275983603417234
16.76816 0.032295138489828755
16.76937 0.03231429337624028
16.77057 0.03231429337624028
16.77178 0.032333448262651804
16.77299 0.032352603149063325
16.77419 0.032352603149063325
16.7754 0.032371758035474846
16.77661 0.03239091292188638
16.77781 0.03239091292188638
16.77902 0.0324100678082979
16.78023 0.0324100678082979
16.78143 0.03242922269470942
16.78264 0.03242922269470942
16.78385 0.032448377581120944
16.78505 0.03246753246753247
16.78626 0.03246753246753247
16.78747 0.03248668735394399
16.78868 0.03248668735394399
16.78988 0.03250584224035551
16.79109 0.03250584224035551
16.7923 0.032524997126767034
16.7935 0.032524997126767034
16.79471 0.03254415201317857
16.79592 0.03254415201317857
16.79712 0.03254415201317857
16.79833 0.03254415201317857
16.79954 0.03254415201317857
16.80074 0.03254415201317857
16.80195 0.032524997126767034
16.80316 0.03250584224035551
16.80436 0.03250584224035551
16.80557 0.03248668735394399
16.80678 0.032448377581120944
16.80798 0.03242922269470942
16.80919 0.0324100678082979
16.8104 0.032371758035474846
16.8116 0.032333448262651804
16.81281 0.032295138489828755
16.81402 0.032275983603417234
16.81523 0.03223767383059419
16.81643 0.032180209171359615
16.81764 0.032141899398536566
16.81885 0.032103589625713524
16.82005 0.03204612496647895
16.82126 0.03198866030724438
16.82247 0.03193119564800981
16.82367 0.03187373098877524
16.82488 0.03181626632954067
16.82609 0.0317588016703061
16.82729 0.03170133701107152
16.8285 0.03162471746542543
16.82971 0.03154809791977933
16.83091 0.03147147837413324
16.83212 0.031394858828487145
16.83333 0.031318239282841054
16.83453 0.031222464850783435
16.83574 0.031145845305137344
16.83695 0.031050070873079722
16.83816 0.030954296441022107
16.83936 0.030839367122552964
16.84057 0.030743592690495345
16.84178 0.03062866337202621
16.84298 0.030532888939968587
16.84419 0.030417959621499444
16.8454 0.030303030303030307
16.8466 0.030188100984561164
16.84781 0.030054016779680497
16.84902 0.02993908746121136
16.85022 0.02980500325633069
16.85143 0.02969007393786155
16.85264 0.029555989732980882
16.85384 0.02942190552810022
16.85505 0.029287821323219554
16.85626 0.02915373711833889
16.85746 0.029019652913458226
16.85867 0.028885568708577558
16.85988 0.02873232961728537
16.86108 0.02859824541240471
16.86229 0.02846416120752404
16.8635 0.028310922116231853
16.86471 0.028157683024939664
16.86591 0.028004443933647472
16.86712 0.027851204842355287
16.86833 0.0276979657510631
16.86953 0.027525571773359386
16.87074 0.027372332682067197
16.87195 0.027199938704363488
16.87315 0.02702754472665977
16.87436 0.026855150748956058
16.87557 0.02670191165766387
16.87677 0.02652951767996016
16.87798 0.026357123702256447
16.87919 0.026184729724552734
16.88039 0.02601233574684902
16.8816 0.02583994176914531
16.88281 0.025686702677853123
16.88401 0.02551430870014941
16.88522 0.02536106960885722
16.88643 0.02518867563115351
16.88763 0.02503543653986132
16.88884 0.02488219744856913
16.89005 0.024728958357276943
16.89126 0.024575719265984754
16.89246 0.024422480174692562
16.89367 0.024269241083400377
16.89488 0.02411600199210819
16.89608 0.023962762900816
16.89729 0.02380952380952381
16.8985 0.023675439604643144
16.8997 0.023522200513350956
16.90091 0.02336896142205877
16.90212 0.023215722330766582
16.90332 0.023081638125885914
16.90453 0.022928399034593726
16.90574 0.02279431482971306
16.90694 0.022641075738420873
16.90815 0.02250699153354021
16.90936 0.02237290732865954
16.91056 0.022238823123778877
16.91177 0.02208558403248669
16.91298 0.021970654714017546
16.91418 0.02183657050913688
16.91539 0.021702486304256217
16.9166 0.021587556985787078
16.91781 0.02145347278090641
16.91901 0.02133854346243727
16.92022 0.02124276903037965
16.92143 0.02112783971191051
16.92263 0.02101291039344137
16.92384 0.02091713596138375
16.92505 0.02082136152932613
16.92625 0.020725587097268513
16.92746 0.020629812665210898
16.92867 0.02053403823315328
16.92987 0.020438263801095664
16.93108 0.02034248936903804
16.93229 0.020246714936980423
16.93349 0.020150940504922808
16.9347 0.02005516607286519
16.93591 0.019959391640807574
16.93711 0.019844462322338427
16.93832 0.019748687890280812
16.93953 0.019633758571811672
16.94073 0.019537984139754053
16.94194 0.01942305482128491
16.94315 0.01930812550281577
16.94436 0.019174041297935103
16.94556 0.019059111979465963
16.94677 0.01894418266099682
16.94798 0.018810098456116156
16.94918 0.018695169137647013
16.95039 0.018580239819177873
16.9516 0.01844615561429721
16.9528 0.018312071409416545
16.95401 0.018197142090947402
16.95522 0.018063057886066734
16.95642 0.017928973681186074
16.95763 0.017794889476305406
16.95884 0.017660805271424742
16.96004 0.017526721066544078
16.96125 0.01739263686166341
16.96246 0.01723939777037122
16.96366 0.017086158679079037
16.96487 0.016932919587786848
16.96608 0.016779680496494656
16.96728 0.016626441405202468
16.96849 0.016454047427498758
16.9697 0.016300808336206566
16.97091 0.016109259472091332
16.97211 0.01593686549438762
16.97332 0.01574531663027238
16.97453 0.015553767766157148
16.97573 0.01536221890204191
16.97694 0.015170670037926676
16.97815 0.014959966287399916
16.97935 0.014749262536873158
16.98056 0.014538558786346398
16.98177 0.014308700149408115
16.98297 0.014078841512469832
16.98418 0.013868137761943072
16.98539 0.01363827912500479
16.98659 0.013408420488066506
16.9878 0.013178561851128224
16.98901 0.01294870321418994
16.99021 0.012718844577251658
16.99142 0.012488985940313373
16.99263 0.012239972416963568
16.99383 0.012010113780025287
16.99504 0.011780255143087002
16.99625 0.01155039650614872
16.99746 0.011320537869210437
16.99866 0.011109834118683676
16.99987 0.010879975481745394
17.00108 0.01065011684480711
17.00228 0.010420258207868828
17.00349 0.010190399570930545
17.0047 0.009960540933992262
17.0059 0.00973068229705398
17.00711 0.009500823660115697
17.00832 0.009270965023177412
17.00952 0.009021951499827607
17.01073 0.008792092862889324
17.01194 0.008562234225951041
17.01314 0.008332375589012756
17.01435 0.008083362065662951
17.01556 0.007853503428724668
17.01676 0.007623644791786385
17.01797 0.0073937861548481025
17.01918 0.007183082404321342
17.02038 0.00695322376738306
17.02159 0.0067425200168563
17.0228 0.0065126613799180175
17.02401 0.006301957629391258
17.02521 0.006091253878864499
17.02642 0.0058997050147492625
17.02763 0.005689001264222503
17.02883 0.005497452400107268
17.03004 0.005305903535992032
17.03125 0.005114354671876796
17.03245 0.00492280580776156
17.03366 0.004750411830057848
17.03487 0.004558862965942613
17.03607 0.0043864689882389
17.03728 0.004194920124123664
17.03849 0.004022526146419952
17.03969 0.00385013216871624
17.0409 0.0036777381910125277
17.04211 0.003505344213308815
17.04331 0.0033521051220166266
17.04452 0.0031797111443129145
17.04573 0.003026472053020726
17.04694 0.0028540780753170134
17.04814 0.002700838984024825
17.04935 0.0025475998927326363
17.05056 0.0024135156878519713
17.05176 0.0022602765965597828
17.05297 0.0021070375052675942
17.05418 0.001972953300386929
17.05538 0.0018388690955062638
17.05659 0.0017047848906255986
17.0578 0.0015707006857449337
17.059 0.0014557713672757923
17.06021 0.001321687162395127
17.06142 0.0012067578439259857
17.06262 0.0010726736390453205
17.06383 0.0009577443205761791
17.06504 0.0008428150021070375
17.06624 0.0007470405700494196
17.06745 0.0006321112515802782
17.06866 0.0005363368195226602
17.06986 0.00042140750105351877
17.07107 0.0003256330689959009
17.07228 0.00022985863693828298
17.07349 0.00013408420488066506
17.07469 3.830977282304716e-05
17.0759 -3.830977282304716e-05
17.07711 -0.00013408420488066506
17.07831 -0.00021070375052675939
17.07952 -0.0002873232961728537
17.08073 -0.00036394284181894807
17.08193 -0.0004405623874650424
17.08314 -0.0005171819331111367
17.08435 -0.000593801478757231
17.08555 -0.0006512661379918018
17.08676 -0.0007087307972263725
17.08797 -0.0007853503428724668
17.08917 -0.000823660115695514
17.09038 -0.0008811247749300848
17.09159 -0.0009385894341646554
17.09279 -0.0009768992069877026
17.094 -0.0010343638662222733
17.09521 -0.0010726736390453205
17.09641 -0.0011109834118683676
17.09762 -0.0011492931846914147
17.09883 -0.0011684480711029383
17.10004 -0.0012067578439259857
17.10124 -0.0012450676167490328
17.10245 -0.0012642225031605564
17.10366 -0.0013025322759836035
17.10486 -0.001321687162395127
17.10607 -0.0013408420488066506
17.10728 -0.001379151821629698
17.10848 -0.0013983067080412213
17.10969 -0.001417461594452745
17.1109 -0.0014366164808642687
17.1121 -0.0014557713672757923
17.11331 -0.0014749262536873156
17.11452 -0.0014940811400988392
17.11572 -0.001513236026510363
17.11693 -0.001513236026510363
17.11814 -0.001513236026510363
17.11934 -0.001513236026510363
17.12055 -0.0015323909129218865
17.12176 -0.0015323909129218865
17.12296 -0.0015323909129218865
17.12417 -0.001513236026510363
17.12538 -0.001513236026510363
17.12659 -0.001513236026510363
17.12779 -0.001513236026510363
17.129 -0.001513236026510363
17.13021 -0.001513236026510363
17.13141 -0.0014940811400988392
17.13262 -0.0014940811400988392
17.13383 -0.0014940811400988392
17.13503 -0.0014940811400988392
17.13624 -0.001513236026510363
17.13745 -0.001513236026510363
17.13865 -0.001513236026510363
17.13986 -0.0015323909129218865
17.14107 -0.0015323909129218865
17.14227 -0.0015515457993334099
17.14348 -0.0015515457993334099
17.14469 -0.0015707006857449337
17.14589 -0.0015707006857449337
17.1471 -0.0015898555721564572
17.14831 -0.0015898555721564572
17.14951 -0.0016090104585679808
17.15072 -0.0016090104585679808
17.15193 -0.0016281653449795044
17.15314 -0.001647320231391028
17.15434 -0.001647320231391028
17.15555 -0.0016664751178025515
17.15676 -0.001685630004214075
17.15796 -0.0017047848906255986
17.15917 -0.0017239397770371222
17.16038 -0.0017430946634486458
17.16158 -0.0017814044362716931
17.16279 -0.0018005593226832165
17.164 -0.0018388690955062638
17.1652 -0.0018771788683293108
17.16641 -0.0019154886411523581
17.16762 -0.0019537984139754053
17.16882 -0.0019921081867984524
17.17003 -0.002049572846033023
17.17124 -0.0020878826188560702
17.17244 -0.002145347278090641
17.17365 -0.0022028119373252116
17.17486 -0.0022602765965597828
17.17606 -0.002317741255794353
17.17727 -0.0023943608014404478
17.17848 -0.0024518254606750185
17.17969 -0.0025284450063211127
17.18089 -0.002605064551967207
17.1821 -0.0026625292112017777
17.18331 -0.002739148756847872
17.18451 -0.0028157683024939663
17.18572 -0.002892387848140061
17.18693 -0.002969007393786155
17.18813 -0.0030456269394322495
17.18934 -0.0031414013714898673
17.19055 -0.0032180209171359616
17.19175 -0.003294640462782056
17.19296 -0.00337126000842815
17.19417 -0.003467034440485768
17.19537 -0.0035436539861318627
17.19658 -0.0036202735317779565
17.19779 -0.003716047963835575
17.19899 -0.003792667509481669
17.2002 -0.003888441941539287
17.20141 -0.003984216373596905
17.20261 -0.004079990805654523
17.20382 -0.0041757652377121405
17.20503 -0.004271539669769759
17.20624 -0.004367314101827376
17.20744 -0.004482243420296518
17.20865 -0.004578017852354136
17.20986 -0.004692947170823277
17.21106 -0.0047887216028808955
17.21227 -0.004884496034938513
17.21348 -0.004999425353407655
17.21468 -0.005095199785465273
17.21589 -0.0051909742175228904
17.2171 -0.005286748649580508
17.2183 -0.005382523081638126
17.21951 -0.005478297513695744
17.22072 -0.005574071945753362
17.22192 -0.005650691491399456
17.22313 -0.00572731103704555
17.22434 -0.0058039305826916455
17.22554 -0.005880550128337739
17.22675 -0.005957169673983833
17.22796 -0.006033789219629928
17.22916 -0.006091253878864499
17.23037 -0.006167873424510593
17.23158 -0.006225338083745163
17.23279 -0.006282802742979735
17.23399 -0.006359422288625829
17.2352 -0.0064168869478604
17.23641 -0.00647435160709497
17.23761 -0.006531816266329541
17.23882 -0.006570126039152588
17.24003 -0.006627590698387159
17.24123 -0.00668505535762173
17.24244 -0.006723365130444777
17.24365 -0.006780829789679348
17.24485 -0.006819139562502395
17.24606 -0.006857449335325442
17.24727 -0.006895759108148489
17.24847 -0.006934068880971536
17.24968 -0.006972378653794583
17.25089 -0.006991533540206107
17.25209 -0.007029843313029155
17.2533 -0.007048998199440678
17.25451 -0.007068153085852202
17.25571 -0.007087307972263725
17.25692 -0.007106462858675249
17.25813 -0.0071256177450867726
17.25934 -0.007144772631498295
17.26054 -0.007144772631498295
17.26175 -0.007144772631498295
17.26296 -0.007163927517909819
17.26416 -0.007163927517909819
17.26537 -0.007163927517909819
17.26658 -0.007163927517909819
17.26778 -0.007144772631498295
17.26899 -0.007144772631498295
17.2702 -0.007144772631498295
17.2714 -0.0071256177450867726
17.27261 -0.007106462858675249
17.27382 -0.007106462858675249
17.27502 -0.007087307972263725
17.27623 -0.007068153085852202
17.27744 -0.007048998199440678
17.27864 -0.007029843313029155
17.27985 -0.00701068842661763
17.28106 -0.006991533540206107
17.28227 -0.00695322376738306
17.28347 -0.006934068880971536
17.28468 -0.006914913994560012
17.28589 -0.006876604221736965
17.28709 -0.006857449335325442
17.2883 -0.006819139562502395
17.28951 -0.006799984676090872
17.29071 -0.006761674903267824
17.29192 -0.006723365130444777
17.29313 -0.00668505535762173
17.29433 -0.0066467455847986825
17.29554 -0.006608435811975635
17.29675 -0.006570126039152588
17.29795 -0.006531816266329541
17.29916 -0.006493506493506493
17.30037 -0.006436041834271923
17.30157 -0.006397732061448876
17.30278 -0.006340267402214305
17.30399 -0.006282802742979735
17.30519 -0.006225338083745163
17.3064 -0.006167873424510593
17.30761 -0.006110408765276023
17.30882 -0.006033789219629928
17.31002 -0.005957169673983833
17.31123 -0.0058997050147492625
17.31244 -0.005823085469103169
17.31364 -0.00572731103704555
17.31485 -0.005650691491399456
17.31606 -0.005554917059341838
17.31726 -0.00545914262728422
17.31847 -0.005382523081638126
17.31968 -0.005267593763168985
17.32088 -0.005171819331111367
17.32209 -0.005076044899053749
17.3233 -0.004961115580584607
17.3245 -0.00486534114852699
17.32571 -0.004750411830057848
17.32692 -0.004635482511588706
17.32812 -0.0045205531931195655
17.32933 -0.004405623874650423
17.33054 -0.004290694556181282
17.33174 -0.0041757652377121405
17.33295 -0.0040416810328314755
17.33416 -0.003926751714362334
17.33537 -0.0038118223958931927
17.33657 -0.0036777381910125277
17.33778 -0.0035628088725433863
17.33899 -0.0034478795540742444
17.34019 -0.0033137953491935795
17.3414 -0.003198866030724438
17.34261 -0.003064781825843773
17.34381 -0.0029306976209631077
17.34502 -0.0027966134160824427
17.34623 -0.0026625292112017777
17.34743 -0.002509290119909589
17.34864 -0.002375205915028924
17.34985 -0.002221966823736735
17.35105 -0.0020687277324445467
17.35226 -0.0019346435275638817
17.35347 -0.0017814044362716931
17.35467 -0.0016281653449795044
17.35588 -0.0014749262536873156
17.35709 -0.001321687162395127
17.35829 -0.001187602957514462
17.3595 -0.0010343638662222733
17.36071 -0.0009002796613416082
17.36192 -0.0007470405700494196
17.36312 -0.0006129563651687546
17.36433 -0.00047887216028808953
17.36554 -0.00036394284181894807
17.36674 -0.00022985863693828298
17.36795 -0.00011492931846914149
17.36916 0.0
17.37036 7.661954564609433e-05
17.37157 0.00013408420488066506
17.37278 0.00019154886411523582
17.37398 0.0002681684097613301
17.37519 0.0003256330689959009
17.3764 0.00036394284181894807
17.3776 0.00042140750105351877
17.37881 0.00047887216028808953
17.38002 0.0005171819331111367
17.38122 0.0005746465923457074
17.38243 0.0006129563651687546
17.38364 0.0006512661379918018
17.38484 0.000689575910814849
17.38605 0.0007278856836378961
17.38726 0.0007661954564609433
17.38847 0.0007853503428724668
17.38967 0.000823660115695514
17.39088 0.0008428150021070375
17.39209 0.0008811247749300848
17.39329 0.0009002796613416082
17.3945 0.0009194345477531319
17.39571 0.0009385894341646554
17.39691 0.0009577443205761791
17.39812 0.0009768992069877026
17.39933 0.0009960540933992262
17.40053 0.0009960540933992262
17.40174 0.0010152089798107498
17.40295 0.0010152089798107498
17.40415 0.0009960540933992262
17.40536 0.0009960540933992262
17.40657 0.0009768992069877026
17.40777 0.0009577443205761791
17.40898 0.0009385894341646554
17.41019 0.0009194345477531319
17.41139 0.0009002796613416082
17.4126 0.0008619698885185611
17.41381 0.0008428150021070375
17.41502 0.000823660115695514
17.41622 0.0008045052292839904
17.41743 0.0007853503428724668
17.41864 0.0007661954564609433
17.41984 0.0007661954564609433
17.42105 0.0007470405700494196
17.42226 0.0007470405700494196
17.42346 0.0007470405700494196
17.42467 0.0007661954564609433
17.42588 0.0007853503428724668
17.42708 0.0008045052292839904
17.42829 0.0008428150021070375
17.4295 0.0008811247749300848
17.4307 0.0009194345477531319
17.43191 0.0009577443205761791
17.43312 0.0009960540933992262
17.43432 0.0010343638662222733
17.43553 0.001091828525456844
17.43674 0.0011301382982798914
17.43794 0.001187602957514462
17.43915 0.0012450676167490328
17.44036 0.0013025322759836035
17.44157 0.0013599969352181742
17.44277 0.0014366164808642687
17.44398 0.001513236026510363
17.44519 0.0015898555721564572
17.44639 0.0016664751178025515
17.4476 0.0017430946634486458
17.44881 0.0018388690955062638
17.45001 0.0019346435275638817
17.45122 0.002049572846033023
17.45243 0.002145347278090641
17.45363 0.0022602765965597828
17.45484 0.0023943608014404478
17.45605 0.002509290119909589
17.45725 0.002643374324790254
17.45846 0.0027966134160824427
17.45967 0.0029498525073746312
17.46087 0.0031030915986668198
17.46208 0.0032754855763705323
17.46329 0.0034478795540742444
17.46449 0.0036202735317779565
17.4657 0.0038118223958931927
17.46691 0.004003371260008428
17.46812 0.0042140750105351885
17.46932 0.004405623874650423
17.47053 0.0046163276251771825
17.47174 0.004827031375703943
17.47294 0.0050568900126422255
17.47415 0.005267593763168985
17.47536 0.005497452400107268
17.47656 0.005708156150634027
17.47777 0.00593801478757231
17.47898 0.006167873424510593
17.48018 0.0063785771750373525
17.48139 0.006608435811975635
17.4826 0.006838294448913918
17.4838 0.007048998199440678
17.48501 0.007278856836378961
17.48622 0.00748956058690572
17.48742 0.00770026433743248
17.48863 0.00791096808795924
17.48984 0.008140826724897523
17.49105 0.008370685361835804
17.49225 0.008600543998774088
17.49346 0.008830402635712371
17.49467 0.009060261272650654
17.49587 0.009290119909588937
17.49708 0.00951997854652722
17.49829 0.009768992069877027
17.49949 0.00999885070681531
17.5007 0.010228709343753592
17.50191 0.0104777228671034
17.50311 0.010707581504041682
17.50432 0.010937440140979963
17.50553 0.011167298777918248
17.50673 0.01139715741485653
17.50794 0.011627016051794814
17.50915 0.011856874688733096
17.51035 0.012067578439259857
17.51156 0.01229743707619814
17.51277 0.0125081408267249
17.51397 0.012718844577251658
17.51518 0.012929548327778416
17.51639 0.013121097191893654
17.5176 0.013312646056008888
17.5188 0.013504194920124123
17.52001 0.01369574378423936
17.52122 0.013868137761943072
17.52242 0.01405968662605831
17.52363 0.01423208060376202
17.52484 0.014404474581465732
17.52604 0.014576868559169445
17.52725 0.014749262536873158
17.52846 0.014921656514576869
17.52966 0.015094050492280582
17.53087 0.01524728958357277
17.53208 0.015419683561276482
17.53328 0.015572922652568672
17.53449 0.01574531663027238
17.5357 0.015898555721564574
17.5369 0.016051794812856762
17.53811 0.01620503390414895
17.53932 0.016377427881852664
17.54052 0.016530666973144852
17.54173 0.01668390606443704
17.54294 0.016837145155729226
17.54415 0.016990384247021414
17.54535 0.017143623338313603
17.54656 0.017316017316017316
17.54777 0.017469256407309505
17.54897 0.017603340612190172
17.55018 0.01775657970348236
17.55139 0.01790981879477455
17.55259 0.018043902999655213
17.5538 0.018197142090947402
17.55501 0.018331226295828066
17.55621 0.01846531050070873
17.55742 0.018599394705589398
17.55863 0.018733478910470062
17.55983 0.01888671800176225
17.56104 0.019020802206642914
17.56225 0.019154886411523582
17.56345 0.019288970616404246
17.56466 0.01942305482128491
17.56587 0.0195762939125771
17.56707 0.019710378117457766
17.56828 0.019863617208749955
17.56949 0.02001685630004214
17.5707 0.020150940504922808
17.5719 0.020304179596214996
17.57311 0.02047657357391871
17.57432 0.020629812665210898
17.57552 0.020802206642914607
17.57673 0.0209554457342068
17.57794 0.02112783971191051
17.57914 0.02130023368961422
17.58035 0.021472627667317935
17.58156 0.021645021645021644
17.58276 0.02181741562272536
17.58397 0.022008964486840595
17.58518 0.022181358464544308
17.58638 0.022353752442248017
17.58759 0.022545301306363254
17.5888 0.022717695284066967
17.59 0.0229092441481822
17.59121 0.02310079301229744
17.59242 0.023292341876412676
17.59362 0.02348389074052791
17.59483 0.023675439604643144
17.59604 0.02386698846875838
17.59725 0.02407769221928514
17.59845 0.024269241083400377
17.59966 0.024479944833927136
17.60087 0.024671493698042373
17.60207 0.02488219744856913
17.60328 0.025092901199095893
17.60449 0.025303604949622648
17.60569 0.02551430870014941
17.6069 0.02572501245067617
17.60811 0.02595487108761445
17.60931 0.026184729724552734
17.61052 0.026414588361491017
17.61173 0.026644446998429303
17.61293 0.026874305635367586
17.61414 0.027104164272305865
17.61535 0.027353177795655673
17.61655 0.027583036432593955
17.61776 0.027832049955943763
17.61897 0.02808106347929357
17.62017 0.028310922116231853
17.62138 0.02855993563958166
17.62259 0.028808949162931464
17.6238 0.02905796268628127
17.625 0.02930697620963108
17.62621 0.029555989732980882
17.62742 0.02980500325633069
17.62862 0.030054016779680497
17.62983 0.030303030303030307
17.63104 0.030552043826380108
17.63224 0.030781902463318397
17.63345 0.031030915986668198
17.63466 0.031260774623606484
17.63586 0.03150978814695629
17.63707 0.03173964678389458
17.63828 0.03198866030724438
17.63948 0.032218518944182664
17.64069 0.03246753246753247
17.6419 0.03271654599088228
17.6431 0.03294640462782056
17.64431 0.033195418151170365
17.64552 0.03344443167452017
17.64672 0.03367429031145845
17.64793 0.03392330383480826
17.64914 0.03417231735815807
17.65035 0.03440217599509635
17.65155 0.03465118951844615
17.65276 0.03488104815538444
17.65397 0.035130061678734247
17.65517 0.03535992031567253
17.65638 0.03558977895261081
17.65759 0.03583879247596062
17.65879 0.0360686511128989
17.66 0.03629850974983719
17.66121 0.03650921350036394
17.66241 0.03673907213730223
17.66362 0.036968930774240516
17.66483 0.03717963452476727
17.66603 0.037390338275294026
17.66724 0.03760104202582079
17.66845 0.03781174577634755
17.66965 0.03802244952687431
17.67086 0.038233153277401066
17.67207 0.03844385702792783
17.67327 0.03865456077845458
17.67448 0.03884610964256982
17.67569 0.03903765850668506
17.6769 0.039248362257211816
17.6781 0.039439911121327054
17.67931 0.03963145998544229
17.68052 0.03982300884955752
17.68172 0.04001455771367276
17.68293 0.040206106577787996
17.68414 0.040397655441903234
17.68534 0.04058920430601847
17.68655 0.0407807531701337
17.68776 0.04095314714783742
17.68896 0.04114469601195265
17.69017 0.041317089989656365
17.69138 0.041508638853771596
17.69258 0.04168103283147531
17.69379 0.04185342680917903
17.695 0.04204497567329426
17.6962 0.042217369650997975
17.69741 0.042389763628701685
17.69862 0.042562157606405394
17.69983 0.04271539669769758
17.70103 0.0428877906754013
17.70224 0.04306018465310501
17.70345 0.04323257863080872
17.70465 0.043385817722100914
17.70586 0.04355821169980462
17.70707 0.04371145079109681
17.70827 0.043864689882389
17.70948 0.04401792897368119
17.71069 0.0441903229513849
17.71189 0.04434356204267709
17.7131 0.04449680113396928
17.71431 0.04465004022526147
17.71551 0.04478412443014213
17.71672 0.04493736352143433
17.71793 0.04509060261272651
17.71913 0.0452438417040187
17.72034 0.04537792590889936
17.72155 0.045531165000191554
17.72275 0.045665249205072214
17.72396 0.0458184882963644
17.72517 0.04595257250124507
17.72638 0.04608665670612574
17.72758 0.0462207409110064
17.72879 0.04637398000229859
17.73 0.046508064207179255
17.7312 0.04664214841205992
17.73241 0.04677623261694058
17.73362 0.04689116193540972
17.73482 0.04702524614029039
17.73603 0.04715933034517106
17.73724 0.04729341455005172
17.73844 0.047408343868520865
17.73965 0.047542428073401526
17.74086 0.047657357391870665
17.74206 0.04777228671033981
17.74327 0.04790637091522048
17.74448 0.04802130023368961
17.74568 0.04813622955215876
17.74689 0.0482511588706279
17.7481 0.048366088189097045
17.7493 0.048481017507566185
17.75051 0.048595946826035324
17.75172 0.04871087614450447
17.75293 0.048825805462973604
17.75413 0.04894073478144275
17.75534 0.04903650921350037
17.75655 0.04915143853196951
17.75775 0.04926636785043865
17.75896 0.04936214228249627
17.76017 0.04947707160096541
17.76137 0.049572846033023026
17.76258 0.04966862046508065
17.76379 0.04976439489713826
17.76499 0.04986016932919588
17.7662 0.04997509864766502
17.76741 0.05007087307972264
17.76861 0.05014749262536873
17.76982 0.05024326705742635
17.77103 0.050339041489483975
17.77223 0.05043481592154159
17.77344 0.050530590353599206
17.77465 0.050607209899245297
17.77585 0.05070298433130292
17.77706 0.05077960387694901
17.77827 0.05087537830900663
17.77948 0.05095199785465272
17.78068 0.05104777228671034
17.78189 0.05112439183235643
17.7831 0.05122016626441406
17.7843 0.051296785810060155
17.78551 0.051373405355706246
17.78672 0.051469179787763865
17.78792 0.051545799333409956
17.78913 0.05162241887905605
17.79034 0.051699038424702144
17.79154 0.051775657970348235
17.79275 0.05185227751599433
17.79396 0.051928897061640424
17.79516 0.05200551660728652
17.79637 0.05208213615293261
17.79758 0.05215875569857871
17.79878 0.0522353752442248
17.79999 0.05229283990345938
17.8012 0.05236945944910547
17.8024 0.052446078994751566
17.80361 0.052503543653986136
17.80482 0.05258016319963223
17.80603 0.0526376278588668
17.80723 0.052714247404512894
17.80844 0.05279086695015899
17.80965 0.05284833160939356
17.81085 0.05292495115503965
17.81206 0.05298241581427422
17.81327 0.05303988047350879
17.81447 0.05311650001915489
17.81568 0.05317396467838946
17.81689 0.05325058422403555
17.81809 0.05330804888327013
17.8193 0.05338466842891622
17.82051 0.053442133088150795
17.82171 0.05349959774738536
17.82292 0.05355706240661993
17.82413 0.053614527065854505
17.82533 0.053691146611500595
17.82654 0.05374861127073517
17.82775 0.05380607592996974
17.82895 0.053863540589204305
17.83016 0.05392100524843888
17.83137 0.05397846990767345
17.83258 0.05403593456690802
17.83378 0.05409339922614259
17.83499 0.05415086388537716
17.8362 0.05420832854461173
17.8374 0.05426579320384631
17.83861 0.05432325786308088
17.83982 0.05438072252231544
17.84102 0.05443818718155002
17.84223 0.05449565184078459
17.84344 0.05455311650001916
17.84464 0.054629736045665254
17.84585 0.054687200704899824
17.84706 0.05476382025054592
17.84826 0.054821284909780485
17.84947 0.05489790445542658
17.85068 0.05495536911466115
17.85188 0.05501283377389572
17.85309 0.05508945331954182
17.8543 0.05514691797877639
17.8555 0.05520438263801096
17.85671 0.05528100218365706
17.85792 0.05533846684289162
17.85913 0.0553959315021262
17.86033 0.05547255104777229
17.86154 0.05553001570700686
17.86275 0.055606635252652956
17.86395 0.055664099911887525
17.86516 0.05574071945753362
17.86637 0.055817339003179714
17.86757 0.05587480366241429
17.86878 0.05595142320806038
17.86999 0.056047197640118
17.87119 0.05612381718576409
17.8724 0.05620043673141019
17.87361 0.0562962111634678
17.87481 0.0563728307091139
17.87602 0.05646860514117152
17.87723 0.056564379573229136
17.87843 0.05667930889169828
17.87964 0.056775083323755894
17.88085 0.056890012642225034
17.88205 0.05698578707428265
17.88326 0.05710071639275179
17.88447 0.05721564571122094
17.88568 0.05733057502969007
17.88688 0.0574263494617477
17.88809 0.05756043366662836
17.8893 0.057675362985097504
17.8905 0.057790292303566644
17.89171 0.057905221622035784
17.89292 0.05803930582691645
17.89412 0.05817339003179712
17.89533 0.05830747423667778
17.89654 0.05844155844155844
17.89774 0.05857564264643911
17.89895 0.058709726851319775
17.90016 0.058862965942611964
17.90136 0.05901620503390415
17.90257 0.05915028923878482
17.90378 0.05932268321648853
17.90498 0.05947592230778072
17.90619 0.059648316285484435
17.9074 0.059820710263188144
17.90861 0.059993104240891854
17.90981 0.06016549821859557
17.91102 0.06035704708271081
17.91223 0.06054859594682604
17.91343 0.060740144810941275
17.91464 0.060931693675056506
17.91585 0.061142397425583264
17.91705 0.061353101176110036
17.91826 0.061563804926636795
17.91947 0.06177450867716355
17.92067 0.06200436731410184
17.92188 0.06223422595104011
17.92309 0.06244492970156687
17.92429 0.06267478833850515
17.9255 0.06292380186185496
17.92671 0.06315366049879324
17.92791 0.06338351913573154
17.92912 0.06363253265908134
17.93033 0.06386239129601962
17.93153 0.06411140481936943
17.93274 0.06436041834271923
17.93395 0.06460943186606904
17.93516 0.06485844538941885
17.93636 0.06508830402635714
17.93757 0.06533731754970694
17.93878 0.06558633107305674
17.93998 0.06583534459640654
17.94119 0.06608435811975635
17.9424 0.06633337164310617
17.9436 0.06658238516645597
17.94481 0.0668505535762173
17.94602 0.0670995670995671
17.94722 0.06736773550932844
17.94843 0.06763590391908976
17.94964 0.0679040723288511
17.95084 0.06817224073861242
17.95205 0.06844040914837375
17.95326 0.06872773244454661
17.95446 0.06899590085430794
17.95567 0.06926406926406926
17.95688 0.06955139256024212
17.95808 0.06981956097000346
17.95929 0.07008772937976478
17.9605 0.07037505267593763
17.96171 0.07064322108569897
17.96291 0.07091138949546029
17.96412 0.07117955790522162
17.96533 0.07144772631498296
17.96653 0.07169673983833276
17.96774 0.0719649082480941
17.96895 0.0722139217714439
17.97015 0.07246293529479371
17.97136 0.07271194881814351
17.97257 0.0729418074550818
17.97377 0.0731908209784316
17.97498 0.0734206796153699
17.97619 0.07365053825230816
17.97739 0.07388039688924646
17.9786 0.07411025552618473
17.97981 0.07432095927671149
17.98101 0.07455081791364979
17.98222 0.07476152166417654
17.98343 0.07499138030111481
17.98463 0.07520208405164158
17.98584 0.07541278780216834
17.98705 0.0756234915526951
17.98826 0.07585335018963339
17.98946 0.07606405394016015
17.99067 0.0762747576906869
17.99188 0.07648546144121365
17.99308 0.07669616519174041
17.99429 0.07690686894226717
17.9955 0.07711757269279393
17.9967 0.0773282764433207
17.99791 0.07753898019384746
17.99912 0.07776883883078574
18.00032 0.0779795425813125
18.00153 0.07820940121825078
18.00274 0.07842010496877753
18.00394 0.07864996360571583
18.00515 0.07886066735624257
18.00636 0.07907137110676933
18.00756 0.0792820748572961
18.00877 0.07949277860782286
18.00998 0.07970348235834962
18.01118 0.07991418610887638
18.01239 0.08010573497299162
18.0136 0.08031643872351837
18.01481 0.08052714247404513
18.01601 0.08073784622457189
18.01722 0.08094854997509865
18.01843 0.08114009883921389
18.01963 0.08136995747615217
18.02084 0.08158066122667894
18.02205 0.0817913649772057
18.02325 0.08202122361414396
18.02446 0.08225108225108226
18.02567 0.08248094088802053
18.02687 0.08271079952495883
18.02808 0.08295981304830863
18.02929 0.08320882657165843
18.03049 0.08345784009500824
18.0317 0.08372600850476956
18.03291 0.0839941769145309
18.03411 0.08428150021070376
18.03532 0.08456882350687661
18.03653 0.08485614680304947
18.03773 0.08516262498563384
18.03894 0.08546910316821822
18.04015 0.0857755813508026
18.04136 0.08608205953338698
18.04256 0.08640769260238287
18.04377 0.08673332567137877
18.04498 0.08705895874037467
18.04618 0.08738459180937058
18.04739 0.087729379764778
18.0486 0.08807416772018542
18.0498 0.08841895567559285
18.05101 0.08876374363100027
18.05222 0.08912768647281923
18.05342 0.08947247442822664
18.05463 0.08983641727004558
18.05584 0.09021951499827607
18.05704 0.09058345784009501
18.05825 0.09096655556832547
18.05946 0.09133049841014443
18.06066 0.0917135961383749
18.06187 0.09209669386660538
18.06308 0.09249894648124737
18.06428 0.09288204420947783
18.06549 0.09328429682411984
18.0667 0.09368654943876184
18.06791 0.09410795693981536
18.06911 0.09451020955445735
18.07032 0.09493161705551087
18.07153 0.09537217944297591
18.07273 0.09581274183044096
18.07394 0.096253304217906
18.07515 0.09669386660537103
18.07635 0.09715358387924761
18.07756 0.09759414626671264
18.07877 0.0980538635405892
18.07997 0.09851358081446578
18.08118 0.09899245297475386
18.08239 0.09945217024863043
18.08359 0.09991188752250699
18.0848 0.10039075968279508
18.08601 0.10085047695667165
18.08721 0.10132934911695975
18.08842 0.1017890663908363
18.08963 0.1022679385511244
18.09083 0.10272765582500096
18.09204 0.10318737309887753
18.09325 0.10364709037275409
18.09446 0.10412596253304218
18.09566 0.10456652492050723
18.09687 0.10502624219438379
18.09808 0.10548595946826037
18.09928 0.1059265218557254
18.10049 0.10638623912960196
18.1017 0.10684595640347853
18.1029 0.1073056736773551
18.10411 0.10776539095123167
18.10532 0.1082059533386967
18.10652 0.10866567061257328
18.10773 0.10912538788644983
18.10894 0.1095851051603264
18.11014 0.11004482243420298
18.11135 0.11050453970807954
18.11256 0.11096425698195611
18.11376 0.11142397425583267
18.11497 0.11186453664329771
18.11618 0.11232425391717428
18.11739 0.11278397119105085
18.11859 0.11322453357851589
18.1198 0.11368425085239245
18.12101 0.1141248132398575
18.12221 0.11456537562732254
18.12342 0.1150250929011991
18.12463 0.11546565528866415
18.12583 0.11590621767612919
18.12704 0.1163276251771827
18.12825 0.11676818756464775
18.12945 0.11718959506570126
18.13066 0.11763015745316631
18.13187 0.11805156495421983
18.13307 0.11847297245527336
18.13428 0.11889437995632687
18.13549 0.11931578745738038
18.13669 0.11973719495843389
18.1379 0.12015860245948741
18.13911 0.12058000996054095
18.14031 0.12098226257518292
18.14152 0.12140367007623647
18.14273 0.12182507757728998
18.14394 0.12222733019193198
18.14514 0.12262958280657395
18.14635 0.12305099030762749
18.14756 0.12345324292226946
18.14876 0.12385549553691147
18.14997 0.12425774815155347
18.15118 0.12466000076619546
18.15238 0.12506225338083746
18.15359 0.12546450599547945
18.1548 0.12586675861012145
18.156 0.12626901122476344
18.15721 0.12667126383940544
18.15842 0.12705436156763592
18.15962 0.1274566141822779
18.16083 0.1278588667969199
18.16204 0.12824196452515035
18.16324 0.12864421713979238
18.16445 0.12902731486802285
18.16566 0.12942956748266485
18.16686 0.1298126652108953
18.16807 0.1302149178255373
18.16928 0.1305980155537678
18.17049 0.13098111328199824
18.17169 0.13136421101022872
18.1729 0.1317664636248707
18.17411 0.13214956135310119
18.17531 0.13253265908133166
18.17652 0.1329157568095621
18.17773 0.1332988545377926
18.17893 0.13366279737961154
18.18014 0.134045895107842
18.18135 0.13442899283607251
18.18255 0.13479293567789144
18.18376 0.1351760334061219
18.18497 0.13553997624794087
18.18617 0.13592307397617132
18.18738 0.1362870168179903
18.18859 0.13665095965980922
18.18979 0.13701490250162818
18.191 0.13737884534344713
18.19221 0.13774278818526609
18.19341 0.138106731027085
18.19462 0.13847067386890397
18.19583 0.1388154618243114
18.19704 0.13917940466613035
18.19824 0.13954334750794928
18.19945 0.1398881354633567
18.20066 0.14025207830517564
18.20186 0.14061602114699462
18.20307 0.14096080910240202
18.20428 0.14130559705780946
18.20548 0.1416695398996284
18.20669 0.14201432785503582
18.2079 0.14235911581044325
18.2091 0.14270390376585068
18.21031 0.1430486917212581
18.21152 0.143374324790254
18.21272 0.14371911274566143
18.21393 0.14404474581465734
18.21514 0.14438953377006475
18.21634 0.14471516683906066
18.21755 0.14504079990805654
18.21876 0.14536643297705246
18.21996 0.14567291115963685
18.22117 0.14599854422863273
18.22238 0.14630502241121712
18.22359 0.14661150059380149
18.22479 0.14691797877638588
18.226 0.14722445695897024
18.22721 0.14751178025514308
18.22841 0.14781825843772747
18.22962 0.14810558173390032
18.23083 0.14839290503007319
18.23203 0.14868022832624603
18.23324 0.1489675516224189
18.23445 0.14925487491859174
18.23565 0.1495421982147646
18.23686 0.14981036662452593
18.23807 0.15009768992069877
18.23927 0.15036585833046012
18.24048 0.15063402674022144
18.24169 0.15090219514998277
18.24289 0.15117036355974411
18.2441 0.1514193770830939
18.24531 0.15166839060644371
18.24651 0.15193655901620504
18.24772 0.15218557253955486
18.24893 0.15241543117649314
18.25014 0.15266444469984292
18.25134 0.15289430333678122
18.25255 0.1531241619737195
18.25376 0.1533540206106578
18.25496 0.15358387924759606
18.25617 0.15381373788453434
18.25738 0.1540244416350611
18.25858 0.15423514538558786
18.25979 0.1544266942497031
18.261 0.15461824311381833
18.2622 0.1548097919779336
18.26341 0.15500134084204883
18.26462 0.15517373481975252
18.26582 0.15534612879745624
18.26703 0.15551852277515996
18.26824 0.15569091675286367
18.26944 0.15586331073056736
18.27065 0.15601654982185956
18.27186 0.15616978891315175
18.27306 0.15634218289085547
18.27427 0.15649542198214764
18.27548 0.15664866107343986
18.27669 0.15680190016473203
18.27789 0.15695513925602422
18.2791 0.1571083783473164
18.28031 0.15726161743860861
18.28151 0.15741485652990078
18.28272 0.15756809562119298
18.28393 0.15772133471248515
18.28513 0.15787457380377734
18.28634 0.15804696778148106
18.28755 0.1582193617591848
18.28875 0.15837260085047697
18.28996 0.15854499482818066
18.29117 0.1587173888058844
18.29237 0.15887062789717657
18.29358 0.15902386698846877
18.29479 0.15917710607976093
18.29599 0.15933034517105316
18.2972 0.15948358426234532
18.29841 0.15963682335363752
18.29961 0.1597709075585182
18.30082 0.15992414664981036
18.30203 0.16007738574110258
18.30324 0.16023062483239475
18.30444 0.16038386392368695
18.30565 0.16053710301497912
18.30686 0.16069034210627134
18.30806 0.1608435811975635
18.30927 0.16101597517526722
18.31048 0.16118836915297094
18.31168 0.16136076313067463
18.31289 0.16153315710837837
18.3141 0.1617247059724936
18.3153 0.16191625483660882
18.31651 0.1621269585871356
18.31772 0.16233766233766236
18.31892 0.16254836608818912
18.32013 0.1627782247251274
18.32134 0.1630272382484772
18.32254 0.16325709688541548
18.32375 0.1635252652951768
18.32496 0.16377427881852663
18.32617 0.16404244722828792
18.32737 0.16431061563804927
18.32858 0.16459793893422214
18.32979 0.16488526223039499
18.33099 0.16517258552656783
18.3322 0.1654790637091522
18.33341 0.1657663870053251
18.33461 0.16607286518790945
18.33582 0.16639849825690536
18.33703 0.16670497643948973
18.33823 0.1670306095084856
18.33944 0.16733708769107
18.34065 0.1676627207600659
18.34185 0.1679883538290618
18.34306 0.16833314178446923
18.34427 0.16865877485346514
18.34547 0.16898440792246106
18.34668 0.16932919587786846
18.34789 0.16965482894686434
18.34909 0.16999961690227178
18.3503 0.1703252499712677
18.35151 0.17065088304026357
18.35272 0.170995670995671
18.35392 0.17132130406466692
18.35513 0.17166609202007435
18.35634 0.17201087997548176
18.35754 0.1723748228173007
18.35875 0.17273876565911964
18.35996 0.17310270850093862
18.36116 0.17346665134275754
18.36237 0.17384974907098802
18.36358 0.17421369191280697
18.36478 0.17459678964103742
18.36599 0.17497988736926792
18.3672 0.1753629850974984
18.3684 0.17574608282572884
18.36961 0.17612918055395935
18.37082 0.17649312339577827
18.37202 0.17687622112400875
18.37323 0.17725931885223922
18.37444 0.17762326169405818
18.37564 0.17798720453587713
18.37685 0.17835114737769606
18.37806 0.178715090219515
18.37927 0.17907903306133396
18.38047 0.1794238210167414
18.38168 0.1797494540857373
18.38289 0.18007508715473317
18.38409 0.18040072022372908
18.3853 0.18070719840631344
18.38651 0.18101367658889783
18.38771 0.1813009998850707
18.38892 0.1816074780676551
18.39013 0.18189480136382793
18.39133 0.18216296977358926
18.39254 0.1824502930697621
18.39375 0.18271846147952345
18.39495 0.18298662988928477
18.39616 0.18325479829904612
18.39737 0.1835038118223959
18.39857 0.18375282534574572
18.39978 0.18402099375550704
18.40099 0.18425085239244532
18.40219 0.18449986591579515
18.4034 0.1847297245527334
18.40461 0.18497873807608323
18.40582 0.1852085967130215
18.40702 0.18541930046354826
18.40823 0.18564915910048654
18.40944 0.1858598628510133
18.41064 0.18607056660154006
18.41185 0.18628127035206682
18.41306 0.18649197410259358
18.41426 0.18670267785312034
18.41547 0.18689422671723557
18.41668 0.18708577558135084
18.41788 0.1872964793318776
18.41909 0.18746887330958129
18.4203 0.18766042217369652
18.4215 0.1878328161514002
18.42271 0.18800521012910396
18.42392 0.18817760410680764
18.42512 0.18833084319809987
18.42633 0.18848408228939204
18.42754 0.18863732138068423
18.42874 0.1887905604719764
18.42995 0.18894379956326862
18.43116 0.18907788376814927
18.43237 0.18921196797302994
18.43357 0.1893460521779106
18.43478 0.18948013638279124
18.43599 0.1896142205876719
18.43719 0.18972914990614106
18.4384 0.18986323411102174
18.43961 0.1899781634294909
18.44081 0.19009309274796002
18.44202 0.19020802206642914
18.44323 0.1903229513848983
18.44443 0.19043788070336742
18.44564 0.19055281002183658
18.44685 0.19066773934030573
18.44805 0.19078266865877486
18.44926 0.190897597977244
18.45047 0.19101252729571316
18.45167 0.1911274566141823
18.45288 0.19124238593265142
18.45409 0.19135731525112057
18.45529 0.19145308968317817
18.4565 0.19156801900164733
18.45771 0.19168294832011648
18.45892 0.19177872275217409
18.46012 0.19189365207064324
18.46133 0.19198942650270084
18.46254 0.19210435582117
18.46374 0.1922001302532276
18.46495 0.1922959046852852
18.46616 0.19239167911734284
18.46736 0.19248745354940044
18.46857 0.19258322798145808
18.46978 0.1926790024135157
18.47098 0.19277477684557331
18.47219 0.19285139639121943
18.4734 0.19294717082327703
18.4746 0.19302379036892311
18.47581 0.1931004099145692
18.47702 0.1931770294602153
18.47822 0.1932536490058614
18.47943 0.1933302685515075
18.48064 0.19338773321074207
18.48184 0.19346435275638818
18.48305 0.19352181741562272
18.48426 0.1935792820748573
18.48547 0.19363674673409187
18.48667 0.19369421139332646
18.48788 0.19373252116614947
18.48909 0.19378998582538406
18.49029 0.1938282955982071
18.4915 0.19386660537103015
18.49271 0.19392407003026474
18.49391 0.19394322491667626
18.49512 0.1939815346894993
18.49633 0.19401984446232237
18.49753 0.19405815423514539
18.49874 0.1940773091215569
18.49995 0.19409646400796846
18.50115 0.19411561889437998
18.50236 0.19413477378079147
18.50357 0.19415392866720302
18.50477 0.19417308355361454
18.50598 0.19419223844002606
18.50719 0.19421139332643758
18.50839 0.19421139332643758
18.5096 0.19421139332643758
18.51081 0.19423054821284913
18.51202 0.19423054821284913
18.51322 0.19423054821284913
18.51443 0.19423054821284913
18.51564 0.19423054821284913
18.51684 0.19423054821284913
18.51805 0.19421139332643758
18.51926 0.19421139332643758
18.52046 0.19419223844002606
18.52167 0.19417308355361454
18.52288 0.19415392866720302
18.52408 0.19413477378079147
18.52529 0.19409646400796846
18.5265 0.1940773091215569
18.5277 0.19403899934873386
18.52891 0.19400068957591082
18.53012 0.1939815346894993
18.53132 0.19394322491667626
18.53253 0.19390491514385322
18.53374 0.19384745048461863
18.53494 0.1938091407117956
18.53615 0.19377083093897254
18.53736 0.19373252116614947
18.53857 0.19367505650691494
18.53977 0.19363674673409187
18.54098 0.19359843696126883
18.54219 0.19354097230203426
18.54339 0.19350266252921122
18.5446 0.19346435275638818
18.54581 0.1934068880971536
18.54701 0.19336857832433055
18.54822 0.1933302685515075
18.54943 0.19329195877868446
18.55063 0.19323449411944987
18.55184 0.19319618434662686
18.55305 0.1931578745738038
18.55425 0.19311956480098075
18.55546 0.1930812550281577
18.55667 0.19302379036892311
18.55787 0.1929854805961001
18.55908 0.19294717082327703
18.56029 0.19288970616404247
18.5615 0.19285139639121943
18.5627 0.19281308661839636
18.56391 0.1927556219591618
18.56512 0.19271731218633875
18.56632 0.1926598475271042
18.56753 0.19262153775428112
18.56874 0.19256407309504656
18.56994 0.19252576332222351
18.57115 0.19248745354940044
18.57236 0.19242998889016588
18.57356 0.19239167911734284
18.57477 0.19233421445810828
18.57598 0.1922959046852852
18.57718 0.19223844002605067
18.57839 0.1922001302532276
18.5796 0.1921618204804046
18.5808 0.19210435582117
18.58201 0.19206604604834693
18.58322 0.1920277362755239
18.58442 0.19197027161628932
18.58563 0.19193196184346628
18.58684 0.19189365207064324
18.58805 0.1918553422978202
18.58925 0.19181703252499716
18.59046 0.19177872275217409
18.59167 0.19174041297935104
18.59287 0.191702103206528
18.59408 0.19166379343370493
18.59529 0.19162548366088192
18.59649 0.19158717388805885
18.5977 0.19156801900164733
18.59891 0.19152970922882429
18.60011 0.19149139945600124
18.60132 0.19145308968317817
18.60253 0.19141477991035516
18.60373 0.1913764701375321
18.60494 0.19133816036470905
18.60615 0.19128069570547448
18.60735 0.19124238593265142
18.60856 0.1912040761598284
18.60977 0.1911466115005938
18.61097 0.19110830172777077
18.61218 0.19105083706853618
18.61339 0.19101252729571316
18.6146 0.19095506263647857
18.6158 0.190897597977244
18.61701 0.19084013331800942
18.61822 0.19076351377236334
18.61942 0.19070604911312877
18.62063 0.19064858445389418
18.62184 0.19059111979465965
18.62304 0.19053365513542506
18.62425 0.19045703558977897
18.62546 0.1903995709305444
18.62666 0.1903229513848983
18.62787 0.19026548672566373
18.62908 0.19018886718001765
18.63028 0.19013140252078306
18.63149 0.19005478297513698
18.6327 0.1899781634294909
18.6339 0.18990154388384478
18.63511 0.18984407922461022
18.63632 0.18974830479255259
18.63752 0.1896716852469065
18.63873 0.1895950657012604
18.63994 0.18949929126920279
18.64115 0.1894226717235567
18.64235 0.18932689729149907
18.64356 0.18923112285944146
18.64477 0.18913534842738383
18.64597 0.18903957399532623
18.64718 0.18894379956326862
18.64839 0.18882887024479947
18.64959 0.18871394092633031
18.6508 0.1885990116078612
18.65201 0.18848408228939204
18.65321 0.18836915297092288
18.65442 0.18823506876604224
18.65563 0.1881201394475731
18.65683 0.18798605524269243
18.65804 0.18785197103781176
18.65925 0.18769873194651956
18.66045 0.1875646477416389
18.66166 0.18743056353675824
18.66287 0.18727732444546605
18.66407 0.18712408535417385
18.66528 0.18697084626288168
18.66649 0.1868176071715895
18.6677 0.1866643680802973
18.6689 0.1865111289890051
18.67011 0.18635788989771293
18.67132 0.18620465080642074
18.67252 0.18603225682871702
18.67373 0.18587901773742482
18.67494 0.1857066237597211
18.67614 0.1855533846684289
18.67735 0.18538099069072522
18.67856 0.1852085967130215
18.67976 0.1850553576217293
18.68097 0.1848829636440256
18.68218 0.1847105696663219
18.68338 0.1845573305750297
18.68459 0.184384936597326
18.6858 0.18421254261962228
18.687 0.18404014864191856
18.68821 0.18386775466421487
18.68942 0.18369536068651113
18.69062 0.18352296670880744
18.69183 0.1833314178446922
18.69304 0.18315902386698849
18.69425 0.18296747500287322
18.69545 0.18279508102516953
18.69666 0.1826035321610543
18.69787 0.18241198329693906
18.69907 0.18223958931923534
18.70028 0.1820480404551201
18.70149 0.18185649159100487
18.70269 0.18166494272688963
18.7039 0.18147339386277442
18.70511 0.18128184499865918
18.70631 0.18110945102095544
18.70752 0.18091790215684023
18.70873 0.180726353292725
18.70993 0.18053480442860975
18.71114 0.18034325556449451
18.71235 0.1801708615867908
18.71355 0.17997931272267556
18.71476 0.17980691874497184
18.71597 0.17961536988085663
18.71717 0.1794429759031529
18.71838 0.1792705819254492
18.71959 0.17907903306133396
18.7208 0.17890663908363025
18.722 0.17873424510592653
18.72321 0.1785426962418113
18.72442 0.17837030226410758
18.72562 0.1781979082864039
18.72683 0.17802551430870014
18.72804 0.17785312033099646
18.72924 0.17768072635329274
18.73045 0.1774891774891775
18.73166 0.17731678351147379
18.73286 0.1771443895337701
18.73407 0.17697199555606635
18.73528 0.17679960157836264
18.73648 0.17662720760065895
18.73769 0.1764548136229552
18.7389 0.17628241964525151
18.7401 0.1761100256675478
18.74131 0.17593763168984408
18.74252 0.17576523771214037
18.74372 0.1756119986208482
18.74493 0.17543960464314448
18.74614 0.17526721066544076
18.74735 0.17509481668773708
18.74855 0.17494157759644485
18.74976 0.17476918361874116
18.75097 0.17459678964103742
18.75217 0.17444355054974525
18.75338 0.17427115657204154
18.75459 0.17411791748074934
18.75579 0.17394552350304565
18.757 0.17379228441175346
18.75821 0.17361989043404974
18.75941 0.17346665134275754
18.76062 0.17329425736505383
18.76183 0.17314101827376163
18.76303 0.17298777918246946
18.76424 0.17281538520476575
18.76545 0.17266214611347355
18.76665 0.17250890702218138
18.76786 0.1723556679308892
18.76907 0.17220242883959697
18.77028 0.17203003486189328
18.77148 0.1718767957706011
18.77269 0.1717235566793089
18.7739 0.17157031758801672
18.7751 0.17141707849672452
18.77631 0.17126383940543236
18.77752 0.17112975520055168
18.77872 0.17097651610925949
18.77993 0.1708232770179673
18.78114 0.17068919281308662
18.78234 0.17053595372179445
18.78355 0.17038271463050225
18.78476 0.17024863042562158
18.78596 0.17011454622074093
18.78717 0.16996130712944874
18.78838 0.16982722292456806
18.78958 0.16969313871968741
18.79079 0.16955905451480674
18.792 0.16940581542351454
18.7932 0.1692717312186339
18.79441 0.16913764701375322
18.79562 0.16900356280887255
18.79683 0.1688694786039919
18.79803 0.16873539439911123
18.79924 0.16860131019423055
18.80045 0.1684863808757614
18.80165 0.16835229667088075
18.80286 0.16821821246600008
18.80407 0.16810328314753095
18.80527 0.16796919894265028
18.80648 0.16785426962418115
18.80769 0.16772018541930048
18.80889 0.16760525610083132
18.8101 0.16747117189595065
18.81131 0.16735624257748152
18.81251 0.16724131325901237
18.81372 0.16712638394054324
18.81493 0.16701145462207412
18.81613 0.16689652530360496
18.81734 0.1667815959851358
18.81855 0.16666666666666669
18.81975 0.16655173734819753
18.82096 0.16643680802972838
18.82217 0.16634103359767077
18.82338 0.16622610427920162
18.82458 0.1661111749607325
18.82579 0.16601540052867486
18.827 0.16590047121020574
18.8282 0.1658046967781481
18.82941 0.1657089223460905
18.83062 0.16559399302762134
18.83182 0.16549821859556374
18.83303 0.1654024441635061
18.83424 0.1653066697314485
18.83544 0.16521089529939087
18.83665 0.16511512086733326
18.83786 0.16501934643527566
18.83906 0.16492357200321803
18.84027 0.16484695245757194
18.84148 0.1647511780255143
18.84268 0.16465540359345668
18.84389 0.1645787840478106
18.8451 0.164483009615753
18.8463 0.1644063900701069
18.84751 0.16431061563804927
18.84872 0.1642339960924032
18.84993 0.16415737654675708
18.85113 0.164080757001111
18.85234 0.1640041374554649
18.85355 0.1639275179098188
18.85475 0.16385089836417271
18.85596 0.16377427881852663
18.85717 0.16369765927288052
18.85837 0.1636210397272344
18.85958 0.16354442018158832
18.86079 0.16346780063594224
18.86199 0.16339118109029616
18.8632 0.16331456154465004
18.86441 0.16325709688541548
18.86561 0.1631804773397694
18.86682 0.1631230126805348
18.86803 0.16304639313488872
18.86923 0.16298892847565416
18.87044 0.16291230893000805
18.87165 0.16285484427077349
18.87285 0.1627973796115389
18.87406 0.16273991495230433
18.87527 0.16268245029306977
18.87648 0.1626249856338352
18.87768 0.16256752097460064
18.87889 0.16252921120177757
18.8801 0.16249090142895453
18.8813 0.16243343676971997
18.88251 0.1623951269968969
18.88372 0.16235681722407388
18.88492 0.16233766233766236
18.88613 0.1622993525648393
18.88734 0.16228019767842777
18.88854 0.16224188790560473
18.88975 0.1622227330191932
18.89096 0.1622035781327817
18.89216 0.16218442324637014
18.89337 0.16216526835995862
18.89458 0.16214611347354713
18.89578 0.1621269585871356
18.89699 0.16210780370072406
18.8982 0.16208864881431254
18.8994 0.16208864881431254
18.90061 0.16206949392790101
18.90182 0.16206949392790101
18.90303 0.1620503390414895
18.90423 0.1620503390414895
18.90544 0.1620503390414895
18.90665 0.16206949392790101
18.90785 0.16206949392790101
18.90906 0.16208864881431254
18.91027 0.16210780370072406
18.91147 0.1621269585871356
18.91268 0.16216526835995862
18.91389 0.16218442324637014
18.91509 0.1622227330191932
18.9163 0.16228019767842777
18.91751 0.16231850745125082
18.91871 0.1623951269968969
18.91992 0.1624525916561315
18.92113 0.16252921120177757
18.92233 0.16260583074742366
18.92354 0.16268245029306977
18.92475 0.1627782247251274
18.92595 0.162873999157185
18.92716 0.16296977358924264
18.92837 0.16306554802130024
18.92958 0.1631804773397694
18.93078 0.163276251771827
18.93199 0.16339118109029616
18.9332 0.1635252652951768
18.9344 0.16364019461364596
18.93561 0.16377427881852663
18.93682 0.16390836302340728
18.93802 0.16404244722828792
18.93923 0.16419568631958015
18.94044 0.16434892541087232
18.94164 0.1645021645021645
18.94285 0.16467455847986823
18.94406 0.16482779757116042
18.94526 0.1650001915488641
18.94647 0.16519174041297935
18.94768 0.1653641343906831
18.94888 0.16555568325479833
18.95009 0.1657663870053251
18.9513 0.1659579358694403
18.9525 0.16616863961996706
18.95371 0.16639849825690536
18.95492 0.16662835689384362
18.95613 0.16685821553078192
18.95733 0.1670880741677202
18.95854 0.16733708769107
18.95975 0.1675861012144198
18.96095 0.16785426962418115
18.96216 0.16812243803394247
18.96337 0.1683906064437038
18.96457 0.16867792973987666
18.96578 0.16898440792246106
18.96699 0.1692717312186339
18.96819 0.16957820940121826
18.9694 0.16988468758380265
18.97061 0.17021032065279854
18.97181 0.17053595372179445
18.97302 0.17086158679079033
18.97423 0.17118721985978624
18.97543 0.17153200781519368
18.97664 0.1718767957706011
18.97785 0.17222158372600851
18.97906 0.17256637168141595
18.98026 0.17291115963682338
18.98147 0.1732751024786423
18.98268 0.17363904532046126
18.98388 0.17400298816228021
18.98509 0.17436693100409917
18.9863 0.1747308738459181
18.9875 0.17509481668773708
18.98871 0.17547791441596752
18.98992 0.17584185725778648
18.99112 0.17622495498601695
18.99233 0.17658889782783588
18.99354 0.17697199555606635
18.99474 0.17735509328429686
18.99595 0.1777381910125273
18.99716 0.1781404436271693
18.99836 0.1785426962418113
18.99957 0.1789449488564533
19.00078 0.17934720147109529
19.00198 0.1797686089721488
19.00319 0.18019001647320232
19.0044 0.18061142397425584
19.00561 0.18103283147530935
19.00681 0.18145423897636287
19.00802 0.18187564647741641
19.00923 0.18231620886488145
19.01043 0.18273761636593497
19.01164 0.1831781787534
19.01285 0.18361874114086504
19.01405 0.18404014864191856
19.01526 0.18448071102938363
19.01647 0.18492127341684866
19.01767 0.18536183580431367
19.01888 0.18580239819177874
19.02009 0.18624296057924378
19.02129 0.1866643680802973
19.0225 0.18710493046776233
19.02371 0.18754549285522737
19.02491 0.18796690035628089
19.02612 0.18840746274374595
19.02733 0.18882887024479947
19.02853 0.18925027774585299
19.02974 0.18969084013331802
19.03095 0.19011224763437154
19.03216 0.19055281002183658
19.03336 0.1909742175228901
19.03457 0.19141477991035516
19.03578 0.1918553422978202
19.03698 0.1922767497988737
19.03819 0.19271731218633875
19.0394 0.1931578745738038
19.0406 0.1935792820748573
19.04181 0.19401984446232237
19.04302 0.19446040684978738
19.04422 0.19490096923725242
19.04543 0.19532237673830596
19.04664 0.195762939125771
19.04784 0.196203501513236
19.04905 0.19664406390070108
19.05026 0.19708462628816611
19.05146 0.19750603378921963
19.05267 0.1979465961766847
19.05388 0.1983871585641497
19.05508 0.19880856606520322
19.05629 0.1992491284526683
19.0575 0.19968969084013333
19.05871 0.20011109834118684
19.05991 0.20055166072865188
19.06112 0.2009730682297054
19.06233 0.20139447573075892
19.06353 0.20183503811822398
19.06474 0.2022564456192775
19.06595 0.20269700800674254
19.06715 0.20311841550779605
19.06836 0.2035589778952611
19.06957 0.2039803853963146
19.07077 0.20442094778377964
19.07198 0.20484235528483316
19.07319 0.20528291767229823
19.07439 0.20570432517335174
19.0756 0.20614488756081675
19.07681 0.2065662950618703
19.07801 0.20700685744933534
19.07922 0.20742826495038885
19.08043 0.20784967245144237
19.08163 0.20829023483890743
19.08284 0.20871164233996095
19.08405 0.20913304984101447
19.08526 0.20955445734206796
19.08646 0.20997586484312147
19.08767 0.210397272344175
19.08888 0.21081867984522853
19.09008 0.21124008734628205
19.09129 0.21166149484733557
19.0925 0.21208290234838909
19.0937 0.21248515496303108
19.09491 0.2129065624640846
19.09612 0.2133088150787266
19.09732 0.2137302225797801
19.09853 0.2141324751944221
19.09974 0.2145347278090641
19.10094 0.21495613531011762
19.10215 0.21535838792475961
19.10336 0.2157606405394016
19.10456 0.21616289315404363
19.10577 0.2165651457686856
19.10698 0.21698655326973915
19.10818 0.21738880588438111
19.10939 0.2177910584990231
19.1106 0.21817415622725359
19.11181 0.21857640884189558
19.11301 0.21897866145653758
19.11422 0.21938091407117957
19.11543 0.21976401179941005
19.11663 0.22016626441405204
19.11784 0.22054936214228252
19.11905 0.22095161475692449
19.12025 0.221334712485155
19.12146 0.22171781021338546
19.12267 0.22212006282802743
19.12387 0.2225031605562579
19.12508 0.2228862582844884
19.12629 0.22325020112630733
19.12749 0.2236332988545378
19.1287 0.22401639658276828
19.12991 0.2243803394245872
19.13111 0.22476343715281769
19.13232 0.22512737999463664
19.13353 0.2254913228364556
19.13473 0.22585526567827455
19.13594 0.22623836340650502
19.13715 0.22660230624832398
19.13836 0.22694709420373138
19.13956 0.22731103704555033
19.14077 0.22767497988736926
19.14198 0.22803892272918824
19.14318 0.22838371068459565
19.14439 0.2287476535264146
19.1456 0.22909244148182203
19.1468 0.22945638432364096
19.14801 0.2298011722790484
19.14922 0.23014596023445583
19.15042 0.23049074818986326
19.15163 0.2308355361452707
19.15284 0.2311803241006781
19.15404 0.23152511205608553
19.15525 0.23185074512508141
19.15646 0.23219553308048885
19.15766 0.23252116614948473
19.15887 0.23286595410489216
19.16008 0.23319158717388808
19.16128 0.233517220242884
19.16249 0.23384285331187987
19.1637 0.23416848638087578
19.16491 0.23449411944987167
19.16611 0.23480059763245603
19.16732 0.23512623070145194
19.16853 0.23543270888403633
19.16973 0.2357391870666207
19.17094 0.2360648201356166
19.17215 0.23637129831820097
19.17335 0.23669693138719688
19.17456 0.23700340956978128
19.17577 0.23730988775236564
19.17697 0.23763552082136155
19.17818 0.23794199900394591
19.17939 0.2382484771865303
19.18059 0.23855495536911467
19.1818 0.23886143355169906
19.18301 0.23916791173428342
19.18421 0.2394552350304563
19.18542 0.23976171321304066
19.18663 0.2400490365092135
19.18784 0.24033635980538637
19.18904 0.24062368310155924
19.19025 0.24089185151132056
19.19146 0.2411600199210819
19.19266 0.24144734321725472
19.19387 0.24169635674060452
19.19508 0.24196452515036584
19.19628 0.2422135386737157
19.19749 0.24246255219706547
19.1987 0.24269241083400378
19.1999 0.24292226947094203
19.20111 0.24315212810788034
19.20232 0.24338198674481862
19.20352 0.24359269049534538
19.20473 0.2437842393594606
19.20594 0.24399494310998737
19.20714 0.24418649197410264
19.20835 0.24437804083821785
19.20956 0.24455043481592156
19.21076 0.24474198368003677
19.21197 0.24491437765774052
19.21318 0.24508677163544423
19.21439 0.2452400107267364
19.21559 0.2453932498180286
19.2168 0.2455464889093208
19.21801 0.24569972800061296
19.21921 0.24585296709190516
19.22042 0.24598705129678583
19.22163 0.24612113550166648
19.22283 0.24625521970654718
19.22404 0.24637014902501633
19.22525 0.24650423322989695
19.22645 0.2466191625483661
19.22766 0.2467149369804237
19.22887 0.24682986629889286
19.23007 0.24692564073095047
19.23128 0.24702141516300807
19.23249 0.24711718959506573
19.23369 0.24721296402712334
19.2349 0.24728958357276942
19.23611 0.24736620311841553
19.23731 0.2474428226640616
19.23852 0.2475194422097077
19.23973 0.2475769068689423
19.24094 0.24761521664176533
19.24214 0.2476726813009999
19.24335 0.24769183618741145
19.24456 0.24771099107382294
19.24576 0.24773014596023446
19.24697 0.24773014596023446
19.24818 0.24773014596023446
19.24938 0.24773014596023446
19.25059 0.24771099107382294
19.2518 0.24769183618741145
19.253 0.2476726813009999
19.25421 0.24765352641458835
19.25542 0.24761521664176533
19.25662 0.24759606175535384
19.25783 0.24755775198253074
19.25904 0.24753859709611925
19.26024 0.24750028732329618
19.26145 0.2474811324368847
19.26266 0.2474428226640616
19.26386 0.2474236677776501
19.26507 0.24740451289123858
19.26628 0.24738535800482703
19.26749 0.24738535800482703
19.26869 0.24736620311841553
19.2699 0.24736620311841553
19.27111 0.24738535800482703
19.27231 0.24740451289123858
19.27352 0.2474236677776501
19.27473 0.24746197755047314
19.27593 0.2474811324368847
19.27714 0.2475194422097077
19.27835 0.24755775198253074
19.27955 0.24759606175535384
19.28076 0.24763437152817686
19.28197 0.2476726813009999
19.28317 0.24771099107382294
19.28438 0.247749300846646
19.28559 0.24778761061946905
19.28679 0.2478259203922921
19.288 0.2478642301651151
19.28921 0.2479216948243497
19.29041 0.24797915948358426
19.29162 0.24803662414281882
19.29283 0.24809408880205341
19.29404 0.24815155346128798
19.29524 0.24822817300693412
19.29645 0.24830479255258017
19.29766 0.24838141209822628
19.29886 0.24845803164387234
19.30007 0.24855380607592995
19.30128 0.24864958050798763
19.30248 0.24876450982645676
19.30369 0.24887943914492586
19.3049 0.248994368463395
19.3061 0.24910929778186416
19.30731 0.24926253687315636
19.30852 0.24939662107803703
19.30972 0.24954986016932923
19.31093 0.2497030992606214
19.31214 0.24987549323832514
19.31334 0.25006704210244035
19.31455 0.25025859096655556
19.31576 0.2504501398306708
19.31696 0.2506608435811976
19.31817 0.25089070221813586
19.31938 0.25110140596866265
19.32059 0.2513504194920124
19.32179 0.25158027812895073
19.323 0.2518292916523005
19.32421 0.25207830517565033
19.32541 0.25232731869900016
19.32662 0.25259548710876145
19.32783 0.25286365551852275
19.32903 0.2531318239282841
19.33024 0.25339999233804544
19.33145 0.2536681607478068
19.33265 0.25395548404397966
19.33386 0.25422365245374096
19.33507 0.25451097574991377
19.33627 0.2547791441596751
19.33748 0.255066467455848
19.33869 0.25535379075202086
19.33989 0.2556219591617822
19.3411 0.255909282457955
19.34231 0.25617745086771637
19.34351 0.2564456192774777
19.34472 0.2567329425736506
19.34593 0.2570011109834119
19.34714 0.25726927939317323
19.34834 0.2575374478029345
19.34955 0.2578056162126959
19.35076 0.25809293950886875
19.35196 0.2583802628050416
19.35317 0.25866758610121443
19.35438 0.2589549093973873
19.35558 0.25926138757997164
19.35679 0.25954871087614456
19.358 0.2598551890587289
19.3592 0.2601425123549017
19.36041 0.26044899053748616
19.36162 0.2607554687200705
19.36282 0.26104279201624336
19.36403 0.26134927019882775
19.36524 0.2616557483814121
19.36644 0.261943071677585
19.36765 0.26224954986016935
19.36886 0.26253687315634217
19.37006 0.26282419645251504
19.37127 0.2631115197486879
19.37248 0.2633988430448607
19.37369 0.26366701145462207
19.37489 0.26395433475079494
19.3761 0.2642225031605563
19.37731 0.26447151668390606
19.37851 0.2647396850936674
19.37972 0.2649886986170172
19.38093 0.26523771214036707
19.38213 0.26546757077730526
19.38334 0.26569742941424357
19.38455 0.2659272880511819
19.38575 0.2661571466881201
19.38696 0.2663678504386469
19.38817 0.26657855418917364
19.38937 0.26678925793970043
19.39058 0.26699996169022716
19.39179 0.267210665440754
19.39299 0.2674022143048692
19.3942 0.26761291805539594
19.39541 0.26780446691951115
19.39662 0.2679960157836264
19.39782 0.2681875646477416
19.39903 0.2683791135118569
19.40024 0.2685515074895606
19.40144 0.2687239014672643
19.40265 0.268896295444968
19.40386 0.26906868942267176
19.40506 0.26924108340037545
19.40627 0.26941347737807914
19.40748 0.26956671646937136
19.40868 0.2697199555606635
19.40989 0.2698731946519557
19.4111 0.2700264337432479
19.4123 0.27017967283454014
19.41351 0.2703137570394208
19.41472 0.27046699613071296
19.41592 0.27060108033559366
19.41713 0.2707351645404743
19.41834 0.27086924874535495
19.41954 0.27098417806382413
19.42075 0.2711182622687048
19.42196 0.2712331915871739
19.42317 0.2713289660192315
19.42437 0.2714438953377007
19.42558 0.2715396697697583
19.42679 0.2716354442018159
19.42799 0.27173121863387356
19.4292 0.2718078381795196
19.43041 0.2719036126115772
19.43161 0.27198023215722333
19.43282 0.2720568517028694
19.43403 0.2721334712485155
19.43523 0.2722100907941616
19.43644 0.27226755545339615
19.43765 0.2723441749990423
19.43885 0.27240163965827685
19.44006 0.2724591043175114
19.44127 0.2725357238631575
19.44247 0.27259318852239206
19.44368 0.2726506531816266
19.44489 0.2727081178408612
19.44609 0.2727655825000958
19.4473 0.27282304715933037
19.44851 0.27288051181856493
19.44972 0.2729379764777995
19.45092 0.2729954411370341
19.45213 0.2730529057962687
19.45334 0.27311037045550324
19.45454 0.2731869900011493
19.45575 0.2732444546603839
19.45696 0.27330191931961845
19.45816 0.273359383978853
19.45937 0.27341684863808763
19.46058 0.2734743132973222
19.46178 0.27353177795655675
19.46299 0.2735892426157913
19.4642 0.2736467072750258
19.4654 0.27370417193426044
19.46661 0.273761636593495
19.46782 0.2737999463663181
19.46902 0.27385741102555267
19.47023 0.2738957207983757
19.47144 0.27395318545761027
19.47264 0.2739914952304333
19.47385 0.2740489598896679
19.47506 0.2740872696624909
19.47627 0.2741447343217255
19.47747 0.2741830440945485
19.47868 0.2742405087537831
19.47989 0.2742788185266062
19.48109 0.2743362831858407
19.4823 0.2743745929586638
19.48351 0.27443205761789835
19.48471 0.2744703673907214
19.48592 0.27452783204995596
19.48713 0.2745852967091905
19.48833 0.27462360648201356
19.48954 0.2746810711412481
19.49075 0.27473853580048274
19.49195 0.2747960004597173
19.49316 0.27483431023254035
19.49437 0.2748917748917749
19.49557 0.27494923955100947
19.49678 0.27500670421024404
19.49799 0.27506416886947865
19.49919 0.2751216335287132
19.5004 0.27519825307435924
19.50161 0.27525571773359386
19.50282 0.2753131823928284
19.50402 0.275370647052063
19.50523 0.27542811171129755
19.50644 0.2755047312569437
19.50764 0.2755621959161782
19.50885 0.27561966057541276
19.51006 0.2756771252346474
19.51126 0.27573458989388194
19.51247 0.2757920545531165
19.51368 0.27586867409876265
19.51488 0.2759261387579972
19.51609 0.27598360341723177
19.5173 0.2760410680764663
19.5185 0.2760985327357009
19.51971 0.27615599739493546
19.52092 0.27619430716775856
19.52212 0.27625177182699306
19.52333 0.2763092364862276
19.52454 0.2763667011454622
19.52574 0.2764050109182853
19.52695 0.27646247557751985
19.52816 0.2765007853503429
19.52937 0.27653909512316593
19.53057 0.276577404895989
19.53178 0.27663486955522354
19.53299 0.27667317932804664
19.53419 0.2767114891008697
19.5354 0.27674979887369267
19.53661 0.2767881086465157
19.53781 0.2768264184193388
19.53902 0.2768455733057503
19.54023 0.27688388307857337
19.54143 0.2769221928513964
19.54264 0.27696050262421945
19.54385 0.27697965751063097
19.54505 0.277017967283454
19.54626 0.27705627705627706
19.54747 0.2770754319426886
19.54867 0.2771137417155116
19.54988 0.2771328966019232
19.55109 0.2771712063747462
19.55229 0.27719036126115776
19.5535 0.2772286710339808
19.55471 0.2772478259203923
19.55592 0.2772669808068038
19.55712 0.2773052905796269
19.55833 0.2773244454660384
19.55954 0.2773436003524499
19.56074 0.27736275523886145
19.56195 0.2774010650116845
19.56316 0.277420219898096
19.56436 0.27743937478450753
19.56557 0.2774585296709191
19.56678 0.2774776845573306
19.56798 0.2774968394437421
19.56919 0.27751599433015367
19.5704 0.27753514921656514
19.5716 0.27753514921656514
19.57281 0.2775543041029767
19.57402 0.2775543041029767
19.57522 0.27757345898938823
19.57643 0.27757345898938823
19.57764 0.2775926138757997
19.57884 0.2775926138757997
19.58005 0.2775926138757997
19.58126 0.2775926138757997
19.58247 0.2776117687622113
19.58367 0.2776117687622113
19.58488 0.2776117687622113
19.58609 0.2776309236486228
19.58729 0.2776309236486228
19.5885 0.2776309236486228
19.58971 0.2776500785350343
19.59091 0.2776500785350343
19.59212 0.27766923342144584
19.59333 0.2776883883078573
19.59453 0.2777075431942689
19.59574 0.2777075431942689
19.59695 0.2777266980806804
19.59815 0.2777458529670919
19.59936 0.27778416273991496
19.60057 0.2778033176263265
19.60177 0.2778416273991496
19.60298 0.27786078228556105
19.60419 0.2778990920583841
19.6054 0.2779374018312072
19.6066 0.27795655671761865
19.60781 0.27799486649044175
19.60902 0.2780331762632648
19.61022 0.27807148603608783
19.61143 0.2781097958089109
19.61264 0.2781481055817339
19.61384 0.2782055702409685
19.61505 0.2782438800137915
19.61626 0.27828218978661456
19.61746 0.27832049955943766
19.61867 0.27837796421867217
19.61988 0.27841627399149527
19.62108 0.27847373865072983
19.62229 0.2785312033099644
19.6235 0.27856951308278743
19.6247 0.278626977742022
19.62591 0.2786844424012566
19.62712 0.2787419070604912
19.62832 0.27879937171972574
19.62953 0.27885683637896025
19.63074 0.27891430103819487
19.63195 0.27897176569742943
19.63315 0.2790483852430755
19.63436 0.27910584990231013
19.63557 0.2791633145615447
19.63677 0.2792399341071907
19.63798 0.27931655365283686
19.63919 0.2793740183120714
19.64039 0.2794506378577175
19.6416 0.27952725740336365
19.64281 0.2796038769490097
19.64401 0.27969965138106734
19.64522 0.2797762709267134
19.64643 0.279872045358771
19.64763 0.2799678197908287
19.64884 0.2800635942228863
19.65005 0.2801593686549439
19.65125 0.2802551430870015
19.65246 0.2803509175190591
19.65367 0.28044669195111677
19.65487 0.2805616212695859
19.65608 0.28065739570164355
19.65729 0.2807723250201126
19.6585 0.2808680994521703
19.6597 0.2809638738842279
19.66091 0.28107880320269707
19.66212 0.2811745776347547
19.66332 0.2812895069532238
19.66453 0.2813852813852814
19.66574 0.281481055817339
19.66694 0.2815959851358082
19.66815 0.2816917595678658
19.66936 0.2817875339999234
19.67056 0.28188330843198106
19.67177 0.28197908286403867
19.67298 0.2820557024096847
19.67418 0.2821514768417423
19.67539 0.28222809638738844
19.6766 0.2823047159330346
19.6778 0.2824004903650922
19.67901 0.2824771099107382
19.68022 0.28255372945638435
19.68142 0.2826111941156189
19.68263 0.282687813661265
19.68384 0.2827644332069111
19.68505 0.2828410527525572
19.68625 0.2829176722982033
19.68746 0.28297513695743787
19.68867 0.28305175650308395
19.68987 0.2831092211623185
19.69108 0.2831858407079646
19.69229 0.2832433053671992
19.69349 0.2833007700264338
19.6947 0.2833773895720798
19.69591 0.2834348542313144
19.69711 0.283492318890549
19.69832 0.28354978354978355
19.69953 0.2836264030954297
19.70073 0.28368386775466425
19.70194 0.2837413324138988
19.70315 0.2837987970731333
19.70435 0.28385626173236794
19.70556 0.2839137263916025
19.70677 0.2839520361644256
19.70797 0.28400950082366017
19.70918 0.2840669654828947
19.71039 0.28412443014212924
19.7116 0.28418189480136385
19.7128 0.2842202045741869
19.71401 0.28427766923342146
19.71522 0.284335133892656
19.71642 0.2843734436654791
19.71763 0.2844117534383021
19.71884 0.28445006321112515
19.72004 0.28448837298394825
19.72125 0.2845075278703597
19.72246 0.28454583764318275
19.72366 0.28456499252959433
19.72487 0.28458414741600585
19.72608 0.28460330230241737
19.72728 0.2846224571888289
19.72849 0.2846416120752404
19.7297 0.28466076696165193
19.7309 0.28469907673447503
19.73211 0.2847182316208865
19.73332 0.284737386507298
19.73452 0.28475654139370954
19.73573 0.28477569628012106
19.73694 0.2848140060529441
19.73815 0.2848331609393556
19.73935 0.28487147071217866
19.74056 0.28490978048500176
19.74177 0.2849480902578248
19.74297 0.28500555491705937
19.74418 0.2850438646898824
19.74539 0.28510132934911697
19.74659 0.28515879400835153
19.7478 0.28521625866758615
19.74901 0.2852928782132322
19.75021 0.2853694977588783
19.75142 0.2854652721909359
19.75263 0.28556104662299353
19.75383 0.2856568210550512
19.75504 0.2857525954871088
19.75625 0.2858483699191664
19.75745 0.285944144351224
19.75866 0.28605907366969313
19.75987 0.2861740029881623
19.76107 0.28628893230663144
19.76228 0.28640386162510056
19.76349 0.2865187909435697
19.7647 0.2866528751484504
19.7659 0.2867678044669196
19.76711 0.28690188867180016
19.76832 0.28703597287668087
19.76952 0.2871700570815615
19.77073 0.2873232961728537
19.77194 0.2874573803777344
19.77314 0.28761061946902655
19.77435 0.2877638585603188
19.77556 0.28791709765161094
19.77676 0.2880703367429031
19.77797 0.28824273072060685
19.77918 0.288395969811899
19.78038 0.28856836378960277
19.78159 0.28874075776730646
19.7828 0.2889323066314217
19.784 0.2891047006091254
19.78521 0.2892962494732406
19.78642 0.28946864345094436
19.78762 0.2896601923150596
19.78883 0.28985174117917484
19.79004 0.2900624449297016
19.79125 0.29027314868022835
19.79245 0.29048385243075514
19.79366 0.29069455618128187
19.79487 0.2909244148182201
19.79607 0.29115427345515843
19.79728 0.2914032869785082
19.79849 0.29165230050185803
19.79969 0.2918821591387963
19.8009 0.29215032754855763
19.80211 0.29239934107190746
19.80331 0.2926675094816688
19.80452 0.2929165230050186
19.80573 0.29318469141477993
19.80693 0.2934528598245413
19.80814 0.2937210282343026
19.80935 0.29400835153047544
19.81055 0.29427651994023674
19.81176 0.2945446883499981
19.81297 0.29481285675975943
19.81417 0.2950810251695207
19.81538 0.2953683484656936
19.81659 0.29563651687545495
19.8178 0.2959046852852163
19.819 0.29617285369497764
19.82021 0.29644102210473894
19.82142 0.29669003562808877
19.82262 0.29695820403785006
19.82383 0.2972072175611999
19.82504 0.2974562310845497
19.82624 0.2977052446078995
19.82745 0.29795425813124926
19.82866 0.29818411676818757
19.82986 0.2984331302915374
19.83107 0.2986821438148872
19.83228 0.298931157338237
19.83348 0.2991610159751753
19.83469 0.2994100294985251
19.8359 0.2996590430218749
19.8371 0.2999080565452247
19.83831 0.3001570700685745
19.83952 0.30038692870551276
19.84073 0.30063594222886264
19.84193 0.3008849557522124
19.84314 0.3011148143891507
19.84435 0.3013638279125005
19.84555 0.3015936865494388
19.84676 0.3018427000727886
19.84797 0.3020725587097269
19.84917 0.30230241734666513
19.85038 0.30253227598360344
19.85159 0.30276213462054175
19.85279 0.3029728383710685
19.854 0.3032026970080067
19.85521 0.30341340075853357
19.85641 0.3036241045090603
19.85762 0.3038348082595871
19.85883 0.3040455120101138
19.86003 0.3042562157606406
19.86124 0.3044477646247558
19.86245 0.304639313488871
19.86365 0.3048308623529863
19.86486 0.30500325633069
19.86607 0.30517565030839366
19.86728 0.30536719917250893
19.86848 0.3055204382638011
19.86969 0.30569283224150484
19.8709 0.30586522621920853
19.8721 0.30601846531050075
19.87331 0.30619085928820444
19.87452 0.3063440983794966
19.87572 0.30649733747078883
19.87693 0.306650576562081
19.87814 0.3068038156533732
19.87934 0.30693789985825387
19.88055 0.30709113894954604
19.88176 0.30722522315442674
19.88296 0.3073593073593074
19.88417 0.30749339156418803
19.88538 0.3076274757690687
19.88658 0.30774240508753786
19.88779 0.30787648929241856
19.889 0.30799141861088764
19.8902 0.30810634792935676
19.89141 0.30822127724782594
19.89262 0.30831705167988355
19.89383 0.3084319809983527
19.89503 0.3085277554304103
19.89624 0.30862352986246794
19.89745 0.30871930429452554
19.89865 0.30881507872658315
19.89986 0.30889169827222923
19.90107 0.3089874727042869
19.90227 0.309064092249933
19.90348 0.30914071179557906
19.90469 0.3091981764548137
19.90589 0.3092747960004597
19.9071 0.30933226065969427
19.90831 0.3094088802053404
19.90951 0.30946634486457497
19.91072 0.3095238095238096
19.91193 0.3095621192966326
19.91313 0.3096195839558672
19.91434 0.3096578937286902
19.91555 0.3096962035015132
19.91675 0.3097345132743363
19.91796 0.30977282304715936
19.91917 0.3098111328199824
19.92038 0.3098302877063939
19.92158 0.30984944259280545
19.92279 0.30986859747921697
19.924 0.3098877523656285
19.9252 0.30990690725204
19.92641 0.30990690725204
19.92762 0.30992606213845153
19.92882 0.30992606213845153
19.93003 0.30992606213845153
19.93124 0.30990690725204
19.93244 0.30990690725204
19.93365 0.3098877523656285
19.93486 0.3098877523656285
19.93606 0.30986859747921697
19.93727 0.3098302877063939
19.93848 0.3098111328199824
19.93968 0.30977282304715936
19.94089 0.3097536681607478
19.9421 0.3097153583879248
19.9433 0.3096578937286902
19.94451 0.3096195839558672
19.94572 0.3095621192966326
19.94693 0.309504654637398
19.94813 0.30944718997816345
19.94934 0.3093897253189289
19.95055 0.3093131057732828
19.95175 0.30923648622763666
19.95296 0.3091598666819906
19.95417 0.3090832471363445
19.95537 0.3090066275906984
19.95658 0.3089108531586408
19.95779 0.30881507872658315
19.95899 0.30871930429452554
19.9602 0.30862352986246794
19.96141 0.3085277554304103
19.96261 0.3084319809983527
19.96382 0.30831705167988355
19.96503 0.30822127724782594
19.96623 0.30810634792935676
19.96744 0.30799141861088764
19.96865 0.30787648929241856
19.96985 0.3077615599739494
19.97106 0.3076274757690687
19.97227 0.30751254645059956
19.97348 0.3073784622457189
19.97468 0.3072635329272497
19.97589 0.30712944872236914
19.9771 0.30699536451748843
19.9783 0.30688043519901925
19.97951 0.3067463509941386
19.98072 0.30661226678925796
19.98192 0.3064781825843773
19.98313 0.30632494349308514
19.98434 0.30619085928820444
19.98554 0.3060376201969122
19.98675 0.30588438110562005
19.98796 0.3057311420143279
19.98916 0.3055779029230357
19.99037 0.3054246638317435
19.99158 0.3052522698540398
19.99278 0.30507987587633606
19.99399 0.3049266367850439
19.9952 0.30475424280734015
19.9964 0.30458184882963646
19.99761 0.30440945485193277
19.99882 0.304237060874229
20.00003 0.3040455120101138
20.00123 0.30387311803241007
20.00244 0.3037007240547064
20.00365 0.3035091751905912
20.00485 0.30333678121288743
20.00606 0.3031452323487722
20.00727 0.3029728383710685
20.00847 0.3027812895069532
20.00968 0.3026088955292495
20.01089 0.30241734666513426
20.01209 0.3022449526874306
20.0133 0.30205340382331536
20.01451 0.3018810098456116
20.01571 0.3016894609814964
20.01692 0.30151706700379266
20.01813 0.30132551813967745
20.01933 0.30115312416197376
20.02054 0.3009615752978585
20.02175 0.3007891813201548
20.02295 0.30059763245603954
20.02416 0.30040608359192433
20.02537 0.3002336896142206
20.02658 0.3000421407501054
20.02778 0.29985059188599017
20.02899 0.2996590430218749
20.0302 0.2994674941577597
20.0314 0.29927594529364443
20.03261 0.2990843964295292
20.03382 0.29889284756541395
20.03502 0.2987012987012987
20.03623 0.2985097498371835
20.03744 0.2983182009730682
20.03864 0.2981074972225415
20.03985 0.2979159483584263
20.04106 0.29772439949431106
20.04226 0.2975328506301958
20.04347 0.29734130176608053
20.04468 0.29714975290196527
20.04588 0.29695820403785006
20.04709 0.29676665517373485
20.0483 0.2965751063096196
20.04951 0.2963835574455044
20.05071 0.2961920085813891
20.05192 0.2960004597172739
20.05313 0.2958089108531587
20.05433 0.2956173619890434
20.05554 0.2954449680113397
20.05675 0.29525341914722447
20.05795 0.2950810251695207
20.05916 0.2948894763054055
20.06037 0.29471708232770183
20.06157 0.2945255334635866
20.06278 0.2943531394858829
20.06399 0.29418074550817913
20.06519 0.29400835153047544
20.0664 0.29383595755277175
20.06761 0.2936444086886565
20.06881 0.2934720147109528
20.07002 0.29329962073324906
20.07123 0.29312722675554537
20.07243 0.2929548327778416
20.07364 0.29278243880013793
20.07485 0.29261004482243425
20.07606 0.2924376508447305
20.07726 0.29226525686702676
20.07847 0.29209286288932307
20.07968 0.2919204689116194
20.08088 0.29174807493391564
20.08209 0.29157568095621195
20.0833 0.2914032869785082
20.0845 0.2912308930008045
20.08571 0.2910584990231008
20.08692 0.2908861050453971
20.08812 0.29071371106769334
20.08933 0.2905221622035781
20.09054 0.29034976822587444
20.09174 0.29017737424817075
20.09295 0.2899858253840555
20.09416 0.28981343140635174
20.09536 0.28962188254223653
20.09657 0.28944948856453284
20.09778 0.2892579397004176
20.09898 0.2890663908363023
20.10019 0.2888939968585987
20.1014 0.2887024479944834
20.10261 0.28853005401677967
20.10381 0.28833850515266446
20.10502 0.2881661111749607
20.10623 0.2879745623108455
20.10743 0.2877830134467303
20.10864 0.28761061946902655
20.10985 0.2874190706049113
20.11105 0.28724667662720765
20.11226 0.2870551277630924
20.11347 0.2868635788989772
20.11467 0.2866720300348619
20.11588 0.2864996360571582
20.11709 0.28630808719304296
20.11829 0.28611653832892775
20.1195 0.28592498946481254
20.12071 0.2857142857142857
20.12191 0.2855227368501705
20.12312 0.2853311879860553
20.12433 0.2851204842355285
20.12553 0.28492893537141323
20.12674 0.2847182316208865
20.12795 0.2845075278703597
20.12916 0.284296824119833
20.13036 0.28408612036930625
20.13157 0.28387541661877946
20.13278 0.28366471286825273
20.13398 0.2834348542313144
20.13519 0.28322415048078764
20.1364 0.2829942918438494
20.1376 0.2827644332069111
20.13881 0.2825154196835613
20.14002 0.282285561046623
20.14122 0.28203654752327323
20.14243 0.2818066888863349
20.14364 0.28155767536298515
20.14484 0.28130866183963527
20.14605 0.2810596483162855
20.14726 0.2808106347929357
20.14846 0.28054246638317437
20.14967 0.28029345285982454
20.15088 0.2800252844500632
20.15208 0.2797762709267134
20.15329 0.2795081025169521
20.1545 0.2792399341071907
20.15571 0.27899092058384095
20.15691 0.2787227521740796
20.15812 0.2784545837643183
20.15933 0.27818641535455696
20.16053 0.2779182469447956
20.16174 0.2776500785350343
20.16295 0.27738191012527297
20.16415 0.2771137417155116
20.16536 0.2768455733057503
20.16657 0.276577404895989
20.16777 0.2763092364862276
20.16898 0.2760410680764663
20.17019 0.2757920545531165
20.17139 0.27552388614335516
20.1726 0.27525571773359386
20.17381 0.2749875493238325
20.17501 0.27473853580048274
20.17622 0.2744703673907214
20.17743 0.2742213538673716
20.17863 0.27395318545761027
20.17984 0.2736850170478489
20.18105 0.27341684863808763
20.18226 0.27316783511473774
20.18346 0.2728996667049765
20.18467 0.27263149829521516
20.18588 0.2723633298854538
20.18708 0.272114316362104
20.18829 0.27184614795234263
20.1895 0.2715779795425813
20.1907 0.27130981113282
20.19191 0.27104164272305864
20.19312 0.27079262919970887
20.19432 0.2705244607899475
20.19553 0.27025629238018617
20.19674 0.2699881239704249
20.19794 0.2697199555606635
20.19915 0.2694517871509022
20.20036 0.2692027736275524
20.20156 0.26893460521779106
20.20277 0.26866643680802976
20.20398 0.2683982683982684
20.20518 0.26814925487491864
20.20639 0.2678810864651573
20.2076 0.26761291805539594
20.20881 0.26736390453204617
20.21001 0.2670957361222848
20.21122 0.2668275677125235
20.21243 0.26657855418917364
20.21363 0.2663103857794123
20.21484 0.2660613722560625
20.21605 0.26581235873271275
20.21725 0.2655441903229514
20.21846 0.26529517679960163
20.21967 0.2650461632762518
20.22087 0.264797149752902
20.22208 0.2645481362295522
20.22329 0.2643182775926139
20.22449 0.2640692640692641
20.2257 0.26382025054591424
20.22691 0.26359039190897604
20.22811 0.26334137838562616
20.22932 0.2630923648622764
20.23053 0.2628625062253381
20.23173 0.2626134927019883
20.23294 0.2623644791786385
20.23415 0.26211546565528865
20.23536 0.2618856070183504
20.23656 0.26163659349500057
20.23777 0.2613875799716508
20.23898 0.26113856644830097
20.24018 0.26088955292495114
20.24139 0.2606213845151898
20.2426 0.26037237099184
20.2438 0.26010420258207867
20.24501 0.2598551890587289
20.24622 0.25958702064896755
20.24742 0.25931885223920625
20.24863 0.2590506838294449
20.24984 0.25876336053327204
20.25104 0.2584951921235107
20.25225 0.25820786882733787
20.25346 0.257920545531165
20.25466 0.2576140673485806
20.25587 0.25732674405240774
20.25708 0.2570394207562349
20.25829 0.2567329425736506
20.25949 0.25642646439106614
20.2607 0.2561199862084818
20.26191 0.2558135080258974
20.26311 0.2555070298433131
20.26432 0.25520055166072864
20.26553 0.2548940734781443
20.26673 0.2545684404091484
20.26794 0.254261962226564
20.26915 0.2539363291575681
20.27035 0.2536106960885722
20.27156 0.25328506301957626
20.27277 0.2529594299505804
20.27397 0.2526337968815845
20.27518 0.25230816381258864
20.27639 0.2519825307435927
20.27759 0.25163774278818524
20.2788 0.2513121097191894
20.28001 0.25096732176378195
20.28121 0.25064168869478604
20.28242 0.25029690073937866
20.28363 0.2499521127839712
20.28484 0.2496073248285638
20.28604 0.24926253687315636
20.28725 0.24891774891774895
20.28846 0.2485729609623415
20.28966 0.24822817300693412
20.29087 0.2478642301651151
20.29208 0.2475194422097077
20.29328 0.24717465425430027
20.29449 0.24681071141248132
20.2957 0.2464467685706624
20.2969 0.24608282572884344
20.29811 0.2457188828870245
20.29932 0.24535494004520556
20.30052 0.24497184231697508
20.30173 0.24460789947515615
20.30294 0.24422480174692565
20.30414 0.24384170401869518
20.30535 0.2434586062904647
20.30656 0.24307550856223425
20.30776 0.24269241083400378
20.30897 0.2423093131057733
20.31018 0.24192621537754283
20.31139 0.24154311764931233
20.31259 0.24114086503467036
20.3138 0.24075776730643988
20.31501 0.2403746695782094
20.31621 0.23997241696356741
20.31742 0.23958931923533694
20.31863 0.23918706662069494
20.31983 0.2388039688924645
20.32104 0.238420871164234
20.32225 0.238018618549592
20.32345 0.23763552082136155
20.32466 0.23725242309313108
20.32587 0.2368693253649006
20.32707 0.23648622763667013
20.32828 0.23610312990843965
20.32949 0.23572003218020918
20.33069 0.2353369344519787
20.3319 0.23497299161015978
20.33311 0.23458989388192927
20.33431 0.23422595104011035
20.33552 0.23384285331187987
20.33673 0.23347891047006092
20.33794 0.233114967628242
20.33914 0.2327318699000115
20.34035 0.23236792705819256
20.34156 0.2320039842163736
20.34276 0.23164004137455466
20.34397 0.2312760985327357
20.34518 0.23091215569091678
20.34638 0.23054821284909782
20.34759 0.23018427000727887
20.3488 0.22982032716545994
20.35 0.22945638432364096
20.35121 0.22909244148182203
20.35242 0.22872849864000308
20.35362 0.22836455579818415
20.35483 0.22801976784277672
20.35604 0.22765582500095774
20.35724 0.22729188215913881
20.35845 0.22692793931731986
20.35966 0.2265639964755009
20.36086 0.22620005363368198
20.36207 0.22583611079186303
20.36328 0.22547216795004407
20.36449 0.22510822510822512
20.36569 0.2247442822664062
20.3669 0.2243803394245872
20.36811 0.22401639658276828
20.36931 0.2236332988545378
20.37052 0.22326935601271886
20.37173 0.2229054131708999
20.37293 0.22252231544266943
20.37414 0.2221583726008505
20.37535 0.22179442975903155
20.37655 0.22141133203080107
20.37776 0.22104738918898212
20.37897 0.22066429146075164
20.38017 0.22030034861893272
20.38138 0.21993640577711376
20.38259 0.2195533080488833
20.38379 0.21918936520706434
20.385 0.21880626747883386
20.38621 0.21844232463701493
20.38741 0.21805922690878443
20.38862 0.2176952840669655
20.38983 0.217312186338735
20.39104 0.21694824349691608
20.39224 0.2165651457686856
20.39345 0.21620120292686665
20.39466 0.2158181051986362
20.39586 0.21543500747040573
20.39707 0.21507106462858677
20.39828 0.2146879669003563
20.39948 0.21430486917212582
20.40069 0.21392177144389535
20.4019 0.21355782860207642
20.4031 0.21317473087384592
20.40431 0.21279163314561544
20.40552 0.212408535417385
20.40672 0.21202543768915452
20.40793 0.21164233996092405
20.40914 0.21125924223269357
20.41034 0.2108761445044631
20.41155 0.21049304677623262
20.41276 0.21010994904800215
20.41396 0.20970769643336015
20.41517 0.2093245987051297
20.41638 0.2089223460904877
20.41759 0.20852009347584569
20.41879 0.2081178408612037
20.42 0.2077155882465617
20.42121 0.20731333563191973
20.42241 0.20691108301727773
20.42362 0.20650883040263573
20.42483 0.20608742290158222
20.42603 0.20568517028694022
20.42724 0.2052637627858867
20.42845 0.2048615101712447
20.42965 0.2044401026701912
20.43086 0.2040378500555492
20.43207 0.20361644255449568
20.43327 0.20321418993985368
20.43448 0.2028119373252117
20.43569 0.20239052982415817
20.43689 0.20198827720951618
20.4381 0.20158602459487415
20.43931 0.20118377198023216
20.44051 0.20078151936559016
20.44172 0.20037926675094817
20.44293 0.19999616902271772
20.44414 0.19961307129448724
20.44534 0.19921081867984522
20.44655 0.19882772095161477
20.44776 0.19846377810979582
20.44896 0.19808068038156534
20.45017 0.19771673753974642
20.45138 0.19735279469792744
20.45258 0.1969888518561085
20.45379 0.19662490901428956
20.455 0.19628012105888215
20.4562 0.19593533310347472
20.45741 0.19559054514806729
20.45862 0.19524575719265988
20.45982 0.19490096923725242
20.46103 0.194556181281845
20.46224 0.19421139332643758
20.46344 0.1938857602574417
20.46465 0.19356012718844579
20.46586 0.19321533923303835
20.46707 0.19288970616404247
20.46827 0.19256407309504656
20.46948 0.19223844002605067
20.47069 0.19193196184346628
20.47189 0.19160632877447037
20.4731 0.191299850591886
20.47431 0.1909742175228901
20.47551 0.19066773934030573
20.47672 0.19036126115772134
20.47793 0.19005478297513698
20.47913 0.18976745967896413
20.48034 0.18946098149637974
20.48155 0.18917365820020687
20.48275 0.18886718001762248
20.48396 0.18857985672144964
20.48517 0.1882925334252768
20.48637 0.18800521012910396
20.48758 0.18771788683293109
20.48879 0.18744971842316976
20.48999 0.18716239512699692
20.4912 0.18689422671723557
20.49241 0.18662605830747425
20.49362 0.18635788989771293
20.49482 0.18608972148795158
20.49603 0.18584070796460178
20.49724 0.18557253955484043
20.49844 0.18532352603149066
20.49965 0.18509366739455235
20.50086 0.18484465387120255
20.50206 0.18461479523426427
20.50327 0.184384936597326
20.50448 0.18415507796038771
20.50568 0.18394437420986096
20.50689 0.18371451557292265
20.5081 0.1835038118223959
20.5093 0.1832739531854576
20.51051 0.18306324943493085
20.51172 0.18285254568440412
20.51292 0.18264184193387736
20.51413 0.1824311381833506
20.51534 0.18223958931923534
20.51654 0.18202888556870858
20.51775 0.18181818181818185
20.51896 0.1816074780676551
20.52017 0.18139677431712833
20.52137 0.18120522545301307
20.52258 0.1809945217024863
20.52379 0.18078381795195958
20.52499 0.18057311420143282
20.5262 0.18036241045090604
20.52741 0.18013255181396776
20.52861 0.179921848063441
20.52982 0.17971114431291424
20.53103 0.17948128567597596
20.53223 0.17925142703903765
20.53344 0.1790407232885109
20.53465 0.17879170976516112
20.53585 0.17856185112822281
20.53706 0.17833199249128454
20.53827 0.17810213385434623
20.53947 0.17787227521740798
20.54068 0.17762326169405818
20.54189 0.17739340305711987
20.54309 0.17716354442018162
20.5443 0.1769145308968318
20.54551 0.1766846722598935
20.54672 0.1764356587365437
20.54792 0.17620580009960543
20.54913 0.1759567865762556
20.55034 0.17572692793931732
20.55154 0.17547791441596752
20.55275 0.17524805577902924
20.55396 0.17499904225567942
20.55516 0.17475002873232964
20.55637 0.17452017009539134
20.55758 0.17427115657204154
20.55878 0.17402214304869174
20.55999 0.1737731295253419
20.5612 0.17354327088840366
20.5624 0.17329425736505383
20.56361 0.17304524384170403
20.56482 0.17279623031835423
20.56602 0.17256637168141595
20.56723 0.17231735815806612
20.56844 0.17206834463471632
20.56964 0.17181933111136652
20.57085 0.17157031758801672
20.57206 0.17132130406466692
20.57327 0.1710914454277286
20.57447 0.17084243190437884
20.57568 0.170593418381029
20.57689 0.17034440485767918
20.57809 0.1700953913343294
20.5793 0.16984637781097958
20.58051 0.16957820940121826
20.58171 0.16932919587786846
20.58292 0.16908018235451866
20.58413 0.16883116883116883
20.58533 0.1685630004214075
20.58654 0.1683139868980577
20.58775 0.1680458184882964
20.58895 0.16779680496494656
20.59016 0.16752863655518524
20.59137 0.16727962303183544
20.59257 0.16701145462207412
20.59378 0.1667624410987243
20.59499 0.16649427268896297
20.59619 0.16624525916561317
20.5974 0.16599624564226334
20.59861 0.16572807723250202
20.59982 0.1654790637091522
20.60102 0.16523005018580242
20.60223 0.16496188177604107
20.60344 0.16471286825269127
20.60464 0.16446385472934147
20.60585 0.16421484120599167
20.60706 0.16396582768264184
20.60826 0.16371681415929204
20.60947 0.16346780063594224
20.61068 0.16323794199900396
20.61188 0.16298892847565416
20.61309 0.16275906983871588
20.6143 0.16251005631536605
20.6155 0.16228019767842777
20.61671 0.1620503390414895
20.61792 0.16182048040455121
20.61912 0.16159062176761294
20.62033 0.16136076313067463
20.62154 0.16115005938014787
20.62274 0.16092020074320962
20.62395 0.16070949699268286
20.62516 0.16047963835574455
20.62637 0.1602689346052178
20.62757 0.16003907596827951
20.62878 0.15982837221775276
20.62999 0.159617668467226
20.63119 0.15940696471669924
20.6324 0.15919626096617248
20.63361 0.15898555721564572
20.63481 0.15877485346511896
20.63602 0.1585641497145922
20.63723 0.15835344596406542
20.63843 0.15814274221353866
20.63964 0.1579320384630119
20.64085 0.15772133471248515
20.64205 0.1575297858483699
20.64326 0.15731908209784315
20.64447 0.1571083783473164
20.64567 0.15689767459678963
20.64688 0.15668697084626287
20.64809 0.15649542198214764
20.64929 0.15628471823162088
20.6505 0.15607401448109412
20.65171 0.15586331073056736
20.65292 0.15567176186645212
20.65412 0.15546105811592537
20.65533 0.1552503543653986
20.65654 0.15503965061487185
20.65774 0.1548289468643451
20.65895 0.15461824311381833
20.66016 0.1544266942497031
20.66136 0.15421599049917634
20.66257 0.15400528674864958
20.66378 0.15379458299812282
20.66498 0.15358387924759606
20.66619 0.1533731754970693
20.6674 0.15316247174654257
20.6686 0.1529709228824273
20.66981 0.15276021913190055
20.67102 0.1525495153813738
20.67222 0.15233881163084703
20.67343 0.1521281078803203
20.67464 0.15193655901620504
20.67585 0.15172585526567828
20.67705 0.15151515151515152
20.67826 0.15132360265103628
20.67947 0.15111289890050952
20.68067 0.15090219514998277
20.68188 0.15071064628586753
20.68309 0.15049994253534077
20.68429 0.15030839367122553
20.6855 0.15009768992069877
20.68671 0.14990614105658354
20.68791 0.14969543730605678
20.68912 0.14950388844194154
20.69033 0.14929318469141478
20.69153 0.14910163582729957
20.69274 0.14891008696318433
20.69395 0.14871853809906907
20.69515 0.14850783434854234
20.69636 0.14831628548442707
20.69757 0.14812473662031184
20.69877 0.1479331877561966
20.69998 0.1477416388920814
20.70119 0.14755009002796615
20.7024 0.14735854116385091
20.7036 0.14716699229973565
20.70481 0.14695628854920892
20.70602 0.14676473968509365
20.70722 0.14657319082097844
20.70843 0.1463816419568632
20.70964 0.14619009309274797
20.71084 0.14599854422863273
20.71205 0.14578784047810597
20.71326 0.14559629161399074
20.71446 0.1454047427498755
20.71567 0.14521319388576026
20.71688 0.14502164502164502
20.71808 0.1448300961575298
20.71929 0.1446577021798261
20.7205 0.14446615331571086
20.7217 0.1442746044515956
20.72291 0.1441022104738919
20.72412 0.14391066160977667
20.72532 0.14373826763207295
20.72653 0.14356587365436924
20.72774 0.143374324790254
20.72895 0.14320193081255028
20.73015 0.1430486917212581
20.73136 0.1428762977435544
20.73257 0.14270390376585068
20.73377 0.14255066467455849
20.73498 0.14237827069685477
20.73619 0.14222503160556257
20.73739 0.1420717925142704
20.7386 0.14193770830938973
20.73981 0.14178446921809754
20.74101 0.14163123012680537
20.74222 0.1414971459219247
20.74343 0.14136306171704405
20.74463 0.14122897751216337
20.74584 0.1410948933072827
20.74705 0.14096080910240202
20.74825 0.14082672489752138
20.74946 0.1406926406926407
20.75067 0.14057771137417155
20.75187 0.14044362716929087
20.75308 0.14032869785082178
20.75429 0.14021376853235262
20.7555 0.14009883921388347
20.7567 0.13998390989541434
20.75791 0.1398689805769452
20.75912 0.13975405125847604
20.76032 0.1396391219400069
20.76153 0.13954334750794928
20.76274 0.13942841818948012
20.76394 0.13933264375742252
20.76515 0.13923686932536491
20.76636 0.13912194000689576
20.76756 0.13902616557483816
20.76877 0.13893039114278052
20.76998 0.13885377159713444
20.77118 0.13875799716507684
20.77239 0.1386622227330192
20.7736 0.1385856031873731
20.7748 0.13848982875531549
20.77601 0.1384132092096694
20.77722 0.13831743477761177
20.77842 0.13824081523196569
20.77963 0.13816419568631957
20.78084 0.1380875761406735
20.78205 0.1380109565950274
20.78325 0.13795349193579284
20.78446 0.13787687239014673
20.78567 0.13781940773091217
20.78687 0.13774278818526609
20.78808 0.1376853235260315
20.78929 0.13762785886679693
20.79049 0.13757039420756234
20.7917 0.1375129295483278
20.79291 0.13747461977550474
20.79411 0.13741715511627017
20.79532 0.13737884534344713
20.79653 0.13732138068421257
20.79773 0.1372830709113895
20.79894 0.13724476113856646
20.80015 0.13720645136574341
20.80135 0.13716814159292035
20.80256 0.1371298318200973
20.80377 0.13709152204727426
20.80497 0.13705321227445122
20.80618 0.13701490250162818
20.80739 0.13699574761521666
20.8086 0.1369574378423936
20.8098 0.13691912806957057
20.81101 0.13689997318315905
20.81222 0.13686166341033598
20.81342 0.13684250852392446
20.81463 0.13680419875110142
20.81584 0.1367850438646899
20.81704 0.13674673409186683
20.81825 0.1367275792054553
20.81946 0.13670842431904381
20.82066 0.13667011454622074
20.82187 0.13665095965980922
20.82308 0.13661264988698618
20.82428 0.13659349500057466
20.82549 0.13657434011416314
20.8267 0.13655518522775162
20.8279 0.13653603034134007
20.82911 0.13649772056851706
20.83032 0.1364785656821055
20.83152 0.1364785656821055
20.83273 0.136459410795694
20.83394 0.13644025590928247
20.83515 0.13642110102287094
20.83635 0.13640194613645942
20.83756 0.13640194613645942
20.83877 0.1363827912500479
20.83997 0.1363827912500479
20.84118 0.13636363636363638
20.84239 0.13634448147722483
20.84359 0.13634448147722483
20.8448 0.13634448147722483
20.84601 0.1363253265908133
20.84721 0.1363253265908133
20.84842 0.1363061717044018
20.84963 0.1363061717044018
20.85083 0.1363061717044018
20.85204 0.1362870168179903
20.85325 0.1362870168179903
20.85445 0.1362870168179903
20.85566 0.13626786193157875
20.85687 0.13626786193157875
20.85807 0.13626786193157875
20.85928 0.13624870704516723
20.86049 0.13624870704516723
20.8617 0.1362295521587557
20.8629 0.1362295521587557
20.86411 0.1362295521587557
20.86532 0.13621039727234419
20.86652 0.13621039727234419
20.86773 0.13619124238593266
20.86894 0.13619124238593266
20.87014 0.13619124238593266
20.87135 0.13617208749952114
20.87256 0.13617208749952114
20.87376 0.13617208749952114
20.87497 0.13615293261310962
20.87618 0.13615293261310962
20.87738 0.13615293261310962
20.87859 0.13615293261310962
20.8798 0.13615293261310962
20.881 0.13613377772669807
20.88221 0.13613377772669807
20.88342 0.13613377772669807
20.88463 0.13613377772669807
20.88583 0.13613377772669807
20.88704 0.13611462284028655
20.88825 0.13611462284028655
20.88945 0.13611462284028655
20.89066 0.13611462284028655
20.89187 0.13611462284028655
20.89307 0.13609546795387503
20.89428 0.13609546795387503
20.89549 0.13609546795387503
20.89669 0.13609546795387503
20.8979 0.13609546795387503
20.89911 0.13607631306746354
20.90031 0.13607631306746354
20.90152 0.13607631306746354
20.90273 0.13607631306746354
20.90393 0.136057158181052
20.90514 0.136057158181052
20.90635 0.136057158181052
20.90755 0.13603800329464047
20.90876 0.13603800329464047
20.90997 0.13603800329464047
20.91118 0.13601884840822895
20.91238 0.13601884840822895
20.91359 0.13601884840822895
20.9148 0.1359996935218174
20.916 0.1359996935218174
20.91721 0.1359996935218174
20.91842 0.1359805386354059
20.91962 0.1359805386354059
20.92083 0.13596138374899439
20.92204 0.13596138374899439
20.92324 0.13596138374899439
20.92445 0.13594222886258286
20.92566 0.13594222886258286
20.92686 0.13592307397617132
20.92807 0.13592307397617132
20.92928 0.13592307397617132
20.93048 0.1359039190897598
20.93169 0.1359039190897598
20.9329 0.1358847642033483
20.9341 0.1358847642033483
20.93531 0.13586560931693678
20.93652 0.13586560931693678
20.93773 0.13586560931693678
20.93893 0.13584645443052523
20.94014 0.13584645443052523
20.94135 0.1358272995441137
20.94255 0.1358272995441137
20.94376 0.1358272995441137
20.94497 0.1358081446577022
20.94617 0.1358081446577022
20.94738 0.13578898977129064
20.94859 0.13578898977129064
20.94979 0.13578898977129064
20.951 0.13576983488487915
20.95221 0.13576983488487915
20.95341 0.13575067999846763
20.95462 0.13575067999846763
20.95583 0.1357315251120561
20.95703 0.1357315251120561
20.95824 0.1357315251120561
20.95945 0.13571237022564456
20.96065 0.13571237022564456
20.96186 0.13569321533923304
20.96307 0.13569321533923304
20.96428 0.13567406045282154
20.96548 0.13567406045282154
20.96669 0.13565490556641
20.9679 0.13565490556641
20.9691 0.13563575067999847
20.97031 0.13563575067999847
20.97152 0.13561659579358695
20.97272 0.13561659579358695
20.97393 0.13561659579358695
20.97514 0.13559744090717543
20.97634 0.13559744090717543
20.97755 0.1355782860207639
20.97876 0.1355782860207639
20.97996 0.1355782860207639
20.98117 0.1355591311343524
20.98238 0.1355591311343524
20.98358 0.1355591311343524
20.98479 0.13553997624794087
20.986 0.13553997624794087
20.9872 0.13553997624794087
20.98841 0.13553997624794087
20.98962 0.13553997624794087
20.99083 0.13553997624794087
20.99203 0.13552082136152932
20.99324 0.13552082136152932
20.99445 0.13552082136152932
20.99565 0.13552082136152932
20.99686 0.13552082136152932
20.99807 0.13552082136152932
20.99927 0.1355016664751178
21.00048 0.1355016664751178
21.00169 0.1355016664751178
21.00289 0.1355016664751178
21.0041 0.1355016664751178
21.00531 0.13548251158870628
21.00651 0.13548251158870628
21.00772 0.13548251158870628
21.00893 0.13548251158870628
21.01013 0.13548251158870628
21.01134 0.13548251158870628
21.01255 0.13548251158870628
21.01375 0.13548251158870628
21.01496 0.13548251158870628
21.01617 0.13548251158870628
21.01738 0.13548251158870628
21.01858 0.13548251158870628
21.01979 0.13548251158870628
21.021 0.1355016664751178
21.0222 0.1355016664751178
21.02341 0.13552082136152932
21.02462 0.13552082136152932
21.02582 0.13553997624794087
21.02703 0.13553997624794087
21.02824 0.1355591311343524
21.02944 0.1355782860207639
21.03065 0.13559744090717543
21.03186 0.13561659579358695
21.03306 0.13563575067999847
21.03427 0.13567406045282154
21.03548 0.13569321533923304
21.03668 0.13571237022564456
21.03789 0.13575067999846763
21.0391 0.13576983488487915
21.0403 0.13578898977129064
21.04151 0.1358272995441137
21.04272 0.13584645443052523
21.04393 0.1358847642033483
21.04513 0.1359039190897598
21.04634 0.13594222886258286
21.04755 0.1359805386354059
21.04875 0.1359996935218174
21.04996 0.13603800329464047
21.05117 0.13607631306746354
21.05237 0.13611462284028655
21.05358 0.13615293261310962
21.05479 0.13619124238593266
21.05599 0.1362295521587557
21.0572 0.1362870168179903
21.05841 0.1363253265908133
21.05961 0.13636363636363638
21.06082 0.13642110102287094
21.06203 0.1364785656821055
21.06323 0.13651687545492855
21.06444 0.13657434011416314
21.06565 0.1366318047733977
21.06685 0.1366892694326323
21.06806 0.13676588897827838
21.06927 0.1368233536375129
21.07048 0.1368808182967475
21.07168 0.1369574378423936
21.07289 0.1370340573880397
21.0741 0.1371106769336858
21.0753 0.1371872964793319
21.07651 0.13726391602497798
21.07772 0.13734053557062406
21.07892 0.1374363100026817
21.08013 0.13753208443473933
21.08134 0.13762785886679693
21.08254 0.13772363329885456
21.08375 0.13781940773091217
21.08496 0.13791518216296977
21.08616 0.13803011148143893
21.08737 0.13814504079990808
21.08858 0.13824081523196569
21.08978 0.13835574455043484
21.09099 0.13847067386890397
21.0922 0.1386047580737846
21.0934 0.13871968739225377
21.09461 0.13883461671072292
21.09582 0.13894954602919204
21.09703 0.13908363023407272
21.09823 0.13921771443895337
21.09944 0.13933264375742252
21.10065 0.1394667279623032
21.10185 0.13960081216718387
21.10306 0.139715741485653
21.10427 0.13984982569053367
21.10547 0.13998390989541434
21.10668 0.14011799410029502
21.10789 0.14025207830517564
21.10909 0.1403861625100563
21.1103 0.14052024671493699
21.11151 0.14065433091981763
21.11271 0.1407692602382868
21.11392 0.14090334444316746
21.11513 0.14103742864804814
21.11633 0.14117151285292878
21.11754 0.14130559705780946
21.11875 0.14143968126269013
21.11996 0.14155461058115926
21.12116 0.1416886947860399
21.12237 0.14182277899092058
21.12358 0.14195686319580125
21.12478 0.14209094740068193
21.12599 0.14224418649197412
21.1272 0.14237827069685477
21.1284 0.14251235490173542
21.12961 0.14266559399302764
21.13082 0.14279967819790831
21.13202 0.14295291728920048
21.13323 0.14310615638049268
21.13444 0.14324024058537332
21.13564 0.14339347967666552
21.13685 0.14354671876795772
21.13806 0.1436999578592499
21.13926 0.14383404206413059
21.14047 0.14398728115542275
21.14168 0.14414052024671495
21.14288 0.1442746044515956
21.14409 0.1444278435428878
21.1453 0.14458108263417999
21.14651 0.14471516683906066
21.14771 0.14484925104394133
21.14892 0.1450024901352335
21.15013 0.14513657434011418
21.15133 0.14527065854499485
21.15254 0.1454047427498755
21.15375 0.14553882695475617
21.15495 0.1456537562732253
21.15616 0.14578784047810597
21.15737 0.14590276979657513
21.15857 0.14601769911504428
21.15978 0.14613262843351338
21.16099 0.14624755775198253
21.16219 0.14636248707045169
21.1634 0.1464582615025093
21.16461 0.14657319082097844
21.16581 0.14666896525303605
21.16702 0.14676473968509365
21.16823 0.1468605141171513
21.16943 0.1469371336627974
21.17064 0.147032908094855
21.17185 0.14712868252691264
21.17306 0.14720530207255872
21.17426 0.1472819216182048
21.17547 0.1473776960502624
21.17668 0.14745431559590855
21.17788 0.14753093514155463
21.17909 0.14760755468720071
21.1803 0.1476650193464353
21.1815 0.1477416388920814
21.18271 0.14781825843772747
21.18392 0.14787572309696206
21.18512 0.14795234264260815
21.18633 0.1480098073018427
21.18754 0.14808642684748882
21.18874 0.14814389150672339
21.18995 0.14820135616595792
21.19116 0.14827797571160406
21.19236 0.1483354403708386
21.19357 0.14839290503007319
21.19478 0.14845036968930775
21.19598 0.14850783434854234
21.19719 0.1485652990077769
21.1984 0.14862276366701146
21.19961 0.14868022832624603
21.20081 0.1487376929854806
21.20202 0.14879515764471518
21.20323 0.14885262230394974
21.20443 0.1488909320767728
21.20564 0.14894839673600735
21.20685 0.14900586139524194
21.20805 0.1490633260544765
21.20926 0.14910163582729957
21.21047 0.1491591004865341
21.21167 0.14919741025935718
21.21288 0.14925487491859174
21.21409 0.14929318469141478
21.21529 0.14933149446423785
21.2165 0.14936980423706087
21.21771 0.14940811400988394
21.21891 0.14944642378270698
21.22012 0.14948473355553002
21.22133 0.1495230433283531
21.22253 0.1495613531011761
21.22374 0.14959966287399917
21.22495 0.1496188177604107
21.22616 0.14965712753323374
21.22736 0.14969543730605678
21.22857 0.14973374707887985
21.22978 0.14975290196529134
21.23098 0.1497912117381144
21.23219 0.14982952151093745
21.2334 0.14984867639734897
21.2346 0.14988698617017202
21.23581 0.14990614105658354
21.23702 0.1499444508294066
21.23822 0.14998276060222962
21.23943 0.15000191548864117
21.24064 0.1500402252614642
21.24184 0.15007853503428725
21.24305 0.1501168448071103
21.24426 0.15013599969352184
21.24546 0.15017430946634486
21.24667 0.15021261923916793
21.24788 0.15025092901199097
21.24908 0.150289238784814
21.25029 0.15032754855763705
21.2515 0.15036585833046012
21.25271 0.15042332298969469
21.25391 0.15046163276251773
21.25512 0.15049994253534077
21.25633 0.1505382523081638
21.25753 0.15057656208098688
21.25874 0.15063402674022144
21.25995 0.15067233651304449
21.26115 0.15071064628586753
21.26236 0.15076811094510212
21.26357 0.15080642071792513
21.26477 0.15086388537715972
21.26598 0.15090219514998277
21.26719 0.1509405049228058
21.26839 0.15099796958204037
21.2696 0.15103627935486344
21.27081 0.151093744014098
21.27201 0.15113205378692104
21.27322 0.15117036355974411
21.27443 0.15122782821897868
21.27563 0.15126613799180172
21.27684 0.15130444776462476
21.27805 0.1513427575374478
21.27926 0.15138106731027087
21.28046 0.15143853196950544
21.28167 0.15147684174232848
21.28288 0.15151515151515152
21.28408 0.15155346128797456
21.28529 0.15159177106079763
21.2865 0.15163008083362065
21.2877 0.15166839060644371
21.28891 0.15168754549285524
21.29012 0.15172585526567828
21.29132 0.15176416503850132
21.29253 0.15178331992491287
21.29374 0.15182162969773588
21.29494 0.1518407845841474
21.29615 0.15187909435697047
21.29736 0.151898249243382
21.29856 0.15191740412979354
21.29977 0.15195571390261656
21.30098 0.15197486878902808
21.30218 0.15199402367543963
21.30339 0.15201317856185115
21.3046 0.15203233344826264
21.30581 0.1520514883346742
21.30701 0.1520706432210857
21.30822 0.15208979810749723
21.30943 0.15210895299390875
21.31063 0.1521281078803203
21.31184 0.1521472627667318
21.31305 0.15216641765314332
21.31425 0.15218557253955486
21.31546 0.15220472742596639
21.31667 0.15220472742596639
21.31787 0.1522238823123779
21.31908 0.1522430371987894
21.32029 0.15226219208520095
21.32149 0.15226219208520095
21.3227 0.15228134697161247
21.32391 0.15228134697161247
21.32511 0.152300501858024
21.32632 0.1523196567444355
21.32753 0.1523196567444355
21.32874 0.15233881163084703
21.32994 0.15233881163084703
21.33115 0.15235796651725855
21.33236 0.15235796651725855
21.33356 0.15235796651725855
21.33477 0.15237712140367007
21.33598 0.15237712140367007
21.33718 0.15237712140367007
21.33839 0.15239627629008162
21.3396 0.15239627629008162
21.3408 0.15239627629008162
21.34201 0.15239627629008162
21.34322 0.15239627629008162
21.34442 0.15239627629008162
21.34563 0.15239627629008162
21.34684 0.15239627629008162
21.34804 0.15239627629008162
21.34925 0.15239627629008162
21.35046 0.15239627629008162
21.35166 0.15239627629008162
21.35287 0.15237712140367007
21.35408 0.15237712140367007
21.35529 0.15237712140367007
21.35649 0.15235796651725855
21.3577 0.15235796651725855
21.35891 0.15235796651725855
21.36011 0.15233881163084703
21.36132 0.15233881163084703
21.36253 0.15233881163084703
21.36373 0.1523196567444355
21.36494 0.1523196567444355
21.36615 0.1523196567444355
21.36735 0.152300501858024
21.36856 0.152300501858024
21.36977 0.152300501858024
21.37097 0.152300501858024
21.37218 0.15228134697161247
21.37339 0.15228134697161247
21.37459 0.15228134697161247
21.3758 0.15228134697161247
21.37701 0.15228134697161247
21.37821 0.15228134697161247
21.37942 0.15228134697161247
21.38063 0.15228134697161247
21.38184 0.15228134697161247
21.38304 0.15228134697161247
21.38425 0.15228134697161247
21.38546 0.15228134697161247
21.38666 0.15228134697161247
21.38787 0.15228134697161247
21.38908 0.152300501858024
21.39028 0.152300501858024
21.39149 0.152300501858024
21.3927 0.1523196567444355
21.3939 0.1523196567444355
21.39511 0.1523196567444355
21.39632 0.15233881163084703
21.39752 0.15233881163084703
21.39873 0.15235796651725855
21.39994 0.15235796651725855
21.40114 0.15235796651725855
21.40235 0.15237712140367007
21.40356 0.15237712140367007
21.40476 0.15237712140367007
21.40597 0.15239627629008162
21.40718 0.15239627629008162
21.40839 0.15241543117649314
21.40959 0.15241543117649314
21.4108 0.15241543117649314
21.41201 0.15241543117649314
21.41321 0.15243458606290466
21.41442 0.15243458606290466
21.41563 0.15243458606290466
21.41683 0.15243458606290466
21.41804 0.15243458606290466
21.41925 0.15243458606290466
21.42045 0.15243458606290466
21.42166 0.15243458606290466
21.42287 0.15243458606290466
21.42407 0.15243458606290466
21.42528 0.15243458606290466
21.42649 0.15243458606290466
21.42769 0.15243458606290466
21.4289 0.15243458606290466
21.43011 0.15243458606290466
21.43131 0.15243458606290466
21.43252 0.15243458606290466
21.43373 0.15241543117649314
21.43494 0.15241543117649314
21.43614 0.15241543117649314
21.43735 0.15241543117649314
21.43856 0.15241543117649314
21.43976 0.15241543117649314
21.44097 0.15241543117649314
21.44218 0.15241543117649314
21.44338 0.15241543117649314
21.44459 0.15239627629008162
21.4458 0.15239627629008162
21.447 0.15239627629008162
21.44821 0.15237712140367007
21.44942 0.15237712140367007
21.45062 0.15235796651725855
21.45183 0.15235796651725855
21.45304 0.15233881163084703
21.45424 0.15233881163084703
21.45545 0.1523196567444355
21.45666 0.152300501858024
21.45786 0.15228134697161247
21.45907 0.15226219208520095
21.46028 0.1522430371987894
21.46149 0.1522238823123779
21.46269 0.15220472742596639
21.4639 0.15216641765314332
21.46511 0.1521472627667318
21.46631 0.15210895299390875
21.46752 0.1520706432210857
21.46873 0.15203233344826264
21.46993 0.15199402367543963
21.47114 0.15195571390261656
21.47235 0.15191740412979354
21.47355 0.15187909435697047
21.47476 0.15182162969773588
21.47597 0.15178331992491287
21.47717 0.15172585526567828
21.47838 0.15168754549285524
21.47959 0.15163008083362065
21.48079 0.1515726161743861
21.482 0.15151515151515152
21.48321 0.15145768685591696
21.48441 0.1514002221966824
21.48562 0.1513427575374478
21.48683 0.15128529287821324
21.48804 0.15122782821897868
21.48924 0.15117036355974411
21.49045 0.151093744014098
21.49166 0.15103627935486344
21.49286 0.15095965980921736
21.49407 0.15090219514998277
21.49528 0.15082557560433668
21.49648 0.1507489560586906
21.49769 0.15067233651304449
21.4989 0.15061487185380992
21.5001 0.1505382523081638
21.50131 0.15046163276251773
21.50252 0.15038501321687162
21.50372 0.15030839367122553
21.50493 0.15023177412557945
21.50614 0.15015515457993336
21.50734 0.15005938014787573
21.50855 0.14998276060222962
21.50976 0.14990614105658354
21.51096 0.14982952151093745
21.51217 0.14973374707887985
21.51338 0.14965712753323374
21.51459 0.1495613531011761
21.51579 0.14948473355553002
21.517 0.14938895912347241
21.51821 0.14931233957782633
21.51941 0.1492165651457687
21.52062 0.1491207907137111
21.52183 0.14902501628165346
21.52303 0.14892924184959583
21.52424 0.14883346741753822
21.52545 0.1487376929854806
21.52665 0.14864191855342299
21.52786 0.14852698923495383
21.52907 0.14843121480289623
21.53027 0.1483354403708386
21.53148 0.14822051105236947
21.53269 0.14812473662031184
21.53389 0.1480098073018427
21.5351 0.14791403286978508
21.53631 0.14779910355131595
21.53752 0.1476841742328468
21.53872 0.14758839980078917
21.53993 0.14747347048232004
21.54114 0.14735854116385091
21.54234 0.1472627667317933
21.54355 0.14714783741332416
21.54476 0.147032908094855
21.54596 0.1469371336627974
21.54717 0.14682220434432824
21.54838 0.14670727502585912
21.54958 0.14659234570738996
21.55079 0.14649657127533236
21.552 0.1463816419568632
21.5532 0.14626671263839405
21.55441 0.14617093820633645
21.55562 0.1460560088878673
21.55682 0.14594107956939814
21.55803 0.14584530513734054
21.55924 0.14573037581887138
21.56044 0.14563460138681378
21.56165 0.14551967206834462
21.56286 0.14542389763628702
21.56407 0.14530896831781787
21.56527 0.14521319388576026
21.56648 0.14511741945370263
21.56769 0.1450024901352335
21.56889 0.14490671570317587
21.5701 0.14481094127111827
21.57131 0.1446960119526491
21.57251 0.1446002375205915
21.57372 0.14450446308853387
21.57493 0.14438953377006475
21.57613 0.14429375933800712
21.57734 0.1441979849059495
21.57855 0.14408305558748036
21.57975 0.14398728115542275
21.58096 0.1438723518369536
21.58217 0.143776577404896
21.58337 0.14366164808642684
21.58458 0.14356587365436924
21.58579 0.14345094433590008
21.58699 0.14335516990384248
21.5882 0.14324024058537332
21.58941 0.1431253112669042
21.59062 0.14301038194843507
21.59182 0.14291460751637744
21.59303 0.14279967819790831
21.59424 0.14268474887943916
21.59544 0.14255066467455849
21.59665 0.14243573535608933
21.59786 0.1423208060376202
21.59906 0.14220587671915105
21.60027 0.1420717925142704
21.60148 0.14195686319580125
21.60268 0.14182277899092058
21.60389 0.1416886947860399
21.6051 0.14155461058115926
21.6063 0.14143968126269013
21.60751 0.14130559705780946
21.60872 0.14117151285292878
21.60992 0.14103742864804814
21.61113 0.14090334444316746
21.61234 0.1407692602382868
21.61354 0.14063517603340614
21.61475 0.14050109182852547
21.61596 0.1403670076236448
21.61717 0.14023292341876414
21.61837 0.14009883921388347
21.61958 0.1399647550090028
21.62079 0.13981151591771063
21.62199 0.13967743171282995
21.6232 0.13952419262153776
21.62441 0.1393901084166571
21.62561 0.13923686932536491
21.62682 0.13910278512048424
21.62803 0.13894954602919204
21.62923 0.13879630693789985
21.63044 0.13864306784660768
21.63165 0.13848982875531549
21.63285 0.13833658966402332
21.63406 0.1381833505727311
21.63527 0.1380109565950274
21.63647 0.1378577175037352
21.63768 0.13770447841244302
21.63889 0.13753208443473933
21.64009 0.13735969045703558
21.6413 0.1371872964793319
21.64251 0.13701490250162818
21.64372 0.13684250852392446
21.64492 0.13667011454622074
21.64613 0.1364785656821055
21.64734 0.1363061717044018
21.64854 0.13611462284028655
21.64975 0.13592307397617132
21.65096 0.1357315251120561
21.65216 0.13553997624794087
21.65337 0.1353292724974141
21.65458 0.13511856874688735
21.65578 0.13492701988277211
21.65699 0.13471631613224536
21.6582 0.13448645749530705
21.6594 0.1342757537447803
21.66061 0.13406504999425353
21.66182 0.13383519135731525
21.66302 0.1336244876067885
21.66423 0.13339462896985022
21.66544 0.13316477033291194
21.66664 0.13293491169597366
21.66785 0.13270505305903535
21.66906 0.13247519442209707
21.67027 0.13224533578515882
21.67147 0.131996322261809
21.67268 0.1317664636248707
21.67389 0.13153660498793243
21.67509 0.13128759146458263
21.6763 0.13105773282764432
21.67751 0.13082787419070604
21.67871 0.13057886066735624
21.67992 0.13034900203041797
21.68113 0.13011914339347969
21.68233 0.12987012987012989
21.68354 0.1296402712331916
21.68475 0.1294104125962533
21.68595 0.12916139907290353
21.68716 0.12893154043596522
21.68837 0.12870168179902694
21.68957 0.12847182316208866
21.69078 0.12824196452515035
21.69199 0.1280121058882121
21.69319 0.12778224725127382
21.6944 0.12757154350074706
21.69561 0.12734168486380876
21.69682 0.12711182622687048
21.69802 0.1268819675899322
21.69923 0.12665210895299392
21.70044 0.12642225031605564
21.70164 0.1261732367927058
21.70285 0.12594337815576756
21.70406 0.12571351951882925
21.70526 0.12546450599547945
21.70647 0.12523464735854115
21.70768 0.1250047887216029
21.70888 0.12475577519825307
21.71009 0.1245259165613148
21.7113 0.12427690303796497
21.7125 0.12404704440102671
21.71371 0.12381718576408843
21.71492 0.12356817224073861
21.71612 0.12333831360380035
21.71733 0.12310845496686204
21.71854 0.12287859632992376
21.71974 0.1226487376929855
21.72095 0.12241887905604719
21.72216 0.12218902041910892
21.72337 0.12195916178217064
21.72457 0.12172930314523235
21.72578 0.12151859939470559
21.72699 0.12128874075776731
21.72819 0.12107803700724055
21.7294 0.1208673332567138
21.73061 0.12065662950618704
21.73181 0.1204650806420718
21.73302 0.12025437689154504
21.73423 0.1200628280274298
21.73543 0.11987127916331457
21.73664 0.11967973029919933
21.73785 0.11948818143508409
21.73905 0.11931578745738038
21.74026 0.11914339347967667
21.74147 0.11897099950197296
21.74267 0.11879860552426924
21.74388 0.11864536643297706
21.74509 0.11847297245527336
21.7463 0.11831973336398116
21.7475 0.11816649427268898
21.74871 0.11801325518139678
21.74992 0.11787917097651611
21.75112 0.11772593188522393
21.75233 0.11759184768034327
21.75354 0.11745776347546259
21.75474 0.11732367927058193
21.75595 0.11718959506570126
21.75716 0.1170555108608206
21.75836 0.11692142665593994
21.75957 0.11678734245105928
21.76078 0.11667241313259012
21.76198 0.116557483814121
21.76319 0.11642339960924032
21.7644 0.11630847029077118
21.7656 0.11619354097230204
21.76681 0.1160786116538329
21.76802 0.11596368233536375
21.76922 0.11584875301689461
21.77043 0.11573382369842548
21.77164 0.11561889437995633
21.77285 0.11550396506148719
21.77405 0.11538903574301805
21.77526 0.11527410642454891
21.77647 0.11515917710607977
21.77767 0.11506340267402215
21.77888 0.11494847335555301
21.78009 0.11483354403708387
21.78129 0.11471861471861472
21.7825 0.1146228402865571
21.78371 0.11450791096808796
21.78491 0.11439298164961884
21.78612 0.11427805233114968
21.78733 0.11418227789909208
21.78853 0.11406734858062292
21.78974 0.1139715741485653
21.79095 0.1138757997165077
21.79215 0.11378002528445007
21.79336 0.11370340573880398
21.79457 0.11360763130674637
21.79577 0.11353101176110027
21.79698 0.11343523732904265
21.79819 0.11335861778339656
21.7994 0.11328199823775045
21.8006 0.11320537869210436
21.80181 0.11312875914645827
21.80302 0.11305213960081217
21.80422 0.11297552005516608
21.80543 0.11289890050951998
21.80664 0.1128222809638739
21.80784 0.1127456614182278
21.80905 0.1126690418725817
21.81026 0.1125732674405241
21.81146 0.11249664789487798
21.81267 0.1124200283492319
21.81388 0.11232425391717428
21.81508 0.11224763437152818
21.81629 0.11215185993947056
21.8175 0.11205608550741296
21.8187 0.11196031107535534
21.81991 0.11186453664329771
21.82112 0.11176876221124009
21.82232 0.11165383289277095
21.82353 0.11153890357430181
21.82474 0.11142397425583267
21.82595 0.11130904493736353
21.82715 0.11117496073248287
21.82836 0.1110408765276022
21.82957 0.11090679232272153
21.83077 0.11075355323142935
21.83198 0.11061946902654868
21.83319 0.11046622993525648
21.83439 0.1103129908439643
21.8356 0.1101597517526721
21.83681 0.11000651266137992
21.83801 0.10983411868367622
21.83922 0.10968087959238403
21.84043 0.10950848561468031
21.84163 0.10933609163697659
21.84284 0.10916369765927289
21.84405 0.10899130368156917
21.84525 0.10881890970386546
21.84646 0.10864651572616175
21.84767 0.10847412174845804
21.84887 0.1082825728843428
21.85008 0.10809102402022756
21.85129 0.10789947515611233
21.8525 0.1077079262919971
21.8537 0.10751637742788185
21.85491 0.10732482856376663
21.85612 0.10711412481323986
21.85732 0.10692257594912463
21.85853 0.10671187219859787
21.85974 0.1065011684480711
21.86094 0.10629046469754434
21.86215 0.10607976094701758
21.86336 0.1058499023100793
21.86456 0.10562004367314103
21.86577 0.10540933992261427
21.86698 0.10517948128567599
21.86818 0.1049496226487377
21.86939 0.1047006091253879
21.8706 0.1044707504884496
21.8718 0.1042217369650998
21.87301 0.10397272344175
21.87422 0.10372370991840019
21.87542 0.10347469639505039
21.87663 0.10322568287170057
21.87784 0.10295751446193925
21.87905 0.10268934605217792
21.88025 0.10242117764241658
21.88146 0.10215300923265526
21.88267 0.1018656859364824
21.88387 0.10157836264030955
21.88508 0.1012910393441367
21.88629 0.10100371604796383
21.88749 0.10071639275179099
21.8887 0.10040991456920662
21.88991 0.10010343638662224
21.89111 0.09979695820403786
21.89232 0.09949048002145348
21.89353 0.09916484695245757
21.89473 0.09885836876987321
21.89594 0.0985327357008773
21.89715 0.0982071026318814
21.89835 0.0978814695628855
21.89956 0.0975558364938896
21.90077 0.09723020342489369
21.90197 0.0969045703558978
21.90318 0.09655978240049037
21.90439 0.09623414933149448
21.9056 0.09588936137608704
21.9068 0.09556372830709114
21.90801 0.09521894035168371
21.90922 0.09487415239627629
21.91042 0.0945485193272804
21.91163 0.09420373137187298
21.91284 0.09385894341646554
21.91404 0.09351415546105812
21.91525 0.0931693675056507
21.91646 0.09282457955024327
21.91766 0.09249894648124737
21.91887 0.09215415852583994
21.92008 0.09180937057043252
21.92128 0.0914645826150251
21.92249 0.09111979465961767
21.9237 0.09079416159062177
21.9249 0.09044937363521434
21.92611 0.09010458567980692
21.92732 0.0897597977243995
21.92852 0.08941500976899207
21.92973 0.08907022181358465
21.93094 0.0887062789717657
21.93215 0.08836149101635828
21.93335 0.08799754817453934
21.93456 0.0876527602191319
21.93577 0.08728881737731296
21.93697 0.08694402942190553
21.93818 0.08658008658008658
21.93939 0.08621614373826764
21.94059 0.08585220089644868
21.9418 0.08548825805462974
21.94301 0.08512431521281079
21.94421 0.08476037237099183
21.94542 0.0843964295291729
21.94663 0.08403248668735394
21.94783 0.083668543845535
21.94904 0.08330460100371606
21.95025 0.08294065816189711
21.95145 0.08257671532007817
21.95266 0.08221277247825921
21.95387 0.08184882963644026
21.95508 0.08148488679462132
21.95628 0.08112094395280237
21.95749 0.08075700111098343
21.9587 0.08039305826916447
21.9599 0.08002911542734552
21.96111 0.07966517258552658
21.96232 0.07930122974370762
21.96352 0.07893728690188867
21.96473 0.07857334406006973
21.96594 0.07822855610466231
21.96714 0.07786461326284336
21.96835 0.07750067042102442
21.96956 0.07715588246561698
21.97076 0.07679193962379803
21.97197 0.07644715166839061
21.97318 0.07608320882657166
21.97438 0.07573842087116424
21.97559 0.0753744780293453
21.9768 0.07502969007393787
21.978 0.07466574723211893
21.97921 0.07432095927671149
21.98042 0.07397617132130407
21.98163 0.07361222847948512
21.98283 0.0732674405240777
21.98404 0.07290349768225875
21.98525 0.07255870972685131
21.98645 0.07219476688503237
21.98766 0.07184997892962496
21.98887 0.07150519097421754
21.99007 0.07114124813239858
21.99128 0.07079646017699115
21.99249 0.07045167222158373
21.99369 0.07008772937976478
21.9949 0.06974294142435736
21.99611 0.06939815346894992
21.99731 0.06903421062713098
21.99852 0.06868942267172357
21.99973 0.06834463471631615
22.00093 0.0679998467609087
22.00214 0.06765505880550128
22.00335 0.06729111596368234
22.00455 0.06694632800827492
22.00576 0.06660154005286749
22.00697 0.06625675209746007
22.00818 0.06591196414205265
22.00938 0.0655671761866452
22.01059 0.06522238823123779
22.0118 0.06487760027583037
22.013 0.06453281232042293
22.01421 0.06418802436501551
22.01542 0.0638432364096081
22.01662 0.06349844845420066
22.01783 0.06315366049879324
22.01904 0.06282802742979735
22.02024 0.062483239474389926
22.02145 0.062138451518982486
22.02266 0.061812818449986595
22.02386 0.06146803049457917
22.02507 0.06112324253917175
22.02628 0.06079760947017584
22.02748 0.06045282151476842
22.02869 0.06012718844577252
22.0299 0.0597824004903651
22.0311 0.0594567674213692
22.03231 0.0591311343523733
22.03352 0.058786346396965866
22.03473 0.05846071332796997
22.03593 0.05811592537256254
22.03714 0.057790292303566644
22.03835 0.05746465923457074
22.03955 0.05711987127916332
22.04076 0.056794238210167415
22.04197 0.05646860514117152
22.04317 0.05614297207217561
22.04438 0.05579818411676819
22.04559 0.05547255104777229
22.04679 0.05514691797877639
22.048 0.054802130023368964
22.04921 0.054476496954373066
22.05041 0.05415086388537716
22.05162 0.05380607592996974
22.05283 0.05348044286097384
22.05403 0.05315480979197794
22.05524 0.05281002183657051
22.05645 0.052484388767574615
22.05765 0.05213960081216719
22.05886 0.05181396774317129
22.06007 0.051469179787763865
22.06128 0.05114354671876797
22.06248 0.050798758763360534
22.06369 0.050473125694364636
22.0649 0.05012833773895721
22.0661 0.049802704669961305
22.06731 0.049457916714553886
22.06852 0.04913228364555798
22.06972 0.04878749569015056
22.07093 0.048442707734743136
22.07214 0.04811707466574724
22.07334 0.04777228671033981
22.07455 0.047446653641343914
22.07576 0.04710186568593649
22.07696 0.04677623261694058
22.07817 0.046431444661533164
22.07938 0.04610581159253726
22.08058 0.04576102363712984
22.08179 0.04541623568172241
22.083 0.04509060261272651
22.0842 0.04474581465731908
22.08541 0.044420181588323185
22.08662 0.04407539363291576
22.08783 0.04373060567750833
22.08903 0.043404972608512435
22.09024 0.04306018465310501
22.09145 0.04271539669769758
22.09265 0.042389763628701685
22.09386 0.04204497567329426
22.09507 0.04170018771788684
22.09627 0.041355399762479414
22.09748 0.041029766693483516
22.09869 0.04068497873807608
22.09989 0.04034019078266866
22.1011 0.03999540282726124
22.10231 0.03965061487185381
22.10351 0.039305826916446386
22.10472 0.03896103896103897
22.10593 0.03861625100563154
22.10713 0.038271463050224115
22.10834 0.037926675094816696
22.10955 0.03758188713940926
22.11075 0.03723709918400184
22.11196 0.03689231122859442
22.11317 0.03654752327318699
22.11438 0.036183580431368045
22.11558 0.0358196375895491
22.11679 0.035474849634141666
22.118 0.03511090679232272
22.1192 0.03474696395050378
22.12041 0.03438302110868483
22.12162 0.034019078266865885
22.12282 0.03365513542504693
22.12403 0.033291192583227984
22.12524 0.03292724974140904
22.12644 0.03254415201317857
22.12765 0.032180209171359615
22.12886 0.03181626632954067
22.13006 0.03145232348772172
22.13127 0.031088380645902775
22.13248 0.03072443780408382
22.13368 0.030341340075853353
22.13489 0.029977397234034406
22.1361 0.029613454392215455
22.1373 0.02924951155039651
22.13851 0.028885568708577558
22.13972 0.028540780753170136
22.14093 0.02817683791135119
22.14213 0.02781289506953224
22.14334 0.027468107114124816
22.14455 0.027104164272305865
22.14575 0.026759376316898443
22.14696 0.026414588361491017
22.14817 0.026069800406083594
22.14937 0.02572501245067617
22.15058 0.025399379381680267
22.15179 0.025054591426272844
22.15299 0.024728958357276943
22.1542 0.02440332528828104
22.15541 0.02407769221928514
22.15661 0.02375205915028924
22.15782 0.02344558096770486
22.15903 0.023119947898708963
22.16023 0.022813469716124586
22.16144 0.022487836647128685
22.16265 0.022162203578132783
22.16386 0.021855725395548406
22.16506 0.021530092326552504
22.16627 0.021204459257556603
22.16748 0.0208788261885607
22.16868 0.020572348005976324
22.16989 0.020246714936980423
22.1711 0.019921081867984525
22.1723 0.019614603685400148
22.17351 0.019288970616404246
22.17472 0.01898249243381987
22.17592 0.018676014251235492
22.17713 0.018369536068651115
22.17834 0.018063057886066734
22.17954 0.01775657970348236
22.18075 0.017450101520897984
22.18196 0.017162778224725127
22.18316 0.016875454928552275
22.18437 0.01658813163237942
22.18558 0.01631996322261809
22.18678 0.016032639926445238
22.18799 0.015764471516683906
22.1892 0.015515457993334099
22.19041 0.01524728958357277
22.19161 0.014998276060222963
22.19282 0.01476841742328468
22.19403 0.014519403899934873
22.19523 0.014308700149408115
22.19644 0.014078841512469832
22.19765 0.013868137761943072
22.19885 0.013676588897827836
22.20006 0.0134850400337126
22.20127 0.013293491169597365
22.20247 0.013121097191893654
22.20368 0.012967858100601463
22.20489 0.012814619009309275
22.20609 0.012661379918017088
22.2073 0.012527295713136422
22.20851 0.012393211508255756
22.20971 0.012278282189786615
22.21092 0.012163352871317474
22.21213 0.012048423552848332
22.21333 0.01193349423437919
22.21454 0.011837719802321572
22.21575 0.011741945370263955
22.21696 0.011646170938206338
22.21816 0.011569551392560244
22.21937 0.01149293184691415
22.22058 0.011416312301268054
22.22178 0.011358847642033484
22.22299 0.011301382982798912
22.2242 0.011243918323564342
22.2254 0.011205608550741295
22.22661 0.011167298777918248
22.22782 0.011128989005095201
22.22902 0.011109834118683676
22.23023 0.011090679232272154
22.23144 0.011071524345860631
22.23264 0.011071524345860631
22.23385 0.011071524345860631
22.23506 0.011071524345860631
22.23626 0.011090679232272154
22.23747 0.011109834118683676
22.23868 0.011148143891506724
22.23988 0.01118645366432977
22.24109 0.011224763437152818
22.2423 0.011263073209975865
22.24351 0.011320537869210437
22.24471 0.01139715741485653
22.24592 0.0114546220740911
22.24713 0.011531241619737197
22.24833 0.011627016051794814
22.24954 0.011703635597440908
22.25075 0.01181856491591005
22.25195 0.011914339347967666
22.25316 0.01202926866643681
22.25437 0.012163352871317474
22.25557 0.01229743707619814
22.25678 0.012450676167490326
22.25799 0.012603915258782517
22.25919 0.012795464122897752
22.2604 0.012967858100601463
22.26161 0.013178561851128224
22.26281 0.01337011071524346
22.26402 0.013599969352181744
22.26523 0.013829827989120025
22.26643 0.01405968662605831
22.26764 0.01428954526299659
22.26885 0.014538558786346398
22.27006 0.014806727196107728
22.27126 0.015055740719457535
22.27247 0.015323909129218865
22.27368 0.015592077538980195
22.27488 0.01587940083515305
22.27609 0.016147569244914377
22.2773 0.016434892541087234
22.2785 0.016722215837260086
22.27971 0.017009539133432942
22.28092 0.01729686242960579
22.28212 0.017584185725778648
22.28333 0.0178715090219515
22.28454 0.018158832318124356
22.28574 0.01844615561429721
22.28695 0.018733478910470062
22.28816 0.019020802206642914
22.28936 0.01930812550281577
22.29057 0.0195762939125771
22.29178 0.019863617208749955
22.29298 0.020131785618511283
22.29419 0.020399954028272615
22.2954 0.020668122438033943
22.29661 0.02091713596138375
22.29781 0.021166149484733558
22.29902 0.021415163008083365
22.30023 0.021645021645021644
22.30143 0.021874880281959927
22.30264 0.022123893805309734
22.30385 0.02237290732865954
22.30505 0.02262192085200935
22.30626 0.022870934375359152
22.30747 0.023119947898708963
22.30867 0.02338811630847029
22.30988 0.0236371298318201
22.31109 0.023905298241581427
22.31229 0.02417346665134276
22.3135 0.02444163506110409
22.31471 0.024690648584453898
22.31591 0.024958816994215226
22.31712 0.025226985403976554
22.31833 0.025495153813737886
22.31953 0.025763322223499217
22.32074 0.02601233574684902
22.32195 0.026280504156610353
22.32316 0.02652951767996016
22.32436 0.026778531203309964
22.32557 0.02702754472665977
22.32678 0.02727655825000958
22.32798 0.02750641688694786
22.32919 0.02775543041029767
22.3304 0.02798528904723595
22.3316 0.028195992797762713
22.33281 0.028406696548289468
22.33402 0.02861740029881623
22.33522 0.028828104049342988
22.33643 0.029019652913458226
22.33764 0.02919204689116194
22.33884 0.029383595755277173
22.34005 0.02953683484656936
22.34126 0.02969007393786155
22.34246 0.029843313029153738
22.34367 0.029977397234034406
22.34488 0.03011148143891507
22.34608 0.030207255870972685
22.34729 0.03032218518944183
22.3485 0.03039880473508792
22.34971 0.030475424280734017
22.35091 0.030552043826380108
22.35212 0.030609508485614684
22.35333 0.03064781825843773
22.35453 0.030686128031260775
22.35574 0.03072443780408382
22.35695 0.030743592690495345
22.35815 0.030762747576906873
22.35936 0.030781902463318397
22.36057 0.030781902463318397
22.36177 0.030762747576906873
22.36298 0.030743592690495345
22.36419 0.03072443780408382
22.36539 0.0307052829176723
22.3666 0.030666973144849254
22.36781 0.03062866337202621
22.36901 0.030571198712791632
22.37022 0.030532888939968587
22.37143 0.030456269394322496
22.37263 0.03039880473508792
22.37384 0.03032218518944183
22.37505 0.03024556564379573
22.37626 0.03016894609814964
22.37746 0.030092326552503542
22.37867 0.029996552120445927
22.37988 0.02990077768838831
22.38108 0.02980500325633069
22.38229 0.02969007393786155
22.3835 0.02957514461939241
22.3847 0.029479370187334788
22.38591 0.029345285982454127
22.38712 0.029230356663984984
22.38832 0.029115427345515844
22.38953 0.028981343140635177
22.39074 0.028847258935754513
22.39194 0.02873232961728537
22.39315 0.02859824541240471
22.39436 0.028445006321112517
22.39556 0.028310922116231853
22.39677 0.02817683791135119
22.39798 0.028023598820059
22.39919 0.02787035972876681
22.40039 0.027717120637474623
22.4016 0.02754472665977091
22.40281 0.027372332682067197
22.40401 0.027199938704363488
22.40522 0.027008389840248247
22.40643 0.026816840976133013
22.40763 0.026606137225606254
22.40884 0.026414588361491017
22.41005 0.02620388461096426
22.41125 0.0259931808604375
22.41246 0.02578247710991074
22.41367 0.025552618472972456
22.41487 0.025322759836034176
22.41608 0.025092901199095893
22.41729 0.024863042562157607
22.41849 0.024633183925219324
22.4197 0.024384170401869517
22.42091 0.024135156878519713
22.42211 0.023905298241581427
22.42332 0.023656284718231623
22.42453 0.023407271194881816
22.42574 0.023139102785120488
22.42694 0.02289008926177068
22.42815 0.022641075738420873
22.42936 0.02237290732865954
22.43056 0.022123893805309734
22.43177 0.021874880281959927
22.43298 0.0216067118721986
22.43418 0.02135769834884879
22.43539 0.021089529939087463
22.4366 0.020840516415737656
22.4378 0.020572348005976324
22.43901 0.020323334482626517
22.44022 0.020074320959276713
22.44142 0.01980615254951538
22.44263 0.019557139026165578
22.44384 0.01930812550281577
22.44504 0.019059111979465963
22.44625 0.018810098456116156
22.44746 0.018561084932766352
22.44866 0.018312071409416545
22.44987 0.018043902999655213
22.45108 0.01777573458989388
22.45229 0.017526721066544078
22.45349 0.017258552656782746
22.4547 0.016990384247021414
22.45591 0.016722215837260086
22.45711 0.016434892541087234
22.45832 0.016166724131325902
22.45953 0.015898555721564574
22.46073 0.015611232425391718
22.46194 0.015343064015630388
22.46315 0.015055740719457535
22.46435 0.014787572309696205
22.46556 0.01450024901352335
22.46677 0.014212925717350498
22.46797 0.013944757307589166
22.46918 0.013657434011416314
22.47039 0.01337011071524346
22.47159 0.01310194230548213
22.4728 0.012814619009309275
22.47401 0.012546450599547947
22.47521 0.012259127303375092
22.47642 0.011990958893613762
22.47763 0.01172279048385243
22.47884 0.011435467187679576
22.48004 0.011167298777918248
22.48125 0.010899130368156916
22.48246 0.010630961958395588
22.48366 0.010381948435045781
22.48487 0.010113780025284451
22.48608 0.009864766501934644
22.48728 0.009596598092173314
22.48849 0.009347584568823506
22.4897 0.009098571045473701
22.4909 0.008849557522123894
22.49211 0.00861969888518561
22.49332 0.008370685361835804
22.49452 0.008140826724897523
22.49573 0.00791096808795924
22.49694 0.007681109451020955
22.49814 0.00743209592767115
22.49935 0.007202237290732866
22.50056 0.00695322376738306
22.50176 0.006723365130444777
22.50297 0.00647435160709497
22.50418 0.006244492970156687
22.50539 0.005995479446806881
22.50659 0.005746465923457075
22.5078 0.005516607286518792
22.50901 0.005286748649580508
22.51021 0.005037735126230702
22.51142 0.004807876489292419
22.51263 0.004578017852354136
22.51383 0.004348159215415853
22.51504 0.00411830057847757
22.51625 0.003888441941539287
22.51745 0.003658583304601004
22.51866 0.0034478795540742444
22.51987 0.003237175803547485
22.52107 0.003026472053020726
22.52228 0.0028157683024939663
22.52349 0.002605064551967207
22.52469 0.0024135156878519713
22.5259 0.002221966823736735
22.52711 0.0020304179596214995
22.52831 0.0018580239819177874
22.52952 0.001685630004214075
22.53073 0.001513236026510363
22.53194 0.0013408420488066506
22.53314 0.001187602957514462
22.53435 0.0010343638662222733
22.53556 0.0009002796613416082
22.53676 0.0007661954564609433
22.53797 0.0006321112515802782
22.53918 0.0005171819331111367
22.54038 0.00042140750105351877
22.54159 0.0003064781825843773
22.5428 0.00022985863693828298
22.544 0.00013408420488066506
22.54521 5.7464659234570745e-05
22.54642 -0.0
22.54762 -5.7464659234570745e-05
22.54883 -0.00011492931846914149
22.55004 -0.00017239397770371225
22.55124 -0.00021070375052675939
22.55245 -0.00024901352334980655
22.55366 -0.0002681684097613301
22.55486 -0.0002873232961728537
22.55607 -0.0003064781825843773
22.55728 -0.0003256330689959009
22.55849 -0.0003256330689959009
22.55969 -0.0003256330689959009
22.5609 -0.0003256330689959009
22.56211 -0.0003064781825843773
22.56331 -0.0002873232961728537
22.56452 -0.0002681684097613301
22.56573 -0.00024901352334980655
22.56693 -0.00021070375052675939
22.56814 -0.00019154886411523582
22.56935 -0.00013408420488066506
22.57055 -9.577443205761791e-05
22.57176 -5.7464659234570745e-05
22.57297 0.0
22.57417 -3.830977282304716e-05
22.57538 -7.661954564609433e-05
22.57659 -0.00011492931846914149
22.57779 -0.00015323909129218865
22.579 -0.00017239397770371225
22.58021 -0.00019154886411523582
22.58141 -0.00022985863693828298
22.58262 -0.00024901352334980655
22.58383 -0.00024901352334980655
22.58504 -0.0002681684097613301
22.58624 -0.0002873232961728537
22.58745 -0.0002873232961728537
22.58866 -0.0003064781825843773
22.58986 -0.0003064781825843773
22.59107 -0.0003064781825843773
22.59228 -0.0003064781825843773
22.59348 -0.0003064781825843773
22.59469 -0.0003064781825843773
22.5959 -0.0002873232961728537
22.5971 -0.00024901352334980655
22.59831 -0.00022985863693828298
22.59952 -0.00019154886411523582
22.60072 -0.00015323909129218865
22.60193 -9.577443205761791e-05
22.60314 -3.830977282304716e-05
22.60434 1.915488641152358e-05
22.60555 7.661954564609433e-05
22.60676 0.00015323909129218865
22.60797 0.00022985863693828298
22.60917 0.0002873232961728537
22.61038 0.00038309772823047163
22.61159 0.00045971727387656596
22.61279 0.0005363368195226602
22.614 0.0006321112515802782
22.61521 0.0007087307972263725
22.61641 0.0008045052292839904
22.61762 0.0009002796613416082
22.61883 0.0009768992069877026
22.62003 0.0010726736390453205
22.62124 0.0011684480711029383
22.62245 0.0012642225031605564
22.62365 0.0013408420488066506
22.62486 0.0014366164808642687
22.62607 0.0015323909129218865
22.62727 0.0016090104585679808
22.62848 0.0017047848906255986
22.62969 0.0017814044362716931
22.63089 0.0018580239819177874
22.6321 0.0019537984139754053
22.63331 0.0020304179596214995
22.63452 0.0020878826188560702
22.63572 0.0021645021645021645
22.63693 0.002221966823736735
22.63814 0.0022794314829713063
22.63934 0.0023368961422058766
22.64055 0.0023943608014404478
22.64176 0.002432670574263495
22.64296 0.0024901352334980656
22.64417 0.0025284450063211127
22.64538 0.00256675477914416
22.64658 0.002605064551967207
22.64779 0.002643374324790254
22.649 0.0026816840976133013
22.6502 0.0027199938704363484
22.65141 0.002758303643259396
22.65262 0.0027966134160824427
22.65382 0.00283492318890549
22.65503 0.0028732329617285374
22.65624 0.002892387848140061
22.65744 0.0029306976209631077
22.65865 0.002969007393786155
22.65986 0.0029881622801976784
22.66107 0.003026472053020726
22.66227 0.0030456269394322495
22.66348 0.003064781825843773
22.66469 0.0031030915986668198
22.66589 0.0031222464850783433
22.6671 0.0031414013714898673
22.66831 0.003160556257901391
22.66951 0.0031797111443129145
22.67072 0.003198866030724438
22.67193 0.0032180209171359616
22.67313 0.003237175803547485
22.67434 0.0032563306899590088
22.67555 0.0032754855763705323
22.67675 0.0032754855763705323
22.67796 0.003294640462782056
22.67917 0.0033137953491935795
22.68037 0.0033137953491935795
22.68158 0.003332950235605103
22.68279 0.003332950235605103
22.68399 0.003332950235605103
22.6852 0.003332950235605103
22.68641 0.0033521051220166266
22.68762 0.0033521051220166266
22.68882 0.0033521051220166266
22.69003 0.0033521051220166266
22.69124 0.0033521051220166266
22.69244 0.003332950235605103
22.69365 0.003332950235605103
22.69486 0.003332950235605103
22.69606 0.003332950235605103
22.69727 0.0033137953491935795
22.69848 0.0033137953491935795
22.69968 0.003294640462782056
22.70089 0.003294640462782056
22.7021 0.0032754855763705323
22.7033 0.0032563306899590088
22.70451 0.003237175803547485
22.70572 0.003237175803547485
22.70692 0.0032180209171359616
22.70813 0.003198866030724438
22.70934 0.0031797111443129145
22.71054 0.003160556257901391
22.71175 0.0031414013714898673
22.71296 0.0031030915986668198
22.71417 0.0030839367122552966
22.71537 0.003064781825843773
22.71658 0.003026472053020726
22.71779 0.0030073171666092024
22.71899 0.002969007393786155
22.7202 0.0029498525073746312
22.72141 0.0029115427345515845
22.72261 0.0028732329617285374
22.72382 0.0028540780753170134
22.72503 0.0028157683024939663
22.72623 0.002777458529670919
22.72744 0.002739148756847872
22.72865 0.0026816840976133013
22.72985 0.002643374324790254
22.73106 0.002605064551967207
22.73227 0.00256675477914416
22.73347 0.002509290119909589
22.73468 0.0024709803470865416
22.73589 0.0024135156878519713
22.73709 0.0023560510286174
22.7383 0.002317741255794353
22.73951 0.0022602765965597828
22.74072 0.0022028119373252116
22.74192 0.002145347278090641
22.74313 0.0020878826188560702
22.74434 0.0020304179596214995
22.74554 0.0019537984139754053
22.74675 0.0018963337547408345
22.74796 0.0018388690955062638
22.74916 0.0017814044362716931
22.75037 0.0017047848906255986
22.75158 0.001647320231391028
22.75278 0.0015707006857449337
22.75399 0.001513236026510363
22.7552 0.0014366164808642687
22.7564 0.0013599969352181742
22.75761 0.00128337738957208
22.75882 0.0012259127303375092
22.76002 0.0011492931846914147
22.76123 0.0010726736390453205
22.76244 0.0009768992069877026
22.76364 0.0009002796613416082
22.76485 0.000823660115695514
22.76606 0.0007470405700494196
22.76727 0.0006512661379918018
22.76847 0.0005746465923457074
22.76968 0.00047887216028808953
22.77089 0.00038309772823047163
22.77209 0.0002873232961728537
22.7733 0.00021070375052675939
22.77451 0.00011492931846914149
22.77571 1.915488641152358e-05
22.77692 -9.577443205761791e-05
22.77813 -0.00019154886411523582
22.77933 -0.0002873232961728537
22.78054 -0.0004022526146419952
22.78175 -0.0004980270466996131
22.78295 -0.0006129563651687546
22.78416 -0.0007278856836378961
22.78537 -0.0008428150021070375
22.78657 -0.0009577443205761791
22.78778 -0.0010726736390453205
22.78899 -0.001187602957514462
22.79019 -0.001321687162395127
22.7914 -0.0014366164808642687
22.79261 -0.0015707006857449337
22.79382 -0.0017047848906255986
22.79502 -0.0018388690955062638
22.79623 -0.0019921081867984524
22.79744 -0.002145347278090641
22.79864 -0.0022985863693828295
22.79985 -0.0024709803470865416
22.80106 -0.0026242194383787306
22.80226 -0.0027966134160824427
22.80347 -0.002969007393786155
22.80468 -0.0031414013714898673
22.80588 -0.0033137953491935795
22.80709 -0.0034861893268972916
22.8083 -0.003658583304601004
22.8095 -0.00385013216871624
22.81071 -0.004022526146419952
22.81192 -0.0042140750105351885
22.81312 -0.0043864689882389
22.81433 -0.004578017852354136
22.81554 -0.004769566716469372
22.81675 -0.004941960694173083
22.81795 -0.00513350955828832
22.81916 -0.005305903535992032
22.82037 -0.005497452400107268
22.82157 -0.00566984637781098
22.82278 -0.005842240355514693
22.82399 -0.006014634333218405
22.82519 -0.006187028310922116
22.8264 -0.006359422288625829
22.82761 -0.006531816266329541
22.82881 -0.00668505535762173
22.83002 -0.006838294448913918
22.83123 -0.00701068842661763
22.83243 -0.007144772631498295
22.83364 -0.007298011722790485
22.83485 -0.00743209592767115
22.83605 -0.0075661801325518155
22.83726 -0.00770026433743248
22.83847 -0.007834348542313144
22.83967 -0.007949277860782287
22.84088 -0.008064207179251428
22.84209 -0.008159981611309045
22.8433 -0.008274910929778187
22.8445 -0.008389840248247328
22.84571 -0.008504769566716471
22.84692 -0.00861969888518561
22.84812 -0.008734628203654752
22.84933 -0.008849557522123894
22.85054 -0.008964486840593037
22.85174 -0.009079416159062178
22.85295 -0.009194345477531318
22.85416 -0.00930927479600046
22.85536 -0.0094242041144696
22.85657 -0.00951997854652722
22.85778 -0.00963490786499636
22.85898 -0.00973068229705398
22.86019 -0.00984561161552312
22.8614 -0.009941386047580738
22.8626 -0.010037160479638357
22.86381 -0.010113780025284451
22.86502 -0.010209554457342068
22.86622 -0.010286174002988162
22.86743 -0.010362793548634256
22.86864 -0.01043941309428035
22.86985 -0.010496877753514922
22.87105 -0.010573497299161017
22.87226 -0.010630961958395588
22.87347 -0.010669271731218635
22.87467 -0.010707581504041682
22.87588 -0.01074589127686473
22.87709 -0.010765046163276252
22.87829 -0.010784201049687775
22.8795 -0.0108033559360993
22.88071 -0.0108033559360993
22.88191 -0.0108033559360993
22.88312 -0.010784201049687775
22.88433 -0.010765046163276252
22.88553 -0.010726736390453205
22.88674 -0.010688426617630158
22.88795 -0.010630961958395588
22.88915 -0.010573497299161017
22.89036 -0.010496877753514922
22.89157 -0.010420258207868828
22.89277 -0.01032448377581121
22.89398 -0.010228709343753592
22.89519 -0.010113780025284451
22.8964 -0.009979695820403787
22.8976 -0.009864766501934644
22.89881 -0.00973068229705398
22.90002 -0.009577443205761791
22.90122 -0.0094242041144696
22.90243 -0.009270965023177412
22.90364 -0.009098571045473701
22.90484 -0.008926177067769988
22.90605 -0.008734628203654752
22.90726 -0.008543079339539518
22.90846 -0.008351530475424281
22.90967 -0.008140826724897523
22.91088 -0.007930122974370762
22.91208 -0.007719419223844002
22.91329 -0.007508715473317243
22.9145 -0.007278856836378961
22.9157 -0.007029843313029155
22.91691 -0.006799984676090872
22.91812 -0.006550971152741065
22.91932 -0.006301957629391258
22.92053 -0.006033789219629928
22.92174 -0.005784775696280122
22.92295 -0.005516607286518792
22.92415 -0.005248438876757461
22.92536 -0.004961115580584607
22.92657 -0.004673792284411753
22.92777 -0.004405623874650423
22.92898 -0.004099145692066046
22.93019 -0.0038118223958931927
22.93139 -0.003505344213308815
22.9326 -0.0032180209171359616
22.93381 -0.0029115427345515845
22.93501 -0.002605064551967207
22.93622 -0.0022794314829713063
22.93743 -0.001972953300386929
22.93863 -0.001647320231391028
22.93984 -0.001321687162395127
22.94105 -0.0010152089798107498
22.94225 -0.0006704210244033253
22.94346 -0.0003447879554074245
22.94467 0.0
22.94587 0.00024901352334980655
22.94708 0.0005171819331111367
22.94829 0.0008045052292839904
22.9495 0.0010726736390453205
22.9507 0.0013599969352181742
22.95191 0.0016664751178025515
22.95312 0.001972953300386929
22.95432 0.0022794314829713063
22.95553 0.0025859096655556834
22.95674 0.0029115427345515845
22.95794 0.003237175803547485
22.95915 0.0035628088725433863
22.96036 0.003888441941539287
22.96156 0.004233229896946712
22.96277 0.004578017852354136
22.96398 0.00492280580776156
22.96518 0.005267593763168985
22.96639 0.005612381718576409
22.9676 0.005976324560395357
22.9688 0.006321112515802782
22.97001 0.00668505535762173
22.97122 0.007029843313029155
22.97242 0.0073937861548481025
22.97363 0.007757728996667049
22.97484 0.008121671838485998
22.97605 0.008485614680304947
22.97725 0.008849557522123894
22.97846 0.009194345477531318
22.97967 0.009558288319350267
22.98087 0.009922231161169213
22.98208 0.01026701911657664
22.98329 0.010630961958395588
22.98449 0.010975749913803012
22.9857 0.01133969275562196
22.98691 0.011684480711029385
22.98811 0.01202926866643681
22.98932 0.01235490173543271
22.99053 0.012699689690840133
22.99173 0.013025322759836035
22.99294 0.013350955828831935
22.99415 0.01369574378423936
22.99535 0.01402137685323526
22.99656 0.014347009922231162
22.99777 0.014672642991227064
22.99897 0.014998276060222963
23.00018 0.015343064015630388
23.00139 0.015668697084626287
23.0026 0.01599433015362219
23.0038 0.016339118109029615
23.00501 0.016664751178025513
23.00622 0.017009539133432942
23.00742 0.01733517220242884
23.00863 0.017679960157836266
23.00984 0.018005593226832168
23.01104 0.018331226295828066
23.01225 0.018676014251235492
23.01346 0.019001647320231393
23.01466 0.019346435275638816
23.01587 0.019672068344634717
23.01708 0.01999770141363062
23.01828 0.02034248936903804
23.01949 0.020668122438033943
23.0207 0.020993755507029845
23.0219 0.021319388576025743
23.02311 0.021645021645021644
23.02432 0.021970654714017546
23.02553 0.022296287783013447
23.02673 0.02262192085200935
23.02794 0.02294755392100525
23.02915 0.02327318699000115
23.03035 0.02359882005899705
23.03156 0.023905298241581427
23.03277 0.02423093131057733
23.03397 0.02453740949316171
23.03518 0.024863042562157607
23.03639 0.025169520744741988
23.03759 0.02547599892732636
23.0388 0.02578247710991074
23.04001 0.02608895529249512
23.04121 0.026395433475079496
23.04242 0.02668275677125235
23.04363 0.026989234953836726
23.04483 0.02727655825000958
23.04604 0.027563881546182434
23.04725 0.02787035972876681
23.04845 0.028157683024939664
23.04966 0.028445006321112517
23.05087 0.02873232961728537
23.05208 0.029019652913458226
23.05328 0.02930697620963108
23.05449 0.02957514461939241
23.0557 0.029862467915565263
23.0569 0.03014979121173812
23.05811 0.030417959621499444
23.05932 0.0307052829176723
23.06052 0.03097345132743363
23.06173 0.031260774623606484
23.06294 0.03152894303336781
23.06414 0.03179711144312915
23.06535 0.032065279852890476
23.06656 0.032333448262651804
23.06776 0.03260161667241313
23.06897 0.03286978508217447
23.07018 0.033137953491935795
23.07138 0.033406121901697124
23.07259 0.03367429031145845
23.0738 0.03392330383480826
23.075 0.034191472244569594
23.07621 0.034440485767919395
23.07742 0.03470865417768073
23.07863 0.03495766770103053
23.07983 0.035225836110791865
23.08104 0.035474849634141666
23.08225 0.03572386315749148
23.08345 0.03599203156725281
23.08466 0.036241045090602615
23.08587 0.03649005861395242
23.08707 0.03673907213730223
23.08828 0.03698808566065204
23.08949 0.03723709918400184
23.09069 0.03748611270735165
23.0919 0.03773512623070145
23.09311 0.03798413975405126
23.09431 0.03821399839098954
23.09552 0.03846301191433935
23.09673 0.03871202543768915
23.09793 0.03894188407462744
23.09914 0.039190897597977246
23.10035 0.03942075623491553
23.10155 0.03965061487185381
23.10276 0.0398804735087921
23.10397 0.04011033214573038
23.10518 0.04034019078266866
23.10638 0.04055089453319542
23.10759 0.0407807531701337
23.1088 0.04099145692066046
23.11 0.041221315557598746
23.11121 0.041432019308125505
23.11242 0.041661877945063784
23.11362 0.04187258169559055
23.11483 0.04208328544611731
23.11604 0.042293989196644066
23.11724 0.04250469294717083
23.11845 0.04273455158410911
23.11966 0.04294525533463587
23.12086 0.04315595908516263
23.12207 0.043366662835689386
23.12328 0.043577366586216144
23.12448 0.0437880703367429
23.12569 0.04399877408726967
23.1269 0.044209477837796426
23.1281 0.044420181588323185
23.12931 0.04463088533884994
23.13052 0.04486074397578822
23.13173 0.04507144772631498
23.13293 0.045282151476841746
23.13414 0.045492855227368505
23.13535 0.045722713864306784
23.13655 0.04593341761483355
23.13776 0.04614412136536031
23.13897 0.04637398000229859
23.14017 0.04660383863923687
23.14138 0.04681454238976363
23.14259 0.04704440102670191
23.14379 0.0472742596636402
23.145 0.04750411830057848
23.14621 0.04773397693751676
23.14741 0.04798299046086657
23.14862 0.04821284909780486
23.14983 0.048442707734743136
23.15103 0.048672566371681415
23.15224 0.0489024250086197
23.15345 0.04913228364555798
23.15465 0.04936214228249627
23.15586 0.049572846033023026
23.15707 0.049802704669961305
23.15828 0.0500325633068996
23.15948 0.05026242194383788
23.16069 0.050492280580776164
23.1619 0.05072213921771444
23.1631 0.0509328429682412
23.16431 0.05116270160517949
23.16552 0.05139256024211777
23.16672 0.05162241887905605
23.16793 0.05185227751599433
23.16914 0.05208213615293261
23.17034 0.052331149676282426
23.17155 0.052561008313220706
23.17276 0.05279086695015899
23.17396 0.05302072558709727
23.17517 0.05326973911044708
23.17638 0.053518752633796886
23.17758 0.05374861127073517
23.17879 0.05399762479408497
23.18 0.05424663831743479
23.1812 0.05449565184078459
23.18241 0.054744665364134394
23.18362 0.05501283377389572
23.18483 0.05526184729724553
23.18603 0.05553001570700686
23.18724 0.05579818411676819
23.18845 0.05606635252652952
23.18965 0.05633452093629085
23.19086 0.056621844232463706
23.19207 0.056890012642225034
23.19327 0.05717733593839789
23.19448 0.05746465923457074
23.19569 0.057771137417155116
23.19689 0.05805846071332797
23.1981 0.05836493889591235
23.19931 0.058671417078496726
23.20051 0.05899705014749263
23.20172 0.05932268321648853
23.20293 0.059648316285484435
23.20413 0.059973949354480326
23.20534 0.06031873730988775
23.20655 0.06066352526529518
23.20775 0.06100831322070261
23.20896 0.06137225606252155
23.21017 0.061736198904340504
23.21138 0.062100141746159444
23.21258 0.0624640845879784
23.21379 0.06284718231620887
23.215 0.06321112515802782
23.2162 0.0635942228862583
23.21741 0.06397732061448876
23.21862 0.06436041834271923
23.21982 0.06474351607094969
23.22103 0.06512661379918018
23.22224 0.06550971152741066
23.22344 0.06591196414205265
23.22465 0.06629506187028311
23.22586 0.06667815959851359
23.22706 0.06708041221315558
23.22827 0.06746350994138606
23.22948 0.06784660766961652
23.23068 0.06824886028425853
23.23189 0.06863195801248899
23.2331 0.06901505574071946
23.23431 0.06939815346894992
23.23551 0.0697812511971804
23.23672 0.07016434892541089
23.23793 0.07052829176722983
23.23913 0.07091138949546029
23.24034 0.07127533233727924
23.24155 0.0716392751790982
23.24275 0.07200321802091714
23.24396 0.07234800597632456
23.24517 0.07271194881814351
23.24637 0.07305673677355094
23.24758 0.07340152472895836
23.24879 0.07372715779795427
23.24999 0.07407194575336169
23.2512 0.07439757882235759
23.25241 0.07472321189135349
23.25361 0.07506799984676092
23.25482 0.07541278780216834
23.25603 0.07575757575757576
23.25723 0.0761215185993947
23.25844 0.07646630655480213
23.25965 0.07683024939662109
23.26086 0.07719419223844004
23.26206 0.07755813508025898
23.26327 0.07794123280848944
23.26448 0.0783051756503084
23.26568 0.07866911849212735
23.26689 0.07903306133394629
23.2681 0.07939700417576524
23.2693 0.0797609470175842
23.27051 0.08012488985940314
23.27172 0.08048883270122209
23.27292 0.08083362065662951
23.27413 0.08117840861203694
23.27534 0.08152319656744436
23.27654 0.08186798452285178
23.27775 0.08219361759184768
23.27896 0.08251925066084359
23.28016 0.08284488372983947
23.28137 0.08315136191242387
23.28258 0.08343868520859672
23.28378 0.0837451633911811
23.28499 0.08401333180094243
23.2862 0.08428150021070376
23.28741 0.08454966862046508
23.28861 0.08477952725740337
23.28982 0.08500938589434166
23.29103 0.08523924453127993
23.29223 0.08543079339539517
23.29344 0.0856223422595104
23.29465 0.08579473623721412
23.29585 0.0859479753285063
23.29706 0.08610121441979848
23.29827 0.08621614373826764
23.29947 0.08633107305673678
23.30068 0.08640769260238287
23.30189 0.08648431214802897
23.30309 0.08652262192085201
23.3043 0.08656093169367507
23.30551 0.08658008658008658
23.30671 0.08659924146649811
23.30792 0.08659924146649811
23.30913 0.08658008658008658
23.31033 0.08656093169367507
23.31154 0.08652262192085201
23.31275 0.08646515726161744
23.31396 0.08640769260238287
23.31516 0.08633107305673678
23.31637 0.08625445351109069
23.31758 0.08615867907903306
23.31878 0.08606290464697544
23.31999 0.0859479753285063
23.3212 0.08581389112362564
23.3224 0.08567980691874498
23.32361 0.0855265678274528
23.32482 0.0853733287361606
23.32602 0.08520093475845689
23.32723 0.08502854078075317
23.32844 0.08483699191663795
23.32964 0.08464544305252271
23.33085 0.08441558441558442
23.33206 0.08420488066505766
23.33326 0.08397502202811938
23.33447 0.08372600850476956
23.33568 0.08347699498141976
23.33688 0.08320882657165843
23.33809 0.08294065816189711
23.3393 0.08265333486572425
23.34051 0.0823660115695514
23.34171 0.08205953338696703
23.34292 0.08175305520438265
23.34413 0.08142742213538674
23.34533 0.08110178906639084
23.34654 0.08075700111098343
23.34775 0.08041221315557599
23.34895 0.08004827031375704
23.35016 0.0796843274719381
23.35137 0.07930122974370762
23.35257 0.07891813201547715
23.35378 0.07851587940083515
23.35499 0.07811362678619316
23.35619 0.07769221928513964
23.3574 0.07723250201126308
23.35861 0.07675362985097499
23.35981 0.07623644791786385
23.36102 0.0757001110983412
23.36223 0.075144619392407
23.36343 0.07455081791364979
23.36464 0.07395701643489254
23.36585 0.07332490518331226
23.36706 0.07269279393173199
23.36826 0.07202237290732867
23.36947 0.07135195188292534
23.37068 0.07066237597211049
23.37188 0.06995364517488412
23.37309 0.06924491437765774
23.3743 0.06851702869401985
23.3755 0.06778914301038196
23.37671 0.06706125732674406
23.37792 0.06631421675669463
23.37912 0.0655671761866452
23.38033 0.0648201356165958
23.38154 0.06407309504654637
23.38274 0.06334520936290848
23.38395 0.06259816879285907
23.38516 0.061851128222809644
23.38636 0.06112324253917175
23.38757 0.060395356855533856
23.38878 0.059686626058307476
23.38998 0.05897789526108111
23.39119 0.05828831935026625
23.3924 0.05759874343945141
23.39361 0.05692832241504808
23.39481 0.05627705627705628
23.39602 0.055644945025476004
23.39723 0.05503198866030724
23.39843 0.05443818718155002
23.39964 0.053863540589204305
23.40085 0.05332720376968165
23.40205 0.05281002183657051
23.40326 0.0523119947898709
23.40447 0.05183312262958281
23.40567 0.05139256024211777
23.40688 0.05099030762747577
23.40809 0.050626364785656824
23.40929 0.05024326705742635
23.4105 0.0498793242156074
23.41171 0.04949622648737693
23.41291 0.04911312875914646
23.41412 0.04873003103091599
23.41533 0.048366088189097045
23.41653 0.04798299046086657
23.41774 0.0475998927326361
23.41895 0.047235949890817155
23.42016 0.0468720070489982
23.42136 0.046508064207179255
23.42257 0.04616327625177183
23.42378 0.0458184882963644
23.42498 0.045473700340956984
23.42619 0.04516722215837261
23.4274 0.04486074397578822
23.4286 0.044554265793203846
23.42981 0.044286097383442524
23.43102 0.04401792897368119
23.43222 0.04376891545033138
23.43343 0.0435390568133931
23.43464 0.043328353062866344
23.43584 0.04315595908516263
23.43705 0.04298356510745892
23.43826 0.04284948090257825
23.43946 0.04273455158410911
23.44067 0.042638777152051485
23.44188 0.04258131249281692
23.44309 0.04254300271999387
23.44429 0.04254300271999387
23.4455 0.042562157606405394
23.44671 0.042638777152051485
23.44791 0.04271539669769758
23.44912 0.04284948090257825
23.45033 0.04300271999387044
23.45153 0.0432134237443972
23.45274 0.04344328238133548
23.45395 0.04373060567750833
23.45515 0.04403708386009271
23.45636 0.04440102670191166
23.45757 0.04480327931655366
23.45877 0.0452438417040187
23.45998 0.045741868750718305
23.46119 0.046278205570240975
23.46239 0.0468720070489982
23.4636 0.04750411830057848
23.46481 0.04819369421139333
23.46601 0.04892157989503122
23.46722 0.04970693023790369
23.46843 0.050530590353599206
23.46964 0.05141171512852929
23.47084 0.0523119947898709
23.47205 0.05326973911044708
23.47326 0.05426579320384631
23.47446 0.05528100218365706
23.47567 0.05633452093629085
23.47688 0.0574263494617477
23.47808 0.05855648776002759
23.47929 0.059705780944719004
23.4805 0.060893383902233464
23.4817 0.062100141746159444
23.48291 0.06332605447649696
23.48412 0.06459027697965751
23.48532 0.0658736543692296
23.48653 0.06715703175880168
23.48774 0.0684787189211968
23.48894 0.06981956097000346
23.49015 0.0711604030188101
23.49136 0.07252039995402827
23.49256 0.07389955177565798
23.49377 0.07529785848369919
23.49498 0.07669616519174041
23.49619 0.07809447189978164
23.49739 0.07951193349423438
23.4986 0.08091024020227561
23.49981 0.08232770179672834
23.50101 0.0837451633911811
23.50222 0.08516262498563384
23.50343 0.08658008658008658
23.50463 0.08799754817453934
23.50584 0.08941500976899207
23.50705 0.09081331647703329
23.50825 0.092192468298663
23.50946 0.09359077500670422
23.51067 0.09495077194192239
23.51187 0.09631076887714056
23.51308 0.09765161092594721
23.51429 0.09899245297475386
23.51549 0.10035244990997204
23.5167 0.10176991150442478
23.51791 0.10322568287170057
23.51911 0.10471976401179943
23.52032 0.1062521549247213
23.52153 0.10784201049687776
23.52274 0.10945102095544575
23.52394 0.11107918630042525
23.52515 0.1127456614182278
23.52636 0.11443129142244188
23.52756 0.11613607631306748
23.52877 0.11786001609010459
23.52998 0.11960311075355325
23.53118 0.12136536030341341
23.53239 0.12310845496686204
23.5336 0.12487070451672222
23.5348 0.1266329540665824
23.53601 0.12839520361644258
23.53722 0.13015745316630273
23.53842 0.13190054782975139
23.53963 0.1336244876067885
23.54084 0.13534842738382563
23.54204 0.13705321227445122
23.54325 0.1387388422786653
23.54446 0.1403861625100563
23.54566 0.14201432785503582
23.54687 0.14362333831360383
23.54808 0.14517488411293722
23.54929 0.14670727502585912
23.55049 0.14820135616595792
23.5517 0.14963797264682221
23.55291 0.15103627935486344
23.55411 0.15239627629008162
23.55532 0.1536796536796537
23.55653 0.15492472129640272
23.55773 0.1561123242539172
23.55894 0.15722330766578554
23.56015 0.15827682641841934
23.56135 0.15927288051181857
23.56256 0.1601923150595717
23.56377 0.16103513006167874
23.56497 0.1618013255181397
23.56618 0.16247174654254304
23.56739 0.16306554802130024
23.56859 0.16360188484082291
23.5698 0.16409991188752251
23.57101 0.16455962916139907
23.57221 0.16496188177604107
23.57342 0.16532582461786002
23.57463 0.16567061257326746
23.57584 0.1659579358694403
23.57704 0.1662069493927901
23.57825 0.16639849825690536
23.57946 0.16657089223460905
23.58066 0.16670497643948973
23.58187 0.1667815959851358
23.58308 0.16681990575795888
23.58428 0.16683906064437037
23.58549 0.16680075087154736
23.5867 0.16672413132590125
23.5879 0.16660920200743212
23.58911 0.16643680802972838
23.59032 0.16624525916561317
23.59152 0.16601540052867486
23.59273 0.16572807723250202
23.59394 0.16542159904991766
23.59514 0.1650576562080987
23.59635 0.16465540359345668
23.59756 0.1642339960924032
23.59876 0.16375512393211508
23.59997 0.16323794199900396
23.60118 0.16268245029306977
23.60239 0.16208864881431254
23.60359 0.16143738267632074
23.6048 0.16076696165191742
23.60601 0.16005823085469104
23.60721 0.1593111902846416
23.60842 0.15850668505535764
23.60963 0.15768302493966213
23.61083 0.15680190016473203
23.61204 0.15590162050339043
23.61325 0.15494387618281424
23.61445 0.15396697697582654
23.61566 0.15293261310960427
23.61687 0.15185993947055895
23.61807 0.15076811094510212
23.61928 0.1496188177604107
23.62049 0.14843121480289623
23.62169 0.14720530207255872
23.6229 0.1458836149101636
23.62411 0.14448530820212235
23.62531 0.14299122706202352
23.62652 0.14140137148986706
23.62773 0.13975405125847604
23.62894 0.1380109565950274
23.63014 0.13619124238593266
23.63135 0.13431406351760336
23.63256 0.13237941999003947
23.63376 0.13038731180324103
23.63497 0.12831858407079647
23.63618 0.12621154656552888
23.63738 0.12404704440102671
23.63859 0.12184423246370149
23.6398 0.11960311075355325
23.641 0.11732367927058193
23.64221 0.11500593801478759
23.64342 0.1126690418725817
23.64462 0.11029383595755278
23.64583 0.10791863004252386
23.64704 0.10550511435467187
23.64824 0.10309159866681991
23.64945 0.10065892809255642
23.65066 0.09822625751829292
23.65186 0.09579358694402942
23.65307 0.09336091636976593
23.65428 0.09094740068191397
23.65549 0.08853388499406198
23.65669 0.08612036930621002
23.6579 0.0837451633911811
23.65911 0.0813891123625637
23.66031 0.07905221622035782
23.66152 0.07675362985097499
23.66273 0.07447419836800367
23.66393 0.07225223154426694
23.66514 0.07006857449335326
23.66635 0.06792322721526262
23.66755 0.06581618970999503
23.66876 0.06378577175037353
23.66997 0.06179366356357507
23.67117 0.05987817492242272
23.67238 0.05802015094050493
23.67359 0.05621959161782171
23.67479 0.05451480672719611
23.676 0.05284833160939356
23.67721 0.05118185649159101
23.67842 0.04951538137378846
23.67962 0.0478489062559859
23.68083 0.04618243113818335
23.68204 0.044515956020380804
23.68324 0.04284948090257825
23.68445 0.041202160671187225
23.68566 0.0395548404397962
23.68686 0.037926675094816696
23.68807 0.03629850974983719
23.68928 0.03468949929126921
23.69048 0.03309964371911275
23.69169 0.03152894303336781
23.6929 0.02995824234762288
23.6941 0.028406696548289468
23.69531 0.026893460521779107
23.69652 0.025399379381680267
23.69772 0.02392445312799295
23.69893 0.022468681760717164
23.70014 0.021032065279852893
23.70134 0.019633758571811672
23.70255 0.018273761636593496
23.70376 0.016932919587786848
23.70497 0.015630387311803242
23.70617 0.014366164808642685
23.70738 0.013140252078305176
23.70859 0.01193349423437919
23.70979 0.010784201049687775
23.711 0.009673217637819408
23.71221 0.008600543998774088
23.71341 0.0075661801325518155
23.71462 0.006589280925564112
23.71583 0.005650691491399456
23.71703 0.004750411830057848
23.71824 0.0039075968279508105
23.71945 0.0031222464850783433
23.72065 0.0023943608014404478
23.72186 0.0017047848906255986
23.72307 0.0010726736390453205
23.72427 0.0005171819331111367
23.72548 0.0
23.72669 -0.00045971727387656596
23.72789 -0.0008619698885185611
23.7291 -0.0012067578439259857
23.73031 -0.0014557713672757923
23.73152 -0.0016281653449795044
23.73272 -0.0017239397770371222
23.73393 -0.0017239397770371222
23.73514 -0.001647320231391028
23.73634 -0.001513236026510363
23.73755 -0.00128337738957208
23.73876 -0.0010152089798107498
23.73996 -0.0006512661379918018
23.74117 -0.00024901352334980655
23.74238 0.00022985863693828298
23.74358 0.0007470405700494196
23.74479 0.001321687162395127
23.746 0.0019537984139754053
23.7472 0.0026242194383787306
23.74841 0.003332950235605103
23.74962 0.004099145692066046
23.75082 0.004884496034938513
23.75203 0.005708156150634027
23.75324 0.006550971152741065
23.75444 0.00743209592767115
23.75565 0.008332375589012756
23.75686 0.009232655250354365
23.75807 0.01017124468451902
23.75927 0.011128989005095201
23.76048 0.012067578439259857
23.76169 0.01304447764624756
23.76289 0.014002221966823736
23.7641 0.014959966287399916
23.76531 0.015917710607976095
23.76651 0.016875454928552275
23.76772 0.017833199249128455
23.76893 0.018752633796881586
23.77013 0.019672068344634717
23.77134 0.020572348005976324
23.77255 0.02143431789449489
23.77375 0.022277132896601923
23.77496 0.02310079301229744
23.77617 0.023886143355169906
23.77737 0.024633183925219324
23.77858 0.025341914722445697
23.77979 0.02601233574684902
23.78099 0.026625292112017775
23.7822 0.027199938704363488
23.78341 0.027736275523886144
23.78462 0.028215147684174234
23.78582 0.02873232961728537
23.78703 0.02924951155039651
23.78824 0.02978584836991917
23.78944 0.030341340075853353
23.79065 0.030896831781787534
23.79186 0.03147147837413324
23.79306 0.03204612496647895
23.79427 0.03262077155882466
23.79548 0.03321457303758189
23.79668 0.0337892196299276
23.79789 0.03438302110868483
23.7991 0.03497682258744206
23.8003 0.03555146917978776
23.80151 0.03612611577213347
23.80272 0.03670076236447918
23.80392 0.037256254070413365
23.80513 0.03781174577634755
23.80634 0.038348082595870206
23.80754 0.03888441941539287
23.80875 0.03940160134850401
23.80996 0.03989962839520362
23.81117 0.04037850055549171
23.81237 0.04081906294295675
23.81358 0.041259625330421795
23.81479 0.04168103283147531
23.81599 0.04206413055970579
23.8172 0.042428073401524734
23.81841 0.04275370647052063
23.81961 0.04306018465310501
23.82082 0.043328353062866344
23.82203 0.04355821169980462
23.82323 0.04376891545033138
23.82444 0.04392215454162357
23.82565 0.04405623874650424
23.82685 0.044132858292150336
23.82806 0.04417116806497338
23.82927 0.04417116806497338
23.83047 0.044132858292150336
23.83168 0.04403708386009271
23.83289 0.04388384476880052
23.83409 0.04369229590468529
23.8353 0.043462437267747005
23.83651 0.04315595908516263
23.83772 0.0428111711297552
23.83892 0.042389763628701685
23.84013 0.04189173658200207
23.84134 0.041336244876067886
23.84254 0.04068497873807608
23.84375 0.03997624794084971
23.84496 0.039190897597977246
23.84616 0.038367237482281734
23.84737 0.0374478029345286
23.84858 0.03649005861395242
23.84978 0.0354940045205532
23.85099 0.034421330881507874
23.8522 0.033310347469639505
23.8534 0.032161054284948094
23.85461 0.03097345132743363
23.85582 0.0297283837106846
23.85702 0.02846416120752404
23.85823 0.02716162893154044
23.85944 0.02583994176914531
23.86064 0.02449909972033866
23.86185 0.023119947898708963
23.86306 0.021740796077079266
23.86427 0.020323334482626517
23.86547 0.018905872888173775
23.86668 0.01748841129372103
23.86789 0.016051794812856762
23.86909 0.014634333218404016
23.8703 0.013197716737539748
23.87151 0.011780255143087002
23.87271 0.010362793548634256
23.87392 0.008945331954181512
23.87513 0.0075661801325518155
23.87633 0.006187028310922116
23.87754 0.004827031375703943
23.87875 0.003505344213308815
23.87995 0.0022028119373252116
23.88116 0.0009194345477531319
23.88237 -0.0003064781825843773
23.88357 -0.001513236026510363
23.88478 -0.0026816840976133013
23.88599 -0.003792667509481669
23.8872 -0.00486534114852699
23.8884 -0.0058997050147492625
23.88961 -0.006857449335325442
23.89082 -0.007776883883078574
23.89202 -0.008638853771597135
23.89323 -0.0094242041144696
23.89444 -0.010190399570930545
23.89564 -0.010975749913803012
23.89685 -0.011741945370263955
23.89806 -0.012527295713136422
23.89926 -0.013312646056008888
23.90047 -0.014097996398881357
23.90168 -0.014883346741753822
23.90288 -0.015668697084626287
23.90409 -0.016454047427498758
23.9053 -0.017220242883959697
23.9065 -0.017986438340420643
23.90771 -0.018752633796881586
23.90892 -0.019480519480519484
23.91012 -0.020227560050568902
23.91133 -0.020936290847795275
23.91254 -0.021625866758610123
23.91375 -0.02231544266942497
23.91495 -0.0229858636938283
23.91616 -0.023617974945408578
23.91737 -0.02423093131057733
23.91857 -0.024824732789334558
23.91978 -0.025399379381680267
23.92099 -0.025935716201202927
23.92219 -0.026452898134314062
23.9234 -0.026931770294602152
23.92461 -0.027372332682067197
23.92581 -0.027774585296709193
23.92702 -0.028157683024939664
23.92823 -0.028483316093935562
23.92943 -0.028789794276519943
23.93064 -0.029038807799869747
23.93185 -0.02924951155039651
23.93305 -0.029402750641688697
23.93426 -0.029517679960157837
23.93547 -0.029594299505803934
23.93667 -0.029613454392215455
23.93788 -0.02957514461939241
23.93909 -0.029498525073746316
23.9403 -0.029364440868865648
23.9415 -0.02915373711833889
23.94271 -0.028904723594989083
23.94392 -0.02859824541240471
23.94512 -0.028215147684174234
23.94633 -0.027774585296709193
23.94754 -0.02727655825000958
23.94874 -0.02670191165766387
23.94995 -0.02605064551967207
23.95116 -0.025322759836034176
23.95236 -0.024518254606750185
23.95357 -0.0236371298318201
23.95478 -0.022698540397655443
23.95598 -0.021702486304256217
23.95719 -0.020610657778799373
23.9584 -0.019480519480519484
23.9596 -0.018292916523005017
23.96081 -0.017028694019844463
23.96202 -0.01572616174386086
23.96322 -0.014366164808642685
23.96443 -0.012967858100601463
23.96564 -0.011512086733325672
23.96685 -0.00999885070681531
23.96805 -0.008466459793893424
23.96926 -0.006876604221736965
23.97047 -0.005267593763168985
23.97167 -0.003601118645366433
23.97288 -0.0019154886411523581
23.97409 -0.00021070375052675939
23.97529 0.0015323909129218865
23.9765 0.003294640462782056
23.97771 0.005095199785465273
23.97891 0.006895759108148489
23.98012 0.00871547331724323
23.98133 0.010554342412749494
23.98253 0.012412366394667279
23.98374 0.014270390376585068
23.98495 0.016147569244914377
23.98615 0.018005593226832168
23.98736 0.019882772095161476
23.98857 0.021759950963490787
23.98977 0.0236371298318201
23.99098 0.025495153813737886
23.99219 0.027353177795655673
23.9934 0.02921120177757346
23.9946 0.031030915986668198
23.99581 0.03285063019576294
23.99702 0.03465118951844615
23.99822 0.036432593954717846
23.99943 0.03819484350457802
24.00064 0.03993793816802667
24.00184 0.04164272305865226
24.00305 0.043309198176454816
24.00426 0.04495651840784585
24.00546 0.046622993525648394
24.00667 0.04832777841627399
24.00788 0.05005171819331112
24.00908 0.05181396774317129
24.01029 0.053595372179442984
24.0115 0.0553959315021262
24.0127 0.05721564571122094
24.01391 0.0590545148067272
24.01512 0.06091253878864499
24.01632 0.06278971765697429
24.01753 0.06468605141171513
24.01874 0.06658238516645597
24.01995 0.06849787380760833
24.02115 0.07041336244876069
24.02236 0.07232885108991305
24.02357 0.07426349461747692
24.02477 0.07619813814504081
24.02598 0.07813278167260469
24.02719 0.08004827031375704
24.02839 0.08198291384132092
24.0296 0.08389840248247328
24.03081 0.08581389112362564
24.03201 0.08771022487836647
24.03322 0.08958740374669578
24.03443 0.0914645826150251
24.03563 0.09332260659694289
24.03684 0.09516147569244915
24.03805 0.09698118990154389
24.03925 0.0987817492242271
24.04046 0.1005631536604988
24.04167 0.10230624832394744
24.04287 0.10403018810098456
24.04408 0.10573497299161017
24.04529 0.10740144810941273
24.0465 0.10902961345439222
24.0477 0.11061946902654868
24.04891 0.11217101482588208
24.05012 0.11370340573880398
24.05132 0.11517833199249129
24.05253 0.11661494847335556
24.05374 0.11799410029498526
24.05494 0.11935409723020343
24.05615 0.1206374746197755
24.05736 0.12188254223652456
24.05856 0.12307014519403901
24.05977 0.12421943837873044
24.06098 0.12529211201777574
24.06218 0.126326475883998
24.06339 0.12730337509098572
24.0646 0.12822280963873886
24.0658 0.12910393441366894
24.06701 0.12992759452936445
24.06822 0.13071294487223692
24.06942 0.1314408305558748
24.07063 0.13214956135310119
24.07184 0.1328199823775045
24.07305 0.13343293874267326
24.07425 0.1340267402214305
24.07546 0.13458223192736468
24.07667 0.13511856874688735
24.07787 0.13561659579358695
24.07908 0.13607631306746354
24.08029 0.13653603034134007
24.08149 0.1369574378423936
24.0827 0.13735969045703558
24.08391 0.13776194307167758
24.08511 0.13812588591349653
24.08632 0.13848982875531549
24.08753 0.13883461671072292
24.08873 0.13916024977971883
24.08994 0.13948588284871472
24.09115 0.13981151591771063
24.09235 0.14011799410029502
24.09356 0.14044362716929087
24.09477 0.14075010535187527
24.09598 0.14105658353445966
24.09718 0.14138221660345554
24.09839 0.14170784967245145
24.0996 0.14203348274144734
24.1008 0.14237827069685477
24.10201 0.14274221353867372
24.10322 0.14310615638049268
24.10442 0.14348925410872315
24.10563 0.14389150672336515
24.10684 0.14431291422441866
24.10804 0.1447534766118837
24.10925 0.14523234877217178
24.11046 0.1457112209324599
24.11166 0.14624755775198253
24.11287 0.1467838945715052
24.11408 0.1473776960502624
24.11528 0.1479906524154312
24.11649 0.14862276366701146
24.1177 0.14925487491859174
24.1189 0.1498678312837605
24.12011 0.15046163276251773
24.12132 0.15107458912768648
24.12253 0.1516492357200322
24.12373 0.1522430371987894
24.12494 0.15281768379113514
24.12615 0.15341148526989234
24.12735 0.15398613186223808
24.12856 0.15456077845458377
24.12977 0.15513542504692948
24.13097 0.1557100716392752
24.13218 0.15628471823162088
24.13339 0.15687851971037814
24.13459 0.15745316630272382
24.1358 0.15804696778148106
24.13701 0.1586599241466498
24.13821 0.15925372562540707
24.13942 0.15986668199057583
24.14063 0.1604987932421561
24.14183 0.16113090449373635
24.14304 0.16178217063172814
24.14425 0.1624525916561315
24.14545 0.1631230126805348
24.14666 0.16381258859134967
24.14787 0.16452131938857603
24.14908 0.16524920507221394
24.15028 0.16597709075585185
24.15149 0.16674328621231277
24.1527 0.16752863655518524
24.1539 0.16833314178446923
24.15511 0.16915680190016474
24.15632 0.17001877178868333
24.15752 0.17089989656361337
24.15873 0.171800176224955
24.15994 0.17271961077270812
24.16114 0.1736773550932843
24.16235 0.17467340918668353
24.16356 0.17568861816649428
24.16476 0.1767421369191281
24.16597 0.17783396544458493
24.16718 0.1789449488564533
24.16838 0.18009424204114471
24.16959 0.18128184499865918
24.1708 0.1825077577289967
24.172 0.18377198023215724
24.17321 0.18507451250814083
24.17442 0.18645366432977054
24.17563 0.1878902808106348
24.17683 0.18936520706432214
24.17804 0.19091675286365553
24.17925 0.19248745354940044
24.18045 0.19411561889437998
24.18166 0.19578209401218252
24.18287 0.19750603378921963
24.18407 0.1992491284526683
24.18528 0.20103053288894
24.18649 0.2028502470980347
24.18769 0.20470827107995251
24.1889 0.20658544994828182
24.19011 0.20848178370302267
24.19131 0.210397272344175
24.19252 0.2123510707581504
24.19373 0.21430486917212582
24.19493 0.21627782247251273
24.19614 0.2182699306593112
24.19735 0.2202811937325212
24.19855 0.22227330191931963
24.19976 0.2242845649925296
24.20097 0.22629582806573958
24.20218 0.22830709113894956
24.20338 0.23031835421215954
24.20459 0.2323296172853695
24.2058 0.23432172547216795
24.207 0.2363138336589664
24.20821 0.23828678695935335
24.20942 0.24024058537332876
24.21062 0.24219438378730415
24.21183 0.2441098724284565
24.21304 0.24600620618319732
24.21424 0.24788338505152666
24.21545 0.24972225414703295
24.21666 0.25152281346971617
24.21786 0.25330421790598784
24.21907 0.25504731256943647
24.22028 0.25677125234647363
24.22148 0.2584377274642762
24.22269 0.2600467379228441
24.2239 0.26163659349500057
24.2251 0.2631689844079225
24.22631 0.2646439106616098
24.22752 0.2660613722560625
24.22873 0.2674405240776922
24.22993 0.2688005210129104
24.23114 0.27017967283454014
24.23235 0.2715396697697583
24.23355 0.2728996667049765
24.23476 0.2742405087537831
24.23597 0.2755813508025898
24.23717 0.2769221928513964
24.23838 0.2782438800137915
24.23959 0.27956556717618664
24.24079 0.2808680994521703
24.242 0.2821706317281539
24.24321 0.28345400911772595
24.24441 0.2847182316208865
24.24562 0.28598245412404705
24.24683 0.28720836685438456
24.24803 0.28843427958472206
24.24924 0.28962188254223653
24.25045 0.290809485499751
24.25165 0.29197793357085394
24.25286 0.2931080718691338
24.25407 0.2942382101674137
24.25528 0.2953300386928706
24.25648 0.2963835574455044
24.25769 0.29743707619813814
24.2589 0.2984522851779489
24.2601 0.2994291843849366
24.26131 0.30038692870551276
24.26252 0.30132551813967745
24.26372 0.30222579780101905
24.26493 0.30308776768953766
24.26614 0.3039114278052331
24.26734 0.3047159330345171
24.26855 0.3054821284909781
24.26976 0.30621001417461596
24.27096 0.30689959008543083
24.27217 0.30755085622342265
24.27338 0.30814465770217986
24.27458 0.30871930429452554
24.27579 0.30925564111404824
24.277 0.3097345132743363
24.2782 0.3101750756618013
24.27941 0.31057732827644335
24.28062 0.31092211623185073
24.28183 0.3112285944144352
24.28303 0.31149676282419647
24.28424 0.31168831168831174
24.28545 0.3118607056660154
24.28665 0.31195648009807303
24.28786 0.31199478987089607
24.28907 0.31197563498448455
24.29027 0.31191817032525
24.29148 0.31178408612036934
24.29269 0.3116308470290771
24.29389 0.3114009883921388
24.2951 0.3111328199823775
24.29631 0.3108263417997931
24.29751 0.31046239895797423
24.29872 0.31006014634333223
24.29993 0.30963873884227866
24.30113 0.3091598666819906
24.30234 0.30864268474887946
24.30355 0.3080871930429453
24.30476 0.30749339156418803
24.30596 0.30688043519901925
24.30717 0.3062291690610275
24.30838 0.30555874803662414
24.30958 0.3048500172393978
24.31079 0.3041029766693484
24.312 0.30335593609929895
24.3132 0.3025705857564265
24.31441 0.30176608052714254
24.31562 0.300942420411447
24.31682 0.30009960540933994
24.31803 0.2992567904072329
24.31924 0.2983756656323028
24.32044 0.29749454085737276
24.32165 0.29659426119603116
24.32286 0.2956939815346895
24.32406 0.2947745469869364
24.32527 0.2938551124391832
24.32648 0.29293567789143016
24.32768 0.29199708845726546
24.32889 0.29107765390951235
24.3301 0.29013906447534765
24.33131 0.2892196299275946
24.33251 0.2882810404934299
24.33372 0.2873616059456767
24.33493 0.28644217139792366
24.33613 0.285541891736582
24.33734 0.2846224571888289
24.33855 0.2837413324138988
24.33975 0.2828602076389687
24.34096 0.28199823775045013
24.34217 0.2811554227483431
24.34337 0.28029345285982454
24.34458 0.27939317319848295
24.34579 0.2784545837643183
24.34699 0.2774968394437421
24.3482 0.2765199402367544
24.34941 0.2755047312569437
24.35061 0.27445121250430987
24.35182 0.27339769375167605
24.35303 0.2723250201126307
24.35423 0.2712140367007624
24.35544 0.270103053288894
24.35665 0.2689729149906141
24.35786 0.26782362180592273
24.35906 0.2666551737348198
24.36027 0.26548672566371684
24.36148 0.26429912270620237
24.36268 0.2631115197486879
24.36389 0.26192391679117344
24.3651 0.26071715894724745
24.3663 0.25951040110332146
24.36751 0.2583036432593955
24.36872 0.257116040301881
24.36992 0.255909282457955
24.37113 0.25472167950044056
24.37234 0.25353407654292615
24.37354 0.2523464735854116
24.37475 0.25117802551430873
24.37596 0.2500095774432058
24.37716 0.24886028425851436
24.37837 0.24773014596023446
24.37958 0.24660000766195456
24.38078 0.24550817913649775
24.38199 0.24441635061104086
24.3832 0.2433628318584071
24.38441 0.2423093131057733
24.38561 0.24129410412596256
24.38682 0.24029805003256333
24.38803 0.23934030571198714
24.38923 0.2384017162778225
24.39044 0.23750143661648088
24.39165 0.23663946672796232
24.39285 0.2357966517258553
24.39406 0.2349921464965713
24.39527 0.23422595104011035
24.39647 0.23349806535647244
24.39768 0.23282764433206912
24.39889 0.23217637819407733
24.40009 0.23156342182890857
24.4013 0.23095046546373982
24.40251 0.23033750909857106
24.40371 0.22972455273340228
24.40492 0.22911159636823353
24.40613 0.22849864000306477
24.40733 0.22788568363789605
24.40854 0.2272727272727273
24.40975 0.22667892579397006
24.41096 0.22608512431521283
24.41216 0.22551047772286711
24.41337 0.22493583113052143
24.41458 0.2243803394245872
24.41578 0.22382484771865305
24.41699 0.2233076657855419
24.4182 0.22279048385243075
24.4194 0.22229245680573115
24.42061 0.22181358464544307
24.42182 0.22135386737156648
24.42302 0.22093245987051296
24.42423 0.22051105236945948
24.42544 0.22012795464122897
24.42664 0.21976401179941005
24.42785 0.21943837873041414
24.42906 0.21913190054782977
24.43026 0.21886373213806842
24.43147 0.21861471861471862
24.43268 0.2184231697506034
24.43388 0.21825077577289967
24.43509 0.2180975366816075
24.4363 0.21800176224954987
24.43751 0.2179442975903153
24.43871 0.21792514270390378
24.43992 0.2179442975903153
24.44113 0.21800176224954987
24.44233 0.21811669156801902
24.44354 0.2182699306593112
24.44475 0.21846147952342643
24.44595 0.21871049304677626
24.44716 0.21901697122936062
24.44837 0.21936175918476805
24.44957 0.21976401179941005
24.45078 0.2202237290732866
24.45199 0.22074091100639773
24.45319 0.22131555759874347
24.4544 0.22194766885032374
24.45561 0.22263724476113858
24.45681 0.223384285331188
24.45802 0.224188790560472
24.45923 0.22506991533540205
24.46043 0.22600850476956671
24.46164 0.22700455886296597
24.46285 0.22805807761559976
24.46406 0.22916906102746812
24.46526 0.23033750909857106
24.46647 0.23156342182890857
24.46768 0.23282764433206912
24.46888 0.23414933149446426
24.47009 0.23552848331609394
24.4713 0.2369459449105467
24.4725 0.238420871164234
24.47371 0.2399341071907444
24.47492 0.24148565299007776
24.47612 0.24307550856223425
24.47733 0.24472282879362528
24.47854 0.2463893039114278
24.47974 0.24809408880205341
24.48095 0.24983718346550204
24.48216 0.25161858790177377
24.48336 0.25343830211086854
24.48457 0.2552771712063748
24.48578 0.25713519518829253
24.48698 0.2590315289430334
24.48819 0.2609661724705973
24.4894 0.2629008159981612
24.49061 0.26487376929854806
24.49181 0.2668658774853465
24.49302 0.26885798567214503
24.49423 0.2708884036317665
24.49543 0.2729379764777995
24.49664 0.2749875493238325
24.49785 0.27705627705627706
24.49905 0.2791441596751331
24.50026 0.28123204229398924
24.50147 0.2833199249128453
24.50267 0.2854269624181129
24.50388 0.28753399992338047
24.50509 0.2896410374286481
24.50629 0.2917672298203272
24.5075 0.2938742673255948
24.50871 0.2960004597172739
24.50991 0.2981074972225415
24.51112 0.3002145347278091
24.51233 0.30232157223307665
24.51354 0.30440945485193277
24.51474 0.30649733747078883
24.51595 0.30862352986246794
24.51716 0.3108454966862047
24.51836 0.3131440830555875
24.51957 0.31551928897061643
24.52078 0.3179519595448799
24.52198 0.3204612496647895
24.52319 0.3230280044439337
24.5244 0.3256330689959009
24.5256 0.32829559820710263
24.52681 0.331015592077539
24.52802 0.33377389572079835
24.52922 0.33657050913688086
24.53043 0.33938627743937483
24.53164 0.3422403555146918
24.53284 0.3451135884764204
24.53405 0.34800597632456043
24.53526 0.3508983641727005
24.53646 0.3538290617936636
24.53767 0.35674060452821515
24.53888 0.3596521472627668
24.54009 0.3625828448837299
24.54129 0.36547523273186994
24.5425 0.3683867754664215
24.54371 0.37126000842815005
24.54491 0.37411408650346706
24.54612 0.37692985480596103
24.54733 0.3797264682220435
24.54853 0.38248477186530283
24.54974 0.3852047657357392
24.55095 0.3878864498333525
24.55215 0.3905106692717312
24.55336 0.39309657893728694
24.55457 0.3956058690571965
24.55577 0.39805769451787154
24.55698 0.4004329004329005
24.55819 0.4027506416886948
24.55939 0.4049917633988431
24.5606 0.4071371106769337
24.56181 0.40920583840937824
24.56301 0.4111979465961767
24.56422 0.41307512546450603
24.56543 0.4148756847871892
24.56664 0.4165613147914033
24.56784 0.4181320154771483
24.56905 0.41960694173083557
24.57026 0.42094778377964226
24.57146 0.42217369650997977
24.57267 0.4232846799218481
24.57388 0.4242998889016589
24.57508 0.4252384783358235
24.57629 0.4261387579971651
24.5775 0.42696241811286056
24.5787 0.4277477684557331
24.57991 0.4284564992529594
24.58112 0.42910776539095125
24.58232 0.4297015668697085
24.58353 0.43023790368923115
24.58474 0.43071677584951923
24.58594 0.43113818335057275
24.58715 0.4315021261923917
24.58836 0.4318086043749761
24.58956 0.4320576178983259
24.59077 0.43224916676244113
24.59198 0.4323832509673218
24.59319 0.43245987051296786
24.59439 0.43245987051296786
24.5956 0.4324215607401449
24.59681 0.43232578630808727
24.59801 0.432172547216795
24.59922 0.43196184346626826
24.60043 0.4317128299429185
24.60163 0.4313871968739226
24.60284 0.43100409914569204
24.60405 0.43056353675822706
24.60525 0.430084664597939
24.60646 0.42952917289200476
24.60767 0.4289353714132475
24.60887 0.4282841052752558
24.61008 0.4275753744780294
24.61129 0.4268091790215684
24.61249 0.42598551890587294
24.6137 0.4251043941309428
24.61491 0.4241849595831897
24.61611 0.42318890548979043
24.61732 0.4221545416235682
24.61853 0.42106271309811133
24.61974 0.41991341991341996
24.62094 0.41872581695590544
24.62215 0.4174615944527449
24.62336 0.41615906217676135
24.62456 0.41479906524154314
24.62577 0.41340075853350194
24.62698 0.4119258322798146
24.62818 0.41041259625330423
24.62939 0.4088418955675593
24.6306 0.4072137302225798
24.6318 0.4055281002183658
24.63301 0.4037275408956825
24.63422 0.4018120522545302
24.63542 0.39978163429490865
24.63663 0.39765544190322955
24.63784 0.39541432019308126
24.63904 0.3930774240508754
24.64025 0.3906639083630234
24.64146 0.38813546335670235
24.64266 0.38554955369114663
24.64387 0.38286786959353336
24.64508 0.38010956595027395
24.64629 0.37727464276136846
24.64749 0.3743822549132284
24.6487 0.3714132475194422
24.64991 0.3683867754664215
24.65111 0.3653028387541662
24.65232 0.3621614373826763
24.65353 0.35898172623836344
24.65473 0.3557637053212275
24.65594 0.35250737463126847
24.65715 0.34919357928207484
24.65835 0.34586062904646975
24.65956 0.34250852392445313
24.66077 0.3391181090296135
24.66197 0.3357276941347738
24.66318 0.33229896946711107
24.66439 0.3288702447994484
24.66559 0.3254415201317856
24.6668 0.3219936405777114
24.66801 0.3185649159100487
24.66921 0.31513619124238595
24.67042 0.31170746657472326
24.67163 0.308297896793472
24.67284 0.3049074818986323
24.67404 0.30153622189020424
24.67525 0.29818411676818757
24.67646 0.294870321418994
24.67766 0.29159483584262347
24.67887 0.28833850515266446
24.68008 0.28513963912194
24.68128 0.28197908286403867
24.68249 0.2788759912653718
24.6837 0.27583036432593955
24.6849 0.27282304715933037
24.68611 0.26989234953836727
24.68732 0.26703827146305026
24.68852 0.26424165804696775
24.68973 0.2615216641765315
24.69094 0.2588208251925066
24.69214 0.2561199862084818
24.69335 0.25341914722445696
24.69456 0.2507183082404322
24.69576 0.24801746925640736
24.69697 0.245297475385971
24.69818 0.24259663640194618
24.69939 0.2398766425315098
24.70059 0.23717580354748496
24.7018 0.23447496456346018
24.70301 0.23177412557943533
24.70421 0.2290732865954105
24.70542 0.22639160249779722
24.70663 0.22370991840018392
24.70783 0.22104738918898212
24.70904 0.21838485997778034
24.71025 0.2157414856529901
24.71145 0.21311726621461136
24.71266 0.21049304677623262
24.71387 0.20788798222426544
24.71507 0.20530207255870975
24.71628 0.20273531777956558
24.71749 0.20018771788683296
24.71869 0.19765927288051183
24.7199 0.19514998276060225
24.72111 0.1926598475271042
24.72232 0.19020802206642914
24.72352 0.18777535149216568
24.72473 0.18536183580431367
24.72594 0.18298662988928477
24.72714 0.18063057886066736
24.72835 0.1782936827184615
24.72956 0.1760142512354902
24.73076 0.1737348197525189
24.73197 0.17151285292878213
24.73318 0.16932919587786846
24.73438 0.16716469371336629
24.73559 0.16503850132168718
24.7368 0.16296977358924264
24.738 0.16092020074320962
24.73921 0.15890893766999964
24.74042 0.15695513925602422
24.74162 0.15503965061487185
24.74283 0.15316247174654257
24.74404 0.15132360265103628
24.74524 0.1495421982147646
24.74645 0.14781825843772747
24.74766 0.14613262843351338
24.74887 0.14448530820212235
24.75007 0.14289545262996592
24.75128 0.14136306171704405
24.75249 0.1398689805769452
24.75369 0.13843236409608092
24.7549 0.1370340573880397
24.75611 0.13569321533923304
24.75731 0.13439068306324944
24.75852 0.1331264605600889
24.75973 0.13190054782975139
24.76093 0.13071294487223692
24.76214 0.12956365168754552
24.76335 0.12847182316208866
24.76455 0.12739914952304335
24.76576 0.12636478565682108
24.76697 0.1253495766770103
24.76817 0.12439183235643413
24.76938 0.12345324292226946
24.77059 0.12253380837451634
24.77179 0.12165268359958625
24.773 0.12080986859747922
24.77421 0.11998620848178371
24.77542 0.11918170325249972
24.77662 0.11841550779603878
24.77783 0.11764931233957784
24.77904 0.11692142665593994
24.78024 0.11621269585871356
24.78145 0.11552311994789873
24.78266 0.1148526989234954
24.78386 0.11418227789909208
24.78507 0.11355016664751179
24.78628 0.11291805539593151
24.78748 0.11230509903076276
24.78869 0.111692142665594
24.7899 0.11109834118683677
24.7911 0.11052369459449106
24.79231 0.10994904800214535
24.79352 0.10937440140979965
24.79472 0.10881890970386546
24.79593 0.10826341799793128
24.79714 0.1077079262919971
24.79834 0.10715243458606291
24.79955 0.10659694288012872
24.80076 0.10604145117419454
24.80197 0.10548595946826037
24.80317 0.10493046776232617
24.80438 0.10437497605639198
24.80559 0.1038194843504578
24.80679 0.1032448377581121
24.808 0.1026701911657664
24.80921 0.10209554457342068
24.81041 0.1015400528674865
24.81162 0.10102287093437537
24.81283 0.10050568900126423
24.81403 0.10002681684097614
24.81524 0.09954794468068806
24.81645 0.09910738229322301
24.81765 0.09866681990575797
24.81886 0.09824541240470445
24.82007 0.09784315979006245
24.82127 0.09746006206183198
24.82248 0.09707696433360151
24.82369 0.09673217637819409
24.82489 0.09636823353637514
24.8261 0.09604260046737922
24.82731 0.09571696739838334
24.82852 0.09541048921579896
24.82972 0.09510401103321457
24.83093 0.09481668773704173
24.83214 0.09452936444086887
24.83334 0.09426119603110754
24.83455 0.09399302762134622
24.83576 0.0937440140979964
24.83696 0.0934950005746466
24.83817 0.09324598705129679
24.83938 0.09301612841435851
24.84058 0.09278626977742022
24.84179 0.09255641114048195
24.843 0.09232655250354366
24.8442 0.09209669386660538
24.84541 0.09188599011607862
24.84662 0.09167528636555186
24.84782 0.09144542772861357
24.84903 0.09123472397808681
24.85024 0.09102402022756005
24.85144 0.09081331647703329
24.85265 0.09058345784009501
24.85386 0.09037275408956826
24.85507 0.09014289545262996
24.85627 0.0899321917021032
24.85748 0.08970233306516492
24.85869 0.08947247442822664
24.85989 0.08922346090487684
24.8611 0.08897444738152703
24.86231 0.08872543385817723
24.86351 0.08847642033482743
24.86472 0.0882082519250661
24.86593 0.08794008351530476
24.86713 0.0876527602191319
24.86834 0.08736543692295905
24.86955 0.0870781136267862
24.87075 0.08679079033061335
24.87196 0.08648431214802897
24.87317 0.08619698885185612
24.87437 0.08589051066927174
24.87558 0.08558403248668735
24.87679 0.08527755430410297
24.87799 0.0849710761215186
24.8792 0.08466459793893423
24.88041 0.08433896486993833
24.88162 0.08403248668735394
24.88282 0.08372600850476956
24.88403 0.08341953032218519
24.88524 0.0830938972531893
24.88644 0.08278741907060493
24.88765 0.08248094088802053
24.88886 0.08215530781902464
24.89006 0.08184882963644026
24.89127 0.08154235145385588
24.89248 0.08123587327127152
24.89368 0.08094854997509865
24.89489 0.08064207179251427
24.8961 0.0803355936099299
24.8973 0.08004827031375704
24.89851 0.0797609470175842
24.89972 0.07945446883499982
24.90092 0.07918630042523848
24.90213 0.07889897712906563
24.90334 0.07861165383289277
24.90454 0.07834348542313144
24.90575 0.07807531701337012
24.90696 0.0778263034900203
24.90817 0.07755813508025898
24.90937 0.07730912155690917
24.91058 0.07706010803355937
24.91179 0.07683024939662109
24.91299 0.0766003907596828
24.9142 0.07637053212274453
24.91541 0.07615982837221776
24.91661 0.075949124621691
24.91782 0.07573842087116424
24.91903 0.075546872007049
24.92023 0.07535532314293376
24.92144 0.07518292916523006
24.92265 0.07501053518752634
24.92385 0.07485729609623415
24.92506 0.07470405700494197
24.92627 0.0745699728000613
24.92747 0.07443588859518063
24.92868 0.07430180439029997
24.92989 0.07418687507183083
24.93109 0.07407194575336169
24.9323 0.07397617132130407
24.93351 0.07386124200283492
24.93472 0.07376546757077732
24.93592 0.0736696931387197
24.93713 0.0735930735930736
24.93834 0.0735164540474275
24.93954 0.0734398345017814
24.94075 0.07336321495613532
24.94196 0.07330575029690074
24.94316 0.07324828563766618
24.94437 0.0731908209784316
24.94558 0.07313335631919703
24.94678 0.07309504654637398
24.94799 0.07305673677355094
24.9492 0.07301842700072789
24.9504 0.07299927211431637
24.95161 0.07298011722790484
24.95282 0.07296096234149332
24.95402 0.0729418074550818
24.95523 0.0729418074550818
24.95644 0.0729418074550818
24.95765 0.07296096234149332
24.95885 0.07296096234149332
24.96006 0.07298011722790484
24.96127 0.07299927211431637
24.96247 0.07303758188713941
24.96368 0.07307589165996246
24.96489 0.07311420143278552
24.96609 0.07315251120560856
24.9673 0.07320997586484312
24.96851 0.07324828563766618
24.96971 0.07332490518331226
24.97092 0.07338236984254683
24.97213 0.07345898938819294
24.97333 0.07353560893383902
24.97454 0.07361222847948512
24.97575 0.07370800291154274
24.97695 0.07380377734360036
24.97816 0.07389955177565798
24.97937 0.07401448109412712
24.98057 0.07412941041259626
24.98178 0.07424433973106541
24.98299 0.07435926904953453
24.9842 0.07449335325441521
24.9854 0.07462743745929587
24.98661 0.07476152166417654
24.98782 0.07491476075546873
24.98902 0.07506799984676092
24.99023 0.07524039382446462
24.99144 0.07541278780216834
24.99264 0.07560433666628356
24.99385 0.07579588553039882
24.99506 0.07600658928092557
24.99626 0.07621729303145233
24.99747 0.07642799678197908
24.99868 0.07665785541891737
24.99988 0.07690686894226717
25.00109 0.07715588246561698
25.0023 0.0774048959889668
25.0035 0.0776539095123166
25.00471 0.07792207792207793
25.00592 0.07819024633183926
25.00712 0.07847756962801211
25.00833 0.07876489292418495
25.00954 0.07905221622035782
25.01075 0.07933953951653067
25.01195 0.07964601769911504
25.01316 0.07993334099528791
25.01437 0.08023981917787228
25.01557 0.08056545224686817
25.01678 0.08087193042945257
25.01799 0.08117840861203694
25.01919 0.08150404168103283
25.0204 0.08182967475002874
25.02161 0.08215530781902464
25.02281 0.08246178600160901
25.02402 0.08278741907060493
25.02523 0.08313220702601234
25.02643 0.08345784009500824
25.02764 0.08378347316400414
25.02885 0.08410910623300004
25.03005 0.08443473930199595
25.03126 0.08476037237099183
25.03247 0.08508600543998775
25.03367 0.08541163850898364
25.03488 0.08573727157797956
25.03609 0.08604374976056393
25.0373 0.08636938282955982
25.0385 0.08669501589855573
25.03971 0.08700149408114011
25.04092 0.08730797226372448
25.04212 0.08761445044630886
25.04333 0.08792092862889324
25.04454 0.0882082519250661
25.04574 0.08851473010765047
25.04695 0.08880205340382331
25.04816 0.08908937669999618
25.04936 0.08937669999616903
25.05057 0.08966402329234188
25.05178 0.08997050147492626
25.05298 0.09025782477109912
25.05419 0.09056430295368349
25.0554 0.09087078113626787
25.0566 0.09117725931885225
25.05781 0.09150289238784814
25.05902 0.09180937057043252
25.06022 0.09213500363942842
25.06143 0.0924414818220128
25.06264 0.09276711489100871
25.06385 0.0930927479600046
25.06505 0.09339922614258897
25.06626 0.09372485921158488
25.06747 0.09405049228058078
25.06867 0.09437612534957668
25.06988 0.09470175841857258
25.07109 0.09502739148756849
25.07229 0.09533386967015287
25.0735 0.09565950273914876
25.07471 0.09598513580814466
25.07591 0.09629161399072904
25.07712 0.09661724705972494
25.07833 0.09692372524230931
25.07953 0.09724935831130523
25.08074 0.0975558364938896
25.08195 0.09786231467647398
25.08315 0.09816879285905834
25.08436 0.09845611615523121
25.08557 0.09876259433781559
25.08677 0.09904991763398843
25.08798 0.0993372409301613
25.08919 0.09962456422633414
25.0904 0.09991188752250699
25.0916 0.10018005593226832
25.09281 0.10044822434202966
25.09402 0.10071639275179099
25.09522 0.10098456116155233
25.09643 0.10123357468490213
25.09764 0.10148258820825193
25.09884 0.10171244684519022
25.10005 0.10196146036854002
25.10126 0.10217216411906678
25.10246 0.10240202275600506
25.10367 0.10261272650653182
25.10488 0.10282343025705858
25.10608 0.10301497912117381
25.10729 0.10320652798528905
25.1085 0.10337892196299275
25.1097 0.10355131594069647
25.11091 0.10372370991840019
25.11212 0.10389610389610389
25.11332 0.10406849787380762
25.11453 0.10424089185151134
25.11574 0.10439413094280352
25.11695 0.10456652492050723
25.11815 0.10471976401179943
25.11936 0.10487300310309161
25.12057 0.10502624219438379
25.12177 0.10516032639926445
25.12298 0.10531356549055665
25.12419 0.10544764969543731
25.12539 0.10558173390031798
25.1266 0.10571581810519864
25.12781 0.10583074742366778
25.12901 0.10596483162854844
25.13022 0.10607976094701758
25.13143 0.10619469026548674
25.13263 0.10630961958395588
25.13384 0.1064053940160135
25.13505 0.1065011684480711
25.13625 0.10659694288012872
25.13746 0.10669271731218634
25.13867 0.10676933685783244
25.13987 0.10686511128989006
25.14108 0.10692257594912463
25.14229 0.10699919549477072
25.1435 0.10705666015400529
25.1447 0.10711412481323986
25.14591 0.10717158947247443
25.14712 0.10720989924529747
25.14832 0.10724820901812053
25.14953 0.10728651879094357
25.15074 0.10732482856376663
25.15194 0.10734398345017815
25.15315 0.10734398345017815
25.15436 0.10736313833658967
25.15556 0.10736313833658967
25.15677 0.10736313833658967
25.15798 0.10734398345017815
25.15918 0.10732482856376663
25.16039 0.10728651879094357
25.1616 0.10724820901812053
25.1628 0.10720989924529747
25.16401 0.10717158947247443
25.16522 0.10711412481323986
25.16643 0.10703750526759377
25.16763 0.10696088572194767
25.16884 0.10688426617630159
25.17005 0.10678849174424397
25.17125 0.10669271731218634
25.17246 0.10657778799371721
25.17367 0.10646285867524806
25.17487 0.10632877447036738
25.17608 0.10619469026548674
25.17729 0.10604145117419454
25.17849 0.10588821208290236
25.1797 0.10571581810519864
25.18091 0.10554342412749494
25.18211 0.10537103014979123
25.18332 0.10517948128567599
25.18453 0.10498793242156074
25.18573 0.10477722867103398
25.18694 0.10456652492050723
25.18815 0.10435582116998048
25.18935 0.10412596253304218
25.19056 0.10389610389610389
25.19177 0.10366624525916562
25.19298 0.10341723173581582
25.19418 0.10316821821246601
25.19539 0.1029192046891162
25.1966 0.10265103627935487
25.1978 0.10240202275600506
25.19901 0.10213385434624374
25.20022 0.1018656859364824
25.20142 0.10157836264030955
25.20263 0.10131019423054821
25.20384 0.10102287093437537
25.20504 0.10073554763820251
25.20625 0.10044822434202966
25.20746 0.10016090104585681
25.20866 0.09987357774968394
25.20987 0.09956709956709957
25.21108 0.09927977627092673
25.21228 0.09897329808834235
25.21349 0.09868597479216949
25.2147 0.09837949660958512
25.2159 0.09807301842700074
25.21711 0.09776654024441636
25.21832 0.0974792169482435
25.21953 0.09717273876565911
25.22073 0.09686626058307474
25.22194 0.09655978240049037
25.22315 0.096253304217906
25.22435 0.09596598092173314
25.22556 0.09565950273914876
25.22677 0.09537217944297591
25.22797 0.09506570126039153
25.22918 0.09477837796421869
25.23039 0.09447189978163431
25.23159 0.09418457648546144
25.2328 0.09387809830287706
25.23401 0.09357162012029269
25.23521 0.09326514193770831
25.23642 0.09293950886871241
25.23763 0.09261387579971651
25.23883 0.09228824273072062
25.24004 0.0919434547753132
25.24125 0.09161782170631728
25.24245 0.09127303375090987
25.24366 0.09090909090909093
25.24487 0.09056430295368349
25.24608 0.09020036011186454
25.24728 0.08985557215645712
25.24849 0.08949162931463817
25.2497 0.08912768647281923
25.2509 0.08876374363100027
25.25211 0.08839980078918132
25.25332 0.08801670306095084
25.25452 0.0876527602191319
25.25573 0.08728881737731296
25.25694 0.08690571964908249
25.25814 0.08654177680726353
25.25935 0.08615867907903306
25.26056 0.08579473623721412
25.26176 0.08543079339539517
25.26297 0.0850476956671647
25.26418 0.08468375282534575
25.26538 0.0843198099835268
25.26659 0.08395586714170786
25.2678 0.0835919242998889
25.269 0.08322798145806996
25.27021 0.08286403861625101
25.27142 0.08251925066084359
25.27263 0.08215530781902464
25.27383 0.0818105198636172
25.27504 0.08146573190820978
25.27625 0.08112094395280237
25.27745 0.08079531088380647
25.27866 0.08045052292839905
25.27987 0.08012488985940314
25.28107 0.07981841167681876
25.28228 0.07949277860782286
25.28349 0.07918630042523848
25.28469 0.07887982224265411
25.2859 0.07859249894648125
25.28711 0.07828602076389687
25.28831 0.07801785235413555
25.28952 0.07773052905796268
25.29073 0.07746236064820136
25.29193 0.07721334712485155
25.29314 0.07694517871509021
25.29435 0.07669616519174041
25.29555 0.07644715166839061
25.29676 0.07621729303145233
25.29797 0.07596827950810252
25.29918 0.07573842087116424
25.30038 0.07548940734781444
25.30159 0.07525954871087615
25.3028 0.07502969007393787
25.304 0.07479983143699959
25.30521 0.07458912768647283
25.30642 0.07435926904953453
25.30762 0.07414856529900779
25.30883 0.07393786154848103
25.31004 0.07372715779795427
25.31124 0.0735164540474275
25.31245 0.07330575029690074
25.31366 0.07311420143278552
25.31486 0.07290349768225875
25.31607 0.07271194881814351
25.31728 0.07252039995402827
25.31848 0.07232885108991305
25.31969 0.07215645711220933
25.3209 0.0719649082480941
25.3221 0.07179251427039038
25.32331 0.07162012029268666
25.32452 0.07144772631498296
25.32573 0.07127533233727924
25.32693 0.07110293835957553
25.32814 0.07094969926828333
25.32935 0.07079646017699115
25.33055 0.07062406619928745
25.33176 0.07048998199440677
25.33297 0.07033674290311459
25.33417 0.0701835038118224
25.33538 0.07004941960694173
25.33659 0.06991533540206106
25.33779 0.0697812511971804
25.339 0.06964716699229975
25.34021 0.06951308278741908
25.34141 0.06939815346894992
25.34262 0.06926406926406926
25.34383 0.06914913994560012
25.34503 0.06903421062713098
25.34624 0.06893843619507337
25.34745 0.06882350687660423
25.34865 0.06872773244454661
25.34986 0.06863195801248899
25.35107 0.06853618358043137
25.35228 0.06844040914837375
25.35348 0.06834463471631615
25.35469 0.06826801517067003
25.3559 0.06819139562502395
25.3571 0.06811477607937785
25.35831 0.06803815653373177
25.35952 0.06798069187449719
25.36072 0.06792322721526262
25.36193 0.06786576255602805
25.36314 0.067827452783205
25.36434 0.06778914301038196
25.36555 0.0677508332375589
25.36676 0.06771252346473586
25.36796 0.06769336857832434
25.36917 0.06767421369191282
25.37038 0.06765505880550128
25.37158 0.06763590391908976
25.37279 0.06761674903267824
25.374 0.06761674903267824
25.37521 0.06759759414626672
25.37641 0.06759759414626672
25.37762 0.06759759414626672
25.37883 0.06761674903267824
25.38003 0.06761674903267824
25.38124 0.06761674903267824
25.38245 0.06763590391908976
25.38365 0.06765505880550128
25.38486 0.06767421369191282
25.38607 0.06769336857832434
25.38727 0.06771252346473586
25.38848 0.06773167835114739
25.38969 0.0677508332375589
25.39089 0.06778914301038196
25.3921 0.06780829789679348
25.39331 0.067827452783205
25.39451 0.06786576255602805
25.39572 0.0679040723288511
25.39693 0.06792322721526262
25.39813 0.06796153698808566
25.39934 0.06798069187449719
25.40055 0.06801900164732023
25.40176 0.06805731142014328
25.40296 0.06807646630655481
25.40417 0.06811477607937785
25.40538 0.0681530858522009
25.40658 0.06817224073861242
25.40779 0.06821055051143547
25.409 0.068229705397847
25.4102 0.06826801517067003
25.41141 0.06828717005708157
25.41262 0.06830632494349309
25.41382 0.06834463471631615
25.41503 0.06836378960272765
25.41624 0.06838294448913919
25.41744 0.06840209937555071
25.41865 0.06842125426196223
25.41986 0.06845956403478529
25.42106 0.06849787380760833
25.42227 0.06853618358043137
25.42348 0.06857449335325441
25.42468 0.06861280312607747
25.42589 0.06865111289890051
25.4271 0.06870857755813509
25.42831 0.06874688733095813
25.42951 0.0688043519901927
25.43072 0.06884266176301575
25.43193 0.06890012642225032
25.43313 0.06895759108148489
25.43434 0.06901505574071946
25.43555 0.06907252039995404
25.43675 0.0691299850591886
25.43796 0.06918744971842317
25.43917 0.06924491437765774
25.44037 0.06932153392330384
25.44158 0.06937899858253842
25.44279 0.06943646324177298
25.44399 0.06949392790100756
25.4452 0.06955139256024212
25.44641 0.06960885721947668
25.44761 0.06966632187871126
25.44882 0.06972378653794584
25.45003 0.0697812511971804
25.45123 0.06983871585641498
25.45244 0.06989618051564955
25.45365 0.06995364517488412
25.45486 0.06999195494770717
25.45606 0.07004941960694173
25.45727 0.07010688426617631
25.45848 0.07014519403899935
25.45968 0.0701835038118224
25.46089 0.07022181358464544
25.4621 0.07026012335746849
25.4633 0.07029843313029155
25.46451 0.07033674290311459
25.46572 0.07035589778952611
25.46692 0.07037505267593763
25.46813 0.07041336244876069
25.46934 0.07041336244876069
25.47054 0.0704325173351722
25.47175 0.07045167222158373
25.47296 0.07045167222158373
25.47416 0.07045167222158373
25.47537 0.07045167222158373
25.47658 0.0704325173351722
25.47778 0.0704325173351722
25.47899 0.07041336244876069
25.4802 0.07039420756234915
25.48141 0.07037505267593763
25.48261 0.07033674290311459
25.48382 0.07031758801670307
25.48503 0.07027927824388001
25.48623 0.07026012335746849
25.48744 0.07022181358464544
25.48865 0.0701835038118224
25.48985 0.07014519403899935
25.49106 0.07010688426617631
25.49227 0.07004941960694173
25.49347 0.07001110983411869
25.49468 0.06995364517488412
25.49589 0.06991533540206106
25.49709 0.0698578707428265
25.4983 0.06980040608359193
25.49951 0.06974294142435736
25.50071 0.0696854767651228
25.50192 0.06962801210588822
25.50313 0.06955139256024212
25.50433 0.06949392790100756
25.50554 0.06941730835536146
25.50675 0.06935984369612688
25.50796 0.0692832241504808
25.50916 0.0692066046048347
25.51037 0.0691299850591886
25.51158 0.0690533655135425
25.51278 0.06897674596789642
25.51399 0.06888097153583879
25.5152 0.0688043519901927
25.5164 0.06870857755813509
25.51761 0.06863195801248899
25.51882 0.06853618358043137
25.52002 0.06844040914837375
25.52123 0.06834463471631615
25.52244 0.06824886028425853
25.52364 0.0681530858522009
25.52485 0.06805731142014328
25.52606 0.06796153698808566
25.52726 0.06784660766961652
25.52847 0.0677508332375589
25.52968 0.06763590391908976
25.53088 0.06752097460062062
25.53209 0.06740604528215148
25.5333 0.06729111596368234
25.53451 0.06717618664521319
25.53571 0.06706125732674406
25.53692 0.06694632800827492
25.53813 0.06683139868980577
25.53933 0.06669731448492511
25.54054 0.06658238516645597
25.54175 0.0664483009615753
25.54295 0.06631421675669463
25.54416 0.06618013255181397
25.54537 0.06602689346052179
25.54657 0.06589280925564112
25.54778 0.0657204152779374
25.54899 0.0655671761866452
25.55019 0.0653947822089415
25.5514 0.06522238823123779
25.55261 0.06504999425353407
25.55381 0.06487760027583037
25.55502 0.06468605141171513
25.55623 0.06451365743401143
25.55743 0.06432210856989619
25.55864 0.06413055970578095
25.55985 0.06393901084166571
25.56106 0.06372830709113896
25.56226 0.06353675822702372
25.56347 0.06332605447649696
25.56468 0.06313450561238172
25.56588 0.06292380186185496
25.56709 0.0627130981113282
25.5683 0.06252154924721297
25.5695 0.06231084549668622
25.57071 0.062100141746159444
25.57192 0.061889437995632686
25.57312 0.06167873424510593
25.57433 0.06148718538099069
25.57554 0.06127648163046393
25.57674 0.06106577787993717
25.57795 0.060855074129410415
25.57916 0.06066352526529518
25.58036 0.06047197640117995
25.58157 0.06026127265065319
25.58278 0.060069723786537944
25.58399 0.05987817492242272
25.58519 0.059686626058307476
25.5864 0.059495077194192246
25.58761 0.05932268321648853
25.58881 0.0591311343523733
25.59002 0.058958740374669576
25.59123 0.058786346396965866
25.59243 0.05863310730567368
25.59364 0.05846071332796997
25.59485 0.05830747423667778
25.59605 0.05815423514538559
25.59726 0.0580009960540934
25.59847 0.05786691184921274
25.59967 0.057732827644332074
25.60088 0.05759874343945141
25.60209 0.05748381412098226
25.60329 0.05736888480251313
25.6045 0.05725395548404398
25.60571 0.05715818105198636
25.60691 0.05706240661992875
25.60812 0.056947477301459604
25.60933 0.05685170286940199
25.61054 0.056736773550932845
25.61174 0.05664099911887523
25.61295 0.056545224686817615
25.61416 0.05644945025475999
25.61536 0.05633452093629085
25.61657 0.05623874650423324
25.61778 0.05614297207217561
25.61898 0.05606635252652952
25.62019 0.0559705780944719
25.6214 0.05587480366241429
25.6226 0.05579818411676819
25.62381 0.055702409684710574
25.62502 0.05562579013906448
25.62622 0.055549170593418386
25.62743 0.05547255104777229
25.62864 0.0553959315021262
25.62984 0.05533846684289162
25.63105 0.05526184729724553
25.63226 0.05520438263801096
25.63346 0.05514691797877639
25.63467 0.05508945331954182
25.63588 0.05503198866030724
25.63709 0.054974524001072674
25.63829 0.05493621422824963
25.6395 0.05489790445542658
25.64071 0.054859594682603534
25.64191 0.054821284909780485
25.64312 0.054802130023368964
25.64433 0.05478297513695744
25.64553 0.05476382025054592
25.64674 0.054744665364134394
25.64795 0.054744665364134394
25.64915 0.054744665364134394
25.65036 0.054744665364134394
25.65157 0.054744665364134394
25.65277 0.05476382025054592
25.65398 0.05478297513695744
25.65519 0.054802130023368964
25.65639 0.05484043979619201
25.6576 0.054878749569015055
25.65881 0.05491705934183811
25.66001 0.054974524001072674
25.66122 0.05503198866030724
25.66243 0.05508945331954182
25.66364 0.05516607286518791
25.66484 0.05524269241083401
25.66605 0.05533846684289162
25.66726 0.055434241274949246
25.66846 0.05553001570700686
25.66967 0.055644945025476004
25.67088 0.055759874343945144
25.67208 0.05589395854882581
25.67329 0.056047197640118
25.6745 0.05620043673141019
25.6757 0.0563728307091139
25.67691 0.056545224686817615
25.67812 0.056717618664521324
25.67932 0.05690916752863656
25.68053 0.05711987127916332
25.68174 0.05731142014327855
25.68294 0.05754127878021684
25.68415 0.057751982530743595
25.68536 0.057981841167681875
25.68656 0.05821169980462016
25.68777 0.05846071332796997
25.68898 0.058690571964908254
25.69019 0.058939585488258055
25.69139 0.05920775389801939
25.6926 0.0594567674213692
25.69381 0.059724935831130525
25.69501 0.059993104240891854
25.69622 0.06026127265065319
25.69743 0.060529441060414524
25.69863 0.06079760947017584
25.69984 0.06106577787993717
25.70105 0.061353101176110036
25.70225 0.06162126958587135
25.70346 0.061908592882044214
25.70467 0.06217676129180555
25.70587 0.0624640845879784
25.70708 0.06273225299773973
25.70829 0.06301957629391258
25.70949 0.06328774470367392
25.7107 0.06355591311343524
25.71191 0.0638432364096081
25.71311 0.06411140481936943
25.71432 0.06436041834271923
25.71553 0.06462858675248057
25.71674 0.06489675516224189
25.71794 0.0651457686855917
25.71915 0.0653947822089415
25.72036 0.06564379573229132
25.72156 0.0658736543692296
25.72277 0.06612266789257941
25.72398 0.06635252652951767
25.72518 0.06656323028004445
25.72639 0.0667739340305712
25.7276 0.06698463778109796
25.7288 0.06719534153162472
25.73001 0.06738689039573996
25.73122 0.0675784392598552
25.73242 0.0677508332375589
25.73363 0.06794238210167415
25.73484 0.06813393096578937
25.73604 0.06832547982990461
25.73725 0.06851702869401985
25.73846 0.06872773244454661
25.73966 0.06893843619507337
25.74087 0.0691299850591886
25.74208 0.06934068880971536
25.74329 0.06955139256024212
25.74449 0.06976209631076888
25.7457 0.06997280006129564
25.74691 0.0701835038118224
25.74811 0.07039420756234915
25.74932 0.07060491131287591
25.75053 0.07081561506340268
25.75173 0.07100716392751791
25.75294 0.07121786767804467
25.75415 0.07142857142857142
25.75535 0.07162012029268666
25.75656 0.07183082404321342
25.75777 0.07202237290732867
25.75897 0.0722139217714439
25.76018 0.07240547063555913
25.76139 0.07257786461326285
25.76259 0.07276941347737809
25.7638 0.0729418074550818
25.76501 0.07311420143278552
25.76621 0.0732674405240777
25.76742 0.0734206796153699
25.76863 0.07357391870666208
25.76984 0.07372715779795427
25.77104 0.07386124200283492
25.77225 0.0739953262077156
25.77346 0.07411025552618473
25.77466 0.07422518484465387
25.77587 0.07434011416312301
25.77708 0.07443588859518063
25.77828 0.07451250814082673
25.77949 0.07458912768647283
25.7807 0.07466574723211893
25.7819 0.07472321189135349
25.78311 0.07478067655058805
25.78432 0.07481898632341111
25.78552 0.07483814120982263
25.78673 0.07485729609623415
25.78794 0.07485729609623415
25.78914 0.07483814120982263
25.79035 0.07481898632341111
25.79156 0.07478067655058805
25.79277 0.07472321189135349
25.79397 0.07466574723211893
25.79518 0.07458912768647283
25.79639 0.07449335325441521
25.79759 0.07439757882235759
25.7988 0.07426349461747692
25.80001 0.07414856529900779
25.80121 0.0739953262077156
25.80242 0.0738420871164234
25.80363 0.0736888480251312
25.80483 0.07349729916101598
25.80604 0.07332490518331226
25.80725 0.07311420143278552
25.80845 0.07290349768225875
25.80966 0.07269279393173199
25.81087 0.07246293529479371
25.81207 0.07223307665785543
25.81328 0.07198406313450562
25.81449 0.0717158947247443
25.81569 0.07146688120139448
25.8169 0.07117955790522162
25.81811 0.07091138949546029
25.81932 0.07062406619928745
25.82052 0.07031758801670307
25.82173 0.07001110983411869
25.82294 0.0697046316515343
25.82414 0.06939815346894992
25.82535 0.06907252039995404
25.82656 0.06874688733095813
25.82776 0.06840209937555071
25.82897 0.06805731142014328
25.83018 0.06771252346473586
25.83138 0.06736773550932844
25.83259 0.06700379266750948
25.8338 0.06665900471210205
25.835 0.06629506187028311
25.83621 0.06591196414205265
25.83742 0.0655480213002337
25.83862 0.06516492357200322
25.83983 0.06480098073018427
25.84104 0.06441788300195381
25.84224 0.06403478527372333
25.84345 0.06365168754549286
25.84466 0.06326858981726238
25.84587 0.0628663372026204
25.84707 0.062483239474389926
25.84828 0.062100141746159444
25.84949 0.061697889131517455
25.85069 0.061314791403286974
25.8519 0.06091253878864499
25.85311 0.060529441060414524
25.85431 0.06012718844577252
25.85552 0.059744090717542046
25.85673 0.05934183810290006
25.85793 0.058958740374669576
25.85914 0.05857564264643911
25.86035 0.05819254491820864
25.86155 0.057790292303566644
25.86276 0.05738803968892465
25.86397 0.056966632187871125
25.86517 0.056545224686817615
25.86638 0.05610466229935257
25.86759 0.055664099911887525
25.86879 0.05520438263801096
25.87 0.05476382025054592
25.87121 0.05428494809025783
25.87242 0.05382523081638126
25.87362 0.05334635865609317
25.87483 0.05286748649580508
25.87604 0.05238861433551699
25.87724 0.05189058728881738
25.87845 0.05139256024211777
25.87966 0.05089453319541815
25.88086 0.05039650614871854
25.88207 0.0498793242156074
25.88328 0.049381297168907795
25.88448 0.04886411523579666
25.88569 0.04834693330268552
25.8869 0.0478489062559859
25.8881 0.04733172432287477
25.88931 0.04681454238976363
25.89052 0.046297360456652496
25.89172 0.04578017852354136
25.89293 0.045262996590430225
25.89414 0.04474581465731908
25.89534 0.04422863272420795
25.89655 0.04371145079109681
25.89776 0.0432134237443972
25.89897 0.04269624181128606
25.90017 0.04219821476458645
25.90138 0.04168103283147531
25.90259 0.0411830057847757
25.90379 0.04070413362448761
25.905 0.040206106577787996
25.90621 0.03972723441749991
25.90741 0.039248362257211816
25.90862 0.03876949009692373
25.90983 0.03829061793663564
25.91103 0.03783090066275907
25.91224 0.037371183388882505
25.91345 0.03693062100141746
25.91465 0.03649005861395242
25.91586 0.03604949622648738
25.91707 0.035628088725433854
25.91827 0.035206681224380344
25.91948 0.03480442860973834
25.92069 0.03440217599509635
25.92189 0.034019078266865885
25.9231 0.0336359805386354
25.92431 0.03327203769681646
25.92552 0.032908094854997516
25.92672 0.03256330689959009
25.92793 0.032199364057771136
25.92914 0.03185457610236371
25.93034 0.03150978814695629
25.93155 0.031165000191548865
25.93276 0.030839367122552964
25.93396 0.03049457916714554
25.93517 0.03016894609814964
25.93638 0.029843313029153738
25.93758 0.02953683484656936
25.93879 0.02921120177757346
25.94 0.028904723594989083
25.9412 0.02859824541240471
25.94241 0.02829176722982033
25.94362 0.02798528904723595
25.94482 0.0276979657510631
25.94603 0.02739148756847872
25.94724 0.027104164272305865
25.94844 0.026835995862544537
25.94965 0.026548672566371685
25.95086 0.02626134927019883
25.95207 0.0259931808604375
25.95327 0.02572501245067617
25.95448 0.025456844040914837
25.95569 0.025207830517565033
25.95689 0.0249396621078037
25.9581 0.024690648584453898
25.95931 0.02444163506110409
25.96051 0.024192621537754283
25.96172 0.023962762900816
25.96293 0.023713749377466193
25.96413 0.02348389074052791
25.96534 0.023254032103589627
25.96655 0.023024173466651345
25.96775 0.02279431482971306
25.96896 0.022583611079186303
25.97017 0.022353752442248017
25.97137 0.022143048691721262
25.97258 0.0219323449411945
25.97379 0.021740796077079266
25.97499 0.021530092326552504
25.9762 0.02133854346243727
25.97741 0.021146994598322033
25.97862 0.0209554457342068
25.97982 0.020763896870091562
25.98103 0.020572348005976324
25.98224 0.020399954028272615
25.98344 0.020227560050568902
25.98465 0.02005516607286519
25.98586 0.019882772095161476
25.98706 0.019710378117457766
25.98827 0.019557139026165578
25.98948 0.019384745048461865
25.99068 0.019231505957169676
25.99189 0.01909742175228901
25.9931 0.01894418266099682
25.9943 0.01882925334252768
25.99551 0.018695169137647013
25.99672 0.018580239819177873
25.99792 0.01846531050070873
25.99913 0.018369536068651115
26.00034 0.01825460675018197
26.00155 0.018177987204535877
26.00275 0.018082212772478262
26.00396 0.018005593226832168
26.00517 0.017928973681186074
26.00637 0.017852354135539976
26.00758 0.01777573458989388
26.00879 0.017718269930659312
26.00999 0.017660805271424742
26.0112 0.017603340612190172
26.01241 0.0175458759529556
26.01361 0.01748841129372103
26.01482 0.017450101520897984
26.01603 0.01739263686166341
26.01723 0.017354327088840365
26.01844 0.017316017316017316
26.01965 0.01727770754319427
26.02085 0.017258552656782746
26.02206 0.017220242883959697
26.02327 0.017181933111136652
26.02447 0.017162778224725127
26.02568 0.017124468451902082
26.02689 0.017105313565490558
26.0281 0.01706700379266751
26.0293 0.017047848906255988
26.03051 0.017009539133432942
26.03172 0.016990384247021414
26.03292 0.016971229360609894
26.03413 0.016932919587786848
26.03534 0.01691376470137532
26.03654 0.016875454928552275
26.03775 0.016856300042140754
26.03896 0.0168179902693177
26.04016 0.016779680496494656
26.04137 0.016741370723671607
26.04258 0.016703060950848562
26.04378 0.016664751178025513
26.04499 0.016626441405202468
26.0462 0.01658813163237942
26.0474 0.016530666973144852
26.04861 0.016492357200321803
26.04982 0.016434892541087234
26.05102 0.016377427881852664
26.05223 0.01631996322261809
26.05344 0.016243343676971996
26.05465 0.016185879017737423
26.05585 0.016109259472091332
26.05706 0.016051794812856762
26.05827 0.015975175267210668
26.05947 0.015898555721564574
26.06068 0.01584109106233
26.06189 0.015764471516683906
26.06309 0.015707006857449336
26.0643 0.015630387311803242
26.06551 0.015572922652568672
26.06671 0.015496303106922576
26.06792 0.015438838447688005
26.06913 0.01536221890204191
26.07033 0.015304754242807342
26.07154 0.015228134697161248
26.07275 0.015170670037926676
26.07395 0.015094050492280582
26.07516 0.01503658583304601
26.07637 0.014959966287399916
26.07757 0.014902501628165345
26.07878 0.014825882082519252
26.07999 0.01476841742328468
26.0812 0.014691797877638586
26.0824 0.014615178331992492
26.08361 0.014557713672757922
26.08482 0.014481094127111826
26.08602 0.014404474581465732
26.08723 0.014327855035819638
26.08844 0.014251235490173545
26.08964 0.01417461594452745
26.09085 0.014097996398881357
26.09206 0.01402137685323526
26.09326 0.013944757307589166
26.09447 0.013868137761943072
26.09568 0.013791518216296978
26.09688 0.01369574378423936
26.09809 0.013619124238593266
26.0993 0.013542504692947172
26.1005 0.013446730260889554
26.10171 0.013350955828831935
26.10292 0.013274336283185842
26.10412 0.013178561851128224
26.10533 0.013082787419070607
26.10654 0.012987012987012986
26.10775 0.01289123855495537
26.10895 0.012776309236486228
26.11016 0.01268053480442861
26.11137 0.01256560548595947
26.11257 0.01246983105390185
26.11378 0.01235490173543271
26.11499 0.012239972416963568
26.11619 0.012125043098494426
26.1174 0.012010113780025287
26.11861 0.011895184461556144
26.11981 0.011780255143087002
26.12102 0.011646170938206338
26.12223 0.011512086733325672
26.12343 0.011378002528445006
26.12464 0.011243918323564342
26.12585 0.011109834118683676
26.12705 0.010956595027391488
26.12826 0.010822510822510822
26.12947 0.010669271731218635
26.13067 0.010516032639926447
26.13188 0.010362793548634256
26.13309 0.010190399570930545
26.1343 0.010037160479638357
26.1355 0.009864766501934644
26.13671 0.009692372524230932
26.13792 0.009539133432938744
26.13912 0.009366739455235031
26.14033 0.009194345477531318
26.14154 0.009002796613416084
26.14274 0.008830402635712371
26.14395 0.008658008658008658
26.14516 0.008485614680304947
26.14636 0.00829406581618971
26.14757 0.008121671838485998
26.14878 0.007930122974370762
26.14998 0.007757728996667049
26.15119 0.0075661801325518155
26.1524 0.007374631268436579
26.1536 0.007202237290732866
26.15481 0.00701068842661763
26.15602 0.006838294448913918
26.15722 0.0066467455847986825
26.15843 0.006455196720683447
26.15964 0.006282802742979735
26.16085 0.006091253878864499
26.16205 0.005918859901160786
26.16326 0.00572731103704555
26.16447 0.005554917059341838
26.16567 0.005382523081638126
26.16688 0.005210129103934414
26.16809 0.005018580239819178
26.16929 0.004846186262115466
26.1705 0.004673792284411753
26.17171 0.004501398306708042
26.17291 0.004348159215415853
26.17412 0.0041757652377121405
26.17533 0.004022526146419952
26.17653 0.00385013216871624
26.17774 0.0036968930774240513
26.17895 0.0035436539861318627
26.18015 0.003390414894839674
26.18136 0.003237175803547485
26.18257 0.0031030915986668198
26.18377 0.0029498525073746312
26.18498 0.0028157683024939663
26.18619 0.0026816840976133013
26.1874 0.0025475998927326363
26.1886 0.0024135156878519713
26.18981 0.0022794314829713063
26.19102 0.002145347278090641
26.19222 0.002011263073209976
26.19343 0.0018771788683293108
26.19464 0.0017430946634486458
26.19584 0.0016090104585679808
26.19705 0.0014749262536873156
26.19826 0.0013408420488066506
26.19946 0.0012067578439259857
26.20067 0.0010726736390453205
26.20188 0.0009385894341646554
26.20308 0.000823660115695514
26.20429 0.000689575910814849
26.2055 0.0005554917059341838
26.2067 0.00042140750105351877
26.20791 0.0003064781825843773
26.20912 0.00017239397770371225
26.21032 5.7464659234570745e-05
26.21153 -7.661954564609433e-05
26.21274 -0.00019154886411523582
26.21395 -0.0003064781825843773
26.21515 -0.0004405623874650424
26.21636 -0.0005554917059341838
26.21757 -0.0006704210244033253
26.21877 -0.0007853503428724668
26.21998 -0.0008811247749300848
26.22119 -0.0009960540933992262
26.22239 -0.0011109834118683676
26.2236 -0.0012067578439259857
26.22481 -0.001321687162395127
26.22601 -0.001417461594452745
26.22722 -0.001513236026510363
26.22843 -0.0016090104585679808
26.22963 -0.0017047848906255986
26.23084 -0.0017814044362716931
26.23205 -0.0018771788683293108
26.23325 -0.0019537984139754053
26.23446 -0.002049572846033023
26.23567 -0.002126192391679118
26.23688 -0.0022028119373252116
26.23808 -0.0022602765965597828
26.23929 -0.0023368961422058766
26.2405 -0.0023943608014404478
26.2417 -0.0024709803470865416
26.24291 -0.0025284450063211127
26.24412 -0.00256675477914416
26.24532 -0.0026242194383787306
26.24653 -0.0026625292112017777
26.24774 -0.0027199938704363484
26.24894 -0.002758303643259396
26.25015 -0.002777458529670919
26.25136 -0.0028157683024939663
26.25256 -0.00283492318890549
26.25377 -0.0028540780753170134
26.25498 -0.0028540780753170134
26.25618 -0.00283492318890549
26.25739 -0.0028157683024939663
26.2586 -0.002777458529670919
26.2598 -0.0027199938704363484
26.26101 -0.0026625292112017777
26.26222 -0.0025859096655556834
26.26343 -0.002509290119909589
26.26463 -0.0024135156878519713
26.26584 -0.002317741255794353
26.26705 -0.0022028119373252116
26.26825 -0.0020878826188560702
26.26946 -0.001972953300386929
26.27067 -0.0018388690955062638
26.27187 -0.0017047848906255986
26.27308 -0.0015707006857449337
26.27429 -0.0014366164808642687
26.27549 -0.00128337738957208
26.2767 -0.0011492931846914147
26.27791 -0.0009960540933992262
26.27911 -0.0008428150021070375
26.28032 -0.0007087307972263725
26.28153 -0.0005554917059341838
26.28273 -0.00042140750105351877
26.28394 -0.0002681684097613301
26.28515 -0.00013408420488066506
26.28635 0.0
26.28756 0.00013408420488066506
26.28877 0.0002681684097613301
26.28998 0.0004022526146419952
26.29118 0.0005171819331111367
26.29239 0.0006129563651687546
26.2936 0.0007278856836378961
26.2948 0.000823660115695514
26.29601 0.0009002796613416082
26.29722 0.0009768992069877026
26.29842 0.0010535187526337971
26.29963 0.0011109834118683676
26.30084 0.0011492931846914147
26.30204 0.001187602957514462
26.30325 0.0012067578439259857
26.30446 0.0012067578439259857
26.30566 0.0012067578439259857
26.30687 0.001187602957514462
26.30808 0.0011492931846914147
26.30928 0.001091828525456844
26.31049 0.0010152089798107498
26.3117 0.0009385894341646554
26.3129 0.000823660115695514
26.31411 0.0007087307972263725
26.31532 0.0005554917059341838
26.31653 0.00038309772823047163
26.31773 0.00021070375052675939
26.31894 0.0
