2.50112 0.022904919990866135
2.50233 0.022834659500096607
2.50354 0.022729268763942316
2.50474 0.02260631290509564
2.50595 0.02250092216894135
2.50716 0.02250092216894135
2.50837 0.022448226800864203
2.50957 0.022377966310094675
2.51078 0.022307705819325147
2.51199 0.022342836064709912
2.51319 0.022202315083170856
2.5144 0.022009098733554652
2.51561 0.021851012629323215
2.51681 0.021798317261246068
2.51802 0.021710491647784158
2.51923 0.021675361402399396
2.52043 0.021605100911629867
2.52164 0.0213767543166289
2.52285 0.021324058948551754
2.52405 0.021236233335089845
2.52526 0.02111327747624317
2.52647 0.02104301698547364
2.52767 0.02102545186278126
2.52888 0.020884930881242204
2.53009 0.020814670390472675
2.53129 0.020709279654318385
2.5325 0.020568758672779328
2.53371 0.020551193550086947
2.53492 0.020428237691240272
2.53612 0.020463367936625038
2.53733 0.02023502134162407
2.53854 0.020059370114700253
2.53974 0.019989109623930724
2.54095 0.01979589327431452
2.54216 0.019901284010468815
2.54336 0.01995397937854596
2.54457 0.01970806766085261
2.54578 0.01960267692469832
2.54698 0.019549981556621174
2.54819 0.019356765207004974
2.5494 0.019005462753157332
2.5506 0.019198679102773536
2.55181 0.019110853489311627
2.55302 0.01905815812123448
2.55422 0.01865416029930969
2.55543 0.018478509072385872
2.55664 0.018355553213539197
2.55785 0.01837311833623158
2.55905 0.018285292722769672
2.56026 0.018337988090846816
2.56147 0.018408248581616344
2.56267 0.01819746710930776
2.56388 0.01800425075969156
2.56509 0.017951555391614412
2.56629 0.017547557569689627
2.5675 0.017371906342765805
2.56871 0.017266515606611514
2.56991 0.017284080729303895
2.57112 0.017003038766225782
2.57233 0.016809822416609582
2.57353 0.01689764803007149
2.57474 0.016651736312378145
2.57595 0.016651736312378145
2.57715 0.016757127048532435
2.57836 0.016282868735838122
2.57957 0.01600182677276001
2.58077 0.016230173367760975
2.58198 0.015949131404682862
2.58319 0.015650524318912368
2.5844 0.015597828950835224
2.5856 0.015351917233141874
2.58681 0.015351917233141874
2.58802 0.015158700883525673
2.58922 0.015035745024678998
2.59043 0.014754703061600885
2.59164 0.014666877448138976
2.59284 0.01445609597583039
2.59405 0.014280444748906572
2.59526 0.014104793521982753
2.59646 0.013841316681597021
2.59767 0.01382375155890464
2.59888 0.013700795700057965
2.60008 0.013525144473134146
2.60129 0.013525144473134146
2.6025 0.013419753736979853
2.6037 0.013226537387363652
2.60491 0.012717148829284573
2.60612 0.01252393247966837
2.60732 0.01276984419736172
2.60853 0.012664453461207427
2.60974 0.012717148829284573
2.61095 0.012365846375436933
2.61215 0.012172630025820731
2.61336 0.012119934657743584
2.61457 0.011768632203895945
2.61577 0.011610546099664507
2.61698 0.011698371713126416
2.61819 0.011311939013894013
2.61939 0.010855245823892079
2.6206 0.01076742021043017
2.62181 0.010626899228891113
2.62301 0.01067959459696826
2.62422 0.010486378247352057
2.62543 0.010135075793504417
2.62663 0.010187771161581564
2.62784 0.009924294321195834
2.62905 0.009678382603502487
2.63025 0.009502731376578666
2.63146 0.009397340640424374
2.63267 0.009397340640424374
2.63387 0.009414905763116757
2.63508 0.009063603309269115
2.63629 0.008887952082345297
2.6375 0.00874743110080624
2.6387 0.008554214751190038
2.63991 0.008448824015035746
2.64112 0.008360998401573836
2.64232 0.008273172788111925
2.64353 0.008027261070418578
2.64474 0.007939435456956667
2.64594 0.007921870334264286
2.64715 0.007623263248493791
2.64836 0.00743004689887759
2.64956 0.007236830549261388
2.65077 0.006990918831568039
2.65198 0.006990918831568039
2.65318 0.006850397850028982
2.65439 0.006622051255028016
2.6556 0.006604486132335634
2.6568 0.006376139537334668
2.65801 0.006200488310410849
2.65922 0.006218053433103231
2.66042 0.006024837083487028
2.66163 0.005796490488486062
2.66284 0.005585709016177478
2.66405 0.005304667053099366
2.66525 0.0051817111942526915
2.66646 0.005023625090021254
2.66767 0.00498849484463649
2.66887 0.004619627268096468
2.67008 0.004883104108482198
2.67129 0.0047250180042507604
2.67249 0.004566931900019322
2.6737 0.004338585305018356
2.67491 0.0042331945688640635
2.67611 0.004338585305018356
2.67732 0.0042331945688640635
2.67853 0.003671110642707839
2.67973 0.0035832850292459298
2.68094 0.0033373733115525813
2.68215 0.0032495476980906714
2.68335 0.0033198081888601992
2.68456 0.003126591839243997
2.68577 0.002950940612320177
2.68697 0.002810419630781121
2.68818 0.002652333526549683
2.68939 0.002511812545010627
2.6906 0.002406421808856335
2.6918 0.002283465950009661
2.69301 0.002090249600393459
2.69422 0.002125379845778223
2.69542 0.0021078147230858407
2.69663 0.002019989109623931
2.69784 0.001932163496162021
2.69904 0.0018794681280848748
2.70025 0.001949728618854403
2.70146 0.002019989109623931
2.70266 0.0017740773919305828
2.70387 0.0016862517784686727
2.70508 0.0016335564103915267
2.70628 0.0015457307969296166
2.70749 0.0012295585884667406
2.7087 0.0009485166253886284
2.7099 0.00019321634961620208
2.71111 -0.00010539073615429204
2.71232 0.0
2.71352 0.0005620839261562243
2.71473 0.0010890376069276845
2.71594 0.0017916425146229649
2.71715 0.0027050288946268287
2.71835 0.0033725035569373454
2.71956 0.003969717728478333
2.72077 0.005006059967328872
2.72197 0.00569109975233177
2.72318 0.006218053433103231
2.72439 0.0071665700584918595
2.72559 0.008062391315803342
2.7268 0.008940647450422442
2.72801 0.009766208216964396
2.72921 0.010662029474275877
2.73042 0.011610546099664507
2.73163 0.012488802234283607
2.73283 0.013507579350441763
2.73404 0.014684442570831357
2.73525 0.015949131404682862
2.73645 0.0169854736435334
2.73766 0.01837311833623158
2.73887 0.019813458397006906
2.74007 0.021078147230858407
2.74128 0.022641443150480407
2.74249 0.024433085665103372
2.7437 0.0260666420754949
2.7449 0.027893414835502624
2.74611 0.029702622472817977
2.74732 0.03163478596898
2.74852 0.03372503556937345
2.74973 0.03565719906553547
2.75094 0.037817709156698465
2.75214 0.04003091461593859
2.75335 0.04208603397094728
2.75456 0.044457325534418855
2.75576 0.04681105197519805
2.75697 0.04897156206636103
2.75818 0.05137798387521737
2.75938 0.05383710105215085
2.76059 0.056436739210623386
2.7618 0.059141768105250216
2.763 0.06181166675449228
2.76421 0.06448156540373434
2.76542 0.0671690291756688
2.76663 0.07003214417452706
2.76783 0.07298308478684723
2.76904 0.07581106954032074
2.77025 0.07900792187033427
2.77145 0.08216964395496303
2.77266 0.08529623579420702
2.77387 0.08840526251075864
2.77507 0.0917602009450036
2.77628 0.0951853998700181
2.77749 0.09848764293618592
2.77869 0.10184258137043087
2.7799 0.10535560590890727
2.78111 0.10899158630623035
2.78231 0.1124519154766296
2.78352 0.11594737489241362
2.78473 0.11947796455358241
2.78593 0.12320177056436739
2.78714 0.12694314169784476
2.78835 0.13047373135901355
2.78955 0.13407458151095186
2.79076 0.13765786654019777
2.79197 0.1410830654652123
2.79318 0.14473661098522775
2.79438 0.1483901565052432
2.79559 0.1519910066571815
2.7968 0.15552159631835027
2.798 0.15899949061144192
2.79921 0.16237199416837927
2.80042 0.1658674535841633
2.80162 0.16939804324533206
2.80283 0.1728935026611161
2.80404 0.17609035499112963
2.80524 0.17916425146229645
2.80645 0.18237866891500237
2.80766 0.18554039099963113
2.80886 0.18864941771618274
2.81007 0.19156522808311818
2.81128 0.19442834308197643
2.81248 0.197396848816989
2.81369 0.20034778942930917
2.8149 0.20321090442816744
2.8161 0.20596862869087143
2.81731 0.20874391807626777
2.81852 0.21141381672550982
2.81973 0.21390806414782806
2.82093 0.21641987669283871
2.82214 0.21901951485131124
2.82335 0.22163671813247615
2.82455 0.22399044457325534
2.82576 0.2261860849098031
2.82697 0.22846955085981274
2.82817 0.2307530168098224
2.82938 0.23296622226906255
2.83059 0.23512673236022555
2.83179 0.23733993781946566
2.833 0.23941262229716676
2.83421 0.24145017652948306
2.83541 0.243470165639107
2.83662 0.2453847640125766
2.83783 0.24742231824489297
2.83903 0.24928422125028543
2.84024 0.25114612425567795
2.84145 0.25316611336530187
2.84265 0.2549753210026172
2.84386 0.25662644253570116
2.84507 0.25854104090917074
2.84628 0.26050833465071754
2.84748 0.26235267253341765
2.84869 0.2642497057841949
2.8499 0.2660237831761255
2.8511 0.2678505559361332
2.85231 0.26981784967768
2.85352 0.27173244805114966
2.85472 0.2736470464246193
2.85593 0.27554407967539657
2.85714 0.27745867804886615
2.85834 0.2793557112996434
2.85955 0.2813054399184978
2.86076 0.2832024731692751
2.86196 0.28488872494774375
2.86317 0.28685601868929056
2.86438 0.28892870316699165
2.86558 0.2908257364177689
2.86679 0.2927754650366233
2.868 0.2945319773058615
2.8692 0.2964114454339464
2.87041 0.298326043807416
2.87162 0.3001001211993466
2.87283 0.30197958932743146
2.87403 0.30373610159666964
2.87524 0.3055628743566774
2.87645 0.3071964307670689
2.87765 0.3088651174228452
2.87886 0.3107094553055453
2.88007 0.31232544659324446
2.88127 0.3139414378809436
2.88248 0.31559255941402753
2.88369 0.31713829021095713
2.88489 0.3186137605171172
2.8861 0.32001897033250776
2.88731 0.3214417452705907
2.88851 0.3227591294725194
2.88972 0.32398868806098613
2.89093 0.3253587676309919
2.89213 0.3266234564648434
2.89334 0.32773005919446346
2.89455 0.3286083153290826
2.89575 0.32936361560485505
2.89696 0.3302243066167817
2.89817 0.3310498673833237
2.89938 0.3318051676590961
2.90058 0.3324726423214066
2.90179 0.33291177038871617
2.903 0.3332103774744867
2.9042 0.33356167992833435
2.90541 0.3340183731183362
2.90662 0.3343345453267991
2.90782 0.33463315241256963
2.90903 0.3348790641302629
2.91024 0.3348966292529553
2.91144 0.3350020199891096
2.91265 0.33510741072526395
2.91386 0.3350371502344944
2.91506 0.33480880363949345
2.91627 0.3345453267991077
2.91748 0.3343345453267991
2.91868 0.33400080799564386
2.91989 0.3335792450510267
2.9211 0.33308742161564
2.9223 0.33233212133986756
2.92351 0.3314889954506332
2.92472 0.33071613005216843
2.92593 0.33001352514447313
2.92713 0.3291879643779312
2.92834 0.3282394477525426
2.92955 0.32727336600446155
2.93075 0.3260789376613796
2.93196 0.3247264232140662
2.93317 0.3234266041348299
2.93437 0.3221267850555936
2.93558 0.3207918357309726
2.93679 0.3194041910382744
2.93799 0.31791115560942196
2.9392 0.3164181201805695
2.94041 0.31496021499710175
2.94161 0.3135550051817112
2.94282 0.31202683950747395
2.94403 0.3104108482197748
2.94523 0.3088826825455376
2.94644 0.30724912613514604
2.94765 0.3054750487432155
2.94885 0.30364827598320776
2.95006 0.30190932883666194
2.95127 0.3002055119355009
2.95248 0.298326043807416
2.95368 0.2964817059247159
2.95489 0.2946549331647082
2.9561 0.29265250917777663
2.9573 0.29059738982276795
2.95851 0.2885598355904516
2.95972 0.2864871511127505
2.96092 0.2843969015123571
2.96213 0.2822890867892712
2.96334 0.2801812720661854
2.96454 0.2780734573430996
2.96575 0.27589538212924414
2.96696 0.2736119161792345
2.96816 0.27134601535191727
2.96937 0.2691503750153695
2.97058 0.26695473467882175
2.97178 0.2646712687288121
2.97299 0.26244049814687953
2.9742 0.2602448578103318
2.9754 0.2580316523510917
2.97661 0.2558887073826211
2.97782 0.2537457624141505
2.97903 0.25153255695491034
2.98023 0.24940717710913213
2.98144 0.24729936238604627
2.98265 0.2452266779083452
2.98385 0.24318912367602888
2.98506 0.24113400432102022
2.98627 0.2390788849660115
2.98747 0.23705889585638756
2.98868 0.2351618626056103
2.98989 0.23328239447752544
2.99109 0.23133266585867104
2.9923 0.22936537211712424
2.99351 0.2274507737436546
2.99471 0.22565913122903164
2.99592 0.223972879450563
2.99713 0.2222163671813248
2.99833 0.2203368990532399
2.99954 0.21845743092515502
3.00075 0.21677117914668637
3.00196 0.2152605785951415
3.00316 0.21366215243013473
3.00437 0.2120285960197432
3.00558 0.21050043034550597
3.00678 0.20893713442588396
3.00799 0.20739140362895434
3.0092 0.20600375893625616
3.0104 0.2046336793662504
3.01161 0.20321090442816744
3.01282 0.20178812949008448
3.01402 0.20048831041084825
3.01523 0.19931144719045862
3.01644 0.19808188860199188
3.01764 0.19694015562698705
3.01885 0.19586868314275174
3.02006 0.1947445152904393
3.02126 0.1936906079288964
3.02247 0.19268939593543064
3.02368 0.19161792345119533
3.02488 0.19054645096696
3.02609 0.18956280409618662
3.0273 0.18866698283887515
3.02851 0.18775359645887127
3.02971 0.186822644956175
3.03092 0.18601464931232545
3.03213 0.18525934903655303
3.03333 0.18450404876078058
3.03454 0.18378387873039295
3.03575 0.1830461435773129
3.03695 0.18230840842423285
3.03816 0.18165849888461472
3.03937 0.18100858934499658
3.04057 0.18035867980537842
3.04178 0.17965607489768315
3.04299 0.17898860023537266
3.04419 0.17847921167729358
3.0454 0.17795225799652212
3.04661 0.17744286943844303
3.04781 0.17696861112574874
3.04902 0.17642409232228487
3.05023 0.17589713864151343
3.05143 0.17549314081958864
3.05264 0.17501888250689432
3.05385 0.17452705907150762
3.05506 0.1740879310041981
3.05626 0.17363123781419612
3.05747 0.17324480511496373
3.05868 0.1728759375384237
3.05988 0.17247193971649893
3.06109 0.17208550701726652
3.0623 0.17168150919534172
3.0635 0.17125994625072458
3.06471 0.1709262089195693
3.06592 0.17057490646572168
3.06712 0.17018847376648927
3.06833 0.169854736435334
3.06954 0.16952099910417875
3.07074 0.16915213152763872
3.07195 0.16874813370571395
3.07316 0.1682738753930196
3.07436 0.1677820519576329
3.07557 0.16743074950378528
3.07678 0.16709701217263004
3.07798 0.16672814459609
3.07919 0.16637684214224235
3.0804 0.1660431048110871
3.08161 0.16569180235723946
3.08281 0.16523510916723755
3.08402 0.164795981099928
3.08523 0.16439198327800322
3.08643 0.16390015984261652
3.08764 0.16346103177530696
3.08885 0.1631272944441517
3.09005 0.1627584268676117
3.09126 0.1623368639229945
3.09247 0.16189773585568495
3.09367 0.16138834729760587
3.09488 0.16093165410760393
3.09609 0.16045739579490964
3.09729 0.15994800723683056
3.0985 0.159508879169521
3.09971 0.1591048813475962
3.10091 0.1586306230349019
3.10212 0.15812123447682283
3.10333 0.1575591505506666
3.10453 0.1570673271152799
3.10574 0.15664576417066273
3.10695 0.15618907098066082
3.10816 0.15574994291335126
3.10936 0.15532837996873408
3.11057 0.15488925190142452
3.11178 0.15441499358873023
3.11298 0.15390560503065115
3.11419 0.15341378159526445
3.1154 0.15293952328257013
3.1166 0.1524828300925682
3.11781 0.15197344153448913
3.11902 0.15153431346717958
3.12022 0.15106005515448526
3.12143 0.15058579684179094
3.12264 0.15018179901986617
3.12384 0.14977780119794137
3.12505 0.1493562382533242
3.12626 0.14893467530870705
3.12746 0.14847798211870508
3.12867 0.1480037238060108
3.12988 0.1475821608613936
3.13108 0.1471254676713917
3.13229 0.14675660009485167
3.1335 0.14640529764100402
3.13471 0.14594860445100208
3.13591 0.1455270415063849
3.13712 0.14517573905253728
3.13833 0.14473661098522775
3.13953 0.1442974829179182
3.14074 0.14392861534137816
3.14195 0.14354218264214577
3.14315 0.14313818482022098
3.14436 0.14275175212098856
3.14557 0.142312624053679
3.14677 0.14190862623175424
3.14798 0.1415397586552142
3.14919 0.14113576083328944
3.15039 0.14073176301136464
3.1516 0.14039802568020937
3.15281 0.14004672322636172
3.15401 0.13964272540443695
3.15522 0.13918603221443504
3.15643 0.13872933902443307
3.15763 0.13837803657058545
3.15884 0.1380618643621226
3.16005 0.13769299678558256
3.16126 0.13721873847288824
3.16246 0.1367620452828863
3.16367 0.13635804746096153
3.16488 0.1360770054978834
3.16608 0.13581352865749768
3.16729 0.13546222620365003
3.1685 0.13514605399518714
3.1697 0.13479475154133952
3.17091 0.13437318859672234
3.17212 0.13398675589748996
3.17332 0.13361788832094992
3.17453 0.1332314556217175
3.17574 0.1328625880451775
3.17694 0.13244102510056033
3.17815 0.13200189703325077
3.17936 0.1316857248247879
3.18056 0.13135198749363264
3.18177 0.13093042454901546
3.18298 0.13054399184978308
3.18418 0.13019268939593545
3.18539 0.12978869157401066
3.1866 0.12938469375208586
3.18781 0.12898069593016107
3.18901 0.1285415678628515
3.19022 0.12819026540900388
3.19143 0.12787409320054102
3.19263 0.12743496513323146
3.19384 0.1270134021886143
3.19505 0.12666209973476664
3.19625 0.12627566703553425
3.19746 0.12587166921360946
3.19867 0.12548523651437707
3.19987 0.1250636735697599
3.20108 0.12469480599321986
3.20229 0.12430837329398746
3.20349 0.12381654985860076
3.2047 0.12332472642321406
3.20591 0.12292072860128929
3.20711 0.12249916565667211
3.20832 0.12206003758936255
3.20953 0.12160334439936063
3.21074 0.1211466512093587
3.21194 0.12070752314204916
3.21315 0.12021569970666246
3.21436 0.11972387627127576
3.21556 0.11924961795858145
3.21677 0.11882805501396428
3.21798 0.11838892694665473
3.21918 0.1179146686339604
3.22039 0.11747554056665085
3.2216 0.11701884737664893
3.2228 0.116562154186647
3.22401 0.1160703307512603
3.22522 0.11556094219318122
3.22642 0.11505155363510215
3.22763 0.11452459995433067
3.22884 0.11396251602817445
3.23004 0.11347069259278778
3.23125 0.11308425989355537
3.23246 0.1126626969489382
3.23366 0.1121708735135515
3.23487 0.1116790500781648
3.23608 0.11116966152008571
3.23729 0.11064270783931426
3.23849 0.11018601464931232
3.2397 0.10971175633661802
3.24091 0.10921993290123132
3.24211 0.10878080483392176
3.24332 0.10834167676661222
3.24453 0.10788498357661029
3.24573 0.10744585550930073
3.24694 0.10695403207391403
3.24815 0.10639194814775782
3.24935 0.10590012471237112
3.25056 0.10546099664506157
3.25177 0.10500430345505964
3.25297 0.10456517538775009
3.25418 0.10414361244313292
3.25539 0.10370448437582337
3.25659 0.10323022606312907
3.2578 0.10279109799581951
3.25901 0.10236953505120233
3.26021 0.10194797210658517
3.26142 0.10150884403927563
3.26263 0.10110484621735083
3.26384 0.10068328327273367
3.26504 0.10024415520542412
3.26625 0.09982259226080695
3.26746 0.09938346419349739
3.26866 0.09894433612618785
3.26987 0.09850520805887829
3.27108 0.09817147072772305
3.27228 0.09783773339656777
3.27349 0.09739860532925823
3.2747 0.09692434701656391
3.2759 0.09653791431733151
3.27711 0.09613391649540673
3.27832 0.09572991867348193
3.27952 0.0953786162196343
3.28073 0.09504487888847904
3.28194 0.09460575082116948
3.28314 0.09418418787655232
3.28435 0.09383288542270468
3.28556 0.09344645272347227
3.28676 0.09306002002423987
3.28797 0.09274384781577699
3.28918 0.09246280585269888
3.29039 0.09211150339885124
3.29159 0.09174263582231122
3.2928 0.09137376824577119
3.29401 0.09100490066923118
3.29521 0.09063603309269115
3.29642 0.09031986088422828
3.29763 0.0900036886757654
3.29883 0.08966995134461014
3.30004 0.0893186488907625
3.30125 0.08898491155960724
3.30245 0.08866873935114436
3.30366 0.08835256714268148
3.30487 0.08801882981152624
3.30607 0.0876675273576786
3.30728 0.08735135514921573
3.30849 0.08701761781806046
3.30969 0.08670144560959758
3.3109 0.08638527340113471
3.31211 0.08605153606997945
3.31331 0.08573536386151658
3.31452 0.08545432189843846
3.31573 0.08517327993536035
3.31694 0.08487467284958986
3.31814 0.08459363088651174
3.31935 0.08429502380074125
3.32056 0.08394372134689361
3.32176 0.08364511426112312
3.32297 0.08339920254342977
3.32418 0.08313572570304403
3.32538 0.08285468373996592
3.32659 0.08260877202227258
3.3278 0.08236286030457923
3.329 0.08202912297342396
3.33021 0.08178321125573063
3.33142 0.08155486466072966
3.33262 0.08127382269765154
3.33383 0.08101034585726581
3.33504 0.080834694630342
3.33624 0.08065904340341817
3.33745 0.0804306968084172
3.33866 0.08023748045880101
3.33986 0.08007939435456957
3.34107 0.07981591751418383
3.34228 0.0795700057964905
3.34349 0.07942948481495143
3.34469 0.07932409407879715
3.3459 0.0791660079745657
3.34711 0.07902548699302665
3.34831 0.07893766137956475
3.34952 0.07879714039802568
3.35073 0.07863905429379424
3.35193 0.07853366355763995
3.35314 0.07844583794417805
3.35435 0.0783931425761009
3.35555 0.07837557745340852
3.35676 0.0783931425761009
3.35797 0.07837557745340852
3.35917 0.07837557745340852
3.36038 0.07842827282148566
3.36159 0.07849853331225519
3.36279 0.07856879380302471
3.364 0.07863905429379424
3.36521 0.07872687990725616
3.36641 0.07886740088879521
3.36762 0.07900792187033427
3.36883 0.07911331260648856
3.37004 0.07921870334264285
3.37124 0.07932409407879715
3.37245 0.07937678944687429
3.37366 0.07939435456956667
3.37486 0.07939435456956667
3.37607 0.07935922432418191
3.37728 0.07930652895610477
3.37848 0.07928896383341238
3.37969 0.07928896383341238
3.3809 0.07918357309725808
3.3821 0.07906061723841142
3.38331 0.07895522650225711
3.38452 0.07879714039802568
3.38572 0.0785863589257171
3.38693 0.07844583794417805
3.38814 0.0783931425761009
3.38934 0.078305316962639
3.39055 0.07821749134917708
3.39176 0.07823505647186946
3.39296 0.0782877518399466
3.39417 0.07835801233071613
3.39538 0.07846340306687043
3.39659 0.07862148917110187
3.39779 0.07879714039802568
3.399 0.07900792187033427
3.40021 0.07928896383341238
3.40141 0.07958757091918288
3.40262 0.07990374312764575
3.40383 0.08025504558149339
3.40503 0.08062391315803341
3.40624 0.08102791097995819
3.40745 0.08143190880188297
3.40865 0.081800776378423
3.40986 0.08213451370957826
3.41107 0.08245068591804114
3.41227 0.08274929300381163
3.41348 0.08303033496688975
3.41469 0.0832586815618907
3.41589 0.08345189791150691
3.4171 0.08353972352496881
3.41831 0.08350459327958405
3.41952 0.08339920254342977
3.42072 0.08320598619381357
3.42193 0.0828722488626583
3.42314 0.08243312079534876
3.42434 0.08195886248265444
3.42555 0.08139677855649821
3.42676 0.08071173877149532
3.42796 0.07997400361841528
3.42917 0.07930652895610477
3.43038 0.07860392404840948
3.43158 0.0779013191407142
3.43279 0.07730410496917321
3.434 0.07679471641109414
3.4352 0.07628532785301506
3.43641 0.07582863466301312
3.43762 0.07544220196378072
3.43882 0.07505576926454831
3.44003 0.07465177144262354
3.44124 0.07431803411146827
3.44244 0.07401942702569778
3.44365 0.07366812457185014
3.44486 0.07329925699531012
3.44607 0.07300064990953962
3.44727 0.0727371730691539
3.44848 0.07249126135146054
3.44969 0.07222778451107481
3.45089 0.07189404717991955
3.4521 0.07154274472607192
3.45331 0.07124413764030142
3.45451 0.07098066079991569
3.45572 0.07066448859145281
3.45693 0.07033075126029756
3.45813 0.07001457905183468
3.45934 0.06971597196606419
3.46055 0.0694173648802937
3.46175 0.06913632291721558
3.46296 0.06889041119952223
3.46417 0.06866206460452126
3.46537 0.0684337180095203
3.46658 0.06822293653721172
3.46779 0.06799458994221075
3.46899 0.06776624334720979
3.4702 0.06757302699759357
3.47141 0.0674500711387469
3.47262 0.06730955015720785
3.47382 0.06709876868489927
3.47503 0.0668704220898983
3.47624 0.06674746623105163
3.47744 0.06662451037220495
3.47865 0.0664839893906659
3.47986 0.06634346840912683
3.48106 0.0661853823048954
3.48227 0.06595703570989443
3.48348 0.06571112399220108
3.48468 0.06548277739720013
3.48589 0.06525443080219916
3.4871 0.06506121445258295
3.4883 0.06493825859373628
3.48951 0.06483286785758198
3.49072 0.06474504224412007
3.49192 0.06467478175335055
3.49313 0.06463965150796579
3.49434 0.06463965150796579
3.49554 0.06465721663065817
3.49675 0.06469234687604293
3.49796 0.06478017248950485
3.49917 0.06483286785758198
3.50037 0.06485043298027438
3.50158 0.06481530273488961
3.50279 0.06469234687604293
3.50399 0.06444643515834958
3.5052 0.06407756758180956
3.50641 0.06358574414642287
3.50761 0.06297096485218949
3.50882 0.06226835994449422
3.51003 0.06153062479141417
3.51123 0.060810454761026506
3.51244 0.060125414976023604
3.51365 0.05945794031371309
3.51485 0.058808030774094966
3.51606 0.05819325147986159
3.51727 0.0575960373083206
3.51847 0.05705151850485676
3.51968 0.05657726019216245
3.52089 0.05612056700216051
3.52209 0.05568143893485096
3.5233 0.05527744111292617
3.52451 0.05490857353638616
3.52572 0.054557271082538515
3.52692 0.05425866399676802
3.52813 0.05401275227907467
3.52934 0.05374927543868894
3.53054 0.053450668352918444
3.53175 0.05315206126714795
3.53296 0.05292371467214699
3.53416 0.05269536807714602
3.53537 0.052467021482145056
3.53658 0.052238674887144086
3.53778 0.052027893414835505
3.53899 0.051781981697142154
3.5402 0.05150093973406404
3.5414 0.05129015826175546
3.54261 0.05113207215752402
3.54382 0.05093885580790782
3.54502 0.05069294409021447
3.54623 0.05048216261790589
3.54744 0.050306511390982064
3.54864 0.050130860164058245
3.54985 0.049937643814442045
3.55106 0.049761992587518226
3.55227 0.04960390648328679
3.55347 0.04944582037905535
3.55468 0.049305299397516295
3.55589 0.04912964817059247
3.55709 0.04895399694366865
3.5583 0.04877834571674483
3.55951 0.048655389857898156
3.56071 0.0485148688763591
3.56192 0.0483216525267429
3.56313 0.04811087105443432
3.56433 0.04795278495020288
3.56554 0.04779469884597144
3.56675 0.047619047619047616
3.56795 0.0474433963921238
3.56916 0.04726774516519998
3.57037 0.04709209393827616
3.57157 0.0469515729567371
3.57278 0.04682861709789043
3.57399 0.04670566123904375
3.57519 0.04658270538019708
3.5764 0.04640705415327326
3.57761 0.04624896804904182
3.57882 0.046108447067502764
3.58002 0.04596792608596371
3.58123 0.04580983998173227
3.58244 0.04566931900019321
3.58364 0.045511232895961776
3.58485 0.0453882770371151
3.58606 0.04526532117826843
3.58726 0.045124800196729375
3.58847 0.04496671409249794
3.58968 0.0448086279882665
3.59088 0.044685672129419825
3.59209 0.04459784651595791
3.5933 0.044457325534418855
3.5945 0.04429923943018742
3.59571 0.04415871844864836
3.59692 0.044053327712494074
3.59812 0.04391280673095502
3.59933 0.04377228574941596
3.60054 0.04370202525864643
3.60174 0.043649329890569286
3.60295 0.04354393915441499
3.60416 0.04336828792749117
3.60537 0.043227766945952116
3.60657 0.04310481108710544
3.60778 0.042981855228258765
3.60899 0.04284133424671971
3.61019 0.04271837838787304
3.6114 0.04263055277441113
3.61261 0.042525162038256833
3.61381 0.042419771302102546
3.61502 0.04229681544325587
3.61623 0.042173859584409196
3.61743 0.04205090372556252
3.61864 0.041927947866715845
3.61985 0.04182255713056156
3.62105 0.04169960127171488
3.62226 0.041541515167483445
3.62347 0.04140099418594439
3.62467 0.041313168572482475
3.62588 0.04122534295902057
3.62709 0.041102387100173894
3.6283 0.04096186611863484
3.6295 0.04078621489171102
3.63071 0.04064569391017196
3.63192 0.040487607805940524
3.63312 0.04034708682440147
3.63433 0.04020656584286241
3.63554 0.040083609984015736
3.63674 0.03997821924786145
3.63795 0.039890393634399536
3.63916 0.03982013314363001
3.64036 0.03971474240747572
3.64157 0.03957422142593666
3.64278 0.039433700444397604
3.64398 0.039310744585550936
3.64519 0.03918778872670426
3.6464 0.03902970262247282
3.6476 0.03892431188631853
3.64881 0.038836486272856616
3.65002 0.03871353041400995
3.65122 0.03857300943247089
3.65243 0.0384676186963166
3.65364 0.03839735820554707
3.65485 0.0382744023467004
3.65605 0.03813388136516134
3.65726 0.038028490629007046
3.65847 0.03794066501554514
3.65967 0.037817709156698465
3.66088 0.03767718817515941
3.66209 0.037589362561697495
3.66329 0.03750153694823559
3.6645 0.037396146212081295
3.66571 0.037290755475927
3.66691 0.03716779961708033
3.66812 0.03704484375823366
3.66933 0.03692188789938698
3.67053 0.03681649716323269
3.67174 0.036711106427078394
3.67295 0.03662328081361649
3.67415 0.03650032495476981
3.67536 0.036359803973230756
3.67657 0.03625441323707646
3.67777 0.036149022500922175
3.67898 0.0360260666420755
3.68019 0.03588554566053644
3.6814 0.03578015492438215
3.6826 0.03569232931092024
3.68381 0.035551808329381186
3.68502 0.03541128734784213
3.68622 0.035288331488995454
3.68743 0.03518294075284116
3.68864 0.035059984893994485
3.68984 0.0349545941578402
3.69105 0.034849203421685904
3.69226 0.03477894293091638
3.69346 0.034673552194762085
3.69467 0.03455059633591541
3.69588 0.034445205599761115
3.69708 0.03435737998629921
3.69829 0.034234424127452534
3.6995 0.034076338023221096
3.7007 0.03395338216437442
3.70191 0.03384799142822013
3.70312 0.03376016581475822
3.70432 0.03365477507860393
3.70553 0.033566949465142014
3.70674 0.03347912385168011
3.70795 0.033373733115525814
3.70915 0.03326834237937152
3.71036 0.03314538652052485
3.71157 0.033022430661678176
3.71277 0.0328994748028315
3.71398 0.032776518943984825
3.71519 0.03267112820783053
3.71639 0.032565737471676244
3.7176 0.03246034673552195
3.71881 0.032354955999367656
3.72001 0.03226713038590575
3.72122 0.03217930477244384
3.72243 0.03207391403628954
3.72363 0.03193339305475049
3.72484 0.0318280023185962
3.72605 0.03177530695051905
3.72725 0.03168748133705714
3.72846 0.031546960355518086
3.72967 0.03140643937397903
3.73087 0.031301048637824735
3.73208 0.03121322302436283
3.73329 0.03116052765628568
3.7345 0.031090267165516154
3.7357 0.031020006674746622
3.73691 0.030914615938592335
3.73812 0.03077409495705328
3.73932 0.03059844373012946
3.74053 0.030475487871282785
3.74174 0.03038766225782087
3.74294 0.030299836644358966
3.74415 0.03019444590820467
3.74536 0.030089055172050377
3.74656 0.030018794681280853
3.74777 0.02994853419051132
3.74898 0.029860708577049415
3.75018 0.029772882963587502
3.75139 0.02968505735012559
3.7526 0.02956210149127892
3.7538 0.029421580509739864
3.75501 0.02931618977358557
3.75622 0.029263494405508426
3.75742 0.029193233914738895
3.75863 0.02907027805589222
3.75984 0.02894732219704555
3.76105 0.028859496583583638
3.76225 0.028789236092814106
3.76346 0.02868384535665982
3.76467 0.028560889497813144
3.76587 0.02843793363896647
3.76708 0.028314977780119793
3.76829 0.028227152166657887
3.76949 0.028139326553195974
3.7707 0.02808663118511883
3.77191 0.0280163706943493
3.77311 0.027928545080887393
3.77432 0.0278231543447331
3.77553 0.027717763608578805
3.77673 0.027612372872424518
3.77794 0.027524547258962605
3.77915 0.027419156522808314
3.78035 0.0273313309093464
3.78156 0.02722594017319211
3.78277 0.027155679682422582
3.78397 0.027067854068960673
3.78518 0.026980028455498763
3.78639 0.02687463771934447
3.7876 0.026751681860497797
3.7888 0.026628726001651122
3.79001 0.026540900388189213
3.79122 0.026453074774727303
3.79242 0.026365249161265394
3.79363 0.0262598584251111
3.79484 0.02617203281164919
3.79604 0.02608420719818728
3.79725 0.02599638158472537
3.79846 0.02590855597126346
3.79966 0.025785600112416786
3.80087 0.025697774498954877
3.80208 0.025609948885492964
3.80328 0.025522123272031055
3.80449 0.025416732535876764
3.8057 0.025346472045107236
3.8069 0.02529377667703009
3.80811 0.02522351618626056
3.80932 0.02511812545010627
3.81052 0.025012734713951976
3.81173 0.024907343977797685
3.81294 0.024837083487028157
3.81415 0.024749257873566247
3.81535 0.024643867137411957
3.81656 0.02457360664664243
3.81777 0.02452091127856528
3.81897 0.024415520542410987
3.82018 0.024274999560871934
3.82139 0.024134478579332878
3.82259 0.02406421808856335
3.8238 0.024029087843178584
3.82501 0.023958827352409055
3.82621 0.023853436616254765
3.82742 0.023765611002792855
3.82863 0.023677785389330946
3.82983 0.023607524898561418
3.83104 0.023519699285099508
3.83225 0.023414308548945214
3.83345 0.023344048058175686
3.83466 0.023273787567406157
3.83587 0.02320352707663663
3.83708 0.02311570146317472
3.83828 0.02302787584971281
3.83949 0.0229400502362509
3.8407 0.022869789745481373
3.8419 0.022799529254711844
3.84311 0.02269413851855755
3.84432 0.02260631290509564
3.84552 0.022536052414326112
3.84673 0.02248335704624897
3.84794 0.022395531432787056
3.84914 0.022307705819325147
3.85035 0.022202315083170856
3.85156 0.022114489469708946
3.85276 0.022044228978939418
3.85397 0.02197396848816989
3.85518 0.02188614287470798
3.85638 0.021815882383938452
3.85759 0.021728056770476543
3.8588 0.021657796279707014
3.86 0.02155240554355272
3.86121 0.02144701480739843
3.86242 0.02135918919393652
3.86363 0.021288928703166992
3.86483 0.021271363580474607
3.86604 0.021201103089705083
3.86725 0.02111327747624317
3.86845 0.02102545186278126
3.86966 0.020990321617396498
3.87087 0.020955191372011732
3.87207 0.02084980063585744
3.87328 0.020709279654318385
3.87449 0.020603888918164094
3.87569 0.020551193550086947
3.8769 0.02051606330470218
3.87811 0.020428237691240272
3.87931 0.02032284695508598
3.88052 0.02021745621893169
3.88173 0.020147195728162162
3.88293 0.020059370114700253
3.88414 0.019989109623930724
3.88535 0.019936414255853577
3.88655 0.019918849133161196
3.88776 0.01986615376508405
3.88897 0.01976076302892976
3.89018 0.019637807170083083
3.89138 0.019549981556621174
3.89259 0.01951485131123641
3.8938 0.019479721065851646
3.895 0.019391895452389736
3.89621 0.019304069838927827
3.89742 0.0192338093481583
3.89862 0.01918111398008115
3.89983 0.019093288366619242
3.90104 0.019005462753157332
3.90224 0.018935202262387804
3.90345 0.018882506894310657
3.90466 0.018829811526233513
3.90586 0.018741985912771604
3.90707 0.018671725422002076
3.90828 0.018601464931232548
3.90948 0.0185487695631554
3.91069 0.018478509072385872
3.9119 0.018408248581616344
3.9131 0.018337988090846816
3.91431 0.018250162477384906
3.91552 0.018144771741230616
3.91673 0.018056946127768703
3.91793 0.01800425075969156
3.91914 0.017951555391614412
3.92035 0.017898860023537265
3.92155 0.017811034410075356
3.92276 0.017740773919305827
3.92397 0.017688078551228684
3.92517 0.017635383183151537
3.92638 0.01756512269238201
3.92759 0.0174772970789201
3.92879 0.01738947146545819
3.93 0.017336776097381042
3.93121 0.017266515606611514
3.93241 0.017213820238534367
3.93362 0.01716112487045722
3.93483 0.017090864379687695
3.93603 0.017038169011610548
3.93724 0.01696790852084102
3.93845 0.01689764803007149
3.93965 0.016827387539301963
3.94086 0.016774692171224816
3.94207 0.016739561925840054
3.94328 0.016686866557762907
3.94448 0.01661660606699338
3.94569 0.01654634557622385
3.9469 0.016493650208146707
3.9481 0.01644095484006956
3.94931 0.01635312922660765
3.95052 0.016265303613145737
3.95172 0.016212608245068594
3.95293 0.016177477999683828
3.95414 0.016159912876991447
3.95534 0.016124782631606684
3.95655 0.016072087263529537
3.95776 0.01601939189545239
3.95896 0.015966696527375247
3.96017 0.01589643603660572
3.96138 0.01582617554583619
3.96258 0.015755915055066662
3.96379 0.015703219686989515
3.965 0.015685654564297134
3.9662 0.015632959196219987
3.96741 0.015562698705450458
3.96862 0.01549243821468093
3.96983 0.015439742846603783
3.97103 0.01538704747852664
3.97224 0.015316786987757111
3.97345 0.015264091619679964
3.97465 0.015211396251602817
3.97586 0.015158700883525673
3.97707 0.015070875270063764
3.97827 0.015000614779294236
3.97948 0.014930354288524707
3.98069 0.014895224043139942
3.98189 0.01487765892044756
3.9831 0.014842528675062795
3.98431 0.014789833306985651
3.98551 0.014737137938908504
3.98672 0.014666877448138976
3.98793 0.014579051834677066
3.98913 0.014491226221215157
3.99034 0.014420965730445628
3.99155 0.0143507052396761
3.99275 0.014315574994291334
3.99396 0.014245314503521806
3.99517 0.014157488890059897
3.99638 0.014087228399290368
3.99758 0.014034533031213225
3.99879 0.013981837663136078
4.0 0.01391157717236655
4.0012 0.013841316681597021
4.00241 0.013771056190827493
4.00362 0.013700795700057965
4.00482 0.013612970086596055
4.00603 0.013525144473134146
4.00724 0.013454883982364618
4.00844 0.01340218861428747
4.00965 0.013367058368902706
4.01086 0.013331928123517944
4.01206 0.013279232755440797
4.01327 0.013191407141978887
4.01448 0.01312114665120936
4.01568 0.013050886160439831
4.01689 0.012963060546977921
4.0181 0.012892800056208393
4.0193 0.012822539565438865
4.02051 0.012752279074669337
4.02172 0.012699583706592191
4.02293 0.012664453461207427
4.02413 0.012629323215822663
4.02534 0.012576627847745516
4.02655 0.01252393247966837
4.02775 0.012453671988898843
4.02896 0.012383411498129314
4.03017 0.012295585884667405
4.03137 0.012225325393897877
4.03258 0.012155064903128348
4.03379 0.01208480441235882
4.03499 0.012014543921589292
4.0362 0.011961848553512146
4.03741 0.011909153185435
4.03861 0.011891588062742618
4.03982 0.011838892694665473
4.04103 0.011768632203895945
4.04223 0.011698371713126416
4.04344 0.011663241467741652
4.04465 0.011610546099664507
4.04586 0.01155785073158736
4.04706 0.01147002511812545
4.04827 0.011399764627355922
4.04948 0.011364634381971158
4.05068 0.011311939013894013
4.05189 0.011224113400432102
4.0531 0.011153852909662573
4.0543 0.011101157541585428
4.05551 0.011048462173508281
4.05672 0.0110308970508159
4.05792 0.010978201682738754
4.05913 0.01094307143735399
4.06034 0.010890376069276843
4.06154 0.010855245823892079
4.06275 0.01078498533312255
4.06396 0.010714724842353024
4.06516 0.010644464351583496
4.06637 0.010591768983506349
4.06758 0.010556638738121585
4.06878 0.01052150849273682
4.06999 0.010486378247352057
4.0712 0.010433682879274911
4.07241 0.010363422388505383
4.07361 0.010310727020428238
4.07482 0.010275596775043474
4.07603 0.01024046652965871
4.07723 0.010187771161581564
4.07844 0.010135075793504417
4.07965 0.010099945548119653
4.08085 0.010047250180042508
4.08206 0.00997698968927298
4.08327 0.009906729198503453
4.08447 0.009854033830426306
4.08568 0.009818903585041542
4.08689 0.009783773339656777
4.08809 0.009748643094272013
4.0893 0.009695947726194868
4.09051 0.009643252358117723
4.09171 0.009608122112732959
4.09292 0.009572991867348194
4.09413 0.00953786162196343
4.09533 0.009502731376578666
4.09654 0.009450036008501521
4.09775 0.009379775517731993
4.09896 0.009327080149654846
4.10016 0.0092743847815777
4.10137 0.009256819658885319
4.10258 0.009256819658885319
4.10378 0.009256819658885319
4.10499 0.009239254536192936
4.1062 0.009221689413500555
4.1074 0.009204124290808172
4.10861 0.009204124290808172
4.10982 0.009204124290808172
4.11102 0.009204124290808172
4.11223 0.009204124290808172
4.11344 0.009239254536192936
4.11464 0.009327080149654846
4.11585 0.009450036008501521
4.11706 0.009572991867348194
4.11826 0.009695947726194868
4.11947 0.009766208216964396
4.12068 0.009783773339656777
4.12188 0.009748643094272013
4.12309 0.00962568723542534
4.1243 0.009432470885809138
4.12551 0.009221689413500555
4.12671 0.00901090794119197
4.12792 0.00883525671426815
4.12913 0.008677170610036712
4.13033 0.008536649628497655
4.13154 0.008431258892343363
4.13275 0.008343433278881453
4.13395 0.008290737910804308
4.13516 0.00822047742003478
4.13637 0.008132651806572869
4.13757 0.008027261070418578
4.13878 0.007939435456956667
4.13999 0.007904305211571903
4.14119 0.007886740088879522
4.1424 0.007851609843494757
4.14361 0.007798914475417612
4.14481 0.007711088861955701
4.14602 0.007640828371186173
4.14723 0.007588133003109027
4.14843 0.007517872512339499
4.14964 0.007465177144262354
4.15085 0.007412481776185207
4.15206 0.0073773515308004425
4.15326 0.007324656162723297
4.15447 0.00727196079464615
4.15568 0.007201700303876624
4.15688 0.007131439813107095
4.15809 0.007078744445029948
4.1593 0.007043614199645184
4.1605 0.007026049076952803
4.16171 0.00700848395426042
4.16292 0.006973353708875656
4.16412 0.0069382234634908935
4.16533 0.006867962972721365
4.16654 0.006815267604644219
4.16774 0.006745007113874691
4.16895 0.006692311745797545
4.17016 0.0066396163777203985
4.17136 0.006604486132335634
4.17257 0.00656935588695087
4.17378 0.006516660518873725
4.17498 0.006481530273488961
4.17619 0.006463965150796579
4.1774 0.0064288349054118146
4.17861 0.006358574414642286
4.17981 0.006270748801180376
4.18102 0.006200488310410849
4.18223 0.0061653580650260845
4.18343 0.006147792942333702
4.18464 0.00613022781964132
4.18585 0.006077532451564174
4.18705 0.00604240220617941
4.18826 0.006007271960794646
4.18947 0.005989706838102264
4.19067 0.005989706838102264
4.19188 0.0059545765927175
4.19309 0.005901881224640354
4.19429 0.005849185856563208
4.1955 0.005814055611178444
4.19671 0.005814055611178444
4.19791 0.00577892536579368
4.19912 0.005726229997716534
4.20033 0.005655969506947006
4.20153 0.005585709016177478
4.20274 0.005550578770792714
4.20395 0.005533013648100332
4.20516 0.00551544852540795
4.20636 0.005480318280023186
4.20757 0.005445188034638422
4.20878 0.0054100577892536575
4.20998 0.005357362421176512
4.21119 0.005322232175791748
4.2124 0.005269536807714602
4.2136 0.005216841439637456
4.21481 0.0051817111942526915
4.21602 0.005129015826175545
4.21722 0.005093885580790782
4.21843 0.005058755335406018
4.21964 0.005023625090021254
4.22084 0.00498849484463649
4.22205 0.004970929721944108
4.22326 0.004935799476559344
4.22446 0.00490066923117458
4.22567 0.004865538985789816
4.22688 0.004847973863097434
4.22808 0.004830408740405052
4.22929 0.004795278495020288
4.2305 0.0047601482496355246
4.23171 0.004707452881558378
4.23291 0.00463719239078885
4.23412 0.004584497022711704
4.23533 0.00454936677732694
4.23653 0.004531801654634558
4.23774 0.00454936677732694
4.23895 0.004566931900019322
4.24015 0.00454936677732694
4.24136 0.004514236531942176
4.24257 0.004443976041172648
4.24377 0.00437371555040312
4.24498 0.004338585305018356
4.24619 0.004321020182325974
4.24739 0.004321020182325974
4.2486 0.004321020182325974
4.24981 0.004303455059633592
4.25101 0.004250759691556446
4.25222 0.0042156294461716814
4.25343 0.004162934078094536
4.25463 0.00411023871001739
4.25584 0.004039978219247862
4.25705 0.003934587483093569
4.25826 0.0038116316242468957
4.25946 0.0037062408880926033
4.26067 0.0035832850292459298
4.26188 0.0034603291703992553
4.26308 0.003302243066167817
4.26429 0.003126591839243997
4.2655 0.002986070857704941
4.2667 0.002880680121550649
4.26791 0.002827984753473503
4.26912 0.002845549876165885
4.27032 0.002915810366935413
4.27153 0.003038766225782087
4.27274 0.003161722084628761
4.27394 0.0032671128207830535
4.27515 0.0033373733115525813
4.27636 0.0033725035569373454
4.27756 0.0033900686796297275
4.27877 0.003425198925014491
4.27998 0.0034427640477068732
4.28119 0.0034778942930916374
4.28239 0.0034427640477068732
4.2836 0.0034076338023221095
4.28481 0.0033373733115525813
4.28601 0.003284677943475435
4.28722 0.0032319825753982893
4.28843 0.003179287207321143
4.28963 0.003126591839243997
4.29084 0.0030914615938592333
4.29205 0.003038766225782087
4.29325 0.003021201103089705
4.29446 0.003003635980397323
4.29567 0.002986070857704941
4.29687 0.0029685057350125593
4.29808 0.0029685057350125593
4.29929 0.0029685057350125593
4.30049 0.0029685057350125593
4.3017 0.002933375489627795
4.30291 0.002880680121550649
4.30411 0.002845549876165885
4.30532 0.002810419630781121
4.30653 0.002792854508088739
4.30774 0.002775289385396357
4.30894 0.002740159140011593
4.31015 0.0026874637719344467
4.31136 0.002652333526549683
4.31256 0.002617203281164919
4.31377 0.0025820730357801547
4.31498 0.002546942790395391
4.31618 0.002494247422318245
4.31739 0.002459117176933481
4.3186 0.002441552054241099
4.3198 0.002423986931548717
4.32101 0.002423986931548717
4.32222 0.002406421808856335
4.32342 0.002353726440779189
4.32463 0.002318596195394425
4.32584 0.002301031072702043
4.32704 0.002301031072702043
4.32825 0.002283465950009661
4.32946 0.0022483357046248972
4.33066 0.002213205459240133
4.33187 0.002178075213855369
4.33308 0.002160510091162987
4.33429 0.002142944968470605
4.33549 0.002142944968470605
4.3367 0.0021078147230858407
4.33791 0.002072684477701077
4.33911 0.002037554232316313
4.34032 0.0020024239869315488
4.34153 0.0019672937415467846
4.34273 0.001949728618854403
4.34394 0.0019145983734696389
4.34515 0.0018970332507772568
4.34635 0.0018794681280848748
4.34756 0.0018619030053924927
4.34877 0.0018443378827001106
4.34997 0.0018267727600077286
4.35118 0.0018267727600077286
4.35239 0.001809207637315347
4.35359 0.0017916425146229649
4.3548 0.0017389471465458187
4.35601 0.0017038169011610548
4.35721 0.0016686866557762906
4.35842 0.0016335564103915267
4.35963 0.0016159912876991447
4.36084 0.0015808610423143805
4.36204 0.0015457307969296166
4.36325 0.0015281656742372346
4.36446 0.0015281656742372346
4.36566 0.0015106005515448525
4.36687 0.0014754703061600886
4.36808 0.0014403400607753245
4.36928 0.0014052098153905606
4.37049 0.0013876446926981785
4.3717 0.0013700795700057964
4.3729 0.0013525144473134144
4.37411 0.0013173842019286505
4.37532 0.0012822539565438863
4.37652 0.0012295585884667406
4.37773 0.0012119934657743585
4.37894 0.0012119934657743585
4.38014 0.0012295585884667406
4.38135 0.0012471237111591224
4.38256 0.0012119934657743585
4.38376 0.0011417329750048305
4.38497 0.0010890376069276845
4.38618 0.0010714724842353024
4.38739 0.0010714724842353024
4.38859 0.0010714724842353024
4.3898 0.0010539073615429204
4.39101 0.0010187771161581565
4.39221 0.0010012119934657744
4.39342 0.0009836468707733923
4.39463 0.0009836468707733923
4.39583 0.0009836468707733923
4.39704 0.0009485166253886284
4.39825 0.0009133863800038643
4.39945 0.0008782561346191004
4.40066 0.0008431258892343364
4.40187 0.0008255607665419543
4.40307 0.0008255607665419543
4.40428 0.0008079956438495723
4.40549 0.0007728653984648083
4.40669 0.0007377351530800443
4.4079 0.0007201700303876622
4.40911 0.0006850397850028982
4.41031 0.0006674746623105163
4.41152 0.0006499095396181342
4.41273 0.0006323444169257522
4.41394 0.0005972141715409883
4.41514 0.0005972141715409883
4.41635 0.0005796490488486063
4.41756 0.0005796490488486063
4.41876 0.0005620839261562243
4.41997 0.0005269536807714602
4.42118 0.0005093885580790782
4.42238 0.0004742583126943142
4.42359 0.0004742583126943142
4.4248 0.0004742583126943142
4.426 0.0004742583126943142
4.42721 0.0004742583126943142
4.42842 0.0004742583126943142
4.42962 0.00045669319000193214
4.43083 0.0004215629446171682
4.43204 0.00040399782192478617
4.43324 0.0004215629446171682
4.43445 0.0004215629446171682
4.43566 0.00040399782192478617
4.43686 0.00038643269923240416
4.43807 0.00035130245384764014
4.43928 0.00033373733115525813
4.44049 0.00035130245384764014
4.44169 0.00035130245384764014
4.4429 0.00033373733115525813
4.44411 0.0002634768403857301
4.44531 0.0002107814723085841
4.44652 0.00019321634961620208
4.44773 0.00019321634961620208
4.44893 0.0002107814723085841
4.45014 0.0002107814723085841
4.45135 0.00017565122692382007
4.45255 0.00014052098153905608
4.45376 8.782561346191003e-05
4.45497 7.026049076952804e-05
4.45617 5.269536807714602e-05
4.45738 3.513024538476402e-05
4.45859 3.513024538476402e-05
4.45979 1.756512269238201e-05
4.461 0.0
4.46221 0.0
4.46341 1.756512269238201e-05
4.46462 1.756512269238201e-05
4.46583 1.756512269238201e-05
4.46704 -1.756512269238201e-05
4.46824 -5.269536807714602e-05
4.46945 -7.026049076952804e-05
4.47066 -7.026049076952804e-05
4.47186 -7.026049076952804e-05
4.47307 -8.782561346191003e-05
4.47428 -0.00012295585884667404
4.47548 -0.00015808610423143806
4.47669 -0.00019321634961620208
4.4779 -0.0002107814723085841
4.4791 -0.00022834659500096607
4.48031 -0.0002459117176933481
4.48152 -0.0002459117176933481
4.48272 -0.00028104196307811215
4.48393 -0.0003161722084628761
4.48514 -0.00033373733115525813
4.48634 -0.00033373733115525813
4.48755 -0.00033373733115525813
4.48876 -0.00036886757654002215
4.48997 -0.00040399782192478617
4.49117 -0.0004215629446171682
4.49238 -0.0004391280673095502
4.49359 -0.0004391280673095502
4.49479 -0.0004215629446171682
4.496 -0.0004391280673095502
4.49721 -0.00045669319000193214
4.49841 -0.0004918234353866962
4.49962 -0.0005093885580790782
4.50083 -0.0005269536807714602
4.50203 -0.0005445188034638422
4.50324 -0.0005445188034638422
4.50445 -0.0005620839261562243
4.50565 -0.0005620839261562243
4.50686 -0.0005796490488486063
4.50807 -0.0005796490488486063
4.50927 -0.0005972141715409883
4.51048 -0.0005972141715409883
4.51169 -0.0006147792942333703
4.51289 -0.0006323444169257522
4.5141 -0.0006674746623105163
4.51531 -0.0006850397850028982
4.51652 -0.0007026049076952803
4.51772 -0.0006850397850028982
4.51893 -0.0006674746623105163
4.52014 -0.0006499095396181342
4.52134 -0.0006499095396181342
4.52255 -0.0006674746623105163
4.52376 -0.0007201700303876622
4.52496 -0.0007553002757724263
4.52617 -0.0007728653984648083
4.52738 -0.0007904305211571903
4.52858 -0.0008079956438495723
4.52979 -0.0008255607665419543
4.531 -0.0008431258892343364
4.5322 -0.0008782561346191004
4.53341 -0.0008782561346191004
4.53462 -0.0008782561346191004
4.53582 -0.0008782561346191004
4.53703 -0.0008958212573114824
4.53824 -0.0009133863800038643
4.53944 -0.0009660817480810105
4.54065 -0.0009836468707733923
4.54186 -0.0009836468707733923
4.54307 -0.0009836468707733923
4.54427 -0.0009660817480810105
4.54548 -0.0009660817480810105
4.54669 -0.0009660817480810105
4.54789 -0.0009836468707733923
4.5491 -0.0009660817480810105
4.55031 -0.0009485166253886284
4.55151 -0.0009309515026962463
4.55272 -0.0009485166253886284
4.55393 -0.0009660817480810105
4.55513 -0.0009660817480810105
4.55634 -0.0009660817480810105
4.55755 -0.0009660817480810105
4.55875 -0.0009485166253886284
4.55996 -0.0009660817480810105
4.56117 -0.0010012119934657744
4.56237 -0.0010539073615429204
4.56358 -0.0010890376069276845
4.56479 -0.0011241678523124486
4.56599 -0.0011066027296200666
4.5672 -0.0010890376069276845
4.56841 -0.0010539073615429204
4.56962 -0.0010539073615429204
4.57082 -0.0010539073615429204
4.57203 -0.0010539073615429204
4.57324 -0.0010539073615429204
4.57444 -0.0010539073615429204
4.57565 -0.0010363422388505385
4.57686 -0.0010363422388505385
4.57806 -0.0010363422388505385
4.57927 -0.0010539073615429204
4.58048 -0.0010539073615429204
4.58168 -0.0010539073615429204
4.58289 -0.0010363422388505385
4.5841 -0.0010363422388505385
4.5853 -0.0010363422388505385
4.58651 -0.0010539073615429204
4.58772 -0.0010890376069276845
4.58892 -0.0010890376069276845
4.59013 -0.0010890376069276845
4.59134 -0.0010714724842353024
4.59254 -0.0010539073615429204
4.59375 -0.0010187771161581565
4.59496 -0.0009836468707733923
4.59617 -0.0009660817480810105
4.59737 -0.0009660817480810105
4.59858 -0.0009660817480810105
4.59979 -0.0009660817480810105
4.60099 -0.0009485166253886284
4.6022 -0.0009485166253886284
4.60341 -0.0009309515026962463
4.60461 -0.0009309515026962463
4.60582 -0.0009309515026962463
4.60703 -0.0009309515026962463
4.60823 -0.0009485166253886284
4.60944 -0.0009660817480810105
4.61065 -0.0009485166253886284
4.61185 -0.0009485166253886284
4.61306 -0.0009133863800038643
4.61427 -0.0008958212573114824
4.61547 -0.0008606910119267183
4.61668 -0.0008431258892343364
4.61789 -0.0008255607665419543
4.61909 -0.0008255607665419543
4.6203 -0.0008431258892343364
4.62151 -0.0008431258892343364
4.62272 -0.0008431258892343364
4.62392 -0.0008255607665419543
4.62513 -0.0008079956438495723
4.62634 -0.0007904305211571903
4.62754 -0.0007728653984648083
4.62875 -0.0007904305211571903
4.62996 -0.0008079956438495723
4.63116 -0.0008255607665419543
4.63237 -0.0008079956438495723
4.63358 -0.0007728653984648083
4.63478 -0.0007553002757724263
4.63599 -0.0007377351530800443
4.6372 -0.0007377351530800443
4.6384 -0.0007377351530800443
4.63961 -0.0007377351530800443
4.64082 -0.0007201700303876622
4.64202 -0.0006850397850028982
4.64323 -0.0006499095396181342
4.64444 -0.0006323444169257522
4.64564 -0.0006147792942333703
4.64685 -0.0006147792942333703
4.64806 -0.0006147792942333703
4.64927 -0.0005972141715409883
4.65047 -0.0005796490488486063
4.65168 -0.0005620839261562243
4.65289 -0.0005445188034638422
4.65409 -0.0005269536807714602
4.6553 -0.0005093885580790782
4.65651 -0.0004742583126943142
4.65771 -0.00045669319000193214
4.65892 -0.00045669319000193214
4.66013 -0.0004742583126943142
4.66133 -0.0004918234353866962
4.66254 -0.0004918234353866962
4.66375 -0.0004742583126943142
4.66495 -0.00045669319000193214
4.66616 -0.00040399782192478617
4.66737 -0.00036886757654002215
4.66857 -0.00035130245384764014
4.66978 -0.00035130245384764014
4.67099 -0.00035130245384764014
4.67219 -0.00033373733115525813
4.6734 -0.0003161722084628761
4.67461 -0.00029860708577049416
4.67582 -0.00028104196307811215
4.67702 -0.0002634768403857301
4.67823 -0.0002634768403857301
4.67944 -0.0002634768403857301
4.68064 -0.0002459117176933481
4.68185 -0.00022834659500096607
4.68306 -0.0002107814723085841
4.68426 -0.0002107814723085841
4.68547 -0.00022834659500096607
4.68668 -0.00022834659500096607
4.68788 -0.00022834659500096607
4.68909 -0.00022834659500096607
4.6903 -0.00019321634961620208
4.6915 -0.00017565122692382007
4.69271 -0.00014052098153905608
4.69392 -0.00014052098153905608
4.69512 -0.00012295585884667404
4.69633 -0.00012295585884667404
4.69754 -0.00012295585884667404
4.69875 -0.00012295585884667404
4.69995 -0.00010539073615429204
4.70116 -0.00010539073615429204
4.70237 -8.782561346191003e-05
4.70357 -8.782561346191003e-05
4.70478 -8.782561346191003e-05
4.70599 -8.782561346191003e-05
4.70719 -8.782561346191003e-05
4.7084 -8.782561346191003e-05
4.70961 -8.782561346191003e-05
4.71081 -8.782561346191003e-05
4.71202 -7.026049076952804e-05
4.71323 -7.026049076952804e-05
4.71443 -7.026049076952804e-05
4.71564 -7.026049076952804e-05
4.71685 -7.026049076952804e-05
4.71805 -7.026049076952804e-05
4.71926 -7.026049076952804e-05
4.72047 -7.026049076952804e-05
4.72167 -8.782561346191003e-05
4.72288 -8.782561346191003e-05
4.72409 -7.026049076952804e-05
4.7253 -5.269536807714602e-05
4.7265 -3.513024538476402e-05
4.72771 -1.756512269238201e-05
4.72892 0.0
4.73012 0.0
4.73133 -1.756512269238201e-05
4.73254 -5.269536807714602e-05
4.73374 -5.269536807714602e-05
4.73495 -3.513024538476402e-05
4.73616 -1.756512269238201e-05
4.73736 -1.756512269238201e-05
4.73857 -3.513024538476402e-05
4.73978 -3.513024538476402e-05
4.74098 -5.269536807714602e-05
4.74219 -5.269536807714602e-05
4.7434 -3.513024538476402e-05
4.7446 -3.513024538476402e-05
4.74581 -3.513024538476402e-05
4.74702 -5.269536807714602e-05
4.74822 -8.782561346191003e-05
4.74943 -0.00010539073615429204
4.75064 -0.00012295585884667404
4.75185 -0.00010539073615429204
4.75305 -0.00010539073615429204
4.75426 -0.00010539073615429204
4.75547 -0.00010539073615429204
4.75667 -0.00012295585884667404
4.75788 -0.00012295585884667404
4.75909 -0.00012295585884667404
4.76029 -0.00010539073615429204
4.7615 -7.026049076952804e-05
4.76271 -7.026049076952804e-05
4.76391 -7.026049076952804e-05
4.76512 -7.026049076952804e-05
4.76633 -7.026049076952804e-05
4.76753 -5.269536807714602e-05
4.76874 -1.756512269238201e-05
4.76995 0.0
4.77115 1.756512269238201e-05
4.77236 1.756512269238201e-05
4.77357 1.756512269238201e-05
4.77477 0.0
4.77598 0.0
4.77719 1.756512269238201e-05
4.7784 3.513024538476402e-05
4.7796 3.513024538476402e-05
4.78081 3.513024538476402e-05
4.78202 3.513024538476402e-05
4.78322 3.513024538476402e-05
4.78443 3.513024538476402e-05
4.78564 5.269536807714602e-05
4.78684 5.269536807714602e-05
4.78805 3.513024538476402e-05
4.78926 3.513024538476402e-05
4.79046 3.513024538476402e-05
4.79167 3.513024538476402e-05
4.79288 5.269536807714602e-05
4.79408 7.026049076952804e-05
4.79529 0.00010539073615429204
4.7965 0.00012295585884667404
4.7977 0.00014052098153905608
4.79891 0.00015808610423143806
4.80012 0.00015808610423143806
4.80132 0.00015808610423143806
4.80253 0.00015808610423143806
4.80374 0.00015808610423143806
4.80495 0.00015808610423143806
4.80615 0.00015808610423143806
4.80736 0.00017565122692382007
4.80857 0.00017565122692382007
4.80977 0.00019321634961620208
4.81098 0.0002107814723085841
4.81219 0.0002107814723085841
4.81339 0.00022834659500096607
4.8146 0.0002459117176933481
4.81581 0.0002634768403857301
4.81701 0.0002634768403857301
4.81822 0.0002634768403857301
4.81943 0.0002459117176933481
4.82063 0.0002459117176933481
4.82184 0.0002459117176933481
4.82305 0.0002459117176933481
4.82425 0.0002459117176933481
4.82546 0.0002634768403857301
4.82667 0.0002634768403857301
4.82787 0.0002634768403857301
4.82908 0.0002634768403857301
4.83029 0.00028104196307811215
4.8315 0.00029860708577049416
4.8327 0.0003161722084628761
4.83391 0.00033373733115525813
4.83512 0.00033373733115525813
4.83632 0.0003161722084628761
4.83753 0.00029860708577049416
4.83874 0.00028104196307811215
4.83994 0.00029860708577049416
4.84115 0.00029860708577049416
4.84236 0.00033373733115525813
4.84356 0.00035130245384764014
4.84477 0.00036886757654002215
4.84598 0.00036886757654002215
4.84718 0.00035130245384764014
4.84839 0.00035130245384764014
4.8496 0.00035130245384764014
4.8508 0.00036886757654002215
4.85201 0.00038643269923240416
4.85322 0.0004215629446171682
4.85442 0.0004215629446171682
4.85563 0.0004215629446171682
4.85684 0.00040399782192478617
4.85805 0.00038643269923240416
4.85925 0.00036886757654002215
4.86046 0.00036886757654002215
4.86167 0.00036886757654002215
4.86287 0.00036886757654002215
4.86408 0.00036886757654002215
4.86529 0.00036886757654002215
4.86649 0.00036886757654002215
4.8677 0.00036886757654002215
4.86891 0.00038643269923240416
4.87011 0.00038643269923240416
4.87132 0.00038643269923240416
4.87253 0.00036886757654002215
4.87373 0.00035130245384764014
4.87494 0.00033373733115525813
4.87615 0.0003161722084628761
4.87735 0.0003161722084628761
4.87856 0.0003161722084628761
4.87977 0.0003161722084628761
4.88097 0.0003161722084628761
4.88218 0.0003161722084628761
4.88339 0.0003161722084628761
4.8846 0.00033373733115525813
4.8858 0.00035130245384764014
4.88701 0.00038643269923240416
4.88822 0.00040399782192478617
4.88942 0.0004215629446171682
4.89063 0.0004215629446171682
4.89184 0.0004215629446171682
4.89304 0.00040399782192478617
4.89425 0.00040399782192478617
4.89546 0.0004215629446171682
4.89666 0.0004215629446171682
4.89787 0.0004391280673095502
4.89908 0.00045669319000193214
4.90028 0.0004742583126943142
4.90149 0.0004742583126943142
4.9027 0.0004742583126943142
4.9039 0.0004742583126943142
4.90511 0.00045669319000193214
4.90632 0.00045669319000193214
4.90753 0.00045669319000193214
4.90873 0.00045669319000193214
4.90994 0.0004742583126943142
4.91115 0.0004742583126943142
4.91235 0.0004742583126943142
4.91356 0.0004742583126943142
4.91477 0.00045669319000193214
4.91597 0.00045669319000193214
4.91718 0.0004742583126943142
4.91839 0.0004918234353866962
4.91959 0.0005093885580790782
4.9208 0.0005269536807714602
4.92201 0.0005269536807714602
4.92321 0.0005269536807714602
4.92442 0.0005269536807714602
4.92563 0.0005269536807714602
4.92683 0.0005445188034638422
4.92804 0.0005620839261562243
4.92925 0.0005796490488486063
4.93045 0.0005972141715409883
4.93166 0.0005972141715409883
4.93287 0.0005796490488486063
4.93408 0.0005796490488486063
4.93528 0.0005620839261562243
4.93649 0.0005620839261562243
4.9377 0.0005620839261562243
4.9389 0.0005620839261562243
4.94011 0.0005620839261562243
4.94132 0.0005796490488486063
4.94252 0.0005796490488486063
4.94373 0.0005972141715409883
4.94494 0.0006147792942333703
4.94614 0.0006323444169257522
4.94735 0.0006499095396181342
4.94856 0.0006499095396181342
4.94976 0.0006499095396181342
4.95097 0.0006323444169257522
4.95218 0.0006147792942333703
4.95338 0.0006147792942333703
4.95459 0.0006147792942333703
4.9558 0.0006323444169257522
4.957 0.0006499095396181342
4.95821 0.0006499095396181342
4.95942 0.0006499095396181342
4.96063 0.0006499095396181342
4.96183 0.0006323444169257522
4.96304 0.0006323444169257522
4.96425 0.0006147792942333703
4.96545 0.0006147792942333703
4.96666 0.0006323444169257522
4.96787 0.0006323444169257522
4.96907 0.0006323444169257522
4.97028 0.0006323444169257522
4.97149 0.0006323444169257522
4.97269 0.0006147792942333703
4.9739 0.0006147792942333703
4.97511 0.0005972141715409883
4.97631 0.0005796490488486063
4.97752 0.0005796490488486063
4.97873 0.0005796490488486063
4.97993 0.0005620839261562243
4.98114 0.0005445188034638422
4.98235 0.0005093885580790782
4.98355 0.0004918234353866962
4.98476 0.00045669319000193214
4.98597 0.0004215629446171682
4.98718 0.00040399782192478617
4.98838 0.00040399782192478617
4.98959 0.00038643269923240416
4.9908 0.00035130245384764014
4.992 0.00033373733115525813
4.99321 0.00029860708577049416
4.99442 0.00028104196307811215
4.99562 0.00028104196307811215
4.99683 0.00028104196307811215
4.99804 0.00028104196307811215
4.99924 0.00028104196307811215
5.00045 0.00028104196307811215
5.00166 0.0002459117176933481
5.00286 0.00022834659500096607
5.00407 0.00019321634961620208
5.00528 0.00017565122692382007
5.00648 0.00015808610423143806
5.00769 0.00014052098153905608
5.0089 0.00010539073615429204
5.0101 8.782561346191003e-05
5.01131 5.269536807714602e-05
5.01252 3.513024538476402e-05
5.01373 3.513024538476402e-05
5.01493 3.513024538476402e-05
5.01614 7.026049076952804e-05
5.01735 8.782561346191003e-05
5.01855 0.00010539073615429204
5.01976 0.00010539073615429204
5.02097 7.026049076952804e-05
5.02217 1.756512269238201e-05
5.02338 -1.756512269238201e-05
5.02459 -5.269536807714602e-05
5.02579 -5.269536807714602e-05
5.027 -5.269536807714602e-05
5.02821 -3.513024538476402e-05
5.02941 -3.513024538476402e-05
5.03062 -5.269536807714602e-05
5.03183 -7.026049076952804e-05
5.03303 -7.026049076952804e-05
5.03424 -7.026049076952804e-05
5.03545 -5.269536807714602e-05
5.03665 -5.269536807714602e-05
5.03786 -5.269536807714602e-05
5.03907 -7.026049076952804e-05
5.04028 -0.00010539073615429204
5.04148 -0.00012295585884667404
5.04269 -0.00014052098153905608
5.0439 -0.00015808610423143806
5.0451 -0.00015808610423143806
5.04631 -0.00014052098153905608
5.04752 -0.00014052098153905608
5.04872 -0.00014052098153905608
5.04993 -0.00014052098153905608
5.05114 -0.00014052098153905608
5.05234 -0.00014052098153905608
5.05355 -0.00014052098153905608
5.05476 -0.00012295585884667404
5.05596 -0.00012295585884667404
5.05717 -0.00012295585884667404
5.05838 -0.00012295585884667404
5.05958 -0.00012295585884667404
5.06079 -0.00012295585884667404
5.062 -0.00010539073615429204
5.0632 -8.782561346191003e-05
5.06441 -7.026049076952804e-05
5.06562 -5.269536807714602e-05
5.06683 -5.269536807714602e-05
5.06803 -3.513024538476402e-05
5.06924 -3.513024538476402e-05
5.07045 -3.513024538476402e-05
5.07165 -3.513024538476402e-05
5.07286 -3.513024538476402e-05
5.07407 -1.756512269238201e-05
5.07527 -1.756512269238201e-05
5.07648 -1.756512269238201e-05
5.07769 -1.756512269238201e-05
5.07889 0.0
5.0801 3.513024538476402e-05
5.08131 5.269536807714602e-05
5.08251 7.026049076952804e-05
5.08372 8.782561346191003e-05
5.08493 8.782561346191003e-05
5.08613 7.026049076952804e-05
5.08734 7.026049076952804e-05
5.08855 5.269536807714602e-05
5.08975 3.513024538476402e-05
5.09096 1.756512269238201e-05
5.09217 0.0
5.09338 -1.756512269238201e-05
5.09458 -1.756512269238201e-05
5.09579 -1.756512269238201e-05
5.097 -1.756512269238201e-05
5.0982 0.0
5.09941 1.756512269238201e-05
5.10062 1.756512269238201e-05
5.10182 0.0
5.10303 -3.513024538476402e-05
5.10424 -5.269536807714602e-05
5.10544 -5.269536807714602e-05
5.10665 -5.269536807714602e-05
5.10786 -3.513024538476402e-05
5.10906 -1.756512269238201e-05
5.11027 -0.0
5.11148 -0.0
5.11268 -0.0
5.11389 -1.756512269238201e-05
5.1151 -1.756512269238201e-05
5.11631 -0.0
5.11751 0.0
5.11872 0.0
5.11993 -0.0
5.12113 -1.756512269238201e-05
5.12234 -3.513024538476402e-05
5.12355 -7.026049076952804e-05
5.12475 -8.782561346191003e-05
5.12596 -8.782561346191003e-05
5.12717 -7.026049076952804e-05
5.12837 -5.269536807714602e-05
5.12958 -3.513024538476402e-05
5.13079 -3.513024538476402e-05
5.13199 -3.513024538476402e-05
5.1332 -5.269536807714602e-05
5.13441 -5.269536807714602e-05
5.13561 -5.269536807714602e-05
5.13682 -5.269536807714602e-05
5.13803 -5.269536807714602e-05
5.13923 -7.026049076952804e-05
5.14044 -8.782561346191003e-05
5.14165 -0.00010539073615429204
5.14286 -0.00012295585884667404
5.14406 -0.00012295585884667404
5.14527 -8.782561346191003e-05
5.14648 -7.026049076952804e-05
5.14768 -5.269536807714602e-05
5.14889 -5.269536807714602e-05
5.1501 -8.782561346191003e-05
5.1513 -0.00012295585884667404
5.15251 -0.00015808610423143806
5.15372 -0.00017565122692382007
5.15492 -0.00019321634961620208
5.15613 -0.00019321634961620208
5.15734 -0.00019321634961620208
5.15854 -0.00019321634961620208
5.15975 -0.0002107814723085841
5.16096 -0.00022834659500096607
5.16216 -0.0002459117176933481
5.16337 -0.00028104196307811215
5.16458 -0.00029860708577049416
5.16578 -0.00033373733115525813
5.16699 -0.00035130245384764014
5.1682 -0.00036886757654002215
5.16941 -0.00038643269923240416
5.17061 -0.00040399782192478617
5.17182 -0.0004215629446171682
5.17303 -0.00045669319000193214
5.17423 -0.0004742583126943142
5.17544 -0.0005093885580790782
5.17665 -0.0005445188034638422
5.17785 -0.0005796490488486063
5.17906 -0.0006147792942333703
5.18027 -0.0006499095396181342
5.18147 -0.0006850397850028982
5.18268 -0.0007201700303876622
5.18389 -0.0007553002757724263
5.18509 -0.0007904305211571903
5.1863 -0.0008079956438495723
5.18751 -0.0008431258892343364
5.18871 -0.0008606910119267183
5.18992 -0.0008958212573114824
5.19113 -0.0009485166253886284
5.19233 -0.0009836468707733923
5.19354 -0.0010187771161581565
5.19475 -0.0010539073615429204
5.19596 -0.0010714724842353024
5.19716 -0.0010890376069276845
5.19837 -0.0011066027296200666
5.19958 -0.0011241678523124486
5.20078 -0.0011417329750048305
5.20199 -0.0011768632203895946
5.2032 -0.0011944283430819767
5.2044 -0.0012471237111591224
5.20561 -0.0012822539565438863
5.20682 -0.0013349493246210325
5.20802 -0.0013700795700057964
5.20923 -0.0013876446926981785
5.21044 -0.0014052098153905606
5.21164 -0.0014052098153905606
5.21285 -0.0014052098153905606
5.21406 -0.0014227749380829424
5.21526 -0.0014754703061600886
5.21647 -0.0015281656742372346
5.21768 -0.0015808610423143805
5.21888 -0.0016159912876991447
5.22009 -0.0016511215330839086
5.2213 -0.0016686866557762906
5.22251 -0.0016862517784686727
5.22371 -0.0017213820238534366
5.22492 -0.0017565122692382007
5.22613 -0.001809207637315347
5.22733 -0.0018443378827001106
5.22854 -0.0018794681280848748
5.22975 -0.0019145983734696389
5.23095 -0.0019145983734696389
5.23216 -0.0019145983734696389
5.23337 -0.0018970332507772568
5.23457 -0.0018970332507772568
5.23578 -0.0019145983734696389
5.23699 -0.001932163496162021
5.23819 -0.0019672937415467846
5.2394 -0.0020024239869315488
5.24061 -0.002055119355008695
5.24181 -0.002090249600393459
5.24302 -0.002125379845778223
5.24423 -0.002160510091162987
5.24543 -0.002178075213855369
5.24664 -0.002213205459240133
5.24785 -0.0022483357046248972
5.24906 -0.002265900827317279
5.25026 -0.002301031072702043
5.25147 -0.002318596195394425
5.25268 -0.002336161318086807
5.25388 -0.002353726440779189
5.25509 -0.002353726440779189
5.2563 -0.0023712915634715712
5.2575 -0.002406421808856335
5.25871 -0.002423986931548717
5.25992 -0.002459117176933481
5.26112 -0.002494247422318245
5.26233 -0.002511812545010627
5.26354 -0.002546942790395391
5.26474 -0.0025645079130877727
5.26595 -0.0025820730357801547
5.26716 -0.0025996381584725368
5.26836 -0.002617203281164919
5.26957 -0.002617203281164919
5.27078 -0.002634768403857301
5.27198 -0.002634768403857301
5.27319 -0.002652333526549683
5.2744 -0.002669898649242065
5.27561 -0.0027050288946268287
5.27681 -0.002740159140011593
5.27802 -0.002792854508088739
5.27923 -0.002845549876165885
5.28043 -0.002880680121550649
5.28164 -0.002915810366935413
5.28285 -0.002933375489627795
5.28405 -0.002950940612320177
5.28526 -0.0029685057350125593
5.28647 -0.003003635980397323
5.28767 -0.003021201103089705
5.28888 -0.003056331348474469
5.29009 -0.003056331348474469
5.29129 -0.0030914615938592333
5.2925 -0.0031090267165516153
5.29371 -0.003144156961936379
5.29491 -0.003196852330013525
5.29612 -0.0032319825753982893
5.29733 -0.003284677943475435
5.29853 -0.0033198081888601992
5.29974 -0.0033373733115525813
5.30095 -0.0033549384342449634
5.30216 -0.0033725035569373454
5.30336 -0.0033900686796297275
5.30457 -0.0034076338023221095
5.30578 -0.003425198925014491
5.30698 -0.0034603291703992553
5.30819 -0.0034778942930916374
5.3094 -0.0035130245384764015
5.3106 -0.0035305896611687836
5.31181 -0.0035305896611687836
5.31302 -0.0035305896611687836
5.31422 -0.0035305896611687836
5.31543 -0.0035481547838611656
5.31664 -0.0035657199065535477
5.31784 -0.0035832850292459298
5.31905 -0.003618415274630694
5.32026 -0.003653545520015457
5.32146 -0.0036886757654002213
5.32267 -0.0037062408880926033
5.32388 -0.0037062408880926033
5.32509 -0.0037062408880926033
5.32629 -0.0037238060107849854
5.3275 -0.0037238060107849854
5.32871 -0.0037413711334773675
5.32991 -0.0037413711334773675
5.33112 -0.0037589362561697495
5.33233 -0.0037589362561697495
5.33353 -0.0037589362561697495
5.33474 -0.0037765013788621316
5.33595 -0.0037765013788621316
5.33715 -0.0037765013788621316
5.33836 -0.0037940665015545137
5.33957 -0.0037940665015545137
5.34077 -0.0038116316242468957
5.34198 -0.0038116316242468957
5.34319 -0.0038116316242468957
5.34439 -0.0038116316242468957
5.3456 -0.0038116316242468957
5.34681 -0.0037940665015545137
5.34801 -0.0037765013788621316
5.34922 -0.0037589362561697495
5.35043 -0.0037413711334773675
5.35164 -0.0037413711334773675
5.35284 -0.0037238060107849854
5.35405 -0.0037238060107849854
5.35526 -0.0037062408880926033
5.35646 -0.0037062408880926033
5.35767 -0.0037062408880926033
5.35888 -0.0036886757654002213
5.36008 -0.0036886757654002213
5.36129 -0.003671110642707839
5.3625 -0.003653545520015457
5.3637 -0.003635980397323075
5.36491 -0.003618415274630694
5.36612 -0.003600850151938312
5.36732 -0.0035832850292459298
5.36853 -0.0035657199065535477
5.36974 -0.0035481547838611656
5.37094 -0.0035130245384764015
5.37215 -0.0034954594157840194
5.37336 -0.0034778942930916374
5.37456 -0.0034427640477068732
5.37577 -0.0034076338023221095
5.37698 -0.0033900686796297275
5.37819 -0.0033725035569373454
5.37939 -0.0033373733115525813
5.3806 -0.0033198081888601992
5.38181 -0.003302243066167817
5.38301 -0.003284677943475435
5.38422 -0.0032495476980906714
5.38543 -0.0032319825753982893
5.38663 -0.003196852330013525
5.38784 -0.003161722084628761
5.38905 -0.003126591839243997
5.39025 -0.0030914615938592333
5.39146 -0.003056331348474469
5.39267 -0.003003635980397323
5.39387 -0.0029685057350125593
5.39508 -0.002915810366935413
5.39629 -0.002880680121550649
5.39749 -0.002827984753473503
5.3987 -0.002792854508088739
5.39991 -0.002757724262703975
5.40111 -0.0027050288946268287
5.40232 -0.002669898649242065
5.40353 -0.002634768403857301
5.40474 -0.0025820730357801547
5.40594 -0.002546942790395391
5.40715 -0.002494247422318245
5.40836 -0.002441552054241099
5.40956 -0.0023888566861639533
5.41077 -0.002353726440779189
5.41198 -0.002301031072702043
5.41318 -0.002265900827317279
5.41439 -0.002230770581932515
5.4156 -0.002195640336547751
5.4168 -0.002142944968470605
5.41801 -0.002090249600393459
5.41922 -0.002019989109623931
5.42042 -0.001949728618854403
5.42163 -0.0018970332507772568
5.42284 -0.0018443378827001106
5.42404 -0.0018267727600077286
5.42525 -0.001809207637315347
5.42646 -0.0017916425146229649
5.42766 -0.0017389471465458187
5.42887 -0.0016686866557762906
5.43008 -0.0015808610423143805
5.43129 -0.0015106005515448525
5.43249 -0.0014403400607753245
5.4337 -0.0013876446926981785
5.43491 -0.0013349493246210325
5.43611 -0.0012822539565438863
5.43732 -0.0012471237111591224
5.43853 -0.0011944283430819767
5.43973 -0.0011417329750048305
5.44094 -0.0010714724842353024
5.44215 -0.0010187771161581565
5.44335 -0.0009660817480810105
5.44456 -0.0009133863800038643
5.44577 -0.0008606910119267183
5.44697 -0.0008255607665419543
5.44818 -0.0007728653984648083
5.44939 -0.0007377351530800443
5.45059 -0.0007026049076952803
5.4518 -0.0006674746623105163
5.45301 -0.0006323444169257522
5.45421 -0.0005972141715409883
5.45542 -0.0005796490488486063
5.45663 -0.0005796490488486063
5.45784 -0.0005620839261562243
5.45904 -0.0005093885580790782
5.46025 -0.0004742583126943142
5.46146 -0.00038643269923240416
5.46266 -0.00029860708577049416
5.46387 -0.0002107814723085841
5.46508 -0.00015808610423143806
5.46628 -0.00010539073615429204
5.46749 -8.782561346191003e-05
5.4687 -8.782561346191003e-05
5.4699 -7.026049076952804e-05
5.47111 -7.026049076952804e-05
5.47232 -5.269536807714602e-05
5.47352 0.0
5.47473 -0.0
5.47594 0.0
5.47714 1.756512269238201e-05
5.47835 1.756512269238201e-05
5.47956 -1.756512269238201e-05
5.48076 -5.269536807714602e-05
5.48197 -0.00010539073615429204
5.48318 -0.00015808610423143806
5.48439 -0.00019321634961620208
5.48559 -0.00022834659500096607
5.4868 -0.0002459117176933481
5.48801 -0.0002634768403857301
5.48921 -0.00028104196307811215
5.49042 -0.0003161722084628761
5.49163 -0.00033373733115525813
5.49283 -0.00035130245384764014
5.49404 -0.00036886757654002215
5.49525 -0.00038643269923240416
5.49645 -0.00040399782192478617
5.49766 -0.0004215629446171682
5.49887 -0.0004215629446171682
5.50007 -0.0004391280673095502
5.50128 -0.00045669319000193214
5.50249 -0.0004742583126943142
5.50369 -0.0005093885580790782
5.5049 -0.0005445188034638422
5.50611 -0.0005796490488486063
5.50731 -0.0006147792942333703
5.50852 -0.0006499095396181342
5.50973 -0.0006674746623105163
5.51094 -0.0006850397850028982
5.51214 -0.0007026049076952803
5.51335 -0.0007026049076952803
5.51456 -0.0007026049076952803
5.51576 -0.0007026049076952803
5.51697 -0.0007201700303876622
5.51818 -0.0007201700303876622
5.51938 -0.0007201700303876622
5.52059 -0.0007201700303876622
5.5218 -0.0007377351530800443
5.523 -0.0007553002757724263
5.52421 -0.0007728653984648083
5.52542 -0.0008079956438495723
5.52662 -0.0008431258892343364
5.52783 -0.0008606910119267183
5.52904 -0.0008782561346191004
5.53024 -0.0008958212573114824
5.53145 -0.0008958212573114824
5.53266 -0.0008958212573114824
5.53386 -0.0008958212573114824
5.53507 -0.0008782561346191004
5.53628 -0.0008782561346191004
5.53749 -0.0008606910119267183
5.53869 -0.0008606910119267183
5.5399 -0.0008431258892343364
5.54111 -0.0008431258892343364
5.54231 -0.0008255607665419543
5.54352 -0.0008079956438495723
5.54473 -0.0007728653984648083
5.54593 -0.0007377351530800443
5.54714 -0.0007026049076952803
5.54835 -0.0006674746623105163
5.54955 -0.0006323444169257522
5.55076 -0.0006323444169257522
5.55197 -0.0006147792942333703
5.55317 -0.0005972141715409883
5.55438 -0.0005796490488486063
5.55559 -0.0005620839261562243
5.55679 -0.0005445188034638422
5.558 -0.0005445188034638422
5.55921 -0.0005445188034638422
5.56042 -0.0005269536807714602
5.56162 -0.0005093885580790782
5.56283 -0.0004918234353866962
5.56404 -0.00045669319000193214
5.56524 -0.00038643269923240416
5.56645 -0.00033373733115525813
5.56766 -0.00029860708577049416
5.56886 -0.00028104196307811215
5.57007 -0.00028104196307811215
5.57128 -0.00029860708577049416
5.57248 -0.00029860708577049416
5.57369 -0.0003161722084628761
5.5749 -0.00029860708577049416
5.5761 -0.00028104196307811215
5.57731 -0.00022834659500096607
5.57852 -0.00019321634961620208
5.57972 -0.00015808610423143806
5.58093 -0.00012295585884667404
5.58214 -7.026049076952804e-05
5.58334 -1.756512269238201e-05
5.58455 3.513024538476402e-05
5.58576 8.782561346191003e-05
5.58697 0.00014052098153905608
5.58817 0.00017565122692382007
5.58938 0.00022834659500096607
5.59059 0.0002634768403857301
5.59179 0.00029860708577049416
5.593 0.00033373733115525813
5.59421 0.00038643269923240416
5.59541 0.0004215629446171682
5.59662 0.0004918234353866962
5.59783 0.0005620839261562243
5.59903 0.0006499095396181342
5.60024 0.0007377351530800443
5.60145 0.0008255607665419543
5.60265 0.0008958212573114824
5.60386 0.0009309515026962463
5.60507 0.0009660817480810105
5.60627 0.0009836468707733923
5.60748 0.0010012119934657744
5.60869 0.0010539073615429204
5.60989 0.0011066027296200666
5.6111 0.0011944283430819767
5.61231 0.0012822539565438863
5.61352 0.0013876446926981785
5.61472 0.0014579051834677065
5.61593 0.0015281656742372346
5.61714 0.0015632959196219985
5.61834 0.0015984261650067626
5.61955 0.0016159912876991447
5.62076 0.0016335564103915267
5.62196 0.0016511215330839086
5.62317 0.0016686866557762906
5.62438 0.0017038169011610548
5.62558 0.0017389471465458187
5.62679 0.0017740773919305828
5.628 0.001809207637315347
5.6292 0.0018443378827001106
5.63041 0.0018794681280848748
5.63162 0.0018794681280848748
5.63282 0.0018794681280848748
5.63403 0.0018619030053924927
5.63524 0.0018267727600077286
5.63644 0.0018267727600077286
5.63765 0.0018267727600077286
5.63886 0.0018443378827001106
5.64007 0.0018970332507772568
5.64127 0.001949728618854403
5.64248 0.0019848588642391667
5.64369 0.002037554232316313
5.64489 0.002072684477701077
5.6461 0.002090249600393459
5.64731 0.0021078147230858407
5.64851 0.002142944968470605
5.64972 0.002160510091162987
5.65093 0.002178075213855369
5.65213 0.002213205459240133
5.65334 0.0022483357046248972
5.65455 0.002265900827317279
5.65575 0.002265900827317279
5.65696 0.0022483357046248972
5.65817 0.002195640336547751
5.65937 0.0021078147230858407
5.66058 0.002037554232316313
5.66179 0.0019848588642391667
5.66299 0.0019145983734696389
5.6642 0.0018619030053924927
5.66541 0.001809207637315347
5.66662 0.0017565122692382007
5.66782 0.0016862517784686727
5.66903 0.0016159912876991447
5.67024 0.0015632959196219985
5.67144 0.0014930354288524704
5.67265 0.0014227749380829424
5.67386 0.0013700795700057964
5.67506 0.0013173842019286505
5.67627 0.0012471237111591224
5.67748 0.0011768632203895946
5.67868 0.0011066027296200666
5.67989 0.0010539073615429204
5.6811 0.0009836468707733923
5.6823 0.0009309515026962463
5.68351 0.0008606910119267183
5.68472 0.0007904305211571903
5.68592 0.0007201700303876622
5.68713 0.0006499095396181342
5.68834 0.0005796490488486063
5.68954 0.0005269536807714602
5.69075 0.0004918234353866962
5.69196 0.0004215629446171682
5.69317 0.00035130245384764014
5.69437 0.0002634768403857301
5.69558 0.00017565122692382007
5.69679 7.026049076952804e-05
5.69799 -1.756512269238201e-05
5.6992 -0.00012295585884667404
5.70041 -0.0002107814723085841
5.70161 -0.00029860708577049416
5.70282 -0.00038643269923240416
5.70403 -0.0004742583126943142
5.70523 -0.0005269536807714602
5.70644 -0.0005972141715409883
5.70765 -0.0006499095396181342
5.70885 -0.0006850397850028982
5.71006 -0.0007201700303876622
5.71127 -0.0007904305211571903
5.71247 -0.0008431258892343364
5.71368 -0.0008958212573114824
5.71489 -0.0009133863800038643
5.71609 -0.0009485166253886284
5.7173 -0.0009660817480810105
5.71851 -0.0009836468707733923
5.71972 -0.0010012119934657744
5.72092 -0.0010363422388505385
5.72213 -0.0010890376069276845
5.72334 -0.0011241678523124486
5.72454 -0.0011592980976972125
5.72575 -0.0011768632203895946
5.72696 -0.0011944283430819767
5.72816 -0.0012119934657743585
5.72937 -0.0012295585884667406
5.73058 -0.0012295585884667406
5.73178 -0.0012295585884667406
5.73299 -0.0012119934657743585
5.7342 -0.0012119934657743585
5.7354 -0.0012119934657743585
5.73661 -0.0012295585884667406
5.73782 -0.0012471237111591224
5.73902 -0.0012822539565438863
5.74023 -0.0013173842019286505
5.74144 -0.0013349493246210325
5.74264 -0.0013349493246210325
5.74385 -0.0013173842019286505
5.74506 -0.0012998190792362684
5.74627 -0.0012646888338515045
5.74747 -0.0012295585884667406
5.74868 -0.0011944283430819767
5.74989 -0.0011768632203895946
5.75109 -0.0011592980976972125
5.7523 -0.0011417329750048305
5.75351 -0.0011417329750048305
5.75471 -0.0011241678523124486
5.75592 -0.0011417329750048305
5.75713 -0.0011768632203895946
5.75833 -0.0012119934657743585
5.75954 -0.0012471237111591224
5.76075 -0.0012822539565438863
5.76195 -0.0012822539565438863
5.76316 -0.0012471237111591224
5.76437 -0.0012295585884667406
5.76557 -0.0011944283430819767
5.76678 -0.0011592980976972125
5.76799 -0.0011241678523124486
5.7692 -0.0010890376069276845
5.7704 -0.0010539073615429204
5.77161 -0.0010012119934657744
5.77282 -0.0009309515026962463
5.77402 -0.0008431258892343364
5.77523 -0.0007377351530800443
5.77644 -0.0006147792942333703
5.77764 -0.0005093885580790782
5.77885 -0.0004215629446171682
5.78006 -0.00036886757654002215
5.78126 -0.00033373733115525813
5.78247 -0.00033373733115525813
5.78368 -0.00033373733115525813
5.78488 -0.00033373733115525813
5.78609 -0.00035130245384764014
5.7873 -0.00033373733115525813
5.7885 -0.0003161722084628761
5.78971 -0.00029860708577049416
5.79092 -0.00028104196307811215
5.79212 -0.0002634768403857301
5.79333 -0.0002459117176933481
5.79454 -0.0002459117176933481
5.79575 -0.00022834659500096607
5.79695 -0.0002107814723085841
5.79816 -0.00017565122692382007
5.79937 -0.00015808610423143806
5.80057 -0.00014052098153905608
5.80178 -0.00010539073615429204
5.80299 -0.00010539073615429204
5.80419 -8.782561346191003e-05
5.8054 -8.782561346191003e-05
5.80661 -7.026049076952804e-05
5.80781 -7.026049076952804e-05
5.80902 -5.269536807714602e-05
5.81023 -5.269536807714602e-05
5.81143 -3.513024538476402e-05
5.81264 -3.513024538476402e-05
5.81385 -3.513024538476402e-05
5.81505 -3.513024538476402e-05
5.81626 -3.513024538476402e-05
5.81747 -3.513024538476402e-05
5.81867 -3.513024538476402e-05
5.81988 -1.756512269238201e-05
5.82109 -1.756512269238201e-05
5.8223 -1.756512269238201e-05
5.8235 -1.756512269238201e-05
5.82471 0.0
5.82592 0.0
5.82712 5.269536807714602e-05
5.82833 0.00014052098153905608
5.82954 0.00022834659500096607
5.83074 0.00033373733115525813
5.83195 0.0004391280673095502
5.83316 0.0005093885580790782
5.83436 0.0005620839261562243
5.83557 0.0005972141715409883
5.83678 0.0006147792942333703
5.83798 0.0006147792942333703
5.83919 0.0006323444169257522
5.8404 0.0006499095396181342
5.8416 0.0006499095396181342
5.84281 0.0006850397850028982
5.84402 0.0007201700303876622
5.84522 0.0007377351530800443
5.84643 0.0007728653984648083
5.84764 0.0007904305211571903
5.84885 0.0008079956438495723
5.85005 0.0008079956438495723
5.85126 0.0008079956438495723
5.85247 0.0008079956438495723
5.85367 0.0008079956438495723
5.85488 0.0008255607665419543
5.85609 0.0008606910119267183
5.85729 0.0008958212573114824
5.8585 0.0009309515026962463
5.85971 0.0009660817480810105
5.86091 0.0009836468707733923
5.86212 0.0010187771161581565
5.86333 0.0010363422388505385
5.86453 0.0010714724842353024
5.86574 0.0011066027296200666
5.86695 0.0011417329750048305
5.86815 0.0011768632203895946
5.86936 0.0011944283430819767
5.87057 0.0012119934657743585
5.87177 0.0012119934657743585
5.87298 0.0012119934657743585
5.87419 0.0012119934657743585
5.8754 0.0012471237111591224
5.8766 0.0012998190792362684
5.87781 0.0013876446926981785
5.87902 0.0014930354288524704
5.88022 0.0015984261650067626
5.88143 0.0017038169011610548
5.88264 0.0017740773919305828
5.88384 0.0018267727600077286
5.88505 0.0018794681280848748
5.88626 0.001932163496162021
5.88746 0.002019989109623931
5.88867 0.0021078147230858407
5.88988 0.002230770581932515
5.89108 0.0023712915634715712
5.89229 0.002529377667703009
5.8935 0.002722594017319211
5.8947 0.002915810366935413
5.89591 0.0030914615938592333
5.89712 0.0032495476980906714
5.89832 0.0034076338023221095
5.89953 0.0035481547838611656
5.90074 0.003671110642707839
5.90195 0.0038291967469392778
5.90315 0.00402241309655548
5.90436 0.004250759691556446
5.90557 0.00446154116386503
5.90677 0.004707452881558378
5.90798 0.004953364599251726
5.90919 0.0051817111942526915
5.91039 0.005392492666561275
5.9116 0.005620839261562242
5.91281 0.005849185856563208
5.91401 0.006059967328871792
5.91522 0.006288313923872758
5.91643 0.006534225641566107
5.91763 0.006762572236567073
5.91884 0.006990918831568039
5.92005 0.007236830549261388
5.92125 0.007465177144262354
5.92246 0.0076583934938785556
5.92367 0.007851609843494757
5.92487 0.008009695947726195
5.92608 0.008167782051957633
5.92729 0.008290737910804308
5.9285 0.008413693769650982
5.9297 0.008589344996574802
5.93091 0.008800126468883385
5.93212 0.009046038186576734
5.93332 0.009309515026962464
5.93453 0.009608122112732959
5.93574 0.009924294321195834
5.93694 0.010205336284273945
5.93815 0.01050394337004444
5.93936 0.010802550455814934
5.94056 0.011118722664277809
5.94177 0.011452459995433067
5.94298 0.011803762449280709
5.94418 0.012172630025820731
5.94539 0.012559062725053135
5.9466 0.012927930301593157
5.9478 0.013314363000825561
5.94901 0.013700795700057965
5.95022 0.014069663276597987
5.95142 0.014420965730445628
5.95263 0.01477226818429327
5.95384 0.015106005515448526
5.95505 0.015439742846603783
5.95625 0.015755915055066662
5.95746 0.0161072175089143
5.95867 0.01644095484006956
5.95987 0.016774692171224816
5.96108 0.017125994625072458
5.96229 0.0174772970789201
5.96349 0.01784616465546012
5.9647 0.018250162477384906
5.96591 0.01865416029930969
5.96711 0.01907572324392686
5.96832 0.019497286188544027
5.96953 0.019936414255853577
5.97073 0.020357977200470743
5.97194 0.020761975022395532
5.97315 0.021183537967012698
5.97435 0.02162266603432225
5.97556 0.0220617941016318
5.97677 0.02251848729163373
5.97798 0.02301031072702043
5.97918 0.023484569039714742
5.98039 0.023958827352409055
5.9816 0.024415520542410987
5.9828 0.024854648609720538
5.98401 0.02529377667703009
5.98522 0.025715339621647258
5.98642 0.02615446768895681
5.98763 0.02661116087895874
5.98884 0.027085419191653054
5.99004 0.027559677504347367
5.99125 0.02803393581704168
5.99246 0.028490629007043612
5.99366 0.028964887319737932
5.99487 0.029421580509739864
5.99608 0.029878273699741796
5.99728 0.03035253201243611
5.99849 0.030844355447822804
5.9997 0.031336178883209505
6.0009 0.0318280023185962
6.00211 0.03231982575398289
6.00332 0.03281164918936959
6.00453 0.03328590750206391
6.00573 0.03376016581475822
6.00694 0.034234424127452534
6.00815 0.03472624756283923
6.00935 0.03521807099822592
6.01056 0.035727459556305005
6.01177 0.03623684811438408
6.01297 0.03674623667246316
6.01418 0.03725562523054224
6.01539 0.037765013788621314
6.01659 0.038256837224008015
6.0178 0.03876622578208709
6.01901 0.03929317946285855
6.02021 0.03982013314363001
6.02142 0.04036465194709385
6.02263 0.040909170750557694
6.02383 0.04147125467671391
6.02504 0.04201577348017776
6.02625 0.042577857406333984
6.02745 0.04312237620979782
6.02866 0.04368446013595405
6.02987 0.04422897893941789
6.03108 0.04479106286557411
6.03228 0.04533558166903796
6.03349 0.0458801004725018
6.0347 0.04642461927596564
6.0359 0.0469515729567371
6.03711 0.04747852663750856
6.03832 0.04798791519558764
6.03952 0.04847973863097434
6.04073 0.04898912718905342
6.04194 0.04948095062444011
6.04314 0.05002546942790395
6.04435 0.05060511847675256
6.04556 0.05120233264829355
6.04676 0.051834677065219305
6.04797 0.05248458660483744
6.04918 0.05316962638984033
6.05038 0.05385466617484323
6.05159 0.05452214083715375
6.0528 0.05518961549946426
6.054 0.05589222040715955
6.05521 0.05661239043754721
6.05642 0.05735012559062725
6.05763 0.058105425866399676
6.05883 0.058895856387556865
6.06004 0.05970385203140644
6.06125 0.060476717429871256
6.06245 0.06123201770564368
6.06366 0.06196975285872372
6.06487 0.06267235776641901
6.06607 0.06333983242872952
6.06728 0.06400730709104004
6.06849 0.06467478175335055
6.06969 0.06534225641566106
6.0709 0.06600973107797159
6.07211 0.06671233598566687
6.07331 0.06743250601605452
6.07452 0.06815267604644219
6.07573 0.06885528095413747
6.07693 0.06957545098452513
6.07814 0.0702780558922204
6.07935 0.07098066079991569
6.08055 0.07168326570761097
6.08176 0.07238587061530624
6.08297 0.07310604064569391
6.08418 0.07382621067608157
6.08538 0.07454638070646924
6.08659 0.07524898561416453
6.0878 0.0759515905218598
6.089 0.07661906518417032
6.09021 0.07725140960109607
6.09142 0.07786618889532944
6.09262 0.07846340306687043
6.09383 0.07904305211571903
6.09504 0.07960513604187526
6.09624 0.08014965484533909
6.09745 0.08067660852611055
6.09866 0.0812211273295744
6.09986 0.08173051588765348
6.10107 0.08222233932304017
6.10228 0.08271416275842687
6.10348 0.08315329082573641
6.10469 0.08355728864766121
6.1059 0.08392615622420123
6.1071 0.08427745867804887
6.10831 0.08461119600920412
6.10952 0.084927368217667
6.11073 0.08524354042612987
6.11193 0.08555971263459276
6.11314 0.085893449965748
6.11435 0.08617449192882612
6.11555 0.08643796876921185
6.11676 0.08666631536421282
6.11797 0.0868770968365214
6.11917 0.08705274806344522
6.12038 0.08722839929036905
6.12159 0.0873689202719081
6.12279 0.08749187613075478
6.124 0.08761483198960145
6.12521 0.08770265760306337
6.12641 0.08773778784844813
6.12762 0.0877553529711405
6.12883 0.08772022272575573
6.13003 0.08763239711229383
6.13124 0.08750944125344716
6.13245 0.08733379002652333
6.13365 0.08710544343152238
6.13486 0.08682440146844426
6.13607 0.08654335950536615
6.13728 0.08622718729690328
6.13848 0.0859110150884404
6.13969 0.08555971263459276
6.1409 0.08520841018074511
6.1421 0.08483954260420509
6.14331 0.08447067502766507
6.14452 0.0840491120830479
6.14572 0.08362754913843073
6.14693 0.08318842107112118
6.14814 0.08271416275842687
6.14934 0.08223990444573255
6.15055 0.08176564613303824
6.15176 0.0813089529430363
6.15296 0.080834694630342
6.15417 0.08036043631764768
6.15538 0.07990374312764575
6.15658 0.07944704993764382
6.15779 0.07895522650225711
6.159 0.07842827282148566
6.1602 0.0779013191407142
6.16141 0.07733923521455797
6.16262 0.07674202104301699
6.16383 0.07612724174878362
6.16503 0.07553002757724263
6.16624 0.07493281340570164
6.16745 0.07433559923416067
6.16865 0.07375595018531204
6.16986 0.07319386625915582
6.17107 0.07266691257838435
6.17227 0.0721399588976129
6.17348 0.07161300521684144
6.17469 0.07112118178145474
6.17589 0.07062935834606805
6.1771 0.07017266515606611
6.17831 0.06971597196606419
6.17951 0.06929440902144701
6.18072 0.06890797632221461
6.18193 0.06853910874567459
6.18313 0.06817024116913456
6.18434 0.06776624334720979
6.18555 0.067362245525285
6.18676 0.06694068258066782
6.18796 0.06650155451335828
6.18917 0.06604486132335635
6.19038 0.06557060301066203
6.19158 0.06509634469796773
6.19279 0.06463965150796579
6.194 0.06414782807257909
6.1952 0.0636384395145
6.19641 0.06311148583372854
6.19762 0.06256696703026471
6.19882 0.06198731798141611
6.20003 0.06139010380987512
6.20124 0.06077532451564174
6.20244 0.06016054522140838
6.20365 0.05952820080448263
6.20486 0.05891342151024925
6.20606 0.0582810770933235
6.20727 0.057666297799090126
6.20848 0.05705151850485676
6.20968 0.05641917408793101
6.21089 0.05578682967100525
6.2121 0.05513692013138712
6.21331 0.05448701059176898
6.21451 0.05383710105215085
6.21572 0.05316962638984033
6.21693 0.0525197168502222
6.21813 0.05186980731060407
6.21934 0.051237462893678316
6.22055 0.05060511847675256
6.22175 0.04997277405982681
6.22296 0.04934042964290106
6.22417 0.048708085225975306
6.22537 0.04805817568635717
6.22658 0.047408266146739035
6.22779 0.046775921729813284
6.22899 0.04614357731288753
6.2302 0.045511232895961776
6.23141 0.044878888479036025
6.23261 0.044264109184802655
6.23382 0.04366689501326167
6.23503 0.04306968084172068
6.23623 0.04247246667017969
6.23744 0.0418752524986387
6.23865 0.04126047320440533
6.23986 0.04066325903286434
6.24106 0.04003091461593859
6.24227 0.03941613532170522
6.24348 0.03880135602747185
6.24468 0.038186576733238484
6.24589 0.037589362561697495
6.2471 0.03699214839015651
6.2483 0.03639493421861552
6.24951 0.0358328502924593
6.25072 0.03525320124361069
6.25192 0.034673552194762085
6.25313 0.03411146826860586
6.25434 0.03353181921975725
6.25554 0.032969735293601025
6.25675 0.032390086244752425
6.25796 0.03181043719590382
6.25916 0.03126591839243997
6.26037 0.030703834466283747
6.26158 0.03017688078551229
6.26278 0.029649927104740827
6.26399 0.029158103669354132
6.2652 0.028666280233967438
6.26641 0.028174456798580737
6.26761 0.027682633363194042
6.26882 0.027190809927807348
6.27003 0.02669898649242065
6.27123 0.026207163057033953
6.27244 0.025715339621647258
6.27365 0.02522351618626056
6.27485 0.024731692750873866
6.27606 0.02423986931548717
6.27727 0.023765611002792855
6.27847 0.023308917812790923
6.27968 0.022869789745481373
6.28089 0.022430661678171822
6.28209 0.022009098733554652
6.2833 0.021587535788937486
6.28451 0.021165972844320317
6.28571 0.020761975022395532
6.28692 0.020357977200470743
6.28813 0.019971544501238343
6.28933 0.01958511180200594
6.29054 0.019216244225465917
6.29175 0.018864941771618276
6.29296 0.018513639317770638
6.29416 0.018162336863922997
6.29537 0.017828599532767737
6.29658 0.01749486220161248
6.29778 0.017178689993149605
6.29899 0.016844952661994345
6.3002 0.016511215330839088
6.3014 0.016177477999683828
6.30261 0.01584374066852857
6.30382 0.015510003337373311
6.30502 0.015176266006218055
6.30623 0.01486009379775518
6.30744 0.0145439215892923
6.30864 0.014245314503521806
6.30985 0.013964272540443697
6.31106 0.0136656654546732
6.31226 0.01338462349159509
6.31347 0.01312114665120936
6.31468 0.012840104688131246
6.31588 0.012576627847745516
6.31709 0.012295585884667405
6.3183 0.012032109044281675
6.31951 0.011768632203895945
6.32071 0.011505155363510215
6.32192 0.011259243645816866
6.32313 0.011013331928123518
6.32433 0.01076742021043017
6.32554 0.01052150849273682
6.32675 0.010275596775043474
6.32795 0.010029685057350126
6.32916 0.009783773339656777
6.33037 0.009520296499271049
6.33157 0.009256819658885319
6.33278 0.008975777695807206
6.33399 0.008694735732729095
6.33519 0.008413693769650982
6.3364 0.008115086683880487
6.33761 0.007851609843494757
6.33881 0.0076056981258014085
6.34002 0.0073773515308004425
6.34123 0.007184135181184241
6.34243 0.006990918831568039
6.34364 0.006797702481951837
6.34485 0.006622051255028016
6.34606 0.006463965150796579
6.34726 0.006288313923872758
6.34847 0.00613022781964132
6.34968 0.005972141715409882
6.35088 0.005849185856563208
6.35209 0.005761360243101298
6.3533 0.0056735346296393875
6.3545 0.005585709016177478
6.35571 0.005480318280023186
6.35692 0.005392492666561275
6.35812 0.005269536807714602
6.35933 0.005111450703483164
6.36054 0.004935799476559344
6.36174 0.004777713372327907
6.36295 0.004619627268096468
6.36416 0.004479106286557412
6.36536 0.004338585305018356
6.36657 0.0042331945688640635
6.36778 0.004145368955402154
6.36898 0.004057543341940244
6.37019 0.0039872828511707155
6.3714 0.003899457237708806
6.37261 0.0038291967469392778
6.37381 0.0037413711334773675
6.37502 0.003653545520015457
6.37623 0.0035481547838611656
6.37743 0.0034603291703992553
6.37864 0.0033900686796297275
6.37985 0.003302243066167817
6.38105 0.0032319825753982893
6.38226 0.003144156961936379
6.38347 0.003073896471166851
6.38467 0.003003635980397323
6.38588 0.002915810366935413
6.38709 0.002845549876165885
6.38829 0.002757724262703975
6.3895 0.0026874637719344467
6.39071 0.0025996381584725368
6.39191 0.002511812545010627
6.39312 0.002423986931548717
6.39433 0.002336161318086807
6.39554 0.002230770581932515
6.39674 0.002125379845778223
6.39795 0.002019989109623931
6.39916 0.0018794681280848748
6.40036 0.0017565122692382007
6.40157 0.0016159912876991447
6.40278 0.0014930354288524704
6.40398 0.0013700795700057964
6.40519 0.0012646888338515045
6.4064 0.0011592980976972125
6.4076 0.0010539073615429204
6.40881 0.0009660817480810105
6.41002 0.0008782561346191004
6.41122 0.0008079956438495723
6.41243 0.0007553002757724263
6.41364 0.0007201700303876622
6.41484 0.0007201700303876622
6.41605 0.0007377351530800443
6.41726 0.0007553002757724263
6.41846 0.0007904305211571903
6.41967 0.0008255607665419543
6.42088 0.0008431258892343364
6.42209 0.0008431258892343364
6.42329 0.0008255607665419543
6.4245 0.0008079956438495723
6.42571 0.0008079956438495723
6.42691 0.0007904305211571903
6.42812 0.0007904305211571903
6.42933 0.0007904305211571903
6.43053 0.0008079956438495723
6.43174 0.0008079956438495723
6.43295 0.0008079956438495723
6.43415 0.0007904305211571903
6.43536 0.0007728653984648083
6.43657 0.0007553002757724263
6.43777 0.0007553002757724263
6.43898 0.0007377351530800443
6.44019 0.0007553002757724263
6.44139 0.0007553002757724263
6.4426 0.0007904305211571903
6.44381 0.0008079956438495723
6.44501 0.0008431258892343364
6.44622 0.0008782561346191004
6.44743 0.0008958212573114824
6.44864 0.0009133863800038643
6.44984 0.0009309515026962463
6.45105 0.0009309515026962463
6.45226 0.0009309515026962463
6.45346 0.0009133863800038643
6.45467 0.0008958212573114824
6.45588 0.0008606910119267183
6.45708 0.0008255607665419543
6.45829 0.0008079956438495723
6.4595 0.0007728653984648083
6.4607 0.0007377351530800443
6.46191 0.0007026049076952803
6.46312 0.0006850397850028982
6.46432 0.0006674746623105163
6.46553 0.0006499095396181342
6.46674 0.0006499095396181342
6.46794 0.0006499095396181342
6.46915 0.0006323444169257522
6.47036 0.0006323444169257522
6.47156 0.0006323444169257522
6.47277 0.0006147792942333703
6.47398 0.0005796490488486063
6.47519 0.0005445188034638422
6.47639 0.0005269536807714602
6.4776 0.0004918234353866962
6.47881 0.0004918234353866962
6.48001 0.0004742583126943142
6.48122 0.00045669319000193214
6.48243 0.0004215629446171682
6.48363 0.00036886757654002215
6.48484 0.0003161722084628761
6.48605 0.0002459117176933481
6.48725 0.00015808610423143806
6.48846 7.026049076952804e-05
6.48967 1.756512269238201e-05
6.49087 0.0
6.49208 -3.513024538476402e-05
6.49329 -3.513024538476402e-05
6.49449 0.0
6.4957 7.026049076952804e-05
6.49691 0.00012295585884667404
6.49811 0.00017565122692382007
6.49932 0.00022834659500096607
6.50053 0.0002634768403857301
6.50174 0.0003161722084628761
6.50294 0.00036886757654002215
6.50415 0.00040399782192478617
6.50536 0.00045669319000193214
6.50656 0.0004918234353866962
6.50777 0.0005445188034638422
6.50898 0.0005796490488486063
6.51018 0.0006147792942333703
6.51139 0.0006323444169257522
6.5126 0.0006499095396181342
6.5138 0.0006674746623105163
6.51501 0.0007026049076952803
6.51622 0.0007201700303876622
6.51742 0.0007553002757724263
6.51863 0.0007728653984648083
6.51984 0.0007904305211571903
6.52104 0.0008079956438495723
6.52225 0.0008255607665419543
6.52346 0.0008255607665419543
6.52466 0.0008255607665419543
6.52587 0.0008431258892343364
6.52708 0.0008606910119267183
6.52829 0.0008782561346191004
6.52949 0.0008958212573114824
6.5307 0.0009133863800038643
6.53191 0.0009309515026962463
6.53311 0.0009660817480810105
6.53432 0.0009836468707733923
6.53553 0.0010012119934657744
6.53673 0.0010187771161581565
6.53794 0.0010363422388505385
6.53915 0.0010539073615429204
6.54035 0.0010890376069276845
6.54156 0.0011241678523124486
6.54277 0.0011417329750048305
6.54397 0.0011768632203895946
6.54518 0.0011944283430819767
6.54639 0.0011944283430819767
6.54759 0.0012119934657743585
6.5488 0.0012295585884667406
6.55001 0.0012295585884667406
6.55121 0.0012471237111591224
6.55242 0.0012822539565438863
6.55363 0.0012998190792362684
6.55484 0.0013173842019286505
6.55604 0.0013349493246210325
6.55725 0.0013525144473134144
6.55846 0.0013525144473134144
6.55966 0.0013525144473134144
6.56087 0.0013349493246210325
6.56208 0.0013349493246210325
6.56328 0.0013173842019286505
6.56449 0.0013173842019286505
6.5657 0.0012998190792362684
6.5669 0.0013173842019286505
6.56811 0.0013173842019286505
6.56932 0.0013525144473134144
6.57052 0.0013876446926981785
6.57173 0.0014227749380829424
6.57294 0.0014754703061600886
6.57414 0.0015281656742372346
6.57535 0.0015632959196219985
6.57656 0.0016159912876991447
6.57776 0.0016686866557762906
6.57897 0.0017038169011610548
6.58018 0.0017565122692382007
6.58139 0.001809207637315347
6.58259 0.0018619030053924927
6.5838 0.0019145983734696389
6.58501 0.0019848588642391667
6.58621 0.002072684477701077
6.58742 0.002142944968470605
6.58863 0.002213205459240133
6.58983 0.002283465950009661
6.59104 0.002336161318086807
6.59225 0.0023888566861639533
6.59345 0.002406421808856335
6.59466 0.002441552054241099
6.59587 0.002459117176933481
6.59707 0.002476682299625863
6.59828 0.002494247422318245
6.59949 0.002511812545010627
6.60069 0.002529377667703009
6.6019 0.002546942790395391
6.60311 0.0025820730357801547
6.60432 0.0025996381584725368
6.60552 0.002634768403857301
6.60673 0.002669898649242065
6.60794 0.0027050288946268287
6.60914 0.002740159140011593
6.61035 0.002775289385396357
6.61156 0.002827984753473503
6.61276 0.002863114998858267
6.61397 0.002898245244243031
6.61518 0.002915810366935413
6.61638 0.002950940612320177
6.61759 0.002986070857704941
6.6188 0.003021201103089705
6.62 0.003056331348474469
6.62121 0.0030914615938592333
6.62242 0.0031090267165516153
6.62362 0.003126591839243997
6.62483 0.003126591839243997
6.62604 0.003126591839243997
6.62724 0.0031090267165516153
6.62845 0.003073896471166851
6.62966 0.003038766225782087
6.63087 0.003021201103089705
6.63207 0.003003635980397323
6.63328 0.002986070857704941
6.63449 0.0029685057350125593
6.63569 0.0029685057350125593
6.6369 0.0029685057350125593
6.63811 0.002986070857704941
6.63931 0.003003635980397323
6.64052 0.003038766225782087
6.64173 0.003073896471166851
6.64293 0.003126591839243997
6.64414 0.003179287207321143
6.64535 0.0032671128207830535
6.64655 0.0033549384342449634
6.64776 0.0034603291703992553
6.64897 0.0035832850292459298
6.65017 0.0037238060107849854
6.65138 0.00384676186963166
6.65259 0.003952152605785951
6.65379 0.004075108464632626
6.655 0.004162934078094536
6.65621 0.004250759691556446
6.65742 0.004321020182325974
6.65862 0.00437371555040312
6.65983 0.004426410918480266
6.66104 0.0044966714092497945
6.66224 0.00454936677732694
6.66345 0.004602062145404086
6.66466 0.004689887758865996
6.66586 0.004777713372327907
6.66707 0.004865538985789816
6.66828 0.004970929721944108
6.66948 0.005041190212713636
6.67069 0.005093885580790782
6.6719 0.005146580948867927
6.6731 0.0051817111942526915
6.67431 0.005216841439637456
6.67552 0.005216841439637456
6.67672 0.005234406562329838
6.67793 0.005287101930406984
6.67914 0.005357362421176512
6.68034 0.0054276229119460395
6.68155 0.005533013648100332
6.68276 0.005638404384254624
6.68397 0.005743795120408916
6.68517 0.00586675097925559
6.68638 0.0059545765927175
6.68759 0.006059967328871792
6.68879 0.006147792942333702
6.69 0.006235618555795613
6.69121 0.006323444169257522
6.69241 0.0064288349054118146
6.69362 0.006516660518873725
6.69483 0.006604486132335634
6.69603 0.006709876868489927
6.69724 0.006815267604644219
6.69845 0.006920658340798511
6.69965 0.007026049076952803
6.70086 0.007131439813107095
6.70207 0.007254395671953769
6.70327 0.0073773515308004425
6.70448 0.007500307389647118
6.70569 0.007623263248493791
6.70689 0.007746219107340465
6.7081 0.007851609843494757
6.70931 0.00795700057964905
6.71052 0.008062391315803342
6.71172 0.008167782051957633
6.71293 0.008273172788111925
6.71414 0.008360998401573836
6.71534 0.008466389137728127
6.71655 0.008589344996574802
6.71776 0.008729865978113857
6.71896 0.008852821836960532
6.72017 0.008993342818499589
6.72138 0.009116298677346263
6.72258 0.009256819658885319
6.72379 0.009379775517731993
6.725 0.009502731376578666
6.7262 0.00962568723542534
6.72741 0.009731077971579632
6.72862 0.009854033830426306
6.72982 0.00997698968927298
6.73103 0.010135075793504417
6.73224 0.010275596775043474
6.73344 0.01041611775658253
6.73465 0.010574203860813968
6.73586 0.010732289965045405
6.73707 0.010890376069276843
6.73827 0.011048462173508281
6.73948 0.011188983155047337
6.74069 0.011329504136586394
6.74189 0.01147002511812545
6.7431 0.011610546099664507
6.74431 0.011751067081203562
6.74551 0.011909153185435
6.74672 0.01208480441235882
6.74793 0.012242890516590258
6.74913 0.012436106866206461
6.75034 0.01261175809313028
6.75155 0.0127874093200541
6.75275 0.012963060546977921
6.75396 0.01313871177390174
6.75517 0.01329679787813318
6.75637 0.013454883982364618
6.75758 0.013595404963903674
6.75879 0.013718360822750348
6.75999 0.013858881804289402
6.7612 0.013999402785828459
6.76241 0.014139923767367515
6.76362 0.014298009871598953
6.76482 0.01445609597583039
6.76603 0.014649312325446594
6.76724 0.014842528675062795
6.76844 0.01505331014737138
6.76965 0.015246526496987583
6.77086 0.015457307969296168
6.77206 0.015650524318912368
6.77327 0.01582617554583619
6.77448 0.015984261650067628
6.77568 0.0161072175089143
6.77689 0.016247738490453356
6.7781 0.01637069434930003
6.7793 0.016493650208146707
6.78051 0.01663417118968576
6.78172 0.016774692171224816
6.78292 0.01695034339814864
6.78413 0.01714355974776484
6.78534 0.017336776097381042
6.78654 0.017547557569689627
6.78775 0.017793469287382974
6.78896 0.01802181588238394
6.79017 0.018285292722769672
6.79137 0.01853120444046302
6.79258 0.018777116158156366
6.79379 0.019023027875849714
6.79499 0.019268939593543064
6.7962 0.01951485131123641
6.79741 0.01976076302892976
6.79861 0.020006674746623106
6.79982 0.020252586464316453
6.80103 0.0204984981820098
6.80223 0.020744409899703147
6.80344 0.020990321617396498
6.80465 0.021236233335089845
6.80585 0.02146457993009081
6.80706 0.021692926525091777
6.80827 0.02190370799740036
6.80947 0.022096924347016562
6.81068 0.022272575573940384
6.81189 0.022430661678171822
6.81309 0.02258874778240326
6.8143 0.02276439900932708
6.81551 0.022904919990866135
6.81672 0.023063006095097573
6.81792 0.023221092199329014
6.81913 0.023414308548945214
6.82034 0.023589959775869033
6.82154 0.023765611002792855
6.82275 0.023958827352409055
6.82396 0.02415204370202526
6.82516 0.024327694928949078
6.82637 0.0245033461558729
6.82758 0.02467899738279672
6.82878 0.024837083487028157
6.82999 0.024995169591259594
6.8312 0.025153255695491032
6.8324 0.02531134179972247
6.83361 0.025486993026646292
6.83482 0.02566264425357011
6.83602 0.025838295480493934
6.83723 0.026031511830110134
6.83844 0.026224728179726337
6.83965 0.026417944529342537
6.84085 0.02659359575626636
6.84206 0.02678681210588256
6.84327 0.026962463332806382
6.84447 0.0271381145597302
6.84568 0.02731376578665402
6.84689 0.02747185189088546
6.84809 0.02764750311780928
6.8493 0.027805589222040718
6.85051 0.027928545080887393
6.85171 0.02806906606242645
6.85292 0.028192021921273118
6.85413 0.028314977780119793
6.85533 0.02843793363896647
6.85654 0.028560889497813144
6.85775 0.02868384535665982
6.85895 0.028824366338198876
6.86016 0.028982452442430313
6.86137 0.02914053854666175
6.86257 0.02929862465089319
6.86378 0.029456710755124627
6.86499 0.029614796859356064
6.8662 0.02975531784089512
6.8674 0.029895838822434177
6.86861 0.030036359803973234
6.86982 0.03017688078551229
6.87102 0.030317401767051347
6.87223 0.030475487871282785
6.87344 0.030651139098206603
6.87464 0.030826790325130422
6.87585 0.03100244155205424
6.87706 0.03119565790167045
6.87826 0.03138887425128665
6.87947 0.03158209060090285
6.88068 0.03177530695051905
6.88188 0.031950958177442874
6.88309 0.03212660940436669
6.8843 0.03228469550859813
6.8855 0.03244278161282957
6.88671 0.032600867717061006
6.88792 0.03272382357590768
6.88912 0.03286434455744674
6.89033 0.033004865538985795
6.89154 0.03314538652052485
6.89275 0.03326834237937152
6.89395 0.033408863360910576
6.89516 0.033566949465142014
6.89637 0.03372503556937345
6.89757 0.033883121673604896
6.89878 0.034058772900528715
6.89999 0.03421685900476015
6.90119 0.03437494510899159
6.9024 0.03453303121322303
6.90361 0.034691117317454466
6.90481 0.034849203421685904
6.90602 0.03497215928053258
6.90723 0.035112680262071636
6.90843 0.03525320124361069
6.90964 0.03539372222514975
6.91085 0.035534243206688805
6.91205 0.03567476418822786
6.91326 0.0358328502924593
6.91447 0.03599093639669074
6.91567 0.036166587623614556
6.91688 0.036342238850538375
6.91809 0.036517890077462194
6.9193 0.03669354130438601
6.9205 0.03688675765400222
6.92171 0.03706240888092604
6.92292 0.037220494985157476
6.92412 0.037378581089388914
6.92533 0.03753666719362035
6.92654 0.03769475329785179
6.92774 0.03787040452477561
6.92895 0.038028490629007046
6.93016 0.038204141855930865
6.93136 0.03837979308285469
6.93257 0.03855544430977851
6.93378 0.03873109553670233
6.93498 0.03890674676362615
6.93619 0.039082397990549966
6.9374 0.039258049217473785
6.9386 0.039433700444397604
6.93981 0.03959178654862904
6.94102 0.03974987265286048
6.94222 0.03990795875709192
6.94343 0.040048479738630974
6.94464 0.04018900072017003
6.94585 0.04032952170170909
6.94705 0.040487607805940524
6.94826 0.04064569391017196
6.94947 0.0408037800144034
6.95067 0.04097943124132722
6.95188 0.04117264759094342
6.95309 0.04138342906325201
6.95429 0.04159421053556059
6.9555 0.04180499200786918
6.95671 0.04203333860287014
6.95791 0.04224412007517872
6.95912 0.04245490154748731
6.96033 0.04264811789710351
6.96153 0.042806204001334947
6.96274 0.042981855228258765
6.96395 0.0431399413324902
6.96515 0.04331559255941403
6.96636 0.04350880890903023
6.96757 0.04368446013595405
6.96877 0.04387767648557025
6.96998 0.04410602308057122
6.97119 0.04433436967557218
6.9724 0.04458028139326553
6.9736 0.0448086279882665
6.97481 0.04501940946057508
6.97602 0.04523019093288366
6.97722 0.04544097240519225
6.97843 0.04563418875480845
6.97964 0.04580983998173227
6.98084 0.04596792608596371
6.98205 0.046126012190195145
6.98326 0.04630166341711897
6.98446 0.04647731464404279
6.98567 0.04665296587096661
6.98688 0.04682861709789043
6.98808 0.04700426832481425
6.98929 0.047197484674430454
6.9905 0.047390701024046654
6.9917 0.04756635225097047
6.99291 0.04774200347789429
6.99412 0.04790008958212573
6.99532 0.048040610563664786
6.99653 0.04818113154520384
6.99774 0.04830408740405052
6.99895 0.04842704326289719
7.00015 0.04854999912174387
7.00136 0.04867295498059054
7.00257 0.04879591083943721
7.00377 0.04893643182097627
7.00498 0.049076952802515325
7.00619 0.04921747378405438
7.00739 0.04935799476559344
7.0086 0.049516080869824876
7.00981 0.049674166974056314
7.01101 0.04983225307828775
7.01222 0.04999033918251919
7.01343 0.050130860164058245
7.01463 0.05028894626828968
7.01584 0.05044703237252112
7.01705 0.05060511847675256
7.01825 0.050745639458291615
7.01946 0.05090372556252305
7.02067 0.05104424654406211
7.02187 0.051184767525601166
7.02308 0.05132528850714022
7.02429 0.05146580948867928
7.0255 0.051588765347525954
7.0267 0.05169415608368025
7.02791 0.051799546819834535
7.02912 0.05188737243329645
7.03032 0.05199276316945074
7.03153 0.05206302366022027
7.03274 0.05215084927368218
7.03394 0.052221109764451705
7.03515 0.05230893537791362
7.03636 0.052414326114067905
7.03756 0.0525197168502222
7.03877 0.052642672709068875
7.03998 0.05278319369060793
7.04118 0.05294127979483937
7.04239 0.053099365899070806
7.0436 0.053275017125994625
7.0448 0.05343310323022606
7.04601 0.0535911893344575
7.04722 0.05374927543868894
7.04843 0.053889796420227995
7.04963 0.05404788252445943
7.05084 0.05417083838330611
7.05205 0.054311359364845165
7.05325 0.05443431522369184
7.05446 0.054557271082538515
7.05567 0.0546626618186928
7.05687 0.05478561767753948
7.05808 0.05489100841369377
7.05929 0.05501396427254045
7.06049 0.05513692013138712
7.0617 0.0552598759902338
7.06291 0.05538283184908047
7.06411 0.05552335283061952
7.06532 0.05568143893485096
7.06653 0.0558395250390824
7.06773 0.055997611143313836
7.06894 0.05615569724754527
7.07015 0.0563313484744691
7.07135 0.05648943457870054
7.07256 0.05666508580562435
7.07377 0.05682317190985579
7.07498 0.05696369289139485
7.07618 0.0571042138729339
7.07739 0.05724473485447296
7.0786 0.05738525583601201
7.0798 0.057525776817551076
7.08101 0.05764873267639775
7.08222 0.0577892536579368
7.08342 0.05794733976216824
7.08463 0.058105425866399676
7.08584 0.0582810770933235
7.08704 0.058456728320247314
7.08825 0.05863237954717114
7.08946 0.058808030774094966
7.09066 0.059001247123711166
7.09187 0.059194463473327366
7.09308 0.059387679822943566
7.09428 0.059580896172559766
7.09549 0.05975654739948359
7.0967 0.05994976374909979
7.0979 0.060125414976023604
7.09911 0.06031863132563982
7.10032 0.06051184767525602
7.10153 0.06070506402487222
7.10273 0.06089828037448842
7.10394 0.06110906184679701
7.10515 0.06130227819641321
7.10635 0.06153062479141417
7.10756 0.06174140626372276
7.10877 0.06196975285872372
7.10997 0.06219809945372468
7.11118 0.06242644604872566
7.11239 0.06263722752103423
7.11359 0.0628655741160352
7.1148 0.06307635558834378
7.11601 0.06328713706065237
7.11721 0.06351548365565333
7.11842 0.06372626512796192
7.11963 0.06391948147757812
7.12083 0.0641302629498867
7.12204 0.06435860954488767
7.12325 0.06456939101719626
7.12445 0.06481530273488961
7.12566 0.06504364932989057
7.12687 0.06527199592489154
7.12808 0.06551790764258489
7.12928 0.06576381936027824
7.13049 0.0659921659552792
7.1317 0.06623807767297255
7.1329 0.06644885914528113
7.13411 0.06665964061758971
7.13532 0.0668704220898983
7.13652 0.06708120356220688
7.13773 0.06730955015720785
7.13894 0.06753789675220881
7.14014 0.0677486782245174
7.14135 0.06799458994221075
7.14256 0.06825806678259648
7.14376 0.06852154362298221
7.14497 0.06880258558606032
7.14618 0.06908362754913842
7.14738 0.06934710438952417
7.14859 0.06962814635260228
7.1498 0.0699091883156804
7.151 0.07019023027875851
7.15221 0.07045370711914423
7.15342 0.07071718395952996
7.15463 0.07096309567722331
7.15583 0.07122657251760904
7.15704 0.07150761448068715
7.15825 0.07177109132107289
7.15945 0.072052133284151
7.16066 0.07235074036992148
7.16187 0.07266691257838435
7.16307 0.07300064990953962
7.16428 0.07336951748607964
7.16549 0.07373838506261968
7.16669 0.07412481776185208
7.1679 0.07451125046108448
7.16911 0.07491524828300926
7.17031 0.07535437635031882
7.17152 0.07579350441762836
7.17273 0.07623263248493792
7.17393 0.07667176055224746
7.17514 0.07716358398763415
7.17635 0.07769053766840561
7.17755 0.07823505647186946
7.17876 0.07881470552071806
7.17997 0.07944704993764382
7.18118 0.08013208972264671
7.18238 0.08088738999841914
7.18359 0.08167782051957632
7.1848 0.08253851153150304
7.186 0.08345189791150691
7.18721 0.08445310990497268
7.18842 0.08548945214382322
7.18962 0.08659605487344328
7.19083 0.08782561346191003
7.19204 0.0891429976638387
7.19324 0.09054820747922925
7.19445 0.0920588080307741
7.19566 0.09374505980924278
7.19686 0.09564209306002003
7.19807 0.09766208216964395
7.19928 0.09987528762888409
7.20048 0.10236953505120233
7.20169 0.10516238955929108
7.2029 0.10823628603045793
7.2041 0.1115736593420105
7.20531 0.11524476998471835
7.20652 0.11926718308127383
7.20773 0.12371115912244648
7.20893 0.1284888724947744
7.21014 0.13349493246210326
7.21135 0.13865907853366355
7.21255 0.14419209218176388
7.21376 0.15000614779294236
7.21497 0.15574994291335126
7.21617 0.1610897402118354
7.21738 0.16618362579262616
7.21859 0.17118968575995505
7.21979 0.17565122692382007
7.221 0.17918181658498886
7.22221 0.18160580351653757
7.22341 0.18322179480423673
7.22462 0.18394196483462436
7.22583 0.18367848799423864
7.22703 0.18229084330154047
7.22824 0.17970877026576032
7.22945 0.17624844109536106
7.23065 0.17226115824419036
7.23186 0.1679928334299415
7.23307 0.1630219037079974
7.23428 0.15761184591874375
7.23548 0.15216665788410533
7.23669 0.1470903374260069
7.2379 0.1421194077040628
7.2391 0.13723630359558062
7.24031 0.13263424145017652
7.24152 0.12845374224938963
7.24272 0.12472993623860464
7.24393 0.12137499780435966
7.24514 0.11835379670126996
7.24634 0.11563120268395075
7.24755 0.11325991112047917
7.24876 0.11123992201085524
7.24996 0.10950097486430943
7.25117 0.10795524406737982
7.25238 0.10655003425198925
7.25358 0.10540830127698443
7.25479 0.10444221952890341
7.256 0.10356396339428431
7.25721 0.10277353287312713
7.25841 0.10208849308812422
7.25962 0.10150884403927563
7.26083 0.10098189035850416
7.26203 0.10047250180042508
7.26324 0.10001580861042314
7.26445 0.09959424566580598
7.26565 0.0991902478438812
7.26686 0.0987862500219564
7.26807 0.09836468707733924
7.26927 0.09794312413272206
7.27048 0.0975215611881049
7.27169 0.09708243312079536
7.27289 0.0966433050534858
7.2741 0.09616904674079149
7.27531 0.09569478842809717
7.27651 0.09522053011540287
7.27772 0.09476383692540093
7.27893 0.0942895786127066
7.28013 0.09385045054539706
7.28134 0.0934113224780875
7.28255 0.0930248897788551
7.28376 0.09265602220231509
7.28496 0.09230471974846745
7.28617 0.09198854754000457
7.28738 0.09168994045423408
7.28858 0.09140889849115597
7.28979 0.091180551896155
7.291 0.09093464017846165
7.2922 0.09072385870615307
7.29341 0.0904955121111521
7.29462 0.09028473063884351
7.29582 0.09007394916653493
7.29703 0.08986316769422634
7.29824 0.08966995134461014
7.29944 0.08945916987230157
7.30065 0.08926595352268535
7.30186 0.08909030229576154
7.30306 0.08891465106883771
7.30427 0.08877413008729866
7.30548 0.0886336091057596
7.30668 0.08849308812422055
7.30789 0.08837013226537388
7.3091 0.0882471764065272
7.31031 0.08815935079306529
7.31151 0.088053960056911
7.31272 0.08796613444344908
7.31393 0.08787830882998718
7.31513 0.08779048321652526
7.31634 0.08770265760306337
7.31755 0.08763239711229383
7.31875 0.0875621366215243
7.31996 0.08749187613075478
7.32117 0.08743918076267762
7.32237 0.08738648539460049
7.32358 0.0873689202719081
7.32479 0.08735135514921573
7.32599 0.08735135514921573
7.3272 0.0873689202719081
7.32841 0.08738648539460049
7.32961 0.08742161563998525
7.33082 0.08747431100806238
7.33203 0.08752700637613954
7.33323 0.08757970174421668
7.33444 0.08761483198960145
7.33565 0.08764996223498621
7.33686 0.08768509248037097
7.33806 0.08772022272575573
7.33927 0.08773778784844813
7.34048 0.0877553529711405
7.34168 0.0877553529711405
7.34289 0.0877553529711405
7.3441 0.08779048321652526
7.3453 0.08780804833921765
7.34651 0.0878607437072948
7.34772 0.08789587395267956
7.34892 0.08794856932075672
7.35013 0.08801882981152624
7.35134 0.08808909030229577
7.35254 0.08817691591575767
7.35375 0.0882471764065272
7.35496 0.08833500201998912
7.35616 0.08840526251075864
7.35737 0.08847552300152817
7.35858 0.0885457834922977
7.35978 0.08861604398306723
7.36099 0.08866873935114436
7.3622 0.08872143471922152
7.36341 0.08877413008729866
7.36461 0.08884439057806819
7.36582 0.08891465106883771
7.36703 0.08898491155960724
7.36823 0.08907273717306916
7.36944 0.08916056278653106
7.37065 0.08924838839999298
7.37185 0.08935377913614727
7.37306 0.08945916987230157
7.37427 0.08958212573114822
7.37547 0.08966995134461014
7.37668 0.08975777695807205
7.37789 0.08984560257153397
7.37909 0.08993342818499588
7.3803 0.0900036886757654
7.38151 0.09007394916653493
7.38271 0.09012664453461208
7.38392 0.09017933990268921
7.38513 0.09024960039345875
7.38633 0.09031986088422828
7.38754 0.0903901213749978
7.38875 0.09047794698845972
7.38996 0.09056577260192163
7.39116 0.09065359821538355
7.39237 0.09074142382884544
7.39358 0.09082924944230736
7.39478 0.09093464017846165
7.39599 0.09102246579192355
7.3972 0.09109272628269309
7.3984 0.09116298677346261
7.39961 0.09121568214153976
7.40082 0.0912683775096169
7.40202 0.09132107287769406
7.40323 0.09137376824577119
7.40444 0.09140889849115597
7.40564 0.09144402873654073
7.40685 0.09149672410461787
7.40806 0.09156698459538741
7.40926 0.09163724508615693
7.41047 0.09170750557692646
7.41168 0.09179533119038837
7.41288 0.09188315680385029
7.41409 0.09197098241731218
7.4153 0.09207637315346648
7.41651 0.0921641987669284
7.41771 0.09225202438039029
7.41892 0.09233984999385221
7.42013 0.09241011048462174
7.42133 0.09248037097539127
7.42254 0.0925506314661608
7.42375 0.09262089195693032
7.42495 0.09269115244769985
7.42616 0.09276141293846939
7.42737 0.09283167342923891
7.42857 0.09291949904270082
7.42978 0.09300732465616272
7.43099 0.09311271539231702
7.43219 0.09321810612847131
7.4334 0.09334106198731798
7.43461 0.09346401784616466
7.43581 0.09358697370501133
7.43702 0.09370992956385801
7.43823 0.09383288542270468
7.43943 0.09395584128155136
7.44064 0.09406123201770565
7.44185 0.09416662275385994
7.44306 0.09427201349001424
7.44426 0.09437740422616853
7.44547 0.09448279496232281
7.44668 0.09457062057578472
7.44788 0.09467601131193902
7.44909 0.09478140204809331
7.4503 0.0948867927842476
7.4515 0.0949921835204019
7.45271 0.09511513937924856
7.45392 0.09523809523809523
7.45512 0.09536105109694192
7.45633 0.09548400695578858
7.45754 0.09560696281463527
7.45874 0.09572991867348193
7.45995 0.09583530940963622
7.46116 0.09594070014579052
7.46236 0.09604609088194481
7.46357 0.0961514816180991
7.46478 0.0962568723542534
7.46599 0.09634469796771532
7.46719 0.0964500887038696
7.4684 0.09653791431733151
7.46961 0.0966433050534858
7.47081 0.09674869578964009
7.47202 0.09685408652579439
7.47323 0.09697704238464107
7.47443 0.09709999824348774
7.47564 0.09720538897964202
7.47685 0.0973283448384887
7.47805 0.09745130069733537
7.47926 0.09757425655618206
7.48047 0.09769721241502873
7.48167 0.09780260315118301
7.48288 0.0979079938873373
7.48409 0.09799581950079922
7.48529 0.09808364511426113
7.4865 0.09817147072772305
7.48771 0.09825929634118494
7.48891 0.09832955683195448
7.49012 0.098399817322724
7.49133 0.09847007781349353
7.49254 0.09854033830426305
7.49374 0.09862816391772497
7.49495 0.0986984244084945
7.49616 0.0987862500219564
7.49736 0.09887407563541832
7.49857 0.09896190124888023
7.49978 0.09906729198503451
7.50098 0.09917268272118882
7.50219 0.0992780734573431
7.5034 0.09936589907080502
7.5046 0.09947128980695931
7.50581 0.09955911542042122
7.50702 0.09964694103388314
7.50822 0.09973476664734503
7.50943 0.09982259226080695
7.51064 0.09991041787426885
7.51184 0.09999824348773077
7.51305 0.10008606910119268
7.51426 0.10017389471465458
7.51546 0.10027928545080889
7.51667 0.10036711106427079
7.51788 0.10047250180042508
7.51909 0.10057789253657937
7.52029 0.10068328327273367
7.5215 0.10080623913158034
7.52271 0.100929194990427
7.52391 0.10105215084927369
7.52512 0.10115754158542799
7.52633 0.10128049744427466
7.52753 0.10140345330312132
7.52874 0.10152640916196799
7.52995 0.1016317998981223
7.53115 0.10175475575696898
7.53236 0.10187771161581564
7.53357 0.10198310235196993
7.53477 0.10210605821081661
7.53598 0.10222901406966328
7.53719 0.10235196992850996
7.53839 0.10247492578735663
7.5396 0.1025978816462033
7.54081 0.10273840262774236
7.54201 0.10287892360928141
7.54322 0.10303700971351284
7.54443 0.10319509581774429
7.54564 0.10333561679928335
7.54684 0.10349370290351478
7.54805 0.10365178900774623
7.54926 0.10380987511197766
7.55046 0.1039679612162091
7.55167 0.10410848219774815
7.55288 0.10424900317928722
7.55408 0.10438952416082627
7.55529 0.10451248001967293
7.5565 0.10463543587851962
7.5577 0.10475839173736629
7.55891 0.10488134759621297
7.56012 0.10500430345505964
7.56132 0.10512725931390632
7.56253 0.10526778029544537
7.56374 0.10539073615429204
7.56494 0.10554882225852348
7.56615 0.10568934324006253
7.56736 0.10584742934429398
7.56856 0.1060055154485254
7.56977 0.10616360155275685
7.57098 0.10633925277968066
7.57219 0.10649733888391211
7.57339 0.10665542498814355
7.5746 0.10681351109237498
7.57581 0.10695403207391403
7.57701 0.1070945530554531
7.57822 0.10723507403699215
7.57943 0.10737559501853121
7.58063 0.10749855087737788
7.58184 0.10763907185891694
7.58305 0.10776202771776361
7.58425 0.10790254869930266
7.58546 0.10802550455814934
7.58667 0.10818359066238077
7.58787 0.10832411164391983
7.58908 0.10848219774815128
7.59029 0.10862271872969033
7.59149 0.10878080483392176
7.5927 0.10892132581546082
7.59391 0.10906184679699987
7.59511 0.10921993290123132
7.59632 0.10936045388277038
7.59753 0.10948340974161705
7.59874 0.10960636560046372
7.59994 0.10972932145931039
7.60115 0.10983471219546469
7.60236 0.10995766805431137
7.60356 0.11006305879046564
7.60477 0.11018601464931232
7.60598 0.110308970508159
7.60718 0.11043192636700568
7.60839 0.11055488222585234
7.6096 0.11069540320739142
7.6108 0.11083592418893047
7.61201 0.11097644517046952
7.61322 0.11111696615200857
7.61442 0.11123992201085524
7.61563 0.1113804429923943
7.61684 0.11152096397393337
7.61804 0.11164391983278005
7.61925 0.11176687569162672
7.62046 0.1118898315504734
7.62166 0.11199522228662767
7.62287 0.11210061302278197
7.62408 0.11220600375893627
7.62529 0.11231139449509055
7.62649 0.11241678523124485
7.6277 0.11252217596739915
7.62891 0.11262756670355342
7.63011 0.11273295743970772
7.63132 0.11285591329855439
7.63253 0.11297886915740107
7.63373 0.11310182501624774
7.63494 0.11324234599778679
7.63615 0.11336530185663347
7.63735 0.11348825771548014
7.63856 0.11361121357432682
7.63977 0.11375173455586587
7.64097 0.11387469041471254
7.64218 0.11399764627355922
7.64339 0.1141206021324059
7.64459 0.11424355799125258
7.6458 0.11436651385009924
7.64701 0.11448946970894593
7.64821 0.1146124255677926
7.64942 0.11475294654933164
7.65063 0.1148934675308707
7.65184 0.11503398851240977
7.65304 0.11517450949394882
7.65425 0.11533259559818025
7.65546 0.1154906817024117
7.65666 0.11564876780664313
7.65787 0.11580685391087457
7.65908 0.115964940015106
7.66028 0.11612302611933745
7.66149 0.11628111222356888
7.6627 0.11643919832780032
7.6639 0.11657971930933937
7.66511 0.11672024029087842
7.66632 0.1168607612724175
7.66752 0.11698371713126418
7.66873 0.11712423811280323
7.66994 0.1172471939716499
7.67114 0.11737014983049658
7.67235 0.11751067081203563
7.67356 0.1176336266708823
7.67477 0.11775658252972898
7.67597 0.11787953838857565
7.67718 0.11800249424742233
7.67839 0.118125450106269
7.67959 0.11824840596511568
7.6808 0.11838892694665473
7.68201 0.1185118828055014
7.68321 0.11863483866434808
7.68442 0.11875779452319475
7.68563 0.11888075038204143
7.68683 0.11902127136358048
7.68804 0.11916179234511953
7.68925 0.11931987844935098
7.69045 0.11946039943089003
7.69166 0.11961848553512146
7.69287 0.11979413676204528
7.69407 0.11996978798896911
7.69528 0.12014543921589294
7.69649 0.12033865556550913
7.69769 0.12053187191512534
7.6989 0.12072508826474153
7.70011 0.12091830461435774
7.70132 0.12112908608666631
7.70252 0.12133986755897491
7.70373 0.1215330839085911
7.70494 0.12170873513551493
7.70614 0.12190195148513114
7.70735 0.12207760271205496
7.70856 0.12225325393897876
7.70976 0.12242890516590259
7.71097 0.12258699127013403
7.71218 0.12274507737436546
7.71338 0.12290316347859691
7.71459 0.12306124958282834
7.7158 0.12321933568705978
7.717 0.12337742179129121
7.71821 0.12355307301821504
7.71942 0.12371115912244648
7.72062 0.12388681034937028
7.72183 0.12408002669898649
7.72304 0.12425567792591032
7.72424 0.12446645939821892
7.72545 0.12465967574783511
7.72666 0.12485289209745132
7.72787 0.1250461084470675
7.72907 0.12525688991937609
7.73028 0.12545010626899228
7.73149 0.1256433226186085
7.73269 0.1258189738455323
7.7339 0.12599462507245615
7.73511 0.12617027629937996
7.73631 0.1263283624036114
7.73752 0.1265040136305352
7.73873 0.12667966485745905
7.73993 0.12685531608438286
7.74114 0.1270134021886143
7.74235 0.12720661853823048
7.74355 0.12738226976515432
7.74476 0.12757548611477051
7.74597 0.1277862675870791
7.74717 0.1279970490593877
7.74838 0.12820783053169627
7.74959 0.12843617712669725
7.75079 0.12864695859900582
7.752 0.1288577400713144
7.75321 0.129068521543623
7.75442 0.12927930301593157
7.75562 0.12949008448824015
7.75683 0.12970086596054875
7.75804 0.12989408231016494
7.75924 0.13008729865978114
7.76045 0.13028051500939736
7.76166 0.13049129648170593
7.76286 0.1307020779540145
7.76407 0.1309128594263231
7.76528 0.13112364089863168
7.76648 0.13133442237094026
7.76769 0.1315627689659412
7.7689 0.13177355043824981
7.7701 0.13201946215594318
7.77131 0.13224780875094413
7.77252 0.1324761553459451
7.77372 0.13270450194094607
7.77493 0.13293284853594703
7.77614 0.13317876025364037
7.77734 0.13340710684864135
7.77855 0.1336354534436423
7.77976 0.13388136516133564
7.78097 0.13410971175633662
7.78217 0.1343380583513376
7.78338 0.13458397006903092
7.78459 0.1348123166640319
7.78579 0.13505822838172524
7.787 0.13528657497672622
7.78821 0.13553248669441958
7.78941 0.1357783984121129
7.79062 0.13602431012980626
7.79183 0.1362702218474996
7.79303 0.13651613356519296
7.79424 0.13677961040557868
7.79545 0.13702552212327201
7.79665 0.13728899896365776
7.79786 0.1375524758040435
7.79907 0.1378335177671216
7.80027 0.13809699460750732
7.80148 0.13837803657058545
7.80269 0.13864151341097117
7.80389 0.13888742512866453
7.8051 0.13915090196905025
7.80631 0.13939681368674361
7.80752 0.13964272540443695
7.80872 0.13988863712213032
7.80993 0.14011698371713124
7.81114 0.14034533031213223
7.81234 0.1405561117844408
7.81355 0.14078445837944178
7.81476 0.14099523985175036
7.81596 0.14122358644675134
7.81717 0.1414519330417523
7.81838 0.14168027963675325
7.81958 0.14190862623175424
7.82079 0.14215453794944757
7.822 0.14240044966714094
7.8232 0.14264636138483427
7.82441 0.14289227310252764
7.82562 0.14313818482022098
7.82682 0.1433840965379143
7.82803 0.14363000825560765
7.82924 0.14387591997330101
7.83044 0.14412183169099435
7.83165 0.14435017828599533
7.83286 0.1445960900036887
7.83407 0.14482443659868963
7.83527 0.1450527831936906
7.83648 0.1452811297886916
7.83769 0.1455270415063849
7.83889 0.14575538810138589
7.8401 0.14600129981907925
7.84131 0.1462472115367726
7.84251 0.14649312325446595
7.84372 0.14675660009485167
7.84493 0.1470200769352374
7.84613 0.1472835537756231
7.84734 0.14754703061600888
7.84855 0.14782807257908698
7.84975 0.1480915494194727
7.85096 0.1483550262598584
7.85217 0.14861850310024416
7.85337 0.14889954506332226
7.85458 0.149163021903708
7.85579 0.14942649874409375
7.85699 0.14967241046178706
7.8582 0.14993588730217283
7.85941 0.15018179901986617
7.86062 0.1504452758602519
7.86182 0.15069118757794525
7.86303 0.15095466441833097
7.86424 0.15120057613602433
7.86544 0.15146405297641005
7.86665 0.1517099646941034
7.86786 0.15195587641179675
7.86906 0.1522017881294901
7.87027 0.15244769984718345
7.87148 0.15269361156487676
7.87268 0.15293952328257013
7.87389 0.1531678698775711
7.8751 0.15337865134987969
7.8763 0.1535894328221883
7.87751 0.15380021429449686
7.87872 0.15399343064411306
7.87992 0.15418664699372925
7.88113 0.15437986334334544
7.88234 0.15457307969296166
7.88355 0.15474873091988547
7.88475 0.15494194726950167
7.88596 0.1551351636191179
7.88717 0.15532837996873408
7.88837 0.15553916144104268
7.88958 0.15574994291335126
7.89079 0.15596072438565983
7.89199 0.15618907098066082
7.8932 0.15641741757566177
7.89441 0.15664576417066273
7.89561 0.1568916758883561
7.89682 0.15713758760604943
7.89803 0.1573659342010504
7.89923 0.15761184591874375
7.90044 0.1578401925137447
7.90165 0.15808610423143807
7.90285 0.15831445082643902
7.90406 0.1585603625441324
7.90527 0.15878870913913334
7.90647 0.15899949061144192
7.90768 0.15922783720644287
7.90889 0.15945618380144386
7.9101 0.15968453039644484
7.9113 0.1599128769914458
7.91251 0.16014122358644675
7.91372 0.16038713530414012
7.91492 0.16061548189914107
7.91613 0.1608613936168344
7.91734 0.16110730533452777
7.91854 0.1613532170522211
7.91975 0.16161669389260683
7.92096 0.1618626056103002
7.92216 0.1621260824506859
7.92337 0.16237199416837927
7.92458 0.16263547100876502
7.92578 0.16289894784915074
7.92699 0.16314485956684407
7.9282 0.16340833640722982
7.9294 0.16367181324761554
7.93061 0.16393529008800126
7.93182 0.16418120180569462
7.93302 0.16444467864608034
7.93423 0.16472572060915847
7.93544 0.16498919744954418
7.93665 0.1652526742899299
7.93785 0.16553371625300803
7.93906 0.16581475821608613
7.94027 0.16607823505647187
7.94147 0.16635927701955
7.94268 0.1666403189826281
7.94389 0.16692136094570623
7.94509 0.16720240290878433
7.9463 0.16748344487186245
7.94751 0.16776448683494055
7.94871 0.16802796367532627
7.94992 0.1683090056384044
7.95113 0.16857248247879011
7.95233 0.1688535244418682
7.95354 0.16911700128225396
7.95475 0.1693804781226397
7.95595 0.1696615200857178
7.95716 0.16992499692610355
7.95837 0.17020603888918165
7.95957 0.17048708085225975
7.96078 0.17076812281533787
7.96199 0.17104916477841597
7.9632 0.1713302067414941
7.9644 0.1716112487045722
7.96561 0.17189229066765033
7.96682 0.17217333263072843
7.96802 0.17245437459380655
7.96923 0.17273541655688465
7.97044 0.17301645851996278
7.97164 0.17329750048304088
7.97285 0.1735609773234266
7.97406 0.17382445416381234
7.97526 0.17410549612689044
7.97647 0.1743689729672762
7.97768 0.1746324498076619
7.97888 0.17491349177074003
7.98009 0.17517696861112575
7.9813 0.17544044545151147
7.9825 0.1757039222918972
7.98371 0.17598496425497534
7.98492 0.17626600621805344
7.98612 0.17652948305843918
7.98733 0.17681052502151728
7.98854 0.177074001861903
7.98975 0.17735504382498113
7.99095 0.17763608578805923
7.99216 0.17789956262844495
7.99337 0.17818060459152307
7.99457 0.17844408143190882
7.99578 0.17872512339498692
7.99699 0.17898860023537266
7.99819 0.17926964219845076
7.9994 0.17953311903883648
8.00061 0.1798141610019146
8.00181 0.1800952029649927
8.00302 0.18037624492807083
8.00423 0.18065728689114893
8.00543 0.18093832885422706
8.00664 0.18121937081730516
8.00785 0.18148284765769088
8.00905 0.181763889620769
8.01026 0.1820449315838471
8.01147 0.18232597354692523
8.01267 0.18258945038731098
8.01388 0.18287049235038907
8.01509 0.1831515343134672
8.0163 0.18341501115385292
8.0175 0.18369605311693105
8.01871 0.18395952995731676
8.01992 0.18424057192039486
8.02112 0.184521613883473
8.02233 0.1847850907238587
8.02354 0.18508369780962922
8.02474 0.18536473977270732
8.02595 0.18564578173578544
8.02716 0.18592682369886354
8.02836 0.18620786566194164
8.02957 0.18650647274771215
8.03078 0.18678751471079028
8.03198 0.18706855667386837
8.03319 0.1873495986369465
8.0344 0.1876306406000246
8.0356 0.18791168256310273
8.03681 0.18819272452618083
8.03802 0.1884913316119513
8.03922 0.18877237357502943
8.04043 0.18905341553810753
8.04164 0.18933445750118563
8.04285 0.18963306458695614
8.04405 0.18993167167272665
8.04526 0.19023027875849713
8.04647 0.1905288858442676
8.04767 0.1908450580527305
8.04888 0.19116123026119336
8.05009 0.19147740246965625
8.05129 0.1917935746781191
8.0525 0.1921273120092744
8.05371 0.19246104934042965
8.05491 0.1927772215488925
8.05612 0.19311095888004778
8.05733 0.19344469621120305
8.05853 0.1937784335423583
8.05974 0.19411217087351354
8.06095 0.19444590820466884
8.06215 0.19477964553582408
8.06336 0.19511338286697932
8.06457 0.19544712019813457
8.06577 0.19578085752928986
8.06698 0.1961145948604451
8.06819 0.19643076706890797
8.0694 0.19678206952275562
8.0706 0.1971158068539109
8.07181 0.19744954418506613
8.07302 0.1977832815162214
8.07422 0.19813458397006903
8.07543 0.19846832130122427
8.07664 0.19880205863237957
8.07784 0.1991533610862272
8.07905 0.19948709841738246
8.08026 0.1998208357485377
8.08146 0.20017213820238536
8.08267 0.2005058755335406
8.08388 0.20085717798738822
8.08508 0.20119091531854352
8.08629 0.20152465264969877
8.0875 0.20187595510354642
8.0887 0.20220969243470166
8.08991 0.2025609948885493
8.09112 0.20289473221970455
8.09232 0.20324603467355218
8.09353 0.20359733712739983
8.09474 0.2039310744585551
8.09595 0.20428237691240275
8.09715 0.2046336793662504
8.09836 0.20496741669740565
8.09957 0.20531871915125327
8.10077 0.20567002160510092
8.10198 0.20602132405894857
8.10319 0.2063726265127962
8.10439 0.20672392896664385
8.1056 0.20707523142049147
8.10681 0.20742653387433913
8.10801 0.20777783632818678
8.10922 0.20814670390472678
8.11043 0.20849800635857443
8.11163 0.20886687393511444
8.11284 0.20923574151165447
8.11405 0.2096046090881945
8.11525 0.2099910417874269
8.11646 0.21035990936396692
8.11767 0.2107463420631993
8.11888 0.21113277476243172
8.12008 0.21150164233897176
8.12129 0.21188807503820414
8.1225 0.21227450773743656
8.1237 0.21264337531397656
8.12491 0.21302980801320898
8.12612 0.213398675589749
8.12732 0.21376754316628901
8.12853 0.21413641074282905
8.12974 0.21448771319667667
8.13094 0.21483901565052432
8.13215 0.21520788322706436
8.13336 0.21555918568091198
8.13456 0.21591048813475963
8.13577 0.21626179058860726
8.13698 0.2166306581651473
8.13818 0.21698196061899494
8.13939 0.21735082819553495
8.1406 0.21771969577207498
8.1418 0.2181061284713074
8.14301 0.2184749960478474
8.14422 0.2188614287470798
8.14543 0.21926542656900458
8.14663 0.219651859268237
8.14784 0.2200558570901618
8.14905 0.22045985491208658
8.15025 0.22088141785670373
8.15146 0.22128541567862853
8.15267 0.2216894135005533
8.15387 0.2221109764451705
8.15508 0.22251497426709524
8.15629 0.22291897208902003
8.15749 0.22332296991094483
8.1587 0.22372696773286965
8.15991 0.2241309655547944
8.16111 0.22451739825402678
8.16232 0.2249213960759516
8.16353 0.225307828775184
8.16473 0.22571182659710878
8.16594 0.2260982592963412
8.16715 0.226502257118266
8.16835 0.22690625494019073
8.16956 0.22729268763942315
8.17077 0.22769668546134794
8.17198 0.22810068328327274
8.17318 0.22852224622788989
8.17439 0.2289262440498147
8.1756 0.22934780699443186
8.1768 0.22975180481635665
8.17801 0.2301733677609738
8.17922 0.230594930705591
8.18042 0.23101649365020815
8.18163 0.2314380565948253
8.18284 0.2318596195394425
8.18404 0.23229874760675207
8.18525 0.2327378756740616
8.18646 0.23317700374137115
8.18766 0.2336161318086807
8.18887 0.2340728249986826
8.19008 0.23452951818868456
8.19128 0.2349862113786865
8.19249 0.2354429045686884
8.1937 0.23591716288138276
8.1949 0.23637385607138467
8.19611 0.23684811438407896
8.19732 0.2373223726967733
8.19853 0.2377966310094676
8.19973 0.23827088932216192
8.20094 0.23874514763485627
8.20215 0.23921940594755056
8.20335 0.23967609913755247
8.20456 0.24015035745024682
8.20577 0.2406246157629411
8.20697 0.24108130895294305
8.20818 0.24155556726563737
8.20939 0.24202982557833166
8.21059 0.2424865187683336
8.2118 0.24296077708102792
8.21301 0.24343503539372222
8.21421 0.24390929370641656
8.21542 0.24438355201911086
8.21663 0.24487537545449756
8.21783 0.24534963376719188
8.21904 0.24584145720257858
8.22025 0.24633328063796528
8.22145 0.24682510407335198
8.22266 0.24731692750873868
8.22387 0.24780875094412538
8.22508 0.2483181395022044
8.22628 0.2488099629375911
8.22749 0.2493017863729778
8.2287 0.24979360980836451
8.2299 0.2503029983664436
8.23111 0.2508123869245227
8.23232 0.25130421035990935
8.23352 0.25181359891798843
8.23473 0.2523229874760675
8.23594 0.25283237603414666
8.23714 0.2533593297149181
8.23835 0.2538862833956895
8.23956 0.25441323707646096
8.24076 0.2549577558799248
8.24197 0.2554847095606963
8.24318 0.25602922836416014
8.24438 0.25659131229031634
8.24559 0.2571358310937802
8.2468 0.25769791501993644
8.248 0.2582424338234003
8.24921 0.2588045177495565
8.25042 0.25936660167571274
8.25163 0.2599111204791765
8.25283 0.2604732044053328
8.25404 0.261035288331489
8.25525 0.2615798071349528
8.25645 0.2621418910611091
8.25766 0.2627039749872653
8.25887 0.26326605891342153
8.26007 0.26382814283957773
8.26128 0.2643902267657339
8.26249 0.2649698758145826
8.26369 0.2655319597407388
8.2649 0.2661116087895874
8.26611 0.266691257838436
8.26731 0.2672709068872846
8.26852 0.2678681210588256
8.26973 0.2684477701076742
8.27093 0.2690449842792152
8.27214 0.2696421984507562
8.27335 0.27023941262229717
8.27455 0.27083662679383813
8.27576 0.27145140608807156
8.27697 0.2720486202596125
8.27818 0.2726458344311535
8.27938 0.2732606137253869
8.28059 0.27385782789692786
8.2818 0.27447260719116123
8.283 0.2750873864853946
8.28421 0.275702165779628
8.28542 0.27631694507386134
8.28662 0.2769317243680947
8.28783 0.27754650366232814
8.28904 0.27816128295656145
8.29024 0.2787760622507948
8.29145 0.2793908415450282
8.29266 0.28000562083926156
8.29386 0.280620400133495
8.29507 0.2812351794277283
8.29628 0.28184995872196167
8.29748 0.2824647380161951
8.29869 0.283061952187736
8.2999 0.2836767314819694
8.3011 0.28427394565351044
8.30231 0.28488872494774375
8.30352 0.2855035042419771
8.30473 0.2861182835362105
8.30593 0.28673306283044386
8.30714 0.2873478421246773
8.30835 0.2879626214189106
8.30955 0.28857740071314397
8.31076 0.28920974513006975
8.31197 0.2898420895469955
8.31317 0.29047443396392125
8.31438 0.2911243435035394
8.31559 0.2917566879204651
8.31679 0.2923714672146985
8.318 0.29300381163162426
8.31921 0.29363615604855003
8.32041 0.2942509353427834
8.32162 0.2948832797597091
8.32283 0.2954980590539425
8.32403 0.29609527322548346
8.32524 0.2966924873970245
8.32645 0.2972897015685655
8.32766 0.29788691574010645
8.32886 0.2984841299116474
8.33007 0.2990813440831884
8.33128 0.2996961233774218
8.33248 0.3002933375489628
8.33369 0.3008905517205038
8.3349 0.30148776589204473
8.3361 0.30210254518627816
8.33731 0.3027348896032039
8.33852 0.30334966889743725
8.33972 0.303982013314363
8.34093 0.30461435773128875
8.34214 0.3052467021482145
8.34334 0.30587904656514026
8.34455 0.306511390982066
8.34576 0.30714373539899176
8.34696 0.3077936449386099
8.34817 0.30842598935553567
8.34938 0.3090758988951538
8.35058 0.3097082433120796
8.35179 0.3103581528516977
8.353 0.31099049726862343
8.35421 0.31164040680824157
8.35541 0.3122903163478597
8.35662 0.31294022588747783
8.35783 0.31359013542709596
8.35903 0.3142576100894065
8.36024 0.314925084751717
8.36145 0.31559255941402753
8.36265 0.31624246895364566
8.36386 0.31690994361595615
8.36507 0.3175774182782667
8.36627 0.31824489294057723
8.36748 0.3189123676028877
8.36869 0.3195798422651982
8.36989 0.32024731692750874
8.3711 0.3208972264671269
8.37231 0.321547136006745
8.37351 0.3221970455463632
8.37472 0.32284695508598127
8.37593 0.3234968646255994
8.37713 0.3241467741652176
8.37834 0.32479668370483566
8.37955 0.3254465932444538
8.38076 0.326096502784072
8.38196 0.32674641232369006
8.38317 0.3274138869860006
8.38438 0.32808136164831114
8.38558 0.32876640143331404
8.38679 0.32945144121831693
8.388 0.3301364810033198
8.3892 0.3308215207883227
8.39041 0.3315065605733256
8.39162 0.33220916548102086
8.39282 0.33289420526602376
8.39403 0.3335792450510267
8.39524 0.3342642848360296
8.39644 0.3349493246210325
8.39765 0.3356343644060354
8.39886 0.3363018390683459
8.40006 0.3369693137306564
8.40127 0.33763678839296696
8.40248 0.33830426305527744
8.40368 0.338971737717588
8.40489 0.33963921237989847
8.4061 0.3403242521649014
8.40731 0.3409917268272119
8.40851 0.3416767666122148
8.40972 0.3423618063972177
8.41093 0.343064411304913
8.41213 0.34376701621260825
8.41334 0.34446962112030355
8.41455 0.3451897911506912
8.41575 0.34590996118107886
8.41696 0.34661256608877417
8.41817 0.3473327361191618
8.41937 0.3480353410268571
8.42058 0.3487379459345524
8.42179 0.3494405508422477
8.42299 0.3501431557499429
8.4242 0.35084576065763823
8.42541 0.3515308004426411
8.42661 0.3521982751049516
8.42782 0.3528833148899545
8.42903 0.3535683546749574
8.43023 0.35423582933726794
8.43144 0.3549384342449632
8.43265 0.35562347402996614
8.43386 0.35630851381496903
8.43506 0.3570111187226643
8.43627 0.3577137236303596
8.43748 0.3584163285380549
8.43868 0.35913649856844254
8.43989 0.35985666859883014
8.4411 0.3605944037519102
8.4423 0.3613321389049903
8.44351 0.36206987405807034
8.44472 0.36280760921115035
8.44592 0.363527779241538
8.44713 0.3642655143946181
8.44834 0.36498568442500573
8.44954 0.3657234195780858
8.45075 0.36644358960847345
8.45196 0.3671461945161687
8.45316 0.36786636454655636
8.45437 0.36855140433155925
8.45558 0.36925400923925455
8.45678 0.36995661414694986
8.45799 0.3706592190546451
8.4592 0.3713618239623404
8.46041 0.37206442887003566
8.46161 0.3727845989004233
8.46282 0.3734872038081186
8.46403 0.3742073738385063
8.46523 0.37494510899158634
8.46644 0.37568284414466635
8.46765 0.37643814442043877
8.46885 0.3771934446962112
8.47006 0.37794874497198366
8.47127 0.3787040452477561
8.47247 0.3794417804008361
8.47368 0.38019708067660857
8.47489 0.3809348158296886
8.47609 0.381690116105461
8.4773 0.38242785125854106
8.47851 0.3831655864116211
8.47971 0.38390332156470114
8.48092 0.3846410567177812
8.48213 0.38536122674816886
8.48333 0.3860813967785565
8.48454 0.38681913193163653
8.48575 0.3875568670847166
8.48696 0.388312167360489
8.48816 0.38906746763626143
8.48937 0.38982276791203385
8.49058 0.3905956333104987
8.49178 0.3913684987089635
8.49299 0.39214136410742834
8.4942 0.3929142295058931
8.4954 0.3937046600270503
8.49661 0.3945126556708999
8.49782 0.39530308619205706
8.49902 0.3960759515905219
8.50023 0.3968663821116791
8.50144 0.3976216823874515
8.50264 0.3983945477859163
8.50385 0.39914984806168874
8.50506 0.39990514833746116
8.50626 0.4006604486132336
8.50747 0.401415748889006
8.50868 0.4021710491647784
8.50988 0.4029087843178585
8.51109 0.4036640845936309
8.5123 0.4044018197467109
8.51351 0.40517468514517574
8.51471 0.40592998542094816
8.51592 0.406702850819413
8.51713 0.40749328134057017
8.51833 0.408266146739035
8.51954 0.4090565772601922
8.52075 0.40984700778134936
8.52195 0.41063743830250654
8.52316 0.41144543394635613
8.52437 0.4122358644675133
8.52557 0.4130438601113629
8.52678 0.4138518557552125
8.52799 0.4146422862763696
8.52919 0.41545028192021927
8.5304 0.4162407124413764
8.53161 0.4170311429625336
8.53281 0.4178391386063832
8.53402 0.41862956912754035
8.53523 0.41941999964869753
8.53644 0.4202279952925471
8.53764 0.4210184258137043
8.53885 0.4218088563348615
8.54006 0.42261685197871107
8.54126 0.42340728249986825
8.54247 0.42421527814371784
8.54368 0.4250232737875674
8.54488 0.4258137043087246
8.54609 0.4266216999525742
8.5473 0.42742969559642374
8.5485 0.428220126117581
8.54971 0.42901055663873816
8.55092 0.4298009871598953
8.55212 0.4305738525583601
8.55333 0.43134671795682494
8.55454 0.4321371484779821
8.55574 0.43291001387644695
8.55695 0.4336828792749118
8.55816 0.43445574467337655
8.55936 0.435211044949149
8.56057 0.43598391034761375
8.56178 0.43675677574607863
8.56299 0.4375296411445434
8.56419 0.43830250654300823
8.5654 0.439075371941473
8.56661 0.4398482373399379
8.56781 0.44062110273840266
8.56902 0.4413939681368675
8.57023 0.44216683353533226
8.57143 0.4429221338111047
8.57264 0.4436774340868771
8.57385 0.4444327343626496
8.57505 0.445188034638422
8.57626 0.445925769791502
8.57747 0.44664593982188966
8.57867 0.44736610985227737
8.57988 0.44806871475997256
8.58109 0.44877131966766787
8.58229 0.44945635945267076
8.5835 0.45015896436036607
8.58471 0.45084400414536896
8.58591 0.4515290439303719
8.58712 0.4522140837153748
8.58833 0.4528815583776853
8.58954 0.4535665981626882
8.59074 0.4542516379476911
8.59195 0.45491911261000156
8.59316 0.4556041523950045
8.59436 0.4562891921800074
8.59557 0.4569742319650103
8.59678 0.4576417066273208
8.59798 0.4583091812896313
8.59919 0.4589766559519418
8.6004 0.45962656549156
8.6016 0.4602764750311781
8.60281 0.4609263845707962
8.60402 0.461558728987722
8.60522 0.4621735082819554
8.60643 0.4628058526988811
8.60764 0.4634030668704221
8.60884 0.4640002810419631
8.61005 0.46459749521350413
8.61126 0.4651947093850451
8.61246 0.4657743584338937
8.61367 0.4663715726054347
8.61488 0.4669512216542833
8.61609 0.46753087070313193
8.61729 0.4681105197519805
8.6185 0.4686901688008291
8.61971 0.4692522527269853
8.62091 0.4698143366531415
8.62212 0.47037642057929774
8.62333 0.47092093938276164
8.62453 0.47146545818622543
8.62574 0.47200997698968933
8.62695 0.4725193655477684
8.62815 0.47302875410584744
8.62936 0.4735381426639265
8.63057 0.47401240097662084
8.63177 0.4744866592893151
8.63298 0.4749609176020094
8.63419 0.4754351759147038
8.63539 0.4759094342273981
8.6366 0.47636612741740003
8.63781 0.47682282060740194
8.63901 0.4772795137974039
8.64022 0.4777186418647134
8.64143 0.47817533505471543
8.64264 0.47863202824471734
8.64384 0.4790887214347192
8.64505 0.4795454146247211
8.64626 0.4799845426920307
8.64746 0.48044123588203264
8.64867 0.48088036394934225
8.64988 0.48131949201665175
8.65108 0.4817410549612689
8.65229 0.4821626179058861
8.6535 0.4826017459731956
8.6547 0.4830233089178128
8.65591 0.4834448718624299
8.65712 0.4838664348070471
8.65832 0.4842879977516643
8.65953 0.4847095606962814
8.66074 0.4851311236408986
8.66194 0.4855526865855158
8.66315 0.485974249530133
8.66436 0.4864133775974425
8.66556 0.48685250566475213
8.66677 0.48729163373206164
8.66798 0.48773076179937114
8.66919 0.48816988986668075
8.67039 0.48860901793399025
8.6716 0.4890481460012998
8.67281 0.4895048391913017
8.67401 0.48994396725861133
8.67522 0.49038309532592084
8.67643 0.49080465827053804
8.67763 0.49122622121515525
8.67884 0.49164778415977234
8.68005 0.49205178198169713
8.68125 0.49245577980362193
8.68246 0.4928422125028543
8.68367 0.49322864520208676
8.68487 0.49363264302401155
8.68608 0.49401907572324394
8.68729 0.4943879432997839
8.68849 0.49475681087632395
8.6897 0.49514324357555634
8.69091 0.4955121111520964
8.69211 0.49589854385132887
8.69332 0.49630254167325366
8.69453 0.49668897437248605
8.69574 0.49709297219441073
8.69694 0.4974969700163355
8.69815 0.4979009678382603
8.69936 0.4983225307828775
8.70056 0.49874409372749473
8.70177 0.4991656566721118
8.70298 0.49958721961672903
8.70418 0.5000263476840385
8.70539 0.5004479106286558
8.7066 0.5008870386959654
8.7078 0.5012910365178901
8.70901 0.5017125994625072
8.71022 0.5021341624071245
8.71142 0.5025381602290493
8.71263 0.5029597231736663
8.71384 0.5033637209955911
8.71504 0.5037501536948236
8.71625 0.504136586394056
8.71746 0.5045230190932883
8.71866 0.5049094517925208
8.71987 0.5052958844917531
8.72108 0.5056823171909856
8.72229 0.506068749890218
8.72349 0.5064551825894503
8.7247 0.5068240501659904
8.72591 0.5072104828652229
8.72711 0.5076144806871477
8.72832 0.5080184785090723
8.72953 0.5084224763309971
8.73073 0.5088440392756144
8.73194 0.5092656022202315
8.73315 0.509704730287541
8.73435 0.5101438583548507
8.73556 0.5105829864221602
8.73677 0.5110221144894698
8.73797 0.5114788076794716
8.73918 0.5119355008694736
8.74039 0.5123921940594756
8.74159 0.5128313221267851
8.7428 0.5132880153167869
8.74401 0.5137271433840965
8.74522 0.514166271451406
8.74642 0.5146053995187156
8.74763 0.5150269624633329
8.74884 0.5154485254079499
8.75004 0.5158876534752596
8.75125 0.5162916512971844
8.75246 0.5167132142418015
8.75366 0.5171347771864186
8.75487 0.5175387750083434
8.75608 0.5179427728302682
8.75728 0.5183467706521929
8.75849 0.5187507684741178
8.7597 0.5191547662960426
8.7609 0.5195587641179674
8.76211 0.5199627619398922
8.76332 0.520366759761817
8.76452 0.5207707575837418
8.76573 0.5211571902829741
8.76694 0.5215436229822066
8.76814 0.521930055681439
8.76935 0.5223164883806714
8.77056 0.5226853559572113
8.77177 0.5230717886564438
8.77297 0.5234582213556762
8.77418 0.5238446540549085
8.77539 0.524231086754141
8.77659 0.524599954330681
8.7778 0.5249863870299134
8.77901 0.5253903848518382
8.78021 0.525794382673763
8.78142 0.5262159456183801
8.78263 0.5266550736856896
8.78383 0.5270766366303069
8.78504 0.5275333298203088
8.78625 0.5279900230103108
8.78745 0.528464281323005
8.78866 0.5289385396356994
8.78987 0.529430363071086
8.79107 0.5299397516291652
8.79228 0.5304491401872442
8.79349 0.5309585287453233
8.79469 0.5315030475487872
8.7959 0.5320300012295586
8.79711 0.5325745200330225
8.79832 0.5331366039591787
8.79952 0.5336986878853349
8.80073 0.5342783369341835
8.80194 0.5348579859830321
8.80314 0.5354727652772655
8.80435 0.5360875445714989
8.80556 0.5367198889884246
8.80676 0.5373522334053504
8.80797 0.5380021429449685
8.80918 0.538669617607279
8.81038 0.5393546573922819
8.81159 0.5400396971772848
8.8128 0.5407598672076726
8.814 0.5414800372380602
8.81521 0.5422002072684478
8.81642 0.5429379424215278
8.81762 0.5436756775746079
8.81883 0.544413412727688
8.82004 0.545151147880768
8.82124 0.5459064481565404
8.82245 0.5466617484323129
8.82366 0.5474170487080852
8.82487 0.5481723489838577
8.82607 0.5489276492596301
8.82728 0.5496829495354025
8.82849 0.550438249811175
8.82969 0.5511935500869474
8.8309 0.5519664154854123
8.83211 0.552739280883877
8.83331 0.5535297114050343
8.83452 0.5543201419261914
8.83573 0.5551281375700409
8.83693 0.5559361332138906
8.83814 0.5567441288577402
8.83935 0.557569689624282
8.84055 0.558395250390824
8.84176 0.5592383762800583
8.84297 0.560099067291985
8.84417 0.5609597583039118
8.84538 0.5618380144385309
8.84659 0.5626987054504576
8.84779 0.5635769615850768
8.849 0.5644552177196959
8.85021 0.565333473854315
8.85142 0.566211729988934
8.85262 0.5671075512462455
8.85383 0.5680033725035569
8.85504 0.568881628638176
8.85624 0.5697774498954875
8.85745 0.5706732711527991
8.85866 0.5715690924101106
8.85986 0.5724649136674219
8.86107 0.5733607349247335
8.86228 0.5742741213047373
8.86348 0.5751699425620489
8.86469 0.5760833289420526
8.8659 0.5770142804447489
8.8671 0.5779276668247527
8.86831 0.5788410532047567
8.86952 0.5797544395847606
8.87072 0.5806678259647644
8.87193 0.5815812123447682
8.87314 0.5824945987247722
8.87434 0.583407985104776
8.87555 0.5843213714847798
8.87676 0.5852171927420914
8.87797 0.5860954488767105
8.87917 0.5869737050113296
8.88038 0.5878343960232563
8.88159 0.5886950870351829
8.88279 0.5895382129244172
8.884 0.5903813388136516
8.88521 0.5912068995801936
8.88641 0.5920148952240432
8.88762 0.5928053257452004
8.88883 0.5935957562663575
8.89003 0.5943686216648224
8.89124 0.5951239219405948
8.89245 0.5958616570936748
8.89365 0.5965818271240625
8.89486 0.5972844320317577
8.89607 0.5979694718167606
8.89727 0.5986369464790712
8.89848 0.5992868560186893
8.89969 0.5999192004356151
8.90089 0.6005164146071561
8.9021 0.6010784985333123
8.90331 0.601623017336776
8.90452 0.6021499710175476
8.90572 0.6026417944529343
8.90693 0.6031160527656286
8.90814 0.6035727459556305
8.90934 0.6039943089002476
8.91055 0.6043983067221725
8.91176 0.6047847394214049
8.91296 0.6051360418752525
8.91417 0.6054873443291002
8.91538 0.6058386467829477
8.91658 0.6061723841141031
8.91779 0.6064885563225659
8.919 0.6068047285310287
8.9202 0.6071033356167993
8.92141 0.6074019427025698
8.92262 0.6077005497883403
8.92382 0.6079815917514184
8.92503 0.6082801988371889
8.92624 0.6085788059229594
8.92744 0.6088774130087299
8.92865 0.6091760200945003
8.92986 0.6094746271802709
8.93107 0.609755669143349
8.93227 0.6100191459837347
8.93348 0.6103001879468128
8.93469 0.6105636647871986
8.93589 0.6108271416275843
8.9371 0.6110730533452776
8.93831 0.611318965062971
8.93951 0.6115648767806643
8.94072 0.6118107884983577
8.94193 0.6120391350933587
8.94313 0.6122674816883596
8.94434 0.6124958282833606
8.94555 0.6127241748783615
8.94675 0.6129525214733625
8.94796 0.6132159983137482
8.94917 0.6134619100314416
8.95037 0.6137253868718273
8.95158 0.6139888637122131
8.95279 0.6142699056752912
8.954 0.6145509476383693
8.9552 0.6148495547241398
8.95641 0.6151657269326026
8.95762 0.6154818991410655
8.95882 0.6157980713495284
8.96003 0.616149373803376
8.96124 0.6165006762572237
8.96244 0.6168519787110713
8.96365 0.6172208462876113
8.96486 0.6176072789868438
8.96606 0.6179937116860761
8.96727 0.6183977095080009
8.96848 0.6188192724526181
8.96968 0.6192408353972353
8.97089 0.6196799634645448
8.9721 0.6201366566545468
8.9733 0.6206109149672411
8.97451 0.6211027384026278
8.97572 0.6215945618380144
8.97692 0.6220863852734011
8.97813 0.6225782087087878
8.97934 0.6230875972668669
8.98055 0.623596985824946
8.98175 0.6241063743830251
8.98296 0.6246333280637966
8.98417 0.6251602817445681
8.98537 0.6256696703026471
8.98658 0.6261966239834185
8.98779 0.6267235776641901
8.98899 0.6272505313449614
8.9902 0.6277774850257329
8.99141 0.6283044387065044
8.99261 0.6288489575099682
8.99382 0.6294110414361244
8.99503 0.6299731253622807
8.99623 0.6305352092884369
8.99744 0.6311148583372855
8.99865 0.6317120725088265
8.99985 0.6323092866803676
9.00106 0.6329240659746008
9.00227 0.6335564103915267
9.00347 0.6341887548084523
9.00468 0.6348386643480706
9.00589 0.635506139010381
9.0071 0.6361911787953839
9.0083 0.6368762185803868
9.00951 0.6375612583653897
9.01072 0.6382462981503926
9.01192 0.6389664681807802
9.01313 0.6396690730884755
9.01434 0.6403892431188632
9.01554 0.6411269782719432
9.01675 0.6418471483023309
9.01796 0.642584883455411
9.01916 0.643322618608491
9.02037 0.644060353761571
9.02158 0.6448156540373434
9.02278 0.645570954313116
9.02399 0.6463262545888884
9.0252 0.6470991199873531
9.0264 0.6478719853858179
9.02761 0.6486624159069752
9.02882 0.6494528464281324
9.03002 0.6502432769492895
9.03123 0.651051272593139
9.03244 0.6518592682369887
9.03365 0.6526848290035306
9.03485 0.6535279548927649
9.03606 0.6543710807819992
9.03727 0.655231771793926
9.03847 0.6560924628058528
9.03968 0.6569707189404719
9.04089 0.6578314099523985
9.04209 0.6587272312097101
9.0433 0.6596054873443291
9.04451 0.6605188737243329
9.04571 0.6614146949816445
9.04692 0.6623280813616483
9.04813 0.6632239026189599
9.04933 0.6641372889989636
9.05054 0.6650331102562752
9.05175 0.665946496636279
9.05295 0.6668423178935905
9.05416 0.6677557042735943
9.05537 0.6686690906535983
9.05657 0.6695824770336021
9.05778 0.670495863413606
9.05899 0.6714092497936098
9.0602 0.6723226361736137
9.0614 0.6732535876763099
9.06261 0.6741669740563138
9.06382 0.6751154906817025
9.06502 0.6760464421843987
9.06623 0.6770125239324797
9.06744 0.6779610405578683
9.06864 0.6789271223059493
9.06985 0.6798932040540304
9.07106 0.6808768509248037
9.07226 0.6818429326728848
9.07347 0.6828265795436581
9.07468 0.6838102264144315
9.07588 0.6847938732852049
9.07709 0.6857775201559783
9.0783 0.6867611670267517
9.0795 0.6877448138975251
9.08071 0.6887284607682985
9.08192 0.6896945425163795
9.08312 0.6906606242644605
9.08433 0.6916442711352339
9.08554 0.6926103528833149
9.08675 0.693576434631396
9.08795 0.694542516379477
9.08916 0.6955085981275579
9.09037 0.6964922449983313
9.09157 0.6974583267464123
9.09278 0.6984419736171857
9.09399 0.6994080553652667
9.09519 0.7003917022360401
9.0964 0.7013753491068135
9.09761 0.7023589959775869
9.09881 0.7033602079710527
9.10002 0.7043614199645185
9.10123 0.7053626319579842
9.10243 0.7063462788287577
9.10364 0.707329925699531
9.10485 0.7083135725703045
9.10605 0.7092796543183855
9.10726 0.7102633011891588
9.10847 0.7112118178145475
9.10967 0.7121778995626284
9.11088 0.7131439813107096
9.11209 0.7140924979360981
9.1133 0.7150410145614867
9.1145 0.7159719660641829
9.11571 0.7169029175668792
9.11692 0.7178338690695755
9.11812 0.7187648205722718
9.11933 0.7197133371976603
9.12054 0.7206618538230489
9.12174 0.7216103704484377
9.12295 0.7225764521965187
9.12416 0.7235425339445997
9.12536 0.7245086156926807
9.12657 0.7254746974407617
9.12778 0.726458344311535
9.12898 0.727424426059616
9.13019 0.7284080729303894
9.1314 0.7293917198011628
9.1326 0.7303578015492439
9.13381 0.7313414484200172
9.13502 0.7323075301680982
9.13622 0.7332736119161792
9.13743 0.7342045634188754
9.13864 0.7351530800442642
9.13985 0.736066466424268
9.14105 0.7369974179269643
9.14226 0.7379108043069681
9.14347 0.7388241906869719
9.14467 0.7397200119442835
9.14588 0.7406333983242873
9.14709 0.7415292195815988
9.14829 0.7424074757162179
9.1495 0.7433032969735294
9.15071 0.7441815531081485
9.15191 0.74507737436546
9.15312 0.7459731956227714
9.15433 0.746869016880083
9.15553 0.7477824032600868
9.15674 0.7486782245173983
9.15795 0.7495740457747098
9.15915 0.7504698670320212
9.16036 0.7513656882893327
9.16157 0.7522439444239518
9.16278 0.7531222005585709
9.16398 0.7540004566931899
9.16519 0.7548611477051168
9.1664 0.7557218387170435
9.1676 0.7565825297289702
9.16881 0.7574080904955122
9.17002 0.7582336512620541
9.17122 0.759059212028596
9.17243 0.7598496425497532
9.17364 0.7606576381936028
9.17484 0.76144806871476
9.17605 0.7622560643586096
9.17726 0.7630464948797668
9.17846 0.763836925400924
9.17967 0.7646273559220811
9.18088 0.7654177864432383
9.18208 0.7662082169643954
9.18329 0.7669986474855527
9.1845 0.7677890780067099
9.1857 0.7685970736505595
9.18691 0.769405069294409
9.18812 0.7702130649382586
9.18933 0.7710210605821082
9.19053 0.7718290562259578
9.19174 0.7726370518698074
9.19295 0.7734274823909645
9.19415 0.7742179129121217
9.19536 0.7749907783105865
9.19657 0.7757812088317437
9.19777 0.7765540742302085
9.19898 0.7773269396286733
9.20019 0.7780822399044457
9.20139 0.7788199750575258
9.2026 0.7795577102106058
9.20381 0.7802603151183011
9.20501 0.7809804851486888
9.20622 0.7816830900563841
9.20743 0.7823681298413869
9.20863 0.7830882998717746
9.20984 0.7837909047794699
9.21105 0.7844935096871652
9.21225 0.7852136797175528
9.21346 0.7859162846252481
9.21467 0.7866188895329435
9.21588 0.7873390595633312
9.21708 0.7880767947164111
9.21829 0.7888145298694911
9.2195 0.7895522650225713
9.2207 0.7903075652983437
9.22191 0.7910804306968084
9.22312 0.7918357309725809
9.22432 0.7925910312483533
9.22553 0.7933463315241257
9.22674 0.7941016317998981
9.22794 0.7948393669529782
9.22915 0.7955946672287506
9.23036 0.7963324023818307
9.23156 0.7970701375349107
9.23277 0.7978078726879907
9.23398 0.7985280427183784
9.23518 0.799248212748766
9.23639 0.7999683827791537
9.2376 0.8006885528095414
9.2388 0.8013911577172367
9.24001 0.8021113277476244
9.24122 0.8028139326553196
9.24243 0.8035516678083996
9.24363 0.8042894029614798
9.24484 0.8050271381145597
9.24605 0.8057824383903321
9.24725 0.8065377386661047
9.24846 0.8072930389418771
9.24967 0.8080483392176494
9.25087 0.8088036394934218
9.25208 0.8095589397691944
9.25329 0.8103318051676591
9.25449 0.811104670566124
9.2557 0.8118775359645888
9.25691 0.8126504013630536
9.25811 0.8133881365161335
9.25932 0.814143436791906
9.26053 0.8148636068222936
9.26173 0.8155837768526814
9.26294 0.816303946883069
9.26415 0.8170241169134567
9.26535 0.8177267218211519
9.26656 0.8184293267288473
9.26777 0.8191319316365425
9.26898 0.8198169714215454
9.27018 0.8205020112065483
9.27139 0.8211694858688589
9.2726 0.8218545256538616
9.2738 0.8225395654388645
9.27501 0.8232421703465599
9.27622 0.8239447752542551
9.27742 0.8246649452846428
9.27863 0.8253851153150304
9.27984 0.8261228504681106
9.28104 0.8268605856211906
9.28225 0.827615885896963
9.28346 0.8283536210500431
9.28466 0.8291089213258155
9.28587 0.8298817867242803
9.28708 0.830654652122745
9.28828 0.8314275175212099
9.28949 0.8322003829196747
9.2907 0.8329732483181395
9.2919 0.8337461137166043
9.29311 0.8345014139923768
9.29432 0.8352567142681492
9.29553 0.8360120145439216
9.29673 0.8367673148196941
9.29794 0.8375050499727741
9.29915 0.8382603502485465
9.30035 0.8390156505243189
9.30156 0.839753385677399
9.30277 0.8405086859531714
9.30397 0.8412464211062515
9.30518 0.8420017213820239
9.30639 0.8427394565351038
9.30759 0.843477191688184
9.3088 0.8442324919639564
9.31001 0.8449702271170364
9.31121 0.8457079622701165
9.31242 0.8464632625458889
9.31363 0.847200997698969
9.31483 0.847938732852049
9.31604 0.8486589028824367
9.31725 0.8493790729128243
9.31845 0.850099242943212
9.31966 0.8508018478509073
9.32087 0.8515044527586025
9.32208 0.8522070576662978
9.32328 0.8528920974513007
9.32449 0.8535771372363036
9.3257 0.8542621770213065
9.3269 0.854929651683617
9.32811 0.8555971263459275
9.32932 0.8562646010082381
9.33052 0.8569145105478562
9.33173 0.8575644200874744
9.33294 0.8582318947497848
9.33414 0.8588993694120954
9.33535 0.8595668440744059
9.33656 0.860216753614024
9.33776 0.8608842282763345
9.33897 0.861551702938645
9.34018 0.8622191776009556
9.34138 0.8629042173859585
9.34259 0.863571692048269
9.3438 0.8642742969559642
9.345 0.8649593367409671
9.34621 0.8656619416486624
9.34742 0.8663469814336653
9.34863 0.8670495863413606
9.34983 0.8677346261263635
9.35104 0.8684196659113664
9.35225 0.8691222708190617
9.35345 0.8698073106040646
9.35466 0.8704747852663751
9.35587 0.871159825051378
9.35707 0.8718448648363809
9.35828 0.8725123394986914
9.35949 0.8731622490383095
9.36069 0.8738297237006201
9.3619 0.8744796332402383
9.36311 0.875111977657164
9.36431 0.8757618871967822
9.36552 0.8763942316137079
9.36673 0.877044141153326
9.36793 0.8776764855702517
9.36914 0.8783088299871774
9.37035 0.8789587395267956
9.37155 0.8795910839437213
9.37276 0.8802234283606472
9.37397 0.880855772777573
9.37518 0.8814881171944986
9.37638 0.8821204616114243
9.37759 0.8827352409056578
9.3788 0.8833675853225834
9.38 0.8839999297395092
9.38121 0.8846322741564351
9.38242 0.8852470534506683
9.38362 0.8858618327449016
9.38483 0.8864590469164426
9.38604 0.8870562610879836
9.38724 0.8876359101368324
9.38845 0.8882155591856808
9.38966 0.8887952082345295
9.39086 0.8893572921606857
9.39207 0.8899193760868419
9.39328 0.8904638948903059
9.39448 0.8909908485710772
9.39569 0.8915178022518486
9.3969 0.8920447559326202
9.39811 0.8925541444906994
9.39931 0.8930635330487785
9.40052 0.8935553564841651
9.40173 0.8940647450422442
9.40293 0.8945741336003232
9.40414 0.8950659570357099
9.40535 0.8955753455937889
9.40655 0.8960671690291757
9.40776 0.8965589924645624
9.40897 0.8970508158999492
9.41017 0.8975426393353357
9.41138 0.89801689764803
9.41259 0.8985087210834168
9.41379 0.8989829793961112
9.415 0.8994572377088055
9.41621 0.8999314960214998
9.41741 0.9004057543341941
9.41862 0.9008624475241961
9.41983 0.9013191407141978
9.42103 0.9017582687815073
9.42224 0.9021973968488171
9.42345 0.9026365249161266
9.42466 0.9030756529834361
9.42586 0.9035147810507456
9.42707 0.9039539091180553
9.42828 0.9043930371853648
9.42948 0.9048321652526743
9.43069 0.9052537281972914
9.4319 0.9056928562646009
9.4331 0.9061319843319107
9.43431 0.9065711123992202
9.43552 0.9070102404665297
9.43672 0.9074493685338392
9.43793 0.9079060617238411
9.43914 0.9083627549138432
9.44034 0.9088018829811527
9.44155 0.9092585761711547
9.44276 0.9096801391157717
9.44396 0.9101192671830813
9.44517 0.9105232650050061
9.44638 0.9109272628269308
9.44758 0.9113312606488557
9.44879 0.9117352584707804
9.45 0.9121041260473205
9.45121 0.9124905587465529
9.45241 0.9128418612004005
9.45362 0.9131755985315558
9.45483 0.9134917707400186
9.45603 0.9137903778257891
9.45724 0.9140889849115595
9.45845 0.9143700268746378
9.45965 0.9146510688377157
9.46086 0.914932110800794
9.46207 0.9151955876411797
9.46327 0.9154766296042579
9.46448 0.9157225413219511
9.46569 0.9159860181623369
9.46689 0.9162319298800302
9.4681 0.9164778415977236
9.46931 0.916723753315417
9.47051 0.9169696650331102
9.47172 0.9172155767508036
9.47293 0.917461488468497
9.47413 0.9177074001861903
9.47534 0.9179533119038836
9.47655 0.9181816584988847
9.47776 0.9184100050938856
9.47896 0.9186207865661942
9.48017 0.9188140029158105
9.48138 0.9190072192654266
9.48258 0.9191828704923504
9.48379 0.9193585217192742
9.485 0.9195166078235057
9.4862 0.9196746939277372
9.48741 0.919850345154661
9.48862 0.9200084312588923
9.48982 0.9201489522404315
9.49103 0.9203070383446628
9.49224 0.920447559326202
9.49344 0.920588080307741
9.49465 0.9207461664119725
9.49586 0.9209042525162038
9.49706 0.9210623386204353
9.49827 0.921237989847359
9.49948 0.9214136410742829
9.50068 0.9215892923012067
9.50189 0.9217473784054382
9.5031 0.921923029632362
9.50431 0.922063550613901
9.50551 0.9222216367181325
9.50672 0.9223445925769792
9.50793 0.9224851135585183
9.50913 0.922608069417365
9.51034 0.9227310252762116
9.51155 0.9228188508896735
9.51275 0.9229066765031354
9.51396 0.922976936993905
9.51517 0.9230296323619821
9.51637 0.9230647626073669
9.51758 0.9230823277300592
9.51879 0.9230998928527517
9.51999 0.9230998928527517
9.5212 0.9230998928527517
9.52241 0.923117457975444
9.52361 0.923117457975444
9.52482 0.923117457975444
9.52603 0.923117457975444
9.52723 0.9230998928527517
9.52844 0.9230998928527517
9.52965 0.9230998928527517
9.53086 0.9230998928527517
9.53206 0.9230998928527517
9.53327 0.9230998928527517
9.53448 0.923117457975444
9.53568 0.923117457975444
9.53689 0.9231350230981363
9.5381 0.923117457975444
9.5393 0.9230998928527517
9.54051 0.9230823277300592
9.54172 0.9230296323619821
9.54292 0.9229945021165973
9.54413 0.9229242416258276
9.54534 0.9228715462577506
9.54654 0.9228012857669812
9.54775 0.9227134601535193
9.54896 0.9226431996627497
9.55016 0.9225378089265953
9.55137 0.9224324181904411
9.55258 0.9223270274542867
9.55378 0.9222040715954402
9.55499 0.9220986808592858
9.5562 0.9219757250004391
9.55741 0.9218703342642849
9.55861 0.921782508650823
9.55982 0.9216771179146686
9.56103 0.9215892923012067
9.56223 0.9215014666877448
9.56344 0.9214136410742829
9.56465 0.9213082503381287
9.56585 0.9212028596019743
9.56706 0.9210974688658201
9.56827 0.9209920781296657
9.56947 0.9209042525162038
9.57068 0.9207812966573571
9.57189 0.9206759059212029
9.57309 0.9205529500623562
9.5743 0.9204299942035095
9.57551 0.9202894732219705
9.57671 0.920131387117739
9.57792 0.9199557358908151
9.57913 0.9197976497865837
9.58033 0.9196219985596599
9.58154 0.9194463473327361
9.58275 0.9192706961058122
9.58396 0.9191126100015808
9.58516 0.9189545238973494
9.58637 0.918796437793118
9.58758 0.9186383516888865
9.58878 0.9184802655846552
9.58999 0.918339744603116
9.5912 0.9182167887442695
9.5924 0.9180938328854228
9.59361 0.9180060072719609
9.59482 0.9179357467811913
9.59602 0.9178654862904216
9.59723 0.9178127909223446
9.59844 0.9177776606769598
9.59964 0.9177425304315752
9.60085 0.9177249653088827
9.60206 0.9176898350634979
9.60326 0.9176722699408056
9.60447 0.9176722699408056
9.60568 0.9176722699408056
9.60689 0.9176722699408056
9.60809 0.9176898350634979
9.6093 0.9176898350634979
9.61051 0.9177074001861903
9.61171 0.9177074001861903
9.61292 0.9177249653088827
9.61413 0.9177425304315752
9.61533 0.9177425304315752
9.61654 0.9177776606769598
9.61775 0.9178127909223446
9.61895 0.9178654862904216
9.62016 0.9179357467811913
9.62137 0.9180235723946532
9.62257 0.9181113980081151
9.62378 0.9182343538669618
9.62499 0.9183573097258085
9.62619 0.9184802655846552
9.6274 0.9186383516888865
9.62861 0.918796437793118
9.62981 0.9189720890200418
9.63102 0.9191653053696581
9.63223 0.9193585217192742
9.63344 0.9195693031915828
9.63464 0.9197976497865837
9.63585 0.9200259963815848
9.63706 0.9202367778538934
9.63826 0.9204651244488943
9.63947 0.9206759059212029
9.64068 0.9209042525162038
9.64188 0.9211325991112049
9.64309 0.9213609457062057
9.6443 0.9215892923012067
9.6455 0.9218176388962078
9.64671 0.922063550613901
9.64792 0.9223094623315944
9.64912 0.9225553740492878
9.65033 0.9228188508896735
9.65154 0.9230647626073669
9.65274 0.9233458045704449
9.65395 0.9236092814108307
9.65516 0.9239078884966011
9.65636 0.9242064955823716
9.65757 0.9245402329135269
9.65878 0.9248739702446822
9.65999 0.9252077075758375
9.66119 0.9255414449069927
9.6624 0.9258927473608404
9.66361 0.926244049814688
9.66481 0.9265777871458433
9.66602 0.9269115244769984
9.66723 0.9272628269308462
9.66843 0.9276141293846938
9.66964 0.9279654318385414
9.67085 0.9282991691696967
9.67205 0.928632906500852
9.67326 0.9289490787093148
9.67447 0.9292476857950853
9.67567 0.9295287277581635
9.67688 0.9297922045985492
9.67809 0.9300732465616273
9.67929 0.9303367234020129
9.6805 0.9306002002423988
9.68171 0.9308812422054769
9.68291 0.931162284168555
9.68412 0.9314608912543255
9.68533 0.9317419332174035
9.68654 0.9320229751804817
9.68774 0.9323215822662522
9.68895 0.9326201893520227
9.69016 0.9329363615604855
9.69136 0.9332876640143332
9.69257 0.9336565315908733
9.69378 0.9340429642901056
9.69498 0.934429396989338
9.69619 0.9348509599339552
9.6974 0.9352725228785724
9.6986 0.9356940858231895
9.69981 0.9361156487678066
9.70102 0.9365547768351163
9.70222 0.9369939049024258
9.70343 0.9374505980924276
9.70464 0.9379072912824297
9.70584 0.9383639844724316
9.70705 0.9388206776624334
9.70826 0.9392773708524355
9.70946 0.939716498919745
9.71067 0.9401380618643621
9.71188 0.9405596248089794
9.71309 0.940963622630904
9.71429 0.9413851855755212
9.7155 0.9417891833974461
9.71671 0.9421931812193708
9.71791 0.9425971790412957
9.71912 0.9429836117405281
9.72033 0.9433700444397605
9.72153 0.9437564771389929
9.72274 0.9441429098382254
9.72395 0.9445293425374577
9.72515 0.9448982101139977
9.72636 0.94528464281323
9.72757 0.9456710755124624
9.72877 0.9460575082116949
9.72998 0.9464439409109272
9.73119 0.9468479387328521
9.73239 0.9472343714320846
9.7336 0.9476208041313169
9.73481 0.9480072368305493
9.73601 0.9483936695297818
9.73722 0.9487625371063216
9.73843 0.9491314046828617
9.73964 0.9495002722594018
9.74084 0.9498515747132494
9.74205 0.9502204422897893
9.74326 0.9505541796209447
9.74446 0.9509054820747922
9.74567 0.9512216542832552
9.74688 0.951537826491718
9.74808 0.9518364335774885
9.74929 0.952135040663259
9.7505 0.9524160826263373
9.7517 0.9526971245894152
9.75291 0.9529781665524935
9.75412 0.9532592085155714
9.75532 0.9535578156013419
9.75653 0.9538388575644201
9.75774 0.9541374646501907
9.75894 0.9544360717359611
9.76015 0.9547346788217317
9.76136 0.9550332859075021
9.76256 0.955349458115965
9.76377 0.955665630324428
9.76498 0.9559818025328908
9.76619 0.956315539864046
9.76739 0.9566492771952011
9.7686 0.9569830145263565
9.76981 0.9573167518575117
9.77101 0.9576680543113594
9.77222 0.9580017916425146
9.77343 0.9583179638509775
9.77463 0.9586517011821327
9.77584 0.9589503082679033
9.77705 0.9592664804763662
9.77825 0.959582652684829
9.77946 0.9598812597705996
9.78067 0.9601974319790624
9.78187 0.9605136041875253
9.78308 0.9608297763959881
9.78429 0.9611459486044509
9.78549 0.9614621208129139
9.7867 0.9617782930213767
9.78791 0.9620944652298398
9.78911 0.9624282025609948
9.79032 0.9627795050148427
9.79153 0.9631308074686903
9.79274 0.9634996750452302
9.79394 0.9638861077444626
9.79515 0.9642901055663875
9.79636 0.9646941033883122
9.79756 0.9651156663329293
9.79877 0.9655372292775466
9.79998 0.9659587922221637
9.80118 0.966380355166781
9.80239 0.9668019181113979
9.8036 0.9672410461787077
9.8048 0.9676801742460172
9.80601 0.9681193023133267
9.80722 0.9685584303806362
9.80842 0.9689975584479459
9.80963 0.9694191213925628
9.81084 0.9698231192144877
9.81204 0.9702271170364125
9.81325 0.9706135497356448
9.81446 0.9709999824348773
9.81567 0.9713688500114174
9.81687 0.9717377175879575
9.81808 0.9721065851644973
9.81929 0.9724754527410374
9.82049 0.9728443203175774
9.8217 0.9731780576487327
9.82291 0.9735293601025803
9.82411 0.9738630974337356
9.82532 0.9742143998875832
9.82653 0.9745481372187385
9.82773 0.9748818745498937
9.82894 0.9752331770037413
9.83015 0.9756020445802814
9.83135 0.9759533470341291
9.83256 0.9763222146106691
9.83377 0.9766910821872091
9.83497 0.9770599497637492
9.83618 0.9774463824629815
9.83739 0.9778152500395215
9.83859 0.9782016827387539
9.8398 0.9785881154379863
9.84101 0.9789745481372186
9.84222 0.9793609808364511
9.84342 0.9797474135356836
9.84463 0.9801514113576084
9.84584 0.9805378440568407
9.84704 0.9809067116333808
9.84825 0.9812931443326133
9.84946 0.9816620119091531
9.85066 0.9820133143630008
9.85187 0.9823821819395409
9.85308 0.9827334843933885
9.85428 0.9830847868472361
9.85549 0.9834360893010838
9.8567 0.9837873917549315
9.8579 0.9841211290860867
9.85911 0.9844548664172419
9.86032 0.9847710386257049
9.86152 0.9850872108341677
9.86273 0.9854033830426306
9.86394 0.9857195552510934
9.86514 0.9860357274595563
9.86635 0.9863343345453268
9.86756 0.9866505067537897
9.86877 0.9869666789622525
9.86997 0.9872652860480231
9.87118 0.9875814582564859
9.87239 0.9878800653422564
9.87359 0.9881962375507194
9.8748 0.9884948446364898
9.87601 0.9887934517222604
9.87721 0.9890920588080309
9.87842 0.9893906658938014
9.87963 0.9896892729795719
9.88083 0.9899878800653423
9.88204 0.9902864871511127
9.88325 0.9905675291141909
9.88445 0.9908485710772691
9.88566 0.9911120479176548
9.88687 0.9913755247580405
9.88807 0.9916390015984262
9.88928 0.9919024784388119
9.89049 0.9921483901565052
9.89169 0.9923943018741986
9.8929 0.9926226484691996
9.89411 0.992868560186893
9.89532 0.9930969067818939
9.89652 0.9933428184995873
9.89773 0.9935711650945882
9.89894 0.9937819465668968
9.90014 0.9940102931618977
9.90135 0.9942386397568987
9.90256 0.9944494212292074
9.90376 0.9946777678242082
9.90497 0.9949061144192092
9.90618 0.9951344610142103
9.90738 0.9953803727319035
9.90859 0.9956087193269046
9.9098 0.9958370659219055
9.911 0.9960829776395989
9.91221 0.9963113242345998
9.91342 0.9965221057069084
9.91462 0.9967504523019093
9.91583 0.9969612337742179
9.91704 0.997189580369219
9.91824 0.9974003618415274
9.91945 0.997611143313836
9.92066 0.9978219247861446
9.92187 0.9980151411357608
9.92307 0.9981907923626847
9.92428 0.9983664435896085
9.92549 0.9985420948165323
9.92669 0.9987001809207638
9.9279 0.9988582670249952
9.92911 0.9989987880065343
9.93031 0.9991393089880733
9.93152 0.99926226484692
9.93273 0.9993852207057667
9.93393 0.9994906114419209
9.93514 0.9995784370553829
9.93635 0.9996662626688447
9.93755 0.9997365231596143
9.93876 0.9998067836503839
9.93997 0.9998770441411533
9.94117 0.9999121743865381
9.94238 0.9999473046319229
9.94359 0.9999824348773076
9.94479 1.0
9.946 1.0
9.94721 1.0
9.94842 0.9999824348773076
9.94962 0.9999648697546152
9.95083 0.9999297395092306
9.95204 0.9998946092638458
9.95324 0.9998243487730762
9.95445 0.9997716534049991
9.95566 0.9996838277915372
9.95686 0.9996135673007676
9.95807 0.9995081765646134
9.95928 0.999402785828459
9.96048 0.9992798299696123
9.96169 0.9991568741107656
9.9629 0.9990163531292267
9.9641 0.9988758321476876
9.96531 0.9987177460434561
9.96652 0.9985420948165323
9.96772 0.9983664435896085
9.96893 0.9981732272399924
9.97014 0.9979800108903761
9.97134 0.99778679454076
9.97255 0.9975584479457589
9.97376 0.9973476664734503
9.97497 0.9971193198784494
9.97617 0.996873408160756
9.97738 0.9966274964430626
9.97859 0.9963640196026768
9.97979 0.9961005427622912
9.981 0.9958019356765206
9.98221 0.9955208937134427
9.98341 0.9952222866276722
9.98462 0.9949061144192092
9.98583 0.9945899422107464
9.98703 0.9942562048795911
9.98824 0.9939224675484358
9.98945 0.9935535999718959
9.99065 0.9932022975180483
9.99186 0.9928158648188157
9.99307 0.992411866996891
9.99427 0.9920078691749663
9.99548 0.9916038713530414
9.99669 0.9911823084084241
9.99789 0.9907431803411146
9.9991 0.9903216173964975
10.00031 0.9899000544518803
10.00152 0.9894609263845708
10.00272 0.989004233194569
10.00393 0.9885651051272593
10.00514 0.9881084119372575
10.00634 0.9876517187472554
10.00755 0.9871950255572535
10.00876 0.9867383323672517
10.00996 0.9862816391772496
10.01117 0.9858249459872477
10.01238 0.9853858179199382
10.01358 0.9849291247299362
10.01479 0.9844724315399344
10.016 0.9840157383499324
10.0172 0.9835414800372381
10.01841 0.9830496566018515
10.01962 0.9825402680437724
10.02082 0.9820308794856932
10.02203 0.9815039258049219
10.02324 0.9809769721241502
10.02445 0.980414888197994
10.02565 0.9798528042718379
10.02686 0.9792731552229892
10.02807 0.9786759410514484
10.02927 0.9780611617572149
10.03048 0.9774288173402891
10.03169 0.9767613426779787
10.03289 0.9760938680156681
10.0341 0.9753912631079729
10.03531 0.97470622332297
10.03651 0.9740036184152746
10.03772 0.9733185786302717
10.03893 0.9726159737225765
10.04013 0.9719309339375736
10.04134 0.9712283290298783
10.04255 0.970525724122183
10.04375 0.9698231192144877
10.04496 0.9691205143067926
10.04617 0.9684354745217897
10.04737 0.9677504347367868
10.04858 0.9670829600744761
10.04979 0.9664154854121656
10.051 0.9657655758725474
10.0522 0.9651332314556217
10.05341 0.9645008870386961
10.05462 0.9638685426217702
10.05582 0.9632361982048444
10.05703 0.9626214189106111
10.05824 0.9620066396163777
10.05944 0.9614094254448369
10.06065 0.9608122112732959
10.06186 0.9602149971017548
10.06306 0.9596177829302138
10.06427 0.9590381338813652
10.06548 0.9584584848325166
10.06668 0.957878835783668
10.06789 0.9573167518575117
10.0691 0.9567546679313556
10.0703 0.9562101491278916
10.07151 0.9556480652017354
10.07272 0.955121111520964
10.07392 0.9545765927175002
10.07513 0.9540496390367288
10.07634 0.9535402504786497
10.07755 0.9530308619205705
10.07875 0.952539038485184
10.07996 0.9520472150497972
10.08117 0.9515729567371028
10.08237 0.9511162635471009
10.08358 0.950659570357099
10.08479 0.9502028771670971
10.08599 0.9497637490997876
10.0872 0.949324621032478
10.08841 0.9489030580878608
10.08961 0.9484814951432436
10.09082 0.9480774973213187
10.09203 0.9476734994993941
10.09323 0.9472695016774694
10.09444 0.9468830689782369
10.09565 0.9465142014016968
10.09685 0.9461277687024644
10.09806 0.9457589011259243
10.09927 0.9453900335493844
10.10047 0.9450387310955368
10.10168 0.944687428641689
10.10289 0.9443361261878415
10.1041 0.9440023888566861
10.1053 0.9436862166482233
10.10651 0.9433700444397605
10.10772 0.9430890024766824
10.10892 0.9428079605136042
10.11013 0.9425269185505262
10.11134 0.9422810068328328
10.11254 0.9420350951151393
10.11375 0.9418067485201385
10.11496 0.9415959670478298
10.11616 0.9414027506982138
10.11737 0.9412270994712899
10.11858 0.9410690133670584
10.11978 0.9409284923855195
10.12099 0.9407879714039802
10.1222 0.9406825806678261
10.1234 0.9405947550543641
10.12461 0.9404893643182097
10.12582 0.9404191038274403
10.12702 0.9403312782139784
10.12823 0.9402785828459012
10.12944 0.940225887477824
10.13065 0.9401731921097469
10.13185 0.9401380618643621
10.13306 0.9401204967416699
10.13427 0.9401029316189773
10.13547 0.9400678013735927
10.13668 0.9400502362509002
10.13789 0.9400326711282079
10.13909 0.9400151060055154
10.1403 0.9400151060055154
10.14151 0.9399975408828232
10.14271 0.9399975408828232
10.14392 0.9399975408828232
10.14513 0.9400151060055154
10.14633 0.9400151060055154
10.14754 0.9400326711282079
10.14875 0.9400502362509002
10.14995 0.9400678013735927
10.15116 0.9401029316189773
10.15237 0.9401204967416699
10.15357 0.9401556269870546
10.15478 0.9401907572324393
10.15599 0.9402434526005166
10.1572 0.9402785828459012
10.1584 0.940313713091286
10.15961 0.940366408459363
10.16082 0.9404191038274403
10.16202 0.9404717991955174
10.16323 0.9405244945635945
10.16444 0.9405771899316716
10.16564 0.9406298852997489
10.16685 0.9406825806678261
10.16806 0.9407352760359031
10.16926 0.9407704062812879
10.17047 0.9408055365266728
10.17168 0.9408582318947498
10.17288 0.9408933621401346
10.17409 0.9409460575082117
10.1753 0.9409811877535965
10.1765 0.9410338831216736
10.17771 0.9410690133670584
10.17892 0.9411217087351356
10.18012 0.9411568389805203
10.18133 0.9412095343485974
10.18254 0.9412622297166745
10.18375 0.9413149250847518
10.18495 0.9413851855755212
10.18616 0.9414378809435984
10.18737 0.9415257065570605
10.18857 0.9416135321705223
10.18978 0.9417013577839842
10.19099 0.9417891833974461
10.19219 0.9418945741336003
10.1934 0.9419823997470622
10.19461 0.9420877904832167
10.19581 0.9421931812193708
10.19702 0.9422810068328328
10.19823 0.9423863975689871
10.19943 0.9424917883051414
10.20064 0.9425971790412957
10.20185 0.9426850046547576
10.20305 0.9427903953909118
10.20426 0.9428782210043737
10.20547 0.9429660466178357
10.20667 0.9430538722312976
10.20788 0.9431241327220671
10.20909 0.9431943932128365
10.2103 0.9432470885809138
10.2115 0.9432997839489909
10.21271 0.943352479317068
10.21392 0.9434051746851452
10.21512 0.9434578700532225
10.21633 0.9435105654212995
10.21754 0.9435808259120689
10.21874 0.9436335212801462
10.21995 0.9436862166482233
10.22116 0.9437389120163004
10.22236 0.9437916073843775
10.22357 0.9438618678751471
10.22478 0.9439145632432242
10.22598 0.9439672586113015
10.22719 0.9440023888566861
10.2284 0.9440726493474557
10.2296 0.9441253447155328
10.23081 0.9441956052063024
10.23202 0.9442483005743795
10.23323 0.9443009959424566
10.23443 0.9443361261878415
10.23564 0.9443712564332263
10.23685 0.9443712564332263
10.23805 0.9443536913105339
10.23926 0.9443361261878415
10.24047 0.9443009959424566
10.24167 0.9442483005743795
10.24288 0.94417804008361
10.24409 0.9441077795928405
10.24529 0.9440023888566861
10.2465 0.9438794329978394
10.24771 0.9437389120163004
10.24891 0.9435808259120689
10.25012 0.9434051746851452
10.25133 0.9431943932128365
10.25253 0.9429836117405281
10.25374 0.942755265145527
10.25495 0.9425269185505262
10.25615 0.9422634417101404
10.25736 0.942017529992447
10.25857 0.9417540531520613
10.25978 0.9414730111889831
10.26098 0.9411919692259051
10.26219 0.9408933621401346
10.2634 0.9405771899316716
10.2646 0.9402610177232088
10.26581 0.9399272803920535
10.26702 0.9395759779382059
10.26822 0.9392422406070506
10.26943 0.9388733730305108
10.27064 0.9385220705766629
10.27184 0.9381532030001231
10.27305 0.9377667703008906
10.27426 0.9373627724789657
10.27546 0.9369412095343487
10.27667 0.9365020814670391
10.27788 0.9360453882770372
10.27908 0.9355711299643429
10.28029 0.9350793065289561
10.2815 0.934569917970877
10.2827 0.9340429642901056
10.28391 0.9334984454866417
10.28512 0.9329363615604855
10.28633 0.932356712511637
10.28753 0.9317770634627883
10.28874 0.9311447190458625
10.28995 0.9305123746289369
10.29115 0.9298624650893186
10.29236 0.9291949904270083
10.29357 0.9284923855193128
10.29477 0.9278073457343099
10.29598 0.9270871757039224
10.29719 0.9263670056735347
10.29839 0.925646835643147
10.2996 0.9248915353673745
10.30081 0.9241362350916023
10.30201 0.9233633696931374
10.30322 0.9225905042946726
10.30443 0.9218000737735152
10.30563 0.9210096432523582
10.30684 0.9202016476085086
10.30805 0.9194112170873513
10.30925 0.9186032214435019
10.31046 0.9177952257996523
10.31167 0.9169696650331102
10.31288 0.9161441042665683
10.31408 0.9153185435000264
10.31529 0.9144929827334844
10.3165 0.9136674219669424
10.3177 0.9128418612004005
10.31891 0.9120163004338586
10.32012 0.9111907396673167
10.32132 0.9103651789007746
10.32253 0.9095220530115404
10.32374 0.9086964922449983
10.32494 0.9078533663557641
10.32615 0.907027805589222
10.32736 0.9062022448226801
10.32856 0.9053942491788305
10.32977 0.9045862535349809
10.33098 0.903760692768439
10.33218 0.9029526971245894
10.33339 0.9021447014807398
10.3346 0.9013367058368904
10.3358 0.9005462753157331
10.33701 0.8997558447945759
10.33822 0.8989654142734187
10.33943 0.8981749837522616
10.34063 0.8974021183537968
10.34184 0.8966292529553319
10.34305 0.8958739526795595
10.34425 0.8951010872810946
10.34546 0.8943457870053222
10.34667 0.8935904867295499
10.34787 0.8928351864537774
10.34908 0.8920623210553126
10.35029 0.8913070207795403
10.35149 0.8905517205037677
10.3527 0.889778855105303
10.35391 0.8890235548295304
10.35511 0.8882682545537581
10.35632 0.8875129542779856
10.35753 0.8867400888795208
10.35873 0.885967223481056
10.35994 0.8851943580825913
10.36115 0.8844214926841264
10.36235 0.8836486272856616
10.36356 0.8828581967645044
10.36477 0.8820677662433473
10.36598 0.8812773357221901
10.36718 0.8805044703237251
10.36839 0.8797316049252604
10.3696 0.8789587395267956
10.3708 0.8782034392510233
10.37201 0.8774305738525583
10.37322 0.876675273576786
10.37442 0.8759199733010136
10.37563 0.8751822381479335
10.37684 0.8744269378721611
10.37804 0.8737067678417735
10.37925 0.8729865978113858
10.38046 0.872266427780998
10.38166 0.8715813879959952
10.38287 0.8708963482109923
10.38408 0.8702113084259895
10.38528 0.8695438337636788
10.38649 0.8688763591013683
10.3877 0.8682264495617502
10.3889 0.8675765400221321
10.39011 0.866926630482514
10.39132 0.8662767209428959
10.39253 0.86564437652597
10.39373 0.8650120321090443
10.39494 0.8643796876921185
10.39615 0.8637649083978852
10.39735 0.8631501291036519
10.39856 0.8625529149321108
10.39977 0.8619557007605698
10.40097 0.8613584865890288
10.40218 0.8607788375401803
10.40339 0.8601991884913316
10.40459 0.859619539442483
10.4058 0.8590574555163268
10.40701 0.8584953715901706
10.40821 0.8579508527867067
10.40942 0.8574238991059353
10.41063 0.8569320756705486
10.41183 0.8564578173578543
10.41304 0.8559835590451599
10.41425 0.8555444309778504
10.41545 0.8551053029105408
10.41666 0.8547013050886161
10.41787 0.8542973072666913
10.41908 0.8539284396901513
10.42028 0.853594702358996
10.42149 0.8532609650278407
10.4227 0.8529799230647626
10.4239 0.8526988811016845
10.42511 0.8524529693839912
10.42632 0.8522421879116826
10.42752 0.852031406439374
10.42873 0.8518557552124502
10.42994 0.8517152342309111
10.43114 0.8515747132493721
10.43235 0.8514693225132178
10.43356 0.851381496899756
10.43476 0.8513288015316787
10.43597 0.8512761061636016
10.43718 0.8512585410409093
10.43838 0.8512585410409093
10.43959 0.851293671286294
10.4408 0.8513639317770635
10.44201 0.8514517573905254
10.44321 0.8515747132493721
10.44442 0.8517152342309111
10.44563 0.8518908854578349
10.44683 0.8520841018074511
10.44804 0.8522948832797597
10.44925 0.8525583601201455
10.45045 0.8528394020832236
10.45166 0.8531555742916864
10.45287 0.8535244418682265
10.45407 0.8539284396901513
10.45528 0.8543675677574608
10.45649 0.8548418260701551
10.45769 0.8553512146282342
10.4589 0.855895733431698
10.46011 0.8564753824805467
10.46131 0.8570725966520876
10.46252 0.8577049410690134
10.46373 0.8583548506086315
10.46493 0.859022325270942
10.46614 0.8597424953013297
10.46735 0.8604977955771022
10.46856 0.8612882260982593
10.46976 0.8620786566194165
10.47097 0.8628866522632661
10.47218 0.863712213029808
10.47338 0.8645202086736576
10.47459 0.8653282043175072
10.4758 0.8661361999613567
10.477 0.8669441956052063
10.47821 0.8677873214944406
10.47942 0.8686128822609827
10.48062 0.8694384430275245
10.48183 0.8702640037940665
10.48304 0.8710895645606085
10.48424 0.8718799950817656
10.48545 0.8726528604802304
10.48666 0.8734081607560029
10.48786 0.8741634610317753
10.48907 0.8749187613075478
10.49028 0.8756564964606278
10.49148 0.8763766664910154
10.49269 0.8770792713987108
10.4939 0.8777467460610212
10.49511 0.8783966556006394
10.49631 0.8790290000175651
10.49752 0.8796437793117985
10.49873 0.8802409934833394
10.49993 0.8808382076548804
10.50114 0.8813827264583444
10.50235 0.8819272452618082
10.50355 0.8824190686971949
10.50476 0.8828933270098891
10.50597 0.8833324550771986
10.50717 0.8837364528991235
10.50838 0.8841053204756636
10.50959 0.8844390578068188
10.51079 0.8847552300152818
10.512 0.8850362719783598
10.51321 0.8852821836960532
10.51441 0.8855105302910541
10.51562 0.8857213117633627
10.51683 0.8858969629902864
10.51803 0.8860374839718257
10.51924 0.8861428747079798
10.52045 0.8862307003214418
10.52166 0.8862833956895189
10.52286 0.8863009608122113
10.52407 0.8863185259349037
10.52528 0.8863185259349037
10.52648 0.8863185259349037
10.52769 0.8863009608122113
10.5289 0.8862833956895189
10.5301 0.8862482654441343
10.53131 0.8862131351987494
10.53252 0.8861428747079798
10.53372 0.8860726142172103
10.53493 0.8860023537264409
10.53614 0.885914528112979
10.53734 0.885826702499517
10.53855 0.8857388768860551
10.53976 0.8856334861499008
10.54096 0.8855280954137466
10.54217 0.8854227046775921
10.54338 0.885317313941438
10.54458 0.8851943580825913
10.54579 0.8850538371010522
10.547 0.8849133161195131
10.54821 0.8847552300152818
10.54941 0.8845971439110503
10.55062 0.8844214926841264
10.55183 0.8842282763345102
10.55303 0.8840174948622016
10.55424 0.8838067133898931
10.55545 0.8835783667948921
10.55665 0.8833500201998912
10.55786 0.8831216736048902
10.55907 0.8828933270098891
10.56027 0.8826474152921957
10.56148 0.8823839384518101
10.56269 0.8821204616114243
10.56389 0.8818394196483463
10.5651 0.8815583776852681
10.56631 0.8812773357221901
10.56751 0.8809962937591119
10.56872 0.8807328169187263
10.56993 0.8804517749556481
10.57113 0.8801882981152623
10.57234 0.8799248212748766
10.57355 0.8796789095571832
10.57476 0.8794154327167976
10.57596 0.8791695209991042
10.57717 0.8789060441587184
10.57838 0.878660132441025
10.57958 0.8784142207233319
10.58079 0.8781683090056385
10.582 0.8779399624106374
10.5832 0.8776940506929441
10.58441 0.8774657040979431
10.58562 0.8772373575029422
10.58682 0.8770090109079413
10.58803 0.8767806643129402
10.58924 0.8765698828406316
10.59044 0.8763415362456307
10.59165 0.8761131896506298
10.59286 0.8759024081783211
10.59406 0.8756740615833202
10.59527 0.8754457149883192
10.59648 0.8752173683933182
10.59768 0.8749890217983174
10.59889 0.8747782403260087
10.6001 0.8745674588537001
10.60131 0.8743566773813916
10.60251 0.874145895909083
10.60372 0.8739702446821591
10.60493 0.8737770283325429
10.60613 0.8736013771056191
10.60734 0.8734257258786954
10.60855 0.8732500746517714
10.60975 0.87309198854754
10.61096 0.8729339024433086
10.61217 0.8727933814617695
10.61337 0.8726528604802304
10.61458 0.8725299046213838
10.61579 0.8724069487625371
10.61699 0.8723015580263829
10.6182 0.8722137324129209
10.61941 0.872125906799459
10.62061 0.8720380811859971
10.62182 0.8719502555725352
10.62303 0.8718799950817656
10.62423 0.8717921694683037
10.62544 0.8717219089775342
10.62665 0.8716340833640723
10.62786 0.8715638228733028
10.62906 0.8714935623825333
10.63027 0.8714233018917638
10.63148 0.8713530414009942
10.63268 0.8713003460329171
10.63389 0.8712300855421475
10.6351 0.871159825051378
10.6363 0.8710895645606085
10.63751 0.871019304069839
10.63872 0.8709490435790694
10.63992 0.8708787830882999
10.64113 0.8708085225975304
10.64234 0.8707382621067609
10.64354 0.8706855667386837
10.64475 0.8706153062479142
10.64596 0.8705801760025295
10.64716 0.8705450457571446
10.64837 0.8705099155117598
10.64958 0.8704923503890676
10.65078 0.8704747852663751
10.65199 0.8704572201436828
10.6532 0.8704572201436828
10.65441 0.8704572201436828
10.65561 0.8704747852663751
10.65682 0.8704923503890676
10.65803 0.8705099155117598
10.65923 0.870562610879837
10.66044 0.8706153062479142
10.66165 0.8706680016159913
10.66285 0.8707382621067609
10.66406 0.8708085225975304
10.66527 0.8708787830882999
10.66647 0.8709490435790694
10.66768 0.871019304069839
10.66889 0.8710895645606085
10.67009 0.8711773901740705
10.6713 0.8712476506648399
10.67251 0.8713179111556094
10.67371 0.8714057367690713
10.67492 0.8714759972598409
10.67613 0.8715638228733028
10.67734 0.8716340833640723
10.67854 0.8717043438548419
10.67975 0.8717921694683037
10.68096 0.8718624299590734
10.68216 0.8719151253271504
10.68337 0.87198538581792
10.68458 0.8720556463086895
10.68578 0.872125906799459
10.68699 0.8721961672902285
10.6882 0.872266427780998
10.6894 0.8723366882717676
10.69061 0.8724245138852296
10.69182 0.8725299046213838
10.69302 0.8726177302348457
10.69423 0.872723120971
10.69544 0.8728285117071544
10.69664 0.8729339024433086
10.69785 0.8730392931794629
10.69906 0.8731622490383095
10.70026 0.8733027700198487
10.70147 0.8734432910013876
10.70268 0.8735838119829268
10.70389 0.8737418980871582
10.70509 0.8739175493140819
10.7063 0.8740932005410058
10.70751 0.874286416890622
10.70871 0.8744620681175458
10.70992 0.874655284467162
10.71113 0.8748485008167782
10.71233 0.875024152043702
10.71354 0.8752173683933182
10.71475 0.8753930196202421
10.71595 0.8755862359698582
10.71716 0.8757794523194744
10.71837 0.8759726686690906
10.71957 0.8761658850187068
10.72078 0.8763415362456307
10.72199 0.8765347525952469
10.72319 0.8767104038221707
10.7244 0.8768860550490946
10.72561 0.877044141153326
10.72681 0.8772022272575575
10.72802 0.8773603133617889
10.72923 0.8775183994660204
10.73044 0.8776764855702517
10.73164 0.8778345716744831
10.73285 0.8779926577787146
10.73406 0.8781683090056385
10.73526 0.8783439602325622
10.73647 0.8785196114594861
10.73768 0.8786952626864099
10.73888 0.8788709139133336
10.74009 0.8790641302629499
10.7413 0.8792397814898737
10.7425 0.8794329978394898
10.74371 0.8796262141891061
10.74492 0.8798369956614147
10.74612 0.8800477771337234
10.74733 0.880258558606032
10.74854 0.8804693400783405
10.74974 0.8806976866733415
10.75095 0.8809260332683424
10.75216 0.8811543798633434
10.75336 0.8813827264583444
10.75457 0.8816110730533453
10.75578 0.8818394196483463
10.75699 0.8820677662433473
10.75819 0.8822961128383482
10.7594 0.8825244594333492
10.76061 0.8827352409056578
10.76181 0.8829635875006587
10.76302 0.8831743689729673
10.76423 0.8834027155679682
10.76543 0.8836134970402768
10.76664 0.8838418436352777
10.76785 0.8840526251075863
10.76905 0.884263406579895
10.77026 0.8844741880522036
10.77147 0.8847025346472045
10.77267 0.8849133161195131
10.77388 0.8851240975918216
10.77509 0.8853348790641302
10.77629 0.8855280954137466
10.7775 0.8857388768860551
10.77871 0.8859496583583637
10.77991 0.8861428747079798
10.78112 0.8863360910575961
10.78233 0.8865468725299046
10.78354 0.8867400888795208
10.78474 0.8869333052291372
10.78595 0.8871265215787533
10.78716 0.887302172805677
10.78836 0.8874953891552934
10.78957 0.8876710403822171
10.79078 0.887846691609141
10.79198 0.8880047777133725
10.79319 0.8881628638176038
10.7944 0.8883209499218353
10.7956 0.8884790360260667
10.79681 0.8886371221302981
10.79802 0.8887776431118373
10.79922 0.8889181640933762
10.80043 0.8890411199522229
10.80164 0.8891640758110696
10.80284 0.8892870316699162
10.80405 0.8893924224060705
10.80526 0.8894978131422248
10.80646 0.8895856387556866
10.80767 0.8896910294918411
10.80888 0.8897612899826105
10.81009 0.8898491155960726
10.81129 0.8899193760868419
10.8125 0.8899896365776115
10.81371 0.8900423319456886
10.81491 0.8900950273137658
10.81612 0.8901477226818431
10.81733 0.8901828529272277
10.81853 0.8902004180499201
10.81974 0.8902355482953049
10.82095 0.8902531134179973
10.82215 0.8902706785406895
10.82336 0.8902706785406895
10.82457 0.8902706785406895
10.82577 0.8902706785406895
10.82698 0.8902706785406895
10.82819 0.8902706785406895
10.82939 0.8902531134179973
10.8306 0.8902355482953049
10.83181 0.8902004180499201
10.83301 0.8901652878045354
10.83422 0.8901125924364582
10.83543 0.8900423319456886
10.83664 0.8899896365776115
10.83784 0.8899018109641497
10.83905 0.88983155047338
10.84026 0.8897437248599182
10.84146 0.8896383341237639
10.84267 0.8895329433876096
10.84388 0.8894099875287629
10.84508 0.8892694665472238
10.84629 0.8891289455656849
10.8475 0.888953294338761
10.8487 0.8887776431118373
10.84991 0.8885844267622209
10.85112 0.8883912104126048
10.85232 0.8881628638176038
10.85353 0.8879520823452951
10.85474 0.8877061706276019
10.85594 0.8874602589099085
10.85715 0.8872143471922151
10.85836 0.8869684354745218
10.85956 0.886704958634136
10.86077 0.886423916671058
10.86198 0.8861604398306722
10.86319 0.8858618327449016
10.86439 0.8855807907818236
10.8656 0.8852646185733608
10.86681 0.8849660114875904
10.86801 0.8846498392791273
10.86922 0.8843336670706645
10.87043 0.8840174948622016
10.87163 0.8837013226537388
10.87284 0.8833675853225834
10.87405 0.8830338479914281
10.87525 0.8827001106602731
10.87646 0.8823488082064255
10.87767 0.8819975057525776
10.87887 0.8816286381760378
10.88008 0.8812597705994977
10.88129 0.880855772777573
10.88249 0.8804517749556481
10.8837 0.8800302120110308
10.88491 0.8796086490664139
10.88612 0.8791695209991042
10.88732 0.8787128278091023
10.88853 0.8782561346191003
10.88974 0.877781876306406
10.89094 0.8772900528710194
10.89215 0.876815794558325
10.89336 0.8763064060002459
10.89456 0.8757970174421669
10.89577 0.8752700637613955
10.89698 0.8747431100806239
10.89818 0.8741985912771602
10.89939 0.8736365073510038
10.9006 0.87309198854754
10.9018 0.8725299046213838
10.90301 0.87198538581792
10.90422 0.8714408670144561
10.90542 0.8708963482109923
10.90663 0.8703518294075284
10.90784 0.8697897454813722
10.90904 0.8692452266779084
10.91025 0.8686831427517522
10.91146 0.8681386239482883
10.91267 0.8675941051448244
10.91387 0.867067151464053
10.91508 0.8665226326605892
10.91629 0.8660132441025101
10.91749 0.8654862904217386
10.9187 0.8649769018636595
10.91991 0.8644850784282728
10.92111 0.8639756898701937
10.92232 0.8634838664348071
10.92353 0.8629920429994205
10.92473 0.8625002195640337
10.92594 0.8620259612513393
10.92715 0.8615692680613374
10.92835 0.8610950097486432
10.92956 0.8606558816813337
10.93077 0.8601991884913316
10.93197 0.8597600604240221
10.93318 0.8593384974794049
10.93439 0.8588993694120954
10.93559 0.8584778064674782
10.9368 0.858056243522861
10.93801 0.8576522457009362
10.93922 0.8572306827563191
10.94042 0.8568266849343943
10.94163 0.8564226871124695
10.94284 0.8560362544132372
10.94404 0.8556498217140047
10.94525 0.8552633890147723
10.94646 0.85487695631554
10.94766 0.8544905236163075
10.94887 0.8541040909170751
10.95008 0.8537352233405351
10.95128 0.8533487906413026
10.95249 0.8529623579420702
10.9537 0.8525934903655302
10.9549 0.8522070576662978
10.95611 0.8518381900897578
10.95732 0.8514693225132178
10.95852 0.8511004549366779
10.95973 0.8507315873601377
10.96094 0.8503627197835977
10.96214 0.8499938522070577
10.96335 0.8496249846305177
10.96456 0.8492561170539776
10.96577 0.8488872494774377
10.96697 0.8485183819008976
10.96818 0.8481495143243576
10.96939 0.8477982118705099
10.97059 0.8474469094166623
10.9718 0.8470956069628147
10.97301 0.8467618696316594
10.97421 0.8464281323005041
10.97542 0.8460943949693489
10.97663 0.845778222760886
10.97783 0.8454620505524231
10.97904 0.8451458783439603
10.98025 0.8448472712581898
10.98145 0.8445486641724193
10.98266 0.8442500570866488
10.98387 0.8439690151235707
10.98507 0.843705538283185
10.98628 0.8434420614427992
10.98749 0.8431961497251059
10.98869 0.8429502380074125
10.9899 0.8427043262897191
10.99111 0.8424759796947182
10.99232 0.8422476330997172
10.99352 0.8420368516274086
10.99473 0.8418260701551001
10.99594 0.8416152886827915
10.99714 0.8414045072104829
10.99835 0.8411937257381743
10.99956 0.8410005093885581
11.00076 0.8408072930389419
11.00197 0.8406140766893256
11.00318 0.8404384254624019
11.00438 0.8402627742354781
11.00559 0.8400871230085541
11.0068 0.8399114717816304
11.008 0.839753385677399
11.00921 0.8395952995731676
11.01042 0.8394372134689361
11.01162 0.8392791273647047
11.01283 0.8391210412604732
11.01404 0.8389805202789342
11.01524 0.8388399992973951
11.01645 0.8387170434385485
11.01766 0.8386116527023942
11.01887 0.8385062619662399
11.02007 0.838418436352778
11.02128 0.8383481758620084
11.02249 0.8382954804939313
11.02369 0.838242785125854
11.0249 0.838190089757777
11.02611 0.8381725246350846
11.02731 0.8381549595123922
11.02852 0.8381549595123922
11.02973 0.8381725246350846
11.03093 0.838190089757777
11.03214 0.838242785125854
11.03335 0.8382954804939313
11.03455 0.8383833061073932
11.03576 0.8384711317208551
11.03697 0.8385765224570094
11.03817 0.8386994783158561
11.03938 0.8388399992973951
11.04059 0.8389805202789342
11.04179 0.8391210412604732
11.043 0.8392791273647047
11.04421 0.8394372134689361
11.04542 0.8396128646958599
11.04662 0.8397885159227838
11.04783 0.8399817322724
11.04904 0.8401925137447085
11.05024 0.8404032952170171
11.05145 0.8406140766893256
11.05266 0.8408424232843267
11.05386 0.8410707698793276
11.05507 0.8412991164743286
11.05628 0.841545028192022
11.05748 0.8417909399097153
11.05869 0.8420368516274086
11.0599 0.842282763345102
11.0611 0.8425462401854877
11.06231 0.8428272821485658
11.06352 0.843108324111644
11.06472 0.8433893660747221
11.06593 0.843705538283185
11.06714 0.8440217104916478
11.06834 0.8443378827001107
11.06955 0.844671620031266
11.07076 0.8450229224851136
11.07197 0.8453742249389612
11.07317 0.8457430925155012
11.07438 0.8461295252147337
11.07559 0.846515957913966
11.07679 0.8469199557358909
11.078 0.8473239535578156
11.07921 0.8477630816251251
11.08041 0.8482022096924346
11.08162 0.848676468005129
11.08283 0.8491507263178234
11.08403 0.84964254975321
11.08524 0.8501343731885967
11.08645 0.8506437617466758
11.08765 0.8511531503047549
11.08886 0.8516801039855264
11.09007 0.8521894925436054
11.09127 0.8527164462243769
11.09248 0.8532609650278407
11.09369 0.8538054838313046
11.0949 0.8543500026347685
11.0961 0.8549120865609247
11.09731 0.855474170487081
11.09852 0.8560362544132372
11.09972 0.8565983383393934
11.10093 0.8571779873882419
11.10214 0.8577400713143981
11.10334 0.8583021552405544
11.10455 0.8588642391667106
11.10576 0.8594263230928668
11.10696 0.859988407019023
11.10817 0.8605680560678716
11.10938 0.8611301399940279
11.11058 0.8617097890428765
11.11179 0.8622894380917251
11.113 0.8628866522632661
11.1142 0.8634838664348071
11.11541 0.864081080606348
11.11662 0.8646958599005814
11.11782 0.8653106391948149
11.11903 0.8659254184890481
11.12024 0.866557762905974
11.12145 0.8671901073228997
11.12265 0.8678224517398254
11.12386 0.8684723612794435
11.12507 0.8691398359417541
11.12627 0.8698073106040646
11.12748 0.8704747852663751
11.12869 0.8711773901740705
11.12989 0.8718799950817656
11.1311 0.872582599989461
11.13231 0.8733027700198487
11.13351 0.8740229400502363
11.13472 0.8747431100806239
11.13593 0.8754632801110116
11.13713 0.8761834501413992
11.13834 0.8768860550490946
11.13955 0.8775886599567898
11.14075 0.8782912648644852
11.14196 0.8790114348948729
11.14317 0.879714039802568
11.14437 0.8804166447102633
11.14558 0.8811192496179586
11.14679 0.8818218545256539
11.148 0.8825068943106568
11.1492 0.8831919340956597
11.15041 0.8838769738806626
11.15162 0.8845444485429731
11.15282 0.8851943580825913
11.15403 0.8858442676222094
11.15524 0.8864941771618274
11.15644 0.8871265215787533
11.15765 0.8877764311183713
11.15886 0.8884087755352972
11.16006 0.8890586850749153
11.16127 0.8897085946145333
11.16248 0.8903585041541514
11.16368 0.8910259788164621
11.16489 0.8916758883560801
11.1661 0.8923433630183908
11.1673 0.8930108376807011
11.16851 0.8936783123430118
11.16972 0.8943457870053222
11.17092 0.8950132616676327
11.17213 0.8956807363299434
11.17334 0.8963482109922538
11.17455 0.8970332507772567
11.17575 0.8977182905622596
11.17696 0.8984033303472625
11.17817 0.8991059352549579
11.17937 0.8997909750399607
11.18058 0.900493579947656
11.18179 0.9011786197326589
11.18299 0.901881224640354
11.1842 0.9025486993026647
11.18541 0.9032337390876676
11.18661 0.9038836486272857
11.18782 0.9045335581669037
11.18903 0.9051834677065219
11.19023 0.9058158121234476
11.19144 0.9064481565403735
11.19265 0.9070805009572993
11.19385 0.9076952802515326
11.19506 0.9083100595457659
11.19627 0.9089248388399994
11.19747 0.9095396181342327
11.19868 0.9101368323057737
11.19989 0.9107340464773147
11.2011 0.9113136955261631
11.2023 0.9118933445750119
11.20351 0.9124729936238606
11.20472 0.9130350775500168
11.20592 0.9136147265988653
11.20713 0.914194375647714
11.20834 0.9147564595738702
11.20954 0.9153536737454112
11.21075 0.9159333227942597
11.21196 0.9165305369658007
11.21316 0.9171277511373417
11.21437 0.9177425304315752
11.21558 0.9183573097258085
11.21678 0.9189545238973494
11.21799 0.9195693031915828
11.2192 0.9201840824858161
11.2204 0.9207812966573571
11.22161 0.9213960759515906
11.22282 0.9219932901231316
11.22402 0.9225905042946726
11.22523 0.9232052835889059
11.22644 0.9238200628831392
11.22765 0.9244172770546802
11.22885 0.9250320563489137
11.23006 0.9256292705204547
11.23127 0.9262264846919955
11.23247 0.9268061337408442
11.23368 0.9273682176670004
11.23489 0.9279303015931566
11.23609 0.9284748203966205
11.2373 0.9290017740773919
11.23851 0.9295287277581635
11.23971 0.9300381163162424
11.24092 0.9305475048743215
11.24213 0.9310393283097083
11.24333 0.9315311517450949
11.24454 0.9320229751804817
11.24575 0.9325147986158683
11.24695 0.9329890569285626
11.24816 0.9334633152412569
11.24937 0.9339375735539512
11.25057 0.9343942667439532
11.25178 0.9348509599339552
11.25299 0.935307653123957
11.2542 0.9357467811912668
11.2554 0.9362034743812685
11.25661 0.9366426024485782
11.25782 0.93709929563858
11.25902 0.937555988828582
11.26023 0.938012682018584
11.26144 0.9384693752085859
11.26264 0.9389436335212801
11.26385 0.9394003267112822
11.26506 0.9398745850239765
11.26626 0.9403312782139784
11.26747 0.9407879714039802
11.26868 0.9412446645939823
11.26988 0.9416837926612918
11.27109 0.9421229207286013
11.2723 0.9425444836732184
11.2735 0.9429484814951433
11.27471 0.9433700444397605
11.27592 0.9437740422616853
11.27712 0.9441604749609176
11.27833 0.94454690766015
11.27954 0.9449333403593825
11.28075 0.9453022079359226
11.28195 0.9456710755124624
11.28316 0.9460048128436177
11.28437 0.946338550174773
11.28557 0.9466547223832358
11.28678 0.9469533294690063
11.28799 0.9472519365547768
11.28919 0.947532978517855
11.2904 0.9477964553582408
11.29161 0.9480774973213187
11.29281 0.9483409741617046
11.29402 0.9486044510020903
11.29523 0.9488503627197835
11.29643 0.9491138395601695
11.29764 0.9493773164005551
11.29885 0.9496407932409409
11.30005 0.9498867049586343
11.30126 0.9501326166763274
11.30247 0.9503785283940208
11.30368 0.9506244401117142
11.30488 0.9508703518294076
11.30609 0.9510986984244085
11.3073 0.9513446101421019
11.3085 0.9515729567371028
11.30971 0.9518013033321038
11.31092 0.9520472150497972
11.31212 0.952275561644798
11.31333 0.9525039082397991
11.31454 0.9527498199574923
11.31574 0.952960601429801
11.31695 0.9531713829021096
11.31816 0.9533645992517258
11.31936 0.9535402504786497
11.32057 0.9536983365828812
11.32178 0.9538388575644201
11.32298 0.9539618134232668
11.32419 0.9540847692821135
11.3254 0.9541901600182677
11.3266 0.9542779856317296
11.32781 0.9543658112451915
11.32902 0.9544185066132687
11.33023 0.9544536368586535
11.33143 0.9544712019813459
11.33264 0.9544712019813459
11.33385 0.9544360717359611
11.33505 0.9543833763678841
11.33626 0.9543131158771144
11.33747 0.9542077251409601
11.33867 0.9541023344048059
11.33988 0.9539618134232668
11.34109 0.9538212924417276
11.34229 0.9536632063374963
11.3435 0.9534875551105725
11.34471 0.9533119038836487
11.34591 0.9531362526567247
11.34712 0.9529254711844163
11.34833 0.9527146897121077
11.34953 0.9524863431171067
11.35074 0.9522404313994134
11.35195 0.95199451968172
11.35315 0.9517310428413344
11.35436 0.9514500008782562
11.35557 0.9511865240378704
11.35678 0.9509054820747922
11.35798 0.9506244401117142
11.35919 0.9503258330259438
11.3604 0.9500272259401732
11.3616 0.9497286188544027
11.36281 0.9494300117686323
11.36402 0.9491138395601695
11.36522 0.9487976673517065
11.36643 0.9484639300205512
11.36764 0.9481126275667036
11.36884 0.9477613251128559
11.37005 0.9474100226590083
11.37126 0.947023589959776
11.37246 0.9466547223832358
11.37367 0.9462507245613111
11.37488 0.9458642918620788
11.37608 0.9454427289174615
11.37729 0.9450211659728444
11.3785 0.9445996030282271
11.3797 0.9441429098382254
11.38091 0.9437037817709156
11.38212 0.9432295234582213
11.38333 0.9427377000228347
11.38453 0.942245876587448
11.38574 0.9417540531520613
11.38695 0.9412270994712899
11.38815 0.9407001457905183
11.38936 0.9401556269870546
11.39057 0.9396111081835907
11.39177 0.9390490242574345
11.39298 0.9384693752085859
11.39419 0.9378721610370448
11.39539 0.9372749468655038
11.3966 0.9366777326939628
11.39781 0.9360453882770372
11.39901 0.9354130438601114
11.40022 0.9347631343204933
11.40143 0.9341132247808752
11.40263 0.9334457501185646
11.40384 0.932778275456254
11.40505 0.9320756705485588
11.40625 0.9313730656408636
11.40746 0.9306704607331682
11.40867 0.9299502907027805
11.40988 0.9292125555497005
11.41108 0.9284748203966205
11.41229 0.927719520120848
11.4135 0.9269642198450757
11.4147 0.9261737893239184
11.41591 0.9254009239254536
11.41712 0.9246104934042965
11.41832 0.9238024977604469
11.41953 0.9229945021165973
11.42074 0.9221865064727477
11.42194 0.9213609457062057
11.42315 0.9205353849396639
11.42436 0.9196922590504295
11.42556 0.9188491331611951
11.42677 0.9180060072719609
11.42798 0.9171277511373417
11.42918 0.916267060125415
11.43039 0.915388803990796
11.4316 0.9145105478561768
11.4328 0.9136147265988653
11.43401 0.9127013402188615
11.43522 0.9118055189615499
11.43643 0.9108921325815462
11.43763 0.9099611810788499
11.43884 0.9090302295761535
11.44005 0.9080992780734573
11.44125 0.9071507614480687
11.44246 0.9061846796999877
11.44367 0.9052185979519066
11.44487 0.9042349510811333
11.44608 0.9032513042103599
11.44729 0.9022500922168941
11.44849 0.901231315100736
11.4497 0.9002125379845778
11.45091 0.8991937608684197
11.45211 0.8981398535068768
11.45332 0.8971035112680262
11.45453 0.8960496039064832
11.45573 0.8949956965449405
11.45694 0.8939242240607052
11.45815 0.8928527515764698
11.45935 0.8917812790922346
11.46056 0.8906922414853068
11.46177 0.8896032038783791
11.46298 0.8885141662714514
11.46418 0.8874075635418315
11.46539 0.8863009608122113
11.4666 0.8851767929598989
11.4678 0.8840701902302789
11.46901 0.8829635875006587
11.47022 0.8818569847710387
11.47142 0.880767947164111
11.47263 0.879661344434491
11.47384 0.8785547417048708
11.47504 0.8774657040979431
11.47625 0.8763591013683231
11.47746 0.875252498638703
11.47866 0.874145895909083
11.47987 0.8730568583021552
11.48108 0.8719678206952275
11.48228 0.8708787830882999
11.48349 0.8697897454813722
11.4847 0.8687182729971369
11.4859 0.8676468005129017
11.48711 0.8665928931513587
11.48832 0.8655214206671235
11.48953 0.8644675133055805
11.49073 0.8634136059440375
11.49194 0.862377263705187
11.49315 0.8613233563436441
11.49435 0.8602694489821011
11.49556 0.8592331067432506
11.49677 0.8581967645044001
11.49797 0.8571604222655496
11.49918 0.856124080026699
11.50039 0.8550877377878485
11.50159 0.8540689606716904
11.5028 0.8530501835555322
11.50401 0.852031406439374
11.50521 0.8509950642005235
11.50642 0.8499762870843653
11.50763 0.8489399448455148
11.50883 0.8479036026066642
11.51004 0.8468496952451213
11.51125 0.8458133530062708
11.51246 0.8447594456447279
11.51366 0.8437231034058773
11.51487 0.8426691960443344
11.51608 0.8416152886827915
11.51728 0.8405438161985562
11.51849 0.8394899088370132
11.5197 0.838418436352778
11.5209 0.8373469638685427
11.52211 0.8362754913843073
11.52332 0.8352040189000721
11.52452 0.8341149812931444
11.52573 0.8330259436862166
11.52694 0.8319193409565966
11.52814 0.8308303033496689
11.52935 0.8297237006200489
11.53056 0.8286170978904288
11.53176 0.8275104951608087
11.53297 0.8264214575538811
11.53418 0.8253148548242609
11.53538 0.8242082520946409
11.53659 0.8231192144877133
11.5378 0.8220126117580931
11.53901 0.8209060090284731
11.54021 0.8197994062988531
11.54142 0.818692803569233
11.54263 0.8175862008396129
11.54383 0.8164795981099928
11.54504 0.8153729953803728
11.54625 0.8142839577734451
11.54745 0.8131773550438249
11.54866 0.8120883174368974
11.54987 0.8109992798299697
11.55107 0.809910242223042
11.55228 0.8088212046161143
11.55349 0.807749732131879
11.55469 0.8066606945249513
11.5559 0.8055716569180237
11.55711 0.8045001844337882
11.55831 0.8034111468268607
11.55952 0.8023396743426253
11.56073 0.8012506367356976
11.56193 0.8001791642514623
11.56314 0.7991076917672271
11.56435 0.7980362192829917
11.56556 0.796947181676064
11.56676 0.7958757091918287
11.56797 0.7948042367075935
11.56918 0.7937327642233581
11.57038 0.7926612917391228
11.57159 0.7915898192548876
11.5728 0.7905183467706522
11.574 0.7894468742864169
11.57521 0.7883754018021816
11.57642 0.7873214944406387
11.57762 0.7862500219564034
11.57883 0.7851785494721681
11.58004 0.7841070769879328
11.58124 0.7830356045036975
11.58245 0.7819816971421545
11.58366 0.7809102246579193
11.58486 0.7798563172963763
11.58607 0.7788024099348334
11.58728 0.7777660676959829
11.58848 0.7767297254571323
11.58969 0.7756758180955894
11.5909 0.7746394758567389
11.59211 0.7736206987405807
11.59331 0.7725843565017302
11.59452 0.7715480142628796
11.59573 0.7705292371467215
11.59693 0.769492894907871
11.59814 0.7684741177917128
11.59935 0.7674553406755547
11.60055 0.7664365635593965
11.60176 0.7654177864432383
11.60297 0.7643990093270802
11.60417 0.763380232210922
11.60538 0.7623790202174563
11.60659 0.7613602431012981
11.60779 0.7603590311078323
11.609 0.7593402539916742
11.61021 0.758321476875516
11.61141 0.7573026997593579
11.61262 0.7562839226431997
11.61383 0.7552475804043491
11.61503 0.754228803288191
11.61624 0.7531924610493405
11.61745 0.7521561188104898
11.61866 0.7511197765716394
11.61986 0.7500834343327889
11.62107 0.7490295269712459
11.62228 0.7479931847323954
11.62348 0.7469568424935449
11.62469 0.7459205002546943
11.6259 0.7449017231385362
11.6271 0.7438653808996856
11.62831 0.742829038660835
11.62952 0.7417926964219845
11.63072 0.740756354183134
11.63193 0.7397200119442835
11.63314 0.738683669705433
11.63434 0.7376473274665823
11.63555 0.7366285503504243
11.63676 0.7355922081115737
11.63796 0.7345734309954155
11.63917 0.7335546538792573
11.64038 0.7325534418857915
11.64158 0.7315346647696335
11.64279 0.7305334527761677
11.644 0.7295322407827018
11.64521 0.7285310287892361
11.64641 0.7275298167957703
11.64762 0.7265286048023045
11.64883 0.7255273928088387
11.65003 0.724526180815373
11.65124 0.7235249688219072
11.65245 0.7225237568284414
11.65365 0.7215225448349757
11.65486 0.72052133284151
11.65607 0.7195376859707365
11.65727 0.7185364739772707
11.65848 0.7175352619838049
11.65969 0.7165340499903392
11.66089 0.7155328379968734
11.6621 0.7145316260034076
11.66331 0.7135304140099419
11.66451 0.7125292020164761
11.66572 0.7115455551457027
11.66693 0.7105443431522369
11.66813 0.7095431311587711
11.66934 0.7085419191653054
11.67055 0.7075407071718396
11.67176 0.7065394951783738
11.67296 0.7055382831849081
11.67417 0.7045546363141347
11.67538 0.7035534243206689
11.67658 0.7025522123272031
11.67779 0.7015685654564298
11.679 0.7005849185856563
11.6802 0.6995837065921906
11.68141 0.6986176248441095
11.68262 0.6976339779733362
11.68382 0.6966503311025628
11.68503 0.6956666842317895
11.68624 0.694683037361016
11.68744 0.6936993904902427
11.68865 0.6927157436194692
11.68986 0.6917320967486958
11.69106 0.69073088475523
11.69227 0.6897472378844566
11.69348 0.6887460258909909
11.69468 0.6877448138975251
11.69589 0.6867611670267517
11.6971 0.6857599550332859
11.69831 0.6847587430398202
11.69951 0.6837575310463544
11.70072 0.6827387539301962
11.70193 0.6817375419367305
11.70313 0.6807187648205723
11.70434 0.6796999877044142
11.70555 0.6786636454655636
11.70675 0.677627303226713
11.70796 0.6765909609878625
11.70917 0.675554618749012
11.71037 0.674500711387469
11.71158 0.6734468040259262
11.71279 0.6724104617870755
11.71399 0.6713565544255327
11.7152 0.6703026470639898
11.71641 0.6692487397024469
11.71761 0.6681948323409039
11.71882 0.6671584901020534
11.72003 0.6660870176178181
11.72124 0.6650331102562752
11.72244 0.6639792028947322
11.72365 0.6629252955331894
11.72486 0.6618713881716464
11.72606 0.6608174808101035
11.72727 0.6597635734485605
11.72848 0.6587096660870176
11.72968 0.6576557587254748
11.73089 0.6566194164866241
11.7321 0.6555830742477736
11.7333 0.6545467320089231
11.73451 0.6535103897700726
11.73572 0.6524916126539144
11.73692 0.6514552704150638
11.73813 0.6504364932989057
11.73934 0.6494001510600551
11.74054 0.648381373943897
11.74175 0.6473625968277389
11.74296 0.6463262545888884
11.74416 0.6453074774727301
11.74537 0.6442711352338797
11.74658 0.6432523581177214
11.74779 0.6422160158788709
11.74899 0.6411972387627127
11.7502 0.6401608965238622
11.75141 0.6391421194077042
11.75261 0.6381233422915459
11.75382 0.6370870000526955
11.75503 0.6360682229365372
11.75623 0.6350318806976867
11.75744 0.6339955384588362
11.75865 0.632976761342678
11.75985 0.6319404191038274
11.76106 0.6308865117422845
11.76227 0.629850169503434
11.76347 0.6288138272645835
11.76468 0.6277774850257329
11.76589 0.6267411427868824
11.76709 0.6257048005480318
11.7683 0.6246684583091813
11.76951 0.6236496811930231
11.77071 0.6226133389541726
11.77192 0.6215945618380144
11.77313 0.6205757847218563
11.77434 0.6195570076056981
11.77554 0.61853823048954
11.77675 0.6175370184960742
11.77796 0.6165182413799161
11.77916 0.6155170293864503
11.78037 0.6145158173929846
11.78158 0.6135146053995187
11.78278 0.612513393406053
11.78399 0.6115297465352796
11.7852 0.6105285345418138
11.7864 0.6095448876710404
11.78761 0.608561240800267
11.78882 0.6075775939294936
11.79002 0.6066115121814126
11.79123 0.6056454304333316
11.79244 0.6046617835625582
11.79364 0.6037132669371695
11.79485 0.6027471851890885
11.79606 0.6017986685637
11.79726 0.6008501519383113
11.79847 0.5999016353129227
11.79968 0.5989531186875341
11.80089 0.5980046020621453
11.80209 0.5970560854367568
11.8033 0.5961251339340605
11.80451 0.5951941824313642
11.80571 0.5942632309286681
11.80692 0.5933498445486641
11.80813 0.5924540232913527
11.80933 0.5915582020340413
11.81054 0.5906799458994222
11.81175 0.5898016897648031
11.81295 0.5889409987528763
11.81416 0.5880803077409495
11.81537 0.5872371818517153
11.81657 0.586394055962481
11.81778 0.5855509300732465
11.81899 0.584742934429397
11.82019 0.5839349387855475
11.8214 0.5831445082643902
11.82261 0.5823892079886178
11.82381 0.5816339077128454
11.82502 0.5809137376824578
11.82623 0.5801935676520701
11.82744 0.5795085278670672
11.82864 0.5788234880820643
11.82985 0.5781560134197538
11.83106 0.5775061038801357
11.83226 0.5768737594632098
11.83347 0.5762589801689765
11.83468 0.5756617659974356
11.83588 0.5750821169485869
11.83709 0.5745024678997384
11.8383 0.5739579490962744
11.8395 0.5734309954155029
11.84071 0.572921606857424
11.84192 0.5724297834220372
11.84312 0.5719555251093429
11.84433 0.5714988319193409
11.84554 0.5710421387293391
11.84674 0.5706205757847218
11.84795 0.5701990128401048
11.84916 0.5697774498954875
11.85036 0.5693734520735627
11.85157 0.5689870193743304
11.85278 0.5686005866750979
11.85399 0.5682492842212503
11.85519 0.5678804166447102
11.8564 0.5675466793135551
11.85761 0.5672129419823997
11.85881 0.5668967697739369
11.86002 0.5665805975654741
11.86123 0.566299555602396
11.86243 0.5660009485166254
11.86364 0.5657374716762397
11.86485 0.5654739948358539
11.86605 0.5652105179954683
11.86726 0.5649646062777748
11.86847 0.564736259682774
11.86967 0.5645254782104653
11.87088 0.5643146967381567
11.87209 0.5641214803885405
11.87329 0.5639282640389244
11.8745 0.5637526128120005
11.87571 0.563594526707769
11.87691 0.5634364406035376
11.87812 0.5632959196219985
11.87933 0.5631553986404595
11.88054 0.5630500079043053
11.88174 0.5629621822908434
11.88295 0.5628743566773814
11.88416 0.5627865310639195
11.88536 0.5627338356958423
11.88657 0.5626635752050728
11.88778 0.5626108798369956
11.88898 0.5625581844689185
11.89019 0.5625230542235338
11.8914 0.5624703588554566
11.8926 0.5624176634873794
11.89381 0.5623825332419947
11.89502 0.5623474029966099
11.89622 0.5623298378739175
11.89743 0.5623122727512252
11.89864 0.5622947076285328
11.89984 0.5622771425058404
11.90105 0.562259577383148
11.90226 0.5622244471377632
11.90346 0.5621717517696861
11.90467 0.5621014912789166
11.90588 0.562031230788147
11.90709 0.5619434051746851
11.90829 0.5618380144385309
11.9095 0.5617326237023765
11.91071 0.5616272329662223
11.91191 0.5615042771073756
11.91312 0.5613813212485289
11.91433 0.56124080026699
11.91553 0.561065149040066
11.91674 0.5608894978131422
11.91795 0.560696281463526
11.91915 0.5604854999912174
11.92036 0.5602571533962165
11.92157 0.5599936765558308
11.92277 0.559730199715445
11.92398 0.5594491577523669
11.92519 0.5591505506665965
11.92639 0.5588343784581336
11.9276 0.5585006411269783
11.92881 0.558166903795823
11.93001 0.557798036219283
11.93122 0.5574291686427431
11.93243 0.557060301066203
11.93364 0.5566563032442782
11.93484 0.5562523054223534
11.93605 0.5558307424777362
11.93726 0.5553916144104267
11.93846 0.5549524863431171
11.93967 0.5544782280304228
11.94088 0.5540039697177285
11.94208 0.5535121462823418
11.94329 0.5530203228469551
11.9445 0.552510934288876
11.9457 0.552001545730797
11.94691 0.5514745920500255
11.94812 0.5509300732465616
11.94932 0.5503855544430978
11.95053 0.5498234705169416
11.95174 0.549243821468093
11.95294 0.5486641724192444
11.95415 0.5480669582477035
11.95536 0.54745217895347
11.95657 0.5468373996592366
11.95777 0.5462226203650034
11.95898 0.5455902759480775
11.96019 0.5449579315311518
11.96139 0.5443080219915336
11.9626 0.5436581124519155
11.96381 0.542990637789605
11.96501 0.5423231631272944
11.96622 0.5416381233422916
11.96743 0.5409355184345963
11.96863 0.540232913526901
11.96984 0.5395303086192057
11.97105 0.5388277037115105
11.97225 0.5381075336811229
11.97346 0.5374049287734275
11.97467 0.5366847587430398
11.97587 0.5359645887126522
11.97708 0.5352268535595721
11.97829 0.534489118406492
11.97949 0.533751383253412
11.9807 0.533013648100332
11.98191 0.5322583478245596
11.98312 0.5315030475487872
11.98432 0.5307477472730147
11.98553 0.5299924469972422
11.98674 0.5292195815987775
11.98794 0.528464281323005
11.98915 0.5276914159245403
11.99036 0.5269185505260755
11.99156 0.5261456851276106
11.99277 0.5253728197291457
11.99398 0.5245823892079887
11.99518 0.5237919586868315
11.99639 0.5230015281656742
11.9976 0.5222110976445171
11.9988 0.5214206671233599
12.00001 0.5206302366022026
12.00122 0.519822240958353
12.00242 0.5190318104371959
12.00363 0.5182238147933463
12.00484 0.5173982540268044
12.00604 0.5165902583829548
12.00725 0.5157646976164129
12.00846 0.5149391368498709
12.00967 0.514113576083329
12.01087 0.5132880153167869
12.01208 0.5124624545502451
12.01329 0.5116544589063955
12.01449 0.5108288981398535
12.0157 0.5100033373733116
12.01691 0.509195341729462
12.01811 0.5083697809629201
12.01932 0.5075617853190705
12.02053 0.5067362245525285
12.02173 0.5059106637859866
12.02294 0.505102668142137
12.02415 0.5042771073755951
12.02535 0.5034691117317455
12.02656 0.5026611160878959
12.02777 0.5018531204440464
12.02897 0.5010626899228892
12.03018 0.5002722594017319
12.03139 0.49948182888057474
12.03259 0.49869139835941756
12.0338 0.49791853296095273
12.03501 0.49714566756248796
12.03622 0.49637280216402313
12.03742 0.49559993676555836
12.03863 0.49484463648978594
12.03984 0.49407177109132105
12.04104 0.49331647081554864
12.04225 0.4925611705397762
12.04346 0.49180587026400385
12.04466 0.4910505699882313
12.04587 0.49029526971245896
12.04708 0.48953996943668654
12.04828 0.48880223428360653
12.04949 0.48804693400783405
12.0507 0.48730919885475404
12.0519 0.4865714637016739
12.05311 0.4858337285485939
12.05432 0.4850959933955139
12.05552 0.48435825824243384
12.05673 0.4836205230893538
12.05794 0.48286522281358135
12.05914 0.48212748766050134
12.06035 0.48138975250742133
12.06156 0.4806520173543412
12.06277 0.4799142822012612
12.06397 0.47917654704818113
12.06518 0.4784388118951011
12.06639 0.477701076742021
12.06759 0.476963341588941
12.0688 0.47624317155855334
12.07001 0.4755054364054733
12.07121 0.4747677012523932
12.07242 0.4740475312220056
12.07363 0.4733273611916179
12.07483 0.47258962603853794
12.07604 0.4718694560081502
12.07725 0.4711492859777626
12.07845 0.4704291159473749
12.07966 0.4697089459169872
12.08087 0.4689887758865996
12.08207 0.4682686058562119
12.08328 0.4675484358258243
12.08449 0.4668282657954366
12.08569 0.4661256608877413
12.0869 0.465423055980046
12.08811 0.4647028859496584
12.08932 0.4640002810419631
12.09052 0.4632976761342678
12.09173 0.4625950712265725
12.09294 0.4618924663188773
12.09414 0.4612074265338744
12.09535 0.4605048216261791
12.09656 0.4598197818411762
12.09776 0.4591171769334809
12.09897 0.45843213714847797
12.10018 0.4577470973634751
12.10138 0.4570620575784722
12.10259 0.4563770177934693
12.1038 0.4557095431311588
12.105 0.4550245033461559
12.10621 0.45435702868384537
12.10742 0.4536895540215349
12.10862 0.4530220793592243
12.10983 0.4523546046969138
12.11104 0.4516871300346033
12.11224 0.4510372204949852
12.11345 0.4503697458326747
12.11466 0.4497198362930565
12.11587 0.4490699267534384
12.11707 0.4484024520911279
12.11828 0.44777010767420206
12.11949 0.447120198134584
12.12069 0.4464702885949659
12.1219 0.44583794417804007
12.12311 0.445188034638422
12.12431 0.44455569022149616
12.12552 0.4439233458045705
12.12673 0.44329100138764466
12.12793 0.442658656970719
12.12914 0.44202631255379315
12.13035 0.4413939681368675
12.13155 0.44077918884263406
12.13276 0.4401468444257084
12.13397 0.43953206513147497
12.13517 0.43891728583724154
12.13638 0.43830250654300823
12.13759 0.43768772724877486
12.13879 0.4370729479545415
12.14 0.4364581686603081
12.14121 0.4358433893660747
12.14242 0.4352286100718414
12.14362 0.434613830777608
12.14483 0.4339990514833746
12.14604 0.4334018373118336
12.14724 0.43278705801760026
12.14845 0.43218984384605924
12.14966 0.4315750645518259
12.15086 0.4309778503802849
12.15207 0.43036307108605154
12.15328 0.4297658569145106
12.15448 0.4291510776202772
12.15569 0.4285538634487362
12.1569 0.4279390841545029
12.1581 0.42732430486026945
12.15931 0.4267095255660361
12.16052 0.4260947462718027
12.16172 0.42547996697756935
12.16293 0.424865187683336
12.16414 0.4242504083891026
12.16535 0.42363562909486924
12.16655 0.42302084980063587
12.16776 0.4224060705064025
12.16897 0.42179129121216913
12.17017 0.42117651191793576
12.17138 0.4205617326237024
12.17259 0.419946953329469
12.17379 0.41931460891254324
12.175 0.41869982961830987
12.17621 0.41808505032407656
12.17741 0.4174527059071508
12.17862 0.4168379266129174
12.17983 0.41622314731868404
12.18103 0.4156083680244506
12.18224 0.4149935887302173
12.18345 0.41437880943598393
12.18465 0.4137815952644429
12.18586 0.41318438109290195
12.18707 0.41258716692136094
12.18827 0.41198995274982
12.18948 0.41139273857827896
12.19069 0.4108130895294304
12.1919 0.4102334404805818
12.1931 0.4096362263090408
12.19431 0.4090741423828846
12.19552 0.4084944933340359
12.19672 0.4079324094078797
12.19793 0.4073527603590311
12.19914 0.40679067643287486
12.20034 0.4062461576294111
12.20155 0.40570163882594723
12.20276 0.4051571200224834
12.20396 0.40461260121901954
12.20517 0.4040680824155557
12.20638 0.4035411287347842
12.20758 0.40301417505401277
12.20879 0.40248722137324133
12.21 0.40196026769246984
12.2112 0.40143331401169835
12.21241 0.4009239254536193
12.21362 0.4003969717728479
12.21482 0.3998700180920764
12.21603 0.3993606295339973
12.21724 0.3988336758532259
12.21845 0.3983242872951468
12.21965 0.39781489873706766
12.22086 0.39730551017898863
12.22207 0.3967961216209095
12.22327 0.39628673306283047
12.22448 0.3957773445047514
12.22569 0.3952679559466723
12.22689 0.3947585673885932
12.2281 0.39424917883051414
12.22931 0.39373979027243505
12.23051 0.393230401714356
12.23172 0.3927210131562769
12.23293 0.3922116245981978
12.23413 0.3917022360401188
12.23534 0.39119284748203964
12.23655 0.3906658938012682
12.23775 0.3901565052431892
12.23896 0.38964711668511004
12.24017 0.38913772812703096
12.24137 0.38862833956895193
12.24258 0.3881189510108728
12.24379 0.38760956245279377
12.245 0.3871001738947146
12.2462 0.3865907853366356
12.24741 0.3860813967785565
12.24862 0.38557200822047744
12.24982 0.38508018478509076
12.25103 0.3845707962270116
12.25224 0.3840614076689326
12.25344 0.3835520191108535
12.25465 0.3830601956754668
12.25586 0.3825683722400801
12.25706 0.38205898368200103
12.25827 0.38156716024661436
12.25948 0.3810753368112276
12.26068 0.38060107849853336
12.26189 0.38010925506314663
12.2631 0.37961743162775996
12.2643 0.3791431733150656
12.26551 0.37865134987967897
12.26672 0.3781770915669846
12.26792 0.37770283325429027
12.26913 0.377228574941596
12.27034 0.37675431662890163
12.27155 0.37628005831620737
12.27275 0.37580580000351305
12.27396 0.3753491068135111
12.27517 0.37487484850081676
12.27637 0.37441815531081485
12.27758 0.37396146212081294
12.27879 0.37350476893081097
12.27999 0.37304807574080906
12.2812 0.37259138255080715
12.28241 0.3721346893608052
12.28361 0.37167799617080327
12.28482 0.3712388681034937
12.28603 0.37079974003618416
12.28723 0.37034304684618224
12.28844 0.3699039187788727
12.28965 0.36946479071156313
12.29085 0.36902566264425357
12.29206 0.3686040996996364
12.29327 0.36816497163232687
12.29447 0.3677258435650173
12.29568 0.3673042806204001
12.29689 0.36688271767578295
12.2981 0.3664611547311658
12.2993 0.3660395917865486
12.30051 0.36561802884193145
12.30172 0.36521403102000666
12.30292 0.3648100331980819
12.30413 0.3643884702534647
12.30534 0.3639844724315399
12.30654 0.36359803973230753
12.30775 0.3631940419103828
12.30896 0.362790044088458
12.31016 0.36240361138922556
12.31137 0.36201717868999317
12.31258 0.3616131808680684
12.31378 0.361226748168836
12.31499 0.36084031546960355
12.3162 0.36045388277037116
12.3174 0.3600674500711388
12.31861 0.3596810173719064
12.31982 0.35929458467267394
12.32102 0.3589257170961339
12.32223 0.3585392843969015
12.32344 0.3581704168203615
12.32465 0.3577839841211291
12.32585 0.3574151165445891
12.32706 0.3570286838453567
12.32827 0.35665981626881665
12.32947 0.3562909486922766
12.33068 0.35590451599304423
12.33189 0.3555356484165042
12.33309 0.3551492157172718
12.3343 0.3547803481407318
12.33551 0.35441148056419175
12.33671 0.35402504786495936
12.33792 0.35365618028841933
12.33913 0.3532873127118793
12.34033 0.35291844513533926
12.34154 0.35254957755879923
12.34275 0.35218070998225925
12.34395 0.3518118424057192
12.34516 0.3514429748291792
12.34637 0.35109167237533156
12.34757 0.35072280479879153
12.34878 0.3503715023449439
12.34999 0.35002019989109623
12.3512 0.3496513323145562
12.3524 0.3493000298607086
12.35361 0.34894872740686095
12.35482 0.3485974249530133
12.35602 0.34824612249916564
12.35723 0.3478948200453181
12.35844 0.3475435175914704
12.35964 0.3471922151376228
12.36085 0.3468409126837751
12.36206 0.3465071753526198
12.36326 0.3461558728987722
12.36447 0.3458045704449246
12.36568 0.3454708331137693
12.36688 0.3451195306599216
12.36809 0.3447857933287664
12.3693 0.34443449087491873
12.3705 0.3441007535437635
12.37171 0.3437494510899159
12.37292 0.34339814863606827
12.37413 0.3430468461822206
12.37533 0.34269554372837296
12.37654 0.3423442412745253
12.37775 0.3419929388206777
12.37895 0.34162407124413763
12.38016 0.34127276879029
12.38137 0.3409214663364424
12.38257 0.34055259875990235
12.38378 0.34020129630605467
12.38499 0.3398324287295147
12.38619 0.33948112627566707
12.3874 0.3391298238218194
12.38861 0.33877852136797176
12.38981 0.33840965379143173
12.39102 0.3380583513375841
12.39223 0.3377070488837364
12.39343 0.33735574642988886
12.39464 0.33698687885334877
12.39585 0.33663557639950115
12.39705 0.3362842739456535
12.39826 0.3359329714918059
12.39947 0.3355816690379582
12.40068 0.3352303665841106
12.40188 0.3348790641302629
12.40309 0.33452776167641535
12.4043 0.33417645922256767
12.4055 0.33384272189141245
12.40671 0.3335089845602572
12.40792 0.33315768210640956
12.40912 0.3328239447752543
12.41033 0.332490207444099
12.41154 0.33215647011294375
12.41274 0.3318227327817885
12.41395 0.3314889954506332
12.41516 0.331155258119478
12.41636 0.3308215207883227
12.41757 0.3304877834571675
12.41878 0.3301364810033198
12.41998 0.32980274367216456
12.42119 0.3294690063410093
12.4224 0.32911770388716166
12.4236 0.32878396655600645
12.42481 0.32843266410215877
12.42602 0.32808136164831114
12.42723 0.3277476243171559
12.42843 0.32739632186330825
12.42964 0.327062584532153
12.43085 0.3267112820783053
12.43205 0.3263599796244577
12.43326 0.32600867717061005
12.43447 0.3256749398394548
12.43567 0.32532363738560716
12.43688 0.32497233493175953
12.43809 0.32462103247791185
12.43929 0.32426973002406423
12.4405 0.32391842757021655
12.44171 0.323567125116369
12.44291 0.3232158226625213
12.44412 0.3228645202086737
12.44533 0.322513217754826
12.44653 0.3221794804236708
12.44774 0.3218457430925155
12.44895 0.3214944406386679
12.45015 0.321178268430205
12.45136 0.3208445310990497
12.45257 0.3205107937678945
12.45378 0.3201946215594316
12.45498 0.3198784493509687
12.45619 0.3195447120198135
12.4574 0.31922853981135063
12.4586 0.3189123676028877
12.45981 0.31859619539442485
12.46102 0.31829758830865434
12.46222 0.3179814161001915
12.46343 0.3176652438917286
12.46464 0.3173666368059581
12.46584 0.3170504645974952
12.46705 0.3167518575117247
12.46826 0.31645325042595424
12.46946 0.31617220846287614
12.47067 0.31587360137710563
12.47188 0.3155749942913351
12.47308 0.31527638720556467
12.47429 0.31497778011979416
12.4755 0.31469673815671606
12.4767 0.31439813107094555
12.47791 0.31408195886248264
12.47912 0.3137833517767122
12.48033 0.3134847446909417
12.48153 0.3131685724824788
12.48274 0.3128699653967083
12.48395 0.3125537931882454
12.48515 0.31225518610247494
12.48636 0.3119390138940121
12.48757 0.3116228416855492
12.48877 0.3113066694770863
12.48998 0.31099049726862343
12.49119 0.31067432506016057
12.49239 0.3103581528516977
12.4936 0.3100419806432348
12.49481 0.3097082433120796
12.49601 0.30939207110361666
12.49722 0.3090583337724614
12.49843 0.3087245964413062
12.49963 0.3083908591101509
12.50084 0.30805712177899564
12.50205 0.3077233844478404
12.50325 0.3073896471166851
12.50446 0.3070383446628375
12.50567 0.3067046073316822
12.50688 0.30637087000052693
12.50808 0.3060546977920641
12.50929 0.30572096046090885
12.5105 0.3053872231297535
12.5117 0.3050534857985983
12.51291 0.30473731359013545
12.51412 0.3044035762589802
12.51532 0.30406983892782496
12.51653 0.30375366671936205
12.51774 0.3034199293882068
12.51894 0.3031037571797439
12.52015 0.30277001984858865
12.52136 0.3024538476401258
12.52256 0.30213767543166287
12.52377 0.30182150322320006
12.52498 0.30150533101473714
12.52618 0.30120672392896664
12.52739 0.3009081168431961
12.5286 0.30059194463473327
12.5298 0.3002933375489628
12.53101 0.2999947304631923
12.53222 0.2996961233774218
12.53343 0.2993975162916513
12.53463 0.2990989092058808
12.53584 0.29880030212011033
12.53705 0.2985016950343398
12.53825 0.29818552282587696
12.53946 0.29788691574010645
12.54067 0.2975707435316436
12.54187 0.2972721364458731
12.54308 0.29695596423741016
12.54429 0.2966573571516397
12.54549 0.29634118494317685
12.5467 0.296025012734714
12.54791 0.29570884052625107
12.54911 0.29541023344048056
12.55032 0.29509406123201776
12.55153 0.29477788902355484
12.55273 0.29444415169239957
12.55394 0.2941279794839367
12.55515 0.29379424215278144
12.55635 0.2934780699443186
12.55756 0.2931443326131633
12.55877 0.29281059528200803
12.55998 0.29247685795085276
12.56118 0.2921255554970052
12.56239 0.29179181816584987
12.5636 0.29145808083469465
12.5648 0.291106778380847
12.56601 0.2907730410496917
12.56722 0.2904393037185365
12.56842 0.2901055663873812
12.56963 0.28977182905622595
12.57084 0.2894205266023783
12.57204 0.28908678927122305
12.57325 0.28875305194006784
12.57446 0.28841931460891257
12.57566 0.2880855772777573
12.57687 0.28775183994660203
12.57808 0.28741810261544676
12.57928 0.28708436528429154
12.58049 0.2867506279531363
12.5817 0.286416890621981
12.58291 0.28608315329082573
12.58411 0.28574941595967046
12.58532 0.2853981135058229
12.58653 0.28506437617466757
12.58773 0.2847306388435123
12.58894 0.2843969015123571
12.59015 0.2840631641812018
12.59135 0.2837294268500466
12.59256 0.2833781243961989
12.59377 0.28304438706504365
12.59497 0.28271064973388843
12.59618 0.28235934728004075
12.59739 0.28202560994888554
12.59859 0.28167430749503786
12.5998 0.28132300504119023
12.60101 0.28097170258734255
12.60221 0.280620400133495
12.60342 0.2802690976796473
12.60463 0.2799002301031073
12.60583 0.27954892764925965
12.60704 0.2791800600727196
12.60825 0.27882875761887194
12.60946 0.27845989004233196
12.61066 0.2780910224657919
12.61187 0.2777397200119443
12.61308 0.27737085243540427
12.61428 0.2770195499815566
12.61549 0.2766506824050166
12.6167 0.27629937995116893
12.6179 0.2759480774973213
12.61911 0.27557920992078133
12.62032 0.27522790746693365
12.62152 0.27487660501308603
12.62273 0.2745253025592384
12.62394 0.27415643498269837
12.62514 0.2738051325288507
12.62635 0.2734538300750031
12.62756 0.27310252762115544
12.62876 0.2727512251673078
12.62997 0.27241748783615255
12.63118 0.2720661853823049
12.63238 0.27173244805114966
12.63359 0.2713987107199944
12.6348 0.27106497338883917
12.63601 0.27073123605768384
12.63721 0.27039749872652863
12.63842 0.27008132651806577
12.63963 0.2697475891869105
12.64083 0.2694138518557552
12.64204 0.26908011452459996
12.64325 0.2687463771934447
12.64445 0.26841263986228947
12.64566 0.2680789025311342
12.64687 0.26774516519997893
12.64807 0.2673938627461313
12.64928 0.26706012541497604
12.65049 0.2667088229611284
12.65169 0.26637508562997314
12.6529 0.2660237831761255
12.65411 0.26567248072227784
12.65531 0.2653387433911226
12.65652 0.26498744093727494
12.65773 0.2646361384834273
12.65893 0.2642672709068873
12.66014 0.26391596845303966
12.66135 0.26354710087649963
12.66256 0.2631782332999596
12.66376 0.2628093657234196
12.66497 0.26244049814687953
12.66618 0.26205406544764714
12.66738 0.26168519787110717
12.66859 0.2612987651718747
12.6698 0.26091233247264234
12.671 0.26052589977340995
12.67221 0.26015703219686986
12.67342 0.2597705994976375
12.67462 0.2593841667984051
12.67583 0.2589977340991727
12.67704 0.25862886652263267
12.67824 0.2582424338234003
12.67945 0.25787356624686025
12.68066 0.2574871335476278
12.68186 0.25711826597108783
12.68307 0.25673183327185545
12.68428 0.25636296569531536
12.68548 0.2559940981187754
12.68669 0.255607665419543
12.6879 0.2552387978430029
12.68911 0.25486993026646293
12.69031 0.2545010626899229
12.69152 0.25413219511338286
12.69273 0.25376332753684283
12.69393 0.25339445996030285
12.69514 0.2530255923837628
12.69635 0.2526742899299152
12.69755 0.2523229874760675
12.69876 0.25195411989952754
12.69997 0.25160281744567986
12.70117 0.25125151499183224
12.70238 0.25090021253798456
12.70359 0.2505313449614446
12.70479 0.2501800425075969
12.706 0.24981117493105692
12.70721 0.24945987247720927
12.70841 0.2490910049006692
12.70962 0.24872213732412923
12.71083 0.24835326974758917
12.71203 0.24798440217104917
12.71324 0.24761553459450916
12.71445 0.24724666701796913
12.71566 0.24687779944142912
12.71686 0.24650893186488906
12.71807 0.24612249916565668
12.71928 0.24575363158911667
12.72048 0.2453847640125766
12.72169 0.24499833131334423
12.7229 0.2446118986141118
12.7241 0.2442430310375718
12.72531 0.24385659833833942
12.72652 0.243470165639107
12.72772 0.24308373293987462
12.72893 0.24267973511794982
12.73014 0.2422933024187174
12.73134 0.24190686971948502
12.73255 0.2415028718975602
12.73376 0.24111643919832781
12.73496 0.24071244137640302
12.73617 0.2403260086771706
12.73738 0.23993957597793822
12.73858 0.2395531432787058
12.73979 0.23916671057947342
12.741 0.238780277880241
12.74221 0.23839384518100862
12.74341 0.2380074124817762
12.74462 0.23763854490523617
12.74583 0.23725211220600376
12.74703 0.23686567950677137
12.74824 0.23649681193023137
12.74945 0.23611037923099895
12.75065 0.23574151165445892
12.75186 0.2353550789552265
12.75307 0.2349862113786865
12.75427 0.2345997786794541
12.75548 0.23423091110291405
12.75669 0.23384447840368167
12.75789 0.23347561082714166
12.7591 0.2331067432506016
12.76031 0.2327378756740616
12.76151 0.23236900809752156
12.76272 0.23200014052098156
12.76393 0.2316312729444415
12.76513 0.2312624053679015
12.76634 0.2308935377913615
12.76755 0.2305071050921291
12.76876 0.23013823751558904
12.76996 0.22975180481635665
12.77117 0.22938293723981665
12.77238 0.22899650454058423
12.77358 0.2286100718413518
12.77479 0.2282236391421194
12.776 0.227837206442887
12.7772 0.2274507737436546
12.77841 0.2270643410444222
12.77962 0.2266779083451898
12.78082 0.2262914756459574
12.78203 0.2258874778240326
12.78324 0.22550104512480018
12.78444 0.2251146124255678
12.78565 0.224710614603643
12.78686 0.22432418190441059
12.78806 0.2239377492051782
12.78927 0.22353375138325343
12.79048 0.223147318684021
12.79169 0.22274332086209625
12.79289 0.22233932304017143
12.7941 0.22193532521824663
12.79531 0.22154889251901425
12.79651 0.22114489469708948
12.79772 0.22074089687516468
12.79893 0.2203544641759323
12.80013 0.21995046635400747
12.80134 0.2195640336547751
12.80255 0.21917760095554267
12.80375 0.21877360313361788
12.80496 0.2183871704343855
12.80617 0.21800073773515308
12.80737 0.2176143050359207
12.80858 0.21722787233668828
12.80979 0.2168414396374559
12.81099 0.21645500693822348
12.8122 0.21606857423899106
12.81341 0.21568214153975865
12.81461 0.21529570884052626
12.81582 0.21490927614129385
12.81703 0.21452284344206146
12.81824 0.21413641074282905
12.81944 0.21374997804359666
12.82065 0.21338111046705663
12.82186 0.21299467776782421
12.82306 0.2126082450685918
12.82427 0.2122393774920518
12.82548 0.21185294479281938
12.82668 0.21148407721627935
12.82789 0.21109764451704696
12.8291 0.21071121181781455
12.8303 0.21034234424127451
12.83151 0.20995591154204213
12.83272 0.20956947884280971
12.83392 0.2092006112662697
12.83513 0.2088141785670373
12.83634 0.2084277458678049
12.83754 0.2080413131685725
12.83875 0.20765488046934008
12.83996 0.20728601289280008
12.84116 0.20689958019356766
12.84237 0.20651314749433525
12.84358 0.20612671479510283
12.84479 0.20574028209587045
12.84599 0.20535384939663803
12.8472 0.20496741669740565
12.84841 0.20458098399817323
12.84961 0.20417698617624844
12.85082 0.20379055347701605
12.85203 0.20338655565509126
12.85323 0.20300012295585887
12.85444 0.20259612513393407
12.85565 0.20219212731200928
12.85685 0.20178812949008448
12.85806 0.2014016967908521
12.85927 0.2009976989689273
12.86047 0.2005937011470025
12.86168 0.20018970332507774
12.86289 0.19978570550315294
12.86409 0.19938170768122815
12.8653 0.19897770985930338
12.86651 0.19857371203737859
12.86771 0.19816971421545382
12.86892 0.197765716393529
12.87013 0.19734415344891185
12.87134 0.19694015562698705
12.87254 0.19653615780506228
12.87375 0.1961321599831375
12.87496 0.19571059703852034
12.87616 0.19530659921659552
12.87737 0.19490260139467075
12.87858 0.19449860357274595
12.87978 0.1940946057508212
12.88099 0.193673042806204
12.8822 0.19326904498427921
12.8834 0.19286504716235442
12.88461 0.19246104934042965
12.88582 0.19205705151850488
12.88702 0.19167061881927244
12.88823 0.19126662099734767
12.88944 0.1908626231754229
12.89064 0.19045862535349808
12.89185 0.19005462753157332
12.89306 0.18965062970964852
12.89426 0.18924663188772375
12.89547 0.18884263406579896
12.89668 0.18842107112118178
12.89789 0.188017073299257
12.89909 0.18761307547733222
12.9003 0.18719151253271504
12.90151 0.18678751471079028
12.90271 0.1863659517661731
12.90392 0.18594438882155592
12.90513 0.18554039099963113
12.90633 0.18511882805501398
12.90754 0.1846972651103968
12.90875 0.18427570216577963
12.90995 0.18385413922116248
12.91116 0.1834325762765453
12.91237 0.18299344820923574
12.91357 0.1825718852646186
12.91478 0.18213275719730904
12.91599 0.18169362912999948
12.91719 0.18125450106268995
12.9184 0.1808153729953804
12.91961 0.18037624492807083
12.92081 0.1799195517380689
12.92202 0.17948042367075936
12.92323 0.1790237304807574
12.92444 0.17858460241344787
12.92564 0.17812790922344593
12.92685 0.17768878115613637
12.92806 0.17724965308882684
12.92926 0.1767929598988249
12.93047 0.17635383183151535
12.93168 0.17591470376420582
12.93288 0.17547557569689626
12.93409 0.1750364476295867
12.9353 0.17459731956227714
12.9365 0.1741581914949676
12.93771 0.17371906342765805
12.93892 0.1732799353603485
12.94012 0.17284080729303894
12.94133 0.1724016792257294
12.94254 0.17196255115841985
12.94374 0.17154098821380268
12.94495 0.17111942526918553
12.94616 0.17069786232456835
12.94736 0.17027629937995117
12.94857 0.169854736435334
12.94978 0.16945073861340923
12.95099 0.16902917566879205
12.95219 0.16862517784686726
12.9534 0.16822118002494246
12.95461 0.1678171822030177
12.95581 0.16741318438109293
12.95702 0.1670091865591681
12.95823 0.16660518873724334
12.95943 0.16620119091531854
12.96064 0.16579719309339377
12.96185 0.16539319527146898
12.96305 0.16498919744954418
12.96426 0.164567634504927
12.96547 0.16416363668300224
12.96667 0.16375963886107744
12.96788 0.16335564103915265
12.96909 0.16295164321722788
12.97029 0.1625476453953031
12.9715 0.16214364757337832
12.97271 0.16173964975145352
12.97391 0.16133565192952873
12.97512 0.16093165410760393
12.97633 0.16052765628567917
12.97754 0.160106093341062
12.97874 0.1597020955191372
12.97995 0.15928053257452005
12.98116 0.15885896962990287
12.98236 0.1584374066852857
12.98357 0.15801584374066854
12.98478 0.15759428079605137
12.98598 0.1571727178514342
12.98719 0.15673358978412466
12.9884 0.15631202683950748
12.9896 0.1558904638948903
12.99081 0.15546890095027316
12.99202 0.15504733800565598
12.99322 0.15460820993834642
12.99443 0.15418664699372925
12.99564 0.1537650840491121
12.99684 0.15334352110449492
12.99805 0.15292195815987775
12.99926 0.15250039521526057
13.00047 0.15207883227064342
13.00167 0.15163970420333386
13.00288 0.1512181412587167
13.00409 0.1507965783140995
13.00529 0.15037501536948236
13.0065 0.14995345242486519
13.00771 0.149531889480248
13.00891 0.14912789165832324
13.01012 0.14870632871370607
13.01133 0.1483023308917813
13.01253 0.14788076794716412
13.01374 0.14747677012523935
13.01495 0.14707277230331453
13.01615 0.14666877448138976
13.01736 0.14626477665946497
13.01857 0.1458607788375402
13.01977 0.14545678101561538
13.02098 0.1450527831936906
13.02219 0.14466635049445822
13.02339 0.1442623526725334
13.0246 0.14385835485060863
13.02581 0.14347192215137625
13.02702 0.14306792432945142
13.02822 0.14268149163021904
13.02943 0.14227749380829427
13.03064 0.14189106110906186
13.03184 0.14150462840982947
13.03305 0.14111819571059703
13.03426 0.14073176301136464
13.03546 0.14034533031213223
13.03667 0.13995889761289984
13.03788 0.13957246491366743
13.03908 0.13918603221443504
13.04029 0.13879959951520263
13.0415 0.1384131668159702
13.0427 0.1380267341167378
13.04391 0.1376403014175054
13.04512 0.137253868718273
13.04632 0.1368674360190406
13.04753 0.1364810033198082
13.04874 0.13609457062057578
13.04994 0.13570813792134337
13.05115 0.13532170522211098
13.05236 0.13493527252287857
13.05357 0.13454883982364618
13.05477 0.13416240712441377
13.05598 0.13377597442518138
13.05719 0.13338954172594894
13.05839 0.13300310902671655
13.0596 0.13261667632748414
13.06081 0.13224780875094413
13.06201 0.13186137605171172
13.06322 0.13147494335247933
13.06443 0.1311060757759393
13.06563 0.1307196430767069
13.06684 0.1303332103774745
13.06805 0.12996434280093447
13.06925 0.12957791010170208
13.07046 0.12920904252516205
13.07167 0.12882260982592963
13.07287 0.12845374224938963
13.07408 0.12806730955015722
13.07529 0.12769844197361718
13.07649 0.1273120092743848
13.0777 0.12692557657515238
13.07891 0.12655670899861238
13.08012 0.12617027629937996
13.08132 0.12578384360014755
13.08253 0.12541497602360754
13.08374 0.1250285433243751
13.08494 0.12465967574783511
13.08615 0.12427324304860268
13.08736 0.12388681034937028
13.08856 0.12350037765013788
13.08977 0.12313151007359786
13.09098 0.12274507737436546
13.09218 0.12235864467513306
13.09339 0.12197221197590066
13.0946 0.12158577927666826
13.0958 0.12119934657743586
13.09701 0.12079534875551105
13.09822 0.12040891605627865
13.09942 0.12002248335704625
13.10063 0.11961848553512146
13.10184 0.11923205283588906
13.10304 0.11884562013665666
13.10425 0.11844162231473188
13.10546 0.11805518961549948
13.10667 0.11765119179357468
13.10787 0.11726475909434228
13.10908 0.11687832639510988
13.11029 0.11649189369587748
13.11149 0.11610546099664508
13.1127 0.11570146317472027
13.11391 0.11531503047548787
13.11511 0.11492859777625547
13.11632 0.11454216507702307
13.11753 0.11415573237779067
13.11873 0.11375173455586587
13.11994 0.11336530185663347
13.12115 0.11297886915740107
13.12235 0.11259243645816867
13.12356 0.11220600375893627
13.12477 0.11183713618239624
13.12597 0.11145070348316384
13.12718 0.11106427078393143
13.12839 0.11069540320739142
13.12959 0.110308970508159
13.1308 0.10994010293161899
13.13201 0.10957123535507896
13.13322 0.10920236777853894
13.13442 0.10883350020199892
13.13563 0.10844706750276652
13.13684 0.10807819992622648
13.13804 0.10770933234968647
13.13925 0.10734046477314645
13.14046 0.10697159719660643
13.14166 0.1066027296200664
13.14287 0.10625142716621876
13.14408 0.10588255958967874
13.14528 0.10551369201313872
13.14649 0.10514482443659869
13.1477 0.10477595686005868
13.1489 0.10440708928351865
13.15011 0.10405578682967101
13.15132 0.10368691925313099
13.15252 0.10331805167659096
13.15373 0.10296674922274332
13.15494 0.1025978816462033
13.15614 0.10222901406966328
13.15735 0.10187771161581564
13.15856 0.10150884403927563
13.15977 0.10113997646273559
13.16097 0.10078867400888795
13.16218 0.10041980643234794
13.16339 0.1000509388558079
13.16459 0.09969963640196026
13.1658 0.09933076882542026
13.16701 0.09896190124888023
13.16821 0.09859303367234021
13.16942 0.09824173121849257
13.17063 0.09787286364195254
13.17183 0.0975215611881049
13.17304 0.09715269361156488
13.17425 0.09678382603502486
13.17545 0.09643252358117721
13.17666 0.0960636560046372
13.17787 0.09571235355078955
13.17907 0.09534348597424953
13.18028 0.09497461839770951
13.18149 0.09462331594386188
13.18269 0.09425444836732184
13.1839 0.0939031459134742
13.18511 0.09353427833693419
13.18632 0.09318297588308655
13.18752 0.09281410830654652
13.18873 0.09246280585269888
13.18994 0.09209393827615886
13.19114 0.09174263582231122
13.19235 0.09137376824577119
13.19356 0.09102246579192355
13.19476 0.09067116333807591
13.19597 0.0903022957615359
13.19718 0.08995099330768826
13.19838 0.08958212573114822
13.19959 0.08923082327730059
13.2008 0.08887952082345295
13.202 0.08851065324691293
13.20321 0.08815935079306529
13.20442 0.08780804833921765
13.20562 0.08745674588537002
13.20683 0.08710544343152238
13.20804 0.08673657585498235
13.20924 0.08638527340113471
13.21045 0.08605153606997945
13.21166 0.08570023361613181
13.21287 0.08534893116228418
13.21407 0.08499762870843654
13.21528 0.08464632625458889
13.21649 0.08431258892343363
13.21769 0.08396128646958599
13.2189 0.08360998401573835
13.22011 0.0832762466845831
13.22131 0.08294250935342783
13.22252 0.08259120689958019
13.22373 0.08225746956842493
13.22493 0.08192373223726968
13.22614 0.08157242978342204
13.22735 0.08123869245226678
13.22855 0.08090495512111152
13.22976 0.08058878291264865
13.23097 0.08025504558149339
13.23217 0.07992130825033814
13.23338 0.07958757091918288
13.23459 0.07927139871072
13.2358 0.07893766137956475
13.237 0.07862148917110187
13.23821 0.0782877518399466
13.23942 0.07797157963148373
13.24062 0.07763784230032847
13.24183 0.0773216700918656
13.24304 0.07700549788340272
13.24424 0.07668932567493984
13.24545 0.07635558834378459
13.24666 0.07603941613532171
13.24786 0.07572324392685884
13.24907 0.07540707171839596
13.25028 0.07509089950993308
13.25148 0.07475716217877783
13.25269 0.07444098997031495
13.2539 0.07412481776185208
13.2551 0.07382621067608157
13.25631 0.0735100384676187
13.25752 0.07319386625915582
13.25872 0.07287769405069294
13.25993 0.07257908696492246
13.26114 0.07226291475645959
13.26235 0.07196430767068908
13.26355 0.0716481354622262
13.26476 0.07134952837645572
13.26597 0.07105092129068522
13.26717 0.07073474908222234
13.26838 0.07043614199645185
13.26959 0.07013753491068135
13.27079 0.06983892782491086
13.272 0.06954032073914036
13.27321 0.06925927877606225
13.27441 0.06896067169029177
13.27562 0.06867962972721366
13.27683 0.06839858776413554
13.27803 0.06811754580105743
13.27924 0.06783650383797932
13.28045 0.0675554618749012
13.28165 0.06729198503451546
13.28286 0.06702850819412974
13.28407 0.06674746623105163
13.28527 0.0664839893906659
13.28648 0.06622051255028016
13.28769 0.06597460083258683
13.2889 0.06571112399220108
13.2901 0.06544764715181536
13.29131 0.06520173543412201
13.29252 0.06495582371642866
13.29372 0.06470991199873531
13.29493 0.06446400028104197
13.29614 0.06421808856334862
13.29734 0.06398974196834764
13.29855 0.0637438302506543
13.29976 0.06351548365565333
13.30096 0.06328713706065237
13.30217 0.06305879046565141
13.30338 0.06283044387065044
13.30458 0.06260209727564947
13.30579 0.06237375068064851
13.307 0.06216296920833992
13.3082 0.06193462261333896
13.30941 0.06172384114103037
13.31062 0.061513059668721795
13.31182 0.06128471307372082
13.31303 0.061073931601412244
13.31424 0.060863150129103656
13.31545 0.060634803534102694
13.31665 0.060424022061794105
13.31786 0.06021324058948552
13.31907 0.06000245911717694
13.32027 0.059791677644868355
13.32148 0.059580896172559766
13.32269 0.059387679822943566
13.32389 0.05917689835063498
13.3251 0.05898368200101878
13.32631 0.05879046565140258
13.32751 0.05859724930178638
13.32872 0.05840403295217018
13.32993 0.05821081660255398
13.33113 0.05803516537563015
13.33234 0.05784194902601395
13.33355 0.057666297799090126
13.33475 0.057473081449473926
13.33596 0.057297430222550114
13.33717 0.05712177899562629
13.33837 0.05694612776870246
13.33958 0.056788041664471024
13.34079 0.05662995556023959
13.342 0.05647186945600815
13.3432 0.05631378335177671
13.34441 0.05615569724754527
13.34562 0.056015176266006224
13.34682 0.05587465528446716
13.34803 0.055751699425620485
13.34924 0.05562874356677381
13.35044 0.05550578770792715
13.35165 0.05538283184908047
13.35286 0.05527744111292617
13.35406 0.055172050376771885
13.35527 0.0550666596406176
13.35648 0.0549612689044633
13.35768 0.05485587816830901
13.35889 0.054768052554847096
13.3601 0.05468022694138519
13.3613 0.05459240132792328
13.36251 0.054504575714461365
13.36372 0.05441675010099946
13.36492 0.054328924487537546
13.36613 0.05425866399676802
13.36734 0.05418840350599849
13.36855 0.054118143015228964
13.36975 0.054065447647151814
13.37096 0.05399518715638229
13.37217 0.053942491788305146
13.37337 0.053889796420227995
13.37458 0.05381953592945847
13.37579 0.05376684056138132
13.37699 0.053714145193304176
13.3782 0.053679014947919414
13.37941 0.05362631957984227
13.38061 0.05357362421176512
13.38182 0.053520928843687976
13.38303 0.053468233475610825
13.38423 0.05341553810753368
13.38544 0.05336284273945654
13.38665 0.053327712494071776
13.38785 0.053275017125994625
13.38906 0.05323988688060986
13.39027 0.05318719151253272
13.39147 0.05315206126714795
13.39268 0.05311693102176319
13.39389 0.053081800776378425
13.3951 0.05304667053099366
13.3963 0.053011540285608894
13.39751 0.05297641004022413
13.39872 0.05294127979483937
13.39992 0.05292371467214699
13.40113 0.052888584426762225
13.40234 0.05287101930406984
13.40354 0.052853454181377456
13.40475 0.05281832393599269
13.40596 0.05280075881330031
13.40716 0.05278319369060793
13.40837 0.05276562856791555
13.40958 0.05274806344522317
13.41078 0.05274806344522317
13.41199 0.05273049832253079
13.4132 0.0527129331998384
13.4144 0.05269536807714602
13.41561 0.05267780295445364
13.41682 0.05267780295445364
13.41802 0.05267780295445364
13.41923 0.05267780295445364
13.42044 0.05267780295445364
13.42165 0.05267780295445364
13.42285 0.05267780295445364
13.42406 0.05267780295445364
13.42527 0.05267780295445364
13.42647 0.052660237831761256
13.42768 0.052660237831761256
13.42889 0.052642672709068875
13.43009 0.05262510758637649
13.4313 0.05260754246368411
13.43251 0.05258997734099173
13.43371 0.05255484709560696
13.43492 0.0525197168502222
13.43613 0.05248458660483744
13.43733 0.052449456359452674
13.43854 0.052414326114067905
13.43975 0.05237919586868314
13.44095 0.052326500500606
13.44216 0.052273805132528856
13.44337 0.052221109764451705
13.44458 0.05216841439637456
13.44578 0.05209815390560503
13.44699 0.052010328292143124
13.4482 0.05194006780137359
13.4494 0.051834677065219305
13.45061 0.05172928632906501
13.45182 0.05162389559291072
13.45302 0.05150093973406404
13.45423 0.05137798387521737
13.45544 0.0512550280163707
13.45664 0.05111450703483164
13.45785 0.050973986053292585
13.45906 0.05081589994906115
13.46026 0.05065781384482971
13.46147 0.05049972774059827
13.46268 0.050341641636366834
13.46388 0.05016599040944301
13.46509 0.04999033918251919
13.4663 0.04981468795559537
13.4675 0.04963903672867155
13.46871 0.04944582037905535
13.46992 0.049252604029439144
13.47113 0.04904182255713056
13.47233 0.048831041084821974
13.47354 0.04862025961251339
13.47475 0.04840947814020481
13.47595 0.04818113154520384
13.47716 0.04795278495020288
13.47837 0.04772443835520191
13.47957 0.04749609176020095
13.48078 0.04726774516519998
13.48199 0.047039398570199016
13.48319 0.04681105197519805
13.4844 0.04658270538019708
13.48561 0.046371923907888496
13.48681 0.04614357731288753
13.48802 0.045915230717886564
13.48923 0.045686884122885595
13.49043 0.04545853752788463
13.49164 0.04521262581019128
13.49285 0.04498427921519032
13.49405 0.04475593262018935
13.49526 0.04452758602518839
13.49647 0.044281674307495036
13.49768 0.044053327712494074
13.49888 0.043824981117493104
13.50009 0.043596634522492135
13.5013 0.04335072280479879
13.5025 0.04312237620979782
13.50371 0.04289402961479686
13.50492 0.04266568301979589
13.50612 0.04243733642479493
13.50733 0.04220898982979396
13.50854 0.041980643234792996
13.50974 0.041752296639792026
13.51095 0.04150638492209868
13.51216 0.04127803832709771
13.51336 0.04104969173209675
13.51457 0.04082134513709578
13.51578 0.04059299854209482
13.51698 0.04036465194709385
13.51819 0.04013630535209289
13.5194 0.03990795875709192
13.5206 0.039679612162090955
13.52181 0.039433700444397604
13.52302 0.03920535384939664
13.52423 0.03897700725439567
13.52543 0.03873109553670233
13.52664 0.03850274894170136
13.52785 0.038256837224008015
13.52905 0.038028490629007046
13.53026 0.0377825789113137
13.53147 0.03755423231631273
13.53267 0.03732588572131177
13.53388 0.0370975391263108
13.53509 0.03688675765400222
13.53629 0.03667597618169363
13.5375 0.03646519470938505
13.53871 0.03625441323707646
13.53991 0.03604363176476788
13.54112 0.0358328502924593
13.54233 0.03563963394284309
13.54353 0.03542885247053451
13.54474 0.03523563612091831
13.54595 0.035042419771302104
13.54715 0.034849203421685904
13.54836 0.034673552194762085
13.54957 0.034497900967838266
13.55078 0.03432224974091444
13.55198 0.03414659851399062
13.55319 0.03398851240975918
13.5544 0.033830426305527746
13.5556 0.03368990532398869
13.55681 0.03354938434244963
13.55802 0.033408863360910576
13.55922 0.03328590750206391
13.56043 0.03316295164321723
13.56164 0.03305756090706294
13.56284 0.032952170170908644
13.56405 0.03284677943475436
13.56526 0.03274138869860006
13.56646 0.03265356308513815
13.56767 0.032565737471676244
13.56888 0.03247791185821433
13.57008 0.032390086244752425
13.57129 0.03231982575398289
13.5725 0.03224956526321337
13.5737 0.03217930477244384
13.57491 0.03210904428167431
13.57612 0.03205634891359716
13.57733 0.03200365354552002
13.57853 0.031950958177442874
13.57974 0.031915827932058105
13.58095 0.03186313256398096
13.58215 0.0318280023185962
13.58336 0.03179287207321144
13.58457 0.03177530695051905
13.58577 0.031740176705134286
13.58698 0.031722611582441905
13.58819 0.031705046459749524
13.58939 0.03168748133705714
13.5906 0.03166991621436476
13.59181 0.03165235109167238
13.59301 0.03163478596898
13.59422 0.03163478596898
13.59543 0.03163478596898
13.59663 0.03161722084628761
13.59784 0.03161722084628761
13.59905 0.03163478596898
13.60025 0.03163478596898
13.60146 0.03163478596898
13.60267 0.03165235109167238
13.60388 0.03166991621436476
13.60508 0.03168748133705714
13.60629 0.031722611582441905
13.6075 0.03175774182782667
13.6087 0.03179287207321144
13.60991 0.0318280023185962
13.61112 0.03186313256398096
13.61232 0.031915827932058105
13.61353 0.031968523300135256
13.61474 0.0320212186682124
13.61594 0.03207391403628954
13.61715 0.032144174527059075
13.61836 0.0322144350178286
13.61956 0.03228469550859813
13.62077 0.032354955999367656
13.62198 0.03242521649013719
13.62318 0.032513042103599094
13.62439 0.032600867717061006
13.6256 0.03268869333052292
13.6268 0.032776518943984825
13.62801 0.03288190968013912
13.62922 0.032987300416293414
13.63043 0.0330926911524477
13.63163 0.033198081888601995
13.63284 0.03332103774744867
13.63405 0.033443993606295346
13.63525 0.033566949465142014
13.63646 0.03368990532398869
13.63767 0.033812861182835365
13.63887 0.03395338216437442
13.64008 0.03409390314591348
13.64129 0.03421685900476015
13.64249 0.03435737998629921
13.6437 0.034497900967838266
13.64491 0.034620856826684934
13.64611 0.03476137780822399
13.64732 0.03490189878976305
13.64853 0.035042419771302104
13.64973 0.03518294075284116
13.65094 0.0353410268570726
13.65215 0.035481547838611655
13.65336 0.03563963394284309
13.65456 0.03578015492438215
13.65577 0.035938241028613586
13.65698 0.036096327132845024
13.65818 0.03623684811438408
13.65939 0.03639493421861552
13.6606 0.036553020322846956
13.6618 0.036711106427078394
13.66301 0.03686919253130984
13.66422 0.037027278635541276
13.66542 0.03716779961708033
13.66663 0.03732588572131177
13.66784 0.03748397182554321
13.66904 0.037642057929774646
13.67025 0.037800144034006083
13.67146 0.03795823013823752
13.67266 0.03811631624246896
13.67387 0.03829196746939278
13.67508 0.038450053573624215
13.67628 0.038625704800548034
13.67749 0.03880135602747185
13.6787 0.03897700725439567
13.67991 0.0391526584813195
13.68111 0.0393458748309357
13.68232 0.03952152605785952
13.68353 0.03971474240747572
13.68473 0.03990795875709192
13.68594 0.040101175106708124
13.68715 0.040311956579016706
13.68835 0.040505172928632906
13.68956 0.04071595440094149
13.69077 0.040909170750557694
13.69197 0.041119952222866275
13.69318 0.04133073369517486
13.69439 0.041541515167483445
13.69559 0.04176986176248441
13.6968 0.041980643234792996
13.69801 0.04220898982979396
13.69921 0.042419771302102546
13.70042 0.04264811789710351
13.70163 0.04287646449210448
13.70283 0.04312237620979782
13.70404 0.04336828792749117
13.70525 0.043596634522492135
13.70646 0.043842546240185486
13.70766 0.044088457957878836
13.70887 0.04433436967557218
13.71008 0.04458028139326553
13.71128 0.04482619311095888
13.71249 0.045072104828652225
13.7137 0.045300451423653194
13.7149 0.045546363141346545
13.71611 0.04577470973634751
13.71732 0.04600305633134848
13.71852 0.04623140292634944
13.71973 0.04647731464404279
13.72094 0.04670566123904375
13.72214 0.04693400783404472
13.72335 0.047162354429045684
13.72456 0.047390701024046654
13.72576 0.047619047619047616
13.72697 0.047829829091356205
13.72818 0.04805817568635717
13.72938 0.048268957158665755
13.73059 0.04847973863097434
13.7318 0.048690520103282925
13.73301 0.048883736452899125
13.73421 0.049094517925207706
13.73542 0.049270169152131525
13.73663 0.04946338550174773
13.73783 0.04963903672867155
13.73904 0.04983225307828775
13.74025 0.05000790430521157
13.74145 0.050183555532135396
13.74266 0.050341641636366834
13.74387 0.05051729286329065
13.74507 0.05067537896752209
13.74628 0.05083346507175353
13.74749 0.050973986053292585
13.74869 0.05113207215752402
13.7499 0.05127259313906308
13.75111 0.051395548997909754
13.75231 0.05153606997944881
13.75352 0.05165902583829548
13.75473 0.05176441657444977
13.75593 0.05188737243329645
13.75714 0.05199276316945074
13.75835 0.05209815390560503
13.75956 0.052203544641759324
13.76076 0.05229137025522124
13.76197 0.052396760991375524
13.76318 0.052467021482145056
13.76438 0.05255484709560696
13.76559 0.05262510758637649
13.7668 0.05269536807714602
13.768 0.05276562856791555
13.76921 0.05281832393599269
13.77042 0.05287101930406984
13.77162 0.052906149549454606
13.77283 0.05295884491753175
13.77404 0.05297641004022413
13.77524 0.053011540285608894
13.77645 0.05302910540830128
13.77766 0.05304667053099366
13.77886 0.053064235653686044
13.78007 0.053064235653686044
13.78128 0.053064235653686044
13.78248 0.053064235653686044
13.78369 0.05304667053099366
13.7849 0.05302910540830128
13.78611 0.053011540285608894
13.78731 0.05297641004022413
13.78852 0.05295884491753175
13.78973 0.05292371467214699
13.79093 0.05287101930406984
13.79214 0.05281832393599269
13.79335 0.05276562856791555
13.79455 0.0527129331998384
13.79576 0.052642672709068875
13.79697 0.05257241221829934
13.79817 0.05248458660483744
13.79938 0.052414326114067905
13.80059 0.052326500500606
13.80179 0.052238674887144086
13.803 0.0521332841509898
13.80421 0.052045458537527886
13.80541 0.05194006780137359
13.80662 0.051834677065219305
13.80783 0.05172928632906501
13.80903 0.051606330470218335
13.81024 0.05150093973406404
13.81145 0.05137798387521737
13.81266 0.0512550280163707
13.81386 0.05113207215752402
13.81507 0.050991551175984966
13.81628 0.05085103019444591
13.81748 0.05071050921290685
13.81869 0.050569988231367796
13.8199 0.05042946724982874
13.8211 0.0502713811455973
13.82231 0.050113295041365864
13.82352 0.04995520893713443
13.82472 0.04979712283290299
13.82593 0.04962147160597917
13.82714 0.04946338550174773
13.82834 0.049270169152131525
13.82955 0.049094517925207706
13.83076 0.04891886669828389
13.83196 0.04872565034866769
13.83317 0.04853243399905148
13.83438 0.04833921764943528
13.83558 0.0481284361771267
13.83679 0.04793521982751049
13.838 0.04772443835520191
13.83921 0.04751365688289333
13.84041 0.04730287541058474
13.84162 0.04707452881558378
13.84283 0.04686374734327519
13.84403 0.04663540074827423
13.84524 0.04640705415327326
13.84645 0.046178707558272296
13.84765 0.045950360963271326
13.84886 0.045722014368270364
13.85007 0.04547610265057701
13.85127 0.04523019093288366
13.85248 0.04498427921519032
13.85369 0.04473836749749697
13.85489 0.044474890657111237
13.8561 0.04422897893941789
13.85731 0.04396550209903216
13.85851 0.04371959038133881
13.85972 0.043456113540953085
13.86093 0.043192636700567354
13.86214 0.04292915986018162
13.86334 0.04266568301979589
13.86455 0.042402206179410165
13.86576 0.04213872933902443
13.86696 0.04185768737594632
13.86817 0.04159421053556059
13.86938 0.041313168572482475
13.87058 0.04103212660940436
13.87179 0.040751084646326256
13.873 0.04047004268324814
13.8742 0.04020656584286241
13.87541 0.03990795875709192
13.87662 0.03962691679401381
13.87782 0.0393458748309357
13.87903 0.039064832867857585
13.88024 0.03878379090477947
13.88144 0.03852031406439374
13.88265 0.038239272101315634
13.88386 0.03795823013823752
13.88506 0.03767718817515941
13.88627 0.037396146212081295
13.88748 0.03711510424900318
13.88869 0.03683406228592507
13.88989 0.036553020322846956
13.8911 0.03627197835976885
13.89231 0.03599093639669074
13.89351 0.035709894433612624
13.89472 0.03542885247053451
13.89593 0.0351478105074564
13.89713 0.034884333667070666
13.89834 0.03460329170399255
13.89955 0.03432224974091444
13.90075 0.034058772900528715
13.90196 0.0337777309374506
13.90317 0.03351425409706487
13.90437 0.03325077725667914
13.90558 0.032969735293601025
13.90679 0.0327062584532153
13.90799 0.03244278161282957
13.9092 0.03217930477244384
13.91041 0.031915827932058105
13.91161 0.03165235109167238
13.91282 0.03138887425128665
13.91403 0.031125397410900917
13.91524 0.030861920570515185
13.91644 0.03059844373012946
13.91765 0.030334966889743728
13.91886 0.030071490049357996
13.92006 0.029808013208972264
13.92127 0.02954453636858654
13.92248 0.02929862465089319
13.92368 0.029035147810507457
13.92489 0.028771670970121725
13.9261 0.028508194129736
13.9273 0.02826228241204265
13.92851 0.027998805571656918
13.92972 0.027735328731271186
13.93092 0.027489417013577842
13.93213 0.02722594017319211
13.93334 0.026980028455498763
13.93454 0.02671655161511303
13.93575 0.026470639897419684
13.93696 0.026207163057033953
13.93816 0.025961251339340605
13.93937 0.025715339621647258
13.94058 0.02546942790395391
13.94179 0.02520595106356818
13.94299 0.024960039345874832
13.9442 0.02471412762818148
13.94541 0.024468215910488134
13.94661 0.024222304192794787
13.94782 0.02397639247510144
13.94903 0.02373048075740809
13.95023 0.023484569039714742
13.95144 0.023238657322021395
13.95265 0.02301031072702043
13.95385 0.02276439900932708
13.95506 0.022536052414326112
13.95627 0.022290140696632765
13.95747 0.0220617941016318
13.95868 0.021833447506630833
13.95989 0.021587535788937486
13.96109 0.02135918919393652
13.9623 0.021130842598935554
13.96351 0.02090249600393459
13.96471 0.020691714531626004
13.96592 0.020463367936625038
13.96713 0.02023502134162407
13.96834 0.020024239869315487
13.96954 0.01979589327431452
13.97075 0.01958511180200594
13.97196 0.019356765207004974
13.97316 0.01914598373469639
13.97437 0.018935202262387804
13.97558 0.018706855667386838
13.97678 0.018496074195078253
13.97799 0.018285292722769672
13.9792 0.018074511250461087
13.9804 0.017881294900844884
13.98161 0.0176705134285363
13.98282 0.017459731956227714
13.98402 0.017266515606611514
13.98523 0.01705573413430293
13.98644 0.016862517784686726
13.98764 0.016651736312378145
13.98885 0.01645851996276194
13.99006 0.016265303613145737
13.99126 0.016054522140837156
13.99247 0.015861305791220952
13.99368 0.015668089441604752
13.99489 0.015474873091988549
13.99609 0.015281656742372345
13.9973 0.015106005515448526
13.99851 0.014912789165832323
13.99971 0.014719572816216123
14.00092 0.0145439215892923
14.00213 0.0143507052396761
14.00333 0.014175054012752281
14.00454 0.013981837663136078
14.00575 0.013806186436212259
14.00695 0.013630535209288438
14.00816 0.013437318859672235
14.00937 0.013261667632748416
14.01057 0.013086016405824595
14.01178 0.012910365178900774
14.01299 0.012734713951976956
14.01419 0.012559062725053135
14.0154 0.012400976620821697
14.01661 0.012225325393897877
14.01781 0.012049674166974056
14.01902 0.011891588062742618
14.02023 0.011715936835818798
14.02144 0.01155785073158736
14.02264 0.01138219950466354
14.02385 0.011224113400432102
14.02506 0.011066027296200664
14.02626 0.010890376069276843
14.02747 0.010732289965045405
14.02868 0.010574203860813968
14.02988 0.01041611775658253
14.03109 0.01024046652965871
14.0323 0.010082380425427272
14.0335 0.009924294321195834
14.03471 0.009766208216964396
14.03592 0.009608122112732959
14.03712 0.009450036008501521
14.03833 0.009291949904270083
14.03954 0.009133863800038644
14.04074 0.008975777695807206
14.04195 0.008817691591575768
14.04316 0.00865960548734433
14.04436 0.008501519383112891
14.04557 0.008343433278881453
14.04678 0.008202912297342397
14.04799 0.00804482619311096
14.04919 0.007886740088879522
14.0504 0.007746219107340465
14.05161 0.0076056981258014085
14.05281 0.007447612021569971
14.05402 0.007307091040030914
14.05523 0.007149004935799477
14.05643 0.00700848395426042
14.05764 0.006867962972721365
14.05885 0.006727441991182309
14.06005 0.006586921009643252
14.06126 0.006446400028104197
14.06247 0.00630587904656514
14.06367 0.0061653580650260845
14.06488 0.006024837083487028
14.06609 0.005901881224640354
14.06729 0.005761360243101298
14.0685 0.005638404384254624
14.06971 0.00551544852540795
14.07092 0.005392492666561275
14.07212 0.005269536807714602
14.07333 0.005146580948867927
14.07454 0.005023625090021254
14.07574 0.004918234353866962
14.07695 0.004795278495020288
14.07816 0.004689887758865996
14.07936 0.004566931900019322
14.08057 0.00446154116386503
14.08178 0.004356150427710738
14.08298 0.004250759691556446
14.08419 0.004145368955402154
14.0854 0.004039978219247862
14.0866 0.003934587483093569
14.08781 0.00384676186963166
14.08902 0.0037413711334773675
14.09022 0.003635980397323075
14.09143 0.0035481547838611656
14.09264 0.0034603291703992553
14.09384 0.0033549384342449634
14.09505 0.0032671128207830535
14.09626 0.003179287207321143
14.09747 0.0030914615938592333
14.09867 0.003003635980397323
14.09988 0.002915810366935413
14.10109 0.002827984753473503
14.10229 0.002757724262703975
14.1035 0.002669898649242065
14.10471 0.0025820730357801547
14.10591 0.002511812545010627
14.10712 0.002423986931548717
14.10833 0.002353726440779189
14.10953 0.002283465950009661
14.11074 0.002195640336547751
14.11195 0.002125379845778223
14.11315 0.002055119355008695
14.11436 0.0019848588642391667
14.11557 0.0019145983734696389
14.11677 0.0018443378827001106
14.11798 0.0017740773919305828
14.11919 0.0017038169011610548
14.12039 0.0016335564103915267
14.1216 0.0015632959196219985
14.12281 0.0014930354288524704
14.12402 0.0014403400607753245
14.12522 0.0013700795700057964
14.12643 0.0012998190792362684
14.12764 0.0012471237111591224
14.12884 0.0011768632203895946
14.13005 0.0011241678523124486
14.13126 0.0010539073615429204
14.13246 0.0010012119934657744
14.13367 0.0009485166253886284
14.13488 0.0008782561346191004
14.13608 0.0008255607665419543
14.13729 0.0007728653984648083
14.1385 0.0007201700303876622
14.1397 0.0006499095396181342
14.14091 0.0005972141715409883
14.14212 0.0005445188034638422
14.14332 0.0005093885580790782
14.14453 0.00045669319000193214
14.14574 0.00040399782192478617
14.14694 0.00035130245384764014
14.14815 0.00029860708577049416
14.14936 0.0002634768403857301
14.15057 0.0002107814723085841
14.15177 0.00017565122692382007
14.15298 0.00012295585884667404
14.15419 8.782561346191003e-05
14.15539 3.513024538476402e-05
14.1566 0.0
14.15781 -5.269536807714602e-05
14.15901 -0.00012295585884667404
14.16022 -0.00017565122692382007
14.16143 -0.00022834659500096607
14.16263 -0.00028104196307811215
14.16384 -0.00033373733115525813
14.16505 -0.00038643269923240416
14.16625 -0.0004391280673095502
14.16746 -0.0004918234353866962
14.16867 -0.0005445188034638422
14.16987 -0.0005796490488486063
14.17108 -0.0006323444169257522
14.17229 -0.0006850397850028982
14.17349 -0.0007201700303876622
14.1747 -0.0007728653984648083
14.17591 -0.0008079956438495723
14.17712 -0.0008431258892343364
14.17832 -0.0008958212573114824
14.17953 -0.0009309515026962463
14.18074 -0.0009660817480810105
14.18194 -0.0010012119934657744
14.18315 -0.0010363422388505385
14.18436 -0.0010714724842353024
14.18556 -0.0011066027296200666
14.18677 -0.0011417329750048305
14.18798 -0.0011768632203895946
14.18918 -0.0012119934657743585
14.19039 -0.0012471237111591224
14.1916 -0.0012646888338515045
14.1928 -0.0012998190792362684
14.19401 -0.0013349493246210325
14.19522 -0.0013525144473134144
14.19642 -0.0013876446926981785
14.19763 -0.0014227749380829424
14.19884 -0.0014403400607753245
14.20004 -0.0014579051834677065
14.20125 -0.0014930354288524704
14.20246 -0.0015106005515448525
14.20367 -0.0015281656742372346
14.20487 -0.0015457307969296166
14.20608 -0.0015632959196219985
14.20729 -0.0015984261650067626
14.20849 -0.0016159912876991447
14.2097 -0.0016335564103915267
14.21091 -0.0016511215330839086
14.21211 -0.0016686866557762906
14.21332 -0.0016686866557762906
14.21453 -0.0016862517784686727
14.21573 -0.0017038169011610548
14.21694 -0.0017213820238534366
14.21815 -0.0017213820238534366
14.21935 -0.0017389471465458187
14.22056 -0.0017389471465458187
14.22177 -0.0017389471465458187
14.22297 -0.0017389471465458187
14.22418 -0.0017389471465458187
14.22539 -0.0017389471465458187
14.22659 -0.0017389471465458187
14.2278 -0.0017389471465458187
14.22901 -0.0017213820238534366
14.23022 -0.0017213820238534366
14.23142 -0.0017038169011610548
14.23263 -0.0016862517784686727
14.23384 -0.0016862517784686727
14.23504 -0.0016686866557762906
14.23625 -0.0016511215330839086
14.23746 -0.0016159912876991447
14.23866 -0.0015984261650067626
14.23987 -0.0015808610423143805
14.24108 -0.0015457307969296166
14.24228 -0.0015281656742372346
14.24349 -0.0014930354288524704
14.2447 -0.0014579051834677065
14.2459 -0.0014227749380829424
14.24711 -0.0013876446926981785
14.24832 -0.0013525144473134144
14.24952 -0.0012998190792362684
14.25073 -0.0012646888338515045
14.25194 -0.0012119934657743585
14.25314 -0.0011592980976972125
14.25435 -0.0011066027296200666
14.25556 -0.0010539073615429204
14.25677 -0.0010012119934657744
14.25797 -0.0009485166253886284
14.25918 -0.0008958212573114824
14.26039 -0.0008431258892343364
14.26159 -0.0007728653984648083
14.2628 -0.0007201700303876622
14.26401 -0.0006499095396181342
14.26521 -0.0005972141715409883
14.26642 -0.0005269536807714602
14.26763 -0.00045669319000193214
14.26883 -0.00038643269923240416
14.27004 -0.0003161722084628761
14.27125 -0.0002459117176933481
14.27245 -0.00017565122692382007
14.27366 -0.00010539073615429204
14.27487 -1.756512269238201e-05
14.27607 5.269536807714602e-05
14.27728 0.00014052098153905608
14.27849 0.0002107814723085841
14.2797 0.00029860708577049416
14.2809 0.00036886757654002215
14.28211 0.00045669319000193214
14.28332 0.0005445188034638422
14.28452 0.0006323444169257522
14.28573 0.0007201700303876622
14.28694 0.0008079956438495723
14.28814 0.0008958212573114824
14.28935 0.0009836468707733923
14.29056 0.0010714724842353024
14.29176 0.0011592980976972125
14.29297 0.0012471237111591224
14.29418 0.0013525144473134144
14.29538 0.0014403400607753245
14.29659 0.0015457307969296166
14.2978 0.0016335564103915267
14.299 0.0017389471465458187
14.30021 0.0018267727600077286
14.30142 0.001932163496162021
14.30262 0.002037554232316313
14.30383 0.002125379845778223
14.30504 0.002230770581932515
14.30625 0.002336161318086807
14.30745 0.002441552054241099
14.30866 0.002546942790395391
14.30987 0.002652333526549683
14.31107 0.002757724262703975
14.31228 0.002863114998858267
14.31349 0.0029685057350125593
14.31469 0.003073896471166851
14.3159 0.003179287207321143
14.31711 0.003284677943475435
14.31831 0.0034076338023221095
14.31952 0.0035130245384764015
14.32073 0.003618415274630694
14.32193 0.0037413711334773675
14.32314 0.00384676186963166
14.32435 0.003969717728478333
14.32555 0.004075108464632626
14.32676 0.0041980643234793
14.32797 0.004303455059633592
14.32917 0.004426410918480266
14.33038 0.004531801654634558
14.33159 0.004654757513481232
14.3328 0.004777713372327907
14.334 0.004883104108482198
14.33521 0.005006059967328872
14.33642 0.005129015826175545
14.33762 0.00525197168502222
14.33883 0.005374927543868893
14.34004 0.005497883402715568
14.34124 0.005638404384254624
14.34245 0.005761360243101298
14.34366 0.005884316101947972
14.34486 0.006007271960794646
14.34607 0.006147792942333702
14.34728 0.006270748801180376
14.34848 0.0064112697827194325
14.34969 0.006534225641566107
14.3509 0.006674746623105163
14.3521 0.006815267604644219
14.35331 0.0069382234634908935
14.35452 0.007078744445029948
14.35572 0.007219265426569005
14.35693 0.007359786408108061
14.35814 0.007517872512339499
14.35935 0.0076583934938785556
14.36055 0.007798914475417612
14.36176 0.00795700057964905
14.36297 0.008115086683880487
14.36417 0.008273172788111925
14.36538 0.008413693769650982
14.36659 0.00857177987388242
14.36779 0.00874743110080624
14.369 0.008905517205037678
14.37021 0.009063603309269115
14.37141 0.009239254536192936
14.37262 0.009397340640424374
14.37383 0.009572991867348194
14.37503 0.009748643094272013
14.37624 0.009906729198503453
14.37745 0.010099945548119653
14.37865 0.010275596775043474
14.37986 0.010451248001967294
14.38107 0.010626899228891113
14.38227 0.010820115578507315
14.38348 0.011013331928123518
14.38469 0.01120654827773972
14.3859 0.011399764627355922
14.3871 0.011592980976972124
14.38831 0.011786197326588326
14.38952 0.01199697879889691
14.39072 0.012190195148513112
14.39193 0.012400976620821697
14.39314 0.01261175809313028
14.39434 0.012822539565438865
14.39555 0.01303332103774745
14.39676 0.013244102510056033
14.39796 0.013454883982364618
14.39917 0.0136656654546732
14.40038 0.013876446926981787
14.40158 0.014087228399290368
14.40279 0.014315574994291334
14.404 0.014526356466599919
14.4052 0.014754703061600885
14.40641 0.01496548453390947
14.40762 0.015193831128910436
14.40882 0.015422177723911402
14.41003 0.015650524318912368
14.41124 0.015878870913913334
14.41245 0.0161072175089143
14.41365 0.016335564103915266
14.41486 0.016581475821608616
14.41607 0.016809822416609582
14.41727 0.017038169011610548
14.41848 0.017266515606611514
14.41969 0.01749486220161248
14.42089 0.017723208796613446
14.4221 0.017951555391614412
14.42331 0.018179901986615378
14.42451 0.018408248581616344
14.42572 0.01863659517661731
14.42693 0.018864941771618276
14.42813 0.019110853489311627
14.42934 0.01933920008431259
14.43055 0.019567546679313555
14.43175 0.01979589327431452
14.43296 0.020024239869315487
14.43417 0.020252586464316453
14.43537 0.02048093305931742
14.43658 0.020709279654318385
14.43779 0.02093762624931935
14.439 0.021165972844320317
14.4402 0.021394319439321283
14.44141 0.02162266603432225
14.44262 0.021833447506630833
14.44382 0.0220617941016318
14.44503 0.022290140696632765
14.44624 0.02251848729163373
14.44744 0.022729268763942316
14.44865 0.022957615358943282
14.44986 0.023168396831251867
14.45106 0.023396743426252833
14.45227 0.0236250900212538
14.45348 0.023835871493562383
14.45468 0.02406421808856335
14.45589 0.024274999560871934
14.4571 0.0245033461558729
14.4583 0.02471412762818148
14.45951 0.024924909100490066
14.46072 0.025153255695491032
14.46192 0.025364037167799617
14.46313 0.025592383762800583
14.46434 0.025803165235109168
14.46555 0.026013946707417752
14.46675 0.02624229330241872
14.46796 0.026453074774727303
14.46917 0.026663856247035888
14.47037 0.026892202842036854
14.47158 0.027102984314345435
14.47279 0.02731376578665402
14.47399 0.027542112381654986
14.4752 0.027752893853963574
14.47641 0.027963675326272155
14.47761 0.028174456798580737
14.47882 0.028385238270889325
14.48003 0.028578454620505525
14.48123 0.028789236092814106
14.48244 0.029000017565122695
14.48365 0.029193233914738895
14.48485 0.029386450264355095
14.48606 0.029597231736663683
14.48727 0.029790448086279883
14.48848 0.03000122955858847
14.48968 0.03019444590820467
14.49089 0.03038766225782087
14.4921 0.03058087860743707
14.4933 0.03077409495705328
14.49451 0.03096731130666948
14.49572 0.031142962533593298
14.49692 0.031336178883209505
14.49813 0.031511830110133324
14.49934 0.03168748133705714
14.50054 0.03186313256398096
14.50175 0.03203878379090478
14.50296 0.03219686989513622
14.50416 0.032354955999367656
14.50537 0.032513042103599094
14.50658 0.03265356308513815
14.50778 0.03281164918936959
14.50899 0.032952170170908644
14.5102 0.0330926911524477
14.5114 0.03323321213398676
14.51261 0.033373733115525814
14.51382 0.03349668897437249
14.51503 0.033637209955911546
14.51623 0.03376016581475822
14.51744 0.033883121673604896
14.51865 0.034006077532451565
14.51985 0.03411146826860586
14.52106 0.03421685900476015
14.52227 0.03433981486360683
14.52347 0.034427640477068734
14.52468 0.03453303121322303
14.52589 0.034620856826684934
14.52709 0.03472624756283923
14.5283 0.03481407317630114
14.52951 0.034884333667070666
14.53071 0.03497215928053258
14.53192 0.035042419771302104
14.53313 0.035112680262071636
14.53433 0.03518294075284116
14.53554 0.03525320124361069
14.53675 0.03532346173438022
14.53795 0.03537615710245737
14.53916 0.03542885247053451
14.54037 0.035481547838611655
14.54158 0.035534243206688805
14.54278 0.03558693857476595
14.54399 0.03563963394284309
14.5452 0.03569232931092024
14.5464 0.035727459556305005
14.54761 0.03578015492438215
14.54882 0.03581528516976691
14.55002 0.03585041541515168
14.55123 0.03588554566053644
14.55244 0.035920675905921205
14.55364 0.035938241028613586
14.55485 0.035973371273998356
14.55606 0.03599093639669074
14.55726 0.03600850151938312
14.55847 0.0360260666420755
14.55968 0.03604363176476788
14.56088 0.03604363176476788
14.56209 0.03606119688746026
14.5633 0.03606119688746026
14.5645 0.03606119688746026
14.56571 0.03606119688746026
14.56692 0.03604363176476788
14.56813 0.03604363176476788
14.56933 0.0360260666420755
14.57054 0.03600850151938312
14.57175 0.03599093639669074
14.57295 0.035973371273998356
14.57416 0.03595580615130597
14.57537 0.035920675905921205
14.57657 0.03588554566053644
14.57778 0.03586798053784406
14.57899 0.0358328502924593
14.58019 0.03578015492438215
14.5814 0.035745024678997386
14.58261 0.035709894433612624
14.58381 0.03565719906553547
14.58502 0.03562206882015071
14.58623 0.03556937345207357
14.58743 0.03551667808399642
14.58864 0.03546398271591927
14.58985 0.03539372222514975
14.59105 0.0353410268570726
14.59226 0.03527076636630307
14.59347 0.03520050587553354
14.59468 0.03513024538476402
14.59588 0.035059984893994485
14.59709 0.03498972440322496
14.5983 0.03491946391245543
14.5995 0.034849203421685904
14.60071 0.03477894293091638
14.60192 0.03470868244014685
14.60312 0.034620856826684934
14.60433 0.03455059633591541
14.60554 0.034480335845145885
14.60674 0.03441007535437635
14.60795 0.03433981486360683
14.60916 0.034269554372837296
14.61036 0.03418172875937539
14.61157 0.03411146826860586
14.61278 0.034041207777836334
14.61398 0.03395338216437442
14.61519 0.033883121673604896
14.6164 0.03379529606014298
14.6176 0.03372503556937345
14.61881 0.033637209955911546
14.62002 0.033566949465142014
14.62123 0.03347912385168011
14.62243 0.033408863360910576
14.62364 0.03333860287014105
14.62485 0.03325077725667914
14.62605 0.033180516765909614
14.62726 0.03311025627514008
14.62847 0.03303999578437056
14.62967 0.032952170170908644
14.63088 0.03288190968013912
14.63209 0.03281164918936959
14.63329 0.03274138869860006
14.6345 0.03267112820783053
14.63571 0.032583302594368625
14.63691 0.032513042103599094
14.63812 0.03244278161282957
14.63933 0.03237252112206004
14.64053 0.03230226063129051
14.64174 0.0322144350178286
14.64295 0.032144174527059075
14.64415 0.03207391403628954
14.64536 0.03200365354552002
14.64657 0.03193339305475049
14.64778 0.03184556744128858
14.64898 0.03177530695051905
14.65019 0.031705046459749524
14.6514 0.03161722084628761
14.6526 0.031546960355518086
14.65381 0.031476699864748554
14.65502 0.03138887425128665
14.65622 0.03131861376051712
14.65743 0.031248353269747592
14.65864 0.03116052765628568
14.65984 0.031090267165516154
14.66105 0.031020006674746622
14.66226 0.030949746183977098
14.66346 0.030861920570515185
14.66467 0.03079166007974566
14.66588 0.030721399588976128
14.66708 0.030651139098206603
14.66829 0.03058087860743707
14.6695 0.030510618116667547
14.6707 0.030440357625898022
14.67191 0.03035253201243611
14.67312 0.030282271521666577
14.67433 0.030212011030897053
14.67553 0.030141750540127528
14.67674 0.030071490049357996
14.67795 0.03000122955858847
14.67915 0.02993096906781894
14.68036 0.029860708577049415
14.68157 0.029790448086279883
14.68277 0.02973775271820274
14.68398 0.029667492227433208
14.68519 0.029597231736663683
14.68639 0.02954453636858654
14.6876 0.02949184100050939
14.68881 0.029421580509739864
14.69001 0.029368885141662714
14.69122 0.02931618977358557
14.69243 0.029263494405508426
14.69363 0.029210799037431276
14.69484 0.029175668792046514
14.69605 0.02912297342396937
14.69725 0.02907027805589222
14.69846 0.029035147810507457
14.69967 0.028982452442430313
14.70088 0.02894732219704555
14.70208 0.0288946268289684
14.70329 0.028859496583583638
14.7045 0.028824366338198876
14.7057 0.028789236092814106
14.70691 0.028754105847429344
14.70812 0.02871897560204458
14.70932 0.02868384535665982
14.71053 0.028648715111275057
14.71174 0.02863114998858267
14.71294 0.028596019743197906
14.71415 0.028578454620505525
14.71536 0.028543324375120763
14.71656 0.02852575925242838
14.71777 0.028508194129736
14.71898 0.028490629007043612
14.72018 0.02847306388435123
14.72139 0.02845549876165885
14.7226 0.028420368516274087
14.72381 0.028402803393581706
14.72501 0.028385238270889325
14.72622 0.028367673148196944
14.72743 0.028350108025504563
14.72863 0.028332542902812174
14.72984 0.028314977780119793
14.73105 0.028297412657427412
14.73225 0.02827984753473503
14.73346 0.02824471728935027
14.73467 0.028227152166657887
14.73587 0.028209587043965506
14.73708 0.028192021921273118
14.73829 0.028174456798580737
14.73949 0.028156891675888356
14.7407 0.028139326553195974
14.74191 0.028121761430503593
14.74311 0.028104196307811212
14.74432 0.02808663118511883
14.74553 0.02806906606242645
14.74673 0.02803393581704168
14.74794 0.0280163706943493
14.74915 0.027981240448964537
14.75036 0.027963675326272155
14.75156 0.027928545080887393
14.75277 0.027893414835502624
14.75398 0.02785828459011786
14.75518 0.02784071946742548
14.75639 0.027805589222040718
14.7576 0.027770458976655955
14.7588 0.027735328731271186
14.76001 0.027700198485886424
14.76122 0.02766506824050166
14.76242 0.027612372872424518
14.76363 0.02757724262703975
14.76484 0.027542112381654986
14.76604 0.027489417013577842
14.76725 0.027436721645500695
14.76846 0.02740159140011593
14.76966 0.027348896032038786
14.77087 0.027278635541269258
14.77208 0.02722594017319211
14.77328 0.027173244805114963
14.77449 0.027102984314345435
14.7757 0.02705028894626829
14.77691 0.026980028455498763
14.77811 0.026909767964729235
14.77932 0.026839507473959707
14.78053 0.02676924698319018
14.78173 0.02669898649242065
14.78294 0.026628726001651122
14.78415 0.026558465510881594
14.78535 0.026470639897419684
14.78656 0.026400379406650156
14.78777 0.026312553793188247
14.78897 0.026224728179726337
14.79018 0.026136902566264428
14.79139 0.026049076952802515
14.79259 0.025943686216648224
14.7938 0.025855860603186315
14.79501 0.02575046986703202
14.79621 0.02564507913087773
14.79742 0.02553968839472344
14.79863 0.025434297658569145
14.79983 0.025328906922414855
14.80104 0.02520595106356818
14.80225 0.02510056032741389
14.80346 0.024977604468567213
14.80466 0.024854648609720538
14.80587 0.024731692750873866
14.80708 0.02460873689202719
14.80828 0.024485781033180515
14.80949 0.024362825174333844
14.8107 0.02423986931548717
14.8119 0.024099348333948112
14.81311 0.02397639247510144
14.81432 0.023835871493562383
14.81552 0.023695350512023327
14.81673 0.02355482953048427
14.81794 0.023414308548945214
14.81914 0.023273787567406157
14.82035 0.0231332665858671
14.82156 0.022975180481635663
14.82276 0.022834659500096607
14.82397 0.02267657339586517
14.82518 0.02251848729163373
14.82638 0.022360401187402294
14.82759 0.022219880205863237
14.8288 0.0220617941016318
14.83001 0.02190370799740036
14.83121 0.021745621893168924
14.83242 0.021587535788937486
14.83363 0.02142944968470605
14.83483 0.021271363580474607
14.83604 0.02111327747624317
14.83725 0.02093762624931935
14.83845 0.020779540145087913
14.83966 0.020621454040856475
14.84087 0.020445802813932656
14.84207 0.02028771670970122
14.84328 0.020112065482777396
14.84449 0.01995397937854596
14.84569 0.01977832815162214
14.8469 0.019620242047390702
14.84811 0.019444590820466883
14.84931 0.019268939593543064
14.85052 0.019110853489311627
14.85173 0.018935202262387804
14.85293 0.018777116158156366
14.85414 0.01861903005392493
14.85535 0.01844337882700111
14.85656 0.018285292722769672
14.85776 0.01812720661853823
14.85897 0.017969120514306793
14.86018 0.017811034410075356
14.86138 0.017635383183151537
14.86259 0.0174772970789201
14.8638 0.01731921097468866
14.865 0.01716112487045722
14.86621 0.017003038766225782
14.86742 0.016844952661994345
14.86862 0.016686866557762907
14.86983 0.01652878045353147
14.87104 0.01637069434930003
14.87224 0.016230173367760975
14.87345 0.016072087263529537
14.87466 0.01593156628199048
14.87586 0.015773480177759043
14.87707 0.015632959196219987
14.87828 0.01549243821468093
14.87948 0.015351917233141874
14.88069 0.015211396251602817
14.8819 0.015070875270063764
14.88311 0.014930354288524707
14.88431 0.014789833306985651
14.88552 0.014666877448138976
14.88673 0.014526356466599919
14.88793 0.014403400607753247
14.88914 0.01426287962621419
14.89035 0.014139923767367515
14.89155 0.01401696790852084
14.89276 0.013894012049674168
14.89397 0.013771056190827493
14.89517 0.01364810033198082
14.89638 0.013525144473134146
14.89759 0.013419753736979853
14.89879 0.01329679787813318
14.9 0.013191407141978887
14.90121 0.013086016405824595
14.90241 0.012980625669670303
14.90362 0.01287523493351601
14.90483 0.01276984419736172
14.90603 0.012664453461207427
14.90724 0.012559062725053135
14.90845 0.012453671988898843
14.90966 0.012365846375436933
14.91086 0.012278020761975022
14.91207 0.012172630025820731
14.91328 0.01208480441235882
14.91448 0.012014543921589292
14.91569 0.011926718308127382
14.9169 0.011838892694665473
14.9181 0.011768632203895945
14.91931 0.011698371713126416
14.92052 0.011610546099664507
14.92172 0.01155785073158736
14.92293 0.011487590240817832
14.92414 0.011417329750048303
14.92534 0.011364634381971158
14.92655 0.011311939013894013
14.92776 0.011259243645816866
14.92896 0.01120654827773972
14.93017 0.011153852909662573
14.93138 0.011101157541585428
14.93259 0.011066027296200664
14.93379 0.0110308970508159
14.935 0.010978201682738754
14.93621 0.01094307143735399
14.93741 0.010907941191969226
14.93862 0.010872810946584462
14.93983 0.010837680701199698
14.94103 0.010820115578507315
14.94224 0.01078498533312255
14.94345 0.01076742021043017
14.94465 0.010732289965045405
14.94586 0.010714724842353024
14.94707 0.010697159719660641
14.94827 0.01067959459696826
14.94948 0.010662029474275877
14.95069 0.010644464351583496
14.95189 0.010644464351583496
14.9531 0.010626899228891113
14.95431 0.010626899228891113
14.95551 0.010626899228891113
14.95672 0.010626899228891113
14.95793 0.010626899228891113
14.95914 0.010626899228891113
14.96034 0.010626899228891113
14.96155 0.010626899228891113
14.96276 0.010644464351583496
14.96396 0.010644464351583496
14.96517 0.010662029474275877
14.96638 0.01067959459696826
14.96758 0.010697159719660641
14.96879 0.010697159719660641
14.97 0.010714724842353024
14.9712 0.010732289965045405
14.97241 0.01076742021043017
14.97362 0.01078498533312255
14.97482 0.010802550455814934
14.97603 0.010837680701199698
14.97724 0.010872810946584462
14.97844 0.010907941191969226
14.97965 0.01094307143735399
14.98086 0.010995766805431136
14.98206 0.0110308970508159
14.98327 0.011083592418893045
14.98448 0.011136287786970192
14.98569 0.01120654827773972
14.98689 0.011259243645816866
14.9881 0.011329504136586394
14.98931 0.011399764627355922
14.99051 0.011487590240817832
14.99172 0.01155785073158736
14.99293 0.01164567634504927
14.99413 0.011715936835818798
14.99534 0.011803762449280709
14.99655 0.011909153185435
14.99775 0.01199697879889691
14.99896 0.012102369535051203
15.00017 0.012190195148513112
15.00137 0.012295585884667405
15.00258 0.012400976620821697
15.00379 0.012506367356975988
15.00499 0.012629323215822663
15.0062 0.012734713951976956
15.00741 0.012857669810823629
15.00861 0.012980625669670303
15.00982 0.013103581528516976
15.01103 0.013244102510056033
15.01224 0.013367058368902706
15.01344 0.013507579350441763
15.01465 0.01364810033198082
15.01586 0.013788621313519874
15.01706 0.013946707417751312
15.01827 0.014087228399290368
15.01948 0.014245314503521806
15.02068 0.014385835485060863
15.02189 0.0145439215892923
15.0231 0.014702007693523741
15.0243 0.01486009379775518
15.02551 0.015000614779294236
15.02672 0.015158700883525673
15.02792 0.015316786987757111
15.02913 0.015457307969296168
15.03034 0.015615394073527605
15.03154 0.015773480177759043
15.03275 0.01593156628199048
15.03396 0.01608965238622192
15.03516 0.016247738490453356
15.03637 0.016388259471992413
15.03758 0.01654634557622385
15.03879 0.016721996803147673
15.03999 0.01688008290737911
15.0412 0.017038169011610548
15.04241 0.017196255115841986
15.04361 0.017354341220073424
15.04482 0.017529992446997242
15.04603 0.017688078551228684
15.04723 0.01784616465546012
15.04844 0.01802181588238394
15.04965 0.018179901986615378
15.05085 0.018355553213539197
15.05206 0.018513639317770638
15.05327 0.018689290544694457
15.05447 0.018847376648925895
15.05568 0.019005462753157332
15.05689 0.01918111398008115
15.05809 0.01933920008431259
15.0593 0.01951485131123641
15.06051 0.01967293741546785
15.06171 0.019848588642391668
15.06292 0.020024239869315487
15.06413 0.020199891096239306
15.06534 0.020375542323163128
15.06654 0.020551193550086947
15.06775 0.020726844777010766
15.06896 0.02092006112662697
15.07016 0.02111327747624317
15.07137 0.021306493825859373
15.07258 0.021517275298167958
15.07378 0.021728056770476543
15.07499 0.021938838242785124
15.0762 0.02214961971509371
15.0774 0.022360401187402294
15.07861 0.02257118265971088
15.07982 0.022799529254711844
15.08102 0.02301031072702043
15.08223 0.023238657322021395
15.08344 0.02346700391702236
15.08464 0.023712915634715708
15.08585 0.023941262229716674
15.08706 0.02418717394741002
15.08826 0.024433085665103372
15.08947 0.02467899738279672
15.09068 0.02494247422318245
15.09189 0.02520595106356818
15.09309 0.02546942790395391
15.0943 0.02573290474433964
15.09551 0.026013946707417752
15.09671 0.02627742354780348
15.09792 0.026576030633573975
15.09913 0.026857072596652088
15.10033 0.027155679682422582
15.10154 0.02745428676819308
15.10275 0.027770458976655955
15.10395 0.02806906606242645
15.10516 0.028385238270889325
15.10637 0.0287014104793522
15.10757 0.029017582687815076
15.10878 0.02933375489627795
15.10999 0.029649927104740827
15.11119 0.029983664435896083
15.1124 0.030299836644358966
15.11361 0.030633573975514222
15.11481 0.030949746183977098
15.11602 0.031283483515132354
15.11723 0.03161722084628761
15.11844 0.03193339305475049
15.11964 0.03226713038590575
15.12085 0.03261843283975339
15.12206 0.032952170170908644
15.12326 0.03328590750206391
15.12447 0.033637209955911546
15.12568 0.0339709472870668
15.12688 0.03432224974091444
15.12809 0.034673552194762085
15.1293 0.03502485464860972
15.1305 0.03537615710245737
15.13171 0.035727459556305005
15.13292 0.03607876201015264
15.13412 0.03643006446400029
15.13533 0.036781366917847926
15.13654 0.03713266937169556
15.13774 0.03748397182554321
15.13895 0.037835274279390846
15.14016 0.0381690116105461
15.14137 0.03852031406439374
15.14257 0.038871616518241385
15.14378 0.03922291897208902
15.14499 0.03957422142593666
15.14619 0.0399255238797843
15.1474 0.04027682633363194
15.14861 0.04064569391017196
15.14981 0.0409969963640196
15.15102 0.041348298817867245
15.15223 0.04169960127171488
15.15343 0.0420684688482549
15.15464 0.042419771302102546
15.15585 0.042771073755950184
15.15705 0.0431399413324902
15.15826 0.04350880890903023
15.15947 0.04386011136287787
15.16067 0.04422897893941789
15.16188 0.04459784651595791
15.16309 0.04496671409249794
15.16429 0.04533558166903796
15.1655 0.04570444924557798
15.16671 0.046073316822118
15.16792 0.04644218439865803
15.16912 0.04681105197519805
15.17033 0.047197484674430454
15.17154 0.04756635225097047
15.17274 0.04793521982751049
15.17395 0.0483216525267429
15.17516 0.048690520103282925
15.17636 0.049076952802515325
15.17757 0.04946338550174773
15.17878 0.04984981820098013
15.17998 0.05021868577752016
15.18119 0.05060511847675256
15.1824 0.050991551175984966
15.1836 0.05137798387521737
15.18481 0.05176441657444977
15.18602 0.05215084927368218
15.18722 0.05255484709560696
15.18843 0.05294127979483937
15.18964 0.05334527761676416
15.19084 0.05373171031599656
15.19205 0.054135708137921346
15.19326 0.05452214083715375
15.19447 0.054926138659078534
15.19567 0.05533013648100332
15.19688 0.05571656918023572
15.19809 0.05612056700216051
15.19929 0.0565245648240853
15.2005 0.0569109975233177
15.20171 0.05731499534524249
15.20291 0.057718993167167276
15.20412 0.058122990989092065
15.20533 0.058509423688324465
15.20653 0.05891342151024925
15.20774 0.05931741933217404
15.20895 0.05970385203140644
15.21015 0.06010784985333123
15.21136 0.06049428255256363
15.21257 0.06089828037448842
15.21377 0.06130227819641321
15.21498 0.061706276018337995
15.21619 0.062092708717570395
15.21739 0.062496706539495184
15.2186 0.06290070436141997
15.21981 0.06330470218334476
15.22102 0.06369113488257716
15.22222 0.06409513270450194
15.22343 0.06449913052642674
15.22464 0.0649031283483515
15.22584 0.0653071261702763
15.22705 0.06572868911489348
15.22826 0.06613268693681826
15.22946 0.06653668475874304
15.23067 0.06694068258066782
15.23188 0.06734468040259262
15.23308 0.0677486782245174
15.23429 0.06817024116913456
15.2355 0.06857423899105936
15.2367 0.06897823681298414
15.23791 0.06938223463490893
15.23912 0.0698037975795261
15.24032 0.07020779540145088
15.24153 0.07062935834606805
15.24274 0.07105092129068522
15.24394 0.07145491911261001
15.24515 0.07187648205722717
15.24636 0.07231561012453672
15.24757 0.0727371730691539
15.24877 0.07315873601377106
15.24998 0.07359786408108061
15.25119 0.07403699214839016
15.25239 0.07447612021569971
15.2536 0.07491524828300926
15.25481 0.07535437635031882
15.25601 0.07579350441762836
15.25722 0.07625019760763029
15.25843 0.07668932567493984
15.25963 0.07714601886494178
15.26084 0.0776027120549437
15.26205 0.07805940524494565
15.26325 0.07851609843494757
15.26446 0.07897279162494951
15.26567 0.07942948481495143
15.26687 0.07988617800495337
15.26808 0.0803428711949553
15.26929 0.08079956438495722
15.27049 0.08127382269765154
15.2717 0.08173051588765348
15.27291 0.08218720907765541
15.27412 0.08266146739034971
15.27532 0.08313572570304403
15.27653 0.08359241889304597
15.27774 0.08406667720574028
15.27894 0.0845409355184346
15.28015 0.0850151938311289
15.28136 0.08548945214382322
15.28256 0.08598127557920993
15.28377 0.08645553389190423
15.28498 0.08692979220459855
15.28618 0.08740405051729286
15.28739 0.08787830882998718
15.2886 0.08835256714268148
15.2898 0.0888268254553758
15.29101 0.08930108376807012
15.29222 0.08977534208076444
15.29342 0.09023203527076637
15.29463 0.09068872846076831
15.29584 0.09116298677346261
15.29704 0.09161967996346454
15.29825 0.09207637315346648
15.29946 0.0925330663434684
15.30067 0.09298975953347034
15.30187 0.09344645272347227
15.30308 0.09388558079078183
15.30429 0.09434227398078376
15.30549 0.09479896717078569
15.3067 0.09523809523809523
15.30791 0.09569478842809717
15.30911 0.09613391649540673
15.31032 0.09659060968540865
15.31153 0.0970297377527182
15.31273 0.09746886582002776
15.31394 0.0979255590100297
15.31515 0.09836468707733924
15.31635 0.0988038151446488
15.31756 0.09922537808926596
15.31877 0.0996645061565755
15.31997 0.10010363422388506
15.32118 0.10052519716850224
15.32239 0.10096432523581178
15.32359 0.10138588818042894
15.3248 0.1018250162477385
15.32601 0.10224657919235566
15.32722 0.10266814213697284
15.32842 0.10308970508159
15.32963 0.10351126802620716
15.33084 0.10393283097082434
15.33204 0.1043543939154415
15.33325 0.10477595686005868
15.33446 0.10519751980467584
15.33566 0.105619082749293
15.33687 0.10604064569391018
15.33808 0.10646220863852734
15.33928 0.10688377158314451
15.34049 0.10730533452776168
15.3417 0.10772689747237885
15.3429 0.10814846041699601
15.34411 0.10858758848430557
15.34532 0.10900915142892273
15.34652 0.1094307143735399
15.34773 0.10985227731815707
15.34894 0.11027384026277424
15.35015 0.11071296833008379
15.35135 0.11113453127470097
15.35256 0.11155609421931811
15.35377 0.11197765716393529
15.35497 0.11239922010855247
15.35618 0.11282078305316962
15.35739 0.11322478087509442
15.35859 0.11364634381971157
15.3598 0.11406790676432875
15.36101 0.11447190458625355
15.36221 0.1148934675308707
15.36342 0.1152974653527955
15.36463 0.11570146317472027
15.36583 0.11612302611933745
15.36704 0.11652702394126223
15.36825 0.11693102176318702
15.36945 0.1173350195851118
15.37066 0.1177390174070366
15.37187 0.11814301522896138
15.37307 0.11854701305088615
15.37428 0.11895101087281096
15.37549 0.11935500869473573
15.3767 0.11975900651666053
15.3779 0.12014543921589294
15.37911 0.1205494370378177
15.38032 0.1209358697370501
15.38152 0.12132230243628253
15.38273 0.12170873513551493
15.38394 0.12209516783474733
15.38514 0.12246403541128736
15.38635 0.12285046811051976
15.38756 0.12321933568705978
15.38876 0.12358820326359982
15.38997 0.12393950571744744
15.39118 0.12430837329398746
15.39238 0.12465967574783511
15.39359 0.1250285433243751
15.3948 0.12537984577822275
15.396 0.1257311482320704
15.39721 0.12608245068591803
15.39842 0.12641618801707333
15.39962 0.12676749047092095
15.40083 0.1271187929247686
15.40204 0.12747009537861623
15.40325 0.12782139783246388
15.40445 0.1281727002863115
15.40566 0.12852400274015915
15.40687 0.12887530519400678
15.40807 0.12922660764785443
15.40928 0.12957791010170208
15.41049 0.1299467776782421
15.41169 0.1302980801320897
15.4129 0.13064938258593736
15.41411 0.131000685039785
15.41531 0.13135198749363264
15.41652 0.1317032899474803
15.41773 0.1320545924013279
15.41893 0.13238832973248318
15.42014 0.1327571973090232
15.42135 0.13310849976287084
15.42255 0.1334598022167185
15.42376 0.13381110467056612
15.42497 0.13417997224710615
15.42617 0.1345312747009538
15.42738 0.1349001422774938
15.42859 0.13526900985403384
15.4298 0.13563787743057384
15.431 0.13602431012980626
15.43221 0.13641074282903867
15.43342 0.13677961040557868
15.43462 0.1371660431048111
15.43583 0.1375700409267359
15.43704 0.13795647362596827
15.43824 0.13836047144789307
15.43945 0.13874690414712548
15.44066 0.13915090196905025
15.44186 0.13955489979097505
15.44307 0.13995889761289984
15.44428 0.1403628954348246
15.44548 0.1407668932567494
15.44669 0.14117089107867417
15.4479 0.14159245402329135
15.4491 0.14199645184521614
15.45031 0.14240044966714094
15.45152 0.1428220126117581
15.45272 0.14322601043368288
15.45393 0.14363000825560765
15.45514 0.14405157120022483
15.45635 0.14445556902214962
15.45755 0.1448771319667668
15.45876 0.14529869491138397
15.45997 0.14572025785600115
15.46117 0.1461418208006183
15.46238 0.14656338374523548
15.46359 0.14698494668985265
15.46479 0.1474065096344698
15.466 0.14782807257908698
15.46721 0.14824963552370415
15.46841 0.14867119846832133
15.46962 0.14909276141293848
15.47083 0.14951432435755566
15.47203 0.14993588730217283
15.47324 0.1503398851240976
15.47445 0.15076144806871478
15.47565 0.15116544589063954
15.47686 0.15156944371256434
15.47807 0.15197344153448913
15.47927 0.1523774393564139
15.48048 0.15276387205564632
15.48169 0.1531678698775711
15.4829 0.15357186769949588
15.4841 0.1539583003987283
15.48531 0.1543447330979607
15.48652 0.15474873091988547
15.48772 0.1551351636191179
15.48893 0.15552159631835027
15.49014 0.1559080290175827
15.49134 0.1562944617168151
15.49255 0.15668089441604752
15.49376 0.15704976199258752
15.49496 0.15743619469181994
15.49617 0.15780506226835994
15.49738 0.15819149496759236
15.49858 0.1585603625441324
15.49979 0.1589292301206724
15.501 0.15928053257452005
15.5022 0.15964940015106005
15.50341 0.16001826772760008
15.50462 0.16036957018144773
15.50582 0.16072087263529536
15.50703 0.161072175089143
15.50824 0.16142347754299063
15.50945 0.16177477999683829
15.51065 0.1621260824506859
15.51186 0.16245981978184118
15.51307 0.1628111222356888
15.51427 0.16314485956684407
15.51548 0.1634961620206917
15.51669 0.163829899351847
15.51789 0.16416363668300224
15.5191 0.16449737401415748
15.52031 0.16483111134531275
15.52151 0.16516484867646802
15.52272 0.16549858600762327
15.52393 0.1658323233387785
15.52513 0.16616606066993378
15.52634 0.16649979800108905
15.52755 0.1668159702095519
15.52875 0.16714970754070715
15.52996 0.16746587974917004
15.53117 0.16779961708032531
15.53237 0.1681157892887882
15.53358 0.16843196149725106
15.53479 0.16874813370571395
15.536 0.16906430591417682
15.5372 0.1693804781226397
15.53841 0.16969665033110257
15.53962 0.17001282253956546
15.54082 0.17032899474802832
15.54203 0.17062760183379883
15.54324 0.1709437740422617
15.54444 0.17125994625072458
15.54565 0.17155855333649508
15.54686 0.17187472554495795
15.54806 0.17217333263072843
15.54927 0.17247193971649893
15.55048 0.1727881119249618
15.55168 0.1730867190107323
15.55289 0.1733853260965028
15.5541 0.17370149830496567
15.5553 0.17400010539073615
15.55651 0.17429871247650666
15.55772 0.17459731956227714
15.55893 0.17489592664804765
15.56013 0.17519453373381813
15.56134 0.17547557569689626
15.56255 0.17577418278266677
15.56375 0.17605522474574486
15.56496 0.17633626670882296
15.56617 0.1766173086719011
15.56737 0.1768983506349792
15.56858 0.17717939259805732
15.56979 0.17744286943844303
15.57099 0.17770634627882875
15.5722 0.17796982311921447
15.57341 0.17823329995960024
15.57461 0.17849677679998596
15.57582 0.1787426885176793
15.57703 0.17900616535806504
15.57823 0.17925207707575838
15.57944 0.17949798879345175
15.58065 0.17974390051114508
15.58185 0.17998981222883845
15.58306 0.18021815882383938
15.58427 0.18046407054153274
15.58548 0.18069241713653372
15.58668 0.18092076373153465
15.58789 0.18114911032653563
15.5891 0.18137745692153662
15.5903 0.1815882383938452
15.59151 0.18179901986615377
15.59272 0.18200980133846237
15.59392 0.18222058281077094
15.59513 0.18241379916038714
15.59634 0.18260701551000333
15.59754 0.18280023185961955
15.59875 0.18299344820923574
15.59996 0.18318666455885194
15.60116 0.18336231578577578
15.60237 0.1835379670126996
15.60358 0.18371361823962343
15.60478 0.18388926946654724
15.60599 0.18406492069347105
15.6072 0.18422300679770248
15.6084 0.1843810929019339
15.60961 0.18453917900616537
15.61082 0.1846972651103968
15.61203 0.18485535121462823
15.61323 0.18499587219616728
15.61444 0.18515395830039874
15.61565 0.1852944792819378
15.61685 0.18543500026347684
15.61806 0.1855755212450159
15.61927 0.18571604222655497
15.62047 0.18583899808540164
15.62168 0.18597951906694069
15.62289 0.18610247492578735
15.62409 0.18622543078463405
15.6253 0.18634838664348072
15.62651 0.1864713425023274
15.62771 0.18657673323848167
15.62892 0.18668212397463596
15.63013 0.18680507983348263
15.63133 0.18691047056963694
15.63254 0.18699829618309885
15.63375 0.18710368691925314
15.63495 0.18720907765540742
15.63616 0.18729690326886933
15.63737 0.18738472888233124
15.63858 0.18747255449579317
15.63978 0.18756038010925508
15.64099 0.18764820572271698
15.6422 0.1877184662134865
15.6434 0.1878062918269484
15.64461 0.18787655231771794
15.64582 0.18794681280848746
15.64702 0.188017073299257
15.64823 0.1880873337900265
15.64944 0.18814002915810368
15.65064 0.1882102896488732
15.65185 0.18826298501695035
15.65306 0.1883156803850275
15.65426 0.18836837575310464
15.65547 0.18842107112118178
15.65668 0.18845620136656654
15.65788 0.1885088967346437
15.65909 0.18854402698002848
15.6603 0.1885791572254132
15.6615 0.188614287470798
15.66271 0.18863185259349036
15.66392 0.18866698283887515
15.66513 0.18868454796156753
15.66633 0.18870211308425988
15.66754 0.18870211308425988
15.66875 0.18871967820695226
15.66995 0.18871967820695226
15.67116 0.18871967820695226
15.67237 0.18871967820695226
15.67357 0.18871967820695226
15.67478 0.18870211308425988
15.67599 0.18868454796156753
15.67719 0.18868454796156753
15.6784 0.18866698283887515
15.67961 0.18864941771618274
15.68081 0.18863185259349036
15.68202 0.1885967223481056
15.68323 0.1885791572254132
15.68443 0.18856159210272083
15.68564 0.18852646185733607
15.68685 0.1885088967346437
15.68805 0.18847376648925895
15.68926 0.18845620136656654
15.69047 0.18842107112118178
15.69168 0.18838594087579702
15.69288 0.18835081063041226
15.69409 0.1883156803850275
15.6953 0.18826298501695035
15.6965 0.1882278547715656
15.69771 0.18817515940348845
15.69892 0.18814002915810368
15.70012 0.1880873337900265
15.70133 0.1880346384219494
15.70254 0.1879995081765646
15.70374 0.18794681280848746
15.70495 0.18789411744041032
15.70616 0.18784142207233318
15.70736 0.1878062918269484
15.70857 0.18775359645887127
15.70978 0.1877184662134865
15.71098 0.18766577084540936
15.71219 0.1876306406000246
15.7134 0.18759551035463984
15.7146 0.1875428149865627
15.71581 0.18750768474117793
15.71702 0.18747255449579317
15.71823 0.18743742425040838
15.71943 0.18738472888233124
15.72064 0.1873495986369465
15.72185 0.1873144683915617
15.72305 0.18727933814617698
15.72426 0.1872442079007922
15.72547 0.18720907765540742
15.72667 0.18715638228733028
15.72788 0.18712125204194552
15.72909 0.18708612179656076
15.73029 0.187050991551176
15.7315 0.18701586130579123
15.73271 0.1869631659377141
15.73391 0.18692803569232933
15.73512 0.18689290544694453
15.73633 0.1868577752015598
15.73753 0.186822644956175
15.73874 0.18678751471079028
15.73995 0.1867348193427131
15.74115 0.18669968909732834
15.74236 0.18666455885194358
15.74357 0.18662942860655882
15.74478 0.18659429836117405
15.74598 0.1865591681157893
15.74719 0.18652403787040453
15.7484 0.18648890762501977
15.7496 0.186453777379635
15.75081 0.18640108201155786
15.75202 0.1863659517661731
15.75322 0.1863308215207883
15.75443 0.18629569127540357
15.75564 0.18624299590732643
15.75684 0.18620786566194164
15.75805 0.18615517029386452
15.75926 0.18612004004847973
15.76046 0.1860673446804026
15.76167 0.18601464931232545
15.76288 0.1859619539442483
15.76408 0.18592682369886354
15.76529 0.1858741283307864
15.7665 0.18582143296270925
15.76771 0.1857687375946321
15.76891 0.18571604222655497
15.77012 0.18566334685847782
15.77133 0.18561065149040068
15.77253 0.1855579561223235
15.77374 0.18550526075424636
15.77495 0.18543500026347684
15.77615 0.1853823048953997
15.77736 0.18532960952732255
15.77857 0.1852769141592454
15.77977 0.18520665366847588
15.78098 0.18515395830039874
15.78219 0.1851012629323216
15.78339 0.18503100244155207
15.7846 0.18497830707347493
15.78581 0.18490804658270538
15.78701 0.18483778609193585
15.78822 0.1847850907238587
15.78943 0.18471483023308918
15.79063 0.18464456974231966
15.79184 0.18459187437424251
15.79305 0.184521613883473
15.79426 0.18445135339270347
15.79546 0.1843810929019339
15.79667 0.1843108324111644
15.79788 0.18424057192039486
15.79908 0.18417031142962534
15.80029 0.1841000509388558
15.8015 0.18404735557077867
15.8027 0.18397709508000915
15.80391 0.18390683458923962
15.80512 0.1838365740984701
15.80632 0.18376631360770057
15.80753 0.18371361823962343
15.80874 0.18364335774885387
15.80994 0.18357309725808435
15.81115 0.18350283676731483
15.81236 0.1834325762765453
15.81356 0.18336231578577578
15.81477 0.18329205529500625
15.81598 0.18322179480423673
15.81718 0.18316909943615955
15.81839 0.18309883894539003
15.8196 0.1830285784546205
15.82081 0.18295831796385098
15.82201 0.18288805747308146
15.82322 0.1828353621050043
15.82443 0.1827651016142348
15.82563 0.18269484112346526
15.82684 0.18264214575538812
15.82805 0.1825718852646186
15.82925 0.18251918989654145
15.83046 0.18246649452846428
15.83167 0.18241379916038714
15.83287 0.18236110379231
15.83408 0.18230840842423285
15.83529 0.1822557130561557
15.83649 0.18220301768807856
15.8377 0.18215032232000142
15.83891 0.18211519207461663
15.84011 0.1820624967065395
15.84132 0.18202736646115475
15.84253 0.18197467109307758
15.84373 0.18193954084769284
15.84494 0.1818868454796157
15.84615 0.1818517152342309
15.84736 0.18181658498884615
15.84856 0.18178145474346138
15.84977 0.18174632449807662
15.85098 0.18171119425269186
15.85218 0.1816760640073071
15.85339 0.18164093376192234
15.8546 0.18162336863922995
15.8558 0.1815882383938452
15.85701 0.1815706732711528
15.85822 0.1815531081484604
15.85942 0.18153554302576805
15.86063 0.18151797790307567
15.86184 0.18151797790307567
15.86304 0.18150041278038329
15.86425 0.18150041278038329
15.86546 0.18148284765769088
15.86666 0.18148284765769088
15.86787 0.18148284765769088
15.86908 0.18148284765769088
15.87028 0.18146528253499852
15.87149 0.18146528253499852
15.8727 0.18146528253499852
15.87391 0.18146528253499852
15.87511 0.18144771741230614
15.87632 0.18144771741230614
15.87753 0.18143015228961376
15.87873 0.18143015228961376
15.87994 0.18141258716692135
15.88115 0.181395022044229
15.88235 0.18137745692153662
15.88356 0.18134232667615183
15.88477 0.18132476155345947
15.88597 0.1813071964307671
15.88718 0.1812720661853823
15.88839 0.18125450106268995
15.88959 0.18121937081730516
15.8908 0.18120180569461278
15.89201 0.18116667544922802
15.89321 0.18114911032653563
15.89442 0.18111398008115087
15.89563 0.1810788498357661
15.89683 0.18106128471307373
15.89804 0.18102615446768897
15.89925 0.18100858934499658
15.90046 0.1809910242223042
15.90166 0.18095589397691944
15.90287 0.18093832885422706
15.90408 0.18092076373153465
15.90528 0.1809031986088423
15.90649 0.18086806836345753
15.9077 0.18085050324076513
15.9089 0.18083293811807277
15.91011 0.1808153729953804
15.91132 0.1807802427499956
15.91252 0.18076267762730325
15.91373 0.18074511250461087
15.91494 0.18072754738191846
15.91614 0.18069241713653372
15.91735 0.18067485201384131
15.91856 0.18065728689114893
15.91976 0.18065728689114893
15.92097 0.18063972176845655
15.92218 0.1806221566457642
15.92338 0.1806221566457642
15.92459 0.1806221566457642
15.9258 0.1806221566457642
15.92701 0.1806221566457642
15.92821 0.1806221566457642
15.92942 0.18063972176845655
15.93063 0.18065728689114893
15.93183 0.18067485201384131
15.93304 0.18069241713653372
15.93425 0.18072754738191846
15.93545 0.18076267762730325
15.93666 0.1807802427499956
15.93787 0.1808153729953804
15.93907 0.18086806836345753
15.94028 0.1809031986088423
15.94149 0.18093832885422706
15.94269 0.1809910242223042
15.9439 0.18102615446768897
15.94511 0.1810788498357661
15.94631 0.18113154520384325
15.94752 0.1811842405719204
15.94873 0.18121937081730516
15.94993 0.1812720661853823
15.95114 0.18132476155345947
15.95235 0.18137745692153662
15.95356 0.18143015228961376
15.95476 0.18148284765769088
15.95597 0.1815531081484604
15.95718 0.18160580351653757
15.95838 0.1816760640073071
15.95959 0.18172875937538424
15.9608 0.18179901986615377
15.962 0.1818692803569233
15.96321 0.18193954084769284
15.96442 0.18200980133846237
15.96562 0.1820800618292319
15.96683 0.18215032232000142
15.96804 0.18222058281077094
15.96924 0.18229084330154047
15.97045 0.18236110379231
15.97166 0.18243136428307952
15.97286 0.18250162477384907
15.97407 0.1825718852646186
15.97528 0.18264214575538812
15.97648 0.18271240624615764
15.97769 0.1827651016142348
15.9789 0.1828353621050043
15.98011 0.18288805747308146
15.98131 0.18295831796385098
15.98252 0.18301101333192812
15.98373 0.18306370870000527
15.98493 0.18313396919077482
15.98614 0.18318666455885194
15.98735 0.18323935992692908
15.98855 0.18329205529500625
15.98976 0.1833447506630834
15.99097 0.18339744603116054
15.99217 0.18346770652193006
15.99338 0.1835204018900072
15.99459 0.18357309725808435
15.99579 0.1836257926261615
15.997 0.18367848799423864
15.99821 0.18374874848500816
15.99941 0.1838014438530853
16.00062 0.18387170434385483
16.00183 0.183924399711932
16.00304 0.18399466020270153
16.00424 0.18406492069347105
16.00545 0.1841176160615482
16.00666 0.18418787655231772
16.00786 0.18425813704308724
16.00907 0.1843108324111644
16.01028 0.1843810929019339
16.01148 0.18445135339270347
16.01269 0.18450404876078058
16.0139 0.18457430925155013
16.0151 0.18464456974231966
16.01631 0.18471483023308918
16.01752 0.1847850907238587
16.01872 0.18485535121462823
16.01993 0.18494317682809014
16.02114 0.18501343731885966
16.02234 0.1851012629323216
16.02355 0.18517152342309112
16.02476 0.1852769141592454
16.02596 0.18536473977270732
16.02717 0.18545256538616922
16.02838 0.1855579561223235
16.02959 0.18566334685847782
16.03079 0.1857687375946321
16.032 0.1858741283307864
16.03321 0.18597951906694069
16.03441 0.186084909803095
16.03562 0.18620786566194164
16.03683 0.1863308215207883
16.03803 0.18643621225694262
16.03924 0.1865591681157893
16.04045 0.18668212397463596
16.04165 0.186822644956175
16.04286 0.1869456008150217
16.04407 0.18708612179656076
16.04527 0.18720907765540742
16.04648 0.1873495986369465
16.04769 0.18749011961848555
16.04889 0.1876306406000246
16.0501 0.18777116158156365
16.05131 0.18791168256310273
16.05251 0.18806976866733413
16.05372 0.1882102896488732
16.05493 0.18836837575310464
16.05614 0.18852646185733607
16.05734 0.18868454796156753
16.05855 0.18886019918849134
16.05976 0.18901828529272277
16.06096 0.18919393651964658
16.06217 0.18936958774657042
16.06338 0.18954523897349423
16.06458 0.18972089020041805
16.06579 0.18989654142734186
16.067 0.1900721926542657
16.0682 0.1902478438811895
16.06941 0.19042349510811335
16.07062 0.19061671145772954
16.07182 0.19079236268465335
16.07303 0.19096801391157717
16.07424 0.19116123026119336
16.07544 0.1913368814881172
16.07665 0.191512532715041
16.07786 0.19170574906465723
16.07906 0.19188140029158104
16.08027 0.19205705151850488
16.08148 0.19225026786812108
16.08269 0.19242591909504486
16.08389 0.19261913544466108
16.0851 0.1928123517942773
16.08631 0.1929880030212011
16.08751 0.1931812193708173
16.08872 0.1933744357204335
16.08993 0.19356765207004972
16.09113 0.19376086841966592
16.09234 0.19393651964658973
16.09355 0.19412973599620592
16.09475 0.19432295234582214
16.09596 0.19451616869543836
16.09717 0.19470938504505456
16.09837 0.19490260139467075
16.09958 0.19509581774428694
16.10079 0.19528903409390316
16.10199 0.19548225044351936
16.1032 0.19567546679313555
16.10441 0.19586868314275174
16.10561 0.19604433436967558
16.10682 0.19623755071929178
16.10803 0.19643076706890797
16.10924 0.1966239834185242
16.11044 0.19681719976814038
16.11165 0.19701041611775658
16.11286 0.19720363246737277
16.11406 0.197396848816989
16.11527 0.1975900651666052
16.11648 0.1977832815162214
16.11768 0.1979764978658376
16.11889 0.19816971421545382
16.1201 0.19836293056507
16.1213 0.1985561469146862
16.12251 0.19876692838699478
16.12372 0.19896014473661097
16.12492 0.1991533610862272
16.12613 0.1993641425585358
16.12734 0.199557358908152
16.12854 0.19976814038046056
16.12975 0.19997892185276916
16.13096 0.20018970332507774
16.13216 0.2004004847973863
16.13337 0.2005937011470025
16.13458 0.2008044826193111
16.13579 0.20101526409161968
16.13699 0.20124361068662067
16.1382 0.20145439215892924
16.13941 0.20166517363123782
16.14061 0.20187595510354642
16.14182 0.202086736575855
16.14303 0.20229751804816357
16.14423 0.20252586464316455
16.14544 0.20273664611547312
16.14665 0.20294742758778173
16.14785 0.20317577418278265
16.14906 0.20338655565509126
16.15027 0.20359733712739983
16.15147 0.2038081185997084
16.15268 0.204018900072017
16.15389 0.20424724666701796
16.15509 0.20445802813932656
16.1563 0.20466880961163514
16.15751 0.20489715620663612
16.15871 0.2051079376789447
16.15992 0.20531871915125327
16.16113 0.20554706574625425
16.16234 0.20575784721856283
16.16354 0.20598619381356378
16.16475 0.20619697528587236
16.16596 0.20640775675818096
16.16716 0.20663610335318192
16.16837 0.20684688482549052
16.16958 0.20707523142049147
16.17078 0.20728601289280008
16.17199 0.20749679436510865
16.1732 0.20772514096010963
16.1744 0.2079359224324182
16.17561 0.20814670390472678
16.17682 0.20837505049972774
16.17802 0.2085858319720363
16.17923 0.20879661344434491
16.18044 0.2090073949166535
16.18164 0.20921817638896206
16.18285 0.20942895786127066
16.18406 0.20963973933357924
16.18526 0.20985052080588784
16.18647 0.21006130227819642
16.18768 0.21025451862781264
16.18889 0.2104653001001212
16.19009 0.21067608157242979
16.1913 0.2108868630447384
16.19251 0.21109764451704696
16.19371 0.21130842598935554
16.19492 0.21151920746166414
16.19613 0.2117299889339727
16.19733 0.21195833552897367
16.19854 0.21216911700128224
16.19975 0.21237989847359084
16.20095 0.2126082450685918
16.20216 0.21283659166359278
16.20337 0.21306493825859374
16.20457 0.2132932848535947
16.20578 0.21352163144859568
16.20699 0.21374997804359666
16.20819 0.21397832463859762
16.2094 0.21422423635629095
16.21061 0.21445258295129194
16.21182 0.21469849466898527
16.21302 0.21492684126398623
16.21423 0.21517275298167957
16.21544 0.21540109957668055
16.21664 0.2156470112943739
16.21785 0.21589292301206725
16.21906 0.21613883472976061
16.22026 0.21638474644745392
16.22147 0.2166306581651473
16.22268 0.21689413500553303
16.22388 0.21714004672322637
16.22509 0.21740352356361212
16.2263 0.21764943528130545
16.2275 0.21791291212169117
16.22871 0.21817638896207692
16.22992 0.21843986580246263
16.23112 0.21870334264284835
16.23233 0.21898438460592648
16.23354 0.2192478614463122
16.23474 0.2195289034093903
16.23595 0.21980994537246842
16.23716 0.22009098733554652
16.23837 0.22037202929862465
16.23957 0.22065307126170278
16.24078 0.22093411322478088
16.24199 0.22123272031055138
16.24319 0.22151376227362948
16.2444 0.22179480423670758
16.24561 0.22207584619978568
16.24681 0.2223744532855562
16.24802 0.22265549524863434
16.24923 0.22293653721171244
16.25043 0.22320001405209813
16.25164 0.2234810560151763
16.25285 0.2237620979782544
16.25405 0.2240255748186401
16.25526 0.22430661678171823
16.25647 0.22457009362210395
16.25767 0.2248335704624897
16.25888 0.2251146124255678
16.26009 0.22537808926595354
16.26129 0.22565913122903164
16.2625 0.22592260806941739
16.26371 0.2261860849098031
16.26492 0.22644956175018885
16.26612 0.22671303859057454
16.26733 0.22697651543096029
16.26854 0.22723999227134606
16.26974 0.22750346911173175
16.27095 0.2277669459521175
16.27216 0.22803042279250318
16.27336 0.22829389963288896
16.27457 0.2285398113505823
16.27578 0.22880328819096798
16.27698 0.22904919990866135
16.27819 0.2292951116263547
16.2794 0.22954102334404805
16.2806 0.2297869350617414
16.28181 0.2300152816567424
16.28302 0.23026119337443574
16.28422 0.2304895399694367
16.28543 0.23071788656443765
16.28664 0.23094623315943866
16.28784 0.2311745797544396
16.28905 0.23140292634944054
16.29026 0.2316312729444415
16.29147 0.2318596195394425
16.29267 0.23207040101175105
16.29388 0.23229874760675207
16.29509 0.232527094201753
16.29629 0.23275544079675395
16.2975 0.23296622226906255
16.29871 0.2331945688640635
16.29991 0.2334229154590645
16.30112 0.23365126205406545
16.30233 0.2338796086490664
16.30353 0.23412552036675977
16.30474 0.23435386696176075
16.30595 0.2345997786794541
16.30715 0.23482812527445507
16.30836 0.2350740369921484
16.30957 0.23530238358714936
16.31077 0.2355482953048427
16.31198 0.23579420702253606
16.31319 0.23602255361753702
16.31439 0.23626846533523035
16.3156 0.23651437705292372
16.31681 0.2367427236479247
16.31802 0.23698863536561807
16.31922 0.2372345470833114
16.32043 0.2374804588010047
16.32164 0.23772637051869805
16.32284 0.2379722822363914
16.32405 0.23823575907677716
16.32526 0.2384816707944705
16.32646 0.23874514763485627
16.32767 0.23899105935254955
16.32888 0.23925453619293532
16.33008 0.23951801303332107
16.33129 0.23978148987370676
16.3325 0.2400449667140925
16.3337 0.24030844355447822
16.33491 0.24058948551755635
16.33612 0.24087052748063445
16.33732 0.24113400432102022
16.33853 0.24141504628409832
16.33974 0.2417136533698688
16.34094 0.2419946953329469
16.34215 0.242275737296025
16.34336 0.24255677925910313
16.34457 0.24283782122218125
16.34577 0.24311886318525935
16.34698 0.24341747027102986
16.34819 0.24369851223410796
16.34939 0.24397955419718606
16.3506 0.24426059616026416
16.35181 0.24454163812334231
16.35301 0.2448226800864204
16.35422 0.24508615692680613
16.35543 0.24536719888988426
16.35663 0.24563067573026998
16.35784 0.24591171769334813
16.35905 0.24617519453373382
16.36025 0.24645623649681192
16.36146 0.24671971333719767
16.36267 0.2469831901775834
16.36387 0.2472642321406615
16.36508 0.24752770898104723
16.36629 0.24779118582143297
16.36749 0.24805466266181872
16.3687 0.24833570462489682
16.36991 0.24859918146528254
16.37112 0.24886265830566828
16.37232 0.24912613514605403
16.37353 0.24937204686374737
16.37474 0.24963552370413308
16.37594 0.24989900054451883
16.37715 0.2501449122622122
16.37836 0.2504083891025979
16.37956 0.2506543008202912
16.38077 0.25090021253798456
16.38198 0.25114612425567795
16.38318 0.2513920359733713
16.38439 0.2516203825683722
16.3856 0.25186629428606555
16.3868 0.2520946408810666
16.38801 0.2523405525987599
16.38922 0.25256889919376085
16.39042 0.25279724578876184
16.39163 0.2530255923837628
16.39284 0.2532539389787638
16.39404 0.2534647204510724
16.39525 0.2536930670460733
16.39646 0.2539214136410743
16.39767 0.25413219511338286
16.39887 0.25436054170838385
16.40008 0.25458888830338483
16.40129 0.2547996697756934
16.40249 0.2550280163706944
16.4037 0.2552387978430029
16.40491 0.25546714443800395
16.40611 0.25567792591031246
16.40732 0.25590627250531345
16.40853 0.256117053977622
16.40973 0.256345400572623
16.41094 0.256573747167624
16.41215 0.2567845286399325
16.41335 0.25701287523493355
16.41456 0.25722365670724207
16.41577 0.2574520033022431
16.41697 0.2576627847745516
16.41818 0.25787356624686025
16.41939 0.2581019128418612
16.4206 0.2583126943141698
16.4218 0.25854104090917074
16.42301 0.2587518223814793
16.42422 0.25896260385378794
16.42542 0.25917338532609646
16.42663 0.2594017319210975
16.42784 0.259612513393406
16.42904 0.25982329486571465
16.43025 0.2600340763380232
16.43146 0.2602448578103318
16.43266 0.26045563928264037
16.43387 0.260666420754949
16.43508 0.2608772022272576
16.43628 0.26108798369956615
16.43749 0.2612812000491823
16.4387 0.26149198152149095
16.4399 0.2617027629937995
16.44111 0.2619135444661081
16.44232 0.2621067608157243
16.44352 0.2623175422880329
16.44473 0.2625107586376491
16.44594 0.2627215401099577
16.44715 0.26293232158226626
16.44835 0.2631255379318824
16.44956 0.26331875428149865
16.45077 0.2635295357538072
16.45197 0.26372275210342344
16.45318 0.263933533575732
16.45439 0.26412674992534824
16.45559 0.26431996627496446
16.4568 0.26453074774727303
16.45801 0.26472396409688925
16.45921 0.2649171804465054
16.46042 0.26511039679612164
16.46163 0.2653211782684302
16.46283 0.2655143946180464
16.46404 0.26569004584497025
16.46525 0.26588326219458647
16.46645 0.26607647854420263
16.46766 0.26626969489381885
16.46887 0.26644534612074267
16.47007 0.26663856247035883
16.47128 0.2668142136972827
16.47249 0.2670074300468989
16.4737 0.2672006463965151
16.4749 0.2673762976234389
16.47611 0.2675695139730551
16.47732 0.2677627303226713
16.47852 0.2679559466722875
16.47973 0.2681491630219037
16.48094 0.2683423793715199
16.48214 0.2685355957211361
16.48335 0.2687463771934447
16.48456 0.2689395935430609
16.48576 0.2691503750153695
16.48697 0.26936115648767806
16.48818 0.26957193795998663
16.48938 0.26978271943229526
16.49059 0.26999350090460383
16.4918 0.2702042823769124
16.493 0.270415063849221
16.49421 0.27064341044422197
16.49542 0.27085419191653054
16.49662 0.2710825385115315
16.49783 0.2712933199838401
16.49904 0.271521666578841
16.50025 0.271750013173842
16.50145 0.2719607946461506
16.50266 0.27218914124115157
16.50387 0.27241748783615255
16.50507 0.2726458344311535
16.50628 0.27289174614884687
16.50749 0.2731200927438478
16.50869 0.2733484393388488
16.5099 0.2735943510565422
16.51111 0.2738226976515431
16.51231 0.27406860936923644
16.51352 0.2742969559642374
16.51473 0.27454286768193076
16.51593 0.2747887793996241
16.51714 0.27503469111731743
16.51835 0.27529816795770323
16.51955 0.27554407967539657
16.52076 0.27580755651578226
16.52197 0.276071033356168
16.52317 0.27631694507386134
16.52438 0.27658042191424703
16.52559 0.27684389875463283
16.5268 0.2771073755950186
16.528 0.2773532873127119
16.52921 0.2776167641530976
16.53042 0.27788024099348335
16.53162 0.2781261527111767
16.53283 0.27838962955156243
16.53404 0.27863554126925577
16.53524 0.2788814529869491
16.53645 0.27912736470464244
16.53766 0.27937327642233584
16.53886 0.2796191881400292
16.54007 0.2798650998577225
16.54128 0.28009344645272344
16.54248 0.28033935817041683
16.54369 0.2805677047654178
16.5449 0.28079605136041874
16.5461 0.28104196307811213
16.54731 0.28127030967311306
16.54852 0.28149865626811404
16.54972 0.28172700286311503
16.55093 0.28195534945811596
16.55214 0.28218369605311694
16.55335 0.2824120426481179
16.55455 0.28264038924311885
16.55576 0.2828511707154275
16.55697 0.2830795173104284
16.55817 0.28329029878273704
16.55938 0.28351864537773797
16.56059 0.2837294268500466
16.56179 0.2839402083223551
16.563 0.28415098979466374
16.56421 0.2843617712669723
16.56541 0.28455498761658854
16.56662 0.28476576908889706
16.56783 0.28495898543851333
16.56903 0.2851522017881295
16.57024 0.2853454181377457
16.57145 0.28553863448736194
16.57265 0.2857142857142857
16.57386 0.2859075020639019
16.57507 0.28608315329082573
16.57627 0.28627636964044195
16.57748 0.28645202086736576
16.57869 0.2866276720942896
16.5799 0.28680332332121344
16.5811 0.2869789745481372
16.58231 0.287154625775061
16.58352 0.2873478421246773
16.58472 0.2875234933516011
16.58593 0.28769914457852486
16.58714 0.2878747958054487
16.58834 0.28805044703237254
16.58955 0.28822609825929635
16.59076 0.28841931460891257
16.59196 0.2885949658358364
16.59317 0.2887881821854526
16.59438 0.28896383341237636
16.59558 0.2891394846393002
16.59679 0.28933270098891645
16.598 0.2895083522158402
16.5992 0.28968400344276407
16.60041 0.2898772197923803
16.60162 0.2900528710193041
16.60282 0.29024608736892027
16.60403 0.2904217385958441
16.60524 0.29059738982276795
16.60645 0.2907906061723841
16.60765 0.2909662573993079
16.60886 0.2911419086262318
16.61007 0.29133512497584796
16.61127 0.29151077620277177
16.61248 0.291703992552388
16.61369 0.2918796437793118
16.61489 0.292072860128928
16.6161 0.29224851135585184
16.61731 0.29244172770546806
16.61851 0.2926173789323918
16.61972 0.29281059528200803
16.62093 0.29300381163162426
16.62213 0.2931970279812405
16.62334 0.2933726792081643
16.62455 0.29356589555778045
16.62575 0.2937591119073967
16.62696 0.2939523282570129
16.62817 0.29414554460662906
16.62938 0.2943387609562453
16.63058 0.2945319773058615
16.63179 0.29472519365547767
16.633 0.2949184100050939
16.6342 0.2951116263547101
16.63541 0.2953048427043263
16.63662 0.2954980590539425
16.63782 0.29569127540355866
16.63903 0.29586692663048253
16.64024 0.29606014298009875
16.64144 0.29623579420702256
16.64265 0.29642901055663873
16.64386 0.2966046617835626
16.64506 0.2967803130104864
16.64627 0.29695596423741016
16.64748 0.29713161546433403
16.64868 0.29730726669125784
16.64989 0.2974829179181817
16.6511 0.2976410040224131
16.6523 0.2978166552493369
16.65351 0.29799230647626074
16.65472 0.2981503925804922
16.65593 0.298326043807416
16.65713 0.2984841299116474
16.65834 0.29864221601587887
16.65955 0.2988178672428027
16.66075 0.29897595334703414
16.66196 0.2991340394512656
16.66317 0.29929212555549706
16.66437 0.29945021165972846
16.66558 0.29960829776395986
16.66679 0.2997488187454989
16.66799 0.29990690484973037
16.6692 0.30006499095396183
16.67041 0.3002055119355009
16.67161 0.30036359803973234
16.67282 0.3005041190212714
16.67403 0.30064464000281044
16.67523 0.3007851609843495
16.67644 0.30092568196588854
16.67765 0.3010662029474276
16.67885 0.3011891588062743
16.68006 0.30132967978781333
16.68127 0.30145263564665997
16.68248 0.301593156628199
16.68368 0.3017161124870457
16.68489 0.3018390683458924
16.6861 0.30197958932743146
16.6873 0.30210254518627816
16.68851 0.3022255010451248
16.68972 0.3023484569039715
16.69092 0.30248897788551055
16.69213 0.3026119337443572
16.69334 0.3027348896032039
16.69454 0.30287541058474293
16.69575 0.303015931566282
16.69696 0.3031388874251287
16.69816 0.3032794084066677
16.69937 0.3034199293882068
16.70058 0.3035604503697458
16.70178 0.3037009713512849
16.70299 0.3038239272101316
16.7042 0.3039644481916706
16.7054 0.30410496917320967
16.70661 0.3042454901547487
16.70782 0.30438601113628777
16.70903 0.3045265321178268
16.71023 0.30466705309936587
16.71144 0.3048075740809049
16.71265 0.304948095062444
16.71385 0.3050886160439831
16.71506 0.3052467021482145
16.71627 0.3053872231297535
16.71747 0.30552774411129263
16.71868 0.3056682650928317
16.71989 0.3058263511970631
16.72109 0.3059668721786022
16.7223 0.3061249582828336
16.72351 0.30626547926437264
16.72471 0.3064235653686041
16.72592 0.30656408635014315
16.72713 0.3067221724543746
16.72833 0.30688025855860607
16.72954 0.3070383446628375
16.73075 0.3071964307670689
16.73195 0.30737208199399274
16.73316 0.3075301680982242
16.73437 0.307705819325148
16.73558 0.30786390542937947
16.73678 0.3080219915336109
16.73799 0.3081976427605347
16.7392 0.30835572886476614
16.7404 0.30853138009168996
16.74161 0.3086894661959214
16.74282 0.3088651174228452
16.74402 0.30902320352707663
16.74523 0.3091812896313081
16.74644 0.3093393757355395
16.74764 0.30949746183977095
16.74885 0.3096555479440024
16.75006 0.30981363404823387
16.75126 0.3099541550297729
16.75247 0.3101122411340044
16.75368 0.3102527621155434
16.75488 0.3103932830970825
16.75609 0.3105338040786215
16.7573 0.31067432506016057
16.7585 0.3108148460416996
16.75971 0.31095536702323867
16.76092 0.3110958880047777
16.76213 0.3112188438636244
16.76333 0.31135936484516347
16.76454 0.3114998858267025
16.76575 0.3116228416855492
16.76695 0.31176336266708826
16.76816 0.3118863185259349
16.76937 0.3120092743847816
16.77057 0.31213223024362824
16.77178 0.31225518610247494
16.77299 0.31237814196132163
16.77419 0.3124835326974759
16.7754 0.31260648855632256
16.77661 0.31271187929247685
16.77781 0.31283483515132354
16.77902 0.31294022588747783
16.78023 0.31302805150093976
16.78143 0.31313344223709405
16.78264 0.3132388329732483
16.78385 0.31332665858671027
16.78505 0.31341448420017215
16.78626 0.31351987493632644
16.78747 0.31360770054978837
16.78868 0.31369552616325025
16.78988 0.31376578665401983
16.79109 0.3138536122674817
16.7923 0.3139414378809436
16.7935 0.31401169837171317
16.79471 0.31408195886248264
16.79592 0.31416978447594457
16.79712 0.3142400449667141
16.79833 0.3143103054574836
16.79954 0.31438056594825314
16.80074 0.3144508264390227
16.80195 0.3145035218070998
16.80316 0.31457378229786936
16.80436 0.3146440427886389
16.80557 0.31469673815671606
16.80678 0.3147669986474856
16.80798 0.3148196940155627
16.80919 0.3148723893836399
16.8104 0.31494264987440934
16.8116 0.3149953452424865
16.81281 0.3150480406105637
16.81402 0.3151183011013332
16.81523 0.3151709964694104
16.81643 0.3152236918374875
16.81764 0.31527638720556467
16.81885 0.31531151745094943
16.82005 0.31536421281902655
16.82126 0.3153993430644113
16.82247 0.3154520384324885
16.82367 0.3154871686778732
16.82488 0.315522298923258
16.82609 0.31555742916864277
16.82729 0.31559255941402753
16.8285 0.3156101245367199
16.82971 0.31562768965941224
16.83091 0.31566281990479705
16.83212 0.31566281990479705
16.83333 0.3156803850274894
16.83453 0.3156803850274894
16.83574 0.3156803850274894
16.83695 0.3156803850274894
16.83816 0.3156803850274894
16.83936 0.3156803850274894
16.84057 0.3156803850274894
16.84178 0.31566281990479705
16.84298 0.31564525478210465
16.84419 0.31562768965941224
16.8454 0.3156101245367199
16.8466 0.3155749942913351
16.84781 0.31555742916864277
16.84902 0.315522298923258
16.85022 0.3154871686778732
16.85143 0.3154520384324885
16.85264 0.3154169081871037
16.85384 0.31536421281902655
16.85505 0.3153290825736418
16.85626 0.31527638720556467
16.85746 0.3152236918374875
16.85867 0.3151709964694104
16.85988 0.3151007359786408
16.86108 0.3150480406105637
16.86229 0.31497778011979416
16.8635 0.31490751962902463
16.86471 0.3148196940155627
16.86591 0.3147318684021008
16.86712 0.3146440427886389
16.86833 0.3145386520524846
16.86953 0.3144508264390227
16.87074 0.3143454357028684
16.87195 0.3142400449667141
16.87315 0.3141346542305598
16.87436 0.31401169837171317
16.87557 0.3139063076355589
16.87677 0.3137833517767122
16.87798 0.31367796104055784
16.87919 0.3135550051817112
16.88039 0.3134496144455569
16.8816 0.3133442237094026
16.88281 0.313221267850556
16.88401 0.31311587711440164
16.88522 0.31301048637824735
16.88643 0.31290509564209307
16.88763 0.3127997049059388
16.88884 0.31271187929247685
16.89005 0.31260648855632256
16.89126 0.3125186629428607
16.89246 0.31241327220670634
16.89367 0.3123078814705521
16.89488 0.3122024907343978
16.89608 0.31209709999824353
16.89729 0.3119917092620892
16.8985 0.3118863185259349
16.8997 0.3117809277897806
16.90091 0.3116931021763187
16.90212 0.3115877114401644
16.90332 0.3114823207040101
16.90453 0.31139449509054823
16.90574 0.3113066694770863
16.90694 0.3112188438636244
16.90815 0.3111310182501625
16.90936 0.31104319263670055
16.91056 0.3109729321459311
16.91177 0.3109026716551615
16.91298 0.31083241116439203
16.91418 0.31077971579631486
16.91539 0.3107270204282377
16.9166 0.31067432506016057
16.91781 0.3106391948147758
16.91901 0.310604064569391
16.92022 0.31058649944669864
16.92143 0.3105513692013139
16.92263 0.3105338040786215
16.92384 0.3105162389559291
16.92505 0.31049867383323676
16.92625 0.31049867383323676
16.92746 0.31049867383323676
16.92867 0.31049867383323676
16.92987 0.31049867383323676
16.93108 0.31049867383323676
16.93229 0.3105162389559291
16.93349 0.3105338040786215
16.9347 0.3105513692013139
16.93591 0.31056893432400623
16.93711 0.31058649944669864
16.93832 0.310604064569391
16.93953 0.3106391948147758
16.94073 0.31065675993746816
16.94194 0.3106918901828529
16.94315 0.3107270204282377
16.94436 0.31076215067362245
16.94556 0.3107972809190072
16.94677 0.31083241116439203
16.94798 0.31088510653246915
16.94918 0.3109378019005463
16.95039 0.31099049726862343
16.9516 0.31104319263670055
16.9528 0.31111345312747013
16.95401 0.31116614849554725
16.95522 0.31123640898631677
16.95642 0.3113066694770863
16.95763 0.3113769299678559
16.95884 0.31144719045862534
16.96004 0.3115174509493949
16.96125 0.3116052765628568
16.96246 0.31167553705362633
16.96366 0.31174579754439585
16.96487 0.3118160580351654
16.96608 0.3118863185259349
16.96728 0.3119741441393968
16.96849 0.31204440463016636
16.9697 0.31209709999824353
16.97091 0.312167360489013
16.97211 0.3122376209797826
16.97332 0.3122903163478597
16.97453 0.3123605768386292
16.97573 0.31241327220670634
16.97694 0.3124835326974759
16.97815 0.31253622806555303
16.97935 0.31260648855632256
16.98056 0.31265918392439973
16.98177 0.31272944441516926
16.98297 0.3127821397832464
16.98418 0.3128524002740159
16.98539 0.31290509564209307
16.98659 0.3129577910101702
16.9878 0.31302805150093976
16.98901 0.3130807468690169
16.99021 0.3131510073597864
16.99142 0.313221267850556
16.99263 0.3132739632186331
16.99383 0.3133442237094026
16.99504 0.31341448420017215
16.99625 0.3134847446909417
16.99746 0.3135550051817112
16.99866 0.3136252656724807
16.99987 0.31369552616325025
17.00108 0.31376578665401983
17.00228 0.3138360471447893
17.00349 0.31392387275825123
17.0047 0.31399413324902076
17.0059 0.31408195886248264
17.00711 0.3141522193532522
17.00832 0.3142400449667141
17.00952 0.314327870580176
17.01073 0.3144156961936379
17.01194 0.3145035218070998
17.01314 0.31457378229786936
17.01435 0.31466160791133124
17.01556 0.3147494335247932
17.01676 0.3148372591382551
17.01797 0.314925084751717
17.01918 0.3149953452424865
17.02038 0.31508317085594845
17.02159 0.3151709964694104
17.0228 0.31524125696017985
17.02401 0.3153290825736418
17.02521 0.3153993430644113
17.02642 0.31546960355518083
17.02763 0.31555742916864277
17.02883 0.31562768965941224
17.03004 0.3156979501501818
17.03125 0.3157857757636437
17.03245 0.31587360137710563
17.03366 0.31596142699056756
17.03487 0.31604925260402944
17.03607 0.3161546433401838
17.03728 0.31624246895364566
17.03849 0.31633029456710754
17.03969 0.3164181201805695
17.0409 0.31650594579403135
17.04211 0.31657620628480093
17.04331 0.3166640318982628
17.04452 0.31673429238903233
17.04573 0.31680455287980186
17.04694 0.31685724824787903
17.04814 0.31690994361595615
17.04935 0.3169450738613409
17.05056 0.3169802041067257
17.05176 0.3169977692294181
17.05297 0.3170153343521105
17.05418 0.3170153343521105
17.05538 0.3169977692294181
17.05659 0.3169802041067257
17.0578 0.3169450738613409
17.059 0.31690994361595615
17.06021 0.31685724824787903
17.06142 0.31680455287980186
17.06262 0.31673429238903233
17.06383 0.3166640318982628
17.06504 0.3165937714074933
17.06624 0.31650594579403135
17.06745 0.3164181201805695
17.06866 0.3163127294444152
17.06986 0.3162073387082609
17.07107 0.3161019479721066
17.07228 0.3159965572359523
17.07349 0.31587360137710563
17.07469 0.3157330803955666
17.0759 0.3156101245367199
17.07711 0.31546960355518083
17.07831 0.31531151745094943
17.07952 0.3151709964694104
17.08073 0.3150129103651789
17.08193 0.31485482426094746
17.08314 0.31469673815671606
17.08435 0.3145210869297922
17.08555 0.314327870580176
17.08676 0.3141346542305598
17.08797 0.3139414378809436
17.08917 0.31371309128594266
17.09038 0.3134847446909417
17.09159 0.3132563980959407
17.09279 0.31301048637824735
17.094 0.312764574660554
17.09521 0.3125186629428607
17.09641 0.3122727512251673
17.09762 0.3120092743847816
17.09883 0.31174579754439585
17.10004 0.3114998858267025
17.10124 0.31123640898631677
17.10245 0.31099049726862343
17.10366 0.3107270204282377
17.10486 0.31048110871054435
17.10607 0.310235196992851
17.10728 0.31000685039785003
17.10848 0.3097609386801567
17.10969 0.3095501572078481
17.1109 0.3093393757355395
17.1121 0.30912859426323097
17.11331 0.30893537791361475
17.11452 0.3087245964413062
17.11572 0.30853138009168996
17.11693 0.30833816374207373
17.11814 0.30812738226976516
17.11934 0.30793416592014894
17.12055 0.3077409495705328
17.12176 0.30754773322091655
17.12296 0.30737208199399274
17.12417 0.3071788656443766
17.12538 0.3070032144174527
17.12659 0.3068275631905289
17.12779 0.3066519119636051
17.129 0.3064938258593736
17.13021 0.3063181746324498
17.13141 0.3061600885282184
17.13262 0.30600200242398695
17.13383 0.3058614814424479
17.13503 0.30572096046090885
17.13624 0.3055804394793698
17.13745 0.3054574836205231
17.13865 0.30531696263898406
17.13986 0.30521157190282977
17.14107 0.3051061811666754
17.14227 0.30500079043052114
17.14348 0.3048953996943669
17.14469 0.3048075740809049
17.14589 0.30471974846744304
17.1471 0.30464948797667357
17.14831 0.304579227485904
17.14951 0.30450896699513447
17.15072 0.30443870650436494
17.15193 0.30438601113628777
17.15314 0.30433331576821065
17.15434 0.3042806204001335
17.15555 0.3042454901547487
17.15676 0.3041927947866716
17.15796 0.30415766454128684
17.15917 0.304122534295902
17.16038 0.3040874040505173
17.16158 0.30405227380513256
17.16279 0.3040171435597478
17.164 0.303982013314363
17.1652 0.30394688306897827
17.16641 0.3039117528235935
17.16762 0.3038941877009011
17.16882 0.30385905745551633
17.17003 0.3038414923328239
17.17124 0.3038063620874392
17.17244 0.3037887969647468
17.17365 0.30377123184205446
17.17486 0.30377123184205446
17.17606 0.30375366671936205
17.17727 0.30375366671936205
17.17848 0.30375366671936205
17.17969 0.30375366671936205
17.18089 0.30375366671936205
17.1821 0.30375366671936205
17.18331 0.30375366671936205
17.18451 0.30375366671936205
17.18572 0.30377123184205446
17.18693 0.30377123184205446
17.18813 0.30377123184205446
17.18934 0.30377123184205446
17.19055 0.30377123184205446
17.19175 0.30377123184205446
17.19296 0.30377123184205446
17.19417 0.30377123184205446
17.19537 0.30377123184205446
17.19658 0.30375366671936205
17.19779 0.30375366671936205
17.19899 0.30373610159666964
17.2002 0.30373610159666964
17.20141 0.3037185364739773
17.20261 0.3037009713512849
17.20382 0.30368340622859247
17.20503 0.30368340622859247
17.20624 0.30366584110590017
17.20744 0.30364827598320776
17.20865 0.3036307108605154
17.20986 0.303613145737823
17.21106 0.303613145737823
17.21227 0.3035955806151306
17.21348 0.30357801549243824
17.21468 0.3035604503697458
17.21589 0.3035428852470534
17.2171 0.3035253201243611
17.2183 0.3035077550016687
17.21951 0.3034901898789763
17.22072 0.30347262475628395
17.22192 0.30345505963359154
17.22313 0.30343749451089913
17.22434 0.3034199293882068
17.22554 0.30340236426551437
17.22675 0.30336723402012966
17.22796 0.30334966889743725
17.22916 0.3033321037747449
17.23037 0.3032969735293601
17.23158 0.3032618432839753
17.23279 0.30324427816128297
17.23399 0.3032091479158982
17.2352 0.30317401767051344
17.23641 0.3031388874251287
17.23761 0.3031037571797439
17.23882 0.30308619205705156
17.24003 0.30305106181166674
17.24123 0.303015931566282
17.24244 0.3029983664435896
17.24365 0.30296323619820487
17.24485 0.3029456710755125
17.24606 0.3029105408301277
17.24727 0.30289297570743534
17.24847 0.30287541058474293
17.24968 0.30287541058474293
17.25089 0.3028578454620505
17.25209 0.3028578454620505
17.2533 0.3028578454620505
17.25451 0.3028578454620505
17.25571 0.3028578454620505
17.25692 0.30287541058474293
17.25813 0.30287541058474293
17.25934 0.30289297570743534
17.26054 0.3029105408301277
17.26175 0.3029281059528201
17.26296 0.3029456710755125
17.26416 0.3029808013208972
17.26537 0.3029983664435896
17.26658 0.3030334966889744
17.26778 0.30305106181166674
17.26899 0.30308619205705156
17.2702 0.30312132230243627
17.2714 0.30315645254782103
17.27261 0.30319158279320585
17.27382 0.3032267130385906
17.27502 0.3032794084066677
17.27623 0.3033145386520525
17.27744 0.30336723402012966
17.27864 0.30340236426551437
17.27985 0.30345505963359154
17.28106 0.3035077550016687
17.28227 0.3035604503697458
17.28347 0.303613145737823
17.28468 0.30366584110590017
17.28589 0.3037185364739773
17.28709 0.3037887969647468
17.2883 0.3038414923328239
17.28951 0.3039117528235935
17.29071 0.303982013314363
17.29192 0.30405227380513256
17.29313 0.304122534295902
17.29433 0.304210359909364
17.29554 0.3042806204001335
17.29675 0.30435088089090306
17.29795 0.30443870650436494
17.29916 0.30450896699513447
17.30037 0.3045967926085964
17.30157 0.3046846182220583
17.30278 0.3047548787128278
17.30399 0.30484270432628974
17.30519 0.30491296481705926
17.3064 0.30500079043052114
17.30761 0.3050710509212907
17.30882 0.30514131141206025
17.31002 0.3052291370255221
17.31123 0.30529939751629165
17.31244 0.3053696580070612
17.31364 0.3054399184978307
17.31485 0.3055101789886002
17.31606 0.3055804394793698
17.31726 0.3056331348474469
17.31847 0.30570339533821644
17.31968 0.305773655828986
17.32088 0.3058439163197555
17.32209 0.3059141768105251
17.3233 0.3059668721786022
17.3245 0.3060371326693717
17.32571 0.30610739316014124
17.32692 0.30617765365091076
17.32812 0.3062479141416803
17.32933 0.3063181746324498
17.33054 0.30638843512321934
17.33174 0.30645869561398886
17.33295 0.3065289561047584
17.33416 0.30659921659552797
17.33537 0.30666947708629744
17.33657 0.306739737577067
17.33778 0.3068275631905289
17.33899 0.3068978236812984
17.34019 0.30698564929476035
17.3414 0.3070559097855298
17.34261 0.30714373539899176
17.34381 0.3072315610124537
17.34502 0.3073193866259156
17.34623 0.3074072122393775
17.34743 0.3074950378528394
17.34864 0.3075828634663013
17.34985 0.30767068907976325
17.35105 0.3077585146932251
17.35226 0.30784634030668706
17.35347 0.30793416592014894
17.35467 0.3080395566563032
17.35588 0.30812738226976516
17.35709 0.30821520788322704
17.35829 0.3083205986193813
17.3595 0.30842598935553567
17.36071 0.30851381496899755
17.36192 0.30861920570515183
17.36312 0.3087245964413062
17.36433 0.30881242205476805
17.36554 0.30891781279092234
17.36674 0.30902320352707663
17.36795 0.30912859426323097
17.36916 0.30923398499938526
17.37036 0.3093569408582319
17.37157 0.3094623315943862
17.37278 0.3095852874532328
17.37398 0.30969067818938717
17.37519 0.30981363404823387
17.3764 0.3099365899070805
17.3776 0.31007711088861956
17.37881 0.31020006674746625
17.38002 0.3103230226063129
17.38122 0.31046354358785194
17.38243 0.31058649944669864
17.38364 0.3107270204282377
17.38484 0.31084997628708433
17.38605 0.3109729321459311
17.38726 0.31111345312747013
17.38847 0.31123640898631677
17.38967 0.31135936484516347
17.39088 0.3114823207040101
17.39209 0.3116052765628568
17.39329 0.31172823242170344
17.3945 0.31185118828055014
17.39571 0.3119565790167044
17.39691 0.31206196975285877
17.39812 0.312167360489013
17.39933 0.3122727512251673
17.40053 0.31237814196132163
17.40174 0.3124659675747835
17.40295 0.3125537931882454
17.40415 0.3126416188017074
17.40536 0.31272944441516926
17.40657 0.31281727002863113
17.40777 0.31290509564209307
17.40898 0.3129753561328626
17.41019 0.3130631817463245
17.41139 0.31313344223709405
17.4126 0.313221267850556
17.41381 0.31329152834132545
17.41502 0.31336178883209503
17.41622 0.3134320493228645
17.41743 0.3135023098136341
17.41864 0.31359013542709596
17.41984 0.3136603959178655
17.42105 0.313730656408635
17.42226 0.31380091689940454
17.42346 0.31387117739017406
17.42467 0.3139414378809436
17.42588 0.31401169837171317
17.42708 0.31408195886248264
17.42829 0.3141522193532522
17.4295 0.3142224798440217
17.4307 0.31427517521209886
17.43191 0.3143454357028684
17.43312 0.31439813107094555
17.43432 0.3144508264390227
17.43553 0.3145035218070998
17.43674 0.31455621717517696
17.43794 0.3146089125432541
17.43915 0.3146440427886389
17.44036 0.31469673815671606
17.44157 0.3147494335247932
17.44277 0.3148021288928703
17.44398 0.31485482426094746
17.44519 0.31490751962902463
17.44639 0.31496021499710175
17.4476 0.31503047548787133
17.44881 0.3151007359786408
17.45001 0.3151709964694104
17.45122 0.31524125696017985
17.45243 0.3153290825736418
17.45363 0.3154169081871037
17.45484 0.3155047338005656
17.45605 0.3156101245367199
17.45725 0.3157330803955666
17.45846 0.31583847113172087
17.45967 0.3159789921132599
17.46087 0.3161019479721066
17.46208 0.31624246895364566
17.46329 0.3163654248124923
17.46449 0.31652351091672376
17.4657 0.3166640318982628
17.46691 0.31682211800249427
17.46812 0.3169802041067257
17.46932 0.31713829021095713
17.47053 0.3172963763151886
17.47174 0.3174720275421124
17.47294 0.3176476787690362
17.47415 0.31782332999596
17.47536 0.31799898122288384
17.47656 0.31817463244980765
17.47777 0.31836784879942387
17.47898 0.31854350002634774
17.48018 0.3187367163759639
17.48139 0.3189299327255801
17.4826 0.31914071419788864
17.4838 0.31933393054750486
17.48501 0.3195271468971211
17.48622 0.31973792836942966
17.48742 0.3199487098417383
17.48863 0.3201594913140468
17.48984 0.32037027278635544
17.49105 0.32059861938135636
17.49225 0.32082696597635735
17.49346 0.32107287769405074
17.49467 0.32130122428905167
17.49587 0.321547136006745
17.49708 0.32179304772443834
17.49829 0.32203895944213173
17.49949 0.3223024362825174
17.5007 0.32254834800021076
17.50191 0.3228118248405965
17.50311 0.32305773655828984
17.50432 0.32332121339867564
17.50553 0.323567125116369
17.50673 0.32383060195675467
17.50794 0.3240940787971404
17.50915 0.32433999051483375
17.51035 0.32458590223252715
17.51156 0.32484937907291284
17.51277 0.3250952907906062
17.51397 0.3253412025082995
17.51518 0.32558711422599285
17.51639 0.32581546082099383
17.5176 0.32606137253868717
17.5188 0.32628971913368815
17.52001 0.32653563085138154
17.52122 0.32676397744638247
17.52242 0.3269923240413834
17.52363 0.3272382357590768
17.52484 0.3274665823540778
17.52604 0.3277124940717711
17.52725 0.3279408406667721
17.52846 0.328169187261773
17.52966 0.32841509897946636
17.53087 0.32864344557446734
17.53208 0.3288717921694683
17.53328 0.32910013876446925
17.53449 0.32932848535947024
17.5357 0.3295568319544712
17.5369 0.3297851785494722
17.53811 0.33001352514447313
17.53932 0.3302243066167817
17.54052 0.3304526532117827
17.54173 0.33066343468409126
17.54294 0.3308742161563999
17.54415 0.3311025627514008
17.54535 0.33131334422370945
17.54656 0.3315065605733256
17.54777 0.3317173420456342
17.54897 0.33192812351794276
17.55018 0.3321389049902514
17.55139 0.33233212133986756
17.55259 0.33254290281217613
17.5538 0.33273611916179235
17.55501 0.33294690063410093
17.55621 0.33314011698371715
17.55742 0.3333333333333333
17.55863 0.33352654968294954
17.55983 0.33371976603256576
17.56104 0.3339129823821819
17.56225 0.33410619873179814
17.56345 0.334281849958722
17.56466 0.3344750663083382
17.56587 0.334650717535262
17.56707 0.3348439338848782
17.56828 0.335019585111802
17.56949 0.33519523633872583
17.5707 0.3353533224429573
17.5719 0.3355289736698811
17.57311 0.33568705977411256
17.57432 0.3358627110010363
17.57552 0.3360207971052678
17.57673 0.33617888320949924
17.57794 0.3363194041910383
17.57914 0.33647749029526974
17.58035 0.3366180112768088
17.58156 0.33675853225834784
17.58276 0.3368990532398869
17.58397 0.33703957422142594
17.58518 0.337180095202965
17.58638 0.3373030510618117
17.58759 0.33744357204335074
17.5888 0.3375665279021974
17.59 0.3376894837610441
17.59121 0.3378124396198907
17.59242 0.33793539547873747
17.59362 0.3380583513375841
17.59483 0.3381813071964308
17.59604 0.33830426305527744
17.59725 0.33840965379143173
17.59845 0.3385326096502784
17.59966 0.3386380003864327
17.60087 0.3387609562452794
17.60207 0.3388663469814337
17.60328 0.338971737717588
17.60449 0.3390946935764346
17.60569 0.33920008431258897
17.6069 0.33930547504874325
17.60811 0.33941086578489754
17.60931 0.3394986913983594
17.61052 0.33958651701182135
17.61173 0.33967434262528323
17.61293 0.33976216823874517
17.61414 0.3398499938522071
17.61535 0.339937819465669
17.61655 0.3400080799564385
17.61776 0.3400959055699004
17.61897 0.34016616606066996
17.62017 0.34025399167413184
17.62138 0.3403242521649014
17.62259 0.3404120777783633
17.6238 0.3404999033918252
17.625 0.34057016388259476
17.62621 0.34065798949605663
17.62742 0.34074581510951857
17.62862 0.34085120584567286
17.62983 0.34093903145913473
17.63104 0.341044422195289
17.63224 0.34114981293144336
17.63345 0.34125520366759765
17.63466 0.3413781595264443
17.63586 0.341501115385291
17.63707 0.34162407124413763
17.63828 0.3417470271029843
17.63948 0.3418875480845234
17.64069 0.34201050394337007
17.6419 0.3421510249249091
17.6431 0.3422739807837558
17.64431 0.34241450176529487
17.64552 0.3425550227468339
17.64672 0.34269554372837296
17.64793 0.3428536298326044
17.64914 0.3429941508141435
17.65035 0.3431522369183749
17.65155 0.34331032302260633
17.65276 0.34346840912683774
17.65397 0.3436264952310692
17.65517 0.34378458133530065
17.65638 0.34396023256222447
17.65759 0.3441183186664559
17.65879 0.3442939698933797
17.66 0.3444871862429959
17.66121 0.34466283746991977
17.66241 0.34485605381953593
17.66362 0.34504927016915216
17.66483 0.3452424865187683
17.66603 0.34543570286838454
17.66724 0.34564648434069317
17.66845 0.3458748309356941
17.66965 0.3460856124080027
17.67086 0.34631395900300366
17.67207 0.3465423055980046
17.67327 0.346788217315698
17.67448 0.3470341290333913
17.67569 0.34726247562839224
17.6769 0.347525952468778
17.6781 0.3477718641864713
17.67931 0.3480353410268571
17.68052 0.34828125274455046
17.68172 0.34854472958493615
17.68293 0.3488082064253219
17.68414 0.3490716832657076
17.68534 0.349317594983401
17.68655 0.3495810718237867
17.68776 0.34984454866417247
17.68896 0.35010802550455816
17.69017 0.3503715023449439
17.69138 0.35061741406263724
17.69258 0.35088089090302294
17.69379 0.3511268026207163
17.695 0.35137271433840966
17.6962 0.351618626056103
17.69741 0.35188210289648875
17.69862 0.3521280146141821
17.69983 0.3523739263318755
17.70103 0.35263740317226117
17.70224 0.3528833148899545
17.70345 0.35314679173034025
17.70465 0.3533927034480336
17.70586 0.35365618028841933
17.70707 0.35390209200611267
17.70827 0.3541655688464984
17.70948 0.35441148056419175
17.71069 0.35467495740457744
17.71189 0.35492086912227083
17.7131 0.3551843459626566
17.71431 0.3554302576803499
17.71551 0.35567616939804325
17.71672 0.3559220811157366
17.71793 0.35615042771073757
17.71913 0.3563963394284309
17.72034 0.3566246860234319
17.72155 0.3568530326184329
17.72275 0.3570813792134338
17.72396 0.35729216068574243
17.72517 0.35750294215805095
17.72638 0.3577137236303596
17.72758 0.35792450510266816
17.72879 0.3581177214522844
17.73 0.3583285029245929
17.7312 0.35852171927420917
17.73241 0.3587149356238254
17.73362 0.35889058685074915
17.73482 0.35908380320036537
17.73603 0.3592594544272892
17.73724 0.35945267077690535
17.73844 0.3596283220038292
17.73965 0.359803973230753
17.74086 0.3599620593349845
17.74206 0.36013771056190824
17.74327 0.3603133617888321
17.74448 0.36047144789306357
17.74568 0.36062953399729497
17.74689 0.36078762010152643
17.7481 0.3609457062057579
17.7493 0.3611037923099893
17.75051 0.3612618784142207
17.75172 0.36140239939575974
17.75293 0.3615604854999912
17.75413 0.36170100648153025
17.75534 0.3618415274630693
17.75655 0.36199961356730076
17.75775 0.3621401345488398
17.75896 0.3622630904076865
17.76017 0.36240361138922556
17.76137 0.3625265672480722
17.76258 0.36266708822961125
17.76379 0.362790044088458
17.76499 0.36291299994730464
17.7662 0.36303595580615133
17.76741 0.3631413465423056
17.76861 0.36326430240115226
17.76982 0.36336969313730655
17.77103 0.36349264899615324
17.77223 0.36359803973230753
17.77344 0.3637034304684618
17.77465 0.3638088212046161
17.77585 0.36391421194077045
17.77706 0.36401960267692474
17.77827 0.364124993413079
17.77948 0.36423038414923326
17.78068 0.3643357748853876
17.78189 0.3644411656215419
17.7831 0.36454655635769617
17.7843 0.36465194709385046
17.78551 0.36475733783000475
17.78672 0.36486272856615903
17.78792 0.3649681193023133
17.78913 0.3650735100384676
17.79034 0.36517890077462195
17.79154 0.36526672638808383
17.79275 0.3653721171242381
17.79396 0.3654775078603924
17.79516 0.36556533347385434
17.79637 0.3656707242100086
17.79758 0.3657585498234705
17.79878 0.36586394055962485
17.79999 0.3659517661730867
17.8012 0.366057156909241
17.8024 0.36614498252270294
17.80361 0.3662328081361648
17.80482 0.3663381988723191
17.80603 0.36642602448578104
17.80723 0.36653141522193533
17.80844 0.3666192408353972
17.80965 0.3667070664488592
17.81085 0.36681245718501343
17.81206 0.36690028279847536
17.81327 0.36700567353462965
17.81447 0.3670934991480916
17.81568 0.36719888988424587
17.81689 0.3673042806204001
17.81809 0.3673921062338621
17.8193 0.3674974969700163
17.82051 0.3676028877061706
17.82171 0.36769071331963255
17.82292 0.36779610405578683
17.82413 0.3678839296692487
17.82533 0.36798932040540305
17.82654 0.36807714601886493
17.82775 0.3681825367550192
17.82895 0.3682879274911735
17.83016 0.36837575310463544
17.83137 0.3684811438407897
17.83258 0.3685689694542516
17.83378 0.36867436019040595
17.83499 0.36877975092656023
17.8362 0.3688851416627145
17.8374 0.3689905323988688
17.83861 0.36907835801233074
17.83982 0.36918374874848503
17.84102 0.3692891394846393
17.84223 0.36941209534348596
17.84344 0.3695174860796403
17.84464 0.3696228768157946
17.84585 0.36974583267464123
17.84706 0.3698512234107955
17.84826 0.3699741792696422
17.84947 0.3700795700057965
17.85068 0.3702025258646432
17.85188 0.37032548172348984
17.85309 0.37044843758233653
17.8543 0.3705538283184908
17.8555 0.37067678417733746
17.85671 0.37079974003618416
17.85792 0.37092269589503085
17.85913 0.37104565175387755
17.86033 0.3711686076127242
17.86154 0.37130912859426324
17.86275 0.37143208445310993
17.86395 0.3715550403119566
17.86516 0.3716955612934956
17.86637 0.3718185171523423
17.86757 0.37195903813388137
17.86878 0.3720995591154204
17.86999 0.37222251497426706
17.87119 0.37236303595580617
17.8724 0.3725035569373452
17.87361 0.3726616430415766
17.87481 0.3728021640231157
17.87602 0.3729602501273471
17.87723 0.3731007711088862
17.87843 0.37325885721311763
17.87964 0.3734169433173491
17.88085 0.37357502942158055
17.88205 0.37373311552581195
17.88326 0.37390876675273577
17.88447 0.3740668528569672
17.88568 0.37424250408389104
17.88688 0.3744005901881225
17.88809 0.3745762414150463
17.8893 0.3747518926419701
17.8905 0.37492754386889393
17.89171 0.37510319509581774
17.89292 0.37529641144543396
17.89412 0.3754720626723578
17.89533 0.3756477138992816
17.89654 0.3758409302488978
17.89774 0.3760165814758216
17.89895 0.37620979782543784
17.90016 0.37640301417505406
17.90136 0.37659623052467023
17.90257 0.37678944687428645
17.90378 0.3769826632239026
17.90498 0.37717587957351884
17.90619 0.37736909592313506
17.9074 0.3775623122727512
17.90861 0.37777309374505985
17.90981 0.377966310094676
17.91102 0.3781770915669846
17.91223 0.3783703079166008
17.91343 0.3785810893889094
17.91464 0.378791870861218
17.91585 0.37900265233352654
17.91705 0.37921343380583517
17.91826 0.37942421527814374
17.91947 0.37965256187314467
17.92067 0.3798633433454533
17.92188 0.3800916899404542
17.92309 0.38030247141276285
17.92429 0.3805308180077638
17.9255 0.38075916460276477
17.92671 0.38098751119776575
17.92791 0.38119829267007427
17.92912 0.3814266392650753
17.93033 0.38165498586007623
17.93153 0.3818833324550772
17.93274 0.3820941139273858
17.93395 0.3823224605223867
17.93516 0.38255080711738776
17.93636 0.3827791537123887
17.93757 0.3829899351846973
17.93878 0.38321828177969824
17.93998 0.3834290632520069
17.94119 0.3836574098470078
17.9424 0.3838681913193164
17.9436 0.38409653791431736
17.94481 0.38430731938662593
17.94602 0.3845356659816269
17.94722 0.3847464474539355
17.94843 0.3849747940489365
17.94964 0.38518557552124505
17.95084 0.385413922116246
17.95205 0.3856247035885546
17.95326 0.38585305018355553
17.95446 0.38606383165586416
17.95567 0.3862921782508651
17.95688 0.3865029597231737
17.95808 0.38673130631817465
17.95929 0.3869420877904832
17.9605 0.3871528692627918
17.96171 0.3873812158577928
17.96291 0.38759199733010136
17.96412 0.38780277880240993
17.96533 0.3880311253974109
17.96653 0.3882419068697195
17.96774 0.3884526883420281
17.96895 0.38866346981433664
17.97015 0.38887425128664527
17.97136 0.38908503275895384
17.97257 0.3892958142312624
17.97377 0.3894890305808786
17.97498 0.3896998120531872
17.97619 0.3899105935254958
17.97739 0.390103809875112
17.9786 0.3903145913474206
17.97981 0.39050780769703675
17.98101 0.3907185891693454
17.98222 0.39091180551896154
17.98343 0.39110502186857776
17.98463 0.39131580334088634
17.98584 0.39150901969050256
17.98705 0.3917022360401188
17.98826 0.39189545238973494
17.98946 0.3921062338620436
17.99067 0.39229945021165974
17.99188 0.39249266656127596
17.99308 0.3926858829108922
17.99429 0.39287909926050835
17.9955 0.39307231561012457
17.9967 0.3932655319597408
17.99791 0.39345874830935695
17.99912 0.3936519646589732
18.00032 0.39384518100858934
18.00153 0.39405596248089797
18.00274 0.39424917883051414
18.00394 0.39444239518013036
18.00515 0.3946356115297466
18.00636 0.39482882787936274
18.00756 0.39502204422897896
18.00877 0.3951976954559028
18.00998 0.39539091180551894
18.01118 0.39558412815513516
18.01239 0.3957773445047514
18.0136 0.3959529957316752
18.01481 0.3961462120812914
18.01601 0.39633942843090764
18.01722 0.3965326447805238
18.01843 0.3967082960074476
18.01963 0.39690151235706383
18.02084 0.39709472870668
18.02205 0.3972879450562962
18.02325 0.3974635962832201
18.02446 0.39765681263283625
18.02567 0.3978500289824525
18.02687 0.39804324533206864
18.02808 0.39823646168168486
18.02929 0.3984296780313011
18.03049 0.39862289438091725
18.0317 0.39881611073053347
18.03291 0.3990093270801497
18.03411 0.39920254342976585
18.03532 0.3994133249020745
18.03653 0.39960654125169065
18.03773 0.39979975760130687
18.03894 0.3999929739509231
18.04015 0.40018619030053926
18.04136 0.4003794066501555
18.04256 0.40057262299977164
18.04377 0.40076583934938786
18.04498 0.4009590556990041
18.04618 0.40115227204862025
18.04739 0.40134548839823647
18.0486 0.4015387047478527
18.0498 0.40173192109746886
18.05101 0.4019251374470851
18.05222 0.40213591891939365
18.05342 0.4023291352690099
18.05463 0.40253991674131845
18.05584 0.402750698213627
18.05704 0.4029614796859356
18.05825 0.4031722611582442
18.05946 0.40340060775324516
18.06066 0.40362895434824614
18.06187 0.4038573009432471
18.06308 0.40408564753824805
18.06428 0.40433155925594144
18.06549 0.4045774709736348
18.0667 0.4048233826913281
18.06791 0.4050868595317138
18.06911 0.4053327712494072
18.07032 0.40559624808979294
18.07153 0.40585972493017863
18.07273 0.4061232017705644
18.07394 0.4063866786109501
18.07515 0.4066501554513358
18.07635 0.4069311974144139
18.07756 0.40721223937749207
18.07877 0.40749328134057017
18.07997 0.40777432330364827
18.08118 0.40805536526672637
18.08239 0.4083539723524969
18.08359 0.40863501431557503
18.0848 0.4089336214013455
18.08601 0.4092497936098084
18.08721 0.4095484006955789
18.08842 0.4098645729040417
18.08963 0.41018074511250463
18.09083 0.4104969173209675
18.09204 0.41083065465212276
18.09325 0.41116439198327803
18.09446 0.4114981293144333
18.09566 0.4118318666455885
18.09687 0.4121831690994362
18.09808 0.4125344715532838
18.09928 0.41290333912982385
18.10049 0.41327220670636383
18.1017 0.41364107428290386
18.1029 0.4140275069821363
18.10411 0.4144139396813687
18.10532 0.4148179375032935
18.10652 0.4152043702025259
18.10773 0.4156083680244506
18.10894 0.4160299309690678
18.11014 0.4164339287909926
18.11135 0.4168554917356098
18.11256 0.41727705468022697
18.11376 0.4176986176248441
18.11497 0.4181201805694613
18.11618 0.41854174351407847
18.11739 0.4189633064586956
18.11859 0.4194024345260052
18.1198 0.4198239974706223
18.12101 0.42024556041523947
18.12221 0.42068468848254903
18.12342 0.42110625142716623
18.12463 0.4215278143717834
18.12583 0.4219318121937082
18.12704 0.4223533751383253
18.12825 0.4227749380829425
18.12945 0.4231789359048673
18.13066 0.4235829337267921
18.13187 0.42400449667140927
18.13307 0.4244260596160265
18.13428 0.4248300574379512
18.13549 0.4252516203825684
18.13669 0.42567318332718557
18.1379 0.4260947462718027
18.13911 0.4265163092164199
18.14031 0.42693787216103707
18.14152 0.4273594351056542
18.14273 0.427763432927579
18.14394 0.42818499587219616
18.14514 0.42860655881681337
18.14635 0.4290281217614305
18.14756 0.4294321195833553
18.14876 0.42985368252797246
18.14997 0.43025768034989725
18.15118 0.4306792432945144
18.15238 0.4310832411164392
18.15359 0.431487238938364
18.1548 0.4318912367602888
18.156 0.43227766945952123
18.15721 0.43268166728144597
18.15842 0.43306809998067836
18.15962 0.43345453267991074
18.16083 0.4338409653791432
18.16204 0.4342098329556832
18.16324 0.4345962656549156
18.16445 0.4349475681087633
18.16566 0.43531643568530326
18.16686 0.4356853032618433
18.16807 0.4360366057156909
18.16928 0.43638790816953854
18.17049 0.4367392106233862
18.17169 0.43709051307723384
18.1729 0.4374418155310815
18.17411 0.4377755528622368
18.17531 0.4381268553160844
18.17652 0.4384605926472397
18.17773 0.43881189510108726
18.17893 0.4391456324322426
18.18014 0.43949693488609015
18.18135 0.4398306722172455
18.18255 0.4401644095484007
18.18376 0.44051571200224837
18.18497 0.440867014456096
18.18617 0.44120075178725127
18.18738 0.4415520542410989
18.18859 0.44190335669494657
18.18979 0.4422546591487942
18.191 0.44260596160264176
18.19221 0.44297482917918185
18.19341 0.4433261316330295
18.19462 0.44369499920956945
18.19583 0.4440638667861095
18.19704 0.44441516923995716
18.19824 0.4447840368164972
18.19945 0.44513533927034477
18.20066 0.44550420684688485
18.20186 0.4458555093007325
18.20307 0.44622437687727246
18.20428 0.4465932444538125
18.20548 0.44694454690766017
18.20669 0.4473134144842002
18.2079 0.4476822820607402
18.2091 0.4480511496372802
18.21031 0.4484200172138203
18.21152 0.4487888847903603
18.21272 0.4491577523669003
18.21393 0.4495441850661327
18.21514 0.4499130526426727
18.21634 0.45029948534190506
18.21755 0.4506859180411375
18.21876 0.4510547856176776
18.21996 0.4514587834396024
18.22117 0.45184521613883477
18.22238 0.4522316488380672
18.22359 0.4526356466599919
18.22479 0.4530220793592243
18.226 0.4534260771811491
18.22721 0.4538476401257663
18.22841 0.4542516379476911
18.22962 0.4546732008923083
18.23083 0.4550947638369254
18.23203 0.4555163267815426
18.23324 0.4559378897261598
18.23445 0.4563594526707769
18.23565 0.4567985807380865
18.23686 0.457237708805396
18.23807 0.4576592717500132
18.23927 0.4580983998173227
18.24048 0.4585375278846323
18.24169 0.4589766559519418
18.24289 0.45941578401925137
18.2441 0.4598549120865609
18.24531 0.4602940401538705
18.24651 0.4607156030984877
18.24772 0.4611547311657972
18.24893 0.4615938592331068
18.25014 0.4620154221777239
18.25134 0.4624545502450335
18.25255 0.4628761131896506
18.25376 0.4633152412569602
18.25496 0.4637368042015774
18.25617 0.4641583671461945
18.25738 0.4645623649681193
18.25858 0.4649839279127365
18.25979 0.4654054908573536
18.261 0.4658270538019708
18.2622 0.466248616746588
18.26341 0.4666701796912052
18.26462 0.4670917426358223
18.26582 0.4675133055804395
18.26703 0.4679348685250567
18.26824 0.4683388663469814
18.26944 0.4687604292915986
18.27065 0.4691819922362158
18.27186 0.4696035551808329
18.27306 0.4700075530027577
18.27427 0.4704291159473749
18.27548 0.4708331137692997
18.27669 0.4712371115912245
18.27789 0.4716411094131493
18.2791 0.47204510723507404
18.28031 0.47244910505699883
18.28151 0.4728355377562312
18.28272 0.4732219704554636
18.28393 0.4736259682773884
18.28513 0.47399483585392843
18.28634 0.4743812685531608
18.28755 0.4747501361297009
18.28875 0.4751365688289333
18.28996 0.4754878712827809
18.29117 0.4758567388593209
18.29237 0.47620804131316863
18.29358 0.4765769088897086
18.29479 0.47692821134355623
18.29599 0.4772795137974039
18.2972 0.4776132511285591
18.29841 0.4779645535824068
18.29961 0.478298290913562
18.30082 0.47863202824471734
18.30203 0.4789657655758725
18.30324 0.47929950290702783
18.30444 0.4796332402381831
18.30565 0.4799494124466459
18.30686 0.48028314977780123
18.30806 0.48059932198626415
18.30927 0.4809154941947269
18.31048 0.4812492315258822
18.31168 0.48156540373434514
18.31289 0.48188157594280795
18.3141 0.4821977481512708
18.3153 0.48251392035973373
18.31651 0.48281252744550424
18.31772 0.48312869965396715
18.31892 0.4834448718624299
18.32013 0.4837610440708928
18.32134 0.48405965115666333
18.32254 0.48437582336512625
18.32375 0.4846919955735891
18.32496 0.4849906026593596
18.32617 0.4852892097451301
18.32737 0.48560538195359293
18.32858 0.48590398903936344
18.32979 0.48620259612513395
18.33099 0.48650120321090445
18.3322 0.4867998102966749
18.33341 0.48708085225975306
18.33461 0.4873794593455235
18.33582 0.487678066431294
18.33703 0.4879591083943721
18.33823 0.48825771548014263
18.33944 0.48853875744322073
18.34065 0.4888197994062988
18.34185 0.48911840649206934
18.34306 0.48939944845514743
18.34427 0.48968049041822553
18.34547 0.48996153238130374
18.34668 0.49024257434438184
18.34789 0.49052361630745994
18.34909 0.49080465827053804
18.3503 0.49106813511092373
18.35151 0.49134917707400183
18.35272 0.49163021903708004
18.35392 0.49189369587746573
18.35513 0.49217473784054383
18.35634 0.4924382146809295
18.35754 0.4927192566440076
18.35875 0.4930002986070857
18.35996 0.4932637754474715
18.36116 0.4935448174105496
18.36237 0.49380829425093536
18.36358 0.49407177109132105
18.36478 0.49435281305439926
18.36599 0.49461628989478496
18.3672 0.49487976673517065
18.3684 0.49514324357555634
18.36961 0.49540672041594214
18.37082 0.4956701972563278
18.37202 0.4959336740967136
18.37323 0.49617958581440696
18.37444 0.49644306265479266
18.37564 0.49668897437248605
18.37685 0.49693488609017933
18.37806 0.4971807978078727
18.37927 0.49742670952556606
18.38047 0.49767262124325945
18.38168 0.4979009678382603
18.38289 0.49814687955595377
18.38409 0.49837522615095464
18.3853 0.4986035727459556
18.38651 0.49881435421826426
18.38771 0.4990427008132651
18.38892 0.49925348228557376
18.39013 0.49946426375788233
18.39133 0.49967504523019096
18.39254 0.49988582670249954
18.39375 0.5000790430521157
18.39495 0.5002898245244244
18.39616 0.5004830408740405
18.39737 0.5006762572236567
18.39857 0.5008694735732729
18.39978 0.5010626899228892
18.40099 0.5012383411498129
18.40219 0.5014315574994291
18.4034 0.5016247738490454
18.40461 0.5018004250759691
18.40582 0.501976076302893
18.40702 0.5021517275298168
18.40823 0.5023273787567406
18.40944 0.5025205951063568
18.41064 0.5026962463332807
18.41185 0.5028718975602045
18.41306 0.503029983664436
18.41426 0.5032056348913597
18.41547 0.5033812861182836
18.41668 0.5035569373452073
18.41788 0.5037325885721311
18.41909 0.5039082397990551
18.4203 0.5040838910259788
18.4215 0.5042419771302102
18.42271 0.5044176283571341
18.42392 0.5045757144613655
18.42512 0.5047338005655969
18.42633 0.5048918866698283
18.42754 0.5050675378967523
18.42874 0.5052256240009837
18.42995 0.5053837101052151
18.43116 0.5055242310867541
18.43237 0.5056823171909856
18.43357 0.5058404032952171
18.43478 0.5059984893994485
18.43599 0.50615657550368
18.43719 0.5062970964852189
18.4384 0.5064551825894503
18.43961 0.5066132686936818
18.44081 0.5067537896752209
18.44202 0.5069118757794524
18.44323 0.5070699618836838
18.44443 0.5072104828652229
18.44564 0.5073685689694543
18.44685 0.5075266550736857
18.44805 0.5076847411779172
18.44926 0.5078428272821486
18.45047 0.5079833482636876
18.45167 0.508141434367919
18.45288 0.5083170855948429
18.45409 0.5084751716990744
18.45529 0.5086332578033058
18.4565 0.5087913439075371
18.45771 0.5089669951344611
18.45892 0.5091250812386925
18.46012 0.5093007324656162
18.46133 0.5094588185698478
18.46254 0.5096344697967715
18.46374 0.5097925559010029
18.46495 0.5099682071279268
18.46616 0.5101262932321583
18.46736 0.5103019444590821
18.46857 0.5104600305633135
18.46978 0.5106356817902373
18.47098 0.5107937678944687
18.47219 0.5109518539987001
18.4734 0.5111099401029316
18.4746 0.511268026207163
18.47581 0.5114261123113945
18.47702 0.511584198415626
18.47822 0.5117422845198574
18.47943 0.5119003706240889
18.48064 0.5120408916056278
18.48184 0.512181412587167
18.48305 0.5123394986913984
18.48426 0.5124800196729374
18.48547 0.512602975531784
18.48667 0.5127434965133232
18.48788 0.5128840174948622
18.48909 0.5130245384764013
18.49029 0.513147494335248
18.4915 0.5132880153167869
18.49271 0.5134285362983261
18.49391 0.5135514921571728
18.49512 0.5136744480160194
18.49633 0.5138149689975585
18.49753 0.5139379248564052
18.49874 0.5140608807152518
18.49995 0.5141838365740985
18.50115 0.5143067924329452
18.50236 0.5144121831690994
18.50357 0.5145351390279461
18.50477 0.5146580948867928
18.50598 0.514763485622947
18.50719 0.5148688763591014
18.50839 0.5149742670952556
18.5096 0.51507965783141
18.51081 0.5151850485675643
18.51202 0.5152728741810262
18.51322 0.5153782649171804
18.51443 0.5154660905306424
18.51564 0.5155539161441043
18.51684 0.5156417417575662
18.51805 0.515729567371028
18.51926 0.5158173929844899
18.52046 0.5158876534752596
18.52167 0.5159579139660291
18.52288 0.5160281744567986
18.52408 0.5160984349475681
18.52529 0.5161511303156453
18.5265 0.5162213908064148
18.5277 0.516274086174492
18.52891 0.5163443466652615
18.53012 0.5163970420333386
18.53132 0.5164497374014158
18.53253 0.5164848676468006
18.53374 0.5165375630148776
18.53494 0.5165902583829548
18.53615 0.5166253886283396
18.53736 0.5166780839964168
18.53857 0.5167132142418015
18.53977 0.5167483444871863
18.54098 0.516783474732571
18.54219 0.5168186049779557
18.54339 0.516871300346033
18.5446 0.5169064305914177
18.54581 0.5169415608368024
18.54701 0.5169591259594949
18.54822 0.5169942562048796
18.54943 0.5170293864502644
18.55063 0.5170645166956491
18.55184 0.5170996469410338
18.55305 0.5171172120637263
18.55425 0.5171523423091111
18.55546 0.5171699074318035
18.55667 0.5172050376771882
18.55787 0.5172226027998805
18.55908 0.517240167922573
18.56029 0.5172577330452653
18.5615 0.5172752981679577
18.5627 0.51729286329065
18.56391 0.51729286329065
18.56512 0.5173104284133425
18.56632 0.5173279935360349
18.56753 0.5173279935360349
18.56874 0.5173455586587272
18.56994 0.5173455586587272
18.57115 0.5173631237814197
18.57236 0.5173806889041119
18.57356 0.5173806889041119
18.57477 0.5173982540268044
18.57598 0.5173982540268044
18.57718 0.5174158191494967
18.57839 0.5174158191494967
18.5796 0.5174333842721892
18.5808 0.5174509493948816
18.58201 0.5174509493948816
18.58322 0.5174685145175739
18.58442 0.5174860796402663
18.58563 0.5175036447629586
18.58684 0.5175212098856511
18.58805 0.5175212098856511
18.58925 0.5175387750083434
18.59046 0.5175563401310359
18.59167 0.5175739052537282
18.59287 0.5175739052537282
18.59408 0.5175914703764206
18.59529 0.517609035499113
18.59649 0.5176266006218053
18.5977 0.5176266006218053
18.59891 0.5176441657444978
18.60011 0.5176617308671901
18.60132 0.5176792959898825
18.60253 0.5176792959898825
18.60373 0.5176968611125748
18.60494 0.5177144262352673
18.60615 0.5177319913579597
18.60735 0.517749556480652
18.60856 0.517749556480652
18.60977 0.5177671216033444
18.61097 0.5177846867260367
18.61218 0.5178022518487292
18.61339 0.5178198169714215
18.6146 0.517837382094114
18.6158 0.5178549472168064
18.61701 0.5178725123394987
18.61822 0.5178900774621911
18.61942 0.5179076425848834
18.62063 0.5179252077075759
18.62184 0.5179427728302682
18.62304 0.5179603379529606
18.62425 0.5179954681983454
18.62546 0.5180130333210378
18.62666 0.5180305984437301
18.62787 0.5180657286891148
18.62908 0.5180832938118073
18.63028 0.5181008589344996
18.63149 0.5181359891798845
18.6327 0.5181535543025768
18.6339 0.5181711194252692
18.63511 0.518206249670654
18.63632 0.5182238147933463
18.63752 0.5182413799160388
18.63873 0.5182765101614235
18.63994 0.5182940752841159
18.64115 0.5183116404068083
18.64235 0.5183292055295007
18.64356 0.5183467706521929
18.64477 0.5183643357748854
18.64597 0.5183819008975777
18.64718 0.5183994660202702
18.64839 0.5184170311429626
18.64959 0.518434596265655
18.6508 0.518434596265655
18.65201 0.5184521613883473
18.65321 0.5184521613883473
18.65442 0.5184697265110396
18.65563 0.5184697265110396
18.65683 0.5184872916337321
18.65804 0.5184872916337321
18.65925 0.5185048567564244
18.66045 0.5185048567564244
18.66166 0.5185048567564244
18.66287 0.5185048567564244
18.66407 0.5185224218791169
18.66528 0.5185224218791169
18.66649 0.5185224218791169
18.6677 0.5185224218791169
18.6689 0.5185224218791169
18.67011 0.5185224218791169
18.67132 0.5185224218791169
18.67252 0.5185224218791169
18.67373 0.5185224218791169
18.67494 0.5185224218791169
18.67614 0.5185224218791169
18.67735 0.5185048567564244
18.67856 0.5185048567564244
18.67976 0.5184872916337321
18.68097 0.5184872916337321
18.68218 0.5184872916337321
18.68338 0.5184697265110396
18.68459 0.5184521613883473
18.6858 0.5184521613883473
18.687 0.518434596265655
18.68821 0.5184170311429626
18.68942 0.5183994660202702
18.69062 0.5183819008975777
18.69183 0.5183643357748854
18.69304 0.5183467706521929
18.69425 0.5183292055295007
18.69545 0.5182940752841159
18.69666 0.5182765101614235
18.69787 0.518258945038731
18.69907 0.5182238147933463
18.70028 0.518206249670654
18.70149 0.5181711194252692
18.70269 0.5181535543025768
18.7039 0.5181184240571921
18.70511 0.5181008589344996
18.70631 0.5180657286891148
18.70752 0.5180481635664226
18.70873 0.5180130333210378
18.70993 0.5179954681983454
18.71114 0.5179603379529606
18.71235 0.5179252077075759
18.71355 0.5179076425848834
18.71476 0.5178725123394987
18.71597 0.5178549472168064
18.71717 0.5178198169714215
18.71838 0.5178022518487292
18.71959 0.5177671216033444
18.7208 0.517749556480652
18.722 0.5177144262352673
18.72321 0.5176968611125748
18.72442 0.5176617308671901
18.72562 0.5176266006218053
18.72683 0.517609035499113
18.72804 0.5175739052537282
18.72924 0.5175563401310359
18.73045 0.5175212098856511
18.73166 0.5175036447629586
18.73286 0.5174685145175739
18.73407 0.5174333842721892
18.73528 0.5174158191494967
18.73648 0.5173806889041119
18.73769 0.5173455586587272
18.7389 0.5173279935360349
18.7401 0.51729286329065
18.74131 0.5172577330452653
18.74252 0.5172226027998805
18.74372 0.5172050376771882
18.74493 0.5171699074318035
18.74614 0.5171347771864186
18.74735 0.5170996469410338
18.74855 0.5170645166956491
18.74976 0.5170293864502644
18.75097 0.5169942562048796
18.75217 0.5169591259594949
18.75338 0.5169239957141101
18.75459 0.5168888654687253
18.75579 0.5168537352233405
18.757 0.5168186049779557
18.75821 0.516783474732571
18.75941 0.5167483444871863
18.76062 0.5167132142418015
18.76183 0.5166780839964168
18.76303 0.5166253886283396
18.76424 0.5165902583829548
18.76545 0.5165551281375701
18.76665 0.5165199978921853
18.76786 0.5164673025241082
18.76907 0.5164321722787234
18.77028 0.5163970420333386
18.77148 0.5163443466652615
18.77269 0.5163092164198767
18.7739 0.516274086174492
18.7751 0.5162213908064148
18.77631 0.5161862605610301
18.77752 0.5161335651929528
18.77872 0.5160984349475681
18.77993 0.5160633047021834
18.78114 0.5160106093341061
18.78234 0.5159754790887214
18.78355 0.5159227837206443
18.78476 0.5158700883525672
18.78596 0.5158349581071824
18.78717 0.5157822627391053
18.78838 0.5157471324937205
18.78958 0.5156944371256433
18.79079 0.5156417417575662
18.792 0.5155890463894891
18.7932 0.5155363510214118
18.79441 0.5155012207760271
18.79562 0.5154485254079499
18.79683 0.5153958300398729
18.79803 0.5153431346717957
18.79924 0.5152904393037185
18.80045 0.5152377439356414
18.80165 0.5151850485675643
18.80286 0.515132353199487
18.80407 0.51507965783141
18.80527 0.5150269624633329
18.80648 0.5149742670952556
18.80769 0.5149215717271786
18.80889 0.5148688763591014
18.8101 0.5148161809910242
18.81131 0.514763485622947
18.81251 0.51471079025487
18.81372 0.5146756600094852
18.81493 0.5146229646414081
18.81613 0.5145702692733308
18.81734 0.5145351390279461
18.81855 0.514482443659869
18.81975 0.5144473134144841
18.82096 0.5143946180464071
18.82217 0.5143594878010223
18.82338 0.5143067924329452
18.82458 0.5142716621875604
18.82579 0.5142365319421757
18.827 0.5141838365740985
18.8282 0.5141487063287138
18.82941 0.514113576083329
18.83062 0.5140784458379442
18.83182 0.5140257504698671
18.83303 0.5139906202244823
18.83424 0.5139554899790976
18.83544 0.5139203597337128
18.83665 0.5138852294883279
18.83786 0.5138500992429432
18.83906 0.5138149689975585
18.84027 0.5137798387521737
18.84148 0.513744708506789
18.84268 0.5137095782614042
18.84389 0.5136744480160194
18.8451 0.5136393177706347
18.8463 0.5136217526479423
18.84751 0.5135866224025575
18.84872 0.5135514921571728
18.84993 0.513516361911788
18.85113 0.5134987967890956
18.85234 0.5134636665437109
18.85355 0.5134461014210184
18.85475 0.5134109711756336
18.85596 0.5133934060529413
18.85717 0.5133582758075566
18.85837 0.5133407106848642
18.85958 0.5133231455621717
18.86079 0.5132880153167869
18.86199 0.5132704501940947
18.8632 0.5132528850714023
18.86441 0.5132177548260175
18.86561 0.513200189703325
18.86682 0.5131826245806327
18.86803 0.5131650594579403
18.86923 0.513147494335248
18.87044 0.5131299292125555
18.87165 0.5131123640898632
18.87285 0.5130947989671708
18.87406 0.5130772338444785
18.87527 0.5130596687217861
18.87648 0.5130421035990936
18.87768 0.5130421035990936
18.87889 0.5130245384764013
18.8801 0.5130069733537088
18.8813 0.5130069733537088
18.88251 0.5129894082310165
18.88372 0.5129894082310165
18.88492 0.5129718431083241
18.88613 0.5129718431083241
18.88734 0.5129542779856318
18.88854 0.5129542779856318
18.88975 0.5129542779856318
18.89096 0.5129367128629394
18.89216 0.5129367128629394
18.89337 0.5129191477402469
18.89458 0.5129191477402469
18.89578 0.5129015826175546
18.89699 0.5128840174948622
18.8982 0.5128840174948622
18.8994 0.5128664523721699
18.90061 0.5128664523721699
18.90182 0.5128488872494774
18.90303 0.5128488872494774
18.90423 0.5128488872494774
18.90544 0.5128313221267851
18.90665 0.5128313221267851
18.90785 0.5128313221267851
18.90906 0.5128488872494774
18.91027 0.5128488872494774
18.91147 0.5128664523721699
18.91268 0.5128664523721699
18.91389 0.5128840174948622
18.91509 0.5129015826175546
18.9163 0.5129367128629394
18.91751 0.5129542779856318
18.91871 0.5129894082310165
18.91992 0.5130245384764013
18.92113 0.5130772338444785
18.92233 0.5131123640898632
18.92354 0.5131650594579403
18.92475 0.5132177548260175
18.92595 0.5132880153167869
18.92716 0.5133407106848642
18.92837 0.5133934060529413
18.92958 0.5134636665437109
18.93078 0.513516361911788
18.93199 0.5135866224025575
18.9332 0.5136568828933271
18.9344 0.5137271433840965
18.93561 0.513797403874866
18.93682 0.5138676643656356
18.93802 0.5139554899790976
18.93923 0.5140433155925594
18.94044 0.5141311412060213
18.94164 0.5142189668194833
18.94285 0.5143243575556375
18.94406 0.5144297482917919
18.94526 0.5145351390279461
18.94647 0.5146405297641004
18.94768 0.514763485622947
18.94888 0.5148864414817937
18.95009 0.5150269624633329
18.9513 0.5151674834448718
18.9525 0.515308004426411
18.95371 0.5154485254079499
18.95492 0.5156066115121815
18.95613 0.5157822627391053
18.95733 0.5159579139660291
18.95854 0.5161335651929528
18.95975 0.5163267815425691
18.96095 0.5165199978921853
18.96216 0.5167132142418015
18.96337 0.5169239957141101
18.96457 0.5171347771864186
18.96578 0.5173631237814197
18.96699 0.5175914703764206
18.96819 0.5178198169714215
18.9694 0.5180481635664226
18.97061 0.5182940752841159
18.97181 0.5185399870018091
18.97302 0.518803463842195
18.97423 0.5190493755598883
18.97543 0.519312852400274
18.97664 0.5195938943633521
18.97785 0.5198573712037379
18.97906 0.5201208480441236
18.98026 0.5204018900072017
18.98147 0.5206829319702799
18.98268 0.520963973933358
18.98388 0.5212625810191285
18.98509 0.5215436229822066
18.9863 0.521842230067977
18.9875 0.5221232720310551
18.98871 0.5224218791168257
18.98992 0.5227204862025961
18.99112 0.5230190932883667
18.99233 0.523317700374137
18.99354 0.5236163074599076
18.99474 0.5239324796683705
18.99595 0.5242486518768333
18.99716 0.5245648240852963
18.99836 0.5248809962937591
18.99957 0.5252147336249143
19.00078 0.5255484709560697
19.00198 0.5258997734099173
19.00319 0.5262335107410726
19.0044 0.5265848131949202
19.00561 0.5269361156487677
19.00681 0.5272698529799231
19.00802 0.5276387205564631
19.00923 0.5279900230103108
19.01043 0.5283413254641584
19.01164 0.528692627918006
19.01285 0.5290614954945461
19.01405 0.5294127979483937
19.01526 0.5297816655249337
19.01647 0.5301329679787814
19.01767 0.5305018355553214
19.01888 0.530853138009169
19.02009 0.5312044404630167
19.02129 0.5315557429168642
19.0225 0.5319070453707119
19.02371 0.5322583478245596
19.02491 0.5326096502784072
19.02612 0.5329609527322549
19.02733 0.5332946900634101
19.02853 0.5336459925172578
19.02974 0.533979729848413
19.03095 0.5343134671795683
19.03216 0.5346472045107235
19.03336 0.5349985069645712
19.03457 0.5353322442957263
19.03578 0.5356659816268817
19.03698 0.5359997189580369
19.03819 0.5363334562891922
19.0394 0.5366671936203475
19.0406 0.5370009309515027
19.04181 0.537334668282658
19.04302 0.5376684056138132
19.04422 0.5380021429449685
19.04543 0.5383358802761237
19.04664 0.538669617607279
19.04784 0.5390033549384343
19.04905 0.5393370922695895
19.05026 0.5396883947234372
19.05146 0.5400221320545924
19.05267 0.5403558693857478
19.05388 0.5406896067169029
19.05508 0.5410409091707507
19.05629 0.5413746465019058
19.0575 0.5417259489557535
19.05871 0.5420596862869087
19.05991 0.5424109887407564
19.06112 0.542762291194604
19.06233 0.5430960285257593
19.06353 0.543447330979607
19.06474 0.5437986334334545
19.06595 0.5441499358873022
19.06715 0.5445012383411498
19.06836 0.5448525407949975
19.06957 0.5451862781261527
19.07077 0.5455375805800005
19.07198 0.545888883033848
19.07319 0.5462401854876956
19.07439 0.5465914879415433
19.0756 0.546942790395391
19.07681 0.5472940928492386
19.07801 0.5476453953030862
19.07922 0.5479966977569338
19.08043 0.5483655653334739
19.08163 0.5487168677873215
19.08284 0.5490681702411692
19.08405 0.5494370378177093
19.08526 0.5497883402715568
19.08646 0.5501572078480969
19.08767 0.5505260754246368
19.08888 0.5508949430011769
19.09008 0.5512638105777169
19.09129 0.5516326781542569
19.0925 0.552001545730797
19.0937 0.552370413307337
19.09491 0.5527568460065694
19.09612 0.5531432787058018
19.09732 0.5535121462823418
19.09853 0.5538985789815742
19.09974 0.554302576803499
19.10094 0.5546890095027314
19.10215 0.5550930073246563
19.10336 0.555497005146581
19.10456 0.5559185680911981
19.10577 0.5563225659131229
19.10698 0.5567441288577402
19.10818 0.557148126679665
19.10939 0.557569689624282
19.1106 0.5579912525688993
19.11181 0.5584128155135164
19.11301 0.5588343784581336
19.11422 0.5592559414027507
19.11543 0.559677504347368
19.11663 0.560099067291985
19.11784 0.5605206302366023
19.11905 0.5609421931812194
19.12025 0.5613637561258366
19.12146 0.5617677539477614
19.12267 0.5621893168923785
19.12387 0.5625933147143033
19.12508 0.5629973125362281
19.12629 0.5634013103581529
19.12749 0.5638053081800777
19.1287 0.56419174087931
19.12991 0.5645781735785425
19.13111 0.5649646062777748
19.13232 0.5653510389770072
19.13353 0.5657199065535473
19.13473 0.5661063392527798
19.13594 0.5664752068293197
19.13715 0.5668616395285522
19.13836 0.5672305071050922
19.13956 0.5676169398043245
19.14077 0.5679858073808646
19.14198 0.5683722400800969
19.14318 0.568741107656637
19.14439 0.5691099752331771
19.1456 0.5694788428097171
19.1468 0.569847710386257
19.14801 0.570216577962797
19.14922 0.5705854455393371
19.15042 0.5709367479931847
19.15163 0.5712880504470323
19.15284 0.5716393529008801
19.15404 0.5719730902320352
19.15525 0.572324392685883
19.15646 0.5726581300170381
19.15766 0.572974302225501
19.15887 0.573290474433964
19.16008 0.5736066466424269
19.16128 0.5739052537281973
19.16249 0.5742038608139678
19.1637 0.5744849027770459
19.16491 0.5747659447401241
19.16611 0.5750294215805097
19.16732 0.5752928984208955
19.16853 0.5755388101385889
19.16973 0.5757847218562822
19.17094 0.5760130684512832
19.17215 0.5762414150462841
19.17335 0.5764521965185927
19.17456 0.5766629779909013
19.17577 0.5768561943405175
19.17697 0.5770494106901336
19.17818 0.5772426270397498
19.17939 0.5774182782666738
19.18059 0.5775939294935976
19.1818 0.5777695807205213
19.18301 0.5779276668247527
19.18421 0.5780857529289842
19.18542 0.5782262739105233
19.18663 0.5783843600147548
19.18784 0.5785248809962937
19.18904 0.5786654019778329
19.19025 0.5788059229593718
19.19146 0.5789288788182185
19.19266 0.5790693997997577
19.19387 0.5791923556586043
19.19508 0.579315311517451
19.19628 0.5794382673762977
19.19749 0.5795612232351444
19.1987 0.579684179093991
19.1999 0.5798071349528376
19.20111 0.579912525688992
19.20232 0.5800354815478387
19.20352 0.5801584374066853
19.20473 0.5802638281428395
19.20594 0.5803692188789938
19.20714 0.5804570444924557
19.20835 0.5805448701059177
19.20956 0.5806151305966872
19.21076 0.5806853910874568
19.21197 0.5807556515782263
19.21318 0.5808083469463035
19.21439 0.5808610423143805
19.21559 0.5809313028051502
19.2168 0.5809664330505349
19.21801 0.581019128418612
19.21921 0.5810718237866892
19.22042 0.5811245191547664
19.22163 0.5811596494001511
19.22283 0.5812123447682283
19.22404 0.5812650401363053
19.22525 0.5813177355043826
19.22645 0.5813704308724597
19.22766 0.5814406913632292
19.22887 0.5814933867313063
19.23007 0.5815636472220759
19.23128 0.5816514728355378
19.23249 0.5817217333263073
19.23369 0.5818095589397693
19.2349 0.5819149496759235
19.23611 0.5820203404120777
19.23731 0.5821257311482321
19.23852 0.5822662521297711
19.23973 0.5823892079886178
19.24094 0.5825297289701569
19.24214 0.5826702499516959
19.24335 0.5828283360559273
19.24456 0.5829688570374665
19.24576 0.5831269431416979
19.24697 0.5832850292459293
19.24818 0.5834431153501608
19.24938 0.5836187665770846
19.25059 0.5837944178040083
19.2518 0.5839700690309322
19.253 0.584145720257856
19.25421 0.5843213714847798
19.25542 0.584514587834396
19.25662 0.5847078041840122
19.25783 0.5849010205336285
19.25904 0.5850942368832447
19.26024 0.5853050183555533
19.26145 0.5855157998278618
19.26266 0.5857090161774781
19.26386 0.585937362772479
19.26507 0.5861481442447876
19.26628 0.5863589257170961
19.26749 0.5865872723120972
19.26869 0.5868156189070981
19.2699 0.587043965502099
19.27111 0.5872723120971001
19.27231 0.587500658692101
19.27352 0.5877465704097944
19.27473 0.5879924821274877
19.27593 0.5882383938451811
19.27714 0.5885018706855668
19.27835 0.5887653475259524
19.27955 0.5890288243663383
19.28076 0.5893098663294164
19.28197 0.5896084734151869
19.28317 0.5899070805009574
19.28438 0.5902056875867278
19.28559 0.5905042946724983
19.28679 0.5908029017582688
19.288 0.5911190739667317
19.28921 0.5914352461751946
19.29041 0.5917514183836574
19.29162 0.5920675905921202
19.29283 0.5923837628005831
19.29404 0.592699935009046
19.29524 0.593016107217509
19.29645 0.5933322794259718
19.29766 0.5936484516344347
19.29886 0.5939470587202051
19.30007 0.5942632309286681
19.30128 0.5945618380144386
19.30248 0.5948604451002091
19.30369 0.5951590521859795
19.3049 0.5954400941490576
19.3061 0.5957211361121357
19.30731 0.5959846129525215
19.30852 0.5962480897929072
19.30972 0.596511566633293
19.31093 0.5967574783509862
19.31214 0.5970033900686796
19.31334 0.5972317366636806
19.31455 0.597477648381374
19.31576 0.597705994976375
19.31696 0.5979343415713759
19.31817 0.5981626881663769
19.31938 0.5983910347613778
19.32059 0.5986018162336864
19.32179 0.5988301628286874
19.323 0.599040944300996
19.32421 0.5992517257733045
19.32541 0.5994625072456131
19.32662 0.5996732887179217
19.32783 0.5998665050675379
19.32903 0.6000772865398465
19.33024 0.6002705028894627
19.33145 0.6004637192390789
19.33265 0.600656935588695
19.33386 0.6008325868156189
19.33507 0.6010258031652351
19.33627 0.601201454392159
19.33748 0.6013771056190828
19.33869 0.6015527568460066
19.33989 0.601710842950238
19.3411 0.6018864941771619
19.34231 0.6020445802813933
19.34351 0.6022026663856247
19.34472 0.6023607524898562
19.34593 0.6025012734713951
19.34714 0.6026593595756267
19.34834 0.6027998805571657
19.34955 0.6029228364160124
19.35076 0.6030457922748591
19.35196 0.6031687481337057
19.35317 0.6032917039925524
19.35438 0.6033970947287067
19.35558 0.603502485464861
19.35679 0.6036078762010153
19.358 0.6036957018144772
19.3592 0.6038010925506315
19.36041 0.6038889181640934
19.36162 0.6039767437775553
19.36282 0.6040645693910172
19.36403 0.604152395004479
19.36524 0.6042226554952487
19.36644 0.6043104811087106
19.36765 0.6043983067221725
19.36886 0.604468567212942
19.37006 0.6045563928264038
19.37127 0.6046442184398658
19.37248 0.6047144789306353
19.37369 0.6048023045440973
19.37489 0.6048901301575592
19.3761 0.6049779557710211
19.37731 0.605065781384483
19.37851 0.6051536069979448
19.37972 0.6052589977340992
19.38093 0.6053643884702535
19.38213 0.6054697792064078
19.38334 0.6055751699425621
19.38455 0.6056805606787163
19.38575 0.6057859514148707
19.38696 0.6059089072737173
19.38817 0.6060142980098716
19.38937 0.6061372538687183
19.39058 0.6062426446048725
19.39179 0.6063656004637192
19.39299 0.6064709911998736
19.3942 0.6065939470587202
19.39541 0.6067169029175669
19.39662 0.6068222936537212
19.39782 0.6069452495125679
19.39903 0.6070682053714145
19.40024 0.6071911612302612
19.40144 0.6072965519664155
19.40265 0.6074195078252622
19.40386 0.6075424636841089
19.40506 0.6076654195429555
19.40627 0.6077883754018022
19.40748 0.6079113312606489
19.40868 0.6080342871194956
19.40989 0.6081572429783422
19.4111 0.6082977639598813
19.4123 0.608420719818728
19.41351 0.6085436756775746
19.41472 0.6086666315364213
19.41592 0.6088071525179604
19.41713 0.6089301083768069
19.41834 0.6090530642356536
19.41954 0.6091935852171928
19.42075 0.6093165410760394
19.42196 0.6094570620575785
19.42317 0.6095800179164252
19.42437 0.6097205388979642
19.42558 0.6098610598795033
19.42679 0.6100015808610423
19.42799 0.6101421018425814
19.4292 0.6102826228241205
19.43041 0.6104231438056595
19.43161 0.6105636647871986
19.43282 0.6107041857687376
19.43403 0.6108447067502767
19.43523 0.6109852277318157
19.43644 0.6111257487133548
19.43765 0.6112838348175862
19.43885 0.6114243557991252
19.44006 0.6115648767806643
19.44127 0.6117053977622033
19.44247 0.6118459187437424
19.44368 0.6119864397252816
19.44489 0.6121445258295128
19.44609 0.612285046811052
19.4473 0.612425567792591
19.44851 0.6125660887741301
19.44972 0.6127066097556692
19.45092 0.6128471307372082
19.45213 0.6129876517187473
19.45334 0.6131281727002863
19.45454 0.6132686936818253
19.45575 0.613391649540672
19.45696 0.6135321705222111
19.45816 0.6136726915037501
19.45937 0.6137956473625968
19.46058 0.6139361683441359
19.46178 0.6140591242029826
19.46299 0.6141996451845216
19.4642 0.6143226010433683
19.4654 0.614445556902215
19.46661 0.614586077883754
19.46782 0.6147090337426007
19.46902 0.6148319896014474
19.47023 0.6149549454602941
19.47144 0.6150954664418331
19.47264 0.6152184223006798
19.47385 0.6153413781595265
19.47506 0.6154818991410655
19.47627 0.6156048549999122
19.47747 0.6157278108587589
19.47868 0.6158683318402979
19.47989 0.6159912876991446
19.48109 0.6161318086806837
19.4823 0.6162547645395303
19.48351 0.6163952855210694
19.48471 0.6165182413799161
19.48592 0.6166587623614551
19.48713 0.6167992833429942
19.48833 0.6169398043245332
19.48954 0.6170627601833799
19.49075 0.617203281164919
19.49195 0.6173613672691504
19.49316 0.6175018882506894
19.49437 0.6176424092322285
19.49557 0.6177829302137676
19.49678 0.617941016317999
19.49799 0.6180991024222304
19.49919 0.6182396234037695
19.5004 0.6183977095080009
19.50161 0.6185557956122324
19.50282 0.6187138817164638
19.50402 0.6188719678206952
19.50523 0.6190300539249267
19.50644 0.6191881400291581
19.50764 0.6193462261333896
19.50885 0.619504312237621
19.51006 0.6196623983418524
19.51126 0.619820484446084
19.51247 0.6199785705503154
19.51368 0.6201366566545468
19.51488 0.6202947427587782
19.51609 0.6204528288630096
19.5173 0.6206109149672411
19.5185 0.6207690010714725
19.51971 0.6209270871757039
19.52092 0.621067608157243
19.52212 0.6212256942614744
19.52333 0.6213837803657059
19.52454 0.6215243013472449
19.52574 0.6216823874514764
19.52695 0.6218229084330154
19.52816 0.6219809945372469
19.52937 0.6221215155187859
19.53057 0.622262036500325
19.53178 0.6224201226045564
19.53299 0.6225606435860955
19.53419 0.6227011645676345
19.5354 0.622859250671866
19.53661 0.622999771653405
19.53781 0.6231578577576364
19.53902 0.6232983787391755
19.54023 0.6234564648434069
19.54143 0.623596985824946
19.54264 0.6237550719291775
19.54385 0.6238955929107165
19.54505 0.6240361138922556
19.54626 0.6241766348737946
19.54747 0.6243171558553338
19.54867 0.6244576768368727
19.54988 0.6245981978184119
19.55109 0.6247387187999508
19.55229 0.62487923978149
19.5535 0.6250021956403367
19.55471 0.6251427166218756
19.55592 0.6252656724807223
19.55712 0.625388628339569
19.55833 0.6255115841984156
19.55954 0.6256345400572623
19.56074 0.6257399307934166
19.56195 0.6258628866522633
19.56316 0.6259682773884176
19.56436 0.6260736681245719
19.56557 0.6261614937380338
19.56678 0.6262668844741881
19.56798 0.62635471008765
19.56919 0.6264249705784195
19.5704 0.6265127961918814
19.5716 0.6265830566826509
19.57281 0.6266533171734205
19.57402 0.6267235776641901
19.57522 0.6267938381549595
19.57643 0.6268465335230368
19.57764 0.6269167940138062
19.57884 0.6269694893818833
19.58005 0.6270221847499605
19.58126 0.6270748801180376
19.58247 0.6271275754861149
19.58367 0.6271802708541919
19.58488 0.6272329662222691
19.58609 0.6272680964676538
19.58729 0.627320791835731
19.5885 0.6273734872038081
19.58971 0.6274261825718853
19.59091 0.62746131281727
19.59212 0.6275140081853472
19.59333 0.6275667035534244
19.59453 0.6276193989215015
19.59574 0.6276720942895786
19.59695 0.6277247896576558
19.59815 0.6277950501484253
19.59936 0.6278477455165025
19.60057 0.627918006007272
19.60177 0.6279882664980415
19.60298 0.628058526988811
19.60419 0.6281287874795806
19.6054 0.6281990479703501
19.6066 0.6282693084611196
19.60781 0.6283395689518891
19.60902 0.6283922643199663
19.61022 0.6284625248107358
19.61143 0.6285327853015054
19.61264 0.6286030457922749
19.61384 0.6286733062830444
19.61505 0.6287435667738139
19.61626 0.6288138272645835
19.61746 0.628884087755353
19.61867 0.6289543482461225
19.61988 0.629024608736892
19.62108 0.6290948692276617
19.62229 0.6291651297184311
19.6235 0.6292529553318931
19.6247 0.6293232158226625
19.62591 0.6294110414361244
19.62712 0.6294988670495864
19.62832 0.6295866926630483
19.62953 0.6296745182765102
19.63074 0.6297623438899721
19.63195 0.6298677346261264
19.63315 0.6299731253622807
19.63436 0.6300609509757427
19.63557 0.6301839068345892
19.63677 0.6302892975707435
19.63798 0.6304122534295902
19.63919 0.6305176441657445
19.64039 0.6306406000245912
19.6416 0.6307811210061303
19.64281 0.6309216419876693
19.64401 0.6310621629692084
19.64522 0.6312026839507474
19.64643 0.6313607700549788
19.64763 0.6315188561592103
19.64884 0.6316769422634417
19.65005 0.6318525934903655
19.65125 0.632010679594597
19.65246 0.6321863308215209
19.65367 0.6323619820484446
19.65487 0.6325376332753684
19.65608 0.6327132845022923
19.65729 0.6329065008519085
19.6585 0.6330821520788323
19.6597 0.6332578033057561
19.66091 0.63343345453268
19.66212 0.6336266708822961
19.66332 0.6338023221092199
19.66453 0.6339779733361437
19.66574 0.6341536245630677
19.66694 0.6343292757899914
19.66815 0.6345049270169152
19.66936 0.634680578243839
19.67056 0.6348386643480706
19.67177 0.6350143155749943
19.67298 0.6351724016792257
19.67418 0.6353304877834572
19.67539 0.6354710087649962
19.6766 0.6356290948692277
19.6778 0.6357696158507667
19.67901 0.6359101368323058
19.68022 0.6360506578138448
19.68142 0.6361911787953839
19.68263 0.6363316997769229
19.68384 0.6364897858811545
19.68505 0.6366303068626934
19.68625 0.6367708278442326
19.68746 0.6369113488257715
19.68867 0.6370518698073107
19.68987 0.6371923907888497
19.69108 0.6373153466476963
19.69229 0.6374558676292355
19.69349 0.6375963886107744
19.6947 0.6377193444696211
19.69591 0.6378423003284678
19.69711 0.6379828213100068
19.69832 0.6381057771688535
19.69953 0.6382287330277002
19.70073 0.6383341237638546
19.70194 0.6384570796227013
19.70315 0.6385624703588554
19.70435 0.6386678610950097
19.70556 0.6387732518311641
19.70677 0.6388786425673183
19.70797 0.6389840333034726
19.70918 0.6390718589169345
19.71039 0.6391596845303964
19.7116 0.6392475101438583
19.7128 0.6393177706346279
19.71401 0.6394055962480898
19.71522 0.6394758567388593
19.71642 0.6395285521069365
19.71763 0.6395812474750137
19.71884 0.6396339428430907
19.72004 0.6396866382111679
19.72125 0.6397217684565527
19.72246 0.6397568987019374
19.72366 0.6397920289473222
19.72487 0.6398095940700146
19.72608 0.6398271591927069
19.72728 0.6398447243153993
19.72849 0.6398622894380918
19.7297 0.6398798545607841
19.7309 0.6398974196834766
19.73211 0.6398974196834766
19.73332 0.6399149848061689
19.73452 0.6399149848061689
19.73573 0.6399149848061689
19.73694 0.6399325499288613
19.73815 0.6399325499288613
19.73935 0.6399325499288613
19.74056 0.6399325499288613
19.74177 0.6399501150515536
19.74297 0.6399501150515536
19.74418 0.639967680174246
19.74539 0.6399852452969385
19.74659 0.6399852452969385
19.7478 0.6400028104196308
19.74901 0.6400379406650155
19.75021 0.640055505787708
19.75142 0.6400906360330927
19.75263 0.6401082011557852
19.75383 0.6401433314011699
19.75504 0.6401784616465547
19.75625 0.640196026769247
19.75745 0.6402311570146317
19.75866 0.6402487221373241
19.75987 0.6402838523827089
19.76107 0.6403014175054014
19.76228 0.6403365477507861
19.76349 0.6403541128734784
19.7647 0.6403892431188632
19.7659 0.6404068082415556
19.76711 0.6404419384869403
19.76832 0.6404770687323251
19.76952 0.6404946338550175
19.77073 0.6405297641004022
19.77194 0.640564894345787
19.77314 0.6406000245911718
19.77435 0.6406351548365565
19.77556 0.6406702850819413
19.77676 0.6407229804500184
19.77797 0.6407581106954032
19.77918 0.6408108060634803
19.78038 0.6408635014315576
19.78159 0.6409161967996346
19.7828 0.6409688921677118
19.784 0.6410391526584813
19.78521 0.6410918480265585
19.78642 0.641162108517328
19.78762 0.6412323690080975
19.78883 0.6413201946215594
19.79004 0.641390455112329
19.79125 0.6414782807257909
19.79245 0.6415661063392528
19.79366 0.6416714970754072
19.79487 0.6417768878115613
19.79607 0.6418822785477156
19.79728 0.64198766928387
19.79849 0.6421106251427167
19.79969 0.6422160158788709
19.8009 0.6423389717377176
19.80211 0.6424619275965643
19.80331 0.642584883455411
19.80452 0.64272540443695
19.80573 0.6428483602957967
19.80693 0.6429888812773358
19.80814 0.6431118371361825
19.80935 0.6432523581177214
19.81055 0.6433928790992606
19.81176 0.6435158349581073
19.81297 0.6436563559396462
19.81417 0.6437968769211854
19.81538 0.6439198327800321
19.81659 0.644060353761571
19.8178 0.6442008747431102
19.819 0.6443238306019567
19.82021 0.6444467864608034
19.82142 0.6445873074423425
19.82262 0.6447102633011892
19.82383 0.6448332191600359
19.82504 0.6449386098961901
19.82624 0.6450615657550368
19.82745 0.6451669564911912
19.82866 0.6452899123500377
19.82986 0.6453953030861921
19.83107 0.6455182589450388
19.83228 0.6456412148038855
19.83348 0.6457466055400397
19.83469 0.6458695613988864
19.8359 0.645992517257733
19.8371 0.6461154731165797
19.83831 0.6462384289754265
19.83952 0.6463613848342731
19.84073 0.6464667755704273
19.84193 0.646589731429274
19.84314 0.6467126872881207
19.84435 0.646818078024275
19.84555 0.6469410338831217
19.84676 0.647046424619276
19.84797 0.6471693804781227
19.84917 0.6472747712142769
19.85038 0.6473801619504312
19.85159 0.6474679875638931
19.85279 0.6475733783000475
19.854 0.6476612039135093
19.85521 0.6477665946496637
19.85641 0.6478544202631256
19.85762 0.6479246807538951
19.85883 0.6480125063673571
19.86003 0.6480827668581265
19.86124 0.648153027348896
19.86245 0.6482057227169732
19.86365 0.6482584180850504
19.86486 0.6483111134531274
19.86607 0.6483462436985122
19.86728 0.6483989390665894
19.86848 0.6484165041892818
19.86969 0.6484516344346666
19.8709 0.6484691995573589
19.8721 0.6484867646800513
19.87331 0.6485043298027436
19.87452 0.6485043298027436
19.87572 0.648521894925436
19.87693 0.648521894925436
19.87814 0.6485043298027436
19.87934 0.6485043298027436
19.88055 0.6484867646800513
19.88176 0.6484867646800513
19.88296 0.6484691995573589
19.88417 0.6484516344346666
19.88538 0.6484165041892818
19.88658 0.6483989390665894
19.88779 0.648381373943897
19.889 0.6483462436985122
19.8902 0.6483111134531274
19.89141 0.6482759832077427
19.89262 0.6482584180850504
19.89383 0.6482232878396655
19.89503 0.6481881575942808
19.89624 0.648153027348896
19.89745 0.648100331980819
19.89865 0.6480652017354341
19.89986 0.6480300714900493
19.90107 0.6479949412446646
19.90227 0.6479598109992798
19.90348 0.6479246807538951
19.90469 0.6478895505085104
19.90589 0.6478368551404331
19.9071 0.6478017248950484
19.90831 0.6477490295269712
19.90951 0.6476963341588942
19.91072 0.647643638790817
19.91193 0.6475733783000475
19.91313 0.6475206829319703
19.91434 0.6474504224412008
19.91555 0.6473977270731236
19.91675 0.6473274665823542
19.91796 0.6472572060915845
19.91917 0.647186945600815
19.92038 0.6471166851100455
19.92158 0.647046424619276
19.92279 0.6469761641285064
19.924 0.6469059036377369
19.9252 0.6468356431469674
19.92641 0.6467653826561979
19.92762 0.6466951221654283
19.92882 0.6466248616746588
19.93003 0.6465546011838892
19.93124 0.6465019058158121
19.93244 0.6464316453250426
19.93365 0.6463613848342731
19.93486 0.6463086894661959
19.93606 0.6462559940981188
19.93727 0.6462032987300417
19.93848 0.6461506033619645
19.93968 0.6460979079938873
19.94089 0.6460452126258103
19.9421 0.6460100823804255
19.9433 0.6459573870123483
19.94451 0.6459222567669636
19.94572 0.6458871265215788
19.94693 0.645851996276194
19.94813 0.6458168660308092
19.94934 0.6457993009081169
19.95055 0.6457641706627322
19.95175 0.6457290404173474
19.95296 0.6457114752946549
19.95417 0.6456939101719625
19.95537 0.6456587799265778
19.95658 0.6456412148038855
19.95779 0.645623649681193
19.95899 0.6456060845585007
19.9602 0.6455885194358082
19.96141 0.6455533891904235
19.96261 0.6455358240677311
19.96382 0.6455182589450388
19.96503 0.6455006938223463
19.96623 0.645483128699654
19.96744 0.6454655635769616
19.96865 0.6454479984542693
19.96985 0.6454304333315768
19.97106 0.6454128682088844
19.97227 0.6453953030861921
19.97348 0.6453777379634997
19.97468 0.6453426077181149
19.97589 0.6453250425954226
19.9771 0.6453074774727301
19.9783 0.6452723472273454
19.97951 0.645254782104653
19.98072 0.6452196518592682
19.98192 0.6452020867365759
19.98313 0.6451669564911912
19.98434 0.6451493913684987
19.98554 0.645114261123114
19.98675 0.6450966960004215
19.98796 0.6450791308777293
19.98916 0.6450615657550368
19.99037 0.645026435509652
19.99158 0.6450088703869596
19.99278 0.6449913052642673
19.99399 0.6449737401415749
19.9952 0.6449386098961901
19.9964 0.6449210447734978
19.99761 0.6449034796508053
19.99882 0.6448859145281131
20.00003 0.6448507842827282
20.00123 0.6448332191600359
20.00244 0.6447980889146512
20.00365 0.6447629586692664
20.00485 0.6447453935465739
20.00606 0.6447102633011892
20.00727 0.6446751330558045
20.00847 0.6446400028104197
20.00968 0.6446048725650348
20.01089 0.6445521771969578
20.01209 0.644517046951573
20.0133 0.6444643515834958
20.01451 0.6444116562154186
20.01571 0.6443589608473416
20.01692 0.6443062654792644
20.01813 0.6442535701111872
20.01933 0.6441833096204177
20.02054 0.6441306142523405
20.02175 0.644060353761571
20.02295 0.6439900932708016
20.02416 0.6439198327800321
20.02537 0.6438495722892624
20.02658 0.6437617466758006
20.02778 0.643691486185031
20.02899 0.6436036605715691
20.0302 0.6435334000807995
20.0314 0.6434455744673376
20.03261 0.6433577488538758
20.03382 0.6432699232404139
20.03502 0.6431820976269519
20.03623 0.64309427201349
20.03744 0.6429888812773358
20.03864 0.6429010556638738
20.03985 0.6427956649277196
20.04106 0.6427078393142577
20.04226 0.6426024485781033
20.04347 0.642497057841949
20.04468 0.6424092322284871
20.04588 0.6423038414923329
20.04709 0.6421984507561785
20.0483 0.6420930600200242
20.04951 0.64198766928387
20.05071 0.6418647134250234
20.05192 0.641759322688869
20.05313 0.6416539319527147
20.05433 0.641530976093868
20.05554 0.6414255853577138
20.05675 0.6413201946215594
20.05795 0.6411972387627127
20.05916 0.6410918480265585
20.06037 0.6409688921677118
20.06157 0.6408459363088651
20.06278 0.6407229804500184
20.06399 0.6406000245911718
20.06519 0.6404946338550175
20.0664 0.6403541128734784
20.06761 0.6402311570146317
20.06881 0.6401082011557852
20.07002 0.6399852452969385
20.07123 0.6398622894380918
20.07243 0.6397217684565527
20.07364 0.639598812597706
20.07485 0.639458291616167
20.07606 0.6393353357573204
20.07726 0.6391948147757812
20.07847 0.6390542937942422
20.07968 0.6389137728127031
20.08088 0.6387732518311641
20.08209 0.638632730849625
20.0833 0.638492209868086
20.0845 0.6383516888865469
20.08571 0.6382111679050079
20.08692 0.6380530818007765
20.08812 0.6379125608192373
20.08933 0.6377544747150059
20.09054 0.6376139537334669
20.09174 0.6374558676292355
20.09295 0.6372977815250039
20.09416 0.6371572605434649
20.09536 0.6369991744392335
20.09657 0.6368410883350021
20.09778 0.6366830022307707
20.09898 0.6365249161265392
20.10019 0.6363492648996153
20.1014 0.6361911787953839
20.10261 0.6360330926911524
20.10381 0.635875006586921
20.10502 0.6357169204826896
20.10623 0.6355412692557657
20.10743 0.6353831831515343
20.10864 0.6352075319246105
20.10985 0.635049445820379
20.11105 0.6348737945934553
20.11226 0.6347157084892239
20.11347 0.6345400572623
20.11467 0.6343644060353762
20.11588 0.6341887548084523
20.11709 0.6340131035815285
20.11829 0.6338198872319123
20.1195 0.6336442360049885
20.12071 0.6334685847780647
20.12191 0.6332753684284486
20.12312 0.6330821520788323
20.12433 0.6328889357292161
20.12553 0.6326957193795999
20.12674 0.6325025030299837
20.12795 0.6323092866803676
20.12916 0.6320985052080589
20.13036 0.6319052888584428
20.13157 0.6316945073861341
20.13278 0.6314837259138255
20.13398 0.6312553793188245
20.13519 0.631044597846516
20.1364 0.630816251251515
20.1376 0.630587904656514
20.13881 0.6303771231842055
20.14002 0.6301312114665121
20.14122 0.6299028648715111
20.14243 0.6296745182765102
20.14364 0.6294286065588168
20.14484 0.6291826948411235
20.14605 0.6289367831234302
20.14726 0.6286908714057368
20.14846 0.6284449596880434
20.14967 0.6281990479703501
20.15088 0.6279531362526567
20.15208 0.6276896594122711
20.15329 0.6274261825718853
20.1545 0.6271627057314996
20.15571 0.6268992288911138
20.15691 0.6266357520507281
20.15812 0.6263722752103423
20.15933 0.6261087983699566
20.16053 0.6258277564068785
20.16174 0.6255642795664929
20.16295 0.6252832376034148
20.16415 0.6250197607630289
20.16536 0.6247387187999508
20.16657 0.6244576768368727
20.16777 0.6241766348737946
20.16898 0.6238955929107165
20.17019 0.623596985824946
20.17139 0.623315943861868
20.1726 0.6230349018987899
20.17381 0.6227362948130193
20.17501 0.6224552528499412
20.17622 0.6221566457641707
20.17743 0.6218580386784002
20.17863 0.6215594315926297
20.17984 0.6212608245068592
20.18105 0.6209446522983963
20.18226 0.6206460452126258
20.18346 0.6203298730041629
20.18467 0.6200312659183925
20.18588 0.6197150937099296
20.18708 0.6193989215014667
20.18829 0.6190827492930038
20.1895 0.6187490119618486
20.1907 0.6184328397533857
20.19191 0.6181166675449228
20.19312 0.6177829302137676
20.19432 0.6174667580053047
20.19553 0.6171330206741494
20.19674 0.6167992833429942
20.19794 0.6164831111345312
20.19915 0.616149373803376
20.20036 0.6158156364722208
20.20156 0.6154818991410655
20.20277 0.6151481618099103
20.20398 0.614814424478755
20.20518 0.6144806871475997
20.20639 0.6141469498164445
20.2076 0.6138132124852892
20.20881 0.613479475154134
20.21001 0.6131457378229787
20.21122 0.6128120004918235
20.21243 0.6124782631606682
20.21363 0.6121445258295128
20.21484 0.6118107884983577
20.21605 0.6114770511672024
20.21725 0.6111433138360471
20.21846 0.6108095765048919
20.21967 0.6104758391737367
20.22087 0.6101421018425814
20.22208 0.6098083645114261
20.22329 0.6094570620575785
20.22449 0.6091233247264232
20.2257 0.608789587395268
20.22691 0.6084558500641127
20.22811 0.6081045476102651
20.22932 0.6077708102791098
20.23053 0.6074195078252622
20.23173 0.6070857704941068
20.23294 0.6067344680402593
20.23415 0.6064007307091039
20.23536 0.6060494282552564
20.23656 0.6056981258014088
20.23777 0.6053643884702535
20.23898 0.6050130860164059
20.24018 0.6046617835625582
20.24139 0.6043104811087106
20.2426 0.6039591786548629
20.2438 0.6036078762010153
20.24501 0.6032565737471677
20.24622 0.6029052712933199
20.24742 0.6025539688394724
20.24863 0.6021851012629323
20.24984 0.6018337988090847
20.25104 0.6014824963552371
20.25225 0.6011136287786971
20.25346 0.6007623263248494
20.25466 0.6003934587483094
20.25587 0.6000421562944618
20.25708 0.5996732887179217
20.25829 0.5993044211413817
20.25949 0.5989355535648416
20.2607 0.5985842511109941
20.26191 0.598215383534454
20.26311 0.5978465159579139
20.26432 0.597477648381374
20.26553 0.597108780804834
20.26673 0.5967223481056015
20.26794 0.5963534805290615
20.26915 0.5959846129525215
20.27035 0.5956157453759815
20.27156 0.5952293126767491
20.27277 0.5948604451002091
20.27397 0.5944740124009766
20.27518 0.5941051448244365
20.27639 0.5937187121252042
20.27759 0.5933498445486641
20.2788 0.5929634118494318
20.28001 0.5925945442728918
20.28121 0.5922081115736594
20.28242 0.5918216788744269
20.28363 0.5914352461751946
20.28484 0.5910663785986545
20.28604 0.5906799458994222
20.28725 0.5902935132001897
20.28846 0.5899070805009574
20.28966 0.5895206478017249
20.29087 0.5891342151024924
20.29208 0.5887477824032601
20.29328 0.5883613497040276
20.29449 0.5879749170047953
20.2957 0.5875884843055629
20.2969 0.5871844864836381
20.29811 0.5867980537844056
20.29932 0.586394055962481
20.30052 0.5859900581405562
20.30173 0.5856036254413237
20.30294 0.5851996276193989
20.30414 0.5847956297974741
20.30535 0.5843916319755493
20.30656 0.5839876341536245
20.30776 0.5835836363316997
20.30897 0.5831620733870827
20.31018 0.5827580755651579
20.31139 0.5823540777432331
20.31259 0.5819500799213082
20.3138 0.5815460820993834
20.31501 0.5811420842774586
20.31621 0.5807380864555339
20.31742 0.5803340886336091
20.31863 0.5799300908116843
20.31983 0.5795260929897595
20.32104 0.5791220951678347
20.32225 0.57871809734591
20.32345 0.5783316646466775
20.32466 0.5779276668247527
20.32587 0.577523669002828
20.32707 0.5771372363035956
20.32828 0.5767508036043631
20.32949 0.5763643709051307
20.33069 0.5759779382058984
20.3319 0.5755915055066659
20.33311 0.5752050728074335
20.33431 0.5748362052308935
20.33552 0.5744497725316612
20.33673 0.5740809049551211
20.33794 0.5736944722558888
20.33914 0.5733256046793488
20.34035 0.5729391719801163
20.34156 0.5725703044035763
20.34276 0.5722014368270363
20.34397 0.5718325692504962
20.34518 0.5714637016739562
20.34638 0.5710948340974161
20.34759 0.5707259665208761
20.3488 0.5703570989443362
20.35 0.5699882313677962
20.35121 0.5696193637912561
20.35242 0.569250496214716
20.35362 0.5688991937608684
20.35483 0.5685303261843284
20.35604 0.5681790237304808
20.35724 0.5678101561539407
20.35845 0.5674588537000932
20.35966 0.5671075512462455
20.36086 0.5667562487923978
20.36207 0.5664049463385502
20.36328 0.5660536438847026
20.36449 0.565702341430855
20.36569 0.5653510389770072
20.3669 0.5649997365231596
20.36811 0.5646659991920043
20.36931 0.5643146967381567
20.37052 0.5639633942843091
20.37173 0.5636296569531538
20.37293 0.5632959196219985
20.37414 0.5629621822908434
20.37535 0.562628444959688
20.37655 0.5622947076285328
20.37776 0.5619785354200699
20.37897 0.5616447980889147
20.38017 0.5613286258804518
20.38138 0.5610124536719889
20.38259 0.560696281463526
20.38379 0.5603801092550631
20.385 0.5600639370466003
20.38621 0.5597653299608298
20.38741 0.5594491577523669
20.38862 0.5591505506665965
20.38983 0.5588343784581336
20.39104 0.558535771372363
20.39224 0.5582195991639002
20.39345 0.5579209920781297
20.39466 0.5576223849923593
20.39586 0.5573062127838964
20.39707 0.5570076056981258
20.39828 0.5566914334896629
20.39948 0.5563928264038924
20.40069 0.5560766541954295
20.4019 0.5557780471096592
20.4031 0.5554618749011963
20.40431 0.5551457026927333
20.40552 0.5548470956069628
20.40672 0.5545309233985
20.40793 0.5541971860673447
20.40914 0.5538810138588818
20.41034 0.553564841650419
20.41155 0.5532311043192637
20.41276 0.5528973669881084
20.41396 0.5525811947796455
20.41517 0.5522474574484904
20.41638 0.551913720117335
20.41759 0.5515799827861798
20.41879 0.5512462454550245
20.42 0.5509125081238693
20.42121 0.5505612056700216
20.42241 0.5502274683388663
20.42362 0.5498937310077111
20.42483 0.5495599936765558
20.42603 0.5492086912227082
20.42724 0.5488749538915529
20.42845 0.5485236514377053
20.42965 0.54818991410655
20.43086 0.5478386116527024
20.43207 0.5475048743215472
20.43327 0.5471535718676995
20.43448 0.5468022694138519
20.43569 0.5464509669600042
20.43689 0.546117229628849
20.4381 0.5457659271750013
20.43931 0.5454146247211538
20.44051 0.545063322267306
20.44172 0.5447120198134584
20.44293 0.5443431522369184
20.44414 0.5439918497830707
20.44534 0.5436405473292231
20.44655 0.5432892448753756
20.44776 0.5429203772988354
20.44896 0.5425690748449878
20.45017 0.5422002072684478
20.45138 0.5418489048146001
20.45258 0.5414800372380602
20.45379 0.5411111696615201
20.455 0.5407423020849801
20.4562 0.5403734345084401
20.45741 0.5400045669319
20.45862 0.5396181342326676
20.45982 0.5392492666561276
20.46103 0.5388628339568952
20.46224 0.5384764012576628
20.46344 0.5380899685584304
20.46465 0.537703535859198
20.46586 0.5373171031599656
20.46707 0.5369306704607332
20.46827 0.5365442377615008
20.46948 0.536140239939576
20.47069 0.5357538072403436
20.47189 0.5353673745411112
20.4731 0.5349809418418788
20.47431 0.534576944019954
20.47551 0.5341905113207216
20.47672 0.5338040786214892
20.47793 0.5334176459222568
20.47913 0.5330312132230244
20.48034 0.5326447805237919
20.48155 0.5322583478245596
20.48275 0.5318719151253272
20.48396 0.5314854824260948
20.48517 0.5311166148495547
20.48637 0.5307301821503223
20.48758 0.5303613145737823
20.48879 0.5299924469972422
20.48999 0.5296235794207023
20.4912 0.5292722769668546
20.49241 0.5289034093903145
20.49362 0.528552106936467
20.49482 0.5282008044826193
20.49603 0.5278495020287717
20.49724 0.5275157646976164
20.49844 0.5271644622437688
20.49965 0.5268131597899212
20.50086 0.5264794224587659
20.50206 0.5261456851276106
20.50327 0.5258119477964553
20.50448 0.5254606453426078
20.50568 0.5251269080114525
20.50689 0.5248107358029895
20.5081 0.5244769984718344
20.5093 0.5241432611406791
20.51051 0.5238095238095238
20.51172 0.523493351601061
20.51292 0.5231596142699056
20.51413 0.5228434420614427
20.51534 0.5225272698529799
20.51654 0.5221935325218247
20.51775 0.5218773603133617
20.51896 0.5215611881048989
20.52017 0.5212450158964361
20.52137 0.5209288436879732
20.52258 0.5206126714795103
20.52379 0.5203140643937397
20.52499 0.5199978921852769
20.5262 0.5196817199768141
20.52741 0.5193655477683512
20.52861 0.5190669406825806
20.52982 0.5187507684741178
20.53103 0.5184521613883473
20.53223 0.5181359891798845
20.53344 0.517837382094114
20.53465 0.5175387750083434
20.53585 0.5172226027998805
20.53706 0.5169415608368024
20.53827 0.516642953751032
20.53947 0.5163443466652615
20.54068 0.5160633047021834
20.54189 0.5157822627391053
20.54309 0.5155012207760271
20.5443 0.515220178812949
20.54551 0.5149391368498709
20.54672 0.5146580948867928
20.54792 0.5143946180464071
20.54913 0.514113576083329
20.55034 0.5138325341202509
20.55154 0.513569057279865
20.55275 0.5132880153167869
20.55396 0.5130245384764013
20.55516 0.5127434965133232
20.55637 0.5124800196729374
20.55758 0.5121989777098593
20.55878 0.5119179357467811
20.55999 0.5116544589063955
20.5612 0.5113734169433174
20.5624 0.5110923749802393
20.56361 0.5108113330171612
20.56482 0.5105302910540831
20.56602 0.5102316839683125
20.56723 0.5099506420052344
20.56844 0.509652034919464
20.56964 0.5093534278336934
20.57085 0.509054820747923
20.57206 0.5087562136621525
20.57327 0.5084400414536896
20.57447 0.5081238692452267
20.57568 0.5078076970367639
20.57689 0.507491524828301
20.57809 0.5071577874971457
20.5793 0.5068416152886828
20.58051 0.5065078779575276
20.58171 0.5061741406263722
20.58292 0.5058404032952171
20.58413 0.5055066659640618
20.58533 0.5051729286329065
20.58654 0.5048391913017513
20.58775 0.5044878888479036
20.58895 0.5041541515167484
20.59016 0.5038028490629007
20.59137 0.503451546609053
20.59257 0.5031178092778978
20.59378 0.5027665068240501
20.59499 0.5024152043702026
20.59619 0.5020463367936625
20.5974 0.5016950343398149
20.59861 0.5013437318859673
20.59982 0.5009924294321195
20.60102 0.5006235618555795
20.60223 0.5002722594017319
20.60344 0.49990339182519195
20.60464 0.49955208937134427
20.60585 0.49918322179480423
20.60706 0.49881435421826426
20.60826 0.4984630517644166
20.60947 0.49809418418787654
20.61068 0.49772531661133657
20.61188 0.49735644903479653
20.61309 0.49698758145825656
20.6143 0.49661871388171647
20.6155 0.49624984630517643
20.61671 0.49588097872863646
20.61792 0.4955121111520964
20.61912 0.49514324357555634
20.62033 0.49475681087632395
20.62154 0.49437037817709156
20.62274 0.4939839454778591
20.62395 0.49359751277862673
20.62516 0.49321108007939435
20.62637 0.49280708225746955
20.62757 0.49242064955823717
20.62878 0.4920166517363124
20.62999 0.49163021903708004
20.63119 0.49122622121515525
20.6324 0.49082222339323045
20.63361 0.49041822557130565
20.63481 0.4900317928720732
20.63602 0.4896277950501484
20.63723 0.4892237972282236
20.63843 0.4888197994062988
20.63964 0.48843336670706644
20.64085 0.48802936888514165
20.64205 0.48764293618590926
20.64326 0.4872389383639845
20.64447 0.48685250566475213
20.64567 0.48646607296551964
20.64688 0.48607964026628725
20.64809 0.4856932075670548
20.64929 0.48532433999051483
20.6505 0.48493790729128244
20.65171 0.4845690397147424
20.65292 0.48420017213820243
20.65412 0.48384886968435475
20.65533 0.4834800021078147
20.65654 0.48312869965396715
20.65774 0.4827773972001194
20.65895 0.4824436598689642
20.66016 0.4820923574151165
20.66136 0.4817586200839613
20.66257 0.48140731763011363
20.66378 0.4810735802989584
20.66498 0.48073984296780314
20.66619 0.48040610563664793
20.6674 0.4800723683054926
20.6686 0.47973863097433733
20.66981 0.4794224587658745
20.67102 0.4790887214347192
20.67222 0.47877254922625634
20.67343 0.47845637701779353
20.67464 0.4781402048093306
20.67585 0.4778240326008677
20.67705 0.47750786039240484
20.67826 0.47719168818394203
20.67947 0.4768755159754791
20.68067 0.4765769088897086
20.68188 0.47626073668124574
20.68309 0.47596212959547524
20.68429 0.47566352250970473
20.6855 0.4753649154239342
20.68671 0.4750663083381637
20.68791 0.4747677012523932
20.68912 0.4744690941666228
20.69033 0.4741704870808523
20.69153 0.47388944511777414
20.69274 0.4735908380320037
20.69395 0.47329223094623324
20.69515 0.47301118898315503
20.69636 0.47273014702007693
20.69757 0.47244910505699883
20.69877 0.4721504979712283
20.69998 0.47188702113084263
20.70119 0.47160597916776453
20.7024 0.47132493720468643
20.7036 0.47106146036430063
20.70481 0.47078041840122253
20.70602 0.4705169415608368
20.70722 0.4702534647204511
20.70843 0.4699899878800653
20.70964 0.4697265110396796
20.71084 0.4694805993219863
20.71205 0.4692171224816005
20.71326 0.46895364564121483
20.71446 0.4687077339235215
20.71567 0.4684618222058281
20.71688 0.4681983453654424
20.71808 0.467952433647749
20.71929 0.4677065219300557
20.7205 0.4674606102123623
20.7217 0.467214698494669
20.72291 0.4669687867769756
20.72412 0.4667228750592823
20.72532 0.4664769633415889
20.72653 0.4662310516238956
20.72774 0.46598513990620233
20.72895 0.4657567933112013
20.73015 0.4655108815935079
20.73136 0.4652649698758146
20.73257 0.4650190581581212
20.73377 0.4647731464404279
20.73498 0.4645272347227345
20.73619 0.4642988881277336
20.73739 0.46405297641004023
20.7386 0.4638070646923469
20.73981 0.4635611529746535
20.74101 0.4633152412569602
20.74222 0.4630693295392668
20.74343 0.4628234178215735
20.74463 0.4625599409811878
20.74584 0.4623140292634944
20.74705 0.4620681175458011
20.74825 0.4618222058281077
20.74946 0.4615762941104144
20.75067 0.461330382392721
20.75187 0.4610844706750277
20.75308 0.4608385589573343
20.75429 0.460592647239641
20.7555 0.4603467355219476
20.7567 0.4601008238042543
20.75791 0.4598549120865609
20.75912 0.4596090003688676
20.76032 0.4593630886511742
20.76153 0.4591347420561733
20.76274 0.4588888303384799
20.76394 0.4586429186207866
20.76515 0.4584145720257856
20.76636 0.4581686603080923
20.76756 0.4579403137130913
20.76877 0.457694401995398
20.76998 0.457466055400397
20.77118 0.457237708805396
20.77239 0.4570093622103951
20.7736 0.4567810156153941
20.7748 0.4565526690203931
20.77601 0.45632432242539217
20.77722 0.4561135409530836
20.77842 0.4558851943580826
20.77963 0.455674412885774
20.78084 0.4554460662907731
20.78205 0.4552352848184645
20.78325 0.4550245033461559
20.78446 0.4548137218738473
20.78567 0.4546029404015387
20.78687 0.45439215892923007
20.78808 0.4541989425796139
20.78929 0.4539881611073054
20.79049 0.4537773796349968
20.7917 0.4535841632853806
20.79291 0.45337338181307196
20.79411 0.4531801654634558
20.79532 0.4529869491138396
20.79653 0.4527937327642234
20.79773 0.4526005164146072
20.79894 0.45238973494229856
20.80015 0.4522140837153748
20.80135 0.4520208673657586
20.80256 0.45182765101614236
20.80377 0.4516344346665262
20.80497 0.45144121831691
20.80618 0.45126556708998616
20.80739 0.4510723507403699
20.8086 0.4508966995134461
20.8098 0.4507034831638299
20.81101 0.4505278319369061
20.81222 0.4503521807099823
20.81342 0.4501765294830585
20.81463 0.4500008782561346
20.81584 0.4498252270292108
20.81704 0.449649575802287
20.81825 0.44947392457536317
20.81946 0.44929827334843936
20.82066 0.4491226221215155
20.82187 0.4489469708945917
20.82308 0.4487888847903603
20.82428 0.44861323356343646
20.82549 0.448455147459205
20.8267 0.4482794962322812
20.8279 0.4481214101280498
20.82911 0.4479633240238183
20.83032 0.4478052379195869
20.83152 0.44766471693804777
20.83273 0.44750663083381637
20.83394 0.44734854472958496
20.83515 0.44720802374804586
20.83635 0.44704993764381445
20.83756 0.4469094166622754
20.83877 0.44676889568073636
20.83997 0.4466283746991973
20.84118 0.4464702885949659
20.84239 0.4463297676134268
20.84359 0.4461892466318878
20.8448 0.4460487256503487
20.84601 0.4459082046688096
20.84721 0.4457676836872706
20.84842 0.4456271627057315
20.84963 0.4454866417241925
20.85083 0.4453461207426534
20.85204 0.4452055997611144
20.85325 0.4450650787795753
20.85445 0.4449069926753439
20.85566 0.4447664716938048
20.85687 0.4446259507122658
20.85807 0.4444854297307267
20.85928 0.4443449087491876
20.86049 0.4441868226449562
20.8617 0.4440463016634172
20.8629 0.4438882155591857
20.86411 0.4437476945776467
20.86532 0.44358960847341516
20.86652 0.44343152236918376
20.86773 0.44329100138764466
20.86894 0.44313291528341325
20.87014 0.44297482917918185
20.87135 0.4428167430749504
20.87256 0.442658656970719
20.87376 0.4425005708664875
20.87497 0.44234248476225607
20.87618 0.44218439865802467
20.87738 0.44202631255379315
20.87859 0.44186822644956175
20.8798 0.44171014034533035
20.881 0.4415520542410989
20.88221 0.4413939681368675
20.88342 0.441235882032636
20.88463 0.44107779592840457
20.88583 0.44091970982417317
20.88704 0.44076162371994165
20.88825 0.44060353761571025
20.88945 0.4404454515114788
20.89066 0.4402873654072474
20.89187 0.440129279303016
20.89307 0.43997119319878447
20.89428 0.43981310709455307
20.89549 0.43965502099032167
20.89669 0.43949693488609015
20.8979 0.43935641390455116
20.89911 0.4391983278003197
20.90031 0.4390402416960883
20.90152 0.43888215559185684
20.90273 0.4387416346103178
20.90393 0.43858354850608633
20.90514 0.4384430275245473
20.90635 0.4382849414203158
20.90755 0.43814442043877677
20.90876 0.4379863343345453
20.90997 0.43784581335300626
20.91118 0.43768772724877486
20.91238 0.43754720626723576
20.91359 0.43738912016300435
20.9148 0.4372310340587729
20.916 0.43709051307723384
20.91721 0.43693242697300244
20.91842 0.4367919059914634
20.91962 0.43663381988723193
20.92083 0.4364757337830005
20.92204 0.4363352128014614
20.92324 0.43617712669723
20.92445 0.4360366057156909
20.92566 0.43589608473415187
20.92686 0.43573799862992046
20.92807 0.43559747764838136
20.92928 0.4354569566668423
20.93048 0.4352988705626109
20.93169 0.4351583495810718
20.9329 0.43501782859953275
20.9341 0.4348773076179937
20.93531 0.43473678663645465
20.93652 0.434613830777608
20.93773 0.4344733097960689
20.93893 0.43433278881452986
20.94014 0.4342098329556832
20.94135 0.4340868770968365
20.94255 0.43394635611529747
20.94376 0.43382340025645083
20.94497 0.43370044439760413
20.94617 0.43359505366144985
20.94738 0.43347209780260315
20.94859 0.4333491419437565
20.94979 0.4332437512076022
20.951 0.43313836047144794
20.95221 0.4330329697352936
20.95341 0.4329275789991393
20.95462 0.43283975338567743
20.95583 0.4327343626495231
20.95703 0.4326465370360612
20.95824 0.43255871142259933
20.95945 0.4324708858091374
20.96065 0.43238306019567546
20.96186 0.43231279970490594
20.96307 0.43222497409144406
20.96428 0.4321371484779821
20.96548 0.4320668879872126
20.96669 0.4319790623737507
20.9679 0.43190880188298114
20.9691 0.43183854139221167
20.97031 0.4317682809014421
20.97152 0.4316804552879802
20.97272 0.43161019479721063
20.97393 0.43153993430644116
20.97514 0.4314696738156716
20.97634 0.4313818482022097
20.97755 0.4313115877114402
20.97876 0.43124132722067066
20.97996 0.43117106672990113
20.98117 0.4310832411164392
20.98238 0.4310129806256697
20.98358 0.43092515501220774
20.98479 0.43083732939874586
20.986 0.43076706890797634
20.9872 0.4306792432945144
20.98841 0.4305914176810525
20.98962 0.4305035920675906
20.99083 0.4303982013314363
20.99203 0.4303103757179744
20.99324 0.4302225501045125
20.99445 0.43013472449105056
20.99565 0.4300293337548963
20.99686 0.42994150814143434
20.99807 0.42985368252797246
20.99927 0.4297658569145106
21.00048 0.42967803130104865
21.00169 0.42959020568758677
21.00289 0.42950238007412483
21.0041 0.4294145544606629
21.00531 0.429326728847201
21.00651 0.4292389032337391
21.00772 0.4291335124975848
21.00893 0.4290456868841229
21.01013 0.428957861270661
21.01134 0.42887003565719906
21.01255 0.4287646449210448
21.01375 0.42867681930758283
21.01496 0.4285714285714286
21.01617 0.4284660378352743
21.01738 0.42836064709912003
21.01858 0.4282552563629657
21.01979 0.4281498656268114
21.021 0.4280444748906571
21.0222 0.42792151903181047
21.02341 0.42781612829565613
21.02462 0.4276931724368095
21.02582 0.4275702165779628
21.02703 0.42744726071911615
21.02824 0.42730673973757705
21.02944 0.4271837838787304
21.03065 0.42704326289719136
21.03186 0.4269027419156523
21.03306 0.42676222093411326
21.03427 0.4266041348298818
21.03548 0.42644604872565034
21.03668 0.4262879626214189
21.03789 0.4261123113944951
21.0391 0.4259366601675713
21.0403 0.42576100894064745
21.04151 0.42558535771372363
21.04272 0.42539214136410747
21.04393 0.4252164901371836
21.04513 0.4250232737875674
21.04634 0.42481249231525886
21.04755 0.42461927596564264
21.04875 0.4244260596160265
21.04996 0.42421527814371784
21.05117 0.42400449667140927
21.05237 0.4237937151991007
21.05358 0.4235829337267921
21.05479 0.4233721522544835
21.05599 0.423161370782175
21.0572 0.42295058930986634
21.05841 0.42273980783755777
21.05961 0.4225290263652492
21.06082 0.4223182448929406
21.06203 0.422107463420632
21.06323 0.4218966819483234
21.06444 0.42166833535332243
21.06565 0.42147511900370627
21.06685 0.42126433753139764
21.06806 0.4210535560590891
21.06927 0.4208427745867805
21.07048 0.4206495582371643
21.07168 0.4204387767648557
21.07289 0.42024556041523947
21.0741 0.4200523440656233
21.0753 0.4198766928386995
21.07651 0.4196834764890833
21.07772 0.4194902601394671
21.07892 0.41931460891254324
21.08013 0.419121392562927
21.08134 0.41892817621331085
21.08254 0.41873495986369463
21.08375 0.41854174351407847
21.08496 0.41834852716446225
21.08616 0.4181377456921537
21.08737 0.4179445293425375
21.08858 0.4177513129929213
21.08978 0.41755809664330507
21.09099 0.4173473151709965
21.0922 0.41715409882138027
21.0934 0.4169608824717641
21.09461 0.4167676661221479
21.09582 0.41657444977253166
21.09703 0.4163812334229155
21.09823 0.41620558219599163
21.09944 0.41601236584637546
21.10065 0.41583671461945165
21.10185 0.41564349826983543
21.10306 0.415485412165604
21.10427 0.41530976093868016
21.10547 0.41513410971175635
21.10668 0.4149760236075249
21.10789 0.4148179375032935
21.10909 0.41467741652175444
21.1103 0.414519330417523
21.11151 0.4143963745586763
21.11271 0.41425585357713723
21.11392 0.4141328977182906
21.11513 0.4140099418594439
21.11633 0.4139045511232896
21.11754 0.4137991603871353
21.11875 0.41369376965098104
21.11996 0.41360594403751916
21.12116 0.4135356835467496
21.12237 0.41346542305598005
21.12358 0.4133951625652105
21.12478 0.413324902074441
21.12599 0.41327220670636383
21.1272 0.41321951133828666
21.1284 0.41318438109290195
21.12961 0.4131316857248248
21.13082 0.41309655547944
21.13202 0.4130789903567476
21.13323 0.4130438601113629
21.13444 0.4130262949886705
21.13564 0.41300872986597814
21.13685 0.41300872986597814
21.13806 0.41299116474328573
21.13926 0.41299116474328573
21.14047 0.41299116474328573
21.14168 0.41299116474328573
21.14288 0.41300872986597814
21.14409 0.4130262949886705
21.1453 0.4130262949886705
21.14651 0.4130614252340553
21.14771 0.4130789903567476
21.14892 0.41309655547944
21.15013 0.4131316857248248
21.15133 0.4131492508475172
21.15254 0.41318438109290195
21.15375 0.41321951133828666
21.15495 0.4132546415836715
21.15616 0.41328977182905624
21.15737 0.413324902074441
21.15857 0.4133775974425181
21.15978 0.41341272768790294
21.16099 0.4134478579332877
21.16219 0.4135005533013648
21.1634 0.413553248669442
21.16461 0.41358837891482675
21.16581 0.4136586394055962
21.16702 0.4137113347736734
21.16823 0.4137815952644429
21.16943 0.41386942087790485
21.17064 0.4139396813686744
21.17185 0.4140275069821363
21.17306 0.4141153325955982
21.17426 0.41420315820906006
21.17547 0.4143085489452144
21.17668 0.4143963745586763
21.17788 0.41450176529483057
21.17909 0.4146071560309849
21.1803 0.4147125467671392
21.1815 0.4148179375032935
21.18271 0.4149233282394478
21.18392 0.41502871897560206
21.18512 0.41515167483444876
21.18633 0.41525706557060305
21.18754 0.41536245630675733
21.18874 0.415485412165604
21.18995 0.4155908029017583
21.19116 0.4156961936379126
21.19236 0.4158015843740669
21.19357 0.4159069751102211
21.19478 0.41601236584637546
21.19598 0.41611775658252975
21.19719 0.41622314731868404
21.1984 0.4163109729321459
21.19961 0.41641636366830026
21.20081 0.41650418928176214
21.20202 0.416592014895224
21.20323 0.4166622753859936
21.20443 0.4167501009994555
21.20564 0.41682036149022506
21.20685 0.4168906219809945
21.20805 0.4169433173490717
21.20926 0.4170135778398412
21.21047 0.41708383833061075
21.21167 0.4171365336986879
21.21288 0.41720679418945744
21.21409 0.4172594895575346
21.21529 0.41731218492561173
21.2165 0.41736488029368884
21.21771 0.417417575661766
21.21891 0.41747027102984313
21.22012 0.4175229663979203
21.22133 0.4175756617659974
21.22253 0.4176283571340746
21.22374 0.41768105250215176
21.22495 0.41771618274753647
21.22616 0.41776887811561364
21.22736 0.4178040083609984
21.22857 0.4178567037290755
21.22978 0.41789183397446034
21.23098 0.4179269642198451
21.23219 0.41797965958792227
21.2334 0.418014789833307
21.2346 0.41804992007869174
21.23581 0.41808505032407656
21.23702 0.4181201805694613
21.23822 0.418155310814846
21.23943 0.41819044106023084
21.24064 0.4182255713056156
21.24184 0.41826070155100037
21.24305 0.4182958317963851
21.24426 0.4183309620417699
21.24546 0.41836609228715466
21.24667 0.41838365740984707
21.24788 0.41841878765523177
21.24908 0.41845391790061653
21.25029 0.4184890481460013
21.2515 0.4185066132686937
21.25271 0.4185241783913861
21.25391 0.4185593086367708
21.25512 0.41857687375946323
21.25633 0.4185944388821556
21.25753 0.418612004004848
21.25874 0.41862956912754035
21.25995 0.41864713425023276
21.26115 0.41866469937292516
21.26236 0.41866469937292516
21.26357 0.4186822644956175
21.26477 0.4186822644956175
21.26598 0.41869982961830987
21.26719 0.4187173947410023
21.26839 0.4187173947410023
21.2696 0.41873495986369463
21.27081 0.41873495986369463
21.27201 0.41873495986369463
21.27322 0.41875252498638704
21.27443 0.41875252498638704
21.27563 0.41877009010907945
21.27684 0.41877009010907945
21.27805 0.4187876552317718
21.27926 0.4187876552317718
21.28046 0.4188052203544642
21.28167 0.41882278547715657
21.28288 0.41882278547715657
21.28408 0.4188403505998489
21.28529 0.41885791572254133
21.2865 0.4188754808452337
21.2877 0.4188930459679261
21.28891 0.4189106110906185
21.29012 0.41892817621331085
21.29132 0.41894574133600326
21.29253 0.41898087158138797
21.29374 0.4189984367040804
21.29494 0.41903356694946514
21.29615 0.4190686971948499
21.29736 0.4191038274402347
21.29856 0.41913895768561943
21.29977 0.4191740879310042
21.30098 0.41922678329908136
21.30218 0.4192619135444661
21.30339 0.41931460891254324
21.3046 0.41934973915792806
21.30581 0.4194024345260052
21.30701 0.41945512989408235
21.30822 0.4194902601394671
21.30943 0.4195429555075442
21.31063 0.4195956508756214
21.31184 0.41964834624369857
21.31305 0.4197010416117757
21.31425 0.41973617185716044
21.31546 0.4197888672252376
21.31667 0.41984156259331473
21.31787 0.4198942579613919
21.31908 0.41992938820677667
21.32029 0.4199820835748538
21.32149 0.42001721382023854
21.3227 0.4200699091883157
21.32391 0.4201050394337004
21.32511 0.42014016967908524
21.32632 0.42017529992447
21.32753 0.42021043016985477
21.32874 0.42024556041523947
21.32994 0.4202806906606243
21.33115 0.42029825578331664
21.33236 0.42033338602870146
21.33356 0.4203509511513938
21.33477 0.4203685162740862
21.33598 0.4203685162740862
21.33718 0.4203860813967785
21.33839 0.4203860813967785
21.3396 0.42040364651947093
21.3408 0.42040364651947093
21.34201 0.42040364651947093
21.34322 0.42040364651947093
21.34442 0.42042121164216334
21.34563 0.42042121164216334
21.34684 0.42042121164216334
21.34804 0.42042121164216334
21.34925 0.42040364651947093
21.35046 0.42040364651947093
21.35166 0.42040364651947093
21.35287 0.4203860813967785
21.35408 0.4203860813967785
21.35529 0.4203685162740862
21.35649 0.4203509511513938
21.3577 0.42033338602870146
21.35891 0.42031582090600905
21.36011 0.42029825578331664
21.36132 0.4202806906606243
21.36253 0.4202631255379319
21.36373 0.4202279952925471
21.36494 0.42021043016985477
21.36615 0.42017529992447
21.36735 0.42014016967908524
21.36856 0.4201050394337004
21.36977 0.4200699091883157
21.37097 0.42003477894293095
21.37218 0.4199820835748538
21.37339 0.419946953329469
21.37459 0.4198942579613919
21.3758 0.41984156259331473
21.37701 0.4197888672252376
21.37821 0.41973617185716044
21.37942 0.4196659113663909
21.38063 0.41961321599831375
21.38184 0.4195429555075442
21.38304 0.4194726950167747
21.38425 0.4193848694033128
21.38546 0.41931460891254324
21.38666 0.41922678329908136
21.38787 0.419121392562927
21.38908 0.41903356694946514
21.39028 0.41892817621331085
21.39149 0.41882278547715657
21.3927 0.4187173947410023
21.3939 0.418612004004848
21.39511 0.4184890481460013
21.39632 0.41838365740984707
21.39752 0.41826070155100037
21.39873 0.4181377456921537
21.39994 0.4180323549559994
21.40114 0.4179093990971527
21.40235 0.41778644323830605
21.40356 0.41766348737945935
21.40476 0.4175229663979203
21.40597 0.41740001053907366
21.40718 0.41727705468022697
21.40839 0.41715409882138027
21.40959 0.4170311429625336
21.4108 0.41690818710368693
21.41201 0.41680279636753265
21.41321 0.41667984050868595
21.41442 0.4165568846498393
21.41563 0.41645149391368497
21.41683 0.4163285380548383
21.41804 0.41622314731868404
21.41925 0.41611775658252975
21.42045 0.4160299309690678
21.42166 0.41592454023291353
21.42287 0.41583671461945165
21.42407 0.4157488890059897
21.42528 0.4156610633925278
21.42649 0.4155732377790659
21.42769 0.415485412165604
21.4289 0.41541515167483445
21.43011 0.4153273260613725
21.43131 0.41525706557060305
21.43252 0.4151692399571411
21.43373 0.4150989794663716
21.43494 0.41502871897560206
21.43614 0.41494089336214013
21.43735 0.41487063287137066
21.43856 0.4148003723806011
21.43976 0.41473011188983155
21.44097 0.41465985139906203
21.44218 0.4145895909082925
21.44338 0.41453689554021533
21.44459 0.41446663504944586
21.4458 0.4143963745586763
21.447 0.4143436791905991
21.44821 0.41427341869982964
21.44942 0.41422072333175247
21.45062 0.41416802796367536
21.45183 0.4140977674729058
21.45304 0.41404507210482866
21.45424 0.41399237673675154
21.45545 0.4139396813686744
21.45666 0.41388698600059726
21.45786 0.4138518557552125
21.45907 0.4137991603871353
21.46028 0.4137464650190582
21.46149 0.4137113347736734
21.46269 0.4136586394055962
21.4639 0.4136235091602115
21.46511 0.41358837891482675
21.46631 0.413553248669442
21.46752 0.41351811842405717
21.46873 0.41348298817867246
21.46993 0.4134478579332877
21.47114 0.41341272768790294
21.47235 0.4133951625652105
21.47355 0.4133775974425181
21.47476 0.4133775974425181
21.47597 0.41336003231982577
21.47717 0.41336003231982577
21.47838 0.41336003231982577
21.47959 0.41336003231982577
21.48079 0.41336003231982577
21.482 0.41336003231982577
21.48321 0.4133775974425181
21.48441 0.4133775974425181
21.48562 0.4133951625652105
21.48683 0.41341272768790294
21.48804 0.41341272768790294
21.48924 0.4134302928105953
21.49045 0.4134478579332877
21.49166 0.41346542305598005
21.49286 0.41348298817867246
21.49407 0.41348298817867246
21.49528 0.4135005533013648
21.49648 0.41351811842405717
21.49769 0.41351811842405717
21.4989 0.4135356835467496
21.5001 0.4135356835467496
21.50131 0.4135356835467496
21.50252 0.4135356835467496
21.50372 0.4135356835467496
21.50493 0.41351811842405717
21.50614 0.41351811842405717
21.50734 0.4135005533013648
21.50855 0.41348298817867246
21.50976 0.41346542305598005
21.51096 0.4134302928105953
21.51217 0.4133951625652105
21.51338 0.41336003231982577
21.51459 0.41330733695174865
21.51579 0.4132546415836715
21.517 0.41320194621559436
21.51821 0.4131492508475172
21.51941 0.41309655547944
21.52062 0.4130438601113629
21.52183 0.4129735996205934
21.52303 0.41290333912982385
21.52424 0.4128330786390543
21.52545 0.4127628181482848
21.52665 0.4126925576575152
21.52786 0.41260473204405335
21.52907 0.4125344715532838
21.53027 0.4124466459398219
21.53148 0.41237638544905236
21.53269 0.4122885598355905
21.53389 0.41220073422212855
21.5351 0.4121129086086666
21.53631 0.41202508299520474
21.53752 0.41191969225905045
21.53872 0.4118318666455885
21.53993 0.41174404103212664
21.54114 0.41163865029597235
21.54234 0.4115508246825104
21.54355 0.41144543394635613
21.54476 0.41134004321020184
21.54596 0.41123465247404756
21.54717 0.4111468268605856
21.54838 0.41104143612443134
21.54958 0.41093604538827705
21.55079 0.41083065465212276
21.552 0.4107252639159685
21.5532 0.4106198731798142
21.55441 0.4105144824436599
21.55562 0.41040909170750556
21.55682 0.41030370097135127
21.55803 0.410198310235197
21.55924 0.41009291949904275
21.56044 0.4099875287628884
21.56165 0.4098821380267341
21.56286 0.4097591821678874
21.56407 0.4096362263090408
21.56527 0.4095132704501941
21.56648 0.40937274946865504
21.56769 0.4092497936098084
21.56889 0.40910927262826935
21.5701 0.4089687516467303
21.57131 0.40882823066519125
21.57251 0.40868770968365215
21.57372 0.4085471887021131
21.57493 0.40840666772057405
21.57613 0.408266146739035
21.57734 0.40812562575749595
21.57855 0.4079851047759569
21.57975 0.40784458379441785
21.58096 0.4076864976901864
21.58217 0.40754597670864734
21.58337 0.4074054557271083
21.58458 0.40726493474556924
21.58579 0.40714197888672254
21.58699 0.4070014579051835
21.5882 0.40687850204633685
21.58941 0.40673798106479775
21.59062 0.40661502520595105
21.59182 0.40649206934710436
21.59303 0.4063691134882577
21.59424 0.40626372275210343
21.59544 0.40615833201594914
21.59665 0.40605294127979485
21.59786 0.40594755054364057
21.59906 0.40585972493017863
21.60027 0.4057718993167167
21.60148 0.4056840737032548
21.60268 0.4056138132124853
21.60389 0.40554355272171577
21.6051 0.40547329223094625
21.6063 0.4054205968628691
21.60751 0.40536790149479196
21.60872 0.40531520612671484
21.60992 0.40528007588133
21.61113 0.40522738051325286
21.61234 0.40519225026786815
21.61354 0.4051571200224834
21.61475 0.4051219897770986
21.61596 0.4051044246544062
21.61717 0.40506929440902145
21.61837 0.4050517292863291
21.61958 0.4050341641636367
21.62079 0.40501659904094434
21.62199 0.4049990339182519
21.6232 0.4049990339182519
21.62441 0.4049814687955595
21.62561 0.4049814687955595
21.62682 0.4049814687955595
21.62803 0.4049814687955595
21.62923 0.4049814687955595
21.63044 0.4049814687955595
21.63165 0.4049814687955595
21.63285 0.4049990339182519
21.63406 0.4049990339182519
21.63527 0.40501659904094434
21.63647 0.40501659904094434
21.63768 0.4050341641636367
21.63889 0.4050517292863291
21.64009 0.4050517292863291
21.6413 0.40506929440902145
21.64251 0.4050868595317138
21.64372 0.4051044246544062
21.64492 0.4051219897770986
21.64613 0.405139554899791
21.64734 0.4051571200224834
21.64854 0.40517468514517574
21.64975 0.40519225026786815
21.65096 0.4052098153905605
21.65216 0.40524494563594526
21.65337 0.4052625107586377
21.65458 0.40529764100402244
21.65578 0.40535033637209955
21.65699 0.4053854666174843
21.6582 0.4054381619855615
21.6594 0.4054908573536386
21.66061 0.40552598759902336
21.66182 0.40557868296710053
21.66302 0.40564894345787006
21.66423 0.40570163882594723
21.66544 0.4057543341940244
21.66664 0.4058070295621015
21.66785 0.40587729005287104
21.66906 0.40592998542094816
21.67027 0.40600024591171774
21.67147 0.40605294127979485
21.67268 0.40610563664787197
21.67389 0.40617589713864155
21.67509 0.40622859250671867
21.6763 0.40628128787479584
21.67751 0.4063515483655653
21.67871 0.4064042437336425
21.67992 0.40645693910171965
21.68113 0.40649206934710436
21.68233 0.40654476471518153
21.68354 0.40657989496056635
21.68475 0.40663259032864346
21.68595 0.4066677205740282
21.68716 0.406702850819413
21.68837 0.40673798106479775
21.68957 0.4067555461874901
21.69078 0.4067731113101825
21.69199 0.40679067643287486
21.69319 0.4068082415555673
21.6944 0.4068082415555673
21.69561 0.4068082415555673
21.69682 0.4068082415555673
21.69802 0.4068082415555673
21.69923 0.4068082415555673
21.70044 0.40679067643287486
21.70164 0.40679067643287486
21.70285 0.4067731113101825
21.70406 0.4067555461874901
21.70526 0.40673798106479775
21.70647 0.4067204159421054
21.70768 0.406702850819413
21.70888 0.4066677205740282
21.71009 0.4066501554513358
21.7113 0.40661502520595105
21.7125 0.40657989496056635
21.71371 0.40654476471518153
21.71492 0.4065271995924892
21.71612 0.40649206934710436
21.71733 0.4064393739790273
21.71854 0.4064042437336425
21.71974 0.4063691134882577
21.72095 0.40633398324287295
21.72216 0.40628128787479584
21.72337 0.4062461576294111
21.72457 0.4061934622613339
21.72578 0.4061407668932568
21.72699 0.40610563664787197
21.72819 0.40605294127979485
21.7294 0.40600024591171774
21.73061 0.40594755054364057
21.73181 0.40589485517556345
21.73302 0.4058421598074863
21.73423 0.4057894644394091
21.73543 0.405736769071332
21.73664 0.4056840737032548
21.73785 0.40563137833517765
21.73905 0.40557868296710053
21.74026 0.40552598759902336
21.74147 0.4054557271082539
21.74267 0.4054030317401767
21.74388 0.4053327712494072
21.74509 0.40528007588133
21.7463 0.4052098153905605
21.7475 0.405139554899791
21.74871 0.4050517292863291
21.74992 0.4049814687955595
21.75112 0.40491120830479005
21.75233 0.4048233826913281
21.75354 0.4047531222005586
21.75474 0.40466529658709666
21.75595 0.40459503609632713
21.75716 0.4045072104828652
21.75836 0.4044193848694033
21.75957 0.40433155925594144
21.76078 0.40426129876517186
21.76198 0.40417347315171
21.76319 0.40408564753824805
21.7644 0.40399782192478617
21.7656 0.40390999631132424
21.76681 0.4038221706978623
21.76802 0.4037343450844004
21.76922 0.4036640845936309
21.77043 0.40357625898016897
21.77164 0.4034884333667071
21.77285 0.40340060775324516
21.77405 0.40333034726247563
21.77526 0.4032425216490137
21.77647 0.4031722611582442
21.77767 0.4030844355447823
21.77888 0.40301417505401277
21.78009 0.4029263494405509
21.78129 0.4028560889497813
21.7825 0.40278582845901184
21.78371 0.40271556796824226
21.78491 0.40264530747747274
21.78612 0.40259261210939556
21.78733 0.4025223516186261
21.78853 0.4024696562505489
21.78974 0.4023993957597794
21.79095 0.4023467003917023
21.79215 0.4022940050236251
21.79336 0.402241309655548
21.79457 0.4021710491647784
21.79577 0.4021183537967013
21.79698 0.40206565842862413
21.79819 0.40201296306054696
21.7994 0.4019778328151622
21.8006 0.4019251374470851
21.80181 0.4018724420790079
21.80302 0.4018197467109308
21.80422 0.4017670513428536
21.80543 0.40171435597477645
21.80664 0.40167922572939174
21.80784 0.40162653036131457
21.80905 0.4015738349932374
21.81026 0.4015211396251603
21.81146 0.4014860093797755
21.81267 0.40143331401169835
21.81388 0.40138061864362123
21.81508 0.40132792327554406
21.81629 0.40127522790746695
21.8175 0.40122253253938983
21.8187 0.40116983717131266
21.81991 0.40111714180323554
21.82112 0.4010644464351584
21.82232 0.4010117510670812
21.82353 0.4009590556990041
21.82474 0.4009063603309269
21.82595 0.4008360998401574
21.82715 0.4007834044720803
21.82836 0.4007307091040031
21.82957 0.4006604486132336
21.83077 0.40059018812246405
21.83198 0.40051992763169453
21.83319 0.40046723226361736
21.83439 0.4003969717728479
21.8356 0.4003267112820783
21.83681 0.4002564507913088
21.83801 0.40018619030053926
21.83922 0.40011592980976973
21.84043 0.4000456693190002
21.84163 0.3999754088282307
21.84284 0.39990514833746116
21.84405 0.39983488784669163
21.84525 0.39976462735592205
21.84646 0.3996943668651526
21.84767 0.399624106374383
21.84887 0.3995362807609211
21.85008 0.3994660202701516
21.85129 0.3993957597793821
21.8525 0.3993254992886125
21.8537 0.3992376736751506
21.85491 0.3991674131843811
21.85612 0.3990795875709192
21.85732 0.3990093270801497
21.85853 0.39892150146668776
21.85974 0.39885124097591823
21.86094 0.3987634153624563
21.86215 0.3986755897489944
21.86336 0.3986053292582249
21.86456 0.39851750364476296
21.86577 0.3984296780313011
21.86698 0.39834185241783915
21.86818 0.3982540268043772
21.86939 0.39816620119091534
21.8706 0.3980959407001458
21.8718 0.3979905499639915
21.87301 0.3979027243505296
21.87422 0.39781489873706766
21.87542 0.3977270731236058
21.87663 0.39763924751014385
21.87784 0.39755142189668197
21.87905 0.3974460311605277
21.88025 0.3973406404243734
21.88146 0.39725281481091146
21.88267 0.39714742407475717
21.88387 0.3970420333386029
21.88508 0.39693664260244854
21.88629 0.3968136867436019
21.88749 0.3967082960074476
21.8887 0.3966029052712933
21.88991 0.3964799494124467
21.89111 0.39637455867629234
21.89232 0.3962516028174457
21.89353 0.3961462120812914
21.89473 0.3960232562224447
21.89594 0.3959003003635981
21.89715 0.3957773445047514
21.89835 0.39567195376859704
21.89956 0.3955489979097504
21.90077 0.3954260420509037
21.90197 0.39532065131474947
21.90318 0.3951976954559028
21.90439 0.3950923047197485
21.9056 0.3949693488609018
21.9068 0.3948639581247475
21.90801 0.39474100226590086
21.90922 0.3946356115297466
21.91042 0.3945302207935923
21.91163 0.39440726493474554
21.91284 0.3943018741985913
21.91404 0.3942140485851294
21.91525 0.3941086578489751
21.91646 0.3940032671128208
21.91766 0.39391544149935886
21.91887 0.39381005076320463
21.92008 0.39372222514974264
21.92128 0.39363439953628077
21.92249 0.39356413904551124
21.9237 0.3934763134320493
21.9249 0.39340605294127984
21.92611 0.3933182273278179
21.92732 0.3932479668370484
21.92852 0.39317770634627885
21.92973 0.39310744585550933
21.93094 0.39303718536473975
21.93215 0.3929669248739703
21.93335 0.3929142295058931
21.93456 0.3928439690151236
21.93577 0.39279127364704647
21.93697 0.3927210131562769
21.93818 0.39266831778819977
21.93939 0.3926156224201226
21.94059 0.3925629270520455
21.9418 0.3925102316839683
21.94301 0.3924399711931988
21.94421 0.392404840947814
21.94542 0.3923521455797369
21.94663 0.39229945021165974
21.94783 0.3922467548435826
21.94904 0.39219405947550545
21.95025 0.39215892923012063
21.95145 0.3921062338620436
21.95266 0.39207110361665876
21.95387 0.3920184082485816
21.95508 0.3919832780031969
21.95628 0.3919305826351197
21.95749 0.39189545238973494
21.9587 0.39184275702165783
21.9599 0.39180762677627307
21.96111 0.3917549314081959
21.96232 0.39171980116281113
21.96352 0.39168467091742637
21.96473 0.3916319755493492
21.96594 0.39159684530396444
21.96714 0.39156171505857973
21.96835 0.39150901969050256
21.96956 0.3914738894451178
21.97076 0.3914211940770407
21.97197 0.39138606383165586
21.97318 0.3913509335862711
21.97438 0.3913333684635787
21.97559 0.391298238218194
21.9768 0.39128067309550163
21.978 0.3912455428501168
21.97921 0.39122797772742446
21.98042 0.39121041260473205
21.98163 0.39119284748203964
21.98283 0.3911752823593473
21.98404 0.39115771723665493
21.98525 0.3911401521139625
21.98645 0.3911401521139625
21.98766 0.39112258699127017
21.98887 0.39110502186857776
21.99007 0.39108745674588535
21.99128 0.391069891623193
21.99249 0.3910523265005006
21.99369 0.3910523265005006
21.9949 0.39103476137780824
21.99611 0.3910171962551159
21.99731 0.3909820660097311
21.99852 0.3909645008870387
21.99973 0.3909469357643463
22.00093 0.39091180551896154
22.00214 0.39089424039626913
22.00335 0.3908591101508844
22.00455 0.39082397990549966
22.00576 0.3907888496601149
22.00697 0.39073615429203773
22.00818 0.39070102404665297
22.00938 0.3906483286785758
22.01059 0.3905956333104987
22.0118 0.39052537281972916
22.013 0.390472677451652
22.01421 0.3904024169608825
22.01542 0.39033215647011293
22.01662 0.39024433085665106
22.01783 0.39017407036588153
22.01904 0.3900862447524196
22.02024 0.3899984191389577
22.02145 0.38989302840280343
22.02266 0.3898052027893415
22.02386 0.3896998120531872
22.02507 0.38961198643972533
22.02628 0.389506595703571
22.02748 0.3893836398447243
22.02869 0.38927824910857006
22.0299 0.3891728583724158
22.0311 0.3890499025135691
22.03231 0.3889269466547224
22.03352 0.3888039907958757
22.03473 0.38868103493702905
22.03593 0.38855807907818235
22.03714 0.3884351232193357
22.03835 0.388312167360489
22.03955 0.38817164637894996
22.04076 0.3880311253974109
22.04197 0.3879081695385643
22.04317 0.3877676485570252
22.04438 0.3876271275754861
22.04559 0.38748660659394707
22.04679 0.387346085612408
22.048 0.38718799950817656
22.04921 0.3870474785266375
22.05041 0.38690695754509846
22.05162 0.386748871440867
22.05283 0.38660835045932795
22.05403 0.38645026435509655
22.05524 0.38630974337355745
22.05645 0.38615165726932604
22.05765 0.3859935711650946
22.05886 0.3858354850608631
22.06007 0.3856773989566317
22.06128 0.3855368779750927
22.06248 0.38537879187086127
22.06369 0.3852207057666298
22.0649 0.38504505453970594
22.0661 0.38488696843547454
22.06731 0.3847113172085507
22.06852 0.3845356659816269
22.06972 0.38436001475470305
22.07093 0.38416679840508683
22.07214 0.38397358205547066
22.07334 0.38379793082854685
22.07455 0.3835871493562382
22.07576 0.38339393300662206
22.07696 0.38320071665700584
22.07817 0.38300750030738967
22.07938 0.3827967188350811
22.08058 0.3825859373627725
22.08179 0.3823927210131563
22.083 0.38218193954084767
22.0842 0.3819711580685391
22.08541 0.3817779417189229
22.08662 0.38156716024661436
22.08783 0.3813563787743057
22.08903 0.38116316242468956
22.09024 0.38095238095238093
22.09145 0.38075916460276477
22.09265 0.3805483831304562
22.09386 0.38035516678083997
22.09507 0.3801619504312238
22.09627 0.3799687340816076
22.09748 0.3797755177319914
22.09869 0.37958230138237514
22.09989 0.37940665015545133
22.1011 0.3792309989285275
22.10231 0.3790553477016037
22.10351 0.3788796964746799
22.10472 0.37872161037044844
22.10593 0.378563524266217
22.10713 0.3784054381619856
22.10834 0.3782473520577541
22.10955 0.37810683107621507
22.11075 0.377966310094676
22.11196 0.3778433542358293
22.11317 0.37770283325429027
22.11438 0.37757987739544363
22.11558 0.37745692153659693
22.11679 0.3773339656777503
22.118 0.3772110098189036
22.1192 0.37708805396005696
22.12041 0.3769826632239026
22.12162 0.3768597073650559
22.12282 0.37675431662890163
22.12403 0.3766489258927474
22.12524 0.3765435351565931
22.12644 0.3764557095431312
22.12765 0.3763503188069769
22.12886 0.3762449280708226
22.13006 0.37615710245736067
22.13127 0.3760692768438988
22.13248 0.37598145123043686
22.13368 0.3758936256169749
22.13489 0.37580580000351305
22.1361 0.3757179743900511
22.1373 0.3756477138992816
22.13851 0.3755598882858197
22.13972 0.37548962779505013
22.14093 0.37541936730428066
22.14213 0.3753491068135111
22.14334 0.3752788463227416
22.14455 0.37520858583197203
22.14575 0.37513832534120256
22.14696 0.3750856299731254
22.14817 0.37501536948235586
22.14937 0.3749626741142787
22.15058 0.37489241362350917
22.15179 0.37483971825543205
22.15299 0.3747870228873549
22.1542 0.3747343275192777
22.15541 0.3746816321512006
22.15661 0.3746289367831234
22.15782 0.3745762414150463
22.15903 0.37454111116966154
22.16023 0.3745059809242768
22.16144 0.37447085067889196
22.16265 0.37443572043350726
22.16386 0.37441815531081485
22.16506 0.3744005901881225
22.16627 0.3743830250654301
22.16748 0.3743830250654301
22.16868 0.3743654599427377
22.16989 0.3743654599427377
22.1711 0.3743654599427377
22.1723 0.3743654599427377
22.17351 0.3743654599427377
22.17472 0.3743830250654301
22.17592 0.3743830250654301
22.17713 0.3744005901881225
22.17834 0.3744005901881225
22.17954 0.37441815531081485
22.18075 0.37443572043350726
22.18196 0.37443572043350726
22.18316 0.3744532855561996
22.18437 0.3744532855561996
22.18558 0.37447085067889196
22.18678 0.37447085067889196
22.18799 0.3744884158015844
22.1892 0.3744884158015844
22.19041 0.3744884158015844
22.19161 0.3744884158015844
22.19282 0.3744884158015844
22.19403 0.3744884158015844
22.19523 0.3744884158015844
22.19644 0.37447085067889196
22.19765 0.3744532855561996
22.19885 0.37443572043350726
22.20006 0.37441815531081485
22.20127 0.3743830250654301
22.20247 0.3743654599427377
22.20368 0.37431276457466056
22.20489 0.3742776343292758
22.20609 0.3742249389611986
22.2073 0.37418980871581387
22.20851 0.37413711334773675
22.20971 0.3740844179796596
22.21092 0.3740141574888901
22.21213 0.37396146212081294
22.21333 0.37390876675273577
22.21454 0.37383850626196624
22.21575 0.37378581089388907
22.21696 0.3737155504031196
22.21816 0.37364528991235
22.21937 0.37357502942158055
22.22058 0.37350476893081097
22.22178 0.3734345084400415
22.22299 0.3733466828265795
22.2242 0.37327642233581004
22.2254 0.3731885967223481
22.22661 0.3731183362315786
22.22782 0.3730305106181167
22.22902 0.3729426850046548
22.23023 0.37285485939119284
22.23144 0.37276703377773096
22.23264 0.372679208164269
22.23385 0.37259138255080715
22.23506 0.3725035569373452
22.23626 0.3723981662011909
22.23747 0.37231034058772905
22.23868 0.3722049498515747
22.23988 0.37211712423811283
22.24109 0.37201173350195854
22.2423 0.37190634276580425
22.24351 0.3718009520296499
22.24471 0.3716955612934956
22.24592 0.37159017055734134
22.24713 0.3714847798211871
22.24833 0.37137938908503276
22.24954 0.3712739983488785
22.25075 0.3711510424900318
22.25195 0.37104565175387755
22.25316 0.3709402610177232
22.25437 0.3708173051588765
22.25557 0.37069434930002987
22.25678 0.3705538283184908
22.25799 0.37041330733695177
22.25919 0.37027278635541266
22.2604 0.3701322653738736
22.26161 0.36999174439233457
22.26281 0.3698336582881031
22.26402 0.3696755721838717
22.26523 0.3695174860796403
22.26643 0.36935939997540884
22.26764 0.3692013138711774
22.26885 0.369043227766946
22.27006 0.3688675765400221
22.27126 0.3687094904357907
22.27247 0.3685338392088669
22.27368 0.36837575310463544
22.27488 0.3682001018777116
22.27609 0.36804201577348017
22.2773 0.36786636454655636
22.2785 0.36770827844232495
22.27971 0.36753262721540114
22.28092 0.3673745411111697
22.28212 0.3672164550069382
22.28333 0.36705836890270677
22.28454 0.36690028279847536
22.28574 0.3667421966942439
22.28695 0.36660167571270486
22.28816 0.3664611547311658
22.28936 0.36632063374962676
22.29057 0.36618011276808765
22.29178 0.3660395917865486
22.29298 0.36591663592770196
22.29419 0.36579368006885526
22.2954 0.365688289332701
22.29661 0.36556533347385434
22.29781 0.36545994273770005
22.29902 0.3653721171242381
22.30023 0.36528429151077624
22.30143 0.3651964658973143
22.30264 0.36510864028385237
22.30385 0.3650383797930829
22.30505 0.3649681193023133
22.30626 0.36488029368885144
22.30747 0.3648100331980819
22.30867 0.3647397727073124
22.30988 0.3646870773392352
22.31109 0.3646168168484657
22.31229 0.3645641214803886
22.3135 0.3645114261123114
22.31471 0.3644411656215419
22.31591 0.3644060353761571
22.31712 0.36435334000807995
22.31833 0.36430064464000284
22.31953 0.3642655143946181
22.32074 0.36423038414923326
22.32195 0.36419525390384855
22.32316 0.3641601236584638
22.32436 0.364124993413079
22.32557 0.3641074282903866
22.32678 0.36407229804500185
22.32798 0.3640547329223095
22.32919 0.3640371677996171
22.3304 0.36401960267692474
22.3316 0.36401960267692474
22.33281 0.3640020375542323
22.33402 0.3640020375542323
22.33522 0.3640020375542323
22.33643 0.3640020375542323
22.33764 0.36401960267692474
22.33884 0.36401960267692474
22.34005 0.3640371677996171
22.34126 0.3640547329223095
22.34246 0.36407229804500185
22.34367 0.3641074282903866
22.34488 0.3641425585357714
22.34608 0.3641601236584638
22.34729 0.36419525390384855
22.3485 0.36424794927192566
22.34971 0.3642830795173104
22.35091 0.3643357748853876
22.35212 0.3644060353761571
22.35333 0.36447629586692665
22.35453 0.36454655635769617
22.35574 0.3646168168484657
22.35695 0.36470464246192763
22.35815 0.3647924680753895
22.35936 0.3648978588115438
22.36057 0.36500324954769814
22.36177 0.36510864028385237
22.36298 0.36521403102000666
22.36419 0.365319421756161
22.36539 0.3654423776150077
22.3666 0.36556533347385434
22.36781 0.365688289332701
22.36901 0.3658112451915477
22.37022 0.3659342010503943
22.37143 0.366057156909241
22.37263 0.36619767789078006
22.37384 0.36632063374962676
22.37505 0.3664611547311658
22.37626 0.3665841105900125
22.37746 0.36672463157155155
22.37867 0.36684758743039825
22.37988 0.3669881084119373
22.38108 0.36711106427078394
22.38229 0.367251585252323
22.3835 0.3673745411111697
22.3847 0.3674974969700163
22.38591 0.36763801795155543
22.38712 0.36776097381040207
22.38832 0.3678839296692487
22.38953 0.36798932040540305
22.39074 0.36811227626424975
22.39194 0.36821766700040404
22.39315 0.36832305773655827
22.39436 0.36842844847271256
22.39556 0.3685338392088669
22.39677 0.3686216648223288
22.39798 0.3687094904357907
22.39919 0.36879731604925264
22.40039 0.36890270678540693
22.4016 0.3689905323988688
22.40281 0.36907835801233074
22.40401 0.3691661836257926
22.40522 0.36925400923925455
22.40643 0.3693418348527165
22.40763 0.36942966046617837
22.40884 0.3695174860796403
22.41005 0.3695877465704098
22.41125 0.3696755721838717
22.41246 0.36976339779733364
22.41367 0.3698512234107955
22.41487 0.3699214839015651
22.41608 0.370009309515027
22.41729 0.3700795700057965
22.41849 0.37016739561925843
22.4197 0.37023765611002796
22.42091 0.37032548172348984
22.42211 0.37039574221425936
22.42332 0.3704660027050289
22.42453 0.3705362631957984
22.42574 0.37062408880926034
22.42694 0.37069434930002987
22.42815 0.3707646097907994
22.42936 0.3708173051588765
22.43056 0.3708875656496461
22.43177 0.37095782614041556
22.43298 0.37102808663118514
22.43418 0.37108078199926225
22.43539 0.3711510424900318
22.4366 0.37120373785810895
22.4378 0.37125643322618607
22.43901 0.37132669371695565
22.44022 0.37137938908503276
22.44142 0.37143208445310993
22.44263 0.3714847798211871
22.44384 0.3715199100665718
22.44504 0.371572605434649
22.44625 0.37162530080272616
22.44746 0.37166043104811086
22.44866 0.3716955612934956
22.44987 0.37173069153888044
22.45108 0.3717658217842652
22.45229 0.37178338690695756
22.45349 0.3718185171523423
22.4547 0.3718360822750347
22.45591 0.3718536473977271
22.45711 0.3718712125204195
22.45832 0.3718712125204195
22.45953 0.37188877764311185
22.46073 0.37190634276580425
22.46194 0.37190634276580425
22.46315 0.3719239078884966
22.46435 0.3719239078884966
22.46556 0.3719239078884966
22.46677 0.37194147301118896
22.46797 0.37194147301118896
22.46918 0.37194147301118896
22.47039 0.37194147301118896
22.47159 0.37195903813388137
22.4728 0.37195903813388137
22.47401 0.37195903813388137
22.47521 0.3719766032565738
22.47642 0.3719766032565738
22.47763 0.37199416837926613
22.47884 0.37201173350195854
22.48004 0.37201173350195854
22.48125 0.3720292986246509
22.48246 0.3720468637473433
22.48366 0.372081993992728
22.48487 0.3720995591154204
22.48608 0.37211712423811283
22.48728 0.3721522544834976
22.48849 0.37218738472888235
22.4897 0.37222251497426706
22.4909 0.37227521034234423
22.49211 0.37231034058772905
22.49332 0.37236303595580617
22.49452 0.3724157313238833
22.49573 0.37248599181465286
22.49694 0.37253868718273
22.49814 0.37260894767349956
22.49935 0.3726616430415766
22.50056 0.3727319035323462
22.50176 0.3728021640231157
22.50297 0.37287242451388525
22.50418 0.3729602501273471
22.50539 0.3730305106181167
22.50659 0.3731007711088862
22.5078 0.3731885967223481
22.50901 0.37327642233581004
22.51021 0.3733642479492719
22.51142 0.3734345084400415
22.51263 0.3735223340535034
22.51383 0.37362772478965767
22.51504 0.3737155504031196
22.51625 0.3738033760165815
22.51745 0.3738912016300434
22.51866 0.3739965923661977
22.51987 0.3740844179796596
22.52107 0.37418980871581387
22.52228 0.3742776343292758
22.52349 0.3743830250654301
22.52469 0.3744884158015844
22.5259 0.3745762414150463
22.52711 0.3746816321512006
22.52831 0.3747870228873549
22.52952 0.37489241362350917
22.53073 0.3749802392369711
22.53194 0.3750856299731254
22.53314 0.3751910207092797
22.53435 0.37529641144543396
22.53556 0.37540180218158825
22.53676 0.37550719291774254
22.53797 0.3756125836538968
22.53918 0.3757179743900511
22.54038 0.37582336512620546
22.54159 0.37591119073966733
22.5428 0.3760165814758216
22.544 0.3761219722119759
22.54521 0.3762273629481302
22.54642 0.3763503188069769
22.54762 0.3764557095431312
22.54883 0.3765786654019778
22.55004 0.3767016212608245
22.55124 0.3768245771196712
22.55245 0.3769475329785179
22.55366 0.37708805396005696
22.55486 0.3772110098189036
22.55607 0.3773339656777503
22.55728 0.37747448665928934
22.55849 0.3776150076408284
22.55969 0.37773796349967503
22.5609 0.3778784844812141
22.56211 0.3780190054627532
22.56331 0.37814196132159983
22.56452 0.3782824823031389
22.56573 0.37842300328467793
22.56693 0.3785459591435246
22.56814 0.3786864801250637
22.56935 0.3788270011066027
22.57055 0.3789499569654494
22.57176 0.3790729128242961
22.57297 0.37919586868314276
22.57417 0.37931882454198945
22.57538 0.3794417804008361
22.57659 0.3795647362596828
22.57779 0.37968769211852943
22.579 0.3797930828546837
22.58021 0.37989847359083806
22.58141 0.38000386432699235
22.58262 0.38010925506314663
22.58383 0.38019708067660857
22.58504 0.38028490629007045
22.58624 0.3803727319035323
22.58745 0.38046055751699426
22.58866 0.3805308180077638
22.58986 0.38060107849853336
22.59107 0.3806537738666105
22.59228 0.38072403435738
22.59348 0.3807767297254571
22.59469 0.3808118599708419
22.5959 0.38086455533891905
22.5971 0.3808996855843038
22.59831 0.3809348158296886
22.59952 0.38096994607507334
22.60072 0.3810050763204581
22.60193 0.3810226414431505
22.60314 0.3810577716885352
22.60434 0.3810753368112276
22.60555 0.38109290193392
22.60676 0.38109290193392
22.60797 0.3811104670566124
22.60917 0.3811104670566124
22.61038 0.3811280321793048
22.61159 0.3811280321793048
22.61279 0.3811280321793048
22.614 0.3811104670566124
22.61521 0.3811104670566124
22.61641 0.3811104670566124
22.61762 0.38109290193392
22.61883 0.3810753368112276
22.62003 0.3810577716885352
22.62124 0.3810402065658429
22.62245 0.3810226414431505
22.62365 0.3810050763204581
22.62486 0.38098751119776575
22.62607 0.38096994607507334
22.62727 0.3809348158296886
22.62848 0.38091725070699617
22.62969 0.38088212046161146
22.63089 0.38086455533891905
22.6321 0.3808294250935343
22.63331 0.38079429484814953
22.63452 0.38075916460276477
22.63572 0.38072403435738
22.63693 0.3807064692346876
22.63814 0.38067133898930283
22.63934 0.38063620874391807
22.64055 0.38060107849853336
22.64176 0.38056594825314854
22.64296 0.3805132528850714
22.64417 0.38047812263968667
22.64538 0.3804254272716095
22.64658 0.3803727319035323
22.64779 0.3803200365354552
22.649 0.38026734116737804
22.6502 0.3802146457993009
22.65141 0.3801443853085314
22.65262 0.3800916899404542
22.65382 0.3800214294496847
22.65503 0.3799511689589152
22.65624 0.37988090846814565
22.65744 0.3798106479773761
22.65865 0.3797403874866066
22.65986 0.3796701269958371
22.66107 0.37958230138237514
22.66227 0.3795120408916056
22.66348 0.37942421527814374
22.66469 0.3793539547873742
22.66589 0.3792661291739123
22.6671 0.37919586868314276
22.66831 0.3791080430696808
22.66951 0.37903778257891135
22.67072 0.3789499569654494
22.67193 0.3788796964746799
22.67313 0.378791870861218
22.67434 0.37872161037044844
22.67555 0.37863378475698656
22.67675 0.378563524266217
22.67796 0.3784932637754475
22.67917 0.37842300328467793
22.68037 0.37833517767121605
22.68158 0.3782824823031389
22.68279 0.3782122218123694
22.68399 0.37814196132159983
22.6852 0.3780717008308303
22.68641 0.3780190054627532
22.68762 0.37794874497198366
22.68882 0.3778960496039065
22.69003 0.3778433542358293
22.69124 0.3778082239904446
22.69244 0.37775552862236744
22.69365 0.37770283325429027
22.69486 0.37766770300890556
22.69606 0.37763257276352075
22.69727 0.377597442518136
22.69848 0.3775623122727512
22.69968 0.3775271820273665
22.70089 0.3774920517819817
22.7021 0.37745692153659693
22.7033 0.3774393564139045
22.70451 0.37740422616851976
22.70572 0.37738666104582747
22.70692 0.37735153080044265
22.70813 0.3773339656777503
22.70934 0.3773164005550579
22.71054 0.3772812703096731
22.71175 0.3772637051869807
22.71296 0.37724614006428836
22.71417 0.377228574941596
22.71537 0.3771934446962112
22.71658 0.37717587957351884
22.71779 0.3771583144508264
22.71899 0.3771407493281341
22.7202 0.3771056190827493
22.72141 0.37708805396005696
22.72261 0.37707048883736455
22.72382 0.3770353585919798
22.72503 0.3770177934692874
22.72623 0.3769826632239026
22.72744 0.37696509810121026
22.72865 0.3769299678558255
22.72985 0.37689483761044074
22.73106 0.3768597073650559
22.73227 0.3768245771196712
22.73347 0.37678944687428645
22.73468 0.37675431662890163
22.73589 0.37671918638351687
22.73709 0.37666649101543975
22.7383 0.376631360770055
22.73951 0.3765786654019778
22.74072 0.3765259700339007
22.74192 0.37647327466582353
22.74313 0.3764205792977464
22.74434 0.37636788392966924
22.74554 0.37631518856159213
22.74675 0.3762449280708226
22.74796 0.37619223270274543
22.74916 0.37613953733466826
22.75037 0.3760692768438988
22.75158 0.3759990163531292
22.75278 0.3759463209850521
22.75399 0.37587606049428257
22.7552 0.37580580000351305
22.7564 0.37573553951274347
22.75761 0.37568284414466635
22.75882 0.3756125836538968
22.76002 0.3755423231631273
22.76123 0.37545449754966537
22.76244 0.3753842370588959
22.76364 0.3753139765681263
22.76485 0.3752437160773568
22.76606 0.37517345558658727
22.76727 0.3750856299731254
22.76847 0.37501536948235586
22.76968 0.37494510899158634
22.77089 0.3748572833781244
22.77209 0.3747870228873549
22.7733 0.374699197273893
22.77451 0.3746289367831234
22.77571 0.37454111116966154
22.77692 0.37447085067889196
22.77813 0.3743830250654301
22.77933 0.3742951994519682
22.78054 0.3742249389611986
22.78175 0.37413711334773675
22.78295 0.3740492877342748
22.78416 0.3739790272435053
22.78537 0.3738912016300434
22.78657 0.3738033760165815
22.78778 0.3737155504031196
22.78899 0.37364528991235
22.79019 0.37355746429888814
22.7914 0.3734696386854262
22.79261 0.37338181307196433
22.79382 0.37327642233581004
22.79502 0.3731885967223481
22.79623 0.3730832059861938
22.79744 0.37297781525003953
22.79864 0.37285485939119284
22.79985 0.3727494686550386
22.80106 0.3726265127961919
22.80226 0.37252112206003757
22.80347 0.3723981662011909
22.80468 0.37227521034234423
22.80588 0.3721522544834976
22.80709 0.3720292986246509
22.8083 0.37190634276580425
22.8095 0.37178338690695756
22.81071 0.3716428659254185
22.81192 0.3715199100665718
22.81312 0.3713969542077251
22.81433 0.3712739983488785
22.81554 0.3711510424900318
22.81675 0.37104565175387755
22.81795 0.37092269589503085
22.81916 0.37079974003618416
22.82037 0.37069434930002987
22.82157 0.3705889585638756
22.82278 0.3704835678277213
22.82399 0.370378177091567
22.82519 0.3702903514781051
22.8264 0.3701849607419508
22.82761 0.3700971351284889
22.82881 0.3700268746377193
22.83002 0.36993904902425745
22.83123 0.3698687885334879
22.83243 0.3697985280427184
22.83364 0.36974583267464123
22.83485 0.36969313730656406
22.83605 0.36964044193848694
22.83726 0.3696053116931022
22.83847 0.3695877465704098
22.83967 0.369552616325025
22.84088 0.369552616325025
22.84209 0.36953505120233265
22.8433 0.36953505120233265
22.8445 0.36953505120233265
22.84571 0.36953505120233265
22.84692 0.36953505120233265
22.84812 0.369552616325025
22.84933 0.3695701814477174
22.85054 0.3695877465704098
22.85174 0.3696053116931022
22.85295 0.36964044193848694
22.85416 0.36965800706117935
22.85536 0.36969313730656406
22.85657 0.3697282675519489
22.85778 0.36978096292002605
22.85898 0.36981609316541075
22.86019 0.3698687885334879
22.8614 0.3699214839015651
22.8626 0.36999174439233457
22.86381 0.37004443976041174
22.86502 0.37011470025118126
22.86622 0.3701849607419508
22.86743 0.3702552212327203
22.86864 0.37034304684618224
22.86985 0.3704308724596441
22.87105 0.37051869807310606
22.87226 0.370606523686568
22.87347 0.3707119144227222
22.87467 0.37079974003618416
22.87588 0.37090513077233844
22.87709 0.37102808663118514
22.87829 0.3711334773673394
22.8795 0.37125643322618607
22.88071 0.37137938908503276
22.88191 0.37150234494387946
22.88312 0.3716428659254185
22.88433 0.37178338690695756
22.88553 0.3719239078884966
22.88674 0.37206442887003566
22.88795 0.37222251497426706
22.88915 0.3723806010784985
22.89036 0.37253868718273
22.89157 0.3727143384096538
22.89277 0.37288998963657766
22.89398 0.3730656408635014
22.89519 0.37325885721311763
22.8964 0.3734696386854262
22.8976 0.37368042015773484
22.89881 0.3738912016300434
22.90002 0.3741195482250444
22.90122 0.3743654599427377
22.90243 0.374611371660431
22.90364 0.3748572833781244
22.90484 0.37510319509581774
22.90605 0.3753666719362035
22.90726 0.37563014877658923
22.90846 0.3758936256169749
22.90967 0.376174667580053
22.91088 0.3764557095431312
22.91208 0.3767367515062093
22.91329 0.3770177934692874
22.9145 0.3772988354323655
22.9157 0.377597442518136
22.91691 0.3778784844812141
22.91812 0.3781770915669846
22.91932 0.37845813353006275
22.92053 0.3787567406158332
22.92174 0.3790553477016037
22.92295 0.37933638966468186
22.92415 0.3796349967504523
22.92536 0.37991603871353047
22.92657 0.3802146457993009
22.92777 0.380495687762379
22.92898 0.3807767297254571
22.93019 0.3810577716885352
22.93139 0.3813388136516134
22.9326 0.3816022904919991
22.93381 0.38186576733238486
22.93501 0.38212924417277055
22.93622 0.3823927210131563
22.93743 0.38263863273084964
22.93863 0.382884544448543
22.93984 0.38313045616623637
22.94105 0.3833588027612373
22.94225 0.3835871493562382
22.94346 0.38381549595123926
22.94467 0.3840438425462402
22.94587 0.3842897542639335
22.94708 0.3845181008589345
22.94829 0.3847464474539355
22.9495 0.3849747940489365
22.9507 0.3852207057666298
22.95191 0.38544905236163074
22.95312 0.3856773989566317
22.95432 0.38592331067432506
22.95553 0.38615165726932604
22.95674 0.386380003864327
22.95794 0.38660835045932795
22.95915 0.3868542621770213
22.96036 0.38708260877202233
22.96156 0.38729339024433085
22.96277 0.38752173683933183
22.96398 0.3877500834343328
22.96518 0.3879608649066414
22.96639 0.3881892115016424
22.9676 0.38839999297395095
22.9688 0.3886107744462595
22.97001 0.3888039907958757
22.97122 0.3890147722681843
22.97242 0.3892079886178005
22.97363 0.3894012049674167
22.97484 0.3895944213170329
22.97605 0.3897700725439567
22.97725 0.38994572377088055
22.97846 0.39012137499780436
22.97967 0.3902970262247282
22.98087 0.39045511232895963
22.98208 0.3905956333104987
22.98329 0.3907537194147301
22.98449 0.39089424039626913
22.9857 0.3910171962551159
22.98691 0.3911401521139625
22.98811 0.3912631079728092
22.98932 0.3913684987089635
22.99053 0.3914738894451178
22.99173 0.39156171505857973
22.99294 0.3916495406720416
22.99415 0.39171980116281113
22.99535 0.39179006165358066
22.99656 0.3918603221443502
22.99777 0.39191301751242735
22.99897 0.39196571288050447
23.00018 0.3920008431258893
23.00139 0.392035973371274
23.0026 0.3920535384939664
23.0038 0.39208866873935116
23.00501 0.3921062338620436
23.00622 0.3921062338620436
23.00742 0.3921062338620436
23.00863 0.3921062338620436
23.00984 0.3921062338620436
23.01104 0.39208866873935116
23.01225 0.39207110361665876
23.01346 0.3920535384939664
23.01466 0.3920184082485816
23.01587 0.3919832780031969
23.01708 0.3919481477578121
23.01828 0.39191301751242735
23.01949 0.39187788726704254
23.0207 0.3918251918989654
23.0219 0.39177249653088825
23.02311 0.39171980116281113
23.02432 0.391667105794734
23.02553 0.39159684530396444
23.02673 0.3915441499358873
23.02794 0.3914738894451178
23.02915 0.39140362895434827
23.03035 0.3913333684635787
23.03156 0.3912631079728092
23.03277 0.3911752823593473
23.03397 0.39110502186857776
23.03518 0.3910171962551159
23.03639 0.3909469357643463
23.03759 0.3908591101508844
23.0388 0.3907888496601149
23.04001 0.39070102404665297
23.04121 0.39061319843319103
23.04242 0.39052537281972916
23.04363 0.3904375472062673
23.04483 0.39034972159280534
23.04604 0.3902618959793434
23.04725 0.3901565052431892
23.04845 0.39005111450703484
23.04966 0.38992815864818814
23.05087 0.3898052027893415
23.05208 0.3896822469304948
23.05328 0.38955929107164816
23.05449 0.3894187700901091
23.0557 0.38927824910857006
23.0569 0.38913772812703096
23.05811 0.3889972071454919
23.05932 0.3888391210412605
23.06052 0.3886986000597214
23.06173 0.38854051395549
23.06294 0.38838242785125854
23.06414 0.3882243417470271
23.06535 0.3880486905201033
23.06656 0.38789060441587186
23.06776 0.3877325183116404
23.06897 0.3875568670847166
23.07018 0.38739878098048514
23.07138 0.3872231297535614
23.07259 0.3870650436493299
23.0738 0.3868893924224061
23.075 0.38673130631817465
23.07621 0.3865732202139432
23.07742 0.3863975689870194
23.07863 0.386239482882788
23.07983 0.3860813967785565
23.08104 0.38592331067432506
23.08225 0.38576522457009366
23.08345 0.3856071384658622
23.08466 0.38546661748432315
23.08587 0.3853085313800917
23.08707 0.38516801039855264
23.08828 0.3850274894170136
23.08949 0.3849045335581669
23.09069 0.38476401257662785
23.0919 0.3846410567177812
23.09311 0.3845181008589345
23.09431 0.3844127101227802
23.09552 0.38430731938662593
23.09673 0.38418436352777924
23.09793 0.38407897279162495
23.09914 0.38397358205547066
23.10035 0.383850626196624
23.10155 0.3837452354604697
23.10276 0.38362227960162304
23.10397 0.38349932374277634
23.10518 0.38339393300662206
23.10638 0.3832709771477754
23.10759 0.3831655864116211
23.1088 0.38304263055277443
23.11 0.38293723981662015
23.11121 0.38281428395777345
23.11242 0.38270889322161916
23.11362 0.3826035024854649
23.11483 0.3824981117493106
23.11604 0.3823927210131563
23.11724 0.382287330277002
23.11845 0.38218193954084767
23.11966 0.3820941139273858
23.12086 0.3819887231912315
23.12207 0.38190089757776957
23.12328 0.3818130719643077
23.12448 0.3817252463508458
23.12569 0.38165498586007623
23.1269 0.3815847253693067
23.1281 0.3815144648785372
23.12931 0.38144420438776766
23.13052 0.3813915090196905
23.13173 0.3813388136516134
23.13293 0.38128611828353626
23.13414 0.3812334229154591
23.13535 0.38119829267007427
23.13655 0.38118072754738197
23.13776 0.38114559730199715
23.13897 0.38114559730199715
23.14017 0.3811280321793048
23.14138 0.3811280321793048
23.14259 0.3811280321793048
23.14379 0.38114559730199715
23.145 0.38118072754738197
23.14621 0.38119829267007427
23.14741 0.38125098803815144
23.14862 0.38128611828353626
23.14983 0.3813563787743057
23.15103 0.3814090741423829
23.15224 0.3814793346331524
23.15345 0.38154959512392195
23.15465 0.3816374207373838
23.15586 0.3817252463508458
23.15707 0.3818130719643077
23.15828 0.381918462700462
23.15948 0.38202385343661627
23.16069 0.38214680929546296
23.1619 0.38225220003161725
23.1631 0.3823751558904639
23.16431 0.38251567687200294
23.16552 0.38263863273084964
23.16672 0.3827791537123887
23.16793 0.38293723981662015
23.16914 0.3830777607981592
23.17034 0.38323584690239065
23.17155 0.38339393300662206
23.17276 0.3835520191108535
23.17396 0.383710105215085
23.17517 0.38388575644200873
23.17638 0.3840614076689326
23.17758 0.3842370588958564
23.17879 0.3844127101227802
23.18 0.3846059264723964
23.1812 0.38478157769932025
23.18241 0.3849747940489365
23.18362 0.38516801039855264
23.18483 0.38536122674816886
23.18603 0.385554443097785
23.18724 0.38574765944740125
23.18845 0.3859584409197099
23.18965 0.38615165726932604
23.19086 0.3863624387416346
23.19207 0.3865556550912508
23.19327 0.3867664365635594
23.19448 0.386977218035868
23.19569 0.38718799950817656
23.19689 0.38739878098048514
23.1981 0.38760956245279377
23.19931 0.3878203439251023
23.20051 0.3880486905201033
23.20172 0.38827703711510425
23.20293 0.3885053837101052
23.20413 0.388768860550491
23.20534 0.3890147722681843
23.20655 0.38927824910857006
23.20775 0.38955929107164816
23.20896 0.38984033303472626
23.21017 0.39012137499780436
23.21138 0.3904024169608825
23.21258 0.39070102404665297
23.21379 0.3909996311324235
23.215 0.391298238218194
23.2162 0.39159684530396444
23.21741 0.39189545238973494
23.21862 0.3922116245981978
23.21982 0.3925102316839683
23.22103 0.39282640389243123
23.22224 0.39314257610089404
23.22344 0.39344118318666454
23.22465 0.39375735539512746
23.22586 0.3940735276035903
23.22706 0.39437213468936083
23.22827 0.3946883068978237
23.22948 0.39498691398359415
23.23068 0.39528552106936465
23.23189 0.39558412815513516
23.2331 0.39588273524090567
23.23431 0.39616377720398377
23.23551 0.3964448191670619
23.23672 0.39672586113014
23.23793 0.3969893379705257
23.23913 0.39725281481091146
23.24034 0.3975162916512972
23.24155 0.39776220336899054
23.24275 0.39800811508668393
23.24396 0.39823646168168486
23.24517 0.39846480827668584
23.24637 0.3986755897489944
23.24758 0.398886371221303
23.24879 0.3990795875709192
23.24999 0.39927280392053544
23.2512 0.39943089002476684
23.25241 0.39960654125169065
23.25361 0.39978219247861446
23.25482 0.3999402785828459
23.25603 0.4000983646870774
23.25723 0.4002564507913088
23.25844 0.40041453689554024
23.25965 0.4005550578770793
23.26086 0.4007131439813107
23.26206 0.4008536649628498
23.26327 0.40099418594438885
23.26448 0.40111714180323554
23.26568 0.4012576627847746
23.26689 0.40138061864362123
23.2681 0.40150357450246793
23.2693 0.40162653036131457
23.27051 0.40173192109746886
23.27172 0.40183731183362315
23.27292 0.4019427025697775
23.27413 0.4020480933059318
23.27534 0.40213591891939365
23.27654 0.4022237445328556
23.27775 0.40231157014631747
23.27896 0.40238183063708705
23.28016 0.4024520911278565
23.28137 0.4025223516186261
23.28258 0.4025750469867032
23.28378 0.4026277423547804
23.28499 0.4026804377228575
23.2862 0.40271556796824226
23.28741 0.40276826333631943
23.28861 0.40278582845901184
23.28982 0.40282095870439655
23.29103 0.40282095870439655
23.29223 0.4028385238270889
23.29344 0.4028385238270889
23.29465 0.4028385238270889
23.29585 0.40282095870439655
23.29706 0.4028033935817042
23.29827 0.40278582845901184
23.29947 0.402750698213627
23.30068 0.40271556796824226
23.30189 0.40266287260016514
23.30309 0.402610177232088
23.3043 0.40253991674131845
23.30551 0.4024696562505489
23.30671 0.40238183063708705
23.30792 0.4022940050236251
23.30913 0.4021886142874708
23.31033 0.40208322355131654
23.31154 0.40196026769246984
23.31275 0.40183731183362315
23.31396 0.4016967908520841
23.31516 0.40155626987054505
23.31637 0.401415748889006
23.31758 0.4012576627847746
23.31878 0.40109957668054314
23.31999 0.4009239254536193
23.3212 0.40074827422669546
23.3224 0.40057262299977164
23.32361 0.4003794066501555
23.32482 0.40018619030053926
23.32602 0.3999929739509231
23.32723 0.39979975760130687
23.32844 0.3995889761289983
23.32964 0.39937819465668967
23.33085 0.3991674131843811
23.33206 0.3989566317120725
23.33326 0.3987282851170716
23.33447 0.39849993852207055
23.33568 0.3982715919270696
23.33688 0.39804324533206864
23.33809 0.39781489873706766
23.3393 0.39758655214206673
23.34051 0.3973406404243734
23.34171 0.3971122938293724
23.34292 0.3968663821116791
23.34413 0.3966380355166781
23.34533 0.39639212379898475
23.34654 0.3961462120812914
23.34775 0.3959003003635981
23.34895 0.39567195376859704
23.35016 0.3954260420509037
23.35137 0.3951801303332104
23.35257 0.3949342186155171
23.35378 0.39470587202051605
23.35499 0.3944599603028227
23.35619 0.3942316137078218
23.3574 0.3939857019901284
23.35861 0.39373979027243505
23.35981 0.3934938785547417
23.36102 0.393230401714356
23.36223 0.39298448999666263
23.36343 0.3927210131562769
23.36464 0.39245753631589114
23.36585 0.39219405947550545
23.36706 0.3919305826351197
23.36826 0.3916495406720416
23.36947 0.39138606383165586
23.37068 0.39110502186857776
23.37188 0.39082397990549966
23.37309 0.39054293794242156
23.3743 0.3902618959793434
23.3755 0.3899808540162653
23.37671 0.3896822469304948
23.37792 0.3894012049674167
23.37912 0.3891025978816462
23.38033 0.3888215559185681
23.38154 0.3885229488327976
23.38274 0.3882243417470271
23.38395 0.3879257346612566
23.38516 0.3876271275754861
23.38636 0.38732852048971567
23.38757 0.38702991340394516
23.38878 0.38673130631817465
23.38998 0.38643269923240414
23.39119 0.38613409214663363
23.3924 0.38581791993817083
23.39361 0.3855193128524003
23.39481 0.3852207057666298
23.39602 0.3849220986808593
23.39723 0.3846059264723964
23.39843 0.38430731938662593
23.39964 0.3840087123008554
23.40085 0.38369254009239256
23.40205 0.38339393300662206
23.40326 0.38309532592085155
23.40447 0.3827791537123887
23.40567 0.3824805466266182
23.40688 0.38218193954084767
23.40809 0.3818833324550772
23.40929 0.3815847253693067
23.4105 0.38126855316084385
23.41171 0.38096994607507334
23.41291 0.38067133898930283
23.41412 0.38035516678083997
23.41533 0.3800565596950695
23.41653 0.3797403874866066
23.41774 0.3794417804008361
23.41895 0.37912560819237323
23.42016 0.3788270011066027
23.42136 0.37851082889813986
23.42257 0.378194656689677
23.42378 0.3778784844812141
23.42498 0.3775623122727512
23.42619 0.37724614006428836
23.4274 0.3769299678558255
23.4286 0.376631360770055
23.42981 0.37631518856159213
23.43102 0.37598145123043686
23.43222 0.375665279021974
23.43343 0.3753491068135111
23.43464 0.3750329346050482
23.43584 0.37471676239658536
23.43705 0.3744005901881225
23.43826 0.3740844179796596
23.43946 0.3737682457711967
23.44067 0.3734345084400415
23.44188 0.3731183362315786
23.44309 0.3728021640231157
23.44429 0.37248599181465286
23.4455 0.3721522544834976
23.44671 0.3718360822750347
23.44791 0.3715199100665718
23.44912 0.37120373785810895
23.45033 0.3708875656496461
23.45153 0.3705538283184908
23.45274 0.37023765611002796
23.45395 0.3699214839015651
23.45515 0.3696053116931022
23.45636 0.3692715743619469
23.45757 0.36895540215348405
23.45877 0.3686392299450212
23.45998 0.36832305773655827
23.46119 0.3680068855280954
23.46239 0.3676731481969402
23.4636 0.3673569759884773
23.46481 0.367023238657322
23.46601 0.3666719362034744
23.46722 0.3663381988723191
23.46843 0.3659868964184715
23.46964 0.36563559396462386
23.47084 0.36528429151077624
23.47205 0.36491542393423615
23.47326 0.3645641214803886
23.47446 0.36419525390384855
23.47567 0.36384395145000087
23.47688 0.3634750838734609
23.47808 0.3631062162969208
23.47929 0.3627373487203808
23.4805 0.36238604626653315
23.4817 0.36201717868999317
23.48291 0.36164831111345314
23.48412 0.3612970086596055
23.48532 0.3609281410830655
23.48653 0.3605768386292178
23.48774 0.3602079710526778
23.48894 0.35985666859883014
23.49015 0.35952293126767493
23.49136 0.35917162881382725
23.49256 0.3588203263599796
23.49377 0.35848658902882435
23.49498 0.35815285169766914
23.49619 0.3578366794892063
23.49739 0.35752050728074336
23.4986 0.3572043350722805
23.49981 0.35690572798651
23.50101 0.35658955577804713
23.50222 0.35630851381496903
23.50343 0.35602747185189093
23.50463 0.3557464298888128
23.50584 0.3554829530484271
23.50705 0.3552194762080413
23.50825 0.35497356449034795
23.50946 0.354745217895347
23.51067 0.35451687130034604
23.51187 0.35428852470534505
23.51308 0.35409530835572883
23.51429 0.35390209200611267
23.51549 0.35370887565649645
23.5167 0.3535156593068803
23.51791 0.35334000807995647
23.51911 0.3531643568530326
23.52032 0.35297114050341644
23.52153 0.3527954892764926
23.52274 0.35263740317226117
23.52394 0.35246175194533735
23.52515 0.3523036658411059
23.52636 0.35214557973687444
23.52756 0.35198749363264303
23.52877 0.351846972651104
23.52998 0.35170645166956493
23.53118 0.35156593068802583
23.53239 0.3514254097064868
23.5336 0.35130245384764014
23.5348 0.35117949798879344
23.53601 0.35107410725263916
23.53722 0.35096871651648487
23.53842 0.3508633257803306
23.53963 0.35077550016686865
23.54084 0.35068767455340677
23.54204 0.35061741406263724
23.54325 0.3505471535718677
23.54446 0.35049445820379055
23.54566 0.35044176283571343
23.54687 0.35038906746763626
23.54808 0.3503539372222515
23.54929 0.3503363720995591
23.55049 0.35031880697686674
23.5517 0.35031880697686674
23.55291 0.35031880697686674
23.55411 0.3503363720995591
23.55532 0.3503715023449439
23.55653 0.35040663259032867
23.55773 0.35044176283571343
23.55894 0.35051202332648296
23.56015 0.3505822838172525
23.56135 0.3506701094307144
23.56256 0.3507579350441763
23.56377 0.3508633257803306
23.56497 0.3509862816391773
23.56618 0.3511268026207163
23.56739 0.3512673236022554
23.56859 0.3514254097064868
23.5698 0.351618626056103
23.57101 0.3518118424057192
23.57221 0.3520226238780278
23.57342 0.35226853559572113
23.57463 0.3525144473134145
23.57584 0.3527779241538002
23.57704 0.35305896611687837
23.57825 0.3533575732026488
23.57946 0.35365618028841933
23.58066 0.35398991761957455
23.58187 0.35432365495072987
23.58308 0.3546573922818851
23.58428 0.3550262598584251
23.58549 0.35537756231227274
23.5867 0.3557639950115052
23.5879 0.35615042771073757
23.58911 0.35653686040996996
23.59032 0.35694085823189475
23.59152 0.35734485605381955
23.59273 0.3577488538757443
23.59394 0.3581704168203615
23.59514 0.35859197976497864
23.59635 0.3590135427095958
23.59756 0.35945267077690535
23.59876 0.3598917988442149
23.59997 0.3603133617888321
23.60118 0.36075248985614167
23.60239 0.3611916179234512
23.60359 0.3616307459907608
23.6048 0.36206987405807034
23.60601 0.3625090021253799
23.60721 0.36293056506999705
23.60842 0.36336969313730655
23.60963 0.3637912560819237
23.61083 0.3642128190265409
23.61204 0.36463438197115805
23.61325 0.3650559449157752
23.61445 0.36545994273770005
23.61566 0.36586394055962485
23.61687 0.36626793838154964
23.61807 0.366654371080782
23.61928 0.367023238657322
23.62049 0.3673921062338621
23.62169 0.36776097381040207
23.6229 0.3681298413869421
23.62411 0.36849870896348214
23.62531 0.3688851416627145
23.62652 0.3692715743619469
23.62773 0.3696755721838717
23.62894 0.37006200488310415
23.63014 0.3704660027050289
23.63135 0.3708875656496461
23.63256 0.3712915634715709
23.63376 0.37171312641618803
23.63497 0.37211712423811283
23.63618 0.37253868718273
23.63738 0.3729602501273471
23.63859 0.37338181307196433
23.6398 0.3738033760165815
23.641 0.3742249389611986
23.64221 0.3746289367831234
23.64342 0.37505049972774057
23.64462 0.37545449754966537
23.64583 0.37587606049428257
23.64704 0.37628005831620737
23.64824 0.37668405613813216
23.64945 0.37708805396005696
23.65066 0.37747448665928934
23.65186 0.37786091935852173
23.65307 0.3782473520577541
23.65428 0.37861621963429415
23.65549 0.3789850872108342
23.65669 0.37933638966468186
23.6579 0.37968769211852943
23.65911 0.3800214294496847
23.66031 0.38035516678083997
23.66152 0.38067133898930283
23.66273 0.38098751119776575
23.66393 0.38128611828353626
23.66514 0.38156716024661436
23.66635 0.38184820220969246
23.66755 0.3821116790500782
23.66876 0.38235759076777154
23.66997 0.3825859373627725
23.67117 0.3827967188350811
23.67238 0.3829899351846973
23.67359 0.3831831515343135
23.67479 0.3833588027612373
23.676 0.38349932374277634
23.67721 0.3836398447243154
23.67842 0.3837452354604697
23.67962 0.383850626196624
23.68083 0.3839384518100859
23.68204 0.3840087123008554
23.68324 0.3840614076689326
23.68445 0.38409653791431736
23.68566 0.38411410303700977
23.68686 0.3841316681597021
23.68807 0.3841316681597021
23.68928 0.38411410303700977
23.69048 0.38409653791431736
23.69169 0.3840614076689326
23.6929 0.3840262774235478
23.6941 0.38397358205547066
23.69531 0.3839208866873935
23.69652 0.383850626196624
23.69772 0.38378036570585444
23.69893 0.383710105215085
23.70014 0.38362227960162304
23.70134 0.3835344539881611
23.70255 0.3834290632520069
23.70376 0.3833412376385449
23.70497 0.38323584690239065
23.70617 0.38313045616623637
23.70738 0.38304263055277443
23.70859 0.38293723981662015
23.70979 0.38283184908046586
23.711 0.38272645834431157
23.71221 0.38262106760815723
23.71341 0.38251567687200294
23.71462 0.38241028613584865
23.71583 0.3823224605223867
23.71703 0.38221706978623243
23.71824 0.38212924417277055
23.71945 0.3820414185593086
23.72065 0.3819711580685391
23.72186 0.38190089757776957
23.72307 0.38183063708700005
23.72427 0.3817779417189229
23.72548 0.3817252463508458
23.72669 0.38167255098276864
23.72789 0.38165498586007623
23.7291 0.38161985561469147
23.73031 0.3816022904919991
23.73152 0.38156716024661436
23.73272 0.38153203000122954
23.73393 0.3814968997558448
23.73514 0.38144420438776766
23.73634 0.3813915090196905
23.73755 0.3813388136516134
23.73876 0.38126855316084385
23.73996 0.3812158577927667
23.74117 0.38114559730199715
23.74238 0.3810753368112276
23.74358 0.3810050763204581
23.74479 0.38091725070699617
23.746 0.3808469902162267
23.7472 0.3807767297254571
23.74841 0.3807064692346876
23.74962 0.38063620874391807
23.75082 0.38056594825314854
23.75203 0.380495687762379
23.75324 0.3804429923943019
23.75444 0.3803727319035323
23.75565 0.3803200365354552
23.75686 0.38028490629007045
23.75807 0.3802322109219933
23.75927 0.38019708067660857
23.76048 0.3801619504312238
23.76169 0.3801443853085314
23.76289 0.3801443853085314
23.7641 0.380126820185839
23.76531 0.3801443853085314
23.76651 0.3801619504312238
23.76772 0.38017951555391616
23.76893 0.3802322109219933
23.77013 0.38028490629007045
23.77134 0.3803376016581476
23.77255 0.3804254272716095
23.77375 0.3805132528850714
23.77496 0.3806186436212257
23.77617 0.3807415994800724
23.77737 0.38088212046161146
23.77858 0.3810402065658429
23.77979 0.3812158577927667
23.78099 0.3813915090196905
23.7822 0.3816022904919991
23.78341 0.38183063708700005
23.78462 0.3820765488046934
23.78582 0.38234002564507913
23.78703 0.38263863273084964
23.78824 0.38293723981662015
23.78944 0.3832709771477754
23.79065 0.38360471447893063
23.79186 0.38397358205547066
23.79306 0.3843424496320107
23.79427 0.3847464474539355
23.79548 0.38515044527586023
23.79668 0.38557200822047744
23.79789 0.386011136287787
23.7991 0.38645026435509655
23.8003 0.38690695754509846
23.80151 0.3873812158577928
23.80272 0.3878554741704871
23.80392 0.38834729760587383
23.80513 0.38885668616395286
23.80634 0.38936607472203194
23.80754 0.389875463280111
23.80875 0.3904024169608825
23.80996 0.39092937064165395
23.81117 0.3914738894451178
23.81237 0.3920008431258893
23.81358 0.39254536192935313
23.81479 0.3930898807328169
23.81599 0.3936519646589732
23.8172 0.394196483462437
23.81841 0.39474100226590086
23.81961 0.39530308619205706
23.82082 0.3958476049955209
23.82203 0.3964096889216771
23.82323 0.39695420772514095
23.82444 0.3974987265286048
23.82565 0.39804324533206864
23.82685 0.39858776413553254
23.82806 0.399114717816304
23.82927 0.3996416714970754
23.83047 0.40016862517784685
23.83168 0.40069557885861834
23.83289 0.4012049674166974
23.83409 0.4016967908520841
23.8353 0.4021886142874708
23.83651 0.4026804377228575
23.83772 0.4031546960355518
23.83892 0.4036113892255538
23.84013 0.40408564753824805
23.84134 0.4045774709736348
23.84254 0.4050517292863291
23.84375 0.4055611178444082
23.84496 0.4060705064024872
23.84616 0.40657989496056635
23.84737 0.4070892835186454
23.84858 0.4076162371994168
23.84978 0.40814319088018836
23.85099 0.4086701445609598
23.8522 0.4091970982417312
23.8534 0.4097416170451951
23.85461 0.4102685707259665
23.85582 0.4108130895294304
23.85702 0.41135760833289425
23.85823 0.4118845620136657
23.85944 0.41242908081712953
23.86064 0.41295603449790097
23.86185 0.41348298817867246
23.86306 0.4140099418594439
23.86427 0.41453689554021533
23.86547 0.4150462840982944
23.86668 0.41555567265637355
23.86789 0.4160650612144526
23.86909 0.4165568846498393
23.8703 0.417048708085226
23.87151 0.4175229663979203
23.87271 0.41799722471061457
23.87392 0.41845391790061653
23.87513 0.4189106110906185
23.87633 0.41934973915792806
23.87754 0.4197713021025452
23.87875 0.42017529992447
23.87995 0.42057929774639474
23.88116 0.4209657304456272
23.88237 0.4213345980221672
23.88357 0.42168590047601484
23.88478 0.4220196378071701
23.88599 0.422335810015633
23.8872 0.4226344171014034
23.8884 0.42293302418717393
23.88961 0.4231965010275597
23.89082 0.42342484762256066
23.89202 0.4236531942175616
23.89323 0.4238639756898702
23.89444 0.42403962691679403
23.89564 0.42419771302102544
23.89685 0.4243557991252569
23.89806 0.42449632010679594
23.89926 0.42461927596564264
23.90047 0.4247246667017969
23.90168 0.42481249231525886
23.90288 0.42490031792872074
23.90409 0.42497057841949026
23.9053 0.4250232737875674
23.9065 0.4250584040329522
23.90771 0.42509353427833696
23.90892 0.42511109940102937
23.91012 0.42511109940102937
23.91133 0.42509353427833696
23.91254 0.42507596915564455
23.91375 0.4250584040329522
23.91495 0.425005708664875
23.91616 0.4249530132967979
23.91737 0.42490031792872074
23.91857 0.4248300574379512
23.91978 0.4247422318244893
23.92099 0.4246544062110274
23.92219 0.4245490154748731
23.9234 0.4244436247387188
23.92461 0.4243382340025645
23.92581 0.42419771302102544
23.92702 0.4240747571621788
23.92823 0.42393423618063975
23.92943 0.4237937151991007
23.93064 0.42363562909486924
23.93185 0.4234599778679454
23.93305 0.423301891763714
23.93426 0.42312624053679015
23.93547 0.42295058930986634
23.93667 0.4227573729602501
23.93788 0.42256415661063396
23.93909 0.42237094026101774
23.9403 0.42217772391140157
23.9415 0.42196694243909294
23.94271 0.42175616096678437
23.94392 0.4215453794944758
23.94512 0.4213170328994748
23.94633 0.42110625142716623
23.94754 0.42087790483216525
23.94874 0.4206495582371643
23.94995 0.42042121164216334
23.95116 0.4201577348017776
23.95236 0.4198942579613919
23.95357 0.41961321599831375
23.95478 0.41933217403523565
23.95598 0.4190160018267728
23.95719 0.41869982961830987
23.9584 0.41838365740984707
23.9596 0.41804992007869174
23.96081 0.4176986176248441
23.96202 0.4173473151709965
23.96322 0.41697844759445646
23.96443 0.4166095800179164
23.96564 0.41622314731868404
23.96685 0.41583671461945165
23.96805 0.41543271679752686
23.96926 0.41502871897560206
23.97047 0.41462472115367727
23.97167 0.41422072333175247
23.97288 0.4137991603871353
23.97409 0.4133775974425181
23.97529 0.41295603449790097
23.9765 0.4125169064305914
23.97771 0.41209534348597426
23.97891 0.41165621541866476
23.98012 0.4112170873513552
23.98133 0.41077795928404565
23.98253 0.4103388312167361
23.98374 0.40989970314942653
23.98495 0.409460575082117
23.98615 0.4090214470148074
23.98736 0.4085998840701902
23.98857 0.40816075600288065
23.98977 0.40772162793557115
23.99098 0.407300064990954
23.99219 0.40687850204633685
23.9934 0.40645693910171965
23.9946 0.4060353761571025
23.99581 0.4056138132124853
23.99702 0.4052098153905605
23.99822 0.4048058175686357
23.99943 0.4044193848694033
24.00064 0.40403295217017093
24.00184 0.40364651947093855
24.00305 0.40327765189439846
24.00426 0.4029087843178585
24.00546 0.40253991674131845
24.00667 0.4021886142874708
24.00788 0.4018197467109308
24.00908 0.40145087913439076
24.01029 0.4010820115578507
24.0115 0.40069557885861834
24.0127 0.4003267112820783
24.01391 0.39995784370553833
24.01512 0.3995889761289983
24.01632 0.39922010855245826
24.01753 0.3988336758532259
24.01874 0.39846480827668584
24.01995 0.3980959407001458
24.02115 0.3977270731236058
24.02236 0.39735820554706575
24.02357 0.3969893379705257
24.02477 0.39662047039398574
24.02598 0.3962516028174457
24.02719 0.39588273524090567
24.02839 0.39551386766436564
24.0296 0.3951450000878256
24.03081 0.394793697633978
24.03201 0.39442483005743795
24.03322 0.3940735276035903
24.03443 0.39372222514974264
24.03563 0.3933709226958951
24.03684 0.3930196202420474
24.03805 0.3926858829108922
24.03925 0.3923345804570445
24.04046 0.3920008431258893
24.04167 0.391667105794734
24.04287 0.3913333684635787
24.04408 0.3910171962551159
24.04529 0.39070102404665297
24.0465 0.3903848518381901
24.0477 0.3900686796297272
24.04891 0.3897525074212644
24.05012 0.3894539003354939
24.05132 0.38915529324972337
24.05253 0.38887425128664527
24.05374 0.38859320932356717
24.05494 0.388312167360489
24.05615 0.3880311253974109
24.05736 0.3877676485570252
24.05856 0.3875041717166395
24.05977 0.3872582599989461
24.06098 0.38701234828125275
24.06218 0.3867664365635594
24.06339 0.3865205248458661
24.0646 0.3862746131281727
24.0658 0.38604626653317176
24.06701 0.38581791993817083
24.06822 0.3856071384658622
24.06942 0.38537879187086127
24.07063 0.38516801039855264
24.07184 0.38495722892624407
24.07305 0.3847464474539355
24.07425 0.3845356659816269
24.07546 0.3843424496320107
24.07667 0.3841492332823945
24.07787 0.3839560169327783
24.07908 0.3837628005831621
24.08029 0.3835871493562382
24.08149 0.38341149812931447
24.0827 0.38323584690239065
24.08391 0.3830601956754668
24.08511 0.382884544448543
24.08632 0.38272645834431157
24.08753 0.3825683722400801
24.08873 0.38241028613584865
24.08994 0.38225220003161725
24.09115 0.3820941139273858
24.09235 0.38195359294584674
24.09356 0.3818130719643077
24.09477 0.38165498586007623
24.09598 0.38153203000122954
24.09718 0.3813915090196905
24.09839 0.38125098803815144
24.0996 0.3811280321793048
24.1008 0.3810050763204581
24.10201 0.38088212046161146
24.10322 0.38075916460276477
24.10442 0.3806537738666105
24.10563 0.3805308180077638
24.10684 0.3804254272716095
24.10804 0.3803200365354552
24.10925 0.3802146457993009
24.11046 0.38010925506314663
24.11166 0.3800214294496847
24.11287 0.37991603871353047
24.11408 0.3798282131000685
24.11528 0.3797403874866066
24.11649 0.37965256187314467
24.1177 0.3795647362596828
24.1189 0.3794593455235285
24.12011 0.3793539547873742
24.12132 0.37924856405121987
24.12253 0.3791431733150656
24.12373 0.37903778257891135
24.12494 0.37893239184275707
24.12615 0.3788270011066027
24.12735 0.3787040452477561
24.12856 0.3785986545116018
24.12977 0.3784932637754475
24.13097 0.3783703079166008
24.13218 0.3782649171804465
24.13339 0.37815952644429224
24.13459 0.3780717008308303
24.1358 0.377966310094676
24.13701 0.3778784844812141
24.13821 0.3777906588677522
24.13942 0.37770283325429027
24.14063 0.3776150076408284
24.14183 0.37754474715005887
24.14304 0.37747448665928934
24.14425 0.37742179129121217
24.14545 0.37736909592313506
24.14666 0.3773164005550579
24.14787 0.3772812703096731
24.14908 0.3772637051869807
24.15028 0.37724614006428836
24.15149 0.37724614006428836
24.1527 0.37724614006428836
24.1539 0.3772637051869807
24.15511 0.3772812703096731
24.15632 0.3773339656777503
24.15752 0.37738666104582747
24.15873 0.3774393564139045
24.15994 0.3775271820273665
24.16114 0.3776150076408284
24.16235 0.3777203983769827
24.16356 0.37786091935852173
24.16476 0.3780014403400608
24.16597 0.37814196132159983
24.16718 0.37831761254852364
24.16838 0.37851082889813986
24.16959 0.37872161037044844
24.1708 0.3789499569654494
24.172 0.37919586868314276
24.17321 0.3794593455235285
24.17442 0.37972282236391425
24.17563 0.37998629920429994
24.17683 0.38026734116737804
24.17804 0.3805483831304562
24.17925 0.3808469902162267
24.18045 0.38114559730199715
24.18166 0.38146176951046007
24.18287 0.3817779417189229
24.18407 0.3821116790500782
24.18528 0.38244541638123347
24.18649 0.3827967188350811
24.18769 0.3831480212889287
24.1889 0.38351688886546875
24.19011 0.38390332156470114
24.19131 0.3842897542639335
24.19252 0.3846937520858584
24.19373 0.3850977499077831
24.19493 0.3855368779750927
24.19614 0.3859584409197099
24.19735 0.38641513410971173
24.19855 0.3868893924224061
24.19976 0.38736365073510043
24.20097 0.3878554741704871
24.20218 0.38834729760587383
24.20338 0.38887425128664527
24.20459 0.3894012049674167
24.2058 0.38996328889357296
24.207 0.39052537281972916
24.20821 0.39110502186857776
24.20942 0.3917022360401188
24.21062 0.3923170153343521
24.21183 0.3929317946285855
24.21304 0.3935817041682036
24.21424 0.39424917883051414
24.21545 0.3949342186155171
24.21666 0.39561925840052
24.21786 0.39633942843090764
24.21907 0.39707716358398765
24.22028 0.39783246385976007
24.22148 0.3986053292582249
24.22269 0.3993957597793821
24.2239 0.4002037554232316
24.2251 0.40104688131246596
24.22631 0.4018900072017003
24.22752 0.40276826333631943
24.22873 0.4036640845936309
24.22993 0.40459503609632713
24.23114 0.40557868296710053
24.23235 0.4065974600832587
24.23355 0.4076513674448016
24.23476 0.40875797017442167
24.23597 0.4098821380267341
24.23717 0.41104143612443134
24.23838 0.41225342959020567
24.23959 0.41346542305598005
24.24079 0.41473011188983155
24.242 0.4159948007236831
24.24321 0.41731218492561173
24.24441 0.41862956912754035
24.24562 0.4199645184521614
24.24683 0.4213345980221672
24.24803 0.4227222427148654
24.24924 0.42410988740756356
24.25045 0.4255150972229541
24.25165 0.42693787216103707
24.25286 0.42836064709912003
24.25407 0.4298009871598953
24.25528 0.43122376209797825
24.25648 0.43268166728144597
24.25769 0.43412200734222134
24.2589 0.4355623474029966
24.2601 0.43700268746377197
24.26131 0.4384430275245473
24.26252 0.4398658024626302
24.26372 0.4412885774007132
24.26493 0.44271135233879605
24.26614 0.44411656215418666
24.26734 0.44550420684688485
24.26855 0.4468742864168907
24.26976 0.4482268008642041
24.27096 0.44957931531151746
24.27217 0.4508966995134461
24.27338 0.4521965185926824
24.27458 0.4534612074265339
24.27579 0.454708331137693
24.277 0.4559203246034674
24.2782 0.4571147529465494
24.27941 0.4582740510442466
24.28062 0.459398218896559
24.28183 0.4604872565034867
24.28303 0.4615411638650296
24.28424 0.4625423758584954
24.28545 0.4635260227292688
24.28665 0.4645096696000422
24.28786 0.4654933164708156
24.28907 0.4664769633415889
24.29027 0.4674781753350547
24.29148 0.4684618222058281
24.29269 0.4694630341992939
24.29389 0.4704642461927597
24.2951 0.47146545818622543
24.29631 0.47244910505699883
24.29751 0.47343275192777223
24.29872 0.47441639879854564
24.29993 0.47540004566931904
24.30113 0.47636612741740003
24.30234 0.477332209165481
24.30355 0.4782807257908696
24.30476 0.4792116772935659
24.30596 0.4801426287962621
24.30717 0.48103845005357365
24.30838 0.4819342713108851
24.30958 0.4827949623228118
24.31079 0.48365565333473853
24.312 0.48448121410128053
24.3132 0.4853067748678224
24.31441 0.48607964026628725
24.31562 0.48685250566475213
24.31682 0.48759024081783214
24.31803 0.48829284572552745
24.31924 0.48897788551053034
24.32044 0.4896277950501484
24.32165 0.49024257434438184
24.32286 0.49082222339323045
24.32406 0.49136674219669424
24.32527 0.49189369587746573
24.32648 0.49236795419016005
24.32768 0.49280708225746955
24.32889 0.49321108007939435
24.3301 0.49356238253324203
24.33131 0.49387855474170483
24.33251 0.49415959670478304
24.33372 0.4943879432997839
24.33493 0.49456359452670773
24.33613 0.4946865503855544
24.33734 0.49477437599901636
24.33855 0.4948095062444011
24.33975 0.49479194112170877
24.34096 0.49472168063093924
24.34217 0.49459872477209255
24.34337 0.4944055084224763
24.34458 0.49415959670478304
24.34579 0.4938434244963201
24.34699 0.49345699179708774
24.3482 0.4930178637297781
24.34941 0.49252604029439145
24.35061 0.49199908661362
24.35182 0.49140187244207906
24.35303 0.4907519629024609
24.35423 0.4900493579947656
24.35544 0.48931162284168556
24.35665 0.48853875744322073
24.35786 0.48771319667667884
24.35906 0.48685250566475213
24.36027 0.48593911928474826
24.36148 0.4850081677820519
24.36268 0.4840420860339709
24.36389 0.4830408740405052
24.3651 0.48200453180165465
24.3663 0.4809506244401117
24.36751 0.47987915195587644
24.36872 0.47877254922625634
24.36992 0.47764838137394394
24.37113 0.47650664839893914
24.37234 0.4753473503012419
24.37354 0.4741704870808523
24.37475 0.4729760587377703
24.37596 0.4717816303946883
24.37716 0.4705872020516063
24.37837 0.469375208585832
24.37958 0.4681456499973652
24.38078 0.4669336565315909
24.38199 0.4657216630658165
24.3832 0.4644921044773498
24.38441 0.4632801110115754
24.38561 0.4620856826684935
24.38682 0.4608736892027191
24.38803 0.45969682598232947
24.38923 0.4585199627619399
24.39044 0.4573606646642427
24.39165 0.4562013665665455
24.39285 0.45507719871423297
24.39406 0.453970595984613
24.39527 0.4528815583776853
24.39647 0.45182765101614236
24.39768 0.4507913087772918
24.39889 0.4497900967838261
24.40009 0.4488064499130527
24.4013 0.44778767279689446
24.40251 0.44676889568073636
24.40371 0.4457501185645782
24.40492 0.44469621120303526
24.40613 0.4436423038414924
24.40733 0.44257083135725706
24.40854 0.44148179375032937
24.40975 0.4403927561434017
24.41096 0.4392861534137816
24.41216 0.43817955068416153
24.41337 0.4370729479545415
24.41458 0.43594878010222904
24.41578 0.4348246122499166
24.41699 0.43370044439760413
24.4182 0.4325762765452917
24.4194 0.43145210869297923
24.42061 0.4303103757179744
24.42182 0.429186207865662
24.42302 0.4280444748906571
24.42423 0.42692030703834466
24.42544 0.4257961391860322
24.42664 0.42468953645641216
24.42785 0.4235653686040997
24.42906 0.42245876587447967
24.43026 0.4213697282675519
24.43147 0.4202806906606243
24.43268 0.4191916530536966
24.43388 0.4181201805694613
24.43509 0.4170662732079184
24.4363 0.41601236584637546
24.43751 0.4149760236075249
24.43871 0.4139572464913667
24.43992 0.41295603449790097
24.44113 0.41197238762712757
24.44233 0.4110063058790466
24.44354 0.41005778925365793
24.44475 0.4091268377509617
24.44595 0.4082134513709578
24.44716 0.40731763011364636
24.44837 0.40645693910171965
24.44957 0.4056138132124853
24.45078 0.40478825244594335
24.45199 0.40399782192478617
24.45319 0.40322495652632134
24.4544 0.40248722137324133
24.45561 0.4017670513428536
24.45681 0.4010820115578507
24.45802 0.4004321020182326
24.45923 0.3998173227239992
24.46043 0.39922010855245826
24.46164 0.39864045950360966
24.46285 0.39811350582283817
24.46406 0.39760411726475914
24.46526 0.3971122938293724
24.46647 0.3966380355166781
24.46768 0.3961989074493686
24.46888 0.3957773445047514
24.47009 0.3953733466828266
24.4713 0.39500447910628655
24.4725 0.3946356115297466
24.47371 0.3942843090758989
24.47492 0.39396813686743604
24.47612 0.3936519646589732
24.47733 0.39335335757320267
24.47854 0.39307231561012457
24.47974 0.39279127364704647
24.48095 0.3925277968066607
24.48216 0.3922818850889674
24.48336 0.392035973371274
24.48457 0.39179006165358066
24.48578 0.39156171505857973
24.48698 0.3913509335862711
24.48819 0.39112258699127017
24.4894 0.39091180551896154
24.49061 0.39070102404665297
24.49181 0.3904902425743444
24.49302 0.3902794611020358
24.49423 0.3900686796297272
24.49543 0.38985789815741867
24.49664 0.38962955156241763
24.49785 0.3894187700901091
24.49905 0.38919042349510813
24.50026 0.38896207690010715
24.50147 0.3887337303051062
24.50267 0.3884878185874129
24.50388 0.3882243417470271
24.50509 0.3879608649066414
24.50629 0.38769738806625564
24.5075 0.38741634610317754
24.50871 0.3871001738947146
24.50991 0.3868015668089442
24.51112 0.3864678294777889
24.51233 0.3861165270239412
24.51354 0.38576522457009366
24.51474 0.38537879187086127
24.51595 0.3849747940489365
24.51716 0.3845707962270116
24.51836 0.38416679840508683
24.51957 0.3837276703377773
24.52078 0.38328854227046777
24.52198 0.3828494142031582
24.52319 0.3823927210131563
24.5244 0.381918462700462
24.5256 0.38144420438776766
24.52681 0.38096994607507334
24.52802 0.38047812263968667
24.52922 0.38000386432699235
24.53043 0.37949447576891326
24.53164 0.37900265233352654
24.53284 0.3784932637754475
24.53405 0.37798387521736837
24.53526 0.37747448665928934
24.53646 0.37696509810121026
24.53767 0.3764557095431312
24.53888 0.3759463209850521
24.54009 0.375436932426973
24.54129 0.37492754386889393
24.5425 0.37441815531081485
24.54371 0.37390876675273577
24.54491 0.3733993781946567
24.54612 0.37290755475927
24.54733 0.3723981662011909
24.54853 0.37190634276580425
24.54974 0.3714145193304175
24.55095 0.3709402610177232
24.55215 0.3704660027050289
24.55336 0.36999174439233457
24.55457 0.36953505120233265
24.55577 0.36907835801233074
24.55698 0.3686216648223288
24.55819 0.3682001018777116
24.55939 0.36776097381040207
24.5606 0.3673569759884773
24.56181 0.36695297816655253
24.56301 0.36654898034462774
24.56422 0.36618011276808765
24.56543 0.3658112451915477
24.56664 0.36545994273770005
24.56784 0.3651262054065448
24.56905 0.3647924680753895
24.57026 0.364493860989619
24.57146 0.36419525390384855
24.57267 0.36391421194077045
24.57388 0.36365073510038465
24.57508 0.3634048233826913
24.57629 0.3631413465423056
24.5775 0.3628954348246123
24.5787 0.36266708822961125
24.57991 0.3624387416346103
24.58112 0.3622103950396094
24.58232 0.3619820484446084
24.58353 0.36177126697229983
24.58474 0.3615604854999912
24.58594 0.36136726915037504
24.58715 0.3611740528007588
24.58836 0.3609808364511426
24.58956 0.36080518522421884
24.59077 0.36062953399729497
24.59198 0.36047144789306357
24.59319 0.3603133617888321
24.59439 0.36017284080729306
24.5956 0.360032319825754
24.59681 0.3598917988442149
24.59801 0.35976884298536826
24.59922 0.35964588712652157
24.60043 0.35954049639036734
24.60163 0.359435105654213
24.60284 0.3593472800407511
24.60405 0.3592594544272892
24.60525 0.35918919393651966
24.60646 0.35911893344575013
24.60767 0.3590486729549806
24.60887 0.3589959775869035
24.61008 0.35896084734151873
24.61129 0.3589257170961339
24.61249 0.35890815197344156
24.6137 0.35889058685074915
24.61491 0.35889058685074915
24.61611 0.35889058685074915
24.61732 0.35890815197344156
24.61853 0.3589257170961339
24.61974 0.35896084734151873
24.62094 0.3589959775869035
24.62215 0.3590486729549806
24.62336 0.35911893344575013
24.62456 0.35918919393651966
24.62577 0.3592594544272892
24.62698 0.35936484516344347
24.62818 0.35945267077690535
24.62939 0.35957562663575204
24.6306 0.35969858249459874
24.6318 0.3598391034761378
24.63301 0.3599971895803692
24.63422 0.3601904059299854
24.63542 0.36040118740229404
24.63663 0.3606470991199874
24.63784 0.3609105759603731
24.63904 0.3612091830461436
24.64025 0.3615077901319141
24.64146 0.3618415274630693
24.64266 0.362192829916917
24.64387 0.3625441323707646
24.64508 0.36293056506999705
24.64629 0.36331699776922943
24.64749 0.36372099559115423
24.6487 0.3641425585357714
24.64991 0.36458168660308093
24.65111 0.3650208146703905
24.65232 0.36545994273770005
24.65353 0.36591663592770196
24.65473 0.36637332911770387
24.65594 0.36684758743039825
24.65715 0.3673218457430925
24.65835 0.3677785389330945
24.65956 0.3682527972457888
24.66077 0.36872705555848306
24.66197 0.3692013138711774
24.66318 0.3696755721838717
24.66439 0.3701322653738736
24.66559 0.3705889585638756
24.6668 0.37104565175387755
24.66801 0.3714847798211871
24.66921 0.3719239078884966
24.67042 0.37234547083311376
24.67163 0.37276703377773096
24.67284 0.37315346647696335
24.67404 0.37355746429888814
24.67525 0.3739263318754282
24.67646 0.3742776343292758
24.67766 0.374611371660431
24.67887 0.37494510899158634
24.68008 0.3752437160773568
24.68128 0.37550719291774254
24.68249 0.3757706697581283
24.6837 0.3759990163531292
24.6849 0.37620979782543784
24.68611 0.37640301417505406
24.68732 0.3765435351565931
24.68852 0.37668405613813216
24.68973 0.37677188175159404
24.69094 0.37684214224236356
24.69214 0.3769124027331331
24.69335 0.3769475329785179
24.69456 0.3769826632239026
24.69576 0.37700022834659497
24.69697 0.37700022834659497
24.69818 0.37700022834659497
24.69939 0.37696509810121026
24.70059 0.3769299678558255
24.7018 0.3768772724877483
24.70301 0.3768245771196712
24.70421 0.37675431662890163
24.70542 0.37666649101543975
24.70663 0.37656110027928547
24.70783 0.3764557095431312
24.70904 0.3763327536842845
24.71025 0.37619223270274543
24.71145 0.3760517117212064
24.71266 0.37591119073966733
24.71387 0.37573553951274347
24.71507 0.3755598882858197
24.71628 0.3753842370588959
24.71749 0.3751910207092797
24.71869 0.3749978043596635
24.7199 0.3747870228873549
24.72111 0.37455867629235395
24.72232 0.3743303296973529
24.72352 0.374101983102352
24.72473 0.37385607138465865
24.72594 0.37361015966696526
24.72714 0.3733466828265795
24.72835 0.3730832059861938
24.72956 0.3728197291458081
24.73076 0.37253868718273
24.73197 0.3722576452196519
24.73318 0.37195903813388137
24.73438 0.37166043104811086
24.73559 0.3713618239623404
24.7368 0.37104565175387755
24.738 0.37074704466810704
24.73921 0.3704308724596441
24.74042 0.3700971351284889
24.74162 0.36978096292002605
24.74283 0.3694472255888707
24.74404 0.3691134882577155
24.74524 0.36877975092656023
24.74645 0.36844601359540496
24.74766 0.36809471114155734
24.74887 0.36774340868770966
24.75007 0.3673921062338621
24.75128 0.367023238657322
24.75249 0.3666368059580896
24.75369 0.36625037325885723
24.7549 0.36584637543693244
24.75611 0.3654248124923153
24.75731 0.36500324954769814
24.75852 0.3645641214803886
24.75973 0.364124993413079
24.76093 0.36366830022307706
24.76214 0.3631940419103828
24.76335 0.3627197835976884
24.76455 0.3622455252849941
24.76576 0.3617537018496074
24.76697 0.3612618784142207
24.76817 0.36075248985614167
24.76938 0.3602431012980626
24.77059 0.3597161476172911
24.77179 0.359206759059212
24.773 0.3586622402557482
24.77421 0.35813528657497673
24.77542 0.35759076777151294
24.77662 0.3570638140907414
24.77783 0.3565017301645852
24.77904 0.35595721136112135
24.78024 0.3554126925576575
24.78145 0.3548506086315013
24.78266 0.35428852470534505
24.78386 0.35372644077918886
24.78507 0.3531643568530326
24.78628 0.3526022729268764
24.78748 0.35204018900072015
24.78869 0.35147810507456395
24.7899 0.35091602114840775
24.7911 0.3503539372222515
24.79231 0.3497918532960953
24.79352 0.34922976936993905
24.79472 0.3486852505664752
24.79593 0.348123166640319
24.79714 0.34757864783685516
24.79834 0.34701656391069896
24.79955 0.3464720451072351
24.80076 0.34592752630377127
24.80197 0.3454005726229998
24.80317 0.34485605381953593
24.80438 0.3443291001387645
24.80559 0.343802146457993
24.80679 0.3432927578999139
24.808 0.34278336934183484
24.80921 0.3422739807837558
24.81041 0.3417645922256767
24.81162 0.34127276879029
24.81283 0.3407633802322109
24.81403 0.34027155679682425
24.81524 0.3397797333614375
24.81645 0.33930547504874325
24.81765 0.3388136516133565
24.81886 0.33833939330066226
24.82007 0.33784756986527553
24.82127 0.3373733115525812
24.82248 0.3368990532398869
24.82369 0.33642479492719257
24.82489 0.3359505366144983
24.8261 0.3354587131791116
24.82731 0.33498445486641726
24.82852 0.33451019655372294
24.82972 0.3340359382410286
24.83093 0.33356167992833435
24.83214 0.33308742161564
24.83334 0.33261316330294566
24.83455 0.3321389049902514
24.83576 0.33164708155486466
24.83696 0.3311728232421704
24.83817 0.33068099980678367
24.83938 0.330189176371397
24.84058 0.3297149180587026
24.84179 0.329223094623316
24.843 0.32871370606523687
24.8442 0.3282218826298502
24.84541 0.32773005919446346
24.84662 0.32722067063638444
24.84782 0.3267112820783053
24.84903 0.32618432839753386
24.85024 0.3256749398394548
24.85144 0.32514798615868334
24.85265 0.32462103247791185
24.85386 0.324076513674448
24.85507 0.32354955999367657
24.85627 0.3230050411902127
24.85748 0.32244295726405653
24.85869 0.3218808733379003
24.85989 0.3213187894117441
24.8611 0.3207567054855878
24.86231 0.3201770564367392
24.86351 0.3195798422651982
24.86472 0.31898262809365724
24.86593 0.3183854139221163
24.86713 0.31777063462788285
24.86834 0.31715585533364954
24.86955 0.31652351091672376
24.87075 0.31587360137710563
24.87196 0.3152236918374875
24.87317 0.31455621717517696
24.87437 0.31387117739017406
24.87558 0.31318613760517117
24.87679 0.3124835326974759
24.87799 0.3117809277897806
24.8792 0.31106075775939296
24.88041 0.3103405877290053
24.88162 0.30960285257592524
24.88282 0.3088651174228452
24.88403 0.30812738226976516
24.88524 0.30737208199399274
24.88644 0.3066167817182203
24.88765 0.3058614814424479
24.88886 0.3050886160439831
24.89006 0.30431575064551825
24.89127 0.3035428852470534
24.89248 0.30277001984858865
24.89368 0.3019971544501238
24.89489 0.30122428905165904
24.8961 0.3004514236531942
24.8973 0.29967855825472944
24.89851 0.2989056928562646
24.89972 0.29811526233510743
24.90092 0.29734239693664266
24.90213 0.2965695315381778
24.90334 0.29581423126240536
24.90454 0.2950413658639406
24.90575 0.29426850046547576
24.90696 0.29351320018970334
24.90817 0.2927578999139309
24.90937 0.29202016476085085
24.91058 0.29126486448507843
24.91179 0.2905446944546908
24.91299 0.2898069593016107
24.9142 0.28908678927122305
24.91541 0.2883666192408354
24.91661 0.28766401433314015
24.91782 0.28696140942544485
24.91903 0.28627636964044195
24.92023 0.2856088949781314
24.92144 0.2849414203158209
24.92265 0.2842915107762028
24.92385 0.28364160123658466
24.92506 0.28300925681965894
24.92627 0.2823944775254255
24.92747 0.28177969823119214
24.92868 0.2811824840596512
24.92989 0.28058526988811017
24.93109 0.2799704905938768
24.9323 0.27937327642233584
24.93351 0.27875849712810247
24.93472 0.27814371783386904
24.93592 0.27754650366232814
24.93713 0.2769317243680947
24.93834 0.2763345101965537
24.93954 0.27573729602501273
24.94075 0.2751400818534718
24.94196 0.27454286768193076
24.94316 0.27394565351038974
24.94437 0.2733484393388488
24.94558 0.27276879029000023
24.94678 0.27218914124115157
24.94799 0.27160949219230296
24.9492 0.27102984314345435
24.9504 0.27046775921729815
24.95161 0.2699056752911419
24.95282 0.2693435913649857
24.95402 0.26879907256152186
24.95523 0.268254553758058
24.95644 0.2677276000772865
24.95765 0.2672006463965151
24.95885 0.26667369271574365
24.96006 0.26616430415766457
24.96127 0.26567248072227784
24.96247 0.26518065728689116
24.96368 0.26470639897419684
24.96489 0.2642321406615025
24.96609 0.2637754474715006
24.9673 0.26331875428149865
24.96851 0.2628796262141891
24.96971 0.26245806326957194
24.97092 0.26205406544764714
24.97213 0.2616500676257224
24.97333 0.26126363492648996
24.97454 0.26089476734994993
24.97575 0.26052589977340995
24.97695 0.2601921624422547
24.97816 0.2598584251110994
24.97937 0.25954225290263655
24.98057 0.25924364581686604
24.98178 0.25896260385378794
24.98299 0.2586991270134022
24.9842 0.2584356501730165
24.9854 0.25820730357801547
24.98661 0.25799652210570695
24.98782 0.25780330575609073
24.98902 0.25762765452916686
24.99023 0.25746956842493546
24.99144 0.2573290474433964
24.99264 0.2572060915845497
24.99385 0.25711826597108783
24.99506 0.2570304403576259
24.99626 0.2569777449895488
24.99747 0.2569250496214716
24.99868 0.25690748449877926
24.99988 0.25688991937608685
25.00109 0.25688991937608685
25.0023 0.25690748449877926
25.0035 0.25694261474416397
25.00471 0.2569777449895488
25.00592 0.2570304403576259
25.00712 0.2571007008483954
25.00833 0.25718852646185736
25.00954 0.25727635207531924
25.01075 0.25736417768878117
25.01195 0.2574871335476278
25.01316 0.25759252428378215
25.01437 0.2577330452653212
25.01557 0.2578560011241679
25.01678 0.2580140872283993
25.01799 0.25815460820993835
25.01919 0.2583126943141698
25.0204 0.2584707804184012
25.02161 0.25862886652263267
25.02281 0.2588045177495565
25.02402 0.2589801689764803
25.02523 0.25915582020340416
25.02643 0.2593314714303279
25.02764 0.2595071226572518
25.02885 0.2596827738841756
25.03005 0.25987599023379176
25.03126 0.2600516414607156
25.03247 0.26022729268763944
25.03367 0.26040294391456326
25.03488 0.26057859514148707
25.03609 0.2607542463684109
25.0373 0.2609298975953347
25.0385 0.26110554882225856
25.03971 0.26126363492648996
25.04092 0.26142172103072137
25.04212 0.2615798071349528
25.04333 0.2617203281164919
25.04454 0.2618608490980309
25.04574 0.26200137007957
25.04695 0.26212432593841667
25.04816 0.26224728179726337
25.04936 0.26237023765611006
25.05057 0.2625107586376491
25.05178 0.26265127961918816
25.05298 0.2628093657234196
25.05419 0.2629850169503434
25.0554 0.26316066817726724
25.0566 0.26333631940419105
25.05781 0.2635295357538072
25.05902 0.26372275210342344
25.06022 0.26391596845303966
25.06143 0.2641091848026558
25.06264 0.26431996627496446
25.06385 0.26453074774727303
25.06505 0.264759094342274
25.06626 0.2649698758145826
25.06747 0.26518065728689116
25.06867 0.26540900388189215
25.06988 0.2656373504768931
25.07109 0.2658481319492017
25.07229 0.26607647854420263
25.0735 0.26628726001651126
25.07471 0.2665156066115122
25.07591 0.2667263880838208
25.07712 0.26693716955612934
25.07833 0.26714795102843797
25.07953 0.26735873250074654
25.08074 0.2675695139730551
25.08195 0.2677627303226713
25.08315 0.2679559466722875
25.08436 0.26813159789921137
25.08557 0.26830724912613513
25.08677 0.268482900353059
25.08798 0.2686409864572904
25.08919 0.26879907256152186
25.0904 0.2689571586657533
25.0916 0.26908011452459996
25.09281 0.26920307038344665
25.09402 0.2693260262422933
25.09522 0.2694314169784476
25.09643 0.2695192425919095
25.09764 0.26958950308267904
25.09884 0.26965976357344856
25.10005 0.2697124589415257
25.10126 0.2697475891869105
25.10246 0.26976515430960285
25.10367 0.26978271943229526
25.10488 0.26976515430960285
25.10608 0.2697475891869105
25.10729 0.2696948938188333
25.1085 0.2696421984507562
25.1097 0.2695543728372943
25.11091 0.26946654722383234
25.11212 0.26936115648767806
25.11332 0.269220635506139
25.11453 0.26908011452459996
25.11574 0.26892202842036855
25.11695 0.2687463771934447
25.11815 0.2685707259665209
25.11936 0.2683775096169047
25.12057 0.2681667281445961
25.12177 0.26793838154959515
25.12298 0.26771003495459417
25.12419 0.2674641232369008
25.12539 0.2672006463965151
25.1266 0.26693716955612934
25.12781 0.26665612759305124
25.12901 0.26637508562997314
25.13022 0.26609404366689504
25.13143 0.26579543658112453
25.13263 0.26547926437266167
25.13384 0.2651630921641988
25.13505 0.2648469199557359
25.13625 0.26453074774727303
25.13746 0.26419701041611776
25.13867 0.2638632730849625
25.13987 0.2635295357538072
25.14108 0.263195798422652
25.14229 0.2628444959688043
25.1435 0.2624931935149567
25.1447 0.26215945618380143
25.14591 0.2618081537299538
25.14712 0.2614568512761062
25.14832 0.26110554882225856
25.14953 0.2607542463684109
25.15074 0.26042050903725567
25.15194 0.260069206583408
25.15315 0.25971790412956036
25.15436 0.2593841667984051
25.15556 0.2590504294672498
25.15677 0.2587166921360946
25.15798 0.25838295480493934
25.15918 0.25804921747378406
25.16039 0.2577330452653212
25.1616 0.25741687305685834
25.1628 0.25711826597108783
25.16401 0.2568196588853173
25.16522 0.2565210517995468
25.16643 0.2562400098364687
25.16763 0.25595896787339056
25.16884 0.2556954910330049
25.17005 0.25543201419261913
25.17125 0.25515097222954103
25.17246 0.25486993026646293
25.17367 0.25458888830338483
25.17487 0.2542902812176143
25.17608 0.2539916741318438
25.17729 0.2536930670460733
25.17849 0.25337689483761044
25.1797 0.25307828775184
25.18091 0.25274455042068467
25.18211 0.2524283782122218
25.18332 0.25211220600375894
25.18453 0.2517784686726037
25.18573 0.2514622964641408
25.18694 0.2511285591329856
25.18815 0.25079482180183027
25.18935 0.250461084470675
25.19056 0.2501449122622122
25.19177 0.24981117493105692
25.19298 0.24947743759990162
25.19418 0.24916126539143876
25.19539 0.24884509318297587
25.1966 0.248528920974513
25.1978 0.24821274876605012
25.19901 0.24789657655758726
25.20022 0.24759796947181678
25.20142 0.24729936238604627
25.20263 0.24700075530027576
25.20384 0.24671971333719767
25.20504 0.24643867137411957
25.20625 0.24617519453373382
25.20746 0.24591171769334813
25.20866 0.24566580597565477
25.20987 0.24541989425796143
25.21108 0.24519154766296042
25.21228 0.24496320106795946
25.21349 0.24475241959565086
25.2147 0.24454163812334231
25.2159 0.24436598689641847
25.21711 0.24419033566949466
25.21832 0.24401468444257082
25.21953 0.24387416346103177
25.22073 0.24373364247949272
25.22194 0.2436282517433384
25.22315 0.24352286100718418
25.22435 0.24343503539372222
25.22556 0.24336477490295272
25.22677 0.24331207953487557
25.22797 0.2432593841667984
25.22918 0.24324181904410602
25.23039 0.24324181904410602
25.23159 0.2432769492894908
25.2328 0.24331207953487557
25.23401 0.24338234002564507
25.23521 0.24348773076179936
25.23642 0.24359312149795367
25.23763 0.24373364247949272
25.23883 0.24387416346103177
25.24004 0.2440498146879556
25.24125 0.2442430310375718
25.24245 0.24443624738718803
25.24366 0.24466459398218895
25.24487 0.24491050569988232
25.24608 0.24515641741757566
25.24728 0.24541989425796143
25.24849 0.24570093622103953
25.2497 0.24598197818411763
25.2509 0.2462805852698881
25.25211 0.24659675747835097
25.25332 0.24691292968681386
25.25452 0.24722910189527672
25.25573 0.24756283922643202
25.25694 0.24791414168027961
25.25814 0.2482478790114349
25.25935 0.24859918146528254
25.26056 0.24895048391913016
25.26176 0.2493017863729778
25.26297 0.24967065394951782
25.26418 0.2500219564033655
25.26538 0.25039082397990553
25.26659 0.2507421264337531
25.2678 0.2510934288876008
25.269 0.2514447313414484
25.27021 0.2517960337952961
25.27142 0.2521473362491437
25.27263 0.25249863870299133
25.27383 0.25283237603414666
25.27504 0.25314854824260946
25.27625 0.25348228557376473
25.27745 0.25378089265953524
25.27866 0.25409706486799816
25.27987 0.25437810683107626
25.28107 0.25465914879415436
25.28228 0.25494019075723245
25.28349 0.2551861024749258
25.28469 0.25543201419261913
25.2859 0.2556603607876201
25.28711 0.2558711422599287
25.28831 0.2560643586095449
25.28952 0.25625757495916107
25.29073 0.25641566106339253
25.29193 0.2565561820449316
25.29314 0.25669670302647063
25.29435 0.2568196588853173
25.29555 0.2569777449895488
25.29676 0.25711826597108783
25.29797 0.2572587869526269
25.29918 0.25739930793416593
25.30038 0.2575573940383974
25.30159 0.25769791501993644
25.3028 0.2578560011241679
25.304 0.25799652210570695
25.30521 0.25815460820993835
25.30642 0.2582951291914774
25.30762 0.2584356501730165
25.30883 0.25857617115455556
25.31004 0.2586991270134022
25.31124 0.25883964799494125
25.31245 0.25896260385378794
25.31366 0.2590855597126346
25.31486 0.2592085155714813
25.31607 0.25931390630763557
25.31728 0.25941929704378985
25.31848 0.25952468777994414
25.31969 0.259612513393406
25.3209 0.2596827738841756
25.3221 0.2597705994976375
25.32331 0.25982329486571465
25.32452 0.25987599023379176
25.32573 0.25992868560186894
25.32693 0.2599638158472537
25.32814 0.2599813809699461
25.32935 0.25999894609263846
25.33055 0.25999894609263846
25.33176 0.2599813809699461
25.33297 0.25994625072456135
25.33417 0.2599111204791765
25.33538 0.2598584251110994
25.33659 0.2597881646203299
25.33779 0.259700339006868
25.339 0.25959494827071367
25.34021 0.2594895575345594
25.34141 0.25934903655302033
25.34262 0.25919095044878887
25.34383 0.2590328643445574
25.34503 0.25883964799494125
25.34624 0.25862886652263267
25.34745 0.2584005199276317
25.34865 0.25815460820993835
25.34986 0.25789113136955266
25.35107 0.2576100894064745
25.35228 0.25729391719801165
25.35348 0.2569601798668564
25.35469 0.25660887741300875
25.3559 0.2562224447137763
25.3571 0.2557833166464668
25.35831 0.25532662345646484
25.35952 0.2548348000210781
25.36072 0.2543078463403067
25.36193 0.25376332753684283
25.36314 0.2531836784879942
25.36434 0.25258646431645326
25.36555 0.25195411989952754
25.36676 0.25130421035990935
25.36796 0.25061917057490646
25.36917 0.24993413078990356
25.37038 0.24921396075951593
25.37158 0.24847622560643587
25.37279 0.24772092533066342
25.374 0.24696562505489103
25.37521 0.24617519453373382
25.37641 0.2453847640125766
25.37762 0.24459433349141946
25.37883 0.24376877272487746
25.38003 0.24294321195833551
25.38124 0.24211765119179357
25.38245 0.24129209042525163
25.38365 0.2404489645360173
25.38486 0.23960583864678295
25.38607 0.23876271275754862
25.38727 0.23790202174562192
25.38848 0.23705889585638756
25.38969 0.2362157699671532
25.39089 0.2353726440779189
25.3921 0.23454708331137694
25.39331 0.233721522544835
25.39451 0.23289596177829305
25.39572 0.23208796613444346
25.39693 0.2312799704905939
25.39813 0.2304895399694367
25.39934 0.2296991094482795
25.40055 0.2289438091725071
25.40176 0.22818850889673464
25.40296 0.2274507737436546
25.40417 0.22673060371326695
25.40538 0.22604556392826405
25.40658 0.22536052414326113
25.40779 0.224710614603643
25.409 0.22407827018671725
25.4102 0.2234810560151763
25.41141 0.22290140696632768
25.41262 0.22233932304017143
25.41382 0.2218123693594
25.41503 0.2213205459240133
25.41624 0.22086385273401135
25.41744 0.22038959442131703
25.41865 0.2199329012313151
25.41986 0.21947620804131318
25.42106 0.21901951485131124
25.42227 0.2185628216613093
25.42348 0.2181061284713074
25.42468 0.21766700040399783
25.42589 0.2172103072139959
25.4271 0.21677117914668637
25.42831 0.2163320510793768
25.42951 0.21591048813475963
25.43072 0.21547136006745007
25.43193 0.21506736224552528
25.43313 0.21464579930090813
25.43434 0.21424180147898333
25.43555 0.21383780365705854
25.43675 0.21345137095782615
25.43796 0.21308250338128612
25.43917 0.21271363580474612
25.44037 0.21234476822820608
25.44158 0.21199346577435846
25.44279 0.2116597284432032
25.44399 0.2113435562347403
25.4452 0.21102738402627744
25.44641 0.21072877694050693
25.44761 0.21044773497742883
25.44882 0.21016669301435073
25.45003 0.20992078129665737
25.45123 0.20967486957896403
25.45244 0.20944652298396305
25.45365 0.20923574151165447
25.45486 0.20906009028473066
25.45606 0.20888443905780682
25.45727 0.2087263529535754
25.45848 0.2085858319720363
25.45968 0.20848044123588205
25.46089 0.20837505049972774
25.4621 0.2083047900089582
25.4633 0.20825209464088107
25.46451 0.2082169643954963
25.46572 0.2082169643954963
25.46692 0.2082169643954963
25.46813 0.20825209464088107
25.46934 0.2083223551316506
25.47054 0.20841018074511253
25.47175 0.2085155714812668
25.47296 0.20865609246280586
25.47416 0.2088141785670373
25.47537 0.2090073949166535
25.47658 0.20921817638896206
25.47778 0.20946408810665543
25.47899 0.20974513006973355
25.4802 0.21006130227819642
25.48141 0.21041260473204404
25.48261 0.21079903743127648
25.48382 0.211238165498586
25.48503 0.21171242381128033
25.48623 0.21220424724666703
25.48744 0.21274876605013088
25.48865 0.2133108499762871
25.48985 0.21390806414782806
25.49106 0.21454040856475382
25.49227 0.21519031810437195
25.49347 0.21587535788937487
25.49468 0.21657796279707014
25.49589 0.21731569795015018
25.49709 0.2180709982259226
25.4983 0.21884386362438743
25.49951 0.21963429414554464
25.50071 0.22044228978939417
25.50192 0.22126785055593615
25.50313 0.22212854156786285
25.50433 0.22297166745709718
25.50554 0.2238499235917163
25.50675 0.2247457448490278
25.50796 0.2256240009836469
25.50916 0.22653738736365076
25.51037 0.2274507737436546
25.51158 0.22836416012365846
25.51278 0.2292951116263547
25.51399 0.2302084980063586
25.5152 0.23113944950905485
25.5164 0.23207040101175105
25.51761 0.2330013525144473
25.51882 0.23393230401714354
25.52002 0.23484569039714745
25.52123 0.23577664189984365
25.52244 0.23669002827984756
25.52364 0.2376034146598514
25.52485 0.2384992359171629
25.52606 0.23937749205178202
25.52726 0.2402557481864011
25.52847 0.24113400432102022
25.52968 0.24197713021025452
25.53088 0.24282025609948887
25.53209 0.24364581686603082
25.5333 0.24443624738718803
25.53451 0.2452266779083452
25.53571 0.24598197818411763
25.53692 0.24673727845989007
25.53813 0.24745744849027773
25.53933 0.24814248827528063
25.54054 0.2488099629375911
25.54175 0.24945987247720927
25.54295 0.2501097820168274
25.54416 0.2507772566791379
25.54537 0.2514622964641408
25.54657 0.2521473362491437
25.54778 0.25283237603414666
25.54899 0.2535349809418419
25.55019 0.2542375858495372
25.5514 0.25494019075723245
25.55261 0.2556603607876201
25.55381 0.25638053081800777
25.55502 0.2571007008483954
25.55623 0.25780330575609073
25.55743 0.2585234757864784
25.55864 0.25924364581686604
25.55985 0.2599638158472537
25.56106 0.260666420754949
25.56226 0.26138659078533666
25.56347 0.26208919569303196
25.56468 0.2627918006007272
25.56588 0.2634768403857301
25.56709 0.264161880170733
25.5683 0.2648293548330435
25.5695 0.265496829495354
25.57071 0.26616430415766457
25.57192 0.2668142136972827
25.57312 0.2674465581142084
25.57433 0.2680613374084418
25.57554 0.2686761167026752
25.57674 0.2692733308742162
25.57795 0.2698354148003724
25.57916 0.27039749872652863
25.58036 0.2709420175299925
25.58157 0.2714689712107639
25.58278 0.271978359768843
25.58399 0.2724701832042297
25.58519 0.27292687639423163
25.5864 0.27336600446154113
25.58761 0.27378756740615834
25.58881 0.27419156522808313
25.59002 0.27456043280462317
25.59123 0.2749117352584708
25.59243 0.27522790746693365
25.59364 0.27550894943001175
25.59485 0.2757724262703975
25.59605 0.27601833798809083
25.59726 0.27621155433770705
25.59847 0.27638720556463087
25.59967 0.2765277265461699
25.60088 0.2766506824050166
25.60209 0.27672094289578614
25.60329 0.2767560731411709
25.6045 0.2767560731411709
25.60571 0.2767385080184785
25.60691 0.276668247527709
25.60812 0.27658042191424703
25.60933 0.2764750311780928
25.61054 0.27631694507386134
25.61174 0.27614129384693753
25.61295 0.2759480774973213
25.61416 0.2757197309023204
25.61536 0.27545625406193464
25.61657 0.2751752120988565
25.61778 0.2748590398903937
25.61898 0.27454286768193076
25.62019 0.2741740001053908
25.6214 0.2738051325288507
25.6226 0.27340113470692595
25.62381 0.27297957176230875
25.62502 0.2725404436949992
25.62622 0.2720837505049973
25.62743 0.2715919270696106
25.62864 0.2711001036342239
25.62984 0.27057314995345244
25.63105 0.2700286311499886
25.63226 0.26948411234652475
25.63346 0.26890446329767614
25.63467 0.26832481424882754
25.63588 0.2677276000772865
25.63709 0.2671128207830532
25.63829 0.26648047636612743
25.6395 0.2658481319492017
25.64071 0.26518065728689116
25.64191 0.26453074774727303
25.64312 0.26384570796227014
25.64433 0.26316066817726724
25.64553 0.26245806326957194
25.64674 0.2617554583618767
25.64795 0.2610528534541814
25.64915 0.26033268342379373
25.65036 0.25959494827071367
25.65157 0.25885721311763366
25.65277 0.2581194779645536
25.65398 0.2573817428114735
25.65519 0.25662644253570116
25.65639 0.2558711422599287
25.6576 0.25511584198415627
25.65881 0.25436054170838385
25.66001 0.25360524143261143
25.66122 0.25284994115683895
25.66243 0.2520770757583742
25.66364 0.25132177548260176
25.66484 0.25056647520682934
25.66605 0.24981117493105692
25.66726 0.24905587465528448
25.66846 0.24828300925681968
25.66967 0.24751014385835488
25.67088 0.24670214821450528
25.67208 0.2458765874479633
25.67329 0.24503346155872902
25.6745 0.24417277054680228
25.6757 0.24329451441218317
25.67691 0.24241625827756408
25.67812 0.2415028718975602
25.67932 0.24057192039486397
25.68053 0.2396409688921677
25.68174 0.2386924522667791
25.68294 0.23772637051869805
25.68415 0.2367427236479247
25.68536 0.2357590767771513
25.68656 0.23475786478368552
25.68777 0.23375665279021976
25.68898 0.2327378756740616
25.69019 0.23171909855790346
25.69139 0.2306827563190529
25.6926 0.22964641408020234
25.69381 0.22859250671865944
25.69501 0.22753859935711648
25.69622 0.22648469199557358
25.69743 0.22543078463403068
25.69863 0.2243593121497954
25.69984 0.22330540478825245
25.70105 0.22223393230401714
25.70225 0.22116245981978183
25.70346 0.22010855245823893
25.70467 0.21903707997400362
25.70587 0.21796560748976834
25.70708 0.21691170012822542
25.70829 0.2158577927666825
25.70949 0.21480388540513956
25.7107 0.21374997804359666
25.71191 0.21269607068205373
25.71311 0.2116597284432032
25.71432 0.21062338620435264
25.71553 0.2096046090881945
25.71674 0.2085858319720363
25.71794 0.20758461997857056
25.71915 0.2065834079851048
25.72036 0.2055997611143314
25.72156 0.204616114243558
25.72277 0.203650032495477
25.72398 0.20270151587008836
25.72518 0.20175299924469975
25.72639 0.20083961286469587
25.7276 0.19992622648469202
25.7288 0.1990304052273805
25.73001 0.1981521490927614
25.73122 0.1972914580808347
25.73242 0.19643076706890797
25.73363 0.19558764117967364
25.73484 0.1947445152904393
25.73604 0.19391895452389735
25.73725 0.19307582863466302
25.73846 0.19225026786812108
25.73966 0.1914247071015791
25.74087 0.19059914633503713
25.74208 0.18979115069118757
25.74329 0.18896558992464563
25.74449 0.18817515940348845
25.7457 0.18736716375963886
25.74691 0.1865591681157893
25.74811 0.1857687375946321
25.74932 0.18497830707347493
25.75053 0.1842054416750101
25.75173 0.18341501115385292
25.75294 0.18264214575538812
25.75415 0.1818692803569233
25.75535 0.18111398008115087
25.75656 0.18034111468268607
25.75777 0.17958581440691362
25.75897 0.1788480792538336
25.76018 0.17809277897806117
25.76139 0.17735504382498113
25.76259 0.1766173086719011
25.7638 0.17587957351882103
25.76501 0.17515940348843337
25.76621 0.1744392334580457
25.76742 0.17371906342765805
25.76863 0.17299889339727037
25.76984 0.1722962884895751
25.77104 0.17159368358187982
25.77225 0.17089107867418454
25.77346 0.17020603888918165
25.77466 0.16952099910417875
25.77587 0.16883595931917583
25.77708 0.16815091953417294
25.77828 0.16748344487186245
25.77949 0.1668159702095519
25.7807 0.16616606066993378
25.7819 0.16549858600762327
25.78311 0.16484867646800513
25.78432 0.164198766928387
25.78552 0.16356642251146125
25.78673 0.1629340780945355
25.78794 0.16230173367760975
25.78914 0.161669389260684
25.79035 0.1610546099664506
25.79156 0.16043983067221726
25.79277 0.1598250513779839
25.79397 0.15922783720644287
25.79518 0.1586306230349019
25.79639 0.1580334088633609
25.79759 0.15745375981451232
25.7988 0.1568741107656637
25.80001 0.15631202683950748
25.80121 0.15574994291335126
25.80242 0.1552054241098874
25.80363 0.15466090530642357
25.80483 0.15411638650295972
25.80604 0.1535894328221883
25.80725 0.1530624791414168
25.80845 0.15253552546064536
25.80966 0.15202613690256628
25.81087 0.1515167483444872
25.81207 0.1510249249091005
25.81328 0.1505331014737138
25.81449 0.1500412780383271
25.81569 0.1495494546029404
25.8169 0.1490751962902461
25.81811 0.14860093797755178
25.81932 0.14812667966485746
25.82052 0.14766998647485555
25.82173 0.14719572816216123
25.82294 0.1467390349721593
25.82414 0.14629990690484973
25.82535 0.14584321371484782
25.82656 0.14540408564753826
25.82776 0.1449649575802287
25.82897 0.14452582951291917
25.83018 0.14408670144560962
25.83138 0.14366513850099244
25.83259 0.14322601043368288
25.8338 0.1428044474890657
25.835 0.14238288454444853
25.83621 0.14196132159983138
25.83742 0.1415397586552142
25.83862 0.14111819571059703
25.83983 0.14071419788867226
25.84104 0.14029263494405508
25.84224 0.13988863712213032
25.84345 0.1394846393002055
25.84466 0.13906307635558834
25.84587 0.13865907853366355
25.84707 0.13825508071173878
25.84828 0.137851082889814
25.84949 0.1374470850678892
25.85069 0.13704308724596442
25.8519 0.13662152430134725
25.85311 0.13621752647942245
25.85431 0.13581352865749768
25.85552 0.1354095308355729
25.85673 0.1350055330136481
25.85793 0.13460153519172333
25.85914 0.13419753736979853
25.86035 0.13377597442518138
25.86155 0.1333719766032566
25.86276 0.13298554390402417
25.86397 0.1325815460820994
25.86517 0.13219511338286696
25.86638 0.13182624580632696
25.86759 0.13143981310709454
25.86879 0.13107094553055454
25.87 0.1307020779540145
25.87121 0.1303332103774745
25.87242 0.12996434280093447
25.87362 0.12961304034708682
25.87483 0.1292617378932392
25.87604 0.12891043543939154
25.87724 0.12855913298554392
25.87845 0.12820783053169627
25.87966 0.12787409320054102
25.88086 0.12752279074669337
25.88207 0.12718905341553813
25.88328 0.12683775096169048
25.88448 0.1265040136305352
25.88569 0.12617027629937996
25.8869 0.1258365389682247
25.8881 0.12550280163706945
25.88931 0.12516906430591418
25.89052 0.12483532697475891
25.89172 0.12450158964360367
25.89293 0.12416785231244841
25.89414 0.12383411498129314
25.89534 0.12350037765013788
25.89655 0.12316664031898264
25.89776 0.12283290298782738
25.89897 0.12249916565667211
25.90017 0.12216542832551686
25.90138 0.12183169099436161
25.90259 0.12148038854051396
25.90379 0.1211466512093587
25.905 0.12079534875551105
25.90621 0.12046161142435581
25.90741 0.12011030897050816
25.90862 0.11975900651666053
25.90983 0.11940770406281288
25.91103 0.11903883648627285
25.91224 0.11868753403242523
25.91345 0.11831866645588521
25.91465 0.11794979887934517
25.91586 0.11758093130280516
25.91707 0.11719449860357276
25.91827 0.11680806590434036
25.91948 0.11642163320510795
25.92069 0.11603520050587553
25.92189 0.11564876780664313
25.9231 0.11524476998471835
25.92431 0.11484077216279355
25.92552 0.1144192092181764
25.92672 0.11401521139625159
25.92793 0.11359364845163444
25.92914 0.11318965062970965
25.93034 0.11276808768509247
25.93155 0.11234652474047532
25.93276 0.11192496179585815
25.93396 0.11150339885124097
25.93517 0.11108183590662382
25.93638 0.11064270783931426
25.93758 0.11022114489469709
25.93879 0.10978201682738754
25.94 0.10936045388277038
25.9412 0.10892132581546082
25.94241 0.10848219774815128
25.94362 0.10804306968084172
25.94482 0.10760394161353218
25.94603 0.10716481354622262
25.94724 0.10672568547891308
25.94844 0.10628655741160352
25.94965 0.1058298642216016
25.95086 0.10537317103159966
25.95207 0.10493404296429011
25.95327 0.10447734977428817
25.95448 0.10402065658428625
25.95569 0.10356396339428431
25.95689 0.10310727020428238
25.9581 0.10265057701428044
25.95931 0.10217631870158614
25.96051 0.10171962551158421
25.96172 0.10124536719888988
25.96293 0.10078867400888795
25.96413 0.10031441569619365
25.96534 0.09984015738349933
25.96655 0.09936589907080502
25.96775 0.0988916407581107
25.96896 0.0984173824454164
25.97017 0.0979255590100297
25.97137 0.09745130069733537
25.97258 0.09695947726194867
25.97379 0.09648521894925437
25.97499 0.09599339551386767
25.9762 0.09550157207848098
25.97741 0.09500974864309428
25.97862 0.09451792520770758
25.97982 0.09402610177232089
25.98103 0.0935167132142418
25.98224 0.0930248897788551
25.98344 0.09251550122077604
25.98465 0.09202367778538934
25.98586 0.09151428922731025
25.98706 0.09100490066923118
25.98827 0.0904955121111521
25.98948 0.08998612355307302
25.99068 0.08947673499499394
25.99189 0.08894978131422247
25.9931 0.08842282763345102
25.9943 0.08789587395267956
25.99551 0.08735135514921573
25.99672 0.08680683634575187
25.99792 0.08626231754228804
25.99913 0.0857177987388242
26.00034 0.08517327993536035
26.00155 0.08461119600920412
26.00275 0.0840491120830479
26.00396 0.08348702815689168
26.00517 0.08292494423073546
26.00637 0.08234529518188684
26.00758 0.08178321125573063
26.00879 0.08120356220688202
26.00999 0.08062391315803341
26.0112 0.0800442641091848
26.01241 0.0794646150603362
26.01361 0.07888496601148759
26.01482 0.078305316962639
26.01603 0.07772566791379037
26.01723 0.07712845374224939
26.01844 0.0765488046934008
26.01965 0.07596915564455217
26.02085 0.07537194147301118
26.02206 0.07479229242416259
26.02327 0.0741950782526216
26.02447 0.073615429203773
26.02568 0.073018215032232
26.02689 0.0724385659833834
26.0281 0.07185891693453479
26.0293 0.0712617027629938
26.03051 0.0706820537141452
26.03172 0.07010240466529659
26.03292 0.06952275561644798
26.03413 0.06894310656759937
26.03534 0.06836345751875078
26.03654 0.06778380846990216
26.03775 0.06722172454374593
26.03896 0.06664207549489734
26.04016 0.06607999156874111
26.04137 0.06551790764258489
26.04258 0.06495582371642866
26.04378 0.06439373979027244
26.04499 0.06383165586411621
26.0462 0.06328713706065237
26.0474 0.06274261825718853
26.04861 0.06219809945372468
26.04982 0.061653580650260845
26.05102 0.06112662696948938
26.05223 0.06059967328871793
26.05344 0.06007271960794647
26.05465 0.059545765927175004
26.05585 0.05903637736909593
26.05706 0.058509423688324465
26.05827 0.05800003513024539
26.05947 0.057490646572166314
26.06068 0.056981258014087224
26.06189 0.05647186945600815
26.06309 0.05596248089792907
26.0643 0.05545309233985
26.06551 0.0549612689044633
26.06671 0.05445188034638422
26.06792 0.05396005691099753
26.06913 0.053450668352918444
26.07033 0.05295884491753175
26.07154 0.052467021482145056
26.07275 0.05197519804675836
26.07395 0.05148337461137166
26.07516 0.050991551175984966
26.07637 0.05049972774059827
26.07757 0.05000790430521157
26.07878 0.04953364599251726
26.07999 0.04904182255713056
26.0812 0.04856756424443625
26.0824 0.048093305931741936
26.08361 0.047601482496355235
26.08482 0.04712722418366092
26.08602 0.04665296587096661
26.08723 0.046178707558272296
26.08844 0.04570444924557798
26.08964 0.04524775605557605
26.09085 0.04477349774288173
26.09206 0.04429923943018742
26.09326 0.043842546240185486
26.09447 0.04336828792749117
26.09568 0.04291159473748924
26.09688 0.04245490154748731
26.09809 0.04199820835748538
26.0993 0.041541515167483445
26.1005 0.04108482197748151
26.10171 0.04062812878747958
26.10292 0.04017143559747765
26.10412 0.0397323075301681
26.10533 0.039275614340166166
26.10654 0.038836486272856616
26.10775 0.03837979308285469
26.10895 0.03794066501554514
26.11016 0.03750153694823559
26.11137 0.03706240888092604
26.11257 0.03662328081361649
26.11378 0.03618415274630694
26.11499 0.035745024678997386
26.11619 0.03532346173438022
26.1174 0.034884333667070666
26.11861 0.0344627707224535
26.11981 0.034023642655143946
26.12102 0.03360207971052678
26.12223 0.033180516765909614
26.12343 0.03274138869860006
26.12464 0.03231982575398289
26.12585 0.031898262809365724
26.12705 0.031476699864748554
26.12826 0.031055136920131392
26.12947 0.030633573975514222
26.13067 0.030212011030897053
26.13188 0.029790448086279883
26.13309 0.029368885141662714
26.1343 0.02894732219704555
26.1355 0.02852575925242838
26.13671 0.028121761430503593
26.13792 0.027700198485886424
26.13912 0.02729620066396164
26.14033 0.02687463771934447
26.14154 0.026470639897419684
26.14274 0.0260666420754949
26.14395 0.02566264425357011
26.14516 0.025258646431645326
26.14636 0.024854648609720538
26.14757 0.024450650787795753
26.14878 0.024046652965870968
26.14998 0.02366022026663856
26.15119 0.023256222444713776
26.1524 0.022869789745481373
26.1536 0.02248335704624897
26.15481 0.022096924347016562
26.15602 0.021710491647784158
26.15722 0.021324058948551754
26.15843 0.02093762624931935
26.15964 0.020568758672779328
26.16085 0.020182325973546925
26.16205 0.019813458397006906
26.16326 0.019444590820466883
26.16447 0.01907572324392686
26.16567 0.018706855667386838
26.16688 0.018355553213539197
26.16809 0.017986685636999178
26.16929 0.017635383183151537
26.1705 0.017284080729303895
26.17171 0.016932778275456254
26.17291 0.016581475821608616
26.17412 0.016230173367760975
26.17533 0.01589643603660572
26.17653 0.015562698705450458
26.17774 0.015228961374295202
26.17895 0.014895224043139942
26.18015 0.014561486711984685
26.18136 0.014245314503521806
26.18257 0.01392914229505893
26.18377 0.013612970086596055
26.18498 0.01329679787813318
26.18619 0.012980625669670303
26.1874 0.012682018583899808
26.1886 0.012365846375436933
26.18981 0.012067239289666439
26.19102 0.011751067081203562
26.19222 0.011452459995433067
26.19343 0.011153852909662573
26.19464 0.010837680701199698
26.19584 0.010539073615429204
26.19705 0.01024046652965871
26.19826 0.009941859443888215
26.19946 0.009643252358117723
26.20067 0.00936221039503961
26.20188 0.009063603309269115
26.20308 0.008764996223498621
26.20429 0.00848395426042051
26.2055 0.008185347174650016
26.2067 0.007904305211571903
26.20791 0.007623263248493791
26.20912 0.007342221285415678
26.21032 0.007078744445029948
26.21153 0.006797702481951837
26.21274 0.006534225641566107
26.21395 0.006270748801180376
26.21515 0.006007271960794646
26.21636 0.005743795120408916
26.21757 0.005480318280023186
26.21877 0.005234406562329838
26.21998 0.00498849484463649
26.22119 0.0047425831269431425
26.22239 0.0044966714092497945
26.2236 0.004268324814248828
26.22481 0.00402241309655548
26.22601 0.0038116316242468957
26.22722 0.0035832850292459298
26.22843 0.0033549384342449634
26.22963 0.003144156961936379
26.23084 0.002933375489627795
26.23205 0.002740159140011593
26.23325 0.002546942790395391
26.23446 0.002353726440779189
26.23567 0.002160510091162987
26.23688 0.0019848588642391667
26.23808 0.001809207637315347
26.23929 0.0016335564103915267
26.2405 0.0014754703061600886
26.2417 0.0013173842019286505
26.24291 0.0011768632203895946
26.24412 0.0010363422388505385
26.24532 0.0008958212573114824
26.24653 0.0007553002757724263
26.24774 0.0006323444169257522
26.24894 0.0005269536807714602
26.25015 0.00040399782192478617
26.25136 0.0003161722084628761
26.25256 0.0002107814723085841
26.25377 0.00014052098153905608
26.25498 5.269536807714602e-05
26.25618 0.0
26.25739 -0.00010539073615429204
26.2586 -0.00017565122692382007
26.2598 -0.0002634768403857301
26.26101 -0.00033373733115525813
26.26222 -0.00038643269923240416
26.26343 -0.0004391280673095502
26.26463 -0.0004742583126943142
26.26584 -0.0005093885580790782
26.26705 -0.0005269536807714602
26.26825 -0.0005445188034638422
26.26946 -0.0005445188034638422
26.27067 -0.0005620839261562243
26.27187 -0.0005445188034638422
26.27308 -0.0005445188034638422
26.27429 -0.0005269536807714602
26.27549 -0.0005093885580790782
26.2767 -0.0004742583126943142
26.27791 -0.00045669319000193214
26.27911 -0.0004215629446171682
26.28032 -0.00038643269923240416
26.28153 -0.00033373733115525813
26.28273 -0.00029860708577049416
26.28394 -0.0002459117176933481
26.28515 -0.0002107814723085841
26.28635 -0.00015808610423143806
26.28756 -0.00010539073615429204
26.28877 -5.269536807714602e-05
26.28998 0.0
26.29118 3.513024538476402e-05
26.29239 7.026049076952804e-05
26.2936 0.00010539073615429204
26.2948 0.00014052098153905608
26.29601 0.00015808610423143806
26.29722 0.00019321634961620208
26.29842 0.00022834659500096607
26.29963 0.0002459117176933481
26.30084 0.0002634768403857301
26.30204 0.00028104196307811215
26.30325 0.00029860708577049416
26.30446 0.0003161722084628761
26.30566 0.0003161722084628761
26.30687 0.0003161722084628761
26.30808 0.0003161722084628761
26.30928 0.0003161722084628761
26.31049 0.00029860708577049416
26.3117 0.00028104196307811215
26.3129 0.0002459117176933481
26.31411 0.0002107814723085841
26.31532 0.00017565122692382007
26.31653 0.00012295585884667404
26.31773 7.026049076952804e-05
26.31894 0.0
