2.50112 0.002020146870137315
2.50233 0.0019382490240506675
2.50354 0.0019655483060795503
2.50474 0.0020747454341950807
2.50595 0.002102044716223963
2.50716 0.0022385411263683764
2.50837 0.0021566432802817286
2.50957 0.002129343998252846
2.51078 0.002347738254483907
2.51199 0.0023204389724550242
2.51319 0.002347738254483907
2.5144 0.0024569353825994373
2.51561 0.002347738254483907
2.51681 0.002265840408397259
2.51802 0.0025388332286860856
2.51923 0.002511533946657203
2.52043 0.0024296361005705547
2.52164 0.0024296361005705547
2.52285 0.002402336818541672
2.52405 0.0025661325107149678
2.52526 0.0027572274849171465
2.52647 0.0027572274849171465
2.52767 0.0025661325107149678
2.52888 0.0027026289208593813
2.53009 0.002948322459119325
2.53129 0.002811826048974912
2.5325 0.002811826048974912
2.53371 0.002866424613032677
2.53492 0.002948322459119325
2.53612 0.0031394174333215035
2.53733 0.0030029210231770904
2.53854 0.003030220305205973
2.53974 0.003084818869263738
2.54095 0.003030220305205973
2.54216 0.003112118151292621
2.54336 0.0033578116895525644
2.54457 0.0031940159973792687
2.54578 0.0032486145614370344
2.54698 0.0033305124075236818
2.54819 0.00341241025361033
2.5494 0.003275913843465916
2.5506 0.0034670088176680953
2.55181 0.00341241025361033
2.55302 0.003630804509841391
2.55422 0.0034670088176680953
2.55543 0.003303213125494799
2.55664 0.003275913843465916
2.55785 0.003275913843465916
2.55905 0.003385110971581447
2.56026 0.003494308099696978
2.56147 0.0036581037918702736
2.56267 0.0037127023559280392
2.56388 0.003630804509841391
2.56509 0.0036581037918702736
2.56629 0.003385110971581447
2.5675 0.00341241025361033
2.56871 0.0033305124075236818
2.56991 0.003494308099696978
2.57112 0.003385110971581447
2.57233 0.003275913843465916
2.57353 0.0034670088176680953
2.57474 0.003303213125494799
2.57595 0.003385110971581447
2.57715 0.0035762059457836257
2.57836 0.003166716715350386
2.57957 0.0030575195872348552
2.58077 0.0033305124075236818
2.58198 0.0031394174333215035
2.58319 0.002921023177090442
2.5844 0.0030575195872348552
2.5856 0.002811826048974912
2.58681 0.0027845267669460295
2.58802 0.0027572274849171465
2.58922 0.002975621741148208
2.59043 0.002811826048974912
2.59164 0.002811826048974912
2.59284 0.0024296361005705547
2.59405 0.002047446152166198
2.59526 0.0019928475881084325
2.59646 0.002211241844339494
2.59767 0.0023750375365127895
2.59888 0.0022931396904261416
2.60008 0.0023750375365127895
2.60129 0.0024569353825994373
2.6025 0.002347738254483907
2.6037 0.0022385411263683764
2.60491 0.0016925554857907235
2.60612 0.001583358357675193
2.60732 0.0018563511779640196
2.60853 0.0017744533318773713
2.60974 0.0018563511779640196
2.61095 0.0018017526139062542
2.61215 0.0019109497420217846
2.61336 0.0018563511779640196
2.61457 0.0016925554857907235
2.61577 0.0015014605115885452
2.61698 0.0015560590756463104
2.61819 0.0013922633834730148
2.61939 0.0009281755889820098
2.6206 0.0009008763069531271
2.62181 0.0009008763069531271
2.62301 0.0011738691272419534
2.62422 0.0010919712811553056
2.62543 0.000818978460866479
2.62663 0.0008735770249242445
2.62784 0.0007916791788375965
2.62905 0.0007097813327509486
2.63025 0.0005732849226065354
2.63146 0.0005459856405776528
2.63267 0.0007643798968087138
2.63387 0.001064671999126423
2.63508 0.0007643798968087138
2.63629 0.0005186863585487702
2.6375 0.00043678851246212224
2.6387 0.0004913870765198876
2.63991 0.0003275913843465917
2.64112 0.0003821899484043569
2.64232 0.0004913870765198876
2.64353 0.0003275913843465917
2.64474 0.0002729928202888264
2.64594 0.0004094892304332395
2.64715 0.00019109497420217845
2.64836 8.189784608664792e-05
2.64956 0.00019109497420217845
2.65077 0.0001364964101444132
2.65198 8.189784608664792e-05
2.65318 0.0001364964101444132
2.65439 5.459856405776528e-05
2.6556 0.0001364964101444132
2.6568 8.189784608664792e-05
2.65801 -0.0
2.65922 -8.189784608664792e-05
2.66042 -0.00010919712811553056
2.66163 -0.0
2.66284 -0.00016379569217329584
2.66405 -0.0005186863585487702
2.66525 -0.000300292102317709
2.66646 -0.00043678851246212224
2.66767 -0.00019109497420217845
2.66887 -0.0006551827686931834
2.67008 -0.0003548906663754743
2.67129 -0.00016379569217329584
2.67249 -2.729928202888264e-05
2.6737 8.189784608664792e-05
2.67491 -5.459856405776528e-05
2.67611 0.00019109497420217845
2.67732 0.000300292102317709
2.67853 -8.189784608664792e-05
2.67973 -2.729928202888264e-05
2.68094 0.0
2.68215 0.00019109497420217845
2.68335 0.0003821899484043569
2.68456 0.00043678851246212224
2.68577 0.0005459856405776528
2.68697 0.0005732849226065354
2.68818 0.000600584204635418
2.68939 0.0008735770249242445
2.6906 0.0009281755889820098
2.6918 0.0009281755889820098
2.69301 0.0010100734350686575
2.69422 0.0013922633834730148
2.69542 0.001747154049848489
2.69663 0.0021566432802817286
2.69784 0.0023750375365127895
2.69904 0.0027026289208593813
2.70025 0.003112118151292621
2.70146 0.0036854030738991566
2.70266 0.003958395894187982
2.70387 0.004367885124621222
2.70508 0.004859272201141109
2.70628 0.005432557123747645
2.70749 0.006005842046354181
2.7087 0.006906718353307308
2.7099 0.00734350686576943
2.71111 0.00808058748054926
2.71232 0.008708470967213562
2.71352 0.00941825229996451
2.71473 0.009800442248368867
2.71594 0.010182632196773223
2.71715 0.01086511424749529
2.71835 0.01127460347792853
2.71956 0.01127460347792853
2.72077 0.011684092708361769
2.72197 0.011684092708361769
2.72318 0.011465698452130708
2.72439 0.011847888400535066
2.72559 0.012393874041112717
2.7268 0.01272146542545931
2.72801 0.013130954655892549
2.72921 0.01375883814255685
2.73042 0.01416832737299009
2.73163 0.014741612295596626
2.73283 0.015396795064289807
2.73404 0.015997379268925225
2.73525 0.016734459883705057
2.73645 0.017444241216456005
2.73766 0.01842701536949578
2.73887 0.019273293112391145
2.74007 0.019983074445142093
2.74128 0.02121154213644181
2.74249 0.02268570336600147
2.7437 0.023804973929185663
2.7449 0.02522453659468756
2.74611 0.026671398542218335
2.74732 0.02806366192569135
2.74852 0.029674319565395426
2.74973 0.03142147361524392
2.75094 0.03330512407523682
2.75214 0.0352160738172586
2.75335 0.03701782643116486
2.75456 0.039174469711446586
2.75576 0.04146760940187273
2.75697 0.043569654118096685
2.75818 0.046135786628811654
2.75938 0.04872921842155551
2.76059 0.05137724877835712
2.7618 0.05421637410936092
2.763 0.0570827987223936
2.76421 0.059976522617455154
2.76542 0.06300674292266113
2.76663 0.06622805820206928
2.76783 0.06944937348147744
2.76904 0.07261609019682781
2.77025 0.07621959542464032
2.77145 0.0798776992165106
2.77266 0.08348120444432311
2.77387 0.08716660751822226
2.77507 0.09107040484835248
2.77628 0.09497420217848271
2.77749 0.09890529879064179
2.77869 0.1029728918129453
2.7799 0.1070950833993066
2.78111 0.11121727498566787
2.78231 0.11539406513608692
2.78352 0.11973465097867926
2.78473 0.1239114411290983
2.78593 0.12825202697169064
2.78714 0.13275640850645626
2.78835 0.13715159291310638
2.78955 0.1413556823455543
2.79076 0.14588736316234882
2.79197 0.15036444541508556
2.79318 0.1547323305397068
2.79438 0.15923671207447243
2.79559 0.16387759001938249
2.7968 0.16835467227211923
2.798 0.17264065955065383
2.79921 0.17698124539324614
2.80042 0.18151292621004064
2.80162 0.1859900084627774
2.80283 0.19046709071551415
2.80404 0.1947803772760776
2.80524 0.19901176599055445
2.80645 0.2033250525511179
2.80766 0.2075564412655947
2.80886 0.21173323141601375
2.81007 0.21591002156643277
2.81128 0.2201141109988807
2.81248 0.22429090114929975
2.81369 0.2284949905817477
2.8149 0.23264448145013786
2.8161 0.23671207447244136
2.81731 0.2408888646228604
2.81852 0.2451202533373372
2.81973 0.24926974420572737
2.82093 0.2532554393819442
2.82214 0.2571319374300456
2.82335 0.2611176326062624
2.82455 0.2651306270645082
2.82576 0.26903442439463837
2.82697 0.2728290245966531
2.82817 0.2766782233627255
2.82938 0.28047282356474024
2.83059 0.2843220223308127
2.83179 0.28803472468674074
2.833 0.2915290327864377
2.83421 0.29507793945019245
2.83541 0.29865414539597607
2.83662 0.30214845349567304
2.83783 0.3055335644672545
2.83903 0.30905517184898035
2.84024 0.31235838497447516
2.84145 0.31544320384373886
2.84265 0.31860992055908927
2.84386 0.3218585351205263
2.84507 0.32499795255384784
2.84628 0.32794627501296714
2.84748 0.3308672981900576
2.84869 0.3339794163413502
2.8499 0.3367639431082962
2.8511 0.33938467418306895
2.85231 0.3422783980781305
2.85352 0.3451175234091343
2.85472 0.34765635663782035
2.85593 0.3501951898665065
2.85714 0.3528159209412792
2.85834 0.3553001556059075
2.85955 0.35759329529633366
2.86076 0.35985913570473094
2.86196 0.3623433703693592
2.86317 0.3647730064699298
2.86438 0.36706614616035593
2.86558 0.36941388441483985
2.86679 0.3717616226693238
2.868 0.37391826594960553
2.8692 0.3761568070759739
2.87041 0.37858644317654444
2.87162 0.3810706778411727
2.87283 0.38333651824957
2.87403 0.385438562965794
2.87524 0.38764980481013345
2.87645 0.3899429445005596
2.87765 0.3921541863448991
2.87886 0.3943654281892386
2.88007 0.39660396931560693
2.88127 0.3987333133138598
2.88248 0.4007261609019683
2.88369 0.4029920013103655
2.88489 0.4053124402828205
2.8861 0.40730528787092896
2.88731 0.4092162376129508
2.88851 0.4111817859190303
2.88972 0.4131746335071388
2.89093 0.4151128825311894
2.89213 0.4170238322732112
2.89334 0.418934782015233
2.89455 0.42060003821899483
2.89575 0.4221560972946411
2.89696 0.4237394556523163
2.89817 0.42526821544593374
2.89938 0.42671507739346454
2.90058 0.4279435450847643
2.90179 0.4291447134940351
2.903 0.4302639840572193
2.9042 0.4313559553383746
2.90541 0.43225683164532774
2.90662 0.4329939122601075
2.90782 0.4337036935928585
2.90903 0.4344407742076383
2.91024 0.4351232562583604
2.91144 0.43564194261690914
2.91265 0.4359968332832846
2.91386 0.43613332969342905
2.91506 0.43613332969342905
2.91627 0.43613332969342905
2.91748 0.43607873112937123
2.91868 0.4357238404629958
2.91989 0.43515055554038923
2.9211 0.4345499713357538
2.9223 0.4337855914389452
2.92351 0.43288471513199195
2.92472 0.4318473424148945
2.92593 0.43080996969779695
2.92713 0.42966339985258384
2.92834 0.42821653790505304
2.92955 0.4265239824192623
2.93075 0.42483142693347165
2.93196 0.4229750757555076
2.93317 0.4209003303213126
2.93437 0.4187163877590019
2.93558 0.4165597444787202
2.93679 0.41402091125003404
2.93799 0.4111544866370014
2.9392 0.4084245584341131
2.94041 0.4058311266413693
2.94161 0.4031284977205099
2.94282 0.4000709781332751
2.94403 0.3969588599819825
2.94523 0.394037836804892
2.94644 0.3910622150637438
2.94765 0.38786819906636455
2.94885 0.38461958450492745
2.95006 0.38137096994349046
2.95127 0.37806775681799565
2.95248 0.3745188501542409
2.95368 0.37086074636237065
2.95489 0.3671753432884715
2.9561 0.36343534165051455
2.9573 0.3593950479102399
2.95851 0.3551636591957631
2.95972 0.351014168327373
2.96092 0.3467281810488384
2.96213 0.3423329966421883
2.96334 0.33815620649176925
2.96454 0.3340886134694657
2.96575 0.32982992547296003
2.96696 0.3253255439381944
2.96816 0.32087576096748655
2.96937 0.3167262700990964
2.97058 0.31263137779476396
2.97178 0.3083726897982583
2.97299 0.30414130108378146
2.9742 0.3001556059075646
2.9754 0.29616991073134774
2.97661 0.2921296169910731
2.97782 0.2882531189429718
2.97903 0.28443121945892824
2.98023 0.28060931997488464
2.98144 0.27670552264475445
2.98265 0.2729382217247686
2.98385 0.269362015778985
2.98506 0.2658950069613169
2.98627 0.2622915017335044
2.98747 0.25871529578772073
2.98868 0.25538478338019704
2.98989 0.25216346810078893
2.99109 0.248887554257323
2.9923 0.24561164041385708
2.99351 0.24247222298053558
2.99471 0.23946930195735852
2.99592 0.23646638093418143
2.99713 0.23343616062897546
2.99833 0.23056973601594274
2.99954 0.22783980781305452
3.00075 0.22505528104610847
3.00196 0.22229805356119134
3.00316 0.21967732248641858
3.00437 0.21716578853976137
3.00558 0.21462695531107528
3.00678 0.2121154213644181
3.00799 0.20982228167399194
3.0092 0.20763833911168136
3.0104 0.20545439654937073
3.01161 0.20327045398706012
3.01282 0.2012776063989517
3.01402 0.1994212552209877
3.01523 0.19753760476099474
3.01644 0.195626655018973
3.01764 0.19382490240506672
3.01885 0.19210504763724714
3.02006 0.19049438999754303
3.02126 0.1889383309218967
3.02247 0.18746416969233706
3.02368 0.18609920559089294
3.02488 0.18470694220741993
3.02609 0.18331467882394692
3.0273 0.1819497147225028
3.02851 0.18072124703120304
3.02971 0.17960197646801887
3.03092 0.17851000518686358
3.03213 0.1774180339057083
3.03333 0.17643525975266852
3.03454 0.17558898200977313
3.03575 0.17474270426687777
3.03695 0.17384182795992464
3.03816 0.1729682509350004
3.03937 0.17223117032022056
3.04057 0.17154868826949848
3.04178 0.17072970980863203
3.04299 0.17001992847588107
3.04419 0.16939204498921678
3.0454 0.16868226365646583
3.04661 0.16794518304168599
3.04781 0.1673172995550217
3.04902 0.1666621167863285
3.05023 0.16597963473560645
3.05143 0.16535175124894214
3.05264 0.16469656848024897
3.05385 0.1641232835576424
3.05506 0.16357729791706477
3.05626 0.16292211514837157
3.05747 0.16229423166170728
3.05868 0.161666348175043
3.05988 0.16106576397040756
3.06109 0.16032868335562772
3.0623 0.1595916027408479
3.0635 0.15904561710027024
3.06471 0.1584996314596926
3.06592 0.15773525156288387
3.06712 0.1569435723840463
3.06833 0.15631568889738198
3.06954 0.15571510469274658
3.07074 0.15497802407796674
3.07195 0.15413174633507137
3.07316 0.1533127678742049
3.07436 0.15254838797739617
3.07557 0.1517567087985586
3.07678 0.15085583249160545
3.07798 0.14992765690262344
3.07919 0.14913597772378584
3.0804 0.14831699926291939
3.08161 0.14738882367393738
3.08281 0.14643334880292647
3.08402 0.14550517321394446
3.08523 0.14463159618902022
3.08643 0.14375801916409597
3.08764 0.14285714285714285
3.08885 0.14192896726816084
3.09005 0.14097349239714993
3.09126 0.14001801752613907
3.09247 0.13908984193715704
3.09367 0.13816166634817503
3.09488 0.1372607900412219
3.09609 0.13641451229832655
3.09729 0.1355409352734023
3.0985 0.1345854604023914
3.09971 0.13362998553138053
3.10091 0.13281100707051402
3.10212 0.1320739264557342
3.10333 0.13125494799486773
3.10453 0.13032677240588572
3.10574 0.12948049466299036
3.10695 0.1287707133302394
3.10816 0.12792443558734404
3.10936 0.1269143621522754
3.11057 0.12598618656329336
3.11178 0.12527640523054243
3.11298 0.12464852174387812
3.11419 0.1239114411290983
3.1154 0.12309246266823182
3.1166 0.12230078348939422
3.11781 0.12161830143867215
3.11902 0.12085392154186343
3.12022 0.12003494308099696
3.12143 0.119325161748246
3.12264 0.1186972782615817
3.12384 0.11804209549288854
3.12505 0.11735961344216646
3.12626 0.11670443067347329
3.12746 0.11615844503289562
3.12867 0.11555786082826021
3.12988 0.11487537877753815
3.13108 0.1141655974447872
3.13229 0.11348311539406514
3.1335 0.11282793262537194
3.13471 0.1122546477027654
3.13591 0.11173596134421664
3.13712 0.11118997570363899
3.13833 0.11061669078103245
3.13953 0.11004340585842591
3.14074 0.10947012093581937
3.14195 0.10892413529524173
3.14315 0.10840544893669296
3.14436 0.10788676257814418
3.14557 0.10734077693756654
3.14677 0.10676749201496
3.14798 0.10622150637438235
3.14919 0.10575741857989134
3.15039 0.10526603150337145
3.1516 0.10474734514482269
3.15281 0.10417406022221615
3.15401 0.1036280745816385
3.15522 0.10319128606917638
3.15643 0.1028363954028009
3.15763 0.10239960689033878
3.15884 0.10193551909584776
3.16005 0.10149873058338564
3.16126 0.10111654063498128
3.16246 0.10065245284049029
3.16367 0.10013376648194151
3.16488 0.09964237940542163
3.16608 0.09926018945701728
3.16729 0.09887799950861292
3.1685 0.09846851027817967
3.1697 0.09803172176571755
3.17091 0.09767683109934208
3.17212 0.0973219404329666
3.17332 0.09693975048456224
3.17453 0.09655756053615788
3.17574 0.09620266986978242
3.17694 0.09582047992137806
3.17815 0.09538369140891594
3.17936 0.09494690289645381
3.18056 0.09456471294804945
3.18177 0.09426442084573175
3.18298 0.09388223089732739
3.18418 0.09347274166689415
3.18539 0.09314515028254755
3.1866 0.09281755889820098
3.18781 0.09238077038573886
3.18901 0.0919712811553056
3.19022 0.0916709890529879
3.19143 0.09139799623269908
3.19263 0.09107040484835248
3.19384 0.09066091561791925
3.19505 0.09022412710545713
3.19625 0.08986923643908164
3.19746 0.08951434577270617
3.19867 0.0891594551063307
3.19987 0.08885916300401299
3.20108 0.08861346946575305
3.20229 0.08831317736343533
3.20349 0.08793098741503098
3.2047 0.08752149818459773
3.20591 0.08713930823619337
3.20711 0.08667522044170238
3.20832 0.08626573121126914
3.20953 0.08593813982692255
3.21074 0.08566514700663372
3.21194 0.08531025634025824
3.21315 0.08495536567388276
3.21436 0.0846004750075073
3.21556 0.08419098577707405
3.21677 0.08372689798258305
3.21798 0.08331740875214981
3.21918 0.08290791952171658
3.22039 0.08252572957331221
3.2216 0.08219813818896562
3.2228 0.08184324752259015
3.22401 0.08137915972809914
3.22522 0.08094237121563702
3.22642 0.08053288198520378
3.22763 0.0802052906008572
3.22884 0.07982310065245284
3.23004 0.07938631213999071
3.23125 0.07903142147361523
3.23246 0.07867653080723976
3.23366 0.07826704157680653
3.23487 0.0778302530643444
3.23608 0.07744806311594005
3.23729 0.07709317244956458
3.23849 0.07679288034724686
3.2397 0.07651988752695803
3.24091 0.07613769757855368
3.24211 0.07570090906609156
3.24332 0.07534601839971608
3.24453 0.0750184270153695
3.24573 0.0746908356310229
3.24694 0.07433594496464743
3.24815 0.07392645573421419
3.24935 0.07351696650378094
3.25056 0.07310747727334771
3.25177 0.07277988588900111
3.25297 0.07247959378668341
3.25418 0.07212470312030793
3.25539 0.07176981245393246
3.25659 0.07146952035161475
3.2578 0.07116922824929704
3.25901 0.07084163686495044
3.26021 0.07048674619857496
3.26142 0.07010455625017062
3.26263 0.0698042641478529
3.26384 0.0695039720455352
3.26504 0.0692036799432175
3.26625 0.06884878927684202
3.26746 0.06854849717452431
3.26866 0.06827550435423548
3.26987 0.06797521225191777
3.27108 0.06767492014960005
3.27228 0.06740192732931123
3.27349 0.06710163522699353
3.2747 0.06680134312467581
3.2759 0.06655564958641587
3.27711 0.06630995604815593
3.27832 0.06600966394583822
3.27952 0.06570937184352052
3.28073 0.06549097758728946
3.28194 0.06529988261308728
3.28314 0.06505418907482732
3.28435 0.06472659769048072
3.28556 0.06442630558816302
3.28676 0.06423521061396084
3.28797 0.06404411563975868
3.28918 0.06374382353744096
3.29039 0.06344353143512325
3.29159 0.06327973574294996
3.2928 0.06311594005077667
3.29401 0.06287024651251671
3.29521 0.06259725369222789
3.29642 0.06235156015396794
3.29763 0.06213316589773688
3.29883 0.0619420709235347
3.30004 0.06169637738527476
3.30125 0.06142338456498594
3.30245 0.06117769102672599
3.30366 0.06093199748846605
3.30487 0.06074090251426387
3.30607 0.060522508258032806
3.30728 0.060276814719772864
3.30849 0.059976522617455154
3.30969 0.059785427643252974
3.3109 0.05964893123310857
3.31211 0.05948513554093527
3.31331 0.05923944200267533
3.31452 0.058966449182386506
3.31573 0.05872075564412656
3.31694 0.05852966066992438
3.31814 0.05839316425977996
3.31935 0.058256667849635554
3.32056 0.058092872157462255
3.32176 0.057929076465288956
3.32297 0.05776528077311567
3.32418 0.05762878436297125
3.32538 0.05743768938876907
3.32659 0.05724659441456689
3.3278 0.05702820015833583
3.329 0.05689170374819142
3.33021 0.05678250662007588
3.33142 0.0566187109279026
3.33262 0.05640031667167154
3.33383 0.05626382026152712
3.33504 0.05620922169746936
3.33624 0.056154623133411595
3.33745 0.05604542600529606
3.33866 0.055908929595151646
3.33986 0.055799732467036116
3.34107 0.055717834620949466
3.34228 0.055717834620949466
3.34349 0.0556632360568917
3.34469 0.05555403892877617
3.3459 0.055472141082689524
3.34711 0.055472141082689524
3.34831 0.055526739646747286
3.34952 0.05555403892877617
3.35073 0.055526739646747286
3.35193 0.055499440364718405
3.35314 0.0556632360568917
3.35435 0.05593622887718053
3.35555 0.0561273238513827
3.35676 0.05626382026152712
3.35797 0.05648221451775818
3.35917 0.05683710518413366
3.36038 0.05727389369659577
3.36159 0.057683382927029014
3.36279 0.058038273593404494
3.364 0.05842046354180885
3.36521 0.05885725205427097
3.36641 0.05937593841281973
3.36762 0.05986732548933963
3.36883 0.0603860118478884
3.37004 0.06093199748846605
3.37124 0.06153258169310147
3.37245 0.062105866615708
3.37366 0.06273375010237231
3.37486 0.06330703502497884
3.37607 0.06379842210149872
3.37728 0.06428980917801862
3.37848 0.0647811962545385
3.37969 0.06519068548497174
3.3809 0.06549097758728946
3.3821 0.0657366711255494
3.38331 0.06598236466380934
3.38452 0.06617345963801152
3.38572 0.06628265676612705
3.38693 0.06628265676612705
3.38814 0.06628265676612705
3.38934 0.06641915317627146
3.39055 0.06663754743250253
3.39176 0.06701973738090687
3.39296 0.06751112445742675
3.39417 0.0680844093800333
3.39538 0.06868499358466872
3.39659 0.0695039720455352
3.39779 0.07054134476263274
3.399 0.0717152138898747
3.40021 0.07294368158117441
3.40141 0.0742267478365319
3.40262 0.0756190112200049
3.40383 0.07722966885970899
3.40503 0.07900412219158635
3.40624 0.08075127624143484
3.40745 0.08244383172722557
3.40865 0.08432748218721847
3.40986 0.08634762905735578
3.41107 0.08839507520952199
3.41227 0.09038792279763042
3.41348 0.0922988725396522
3.41469 0.09412792443558733
3.41589 0.09595697633152248
3.4171 0.09767683109934208
3.41831 0.09915099232890173
3.41952 0.10027026289208593
3.42072 0.10108924135295241
3.42193 0.1015806284294723
3.42314 0.1015533291474434
3.42434 0.10087084709672134
3.42555 0.09942398514919057
3.42676 0.0973219404329666
3.42796 0.09472850864022277
3.42917 0.09178018618110342
3.43038 0.08864076874778193
3.43158 0.08547405203243154
3.43279 0.08252572957331221
3.434 0.0798776992165106
3.4352 0.0775299609620267
3.43641 0.07553711337391826
3.43762 0.07384455788812753
3.43882 0.07234309737653899
3.44003 0.07103273183915262
3.44124 0.06994076055799732
3.44244 0.06901258496901531
3.44365 0.06822090579017771
3.44486 0.06742922661134011
3.44607 0.06663754743250253
3.44727 0.0658731675356938
3.44848 0.0652452840490295
3.44969 0.06467199912642296
3.45089 0.06404411563975868
3.4521 0.06333433430700772
3.45331 0.06262455297425677
3.45451 0.06199666948759248
3.45572 0.0614779831290437
3.45693 0.06101389533455269
3.45813 0.060495208976003925
3.45934 0.05986732548933963
3.46055 0.05923944200267533
3.46175 0.05874805492615544
3.46296 0.05839316425977996
3.46417 0.05801097431137561
3.46537 0.057492287952826834
3.46658 0.057000900876306944
3.46779 0.05667330949196036
3.46899 0.05650951379978706
3.4702 0.056373017389642656
3.47141 0.05620922169746936
3.47262 0.05607272528732494
3.47382 0.055990827441238296
3.47503 0.05601812672326718
3.47624 0.0561273238513827
3.47744 0.05620922169746936
3.47865 0.05620922169746936
3.47986 0.056181922415440476
3.48106 0.05626382026152712
3.48227 0.0564549152357293
3.48348 0.05664601020993148
3.48468 0.05672790805601812
3.48589 0.05672790805601812
3.4871 0.056809805902104764
3.4883 0.0570827987223936
3.48951 0.0575468865168846
3.49072 0.058065572875433374
3.49192 0.05863885779803991
3.49313 0.05943053697687751
3.49434 0.060495208976003925
3.49554 0.06186017307744806
3.49675 0.06338893287106549
3.49796 0.06505418907482732
3.49917 0.06677404384264693
3.50037 0.06846659932843766
3.50158 0.07004995768611284
3.50279 0.07146952035161475
3.50399 0.07242499522262565
3.5052 0.07264338947885671
3.50641 0.0720155059921924
3.50761 0.07067784117277714
3.50882 0.06876689143075537
3.51003 0.06644645245830035
3.51123 0.06390761922961426
3.51244 0.061259588872812645
3.51365 0.05874805492615544
3.51485 0.05648221451775818
3.51606 0.0545712647757364
3.51727 0.05287870928994567
3.51847 0.05129535093227048
3.51968 0.049793890420681934
3.52089 0.0484289263192378
3.52209 0.047336955038082495
3.5233 0.04643607873112937
3.52451 0.04558980098823401
3.52572 0.04474352324533864
3.52692 0.043951844066501045
3.52813 0.04326936201577898
3.52934 0.04280527422128798
3.53054 0.0424503835549125
3.53175 0.04209549288853703
3.53296 0.04160410581201714
3.53416 0.04108541945346837
3.53537 0.04067593022303513
3.53658 0.04040293740274631
3.53778 0.04015724386448637
3.53899 0.03985695176216865
3.5402 0.03950206109579318
3.5414 0.039201768993475467
3.54261 0.038983374737244406
3.54382 0.038846878327099994
3.54502 0.0386830826349267
3.54623 0.03841008981463787
3.54744 0.03813709699434904
3.54864 0.0378914034560891
3.54985 0.03775490704594469
3.55106 0.03764570991782916
3.55227 0.03748191422565586
3.55347 0.03723622068739592
3.55468 0.036963227867107096
3.55589 0.036772132892904916
3.55709 0.03666293576478938
3.5583 0.036581037918702736
3.55951 0.036444541508558324
3.56071 0.036280745816385025
3.56192 0.036062351560153964
3.56313 0.03587125658595179
3.56433 0.03573476017580737
3.56554 0.03565286232972073
3.56675 0.03557096448363408
3.56795 0.03543446807348966
3.56916 0.03524337309928748
3.57037 0.03505227812508531
3.57157 0.03497038027899866
3.57278 0.03491578171494089
3.57399 0.03483388386885425
3.57519 0.03472468674073872
3.5764 0.03456089104856542
3.57761 0.03439709535639213
3.57882 0.034260598946247715
3.58002 0.034178701100161066
3.58123 0.034096803254074416
3.58244 0.033960306843930005
3.58364 0.033796511151756706
3.58485 0.033660014741612294
3.58606 0.033578116895525645
3.58726 0.033496219049438995
3.58847 0.033387021921323465
3.58968 0.03322322622915017
3.59088 0.03305943053697687
3.59209 0.03295023340886135
3.5933 0.03295023340886135
3.5945 0.03297753269089023
3.59571 0.03292293412683246
3.59692 0.03275913843465917
3.59812 0.03256804346045699
3.59933 0.03243154705031257
3.60054 0.03240424776828369
3.60174 0.03237694848625481
3.60295 0.03232234992219704
3.60416 0.03215855423002375
3.60537 0.03196745925582157
3.60657 0.03185826212770604
3.60778 0.03185826212770604
3.60899 0.03188556140973492
3.61019 0.03185826212770604
3.6114 0.03174906499959051
3.61261 0.031585269307417216
3.61381 0.031503371461330566
3.61502 0.031448772897272805
3.61623 0.03142147361524392
3.61743 0.031312276487128386
3.61864 0.03117578007698397
3.61985 0.03103928366683956
3.62105 0.03095738582075291
3.62226 0.03090278725669515
3.62347 0.03084818869263738
3.62467 0.030766290846550734
3.62588 0.030602495154377435
3.62709 0.030465998744233024
3.6283 0.030384100898146374
3.6295 0.030356801616117493
3.63071 0.03030220305205973
3.63192 0.03022030520597308
3.63312 0.03011110807785755
3.63433 0.03000191094974202
3.63554 0.02992001310365537
3.63674 0.029865414539597606
3.63795 0.029810815975539837
3.63916 0.029728918129453195
3.64036 0.029619721001337664
3.64157 0.029537823155251015
3.64278 0.029483224591193253
3.64398 0.029455925309164365
3.64519 0.029428626027135484
3.6464 0.029346728181048835
3.6476 0.029237531052933308
3.64881 0.029128333924817777
3.65002 0.029046436078731128
3.65122 0.029019136796702247
3.65243 0.028937238950615597
3.65364 0.028882640386557835
3.65485 0.0287734432584423
3.65605 0.02866424613032677
3.65726 0.02858234828424012
3.65847 0.02855504900221124
3.65967 0.028500450438153472
3.66088 0.02836395402800906
3.66209 0.02820015833583577
3.66329 0.02806366192569135
3.6645 0.027981764079604704
3.66571 0.027954464797575823
3.66691 0.027954464797575823
3.66812 0.027899866233518058
3.66933 0.02781796838743141
3.67053 0.027681471977286994
3.67174 0.027626873413229232
3.67295 0.027599574131200344
3.67415 0.027544975567142582
3.67536 0.027463077721055933
3.67657 0.02732658131091152
3.67777 0.02719008490076711
3.67898 0.02710818705468046
3.68019 0.027080887772651576
3.6814 0.027053588490622695
3.6826 0.026998989926564926
3.68381 0.026889792798449396
3.68502 0.026780595670333866
3.68622 0.026698697824247223
3.68743 0.026616799978160573
3.68864 0.026589500696131693
3.68984 0.026562201414102808
3.69105 0.02648030356801616
3.69226 0.026371106439900628
3.69346 0.02628920859381398
3.69467 0.026234610029756217
3.69588 0.026180011465698448
3.69708 0.026070814337582918
3.69829 0.025961617209467387
3.6995 0.025907018645409625
3.7007 0.025852420081351857
3.70191 0.025825120799322976
3.70312 0.025797821517294095
3.70432 0.025715923671207445
3.70553 0.025606726543091915
3.70674 0.02549752941497638
3.70795 0.02541563156888974
3.70915 0.02536103300483197
3.71036 0.02527913515874532
3.71157 0.02514263874860091
3.71277 0.025006142338456498
3.71398 0.024951543774398732
3.71519 0.024924244492369848
3.71639 0.024896945210340967
3.7176 0.02481504736425432
3.71881 0.02470585023613879
3.72001 0.02462395239005214
3.72122 0.024569353825994372
3.72243 0.02448745597990773
3.72363 0.0243782588517922
3.72484 0.02429636100570555
3.72605 0.024269061723676665
3.72725 0.024241762441647784
3.72846 0.024187163877590016
3.72967 0.02410526603150337
3.73087 0.024023368185416723
3.73208 0.023941470339330074
3.73329 0.023886871775272312
3.7345 0.023832273211214543
3.7357 0.02377767464715678
3.73691 0.023668477519041248
3.73812 0.0235865796729546
3.73932 0.023531981108896833
3.74053 0.023504681826867952
3.74174 0.023450083262810187
3.74294 0.023368185416723537
3.74415 0.023313586852665776
3.74536 0.023231689006579126
3.74656 0.023149791160492476
3.74777 0.023067893314405827
3.74898 0.023040594032376946
3.75018 0.0229586961862903
3.75139 0.02284949905817477
3.7526 0.02274030193005924
3.7538 0.02265840408397259
3.75501 0.02263110480194371
3.75622 0.02263110480194371
3.75742 0.02257650623788594
3.75863 0.022494608391799297
3.75984 0.022385411263683767
3.76105 0.022303513417597117
3.76225 0.022276214135568236
3.76346 0.02224891485353935
3.76467 0.022221615571510468
3.76587 0.022167017007452702
3.76708 0.02203052059730829
3.76829 0.021894024187163873
3.76949 0.021784827059048342
3.7707 0.02173022849499058
3.77191 0.0217029292129617
3.77311 0.02164833064890393
3.77432 0.021566432802817285
3.77553 0.02148453495673064
3.77673 0.02140263711064399
3.77794 0.021375337828615105
3.77915 0.021348038546586224
3.78035 0.021266140700499574
3.78156 0.021129644290355163
3.78277 0.020993147880210748
3.78397 0.020883950752095218
3.78518 0.020856651470066337
3.78639 0.020829352188037453
3.7876 0.02080205290600857
3.7888 0.020747454341950806
3.79001 0.02069285577789304
3.79122 0.02061095793180639
3.79242 0.020529060085719742
3.79363 0.020474461521661977
3.79484 0.020474461521661977
3.79604 0.020447162239633096
3.79725 0.020365264393546446
3.79846 0.020228767983402035
3.79966 0.020092271573257624
3.80087 0.020010373727170974
3.80208 0.019983074445142093
3.80328 0.01995577516311321
3.80449 0.019928475881084325
3.8057 0.019819278752968794
3.8069 0.019710081624853264
3.80811 0.019600884496737733
3.80932 0.019546285932679968
3.81052 0.019546285932679968
3.81173 0.019518986650651087
3.81294 0.019464388086593322
3.81415 0.019409789522535557
3.81535 0.019300592394420026
3.81656 0.019218694548333377
3.81777 0.01916409598427561
3.81897 0.01916409598427561
3.82018 0.019109497420217846
3.82139 0.019027599574131197
3.82259 0.01891840244601567
3.8238 0.01883650459992902
3.82501 0.018781906035871255
3.82621 0.018754606753842374
3.82742 0.01872730747181349
3.82863 0.01870000818978461
3.82983 0.018645409625726844
3.83104 0.018563511779640194
3.83225 0.018481613933553548
3.83345 0.0183997160874669
3.83466 0.018345117523409133
3.83587 0.018290518959351368
3.83708 0.018263219677322483
3.83828 0.01820862111326472
3.83949 0.018126723267178072
3.8407 0.01801752613906254
3.8419 0.017935628292975896
3.84311 0.01788102972891813
3.84432 0.017826431164860365
3.84552 0.017771832600802596
3.84673 0.01771723403674483
3.84794 0.017662635472687066
3.84914 0.01758073762660042
3.85035 0.017526139062542655
3.85156 0.01747154049848489
3.85276 0.017416941934427124
3.85397 0.01738964265239824
3.85518 0.017307744806311594
3.85638 0.017198547678196063
3.85759 0.017116649832109414
3.8588 0.017089350550080533
3.86 0.017089350550080533
3.86121 0.017116649832109414
3.86242 0.01706205126805165
3.86363 0.016952854139936118
3.86483 0.016843657011820588
3.86604 0.016761759165733938
3.86725 0.016734459883705057
3.86845 0.016707160601676173
3.86966 0.016679861319647292
3.87087 0.016625262755589527
3.87207 0.016516065627473996
3.87328 0.01643416778138735
3.87449 0.016379569217329585
3.87569 0.0163522699353007
3.8769 0.016297671371242935
3.87811 0.01627037208921405
3.87931 0.016188474243127405
3.88052 0.016106576397040755
3.88173 0.01602467855095411
3.88293 0.015997379268925225
3.88414 0.015997379268925225
3.88535 0.01594278070486746
3.88655 0.01583358357675193
3.88776 0.015724386448636402
3.88897 0.015642488602549753
3.89018 0.015642488602549753
3.89138 0.015642488602549753
3.89259 0.015642488602549753
3.8938 0.015560590756463105
3.895 0.01550599219240534
3.89621 0.015451393628347574
3.89742 0.015396795064289807
3.89862 0.015342196500232042
3.89983 0.015314897218203161
3.90104 0.015260298654145396
3.90224 0.015205700090087631
3.90345 0.015151101526029866
3.90466 0.0150965029619721
3.90586 0.015069203679943216
3.90707 0.015041904397914333
3.90828 0.01501460511588545
3.90948 0.014932707269798803
3.91069 0.014823510141683273
3.9119 0.014741612295596626
3.9131 0.014714313013567742
3.91431 0.01468701373153886
3.91552 0.014659714449509977
3.91673 0.014632415167481094
3.91793 0.014577816603423329
3.91914 0.01449591875733668
3.92035 0.014414020911250033
3.92155 0.01438672162922115
3.92276 0.014332123065163386
3.92397 0.014304823783134503
3.92517 0.014250225219076736
3.92638 0.01419562665501897
3.92759 0.014141028090961206
3.92879 0.014113728808932325
3.93 0.01405913024487456
3.93121 0.014004531680816794
3.93241 0.013949933116759029
3.93362 0.013895334552701262
3.93483 0.013868035270672381
3.93603 0.013868035270672381
3.93724 0.013840735988643497
3.93845 0.01375883814255685
3.93965 0.013676940296470201
3.94086 0.013622341732412436
3.94207 0.013595042450383555
3.94328 0.013595042450383555
3.94448 0.013595042450383555
3.94569 0.01356774316835467
3.9469 0.013540443886325788
3.9481 0.013458546040239142
3.94931 0.013376648194152492
3.95052 0.013322049630094727
3.95172 0.013267451066036962
3.95293 0.01324015178400808
3.95414 0.01324015178400808
3.95534 0.013212852501979197
3.95655 0.013158253937921431
3.95776 0.013130954655892549
3.95896 0.013076356091834784
3.96017 0.013049056809805903
3.96138 0.013021757527777018
3.96258 0.012967158963719253
3.96379 0.012885261117632605
3.965 0.012857961835603723
3.9662 0.012803363271545957
3.96741 0.012803363271545957
3.96862 0.012803363271545957
3.96983 0.01274876470748819
3.97103 0.01263956757937266
3.97224 0.012530370451257131
3.97345 0.012475771887199366
3.97465 0.012448472605170484
3.97586 0.012475771887199366
3.97707 0.012503071169228249
3.97827 0.012448472605170484
3.97948 0.012366574759083836
3.98069 0.012257377630968305
3.98189 0.01220277906691054
3.9831 0.01220277906691054
3.98431 0.01220277906691054
3.98551 0.012175479784881657
3.98672 0.012093581938795008
3.98793 0.011957085528650596
3.98913 0.011820589118506182
3.99034 0.011738691272419534
3.99155 0.011711391990390653
3.99275 0.011765990554448416
3.99396 0.0117932898364773
3.99517 0.011765990554448416
3.99638 0.011711391990390653
3.99758 0.011574895580246238
3.99879 0.011492997734159592
4.0 0.011465698452130708
4.0012 0.011465698452130708
4.00241 0.011465698452130708
4.00362 0.01138380060604406
4.00482 0.011301902759957412
4.00603 0.011192705631841883
4.00724 0.011110807785755234
4.00844 0.011028909939668586
4.00965 0.011001610657639703
4.01086 0.011001610657639703
4.01206 0.01097431137561082
4.01327 0.010919712811553055
4.01448 0.010837814965466406
4.01568 0.010783216401408642
4.01689 0.01075591711937976
4.0181 0.010728617837350877
4.0193 0.010701318555321995
4.02051 0.01064671999126423
4.02172 0.010592121427206464
4.02293 0.010537522863148699
4.02413 0.010510223581119816
4.02534 0.010482924299090934
4.02655 0.010428325735033168
4.02775 0.010401026453004286
4.02896 0.010373727170975403
4.03017 0.01034642788894652
4.03137 0.010291829324888754
4.03258 0.010237230760830988
4.03379 0.010182632196773223
4.03499 0.01012803363271546
4.0362 0.010073435068657694
4.03741 0.01001883650459993
4.03861 0.009991537222571047
4.03982 0.00993693865851328
4.04103 0.009882340094455514
4.04223 0.00982774153039775
4.04344 0.009773142966339984
4.04465 0.009691245120253338
4.04586 0.009636646556195573
4.04706 0.009609347274166688
4.04827 0.009609347274166688
4.04948 0.009582047992137806
4.05068 0.009554748710108923
4.05189 0.009472850864022275
4.0531 0.009363653735906745
4.0543 0.009281755889820097
4.05551 0.00919985804373345
4.05672 0.009172558761704567
4.05792 0.009145259479675684
4.05913 0.009090660915617919
4.06034 0.009036062351560153
4.06154 0.008954164505473506
4.06275 0.008926865223444623
4.06396 0.008954164505473506
4.06516 0.008954164505473506
4.06637 0.008954164505473506
4.06758 0.008872266659386858
4.06878 0.008817668095329093
4.06999 0.008735770249242445
4.0712 0.00868117168518468
4.07241 0.00868117168518468
4.07361 0.00868117168518468
4.07482 0.00868117168518468
4.07603 0.008626573121126914
4.07723 0.008517375993011384
4.07844 0.008408178864895852
4.07965 0.008353580300838086
4.08085 0.008326281018809206
4.08206 0.008353580300838086
4.08327 0.008380879582866969
4.08447 0.008380879582866969
4.08568 0.008298981736780323
4.08689 0.008189784608664792
4.08809 0.008107886762578143
4.0893 0.00808058748054926
4.09051 0.008107886762578143
4.09171 0.008135186044607026
4.09292 0.008107886762578143
4.09413 0.008053288198520378
4.09533 0.007944091070404847
4.09654 0.007862193224318201
4.09775 0.007807594660260435
4.09896 0.007780295378231552
4.10016 0.007807594660260435
4.10137 0.007807594660260435
4.10258 0.00775299609620267
4.10378 0.007698397532144904
4.10499 0.007616499686058256
4.1062 0.007561901122000491
4.1074 0.007561901122000491
4.10861 0.007589200404029373
4.10982 0.0076437989680871385
4.11102 0.007671098250116021
4.11223 0.007698397532144904
4.11344 0.007698397532144904
4.11464 0.007725696814173787
4.11585 0.007725696814173787
4.11706 0.007780295378231552
4.11826 0.007807594660260435
4.11947 0.007862193224318201
4.12068 0.007862193224318201
4.12188 0.007780295378231552
4.12309 0.0076437989680871385
4.1243 0.007480003275913843
4.12551 0.007316207583740547
4.12671 0.0071524118915672515
4.12792 0.00704321476345172
4.12913 0.006988616199393956
4.13033 0.0069340176353361906
4.13154 0.006879419071278425
4.13275 0.0067975212251917775
4.13395 0.006688324097076246
4.13516 0.006579126968960716
4.13637 0.006524528404902951
4.13757 0.006497229122874069
4.13878 0.006551827686931832
4.13999 0.006633725533018481
4.14119 0.006633725533018481
4.1424 0.006579126968960716
4.14361 0.006442630558816303
4.14481 0.00630613414867189
4.14602 0.006251535584614124
4.14723 0.006251535584614124
4.14843 0.006251535584614124
4.14964 0.006278834866643007
4.15085 0.006224236302585242
4.15206 0.0061150391744697104
4.15326 0.005978542764325298
4.15447 0.00589664491823865
4.15568 0.005842046354180884
4.15688 0.005869345636209767
4.15809 0.00589664491823865
4.1593 0.00589664491823865
4.1605 0.005814747072152002
4.16171 0.005705549944036471
4.16292 0.005596352815920942
4.16412 0.005541754251863176
4.16533 0.005541754251863176
4.16654 0.005569053533892059
4.16774 0.005596352815920942
4.16895 0.005569053533892059
4.17016 0.005514454969834293
4.17136 0.005432557123747645
4.17257 0.005350659277660997
4.17378 0.005323359995632115
4.17498 0.005323359995632115
4.17619 0.005323359995632115
4.1774 0.005323359995632115
4.17861 0.0052687614315743495
4.17981 0.005186863585487702
4.18102 0.005104965739401053
4.18223 0.0050503671753432886
4.18343 0.005023067893314406
4.18464 0.005023067893314406
4.18585 0.005023067893314406
4.18705 0.004995768611285523
4.18826 0.00496846932925664
4.18947 0.004913870765198875
4.19067 0.004831972919112228
4.19188 0.004804673637083344
4.19309 0.004750075073025579
4.19429 0.004722775790996696
4.1955 0.004695476508967814
4.19671 0.004668177226938931
4.19791 0.004613578662881166
4.19912 0.004558980098823401
4.20033 0.004504381534765635
4.20153 0.004395184406650105
4.20274 0.004313286560563457
4.20395 0.004258687996505692
4.20516 0.0042313887144768084
4.20636 0.004204089432447926
4.20757 0.004204089432447926
4.20878 0.004204089432447926
4.20998 0.0041494908683901615
4.21119 0.004094892304332396
4.2124 0.0040129944582457475
4.2136 0.003958395894187982
4.21481 0.0039037973301302175
4.21602 0.0039037973301302175
4.21722 0.003876498048101335
4.21843 0.003876498048101335
4.21964 0.003849198766072452
4.22084 0.0037946002020146866
4.22205 0.0037400016379569214
4.22326 0.0036854030738991566
4.22446 0.003630804509841391
4.22567 0.0036581037918702736
4.22688 0.0036581037918702736
4.22808 0.0036581037918702736
4.22929 0.0036035052278125083
4.2305 0.0035489066637547427
4.23171 0.003494308099696978
4.23291 0.0034397095356392127
4.23412 0.00341241025361033
4.23533 0.00341241025361033
4.23653 0.003385110971581447
4.23774 0.003385110971581447
4.23895 0.0033578116895525644
4.24015 0.003303213125494799
4.24136 0.0032486145614370344
4.24257 0.0031940159973792687
4.24377 0.003166716715350386
4.24498 0.0031940159973792687
4.24619 0.0031940159973792687
4.24739 0.0032213152794081513
4.2486 0.0031940159973792687
4.24981 0.0031394174333215035
4.25101 0.003084818869263738
4.25222 0.003030220305205973
4.25343 0.003030220305205973
4.25463 0.003084818869263738
4.25584 0.0031394174333215035
4.25705 0.0031940159973792687
4.25826 0.0032213152794081513
4.25946 0.003303213125494799
4.26067 0.00341241025361033
4.26188 0.0036035052278125083
4.26308 0.003876498048101335
4.26429 0.004176790150419043
4.2655 0.00444978297070787
4.2667 0.0046408779449100485
4.26791 0.004668177226938931
4.26912 0.004504381534765635
4.27032 0.004204089432447926
4.27153 0.003849198766072452
4.27274 0.0035489066637547427
4.27394 0.003275913843465916
4.27515 0.003084818869263738
4.27636 0.002975621741148208
4.27756 0.002811826048974912
4.27877 0.0027026289208593813
4.27998 0.002593431792743851
4.28119 0.00248423466462832
4.28239 0.002402336818541672
4.2836 0.002347738254483907
4.28481 0.0023204389724550242
4.28601 0.0022931396904261416
4.28722 0.0022931396904261416
4.28843 0.0022931396904261416
4.28963 0.0022931396904261416
4.29084 0.0022931396904261416
4.29205 0.0022931396904261416
4.29325 0.002211241844339494
4.29446 0.002183942562310611
4.29567 0.0021566432802817286
4.29687 0.002129343998252846
4.29808 0.002129343998252846
4.29929 0.002129343998252846
4.30049 0.002047446152166198
4.3017 0.0019928475881084325
4.30291 0.0019655483060795503
4.30411 0.0018563511779640196
4.30532 0.0018290518959351368
4.30653 0.0018563511779640196
4.30774 0.0018290518959351368
4.30894 0.0018290518959351368
4.31015 0.0018017526139062542
4.31136 0.001747154049848489
4.31256 0.0016652562037618409
4.31377 0.0016106576397040757
4.31498 0.0015560590756463104
4.31618 0.001583358357675193
4.31739 0.0016106576397040757
4.3186 0.001637956921732958
4.3198 0.0016652562037618409
4.32101 0.001637956921732958
4.32222 0.0015560590756463104
4.32342 0.0015014605115885452
4.32463 0.0014468619475307798
4.32584 0.0014195626655018972
4.32704 0.0014195626655018972
4.32825 0.0014468619475307798
4.32946 0.0014741612295596626
4.33066 0.0014468619475307798
4.33187 0.001364964101444132
4.33308 0.0012830662553574839
4.33429 0.0012284676912997187
4.33549 0.0011738691272419534
4.3367 0.001201168409270836
4.33791 0.001201168409270836
4.33911 0.001201168409270836
4.34032 0.0011738691272419534
4.34153 0.0011192705631841882
4.34273 0.001064671999126423
4.34394 0.001064671999126423
4.34515 0.001064671999126423
4.34635 0.0010919712811553056
4.34756 0.0011465698452130708
4.34877 0.0011738691272419534
4.34997 0.0011465698452130708
4.35118 0.0010919712811553056
4.35239 0.0010373727170975404
4.35359 0.0009827741530397751
4.3548 0.0009281755889820098
4.35601 0.0009281755889820098
4.35721 0.0009554748710108923
4.35842 0.0009827741530397751
4.35963 0.0009827741530397751
4.36084 0.0009281755889820098
4.36204 0.0008462777428953618
4.36325 0.0007643798968087138
4.36446 0.0007097813327509486
4.36566 0.000682482050722066
4.36687 0.000682482050722066
4.36808 0.0007097813327509486
4.36928 0.0007097813327509486
4.37049 0.000682482050722066
4.3717 0.0006278834866643007
4.3729 0.0005732849226065354
4.37411 0.0005186863585487702
4.37532 0.0004913870765198876
4.37652 0.0004913870765198876
4.37773 0.0004913870765198876
4.37894 0.0005186863585487702
4.38014 0.0005186863585487702
4.38135 0.0005186863585487702
4.38256 0.0004640877944910049
4.38376 0.00043678851246212224
4.38497 0.0003821899484043569
4.38618 0.0003548906663754743
4.38739 0.0003275913843465917
4.38859 0.0003275913843465917
4.3898 0.000300292102317709
4.39101 0.000300292102317709
4.39221 0.0002729928202888264
4.39342 0.0002456935382599438
4.39463 0.00021839425623106112
4.39583 0.00019109497420217845
4.39704 0.0001364964101444132
4.39825 0.00010919712811553056
4.39945 0.00010919712811553056
4.40066 0.0001364964101444132
4.40187 0.0001364964101444132
4.40307 0.00016379569217329584
4.40428 0.0001364964101444132
4.40549 0.00010919712811553056
4.40669 2.729928202888264e-05
4.4079 -2.729928202888264e-05
4.40911 -8.189784608664792e-05
4.41031 -8.189784608664792e-05
4.41152 -5.459856405776528e-05
4.41273 -2.729928202888264e-05
4.41394 -0.0
4.41514 -0.0
4.41635 -2.729928202888264e-05
4.41756 -8.189784608664792e-05
4.41876 -0.00016379569217329584
4.41997 -0.00021839425623106112
4.42118 -0.00021839425623106112
4.42238 -0.00021839425623106112
4.42359 -0.00019109497420217845
4.4248 -0.00016379569217329584
4.426 -0.00016379569217329584
4.42721 -0.00019109497420217845
4.42842 -0.0002729928202888264
4.42962 -0.0003275913843465917
4.43083 -0.0003821899484043569
4.43204 -0.0003821899484043569
4.43324 -0.0003548906663754743
4.43445 -0.0003275913843465917
4.43566 -0.0003275913843465917
4.43686 -0.0003275913843465917
4.43807 -0.0003821899484043569
4.43928 -0.00043678851246212224
4.44049 -0.0004913870765198876
4.44169 -0.0005186863585487702
4.4429 -0.0004913870765198876
4.44411 -0.0003821899484043569
4.44531 -0.000300292102317709
4.44652 -0.000300292102317709
4.44773 -0.0003548906663754743
4.44893 -0.0004640877944910049
4.45014 -0.0005732849226065354
4.45135 -0.0006551827686931834
4.45255 -0.000682482050722066
4.45376 -0.0006278834866643007
4.45497 -0.0005459856405776528
4.45617 -0.00043678851246212224
4.45738 -0.0004094892304332395
4.45859 -0.00043678851246212224
4.45979 -0.0005186863585487702
4.461 -0.0006278834866643007
4.46221 -0.0007097813327509486
4.46341 -0.0007370806147798313
4.46462 -0.000682482050722066
4.46583 -0.000600584204635418
4.46704 -0.0005186863585487702
4.46824 -0.0004913870765198876
4.46945 -0.0005186863585487702
4.47066 -0.0006278834866643007
4.47186 -0.0007370806147798313
4.47307 -0.0008462777428953618
4.47428 -0.0008735770249242445
4.47548 -0.000818978460866479
4.47669 -0.0007643798968087138
4.4779 -0.000682482050722066
4.4791 -0.000682482050722066
4.48031 -0.0007370806147798313
4.48152 -0.000818978460866479
4.48272 -0.0009281755889820098
4.48393 -0.0010100734350686575
4.48514 -0.0010373727170975404
4.48634 -0.0009827741530397751
4.48755 -0.0009281755889820098
4.48876 -0.0008462777428953618
4.48997 -0.0008462777428953618
4.49117 -0.0009008763069531271
4.49238 -0.0010100734350686575
4.49359 -0.0011192705631841882
4.49479 -0.001201168409270836
4.496 -0.0012284676912997187
4.49721 -0.001201168409270836
4.49841 -0.0011192705631841882
4.49962 -0.001064671999126423
4.50083 -0.0010373727170975404
4.50203 -0.001064671999126423
4.50324 -0.0011192705631841882
4.50445 -0.001201168409270836
4.50565 -0.0012557669733286015
4.50686 -0.0013103655373863667
4.50807 -0.0013103655373863667
4.50927 -0.0012830662553574839
4.51048 -0.0012557669733286015
4.51169 -0.0012284676912997187
4.51289 -0.001201168409270836
4.5141 -0.0012284676912997187
4.51531 -0.0012557669733286015
4.51652 -0.0013103655373863667
4.51772 -0.001364964101444132
4.51893 -0.0014195626655018972
4.52014 -0.0014195626655018972
4.52134 -0.0013922633834730148
4.52255 -0.0013922633834730148
4.52376 -0.0013922633834730148
4.52496 -0.0014195626655018972
4.52617 -0.0014741612295596626
4.52738 -0.0015014605115885452
4.52858 -0.0015560590756463104
4.52979 -0.0015560590756463104
4.531 -0.001583358357675193
4.5322 -0.0015560590756463104
4.53341 -0.0015560590756463104
4.53462 -0.0015287597936174276
4.53582 -0.0015014605115885452
4.53703 -0.0015014605115885452
4.53824 -0.0015014605115885452
4.53944 -0.0015287597936174276
4.54065 -0.001583358357675193
4.54186 -0.001637956921732958
4.54307 -0.0016925554857907235
4.54427 -0.0016925554857907235
4.54548 -0.0016652562037618409
4.54669 -0.001637956921732958
4.54789 -0.0016106576397040757
4.5491 -0.0016106576397040757
4.55031 -0.001637956921732958
4.55151 -0.0016925554857907235
4.55272 -0.0017198547678196063
4.55393 -0.0017744533318773713
4.55513 -0.001747154049848489
4.55634 -0.0017198547678196063
4.55755 -0.0016652562037618409
4.55875 -0.0016106576397040757
4.55996 -0.001583358357675193
4.56117 -0.0016106576397040757
4.56237 -0.0016652562037618409
4.56358 -0.001747154049848489
4.56479 -0.0018017526139062542
4.56599 -0.0018017526139062542
4.5672 -0.0017744533318773713
4.56841 -0.0017198547678196063
4.56962 -0.0016652562037618409
4.57082 -0.001637956921732958
4.57203 -0.001637956921732958
4.57324 -0.0016652562037618409
4.57444 -0.001747154049848489
4.57565 -0.0018017526139062542
4.57686 -0.0018017526139062542
4.57806 -0.0017744533318773713
4.57927 -0.0017198547678196063
4.58048 -0.0016652562037618409
4.58168 -0.0016106576397040757
4.58289 -0.001583358357675193
4.5841 -0.001583358357675193
4.5853 -0.001583358357675193
4.58651 -0.0016106576397040757
4.58772 -0.001583358357675193
4.58892 -0.0015560590756463104
4.59013 -0.0015287597936174276
4.59134 -0.0015287597936174276
4.59254 -0.0015287597936174276
4.59375 -0.0015287597936174276
4.59496 -0.0015560590756463104
4.59617 -0.001583358357675193
4.59737 -0.001583358357675193
4.59858 -0.0016106576397040757
4.59979 -0.0016106576397040757
4.60099 -0.0016106576397040757
4.6022 -0.0015560590756463104
4.60341 -0.0015014605115885452
4.60461 -0.0014195626655018972
4.60582 -0.0014195626655018972
4.60703 -0.0014195626655018972
4.60823 -0.0014741612295596626
4.60944 -0.0015287597936174276
4.61065 -0.0015560590756463104
4.61185 -0.0015560590756463104
4.61306 -0.0015014605115885452
4.61427 -0.0014468619475307798
4.61547 -0.001364964101444132
4.61668 -0.0013376648194152493
4.61789 -0.0013103655373863667
4.61909 -0.0013103655373863667
4.6203 -0.0013376648194152493
4.62151 -0.001364964101444132
4.62272 -0.0013922633834730148
4.62392 -0.001364964101444132
4.62513 -0.0013376648194152493
4.62634 -0.0012830662553574839
4.62754 -0.0012284676912997187
4.62875 -0.001201168409270836
4.62996 -0.0011738691272419534
4.63116 -0.0011738691272419534
4.63237 -0.0011738691272419534
4.63358 -0.0011738691272419534
4.63478 -0.0011738691272419534
4.63599 -0.0011738691272419534
4.6372 -0.0011465698452130708
4.6384 -0.0011192705631841882
4.63961 -0.0010919712811553056
4.64082 -0.0010373727170975404
4.64202 -0.0010100734350686575
4.64323 -0.0009827741530397751
4.64444 -0.0009827741530397751
4.64564 -0.0010100734350686575
4.64685 -0.0010100734350686575
4.64806 -0.0010373727170975404
4.64927 -0.0010100734350686575
4.65047 -0.0009554748710108923
4.65168 -0.0008735770249242445
4.65289 -0.0007916791788375965
4.65409 -0.0007370806147798313
4.6553 -0.0007097813327509486
4.65651 -0.0007097813327509486
4.65771 -0.0007097813327509486
4.65892 -0.000682482050722066
4.66013 -0.0006551827686931834
4.66133 -0.000600584204635418
4.66254 -0.0005732849226065354
4.66375 -0.0005186863585487702
4.66495 -0.0004640877944910049
4.66616 -0.0004640877944910049
4.66737 -0.00043678851246212224
4.66857 -0.0004640877944910049
4.66978 -0.0004640877944910049
4.67099 -0.00043678851246212224
4.67219 -0.0004094892304332395
4.6734 -0.0003821899484043569
4.67461 -0.0003275913843465917
4.67582 -0.000300292102317709
4.67702 -0.000300292102317709
4.67823 -0.000300292102317709
4.67944 -0.0003548906663754743
4.68064 -0.0003821899484043569
4.68185 -0.0004094892304332395
4.68306 -0.0004094892304332395
4.68426 -0.0003821899484043569
4.68547 -0.0003275913843465917
4.68668 -0.0002456935382599438
4.68788 -0.00019109497420217845
4.68909 -0.0001364964101444132
4.6903 -0.00010919712811553056
4.6915 -0.00010919712811553056
4.69271 -0.00010919712811553056
4.69392 -0.0001364964101444132
4.69512 -0.0001364964101444132
4.69633 -0.0001364964101444132
4.69754 -0.0001364964101444132
4.69875 -0.00010919712811553056
4.69995 -8.189784608664792e-05
4.70116 -5.459856405776528e-05
4.70237 -0.0
4.70357 2.729928202888264e-05
4.70478 5.459856405776528e-05
4.70599 5.459856405776528e-05
4.70719 2.729928202888264e-05
4.7084 -2.729928202888264e-05
4.70961 -5.459856405776528e-05
4.71081 -0.00010919712811553056
4.71202 -0.0001364964101444132
4.71323 -0.0001364964101444132
4.71443 -0.00010919712811553056
4.71564 -8.189784608664792e-05
4.71685 -8.189784608664792e-05
4.71805 -8.189784608664792e-05
4.71926 -0.00010919712811553056
4.72047 -0.0001364964101444132
4.72167 -0.0001364964101444132
4.72288 -0.0001364964101444132
4.72409 -0.00010919712811553056
4.7253 -5.459856405776528e-05
4.7265 -2.729928202888264e-05
4.72771 0.0
4.72892 0.0
4.73012 0.0
4.73133 -2.729928202888264e-05
4.73254 -5.459856405776528e-05
4.73374 -5.459856405776528e-05
4.73495 -5.459856405776528e-05
4.73616 -0.0
4.73736 2.729928202888264e-05
4.73857 5.459856405776528e-05
4.73978 5.459856405776528e-05
4.74098 2.729928202888264e-05
4.74219 0.0
4.7434 -2.729928202888264e-05
4.7446 -5.459856405776528e-05
4.74581 -5.459856405776528e-05
4.74702 -5.459856405776528e-05
4.74822 -2.729928202888264e-05
4.74943 0.0
4.75064 5.459856405776528e-05
4.75185 0.00010919712811553056
4.75305 0.00010919712811553056
4.75426 0.0001364964101444132
4.75547 0.00010919712811553056
4.75667 0.00010919712811553056
4.75788 0.00010919712811553056
4.75909 0.0001364964101444132
4.76029 0.0001364964101444132
4.7615 0.00016379569217329584
4.76271 0.00019109497420217845
4.76391 0.00021839425623106112
4.76512 0.00021839425623106112
4.76633 0.00021839425623106112
4.76753 0.00019109497420217845
4.76874 0.00016379569217329584
4.76995 0.00016379569217329584
4.77115 0.00016379569217329584
4.77236 0.00019109497420217845
4.77357 0.0002456935382599438
4.77477 0.0003275913843465917
4.77598 0.0003821899484043569
4.77719 0.0004094892304332395
4.7784 0.0004094892304332395
4.7796 0.0003821899484043569
4.78081 0.0003548906663754743
4.78202 0.0003548906663754743
4.78322 0.0003548906663754743
4.78443 0.0003821899484043569
4.78564 0.0004094892304332395
4.78684 0.00043678851246212224
4.78805 0.0004640877944910049
4.78926 0.0004640877944910049
4.79046 0.0004913870765198876
4.79167 0.0004913870765198876
4.79288 0.0005186863585487702
4.79408 0.0005186863585487702
4.79529 0.0005459856405776528
4.7965 0.0005732849226065354
4.7977 0.000600584204635418
4.79891 0.0006278834866643007
4.80012 0.0006551827686931834
4.80132 0.000682482050722066
4.80253 0.000682482050722066
4.80374 0.0007097813327509486
4.80495 0.0007370806147798313
4.80615 0.0007643798968087138
4.80736 0.0007643798968087138
4.80857 0.0007916791788375965
4.80977 0.000818978460866479
4.81098 0.0008462777428953618
4.81219 0.0008462777428953618
4.81339 0.0008735770249242445
4.8146 0.0008735770249242445
4.81581 0.0009008763069531271
4.81701 0.0009281755889820098
4.81822 0.0009554748710108923
4.81943 0.0009827741530397751
4.82063 0.0009827741530397751
4.82184 0.0009827741530397751
4.82305 0.0009827741530397751
4.82425 0.0009827741530397751
4.82546 0.0009827741530397751
4.82667 0.0010373727170975404
4.82787 0.001064671999126423
4.82908 0.0011192705631841882
4.83029 0.0011738691272419534
4.8315 0.0011738691272419534
4.8327 0.0011738691272419534
4.83391 0.0011738691272419534
4.83512 0.0011465698452130708
4.83632 0.0011465698452130708
4.83753 0.0011465698452130708
4.83874 0.0011738691272419534
4.83994 0.0012284676912997187
4.84115 0.0012557669733286015
4.84236 0.0013103655373863667
4.84356 0.0013103655373863667
4.84477 0.0013103655373863667
4.84598 0.0012830662553574839
4.84718 0.0012284676912997187
4.84839 0.0012284676912997187
4.8496 0.0012284676912997187
4.8508 0.0012557669733286015
4.85201 0.0013103655373863667
4.85322 0.0013376648194152493
4.85442 0.001364964101444132
4.85563 0.0013376648194152493
4.85684 0.0013103655373863667
4.85805 0.0012557669733286015
4.85925 0.0012284676912997187
4.86046 0.001201168409270836
4.86167 0.001201168409270836
4.86287 0.001201168409270836
4.86408 0.0012284676912997187
4.86529 0.0012830662553574839
4.86649 0.0012830662553574839
4.8677 0.0012830662553574839
4.86891 0.0013103655373863667
4.87011 0.0013103655373863667
4.87132 0.0013103655373863667
4.87253 0.0013376648194152493
4.87373 0.001364964101444132
4.87494 0.0013922633834730148
4.87615 0.0014195626655018972
4.87735 0.0013922633834730148
4.87856 0.001364964101444132
4.87977 0.0013376648194152493
4.88097 0.0013376648194152493
4.88218 0.0013103655373863667
4.88339 0.0013103655373863667
4.8846 0.0013376648194152493
4.8858 0.0013376648194152493
4.88701 0.001364964101444132
4.88822 0.001364964101444132
4.88942 0.001364964101444132
4.89063 0.0013376648194152493
4.89184 0.0013376648194152493
4.89304 0.0013103655373863667
4.89425 0.0013103655373863667
4.89546 0.0013103655373863667
4.89666 0.0013376648194152493
4.89787 0.001364964101444132
4.89908 0.001364964101444132
4.90028 0.0013922633834730148
4.90149 0.001364964101444132
4.9027 0.001364964101444132
4.9039 0.0013376648194152493
4.90511 0.0013376648194152493
4.90632 0.0013103655373863667
4.90753 0.0013103655373863667
4.90873 0.0013376648194152493
4.90994 0.0013922633834730148
4.91115 0.0014195626655018972
4.91235 0.0014468619475307798
4.91356 0.0014468619475307798
4.91477 0.0014195626655018972
4.91597 0.001364964101444132
4.91718 0.0013103655373863667
4.91839 0.0012557669733286015
4.91959 0.0012557669733286015
4.9208 0.0012830662553574839
4.92201 0.0013103655373863667
4.92321 0.001364964101444132
4.92442 0.0014195626655018972
4.92563 0.0014468619475307798
4.92683 0.0014468619475307798
4.92804 0.0014195626655018972
4.92925 0.0014195626655018972
4.93045 0.0013922633834730148
4.93166 0.0013922633834730148
4.93287 0.0014195626655018972
4.93408 0.0014741612295596626
4.93528 0.0015287597936174276
4.93649 0.0015560590756463104
4.9377 0.001583358357675193
4.9389 0.0015560590756463104
4.94011 0.0015287597936174276
4.94132 0.0014741612295596626
4.94252 0.0014468619475307798
4.94373 0.0014195626655018972
4.94494 0.0014468619475307798
4.94614 0.0014741612295596626
4.94735 0.0015287597936174276
4.94856 0.0016106576397040757
4.94976 0.001637956921732958
4.95097 0.0016652562037618409
4.95218 0.001637956921732958
4.95338 0.001637956921732958
4.95459 0.0016106576397040757
4.9558 0.001583358357675193
4.957 0.001583358357675193
4.95821 0.001637956921732958
4.95942 0.0016652562037618409
4.96063 0.0016925554857907235
4.96183 0.0016925554857907235
4.96304 0.0016925554857907235
4.96425 0.0016652562037618409
4.96545 0.0016106576397040757
4.96666 0.0015287597936174276
4.96787 0.0014741612295596626
4.96907 0.0014468619475307798
4.97028 0.0014468619475307798
4.97149 0.0014741612295596626
4.97269 0.0015287597936174276
4.9739 0.001583358357675193
4.97511 0.0016106576397040757
4.97631 0.0016106576397040757
4.97752 0.0015560590756463104
4.97873 0.0014741612295596626
4.97993 0.001364964101444132
4.98114 0.0013103655373863667
4.98235 0.0012830662553574839
4.98355 0.0012830662553574839
4.98476 0.0013103655373863667
4.98597 0.0013376648194152493
4.98718 0.001364964101444132
4.98838 0.0013922633834730148
4.98959 0.0013922633834730148
4.9908 0.001364964101444132
4.992 0.0013103655373863667
4.99321 0.0012830662553574839
4.99442 0.0012284676912997187
4.99562 0.0011738691272419534
4.99683 0.0011465698452130708
4.99804 0.0011192705631841882
4.99924 0.0011192705631841882
5.00045 0.0010919712811553056
5.00166 0.0010919712811553056
5.00286 0.001064671999126423
5.00407 0.001064671999126423
5.00528 0.0010373727170975404
5.00648 0.0010373727170975404
5.00769 0.0010373727170975404
5.0089 0.0010100734350686575
5.0101 0.0009827741530397751
5.01131 0.0009554748710108923
5.01252 0.0009281755889820098
5.01373 0.0009008763069531271
5.01493 0.0009008763069531271
5.01614 0.0009281755889820098
5.01735 0.0009554748710108923
5.01855 0.0009827741530397751
5.01976 0.0010100734350686575
5.02097 0.0009827741530397751
5.02217 0.0009554748710108923
5.02338 0.0008735770249242445
5.02459 0.0007643798968087138
5.02579 0.000682482050722066
5.027 0.000600584204635418
5.02821 0.0005732849226065354
5.02941 0.0005732849226065354
5.03062 0.000600584204635418
5.03183 0.0006278834866643007
5.03303 0.000682482050722066
5.03424 0.000682482050722066
5.03545 0.0006551827686931834
5.03665 0.0006278834866643007
5.03786 0.0005459856405776528
5.03907 0.0004640877944910049
5.04028 0.0003821899484043569
5.04148 0.0003548906663754743
5.04269 0.0003548906663754743
5.0439 0.0003821899484043569
5.0451 0.00043678851246212224
5.04631 0.0004913870765198876
5.04752 0.0005186863585487702
5.04872 0.0004913870765198876
5.04993 0.00043678851246212224
5.05114 0.0003548906663754743
5.05234 0.0002729928202888264
5.05355 0.00021839425623106112
5.05476 0.00021839425623106112
5.05596 0.00021839425623106112
5.05717 0.0002729928202888264
5.05838 0.0003548906663754743
5.05958 0.0004094892304332395
5.06079 0.0004640877944910049
5.062 0.00043678851246212224
5.0632 0.0004094892304332395
5.06441 0.0003275913843465917
5.06562 0.00021839425623106112
5.06683 0.0001364964101444132
5.06803 8.189784608664792e-05
5.06924 8.189784608664792e-05
5.07045 0.00010919712811553056
5.07165 0.00016379569217329584
5.07286 0.00021839425623106112
5.07407 0.0002456935382599438
5.07527 0.0002729928202888264
5.07648 0.0002729928202888264
5.07769 0.00021839425623106112
5.07889 0.00019109497420217845
5.0801 0.0001364964101444132
5.08131 0.00010919712811553056
5.08251 0.00010919712811553056
5.08372 0.00010919712811553056
5.08493 0.0001364964101444132
5.08613 0.00016379569217329584
5.08734 0.00016379569217329584
5.08855 0.00016379569217329584
5.08975 0.0001364964101444132
5.09096 0.00010919712811553056
5.09217 5.459856405776528e-05
5.09338 0.0
5.09458 -2.729928202888264e-05
5.09579 -2.729928202888264e-05
5.097 -2.729928202888264e-05
5.0982 -2.729928202888264e-05
5.09941 -0.0
5.10062 0.0
5.10182 0.0
5.10303 -2.729928202888264e-05
5.10424 -5.459856405776528e-05
5.10544 -8.189784608664792e-05
5.10665 -0.00010919712811553056
5.10786 -0.0001364964101444132
5.10906 -0.00016379569217329584
5.11027 -0.00016379569217329584
5.11148 -0.00019109497420217845
5.11268 -0.00021839425623106112
5.11389 -0.0002729928202888264
5.1151 -0.000300292102317709
5.11631 -0.0003548906663754743
5.11751 -0.0003821899484043569
5.11872 -0.0003821899484043569
5.11993 -0.0003548906663754743
5.12113 -0.0003275913843465917
5.12234 -0.000300292102317709
5.12355 -0.000300292102317709
5.12475 -0.000300292102317709
5.12596 -0.0003275913843465917
5.12717 -0.0003821899484043569
5.12837 -0.00043678851246212224
5.12958 -0.0004913870765198876
5.13079 -0.0005186863585487702
5.13199 -0.0005186863585487702
5.1332 -0.0004913870765198876
5.13441 -0.0004640877944910049
5.13561 -0.00043678851246212224
5.13682 -0.0004094892304332395
5.13803 -0.0004094892304332395
5.13923 -0.0004640877944910049
5.14044 -0.0005459856405776528
5.14165 -0.0006278834866643007
5.14286 -0.0007097813327509486
5.14406 -0.0007643798968087138
5.14527 -0.0007643798968087138
5.14648 -0.0007097813327509486
5.14768 -0.0006278834866643007
5.14889 -0.0005732849226065354
5.1501 -0.0005459856405776528
5.1513 -0.0005459856405776528
5.15251 -0.000600584204635418
5.15372 -0.000682482050722066
5.15492 -0.0007916791788375965
5.15613 -0.0008735770249242445
5.15734 -0.0009554748710108923
5.15854 -0.0009827741530397751
5.15975 -0.0009554748710108923
5.16096 -0.0009008763069531271
5.16216 -0.0008462777428953618
5.16337 -0.0007643798968087138
5.16458 -0.0007370806147798313
5.16578 -0.0007370806147798313
5.16699 -0.0007916791788375965
5.1682 -0.0009008763069531271
5.16941 -0.0010100734350686575
5.17061 -0.0010919712811553056
5.17182 -0.0011738691272419534
5.17303 -0.001201168409270836
5.17423 -0.0011738691272419534
5.17544 -0.0011465698452130708
5.17665 -0.0010919712811553056
5.17785 -0.001064671999126423
5.17906 -0.001064671999126423
5.18027 -0.0011192705631841882
5.18147 -0.0012284676912997187
5.18268 -0.0013103655373863667
5.18389 -0.0014468619475307798
5.18509 -0.0015287597936174276
5.1863 -0.0015560590756463104
5.18751 -0.001583358357675193
5.18871 -0.0015560590756463104
5.18992 -0.0015014605115885452
5.19113 -0.0014741612295596626
5.19233 -0.0014741612295596626
5.19354 -0.0015014605115885452
5.19475 -0.001583358357675193
5.19596 -0.0016652562037618409
5.19716 -0.001747154049848489
5.19837 -0.0018017526139062542
5.19958 -0.0018563511779640196
5.20078 -0.001883650459992902
5.20199 -0.001883650459992902
5.2032 -0.001883650459992902
5.2044 -0.0018563511779640196
5.20561 -0.0018563511779640196
5.20682 -0.001883650459992902
5.20802 -0.0019109497420217846
5.20923 -0.0019655483060795503
5.21044 -0.0019928475881084325
5.21164 -0.002020146870137315
5.21285 -0.002020146870137315
5.21406 -0.002047446152166198
5.21526 -0.0020747454341950807
5.21647 -0.002102044716223963
5.21768 -0.002129343998252846
5.21888 -0.0021566432802817286
5.22009 -0.0021566432802817286
5.2213 -0.0021566432802817286
5.22251 -0.002183942562310611
5.22371 -0.0022385411263683764
5.22492 -0.0022931396904261416
5.22613 -0.002347738254483907
5.22733 -0.002402336818541672
5.22854 -0.002402336818541672
5.22975 -0.002402336818541672
5.23095 -0.0023750375365127895
5.23216 -0.002347738254483907
5.23337 -0.002347738254483907
5.23457 -0.002347738254483907
5.23578 -0.002402336818541672
5.23699 -0.0024296361005705547
5.23819 -0.00248423466462832
5.2394 -0.0025388332286860856
5.24061 -0.0025661325107149678
5.24181 -0.0025661325107149678
5.24302 -0.0025661325107149678
5.24423 -0.0025661325107149678
5.24543 -0.0025661325107149678
5.24664 -0.002593431792743851
5.24785 -0.0026207310747727334
5.24906 -0.0026753296388304986
5.25026 -0.0027026289208593813
5.25147 -0.0027572274849171465
5.25268 -0.0027845267669460295
5.25388 -0.0027845267669460295
5.25509 -0.0027845267669460295
5.2563 -0.0027572274849171465
5.2575 -0.002729928202888264
5.25871 -0.002729928202888264
5.25992 -0.0027572274849171465
5.26112 -0.0027845267669460295
5.26233 -0.0028391253310037943
5.26354 -0.002921023177090442
5.26474 -0.0030029210231770904
5.26595 -0.0030575195872348552
5.26716 -0.0030575195872348552
5.26836 -0.0030575195872348552
5.26957 -0.0030029210231770904
5.27078 -0.002948322459119325
5.27198 -0.0028937238950615595
5.27319 -0.002866424613032677
5.2744 -0.002866424613032677
5.27561 -0.002921023177090442
5.27681 -0.002975621741148208
5.27802 -0.0030575195872348552
5.27923 -0.0031394174333215035
5.28043 -0.0031940159973792687
5.28164 -0.0032213152794081513
5.28285 -0.0032213152794081513
5.28405 -0.0031940159973792687
5.28526 -0.003166716715350386
5.28647 -0.003166716715350386
5.28767 -0.0031940159973792687
5.28888 -0.0032213152794081513
5.29009 -0.003275913843465916
5.29129 -0.0033305124075236818
5.2925 -0.00341241025361033
5.29371 -0.003494308099696978
5.29491 -0.0035489066637547427
5.29612 -0.0035762059457836257
5.29733 -0.0035489066637547427
5.29853 -0.003494308099696978
5.29974 -0.0034397095356392127
5.30095 -0.003385110971581447
5.30216 -0.003385110971581447
5.30336 -0.003385110971581447
5.30457 -0.0034397095356392127
5.30578 -0.00352160738172586
5.30698 -0.0036035052278125083
5.30819 -0.0036581037918702736
5.3094 -0.0037127023559280392
5.3106 -0.0037127023559280392
5.31181 -0.0036854030738991566
5.31302 -0.0036581037918702736
5.31422 -0.0036035052278125083
5.31543 -0.0036035052278125083
5.31664 -0.003630804509841391
5.31784 -0.0036581037918702736
5.31905 -0.0037400016379569214
5.32026 -0.0038218994840435692
5.32146 -0.003876498048101335
5.32267 -0.0039037973301302175
5.32388 -0.0039037973301302175
5.32509 -0.003876498048101335
5.32629 -0.0038218994840435692
5.3275 -0.003767300919985804
5.32871 -0.0037127023559280392
5.32991 -0.0037127023559280392
5.33112 -0.0037400016379569214
5.33233 -0.003767300919985804
5.33353 -0.003849198766072452
5.33474 -0.0039037973301302175
5.33595 -0.003958395894187982
5.33715 -0.003958395894187982
5.33836 -0.0039310966121591006
5.33957 -0.0039037973301302175
5.34077 -0.0038218994840435692
5.34198 -0.003767300919985804
5.34319 -0.0037127023559280392
5.34439 -0.0037127023559280392
5.3456 -0.0037127023559280392
5.34681 -0.0037400016379569214
5.34801 -0.003767300919985804
5.34922 -0.0038218994840435692
5.35043 -0.003876498048101335
5.35164 -0.0039037973301302175
5.35284 -0.0039037973301302175
5.35405 -0.0039037973301302175
5.35526 -0.003849198766072452
5.35646 -0.0037946002020146866
5.35767 -0.0037400016379569214
5.35888 -0.0036854030738991566
5.36008 -0.0036854030738991566
5.36129 -0.0036854030738991566
5.3625 -0.0037127023559280392
5.3637 -0.003767300919985804
5.36491 -0.0037946002020146866
5.36612 -0.0037946002020146866
5.36732 -0.003767300919985804
5.36853 -0.0037127023559280392
5.36974 -0.003630804509841391
5.37094 -0.0035762059457836257
5.37215 -0.003494308099696978
5.37336 -0.0034397095356392127
5.37456 -0.00341241025361033
5.37577 -0.00341241025361033
5.37698 -0.0034397095356392127
5.37819 -0.0034397095356392127
5.37939 -0.0034670088176680953
5.3806 -0.0034670088176680953
5.38181 -0.0034397095356392127
5.38301 -0.00341241025361033
5.38422 -0.0033578116895525644
5.38543 -0.003303213125494799
5.38663 -0.0032486145614370344
5.38784 -0.0031940159973792687
5.38905 -0.0031394174333215035
5.39025 -0.003112118151292621
5.39146 -0.003112118151292621
5.39267 -0.003112118151292621
5.39387 -0.003112118151292621
5.39508 -0.003084818869263738
5.39629 -0.0030575195872348552
5.39749 -0.0030029210231770904
5.3987 -0.002948322459119325
5.39991 -0.002866424613032677
5.40111 -0.002811826048974912
5.40232 -0.002729928202888264
5.40353 -0.0026753296388304986
5.40474 -0.002648030356801616
5.40594 -0.002593431792743851
5.40715 -0.0025661325107149678
5.40836 -0.002511533946657203
5.40956 -0.00248423466462832
5.41077 -0.0024296361005705547
5.41198 -0.002402336818541672
5.41318 -0.002402336818541672
5.41439 -0.0024296361005705547
5.4156 -0.0024296361005705547
5.4168 -0.0024296361005705547
5.41801 -0.002402336818541672
5.41922 -0.0023204389724550242
5.42042 -0.002211241844339494
5.42163 -0.002129343998252846
5.42284 -0.002047446152166198
5.42404 -0.002020146870137315
5.42525 -0.0019928475881084325
5.42646 -0.0019655483060795503
5.42766 -0.0019382490240506675
5.42887 -0.0018563511779640196
5.43008 -0.0018017526139062542
5.43129 -0.001747154049848489
5.43249 -0.0016925554857907235
5.4337 -0.0016652562037618409
5.43491 -0.0016106576397040757
5.43611 -0.0015560590756463104
5.43732 -0.0014741612295596626
5.43853 -0.0013922633834730148
5.43973 -0.0012830662553574839
5.44094 -0.001201168409270836
5.44215 -0.0011192705631841882
5.44335 -0.0010919712811553056
5.44456 -0.001064671999126423
5.44577 -0.0010919712811553056
5.44697 -0.0010919712811553056
5.44818 -0.0010919712811553056
5.44939 -0.001064671999126423
5.45059 -0.0010100734350686575
5.4518 -0.0009554748710108923
5.45301 -0.0008462777428953618
5.45421 -0.0007643798968087138
5.45542 -0.0007097813327509486
5.45663 -0.0006551827686931834
5.45784 -0.0006278834866643007
5.45904 -0.000600584204635418
5.46025 -0.000600584204635418
5.46146 -0.0005459856405776528
5.46266 -0.0005186863585487702
5.46387 -0.00043678851246212224
5.46508 -0.0003821899484043569
5.46628 -0.000300292102317709
5.46749 -0.00021839425623106112
5.4687 -0.00016379569217329584
5.4699 -0.00010919712811553056
5.47111 -5.459856405776528e-05
5.47232 -2.729928202888264e-05
5.47352 0.0
5.47473 -5.459856405776528e-05
5.47594 -8.189784608664792e-05
5.47714 -0.0001364964101444132
5.47835 -0.00019109497420217845
5.47956 -0.0002456935382599438
5.48076 -0.000300292102317709
5.48197 -0.000300292102317709
5.48318 -0.000300292102317709
5.48439 -0.0002729928202888264
5.48559 -0.00021839425623106112
5.4868 -0.00019109497420217845
5.48801 -0.00019109497420217845
5.48921 -0.00021839425623106112
5.49042 -0.0002729928202888264
5.49163 -0.0003821899484043569
5.49283 -0.0004640877944910049
5.49404 -0.0005459856405776528
5.49525 -0.0005732849226065354
5.49645 -0.0005732849226065354
5.49766 -0.0005459856405776528
5.49887 -0.0004913870765198876
5.50007 -0.0004094892304332395
5.50128 -0.0003548906663754743
5.50249 -0.0003548906663754743
5.50369 -0.0003821899484043569
5.5049 -0.00043678851246212224
5.50611 -0.0005186863585487702
5.50731 -0.0006278834866643007
5.50852 -0.0007370806147798313
5.50973 -0.000818978460866479
5.51094 -0.0008735770249242445
5.51214 -0.0009008763069531271
5.51335 -0.0008735770249242445
5.51456 -0.0008462777428953618
5.51576 -0.0007916791788375965
5.51697 -0.0007370806147798313
5.51818 -0.0007097813327509486
5.51938 -0.0007370806147798313
5.52059 -0.0007643798968087138
5.5218 -0.0008462777428953618
5.523 -0.0009281755889820098
5.52421 -0.0010100734350686575
5.52542 -0.0010919712811553056
5.52662 -0.0011192705631841882
5.52783 -0.0011192705631841882
5.52904 -0.001064671999126423
5.53024 -0.0009827741530397751
5.53145 -0.0009281755889820098
5.53266 -0.0008735770249242445
5.53386 -0.0008462777428953618
5.53507 -0.0008735770249242445
5.53628 -0.0009281755889820098
5.53749 -0.0009827741530397751
5.53869 -0.001064671999126423
5.5399 -0.0011192705631841882
5.54111 -0.0011738691272419534
5.54231 -0.001201168409270836
5.54352 -0.0011738691272419534
5.54473 -0.0011192705631841882
5.54593 -0.0010373727170975404
5.54714 -0.0009281755889820098
5.54835 -0.0008735770249242445
5.54955 -0.0008462777428953618
5.55076 -0.0008462777428953618
5.55197 -0.0008735770249242445
5.55317 -0.0009281755889820098
5.55438 -0.0009554748710108923
5.55559 -0.0009827741530397751
5.55679 -0.0009827741530397751
5.558 -0.0009827741530397751
5.55921 -0.0009554748710108923
5.56042 -0.0009281755889820098
5.56162 -0.0009008763069531271
5.56283 -0.0008462777428953618
5.56404 -0.0007916791788375965
5.56524 -0.0007370806147798313
5.56645 -0.0007097813327509486
5.56766 -0.0007097813327509486
5.56886 -0.0007370806147798313
5.57007 -0.0007916791788375965
5.57128 -0.0008462777428953618
5.57248 -0.0008735770249242445
5.57369 -0.0008735770249242445
5.5749 -0.0008462777428953618
5.5761 -0.0007916791788375965
5.57731 -0.0007097813327509486
5.57852 -0.0006278834866643007
5.57972 -0.000600584204635418
5.58093 -0.0005732849226065354
5.58214 -0.0005459856405776528
5.58334 -0.0005459856405776528
5.58455 -0.0005186863585487702
5.58576 -0.0005186863585487702
5.58697 -0.0004913870765198876
5.58817 -0.00043678851246212224
5.58938 -0.0003821899484043569
5.59059 -0.000300292102317709
5.59179 -0.00021839425623106112
5.593 -0.0001364964101444132
5.59421 -8.189784608664792e-05
5.59541 -2.729928202888264e-05
5.59662 2.729928202888264e-05
5.59783 5.459856405776528e-05
5.59903 0.00010919712811553056
5.60024 0.0001364964101444132
5.60145 0.00019109497420217845
5.60265 0.0002456935382599438
5.60386 0.000300292102317709
5.60507 0.0003275913843465917
5.60627 0.0003821899484043569
5.60748 0.00043678851246212224
5.60869 0.0004913870765198876
5.60989 0.0005459856405776528
5.6111 0.000600584204635418
5.61231 0.0006278834866643007
5.61352 0.0006551827686931834
5.61472 0.000682482050722066
5.61593 0.0007097813327509486
5.61714 0.0007370806147798313
5.61834 0.0007643798968087138
5.61955 0.000818978460866479
5.62076 0.0009008763069531271
5.62196 0.0009827741530397751
5.62317 0.001064671999126423
5.62438 0.0011465698452130708
5.62558 0.001201168409270836
5.62679 0.0012284676912997187
5.628 0.0012284676912997187
5.6292 0.0012284676912997187
5.63041 0.001201168409270836
5.63162 0.0011465698452130708
5.63282 0.0011192705631841882
5.63403 0.0010919712811553056
5.63524 0.0010919712811553056
5.63644 0.0011738691272419534
5.63765 0.0012830662553574839
5.63886 0.0013922633834730148
5.64007 0.0015287597936174276
5.64127 0.0016106576397040757
5.64248 0.0016652562037618409
5.64369 0.001637956921732958
5.64489 0.001583358357675193
5.6461 0.0015287597936174276
5.64731 0.0014468619475307798
5.64851 0.0014468619475307798
5.64972 0.0014741612295596626
5.65093 0.0015287597936174276
5.65213 0.0016652562037618409
5.65334 0.0018290518959351368
5.65455 0.0019382490240506675
5.65575 0.002020146870137315
5.65696 0.002047446152166198
5.65817 0.002020146870137315
5.65937 0.0019109497420217846
5.66058 0.0018017526139062542
5.66179 0.0016925554857907235
5.66299 0.001583358357675193
5.6642 0.0015287597936174276
5.66541 0.0014741612295596626
5.66662 0.0014741612295596626
5.66782 0.0014741612295596626
5.66903 0.0015014605115885452
5.67024 0.0015287597936174276
5.67144 0.001583358357675193
5.67265 0.0016106576397040757
5.67386 0.0016106576397040757
5.67506 0.001583358357675193
5.67627 0.0015287597936174276
5.67748 0.0013922633834730148
5.67868 0.0012557669733286015
5.67989 0.0011465698452130708
5.6811 0.0010373727170975404
5.6823 0.0010100734350686575
5.68351 0.0010100734350686575
5.68472 0.001064671999126423
5.68592 0.0011192705631841882
5.68713 0.001201168409270836
5.68834 0.0012557669733286015
5.68954 0.0013103655373863667
5.69075 0.0013103655373863667
5.69196 0.0012557669733286015
5.69317 0.0011465698452130708
5.69437 0.0010373727170975404
5.69558 0.0009281755889820098
5.69679 0.000818978460866479
5.69799 0.0007097813327509486
5.6992 0.0006551827686931834
5.70041 0.0006278834866643007
5.70161 0.0006278834866643007
5.70282 0.000600584204635418
5.70403 0.0006278834866643007
5.70523 0.0006551827686931834
5.70644 0.0007097813327509486
5.70765 0.0007097813327509486
5.70885 0.0007370806147798313
5.71006 0.0007097813327509486
5.71127 0.0006551827686931834
5.71247 0.0005459856405776528
5.71368 0.0004913870765198876
5.71489 0.00043678851246212224
5.71609 0.00043678851246212224
5.7173 0.0004640877944910049
5.71851 0.0005459856405776528
5.71972 0.000600584204635418
5.72092 0.0006551827686931834
5.72213 0.000682482050722066
5.72334 0.000682482050722066
5.72454 0.0006278834866643007
5.72575 0.000600584204635418
5.72696 0.0005732849226065354
5.72816 0.0005186863585487702
5.72937 0.0004913870765198876
5.73058 0.0005186863585487702
5.73178 0.0005459856405776528
5.73299 0.0005732849226065354
5.7342 0.0006278834866643007
5.7354 0.000682482050722066
5.73661 0.000682482050722066
5.73782 0.000682482050722066
5.73902 0.0006278834866643007
5.74023 0.0005459856405776528
5.74144 0.0004640877944910049
5.74264 0.00043678851246212224
5.74385 0.0004094892304332395
5.74506 0.0004094892304332395
5.74627 0.00043678851246212224
5.74747 0.0004913870765198876
5.74868 0.0004913870765198876
5.74989 0.0005186863585487702
5.75109 0.0004913870765198876
5.7523 0.0004913870765198876
5.75351 0.0004640877944910049
5.75471 0.0004094892304332395
5.75592 0.0003275913843465917
5.75713 0.0002456935382599438
5.75833 0.00016379569217329584
5.75954 5.459856405776528e-05
5.76075 0.0
5.76195 -2.729928202888264e-05
5.76316 0.0
5.76437 5.459856405776528e-05
5.76557 0.0001364964101444132
5.76678 0.00021839425623106112
5.76799 0.0002456935382599438
5.7692 0.0002456935382599438
5.7704 0.00021839425623106112
5.77161 0.00016379569217329584
5.77282 8.189784608664792e-05
5.77402 8.189784608664792e-05
5.77523 8.189784608664792e-05
5.77644 0.0001364964101444132
5.77764 0.00021839425623106112
5.77885 0.0003275913843465917
5.78006 0.00043678851246212224
5.78126 0.0005186863585487702
5.78247 0.000600584204635418
5.78368 0.0006551827686931834
5.78488 0.000682482050722066
5.78609 0.000682482050722066
5.7873 0.000682482050722066
5.7885 0.0006278834866643007
5.78971 0.0005732849226065354
5.79092 0.0005186863585487702
5.79212 0.0004640877944910049
5.79333 0.00043678851246212224
5.79454 0.0004640877944910049
5.79575 0.0005186863585487702
5.79695 0.0006278834866643007
5.79816 0.0007643798968087138
5.79937 0.0009281755889820098
5.80057 0.001064671999126423
5.80178 0.001201168409270836
5.80299 0.0013103655373863667
5.80419 0.0013376648194152493
5.8054 0.001364964101444132
5.80661 0.0013376648194152493
5.80781 0.0013103655373863667
5.80902 0.0012830662553574839
5.81023 0.0012830662553574839
5.81143 0.0013103655373863667
5.81264 0.001364964101444132
5.81385 0.0015014605115885452
5.81505 0.0016652562037618409
5.81626 0.0018563511779640196
5.81747 0.002129343998252846
5.81867 0.002402336818541672
5.81988 0.002593431792743851
5.82109 0.0027572274849171465
5.8223 0.002866424613032677
5.8235 0.002866424613032677
5.82471 0.002811826048974912
5.82592 0.0027845267669460295
5.82712 0.002811826048974912
5.82833 0.002866424613032677
5.82954 0.0030029210231770904
5.83074 0.0032213152794081513
5.83195 0.0034670088176680953
5.83316 0.0036854030738991566
5.83436 0.0039310966121591006
5.83557 0.004122191586361279
5.83678 0.004313286560563457
5.83798 0.00444978297070787
5.83919 0.004586279380852283
5.8404 0.004668177226938931
5.8416 0.004750075073025579
5.84281 0.004804673637083344
5.84402 0.004859272201141109
5.84522 0.004913870765198875
5.84643 0.004995768611285523
5.84764 0.005077666457372171
5.84885 0.005159564303458819
5.85005 0.005241462149545467
5.85126 0.005350659277660997
5.85247 0.005459856405776528
5.85367 0.005596352815920942
5.85488 0.005705549944036471
5.85609 0.005814747072152002
5.85729 0.00589664491823865
5.8585 0.005951243482296416
5.85971 0.005978542764325298
5.86091 0.005978542764325298
5.86212 0.005978542764325298
5.86333 0.005978542764325298
5.86453 0.005978542764325298
5.86574 0.0060331413283830635
5.86695 0.006142338456498593
5.86815 0.006251535584614124
5.86936 0.00630613414867189
5.87057 0.0063880319947585374
5.87177 0.006442630558816303
5.87298 0.006469929840845186
5.87419 0.006469929840845186
5.8754 0.006524528404902951
5.8766 0.006633725533018481
5.87781 0.006770221943162894
5.87902 0.006906718353307308
5.88022 0.007097813327509485
5.88143 0.007261609019682782
5.88264 0.00734350686576943
5.88384 0.0074254047118560785
5.88505 0.007480003275913843
5.88626 0.007534601839971608
5.88746 0.007616499686058256
5.88867 0.007725696814173787
5.88988 0.007889492506347084
5.89108 0.00808058748054926
5.89229 0.008298981736780323
5.8935 0.008571974557069149
5.8947 0.008872266659386858
5.89591 0.009090660915617919
5.89712 0.00930905517184898
5.89832 0.009472850864022275
5.89953 0.009636646556195573
5.90074 0.009773142966339984
5.90195 0.00993693865851328
5.90315 0.010182632196773223
5.90436 0.010482924299090934
5.90557 0.01075591711937976
5.90677 0.011028909939668586
5.90798 0.011329202041986295
5.90919 0.011574895580246238
5.91039 0.011765990554448416
5.9116 0.011957085528650596
5.91281 0.012120881220823892
5.91401 0.012284676912997186
5.91522 0.012448472605170484
5.91643 0.01261226829734378
5.91763 0.012803363271545957
5.91884 0.012967158963719253
5.92005 0.013130954655892549
5.92125 0.013267451066036962
5.92246 0.013403947476181377
5.92367 0.013458546040239142
5.92487 0.013513144604296907
5.92608 0.013513144604296907
5.92729 0.013485845322268023
5.9285 0.013458546040239142
5.9297 0.013540443886325788
5.93091 0.013676940296470201
5.93212 0.013840735988643497
5.93332 0.01408642952690344
5.93453 0.014359422347192268
5.93574 0.014605115885452212
5.93694 0.014823510141683273
5.93815 0.01501460511588545
5.93936 0.015205700090087631
5.94056 0.015396795064289807
5.94177 0.015587890038491986
5.94298 0.01580628429472305
5.94418 0.016079277115011874
5.94539 0.0163522699353007
5.9466 0.01665256203761841
5.9478 0.016980153421965002
5.94901 0.017307744806311594
5.95022 0.017635336190658185
5.95142 0.017962927575004776
5.95263 0.01831781824138025
5.95384 0.01861811034369796
5.95505 0.01891840244601567
5.95625 0.019218694548333377
5.95746 0.019491687368622203
5.95867 0.019737380906882148
5.95987 0.020010373727170974
5.96108 0.02025606726543092
5.96229 0.02050176080369086
5.96349 0.020829352188037453
5.9647 0.021184242854412928
5.96591 0.02159373208484617
5.96711 0.02203052059730829
5.96832 0.022494608391799297
5.96953 0.0229586961862903
5.97073 0.023422783980781306
5.97194 0.023859572493243424
5.97315 0.02429636100570555
5.97435 0.024760448800196552
5.97556 0.02525183587671644
5.97677 0.025743222953236326
5.97798 0.026234610029756217
5.97918 0.026753296388304985
5.98039 0.027271982746853756
5.9816 0.027736070541344762
5.9828 0.02822745761786465
5.98401 0.028718844694384536
5.98522 0.029237531052933308
5.98642 0.029810815975539837
5.98763 0.030411400180175262
5.98884 0.03109388223089733
5.99004 0.03180366356364828
5.99125 0.03248614561437034
5.99246 0.033168627665092404
5.99366 0.03385110971581447
5.99487 0.03450629248450766
5.99608 0.03513417597117195
5.99728 0.03576205945783626
5.99849 0.03641724222652944
5.9997 0.03709972427725151
6.0009 0.03780950561000245
6.00211 0.03857388550681117
6.00332 0.03933826540361988
6.00453 0.04012994458245748
6.00573 0.04097622232535284
6.00694 0.041849799350277085
6.00815 0.04272337637520133
6.00935 0.04367885124621222
6.01056 0.044634326117223115
6.01177 0.04558980098823401
6.01297 0.046545275859244895
6.01418 0.04750075073025579
6.01539 0.0484289263192378
6.01659 0.049357101908219805
6.0178 0.05028527749720182
6.01901 0.0512680516502416
6.02021 0.052278125085310254
6.02142 0.05331549780240779
6.02263 0.0544074690835631
6.02383 0.055526739646747286
6.02504 0.05664601020993148
6.02625 0.05776528077311567
6.02745 0.05888455133629985
6.02866 0.05994922333542627
6.02987 0.06098659605252381
6.03108 0.06199666948759248
6.03228 0.06295214435860337
6.03349 0.06388031994758538
6.0347 0.06475389697250962
6.0359 0.06560017471540498
6.03711 0.06641915317627146
6.03832 0.06723813163713793
6.03952 0.06805711009800441
6.04073 0.06890338784089978
6.04194 0.06974966558379514
6.04314 0.07067784117277714
6.04435 0.0716879146078458
6.04556 0.07275258660697223
6.04676 0.07384455788812753
6.04797 0.07499112773334062
6.04918 0.07613769757855368
6.05038 0.0772023695776801
6.05159 0.07818514373071987
6.0528 0.07911331931970188
6.054 0.0800414949086839
6.05521 0.08091507193360814
6.05642 0.08178864895853238
6.05763 0.0827168245475144
6.05883 0.08369959870055417
6.06004 0.08468237285359394
6.06125 0.08566514700663372
6.06245 0.08664792115967349
6.06366 0.08763069531271327
6.06487 0.08858617018372417
6.06607 0.08948704649067728
6.06728 0.09038792279763042
6.06849 0.09128879910458354
6.06969 0.09213507684747892
6.0709 0.09300865387240316
6.07211 0.09385493161529851
6.07331 0.09470120935819387
6.07452 0.09554748710108925
6.07573 0.09633916627992684
6.07693 0.09713084545876442
6.07814 0.09792252463760202
6.07935 0.09868690453441074
6.08055 0.09947858371324833
6.08176 0.10029756217411481
6.08297 0.10111654063498128
6.08418 0.10199011765990552
6.08538 0.1028363954028009
6.08659 0.10368267314569626
6.0878 0.10450165160656275
6.089 0.10532063006742923
6.09021 0.10608500996423793
6.09142 0.10682209057901776
6.09262 0.10753187191176872
6.09383 0.10821435396249078
6.09504 0.10886953673118396
6.09624 0.10949742021784827
6.09745 0.11009800442248367
6.09866 0.11069858862711911
6.09986 0.11124457426769675
6.10107 0.11179055990827441
6.10228 0.11233654554885206
6.10348 0.11282793262537194
6.10469 0.11329202041986296
6.1059 0.11375610821435395
6.1071 0.1141655974447872
6.10831 0.11460238595724932
6.10952 0.11501187518768256
6.11073 0.11542136441811579
6.11193 0.11585815293057791
6.11314 0.11624034287898227
6.11435 0.11659523354535774
6.11555 0.11689552564767546
6.11676 0.11716851846796428
6.11797 0.11741421200622423
6.11917 0.1176326062624553
6.12038 0.11782370123665746
6.12159 0.11801479621085964
6.12279 0.11823319046709072
6.124 0.1184242854412929
6.12521 0.11856078185143731
6.12641 0.11864267969752394
6.12762 0.1186972782615817
6.12883 0.1186972782615817
6.13003 0.11861538041549508
6.13124 0.11847888400535066
6.13245 0.11828778903114848
6.13365 0.1180693947749174
6.13486 0.1177691026725997
6.13607 0.117468810570282
6.13728 0.11711391990390652
6.13848 0.11675902923753105
6.13969 0.11637683928912669
6.1409 0.11599464934072233
6.1421 0.11561245939231797
6.14331 0.11520297016188474
6.14452 0.11479348093145149
6.14572 0.11438399170101826
6.14693 0.11397450247058502
6.14814 0.1135377139581229
6.14934 0.11310092544566078
6.15055 0.11263683765116976
6.15176 0.11214545057464988
6.15296 0.11162676421610111
6.15417 0.11108077857552345
6.15538 0.11050749365291693
6.15658 0.10990690944828149
6.15779 0.10925172667958832
6.159 0.10856924462886626
6.1602 0.10785946329611532
6.16141 0.10714968196336436
6.16262 0.1064399006306134
6.16383 0.10570282001583357
6.16503 0.10499303868308263
6.16624 0.10431055663236057
6.16745 0.10365537386366737
6.16865 0.1030001910949742
6.16986 0.10237230760830988
6.17107 0.10174442412164558
6.17227 0.10108924135295241
6.17348 0.10037946002020146
6.17469 0.09964237940542163
6.17589 0.09887799950861292
6.1771 0.0981136196118042
6.17831 0.09734923971499548
6.17951 0.09655756053615788
6.18072 0.09584777920340695
6.18193 0.095137997870656
6.18313 0.09445551581993393
6.18434 0.09374573448718299
6.18555 0.09303595315443203
6.18676 0.0923261718216811
6.18796 0.09158909120690126
6.18917 0.09085201059212142
6.19038 0.09011492997734158
6.19158 0.08937784936256175
6.19279 0.08866806802981081
6.194 0.08795828669705985
6.1952 0.08719390680025116
6.19641 0.08642952690344244
6.19762 0.08561054844257596
6.19882 0.0847642706996806
6.20003 0.08386339439272747
6.20124 0.08296251808577434
6.20244 0.0820616417788212
6.20365 0.08116076547186808
6.20486 0.08028718844694384
6.20606 0.07944091070404848
6.20727 0.07859463296115311
6.20848 0.07780295378231553
6.20968 0.07701127460347792
6.21089 0.0762468947066692
6.2121 0.0754825148098605
6.21331 0.07471813491305178
6.21451 0.0738991564521853
6.21572 0.07308017799131881
6.21693 0.07223390024842347
6.21813 0.07136032322349922
6.21934 0.07045944691654608
6.22055 0.06955857060959296
6.22175 0.06863039502061095
6.22296 0.06772951871365783
6.22417 0.06685594168873359
6.22537 0.06598236466380934
6.22658 0.06516338620294286
6.22779 0.06434440774207638
6.22899 0.06355272856323878
6.2302 0.06281564794845895
6.23141 0.06205126805165024
6.23261 0.06134148671889929
6.23382 0.060631705386148343
6.23503 0.05992192405339739
6.23623 0.05918484343861757
6.23744 0.05844776282383773
6.23865 0.057710682209057895
6.23986 0.05694630231224918
6.24106 0.056181922415440476
6.24227 0.055417542518631756
6.24348 0.05465316262182304
6.24468 0.05391608200704321
6.24589 0.053179001392263385
6.2471 0.052469220059512434
6.2483 0.05178673800879037
6.24951 0.05113155524009718
6.25072 0.05050367175343288
6.25192 0.049875788266768584
6.25313 0.049302503344162044
6.25434 0.04870191913952663
6.25554 0.04812863421692009
6.25675 0.047582648576342444
6.25796 0.047009363653735904
6.25916 0.04640877944910049
6.26037 0.04583549452649395
6.26158 0.04526220960388742
6.26278 0.044661625399251996
6.26399 0.04406104119461658
6.2652 0.04348775627201004
6.26641 0.04291447134940351
6.26761 0.04234118642679697
6.26882 0.04179520078621932
6.27003 0.04127651442767055
6.27123 0.04075782806912178
6.27244 0.04026644099260189
6.27365 0.03977505391608201
6.27485 0.039310966121591
6.27606 0.038874177609128875
6.27727 0.03846468837869564
6.27847 0.03802789986623351
6.27968 0.03761841063580028
6.28089 0.03720892140536704
6.28209 0.0367994321749338
6.2833 0.036389942944500556
6.28451 0.03598045371406732
6.28571 0.03557096448363408
6.28692 0.03516147525320084
6.28813 0.0347519860227676
6.28933 0.03434249679233436
6.29054 0.03393300756190112
6.29175 0.033550817613496764
6.29296 0.03322322622915017
6.29416 0.03289563484480358
6.29537 0.03259534274248587
6.29658 0.03229505064016816
6.29778 0.03204935710190822
6.29899 0.03183096284567716
6.3002 0.031585269307417216
6.3014 0.031339575769157274
6.30261 0.03109388223089733
6.30382 0.0308208894106085
6.30502 0.030547896590319673
6.30623 0.03022030520597308
6.30744 0.029892713821626487
6.30864 0.029565122437279896
6.30985 0.02918293248887554
6.31106 0.028855341104528948
6.31226 0.028500450438153472
6.31347 0.02817285905380688
6.31468 0.027872566951489174
6.31588 0.027599574131200344
6.31709 0.027353880592940402
6.3183 0.02713548633670934
6.31951 0.026944391362507165
6.32071 0.026780595670333866
6.32192 0.026644099260189454
6.32313 0.026507602850045043
6.32433 0.026343807157871747
6.32554 0.026180011465698448
6.32675 0.025988916491496275
6.32795 0.02577052223526521
6.32916 0.02549752941497638
6.33037 0.02522453659468756
6.33157 0.024924244492369848
6.33278 0.024569353825994372
6.33399 0.024241762441647784
6.33519 0.023914171057301193
6.3364 0.023641178237012363
6.33761 0.023368185416723537
6.33881 0.023204389724550245
6.34002 0.023122491878463595
6.34123 0.023067893314405827
6.34243 0.023040594032376946
6.34364 0.022985995468319184
6.34485 0.022985995468319184
6.34606 0.022931396904261415
6.34726 0.022794900494117004
6.34847 0.02265840408397259
6.34968 0.022494608391799297
6.35088 0.02235811198165488
6.35209 0.022221615571510468
6.3533 0.022112418443394937
6.3545 0.021975922033250522
6.35571 0.021866724905134992
6.35692 0.02175752777701946
6.35812 0.02164833064890393
6.35933 0.0215391335207884
6.36054 0.02142993639267287
6.36174 0.02132073926455734
6.36295 0.021266140700499574
6.36416 0.02121154213644181
6.36536 0.021184242854412928
6.36657 0.021184242854412928
6.36778 0.021184242854412928
6.36898 0.021184242854412928
6.37019 0.021129644290355163
6.3714 0.021047746444268513
6.37261 0.020938549316152983
6.37381 0.02080205290600857
6.37502 0.020638257213835276
6.37623 0.020447162239633096
6.37743 0.0202833665474598
6.37864 0.02014687013731539
6.37985 0.02003767300919986
6.38105 0.01995577516311321
6.38226 0.019901176599055444
6.38347 0.01987387731702656
6.38467 0.01984657803499768
6.38588 0.01984657803499768
6.38709 0.01987387731702656
6.38829 0.01987387731702656
6.3895 0.01984657803499768
6.39071 0.019791979470939913
6.39191 0.019710081624853264
6.39312 0.019600884496737733
6.39433 0.019437088804564438
6.39554 0.01924599383036226
6.39674 0.01905489885616008
6.39795 0.01883650459992902
6.39916 0.01859081106166908
6.40036 0.018345117523409133
6.40157 0.018154022549206953
6.40278 0.01799022685703366
6.40398 0.017853730446889246
6.40519 0.01771723403674483
6.4064 0.017635336190658185
6.4076 0.017553438344571536
6.40881 0.01749883978051377
6.41002 0.017416941934427124
6.41122 0.01736234337036936
6.41243 0.017307744806311594
6.41364 0.01725314624225383
6.41484 0.017225846960224944
6.41605 0.01717124839616718
6.41726 0.017143949114138298
6.41846 0.01706205126805165
6.41967 0.017007452703993883
6.42088 0.016925554857907234
6.42209 0.016843657011820588
6.42329 0.016707160601676173
6.4245 0.016625262755589527
6.42571 0.01657066419153176
6.42691 0.01654336490950288
6.42812 0.01654336490950288
6.42933 0.01654336490950288
6.43053 0.01654336490950288
6.43174 0.01657066419153176
6.43295 0.01657066419153176
6.43415 0.01654336490950288
6.43536 0.01646146706341623
6.43657 0.016406868499358466
6.43777 0.01632497065327182
6.43898 0.016215773525156286
6.44019 0.016106576397040755
6.44139 0.01602467855095411
6.4426 0.015970079986896344
6.44381 0.01591548142283858
6.44501 0.015860882858780814
6.44622 0.01580628429472305
6.44743 0.015778985012694167
6.44864 0.015724386448636402
6.44984 0.015669787884578637
6.45105 0.01561518932052087
6.45226 0.015560590756463105
6.45346 0.015478692910376455
6.45467 0.015396795064289807
6.45588 0.015314897218203161
6.45708 0.015232999372116512
6.45829 0.015151101526029866
6.4595 0.015069203679943216
6.4607 0.01501460511588545
6.46191 0.014932707269798803
6.46312 0.014850809423712157
6.46432 0.014796210859654392
6.46553 0.014714313013567742
6.46674 0.014659714449509977
6.46794 0.014577816603423329
6.46915 0.014523218039365564
6.47036 0.014441320193278918
6.47156 0.014332123065163386
6.47277 0.014250225219076736
6.47398 0.014141028090961206
6.47519 0.014004531680816794
6.47639 0.013922633834730146
6.4776 0.013840735988643497
6.47881 0.013786137424585732
6.48001 0.01375883814255685
6.48122 0.013704239578499085
6.48243 0.01364964101444132
6.48363 0.013595042450383555
6.48484 0.013513144604296907
6.48605 0.013376648194152492
6.48725 0.01324015178400808
6.48846 0.013076356091834784
6.48967 0.012967158963719253
6.49087 0.012885261117632605
6.49208 0.012803363271545957
6.49329 0.012776063989517075
6.49449 0.012776063989517075
6.4957 0.012776063989517075
6.49691 0.012803363271545957
6.49811 0.012803363271545957
6.49932 0.012776063989517075
6.50053 0.012776063989517075
6.50174 0.012776063989517075
6.50294 0.012803363271545957
6.50415 0.01283066255357484
6.50536 0.012857961835603723
6.50656 0.012912560399661488
6.50777 0.012967158963719253
6.50898 0.013021757527777018
6.51018 0.013021757527777018
6.51139 0.013021757527777018
6.5126 0.012994458245748138
6.5138 0.012967158963719253
6.51501 0.012939859681690372
6.51622 0.012912560399661488
6.51742 0.012885261117632605
6.51863 0.012857961835603723
6.51984 0.012857961835603723
6.52104 0.012885261117632605
6.52225 0.012885261117632605
6.52346 0.012939859681690372
6.52466 0.012967158963719253
6.52587 0.013021757527777018
6.52708 0.013076356091834784
6.52829 0.013158253937921431
6.52949 0.013212852501979197
6.5307 0.01324015178400808
6.53191 0.013267451066036962
6.53311 0.013267451066036962
6.53432 0.01324015178400808
6.53553 0.013212852501979197
6.53673 0.013158253937921431
6.53794 0.013103655373863664
6.53915 0.013076356091834784
6.54035 0.013021757527777018
6.54156 0.012994458245748138
6.54277 0.012967158963719253
6.54397 0.012967158963719253
6.54518 0.012994458245748138
6.54639 0.013049056809805903
6.54759 0.013103655373863664
6.5488 0.013212852501979197
6.55001 0.013294750348065846
6.55121 0.013403947476181377
6.55242 0.013540443886325788
6.55363 0.01364964101444132
6.55484 0.013731538860527966
6.55604 0.01375883814255685
6.55725 0.01375883814255685
6.55846 0.013731538860527966
6.55966 0.013704239578499085
6.56087 0.013595042450383555
6.56208 0.013513144604296907
6.56328 0.013485845322268023
6.56449 0.013458546040239142
6.5657 0.013485845322268023
6.5669 0.013540443886325788
6.56811 0.01364964101444132
6.56932 0.013840735988643497
6.57052 0.014004531680816794
6.57173 0.01419562665501897
6.57294 0.01438672162922115
6.57414 0.014577816603423329
6.57535 0.014714313013567742
6.57656 0.014823510141683273
6.57776 0.014905407987769919
6.57897 0.014960006551827686
6.58018 0.01501460511588545
6.58139 0.015041904397914333
6.58259 0.015041904397914333
6.5838 0.0150965029619721
6.58501 0.015178400808058747
6.58621 0.015260298654145396
6.58742 0.015369495782260925
6.58863 0.01550599219240534
6.58983 0.015642488602549753
6.59104 0.01580628429472305
6.59225 0.01594278070486746
6.59345 0.016106576397040755
6.59466 0.01624307280718517
6.59587 0.016379569217329585
6.59707 0.016488766345445115
6.59828 0.016597963473560646
6.59949 0.016679861319647292
6.60069 0.016761759165733938
6.6019 0.016789058447762822
6.60311 0.016789058447762822
6.60432 0.016816357729791703
6.60552 0.016816357729791703
6.60673 0.016843657011820588
6.60794 0.01687095629384947
6.60914 0.016925554857907234
6.61035 0.017007452703993883
6.61156 0.017089350550080533
6.61276 0.017198547678196063
6.61397 0.017335044088340475
6.61518 0.017444241216456005
6.61638 0.01758073762660042
6.61759 0.01771723403674483
6.6188 0.017826431164860365
6.62 0.017935628292975896
6.62121 0.018044825421091426
6.62242 0.018072124703120307
6.62362 0.018099423985149188
6.62483 0.018072124703120307
6.62604 0.018044825421091426
6.62724 0.017962927575004776
6.62845 0.01788102972891813
6.62966 0.01779913188283148
6.63087 0.017744533318773716
6.63207 0.017744533318773716
6.63328 0.017744533318773716
6.63449 0.017771832600802596
6.63569 0.017853730446889246
6.6369 0.017962927575004776
6.63811 0.018072124703120307
6.63931 0.018181321831235837
6.64052 0.018345117523409133
6.64173 0.018481613933553548
6.64293 0.01861811034369796
6.64414 0.018781906035871255
6.64535 0.01891840244601567
6.64655 0.01905489885616008
6.64776 0.019218694548333377
6.64897 0.019382490240506676
6.65017 0.019518986650651087
6.65138 0.019682782342824383
6.65259 0.01984657803499768
6.65379 0.020010373727170974
6.655 0.02017416941934427
6.65621 0.020337965111517566
6.65742 0.020474461521661977
6.65862 0.02061095793180639
6.65983 0.020774753623979687
6.66104 0.020938549316152983
6.66224 0.02110234500832628
6.66345 0.02129343998252846
6.66466 0.02148453495673064
6.66586 0.021675629930932812
6.66707 0.021894024187163873
6.66828 0.022085119161366056
6.66948 0.02224891485353935
6.67069 0.02235811198165488
6.6719 0.02246730910977041
6.6731 0.02254920695585706
6.67431 0.02257650623788594
6.67552 0.022603805519914824
6.67672 0.02263110480194371
6.67793 0.022713002648030355
6.67914 0.022822199776145885
6.68034 0.022931396904261415
6.68155 0.023095192596434715
6.68276 0.023258988288608007
6.68397 0.023450083262810187
6.68517 0.023641178237012363
6.68638 0.023832273211214543
6.68759 0.024023368185416723
6.68879 0.0242144631596189
6.69 0.02440555813382108
6.69121 0.024569353825994372
6.69241 0.024760448800196552
6.69362 0.024924244492369848
6.69483 0.025088040184543147
6.69603 0.025197237312658678
6.69724 0.025306434440774208
6.69845 0.02541563156888974
6.69965 0.02549752941497638
6.70086 0.02557942726106303
6.70207 0.02568862438917856
6.70327 0.025797821517294095
6.70448 0.025934317927438506
6.70569 0.026098113619611805
6.70689 0.026261909311785098
6.7081 0.026453004285987278
6.70931 0.026671398542218335
6.71052 0.026889792798449396
6.71172 0.027080887772651576
6.71293 0.027271982746853756
6.71414 0.027463077721055933
6.71534 0.027654172695258113
6.71655 0.027845267669460293
6.71776 0.02800906336163359
6.71896 0.02817285905380688
6.72017 0.02833665474598018
6.72138 0.028500450438153472
6.72258 0.028636946848297887
6.72379 0.0287734432584423
6.725 0.028909939668586716
6.7262 0.029019136796702247
6.72741 0.029155633206846658
6.72862 0.02929212961699107
6.72982 0.029455925309164365
6.73103 0.029619721001337664
6.73224 0.029810815975539837
6.73344 0.0300292102317709
6.73465 0.030247604488001963
6.73586 0.030520597308290792
6.73707 0.030766290846550734
6.73827 0.03101198438481068
6.73948 0.031257677923070624
6.74069 0.031503371461330566
6.74189 0.03174906499959051
6.7431 0.03196745925582157
6.74431 0.03218585351205263
6.74551 0.03237694848625481
6.74672 0.03259534274248587
6.74793 0.03278643771668805
6.74913 0.03297753269089023
6.75034 0.033168627665092404
6.75155 0.033387021921323465
6.75275 0.033578116895525645
6.75396 0.033796511151756706
6.75517 0.03401490540798777
6.75637 0.034260598946247715
6.75758 0.03450629248450766
6.75879 0.03477928530479648
6.75999 0.03502497884305642
6.7612 0.03532527094537413
6.76241 0.03559826376566296
6.76362 0.03589855586798067
6.76482 0.036198847970298376
6.76603 0.036499140072616086
6.76724 0.0367994321749338
6.76844 0.037072424995222626
6.76965 0.03737271709754034
6.77086 0.03764570991782916
6.77206 0.0378914034560891
6.77327 0.03813709699434904
6.77448 0.038355491250580104
6.77568 0.03857388550681117
6.77689 0.03876498048101335
6.7781 0.03901067401927329
6.7793 0.039229068275504354
6.78051 0.039474761813764296
6.78172 0.03974775463405312
6.78292 0.040048046736370836
6.78413 0.04037563812071742
6.78534 0.04073052878709289
6.78654 0.04111271873549725
6.78775 0.04149490868390161
6.78896 0.041931697196363735
6.79017 0.04234118642679697
6.79137 0.0427779749392591
6.79258 0.04321476345172122
6.79379 0.04365155196418334
6.79499 0.04406104119461658
6.7962 0.044470530425049816
6.79741 0.04488001965548306
6.79861 0.04526220960388742
6.79982 0.04561710027026289
6.80103 0.04597199093663837
6.80223 0.046326881603013834
6.80344 0.04665447298736043
6.80465 0.04698206437170702
6.80585 0.04728235647402473
6.80706 0.047582648576342444
6.80827 0.04788294067866015
6.80947 0.04815593349894897
6.81068 0.0484289263192378
6.81189 0.04867461985749774
6.81309 0.048920313395757684
6.8143 0.049138707651988744
6.81551 0.049357101908219805
6.81672 0.049548196882421985
6.81792 0.049739291856624165
6.81913 0.049957686112855226
6.82034 0.050121481805028525
6.82154 0.0503125767792307
6.82275 0.050476372471404
6.82396 0.050612868881548416
6.82516 0.05072206600966394
6.82637 0.05083126313777948
6.82758 0.050940460265895
6.82878 0.05099505882995276
6.82999 0.05107695667603942
6.8312 0.05115885452212606
6.8324 0.0512680516502416
6.83361 0.05140454806038601
6.83482 0.05154104447053042
6.83602 0.051704840162703714
6.83723 0.051895935136905894
6.83844 0.052114329393136954
6.83965 0.052332723649368015
6.84085 0.052551117905599076
6.84206 0.05276951216183014
6.84327 0.052987906418061205
6.84447 0.053179001392263385
6.84568 0.053370096366465565
6.84689 0.05356119134066773
6.84809 0.05372498703284103
6.8493 0.05386148344298545
6.85051 0.05397068057110097
6.85171 0.05407987769921651
6.85292 0.05416177554530315
6.85413 0.05427097267341868
6.85533 0.05438016980153422
6.85654 0.054489366929649743
6.85775 0.05462586333979416
6.85895 0.05478965903196746
6.86016 0.05500805328819852
6.86137 0.05522644754442958
6.86257 0.055472141082689524
6.86378 0.055690535338920585
6.86499 0.055908929595151646
6.8662 0.0561273238513827
6.8674 0.05634571810761376
6.86861 0.05653681308181594
6.86982 0.05672790805601812
6.87102 0.0569190030302203
6.87223 0.05711009800442248
6.87344 0.05730119297862466
6.87464 0.057519587234855715
6.87585 0.057710682209057895
6.87706 0.057901777183260075
6.87826 0.058065572875433374
6.87947 0.05822936856760667
6.88068 0.05839316425977996
6.88188 0.05852966066992438
6.88309 0.05863885779803991
6.8843 0.05874805492615544
6.8855 0.05888455133629985
6.88671 0.05899374846441539
6.88792 0.05910294559253091
6.88912 0.05923944200267533
6.89033 0.05934863913079085
6.89154 0.05948513554093527
6.89275 0.059621631951079675
6.89395 0.059785427643252974
6.89516 0.05992192405339739
6.89637 0.060085719745570684
6.89757 0.0602222161557151
6.89878 0.0603860118478884
6.89999 0.06054980754006169
6.90119 0.060713603232234986
6.9024 0.060850099642379404
6.90361 0.06101389533455269
6.90481 0.06115039174469711
6.90602 0.061286888154841526
6.90723 0.06139608528295705
6.90843 0.06153258169310147
6.90964 0.06166907810324588
6.91085 0.0618055745133903
6.91205 0.0619693702055636
6.91326 0.06213316589773688
6.91447 0.06232426087193906
6.91567 0.06254265512817013
6.91688 0.06273375010237231
6.91809 0.06295214435860337
6.9193 0.06317053861483443
6.9205 0.06338893287106549
6.92171 0.06360732712729655
6.92292 0.06379842210149872
6.92412 0.0639895170757009
6.92533 0.0641533127678742
6.92654 0.06428980917801862
6.92774 0.06442630558816302
6.92895 0.06456280199830744
6.93016 0.06467199912642296
6.93136 0.0647811962545385
6.93257 0.06489039338265402
6.93378 0.06499959051076956
6.93498 0.06513608692091398
6.93619 0.0652452840490295
6.9374 0.0654090797412028
6.9386 0.06554557615134722
6.93981 0.06570937184352052
6.94102 0.0659004668177227
6.94222 0.06606426250989599
6.94343 0.06625535748409817
6.94464 0.06641915317627146
6.94585 0.06661024815047364
6.94705 0.06677404384264693
6.94826 0.06691054025279135
6.94947 0.06707433594496465
6.95067 0.06723813163713793
6.95188 0.06740192732931123
6.95309 0.06756572302148453
6.95429 0.06772951871365783
6.9555 0.06789331440583111
6.95671 0.06805711009800441
6.95791 0.0682482050722066
6.95912 0.06838470148235101
6.96033 0.06852119789249543
6.96153 0.06863039502061095
6.96274 0.06873959214872649
6.96395 0.0688760885588709
6.96515 0.06901258496901531
6.96636 0.06914908137915972
6.96757 0.06931287707133302
6.96877 0.0695039720455352
6.96998 0.06972236630176626
6.97119 0.06999535912205508
6.9724 0.0702683519423439
6.9736 0.07051404548060385
6.97481 0.0707597390188638
6.97602 0.07100543255712374
6.97722 0.0712238268133548
6.97843 0.07141492178755698
6.97964 0.07157871747973028
6.98084 0.0717152138898747
6.98205 0.07182441101799023
6.98326 0.07193360814610575
6.98446 0.07204280527422129
6.98567 0.07215200240233681
6.98688 0.07223390024842347
6.98808 0.07234309737653899
6.98929 0.07245229450465453
6.9905 0.07258879091479893
6.9917 0.07269798804291447
6.99291 0.07283448445305887
6.99412 0.07299828014523217
6.99532 0.07313477655537659
6.99653 0.07329857224754988
6.99774 0.0734350686576943
6.99895 0.07357156506783871
7.00015 0.07373536076001201
7.00136 0.07387185717015642
7.00257 0.07400835358030083
7.00377 0.07411755070841637
7.00498 0.0742267478365319
7.00619 0.07433594496464743
7.00739 0.07444514209276296
7.0086 0.07452703993884961
7.00981 0.07458163850290737
7.01101 0.07466353634899402
7.01222 0.07474543419508067
7.01343 0.07482733204116732
7.01463 0.07493652916928284
7.01584 0.07504572629739838
7.01705 0.0751549234255139
7.01825 0.0753187191176872
7.01946 0.07545521552783162
7.02067 0.0756190112200049
7.02187 0.0757828069121782
7.02308 0.0759466026043515
7.02429 0.07611039829652479
7.0255 0.0762468947066692
7.0267 0.07635609183478474
7.02791 0.07646528896290027
7.02912 0.07654718680898692
7.03032 0.07662908465507356
7.03153 0.07665638393710245
7.03274 0.07668368321913133
7.03394 0.07671098250116021
7.03515 0.0767382817831891
7.03636 0.07679288034724686
7.03756 0.07684747891130463
7.03877 0.07692937675739128
7.03998 0.07701127460347792
7.04118 0.07712047173159346
7.04239 0.07725696814173787
7.0436 0.07739346455188229
7.0448 0.07750266167999781
7.04601 0.07761185880811335
7.04722 0.07769375665419999
7.04843 0.07780295378231553
7.04963 0.07791215091043105
7.05084 0.0779940487565177
7.05205 0.07810324588463323
7.05325 0.07821244301274875
7.05446 0.07829434085883541
7.05567 0.07840353798695093
7.05687 0.07851273511506647
7.05808 0.078621932243182
7.05929 0.07873112937129753
7.06049 0.07881302721738417
7.0617 0.07889492506347082
7.06291 0.07897682290955747
7.06411 0.07905872075564412
7.06532 0.07914061860173076
7.06653 0.07919521716578853
7.06773 0.07927711501187518
7.06894 0.07938631213999071
7.07015 0.07946820998607736
7.07135 0.0795774071141929
7.07256 0.07968660424230842
7.07377 0.07979580137042395
7.07498 0.07993229778056837
7.07618 0.08006879419071278
7.07739 0.0802052906008572
7.0786 0.0803690862930305
7.0798 0.0805055827031749
7.08101 0.0806693783953482
7.08222 0.08080587480549262
7.08342 0.0809696704976659
7.08463 0.08110616690781032
7.08584 0.08124266331795474
7.08704 0.08137915972809914
7.08825 0.08151565613824356
7.08946 0.08165215254838797
7.09066 0.08178864895853238
7.09187 0.08192514536867679
7.09308 0.0820616417788212
7.09428 0.0822254374709945
7.09549 0.08236193388113892
7.0967 0.08252572957331221
7.0979 0.08268952526548551
7.09911 0.08285332095765881
7.10032 0.0830171166498321
7.10153 0.0831809123420054
7.10273 0.0833447080341787
7.10394 0.08350850372635199
7.10515 0.08367229941852529
7.10635 0.08383609511069859
7.10756 0.08399989080287187
7.10877 0.08416368649504517
7.10997 0.08432748218721847
7.11118 0.08449127787939176
7.11239 0.08465507357156506
7.11359 0.08481886926373836
7.1148 0.08500996423794054
7.11601 0.08517375993011383
7.11721 0.08533755562228713
7.11842 0.08550135131446042
7.11963 0.08566514700663372
7.12083 0.08582894269880702
7.12204 0.08599273839098032
7.12325 0.0861565340831536
7.12445 0.08632032977532691
7.12566 0.0864568261854713
7.12687 0.08662062187764462
7.12808 0.0867844175698179
7.12928 0.08694821326199122
7.13049 0.0871120089541645
7.1317 0.08727580464633779
7.1329 0.0874123010564822
7.13411 0.08757609674865549
7.13532 0.08771259315879991
7.13652 0.08787638885097322
7.13773 0.08804018454314651
7.13894 0.08817668095329093
7.14014 0.08834047664546422
7.14135 0.08850427233763751
7.14256 0.08866806802981081
7.14376 0.08883186372198411
7.14497 0.0889956594141574
7.14618 0.0891594551063307
7.14738 0.08932325079850399
7.14859 0.08948704649067728
7.1498 0.08965084218285059
7.151 0.08978733859299501
7.15221 0.0899511342851683
7.15342 0.09008763069531271
7.15463 0.09019682782342824
7.15583 0.09033332423357265
7.15704 0.09046982064371707
7.15825 0.0905790177718326
7.15945 0.09071551418197701
7.16066 0.09082471131009254
7.16187 0.09096120772023696
7.16307 0.09109770413038136
7.16428 0.09126149982255466
7.16549 0.09142529551472796
7.16669 0.09158909120690126
7.1679 0.09178018618110342
7.16911 0.0919712811553056
7.17031 0.09218967541153668
7.17152 0.09240806966776773
7.17273 0.0926264639239988
7.17393 0.09287215746225874
7.17514 0.09314515028254755
7.17635 0.09341814310283639
7.17755 0.09371843520515409
7.17876 0.09404602658950069
7.17997 0.09440091725587617
7.18118 0.0948104064863094
7.18238 0.09521989571674265
7.18359 0.09568398351123364
7.1848 0.09617537058775352
7.186 0.0967213562283312
7.18721 0.09729464115093772
7.18842 0.09792252463760202
7.18962 0.09860500668832409
7.19083 0.09934208730310391
7.19204 0.10018836504599929
7.19324 0.10106194207092352
7.19445 0.10201741694193442
7.19566 0.10308208894106084
7.19686 0.10431055663236057
7.19807 0.10562092216974693
7.19928 0.1070677841172777
7.20048 0.10870574103901066
7.20169 0.11056209221697469
7.2029 0.1126095383691409
7.2041 0.11484807949550926
7.20531 0.11727771559607982
7.20652 0.11992574595288143
7.20773 0.12284676912997188
7.20893 0.12598618656329336
7.21014 0.12920750184270152
7.21135 0.1323742185580519
7.21255 0.1357047309655756
7.21376 0.1391444405012148
7.21497 0.14239305506265185
7.21617 0.14523218039365562
7.21738 0.14771641505828395
7.21859 0.14995495618465232
7.21979 0.1517294095165297
7.221 0.1528486800797139
7.22221 0.15320357074608937
7.22341 0.15293057792580053
7.22462 0.1520570009008763
7.22583 0.15071933608146104
7.22703 0.1488902841855259
7.22824 0.14640604952089759
7.22945 0.14351232562583602
7.23065 0.14050940460265895
7.23186 0.1375883814255685
7.23307 0.13447626327427586
7.23428 0.1312822472768966
7.23548 0.12825202697169064
7.23669 0.12549479948677347
7.2379 0.12298326554011628
7.2391 0.12066282656766127
7.24031 0.11853348256940842
7.24152 0.1166771313914444
7.24272 0.11506647375174033
7.24393 0.11372880893232508
7.24514 0.11255493980508313
7.24634 0.11151756708798558
7.24755 0.11064399006306133
7.24876 0.10996150801233928
7.24996 0.10941552237176161
7.25117 0.10892413529524173
7.25238 0.10846004750075072
7.25358 0.10813245611640412
7.25479 0.10785946329611532
7.256 0.10761376975785535
7.25721 0.10734077693756654
7.25841 0.10712238268133546
7.25962 0.10693128770713331
7.26083 0.10674019273293113
7.26203 0.10654909775872895
7.26324 0.10635800278452677
7.26445 0.1061396085282957
7.26565 0.10594851355409352
7.26686 0.10575741857989134
7.26807 0.10556632360568917
7.26927 0.10540252791351587
7.27048 0.10523873222134257
7.27169 0.10507493652916929
7.27289 0.10493844011902487
7.2741 0.10480194370888045
7.27531 0.10469274658076493
7.27651 0.10458354945264937
7.27772 0.10450165160656275
7.27893 0.10441975376047609
7.28013 0.10433785591438943
7.28134 0.1042559580683028
7.28255 0.10417406022221615
7.28376 0.10409216237612949
7.28496 0.10401026453004286
7.28617 0.1039283666839562
7.28738 0.10384646883786955
7.28858 0.10376457099178292
7.28979 0.10365537386366737
7.291 0.10357347601758074
7.2922 0.10349157817149408
7.29341 0.10343697960743632
7.29462 0.10338238104337856
7.29582 0.1033277824793208
7.29703 0.1033004831972919
7.29824 0.10327318391526302
7.29944 0.1033004831972919
7.30065 0.1033004831972919
7.30186 0.10335508176134967
7.30306 0.10338238104337856
7.30427 0.10343697960743632
7.30548 0.10349157817149408
7.30668 0.10354617673555185
7.30789 0.10360077529960961
7.3091 0.10365537386366737
7.31031 0.10370997242772516
7.31151 0.10376457099178292
7.31272 0.10379187027381179
7.31393 0.10381916955584068
7.31513 0.10384646883786955
7.31634 0.10387376811989844
7.31755 0.10390106740192731
7.31875 0.10390106740192731
7.31996 0.1039283666839562
7.32117 0.1039556659659851
7.32237 0.10398296524801397
7.32358 0.10403756381207173
7.32479 0.10409216237612949
7.32599 0.10417406022221615
7.3272 0.10428325735033167
7.32841 0.10439245447844722
7.32961 0.10455625017062051
7.33082 0.10472004586279379
7.33203 0.10491114083699597
7.33323 0.10507493652916929
7.33444 0.10523873222134257
7.33565 0.10540252791351587
7.33686 0.10556632360568917
7.33806 0.10573011929786245
7.33927 0.10583931642597799
7.34048 0.10592121427206463
7.34168 0.10600311211815129
7.34289 0.10605771068220905
7.3441 0.1061396085282957
7.3453 0.10619420709235346
7.34651 0.10622150637438235
7.34772 0.10624880565641123
7.34892 0.106303404220469
7.35013 0.10638530206655564
7.35134 0.1064671999126423
7.35254 0.10654909775872895
7.35375 0.10665829488684447
7.35496 0.10679479129698889
7.35616 0.10695858698916218
7.35737 0.10714968196336436
7.35858 0.10734077693756654
7.35978 0.10755917119379758
7.36099 0.10775026616799976
7.3622 0.1079959597062597
7.36341 0.10821435396249078
7.36461 0.10843274821872184
7.36582 0.10862384319292402
7.36703 0.1088149381671262
7.36823 0.10897873385929949
7.36944 0.1091425295514728
7.37065 0.10930632524364609
7.37185 0.1094428216537905
7.37306 0.10955201878190603
7.37427 0.10966121591002155
7.37547 0.10979771232016597
7.37668 0.10990690944828149
7.37789 0.11001610657639704
7.37909 0.11012530370451257
7.3803 0.11026180011465699
7.38151 0.11039829652480138
7.38271 0.1105347929349458
7.38392 0.11069858862711911
7.38513 0.11086238431929239
7.38633 0.11105347929349457
7.38754 0.11124457426769675
7.38875 0.11146296852392781
7.38996 0.11165406349813
7.39116 0.11187245775436105
7.39237 0.11206355272856323
7.39358 0.1122819469847943
7.39478 0.11247304195899648
7.39599 0.11263683765116976
7.3972 0.11280063334334307
7.3984 0.11293712975348746
7.39961 0.11304632688160302
7.40082 0.11315552400971854
7.40202 0.11326472113783406
7.40323 0.11331931970189182
7.40444 0.11340121754797848
7.40564 0.11345581611203624
7.40685 0.113510414676094
7.40806 0.11359231252218066
7.40926 0.11367421036826732
7.41047 0.11375610821435395
7.41168 0.11386530534246948
7.41288 0.11397450247058502
7.41409 0.11411099888072943
7.4153 0.11427479457290272
7.41651 0.1144658895471049
7.41771 0.11465698452130708
7.41892 0.11487537877753815
7.42013 0.1150937730337692
7.42133 0.11533946657202916
7.42254 0.11555786082826021
7.42375 0.11580355436652015
7.42495 0.11602194862275123
7.42616 0.11624034287898227
7.42737 0.11645873713521333
7.42857 0.11662253282738663
7.42978 0.11678632851955992
7.43099 0.11692282492970434
7.43219 0.11703202205781987
7.4334 0.11716851846796428
7.43461 0.11725041631405093
7.43581 0.11733231416013758
7.43702 0.11738691272419534
7.43823 0.117468810570282
7.43943 0.11757800769839752
7.44064 0.11768720482651306
7.44185 0.1177964019546286
7.44306 0.11793289836477301
7.44426 0.1180966940569463
7.44547 0.11831508831317734
7.44668 0.11853348256940842
7.44788 0.11875187682563947
7.44909 0.11899757036389941
7.4503 0.11927056318418824
7.4515 0.11954355600447708
7.45271 0.1198165488247659
7.45392 0.12008954164505473
7.45512 0.12036253446534355
7.45633 0.12060822800360349
7.45754 0.12082662225983457
7.45874 0.12104501651606561
7.45995 0.12123611149026779
7.46116 0.1213999071824411
7.46236 0.1215364035925855
7.46357 0.12164560072070105
7.46478 0.12175479784881657
7.46599 0.1218639949769321
7.46719 0.12197319210504762
7.4684 0.12205508995113427
7.46961 0.1221642870792498
7.47081 0.12227348420736535
7.47202 0.12240998061750974
7.47323 0.12257377630968305
7.47443 0.12273757200185634
7.47564 0.12292866697605852
7.47685 0.1231197619502607
7.47805 0.12333815620649176
7.47926 0.1235838497447517
7.48047 0.12385684256504054
7.48167 0.12407523682127158
7.48288 0.12432093035953153
7.48409 0.1245393246157626
7.48529 0.12475771887199365
7.4865 0.12494881384619583
7.48771 0.12513990882039802
7.48891 0.12527640523054243
7.49012 0.12541290164068686
7.49133 0.12554939805083126
7.49254 0.12565859517894679
7.49374 0.1257677923070623
7.49495 0.12587698943517783
7.49616 0.1259588872812645
7.49736 0.12604078512735115
7.49857 0.12617728153749555
7.49978 0.1262864786656111
7.50098 0.12642297507575548
7.50219 0.1265594714858999
7.5034 0.12672326717807322
7.5046 0.1268870628702465
7.50581 0.12707815784444867
7.50702 0.12729655210067975
7.50822 0.1275149463569108
7.50943 0.12773334061314187
7.51064 0.12795173486937292
7.51184 0.12819742840763287
7.51305 0.12844312194589283
7.51426 0.12866151620212388
7.51546 0.12885261117632604
7.51667 0.12904370615052824
7.51788 0.1292348011247304
7.51909 0.1294258960989326
7.52029 0.129562392509077
7.5215 0.1296988889192214
7.52271 0.12980808604733696
7.52391 0.12994458245748136
7.52512 0.130026480303568
7.52633 0.13013567743168353
7.52753 0.1302175752777702
7.52874 0.13032677240588572
7.52995 0.13040867025197236
7.53115 0.1305178673800879
7.53236 0.13065436379023232
7.53357 0.13079086020037672
7.53477 0.13095465589255
7.53598 0.13111845158472332
7.53719 0.13133684584095437
7.53839 0.13155524009718542
7.5396 0.1318009336354454
7.54081 0.1320739264557342
7.54201 0.13234691927602305
7.54322 0.13261991209631185
7.54443 0.1328929049166007
7.54564 0.13319319701891838
7.54684 0.13346618983920722
7.54805 0.13373918265949605
7.54926 0.13398487619775598
7.55046 0.13420327045398706
7.55167 0.1344216647102181
7.55288 0.13464005896644918
7.55408 0.13480385465862246
7.55529 0.13496765035079575
7.5565 0.13510414676094018
7.5577 0.13524064317108458
7.55891 0.13537713958122902
7.56012 0.13548633670934454
7.56132 0.13559553383746006
7.56253 0.13573203024760447
7.56374 0.1358685266577489
7.56494 0.13605962163195107
7.56615 0.13622341732412438
7.56736 0.13641451229832655
7.56856 0.1366329065545576
7.56977 0.13687860009281755
7.57098 0.13715159291310638
7.57219 0.13742458573339522
7.57339 0.1377248778357129
7.5746 0.13802516993803063
7.57581 0.13832546204034832
7.57701 0.13862575414266604
7.57822 0.13892604624498375
7.57943 0.1391990390652726
7.58063 0.13944473260353252
7.58184 0.13969042614179247
7.58305 0.13988152111599464
7.58425 0.14007261609019683
7.58546 0.14023641178237012
7.58667 0.1404002074745434
7.58787 0.14050940460265895
7.58908 0.14061860173077448
7.59029 0.14070049957686112
7.59149 0.14080969670497664
7.5927 0.14091889383309217
7.59391 0.14100079167917884
7.59511 0.14110998880729436
7.59632 0.14121918593540989
7.59753 0.1413829816275832
7.59874 0.14154677731975648
7.59994 0.14171057301192977
7.60115 0.14190166798613196
7.60236 0.142120062242363
7.60356 0.14236575578062297
7.60477 0.14263874860091177
7.60598 0.1429117414212006
7.60718 0.14318473424148942
7.60839 0.14345772706177826
7.6096 0.1437307198820671
7.6108 0.1440037127023559
7.61201 0.14424940624061586
7.61322 0.1444950997788758
7.61442 0.14468619475307798
7.61563 0.14487728972728017
7.61684 0.14501378613742458
7.61804 0.14515028254756898
7.61925 0.14528677895771341
7.62046 0.14536867680380006
7.62166 0.1454505746498867
7.62287 0.14550517321394446
7.62408 0.14558707106003113
7.62529 0.14566896890611775
7.62649 0.14575086675220442
7.6277 0.14583276459829106
7.62891 0.14594196172640658
7.63011 0.14607845813655101
7.63132 0.1462422538287243
7.63253 0.14643334880292647
7.63373 0.1466517430591575
7.63494 0.1468701373153886
7.63615 0.14708853157161966
7.63735 0.1473342251098796
7.63856 0.14760721793016843
7.63977 0.14785291146842838
7.64097 0.1481259042887172
7.64218 0.14834429854494827
7.64339 0.14856269280117934
7.64459 0.1487810870574104
7.6458 0.14899948131364144
7.64701 0.1491905762878436
7.64821 0.14935437198001691
7.64942 0.14949086839016135
7.65063 0.14960006551827687
7.65184 0.1497092626463924
7.65304 0.14981845977450792
7.65425 0.14992765690262344
7.65546 0.15000955474871008
7.65666 0.15009145259479675
7.65787 0.15020064972291228
7.65908 0.15033714613305668
7.66028 0.1504736425432011
7.66149 0.15061013895334552
7.6627 0.1507739346455188
7.6639 0.150965029619721
7.66511 0.15118342387595204
7.66632 0.151429117414212
7.66752 0.15170211023450084
7.66873 0.15197510305478965
7.66994 0.15224809587507848
7.67114 0.15252108869536732
7.67235 0.152821380797685
7.67356 0.15312167290000273
7.67477 0.15339466572029153
7.67597 0.15366765854058037
7.67718 0.15388605279681145
7.67839 0.1541044470530425
7.67959 0.1542955420272447
7.6808 0.15448663700144685
7.68201 0.15462313341159128
7.68321 0.15475962982173566
7.68442 0.1548688269498512
7.68563 0.15497802407796674
7.68683 0.15508722120608226
7.68804 0.15519641833419778
7.68925 0.15530561546231333
7.69045 0.15544211187245774
7.69166 0.15557860828260214
7.69287 0.15574240397477546
7.69407 0.1559607982310065
7.69528 0.15617919248723758
7.69649 0.1564248860254975
7.69769 0.15669787884578634
7.6989 0.15697087166607518
7.70011 0.15729846305042175
7.70132 0.15762605443476835
7.70252 0.15798094510114383
7.70373 0.15830853648549043
7.70494 0.15863612786983702
7.70614 0.1589364199721547
7.70735 0.1592640113565013
7.70856 0.15956430345881903
7.70976 0.15980999699707898
7.71097 0.1600556905353389
7.71218 0.16027408479156996
7.71338 0.16046517976577215
7.71459 0.16065627473997432
7.7158 0.1608200704321476
7.717 0.16098386612432092
7.71821 0.16112036253446535
7.71942 0.16125685894460973
7.72062 0.16142065463678304
7.72183 0.16158445032895632
7.72304 0.16177554530315852
7.72424 0.16196664027736069
7.72545 0.16218503453359176
7.72666 0.1624034287898228
7.72787 0.16267642161011164
7.72907 0.16294941443040048
7.73028 0.16324970653271817
7.73149 0.1635499986350359
7.73269 0.16387759001938249
7.7339 0.16420518140372908
7.73511 0.16453277278807565
7.73631 0.16486036417242225
7.73752 0.16518795555676885
7.73873 0.16551554694111545
7.73993 0.16581583904343317
7.74114 0.16611613114575086
7.74235 0.16638912396603966
7.74355 0.1666621167863285
7.74476 0.16690781032458846
7.74597 0.1671262045808195
7.74717 0.16734459883705058
7.74838 0.16753569381125274
7.74959 0.16775408806748382
7.75079 0.16794518304168599
7.752 0.16813627801588818
7.75321 0.16832737299009035
7.75442 0.16851846796429254
7.75562 0.1687368622205236
7.75683 0.16895525647675466
7.75804 0.1692282492970435
7.75924 0.16947394283530343
7.76045 0.16977423493762114
7.76166 0.17007452703993883
7.76286 0.17040211842428543
7.76407 0.17075700909066088
7.76528 0.1711118997570364
7.76648 0.17146679042341187
7.76769 0.17184898037181623
7.7689 0.17220387103819168
7.7701 0.17258606098659604
7.77131 0.1729682509350004
7.77252 0.17332314160137588
7.77372 0.17367803226775133
7.77493 0.17397832437006905
7.77614 0.17430591575441565
7.77734 0.17460620785673336
7.77855 0.1748792006770222
7.77976 0.17515219349731098
7.78097 0.17539788703557097
7.78217 0.175616281291802
7.78338 0.17586197483006197
7.78459 0.17608036908629301
7.78579 0.17632606262455294
7.787 0.1765717561628129
7.78821 0.17681744970107283
7.78941 0.1770631432393328
7.79062 0.17733613605962162
7.79183 0.17763642816193934
7.79303 0.17793672026425705
7.79424 0.17826431164860362
7.79545 0.1786192023149791
7.79665 0.1789467936993257
7.79786 0.17930168436570118
7.79907 0.17965657503207663
7.80027 0.1800114656984521
7.80148 0.1803663563648276
7.80269 0.18072124703120304
7.80389 0.18104883841554967
7.8051 0.18137642979989624
7.80631 0.18170402118424284
7.80752 0.18200431328656053
7.80872 0.18230460538887827
7.80993 0.182604897491196
7.81114 0.18287789031148477
7.81234 0.1831508831317736
7.81355 0.18342387595206244
7.81476 0.18369686877235128
7.81596 0.18396986159264012
7.81717 0.18424285441292892
7.81838 0.18451584723321773
7.81958 0.18481613933553545
7.82079 0.18511643143785317
7.822 0.18541672354017086
7.8232 0.18571701564248858
7.82441 0.1860446070268352
7.82562 0.18637219841118177
7.82682 0.18669978979552837
7.82803 0.18705468046190382
7.82924 0.18740957112827933
7.83044 0.18776446179465478
7.83165 0.18814665174305914
7.83286 0.18850154240943462
7.83407 0.18888373235783898
7.83527 0.18923862302421446
7.83648 0.1896208129726188
7.83769 0.18997570363899427
7.83889 0.19033059430536978
7.8401 0.19065818568971635
7.84131 0.19098577707406292
7.84251 0.19131336845840954
7.84372 0.19161366056072723
7.84493 0.19188665338101607
7.84613 0.19215964620130488
7.84734 0.19243263902159372
7.84855 0.19267833255985367
7.84975 0.1929240260981136
7.85096 0.19316971963637355
7.85217 0.19341541317463348
7.85337 0.19363380743086459
7.85458 0.19387950096912449
7.85579 0.19415249378941332
7.85699 0.19439818732767325
7.8582 0.1946711801479621
7.85941 0.19494417296825092
7.86062 0.19524446507056864
7.86182 0.19554475717288633
7.86303 0.19584504927520405
7.86424 0.19614534137752174
7.86544 0.19644563347983945
7.86665 0.19677322486418608
7.86786 0.19707351696650377
7.86906 0.19740110835085037
7.87027 0.19770140045316806
7.87148 0.19800169255548578
7.87268 0.19830198465780347
7.87389 0.19860227676012118
7.8751 0.19887526958041002
7.8763 0.19917556168272774
7.87751 0.1994212552209877
7.87872 0.19969424804127653
7.87992 0.19993994157953646
7.88113 0.2001856351177964
7.88234 0.20040402937402746
7.88355 0.2006497229122874
7.88475 0.20086811716851846
7.88596 0.20105921214272063
7.88717 0.2012776063989517
7.88837 0.20149600065518275
7.88958 0.20168709562938494
7.89079 0.2018781906035871
7.89199 0.20209658485981816
7.8932 0.20231497911604923
7.89441 0.2025333733722803
7.89561 0.20275176762851135
7.89682 0.20297016188474243
7.89803 0.20321585542300238
7.89923 0.2034615489612623
7.90044 0.20373454178155115
7.90165 0.20400753460183996
7.90285 0.20428052742212877
7.90406 0.2045535202424176
7.90527 0.20485381234473532
7.90647 0.205154104447053
7.90768 0.20545439654937073
7.90889 0.20575468865168847
7.9101 0.20605498075400616
7.9113 0.20638257213835276
7.91251 0.20668286424067045
7.91372 0.20698315634298817
7.91492 0.20728344844530586
7.91613 0.2075564412655947
7.91734 0.20780213480385462
7.91854 0.20804782834211458
7.91975 0.20829352188037456
7.92096 0.2085392154186345
7.92216 0.20878490895689444
7.92337 0.2090033032131255
7.92458 0.20922169746935654
7.92578 0.20941279244355873
7.92699 0.20965848598181863
7.9282 0.20990417952007862
7.9294 0.21014987305833857
7.93061 0.21042286587862738
7.93182 0.2106958586989162
7.93302 0.2109961508012339
7.93423 0.21129644290355162
7.93544 0.2116513335699271
7.93665 0.21200622423630258
7.93785 0.21238841418470691
7.93906 0.21277060413311127
7.94027 0.21318009336354454
7.94147 0.21356228331194888
7.94268 0.21397177254238214
7.94389 0.21438126177281536
7.94509 0.2147907510032486
7.9463 0.21517294095165296
7.94751 0.21552783161802844
7.94871 0.21585542300237504
7.94992 0.21621031366875051
7.95113 0.21651060577106823
7.95233 0.21681089787338592
7.95354 0.21708389069367473
7.95475 0.21735688351396357
7.95595 0.21760257705222352
7.95716 0.21784827059048345
7.95837 0.2180939641287434
7.95957 0.21836695694903224
7.96078 0.21861265048729217
7.96199 0.218885643307581
7.9632 0.21915863612786984
7.9644 0.21948622751221641
7.96561 0.21981381889656298
7.96682 0.2201687095629385
7.96802 0.22055089951134285
7.96923 0.2209330894597472
7.97044 0.22134257869018042
7.97164 0.22175206792061367
7.97285 0.22218885643307582
7.97406 0.2226256449455379
7.97526 0.22306243345800006
7.97647 0.22349922197046215
7.97768 0.2239087112008954
7.97888 0.22431820043132866
7.98009 0.224700390379733
7.9813 0.22508258032813735
7.9825 0.22543747099451283
7.98371 0.2257650623788594
7.98492 0.22603805519914824
7.98612 0.22633834730146596
7.98733 0.22658404083972591
7.98854 0.2268570336600147
7.98975 0.22710272719827468
7.99095 0.22732112145450573
7.99216 0.22753951571073677
7.99337 0.22775790996696788
7.99457 0.22800360350522778
7.99578 0.2282765963255166
7.99699 0.22854958914580545
7.99819 0.22884988124812317
7.9994 0.22915017335044088
8.00061 0.22950506401681636
8.00181 0.22985995468319181
8.00302 0.23024214463159617
8.00423 0.23067893314405832
8.00543 0.23111572165652042
8.00664 0.23155251016898257
8.00785 0.23196199939941578
8.00905 0.23242608719390676
8.01026 0.2328628757063689
8.01147 0.23329966421883103
8.01267 0.23373645273129315
8.01388 0.2341459419617264
8.01509 0.23452813191013075
8.0163 0.23488302257650623
8.0175 0.23523791324288168
8.01871 0.2355655046272283
8.01992 0.23589309601157488
8.02112 0.2361933881138926
8.02233 0.23646638093418143
8.02354 0.23673937375447027
8.02474 0.23701236657475905
8.02595 0.23731265867707677
8.02716 0.2375856514973656
8.02836 0.2378859435996833
8.02957 0.238186235702001
8.03078 0.2384865278043187
8.03198 0.23881411918866532
8.03319 0.23916900985504078
8.0344 0.23955119980344514
8.0356 0.2399333897518495
8.03681 0.24031557970025386
8.03802 0.240752368212716
8.03922 0.24116185744314925
8.04043 0.24159864595561134
8.04164 0.24206273375010234
8.04285 0.24252682154459337
8.04405 0.24299090933908438
8.04526 0.24340039856951762
8.04647 0.2438371870819797
8.04767 0.24427397559444186
8.04888 0.2446834648248751
8.05009 0.24509295405530832
8.05129 0.24547514400371268
8.0525 0.24583003467008818
8.05371 0.24615762605443475
8.05491 0.24648521743878132
8.05612 0.24678550954109904
8.05733 0.24711310092544567
8.05853 0.24744069230979224
8.05974 0.24774098441210993
8.06095 0.24804127651442764
8.06215 0.24834156861674536
8.06336 0.24869645928312084
8.06457 0.24905134994949632
8.06577 0.24943353989790068
8.06698 0.24984302912833392
8.06819 0.25025251835876716
8.0694 0.25068930687122926
8.0706 0.2511260953836914
8.07181 0.25161748246021126
8.07302 0.2521088695367312
8.07422 0.2526002566132511
8.07543 0.2531189429717998
8.07664 0.2536103300483197
8.07784 0.2541017171248396
8.07905 0.2545931042013595
8.08026 0.25508449127787935
8.08146 0.2555485790723704
8.08267 0.25598536758483253
8.08388 0.25642215609729463
8.08508 0.25683164532772784
8.08629 0.25721383527613223
8.0875 0.25759602522453656
8.0887 0.25797821517294095
8.08991 0.2583331058393164
8.09112 0.258660697223663
8.09232 0.2589882886080096
8.09353 0.2593158799923562
8.09474 0.2596434713767028
8.09595 0.25999836204307825
8.09715 0.2603259534274248
8.09836 0.2606808440938003
8.09957 0.2610357347601758
8.10077 0.26141792470858016
8.10198 0.2618001146569845
8.10319 0.2622096038874177
8.10439 0.262619093117851
8.1056 0.2630558816303131
8.10681 0.2634926701427752
8.10801 0.26395675793726625
8.10922 0.26439354644972834
8.11043 0.26488493352624826
8.11163 0.26534902132073923
8.11284 0.26581310911523026
8.11405 0.26627719690972124
8.11525 0.26674128470421227
8.11646 0.26717807321667436
8.11767 0.2676421610111654
8.11888 0.2680789495236275
8.12008 0.26848843875406075
8.12129 0.268897927984494
8.1225 0.26930741721492724
8.1237 0.26968960716333157
8.12491 0.27007179711173596
8.12612 0.2704539870601403
8.12732 0.2708361770085447
8.12853 0.2711910676749201
8.12974 0.27154595834129563
8.13094 0.27192814828969997
8.13215 0.27231033823810435
8.13336 0.2726925281865087
8.13456 0.2731020174169419
8.13577 0.27351150664737517
8.13698 0.27394829515983726
8.13818 0.2743850836722994
8.13939 0.27484917146679044
8.1406 0.2753132592612814
8.1418 0.2758046463378013
8.14301 0.27632333269635007
8.14422 0.27681471977287
8.14543 0.2773334061314187
8.14663 0.2778520924899675
8.14784 0.2783707788485163
8.14905 0.27888946520706503
8.15025 0.27940815156561377
8.15146 0.2799268379241626
8.15267 0.28044552428271136
8.15387 0.2809369113592312
8.15508 0.2814282984357511
8.15629 0.28191968551227103
8.15749 0.2824110725887909
8.1587 0.2828751603832819
8.15991 0.2833665474598018
8.16111 0.2838033359722639
8.16232 0.2842674237667549
8.16353 0.284704212279217
8.16473 0.285168300073708
8.16594 0.28563238786819906
8.16715 0.2860964756626901
8.16835 0.2865332641751522
8.16956 0.28699735196964316
8.17077 0.2874614397641342
8.17198 0.2879528268406541
8.17318 0.28841691463514507
8.17439 0.2889083017116649
8.1756 0.2894269880702137
8.1768 0.28991837514673363
8.17801 0.29043706150528237
8.17922 0.2909284485818023
8.18042 0.29147443422237995
8.18163 0.2919931205809287
8.18284 0.2925118069394775
8.18404 0.29305779258005515
8.18525 0.2935764789386039
8.18646 0.29412246457918156
8.18766 0.2946411509377303
8.18887 0.295187136578308
8.19008 0.2957331222188856
8.19128 0.2962518085774344
8.19249 0.29679779421801206
8.1937 0.29731648057656085
8.1949 0.29786246621713847
8.19611 0.2983811525756872
8.19732 0.298899838934236
8.19853 0.2994185252927848
8.19973 0.2999372116513335
8.20094 0.3004558980098823
8.20215 0.3009745843684311
8.20335 0.30146597144495096
8.20456 0.3019573585214709
8.20577 0.30244874559799073
8.20697 0.30294013267451064
8.20818 0.3034042204690017
8.20939 0.30389560754552153
8.21059 0.30438699462204144
8.2118 0.3048510824165324
8.21301 0.3053424694930523
8.21421 0.3058065572875433
8.21542 0.3062979443640632
8.21663 0.30678933144058307
8.21783 0.30730801779913186
8.21904 0.30782670415768065
8.22025 0.3083453905162294
8.22145 0.30889137615680706
8.22266 0.30943736179738474
8.22387 0.30998334743796235
8.22508 0.3105566323605689
8.22628 0.31112991728317546
8.22749 0.31173050148781084
8.2287 0.3123310856924463
8.2299 0.31293166989708165
8.23111 0.3135322541017171
8.23232 0.3141328383063525
8.23352 0.31473342251098796
8.23473 0.31533400671562334
8.23594 0.3159345909202588
8.23714 0.3165078758428653
8.23835 0.3170811607654719
8.23956 0.3176544456880784
8.24076 0.3182277306106849
8.24197 0.31877371625126255
8.24318 0.3193470011738691
8.24438 0.3198929868144468
8.24559 0.3204389724550244
8.2468 0.32098495809560207
8.248 0.3215582430182086
8.24921 0.3221315279408151
8.25042 0.3227048128634217
8.25163 0.32330539706805705
8.25283 0.32390598127269254
8.25404 0.3245065654773279
8.25525 0.32513444896399224
8.25645 0.32578963173268544
8.25766 0.32644481450137863
8.25887 0.32712729655210065
8.26007 0.3278370778848516
8.26128 0.32854685921760257
8.26249 0.3292566405503535
8.26369 0.3299664218831045
8.2649 0.33070350249788427
8.26611 0.3314405831126641
8.26731 0.33217766372744395
8.26852 0.3328874450601949
8.26973 0.33359722639294587
8.27093 0.33430700772569677
8.27214 0.33498948977641885
8.27335 0.3356719718271409
8.27455 0.3363271545958341
8.27576 0.33698233736452726
8.27697 0.3376102208511916
8.27818 0.338210805055827
8.27938 0.33878408997843357
8.28059 0.33938467418306895
8.2818 0.3399579591056755
8.283 0.34055854331031093
8.28421 0.3411591275149463
8.28542 0.3417324124375529
8.28662 0.3423056973601594
8.28783 0.34293358084682374
8.28904 0.343561464333488
8.29024 0.3441893478201523
8.29145 0.3448718298708744
8.29266 0.3455543119215964
8.29386 0.3462640932543474
8.29507 0.34697387458709833
8.29628 0.34773825448390705
8.29748 0.34850263438071577
8.29869 0.34929431355955337
8.2999 0.3500859927383909
8.3011 0.3509049711992574
8.30231 0.35169665037809505
8.30352 0.3525156288389615
8.30473 0.35330730801779914
8.30593 0.3541262864786656
8.30714 0.35494526493953205
8.30835 0.35570964483634077
8.30955 0.3565013240151784
8.31076 0.3572384046299582
8.31197 0.35797548524473805
8.31317 0.35871256585951783
8.31438 0.35942234719226884
8.31559 0.3601594278070486
8.31679 0.3608692091397996
8.318 0.36155169119052166
8.31921 0.36223417324124374
8.32041 0.3629166552919658
8.32162 0.3636264366247168
8.32283 0.3643635172394966
8.32403 0.3650732985722475
8.32524 0.36583767846905624
8.32645 0.3665747590838361
8.32766 0.3673664382626737
8.32886 0.3681581174415113
8.33007 0.36897709590237776
8.33128 0.36985067292730195
8.33248 0.37072424995222625
8.33369 0.3716251262591794
8.3349 0.3725260025661325
8.3361 0.3734268788730856
8.33731 0.3743277551800387
8.33852 0.37525593076902075
8.33972 0.3762114056400316
8.34093 0.37713958122901364
8.34214 0.37804045753596677
8.34334 0.37891403456089107
8.34455 0.37976031230378643
8.34576 0.38060659004668174
8.34696 0.3814528677895771
8.34817 0.3822445469684147
8.34938 0.3830362261472523
8.35058 0.383800606044061
8.35179 0.384510387376812
8.353 0.38522016870956294
8.35421 0.38592995004231384
8.35541 0.3866397313750648
8.35662 0.38737681198984464
8.35783 0.3880865933225956
8.35903 0.3887963746553465
8.36024 0.3895061559880975
8.36145 0.3902432366028773
8.36265 0.391007616499686
8.36386 0.3918265949605525
8.36507 0.39264557342141904
8.36627 0.3935191504463432
8.36748 0.39439272747126747
8.36869 0.3952663044961917
8.36989 0.39616718080314484
8.3711 0.3970953563921269
8.37231 0.3980508312631377
8.37351 0.39900630613414867
8.37472 0.39996178100515956
8.37593 0.4009172558761704
8.37713 0.4018181321831235
8.37834 0.40274630777210557
8.37955 0.4036471840790587
8.38076 0.40452076110398294
8.38196 0.4053943381289072
8.38317 0.4062133165897736
8.38438 0.40703229505064015
8.38558 0.40779667494744887
8.38679 0.4085337555622287
8.388 0.4092981354590374
8.3892 0.4100352160738172
8.39041 0.41077229668859705
8.39162 0.411482078021348
8.39282 0.412191859354099
8.39403 0.41290164068684987
8.39524 0.4136387213016297
8.39644 0.4143758019164096
8.39765 0.41516748109524715
8.39886 0.41593186099205587
8.40006 0.41675083945292235
8.40127 0.41754251863175995
8.40248 0.4183887963746553
8.40368 0.4192077748355218
8.40489 0.42008135186044604
8.4061 0.4209549288853703
8.40731 0.4218558051923234
8.40851 0.42275668149927653
8.40972 0.42363025852420083
8.41093 0.424503835549125
8.41213 0.42537741257404926
8.41334 0.4262509895989735
8.41455 0.42712456662389775
8.41575 0.4279708443667931
8.41696 0.4287898228276596
8.41817 0.4295815020064972
8.41937 0.4303458819033059
8.42058 0.43111026180011464
8.42179 0.43187464169692336
8.42299 0.43258442302967426
8.4242 0.43332150364445415
8.42541 0.43400398569517623
8.42661 0.4346864677458983
8.42782 0.43534165051459145
8.42903 0.4359968332832846
8.43023 0.43665201605197784
8.43144 0.4373344981026999
8.43265 0.43801698015342194
8.43386 0.438699462204144
8.43506 0.4393819442548661
8.43627 0.440091725587617
8.43748 0.4408288062023969
8.43868 0.4415931860992055
8.43989 0.44238486527804316
8.4411 0.44317654445688076
8.4423 0.44399552291774724
8.44351 0.4448418006606426
8.44472 0.4456607791215091
8.44592 0.4465343561464333
8.44713 0.4474352324533864
8.44834 0.4483088094783107
8.44954 0.4492096857852638
8.45075 0.45011056209221695
8.45196 0.4509568398351123
8.45316 0.4518304168600365
8.45437 0.4527039938849608
8.45558 0.45355027162785616
8.45678 0.45439654937075147
8.45799 0.4551882285495891
8.4592 0.4559799077284267
8.46041 0.4567442876252354
8.46161 0.4575086675220441
8.46282 0.458245748136824
8.46403 0.4589555294695749
8.46523 0.45966531080232587
8.46644 0.46034779285304794
8.46765 0.46103027490377
8.46885 0.4617127569544921
8.47006 0.46236793972318524
8.47127 0.46302312249187844
8.47247 0.4637056045426005
8.47368 0.4643607873112937
8.47489 0.46501597007998685
8.47609 0.46567115284868005
8.4773 0.46632633561737324
8.47851 0.4670088176680953
8.47971 0.46769129971881734
8.48092 0.4683737817695394
8.48213 0.4690562638202615
8.48333 0.4697387458709836
8.48454 0.47044852720373453
8.48575 0.47115830853648544
8.48696 0.4718680898692364
8.48816 0.4725778712019874
8.48937 0.4733149518167672
8.49058 0.47405203243154703
8.49178 0.474761813764298
8.49299 0.47549889437907783
8.4942 0.4762086757118288
8.4954 0.4769184570445797
8.49661 0.47762823837733065
8.49782 0.47833801971008155
8.49902 0.47902050176080363
8.50023 0.4797302830935546
8.50144 0.48041276514427667
8.50264 0.4810679479129698
8.50385 0.4817504299636919
8.50506 0.48240561273238514
8.50626 0.4830880947831072
8.50747 0.4837978761158581
8.50868 0.48448035816658014
8.50988 0.48519013949933115
8.51109 0.4858999208320821
8.5123 0.486609702164833
8.51351 0.4873467827796129
8.51471 0.4881111626764215
8.51592 0.48887554257323024
8.51713 0.4896672217520679
8.51833 0.49045890093090544
8.51954 0.491277879391772
8.52075 0.49209685785263846
8.52195 0.49291583631350494
8.52316 0.49373481477437137
8.52437 0.49458109251726673
8.52557 0.49545466954219103
8.52678 0.49630094728508634
8.52799 0.4971472250279817
8.52919 0.498020802052906
8.5304 0.49886707979580136
8.53161 0.4997406568207256
8.53281 0.5006142338456497
8.53402 0.5014605115885452
8.53523 0.5023340886134694
8.53644 0.5032076656383937
8.53764 0.504081242663318
8.53885 0.5049275204062134
8.54006 0.5058010974311375
8.54126 0.5066746744560617
8.54247 0.507548251480986
8.54368 0.5083945292238814
8.54488 0.5092681062488056
8.54609 0.5101416832737299
8.5473 0.5109879610166252
8.5485 0.5118615380415494
8.54971 0.5127351150664737
8.55092 0.5136086920913979
8.55212 0.5144549698342934
8.55333 0.5153285468592176
8.55454 0.5162021238841419
8.55574 0.5170757009090661
8.55695 0.5179219786519614
8.55816 0.5187955556768856
8.55936 0.5196691327018099
8.56057 0.5205427097267341
8.56178 0.5213889874696295
8.56299 0.5222352652125248
8.56419 0.5231088422374491
8.5654 0.5239551199803445
8.56661 0.5248013977232399
8.56781 0.5256203761841063
8.56902 0.5264393546449728
8.57023 0.5272583331058392
8.57143 0.5280500122846769
8.57264 0.5288416914635145
8.57385 0.529633370642352
8.57505 0.5303977505391607
8.57626 0.5311621304359695
8.57747 0.5318992110507493
8.57867 0.5326362916655292
8.57988 0.5333460729982801
8.58109 0.5340558543310311
8.58229 0.534765635663782
8.5835 0.5354481177145041
8.58471 0.5361033004831972
8.58591 0.5367584832518905
8.58712 0.5374136660205836
8.58833 0.5380415495072479
8.58954 0.5386694329939122
8.59074 0.5392427179165188
8.59195 0.5398160028391253
8.59316 0.5403892877617318
8.59436 0.5409352734023095
8.59557 0.5414539597608582
8.59678 0.5419726461194071
8.59798 0.542464033195927
8.59919 0.5429281209904179
8.6004 0.5433922087849089
8.6016 0.543828997297371
8.60281 0.5442384865278043
8.60402 0.5446479757582375
8.60522 0.5450574649886708
8.60643 0.545466954219104
8.60764 0.5458491441675083
8.60884 0.5462313341159127
8.61005 0.5466135240643171
8.61126 0.5469957140127214
8.61246 0.5473506046790969
8.61367 0.5477327946275012
8.61488 0.5480876852938767
8.61609 0.5484425759602521
8.61729 0.5488247659086566
8.6185 0.5491523572930032
8.61971 0.5494799486773497
8.62091 0.5498075400616963
8.62212 0.550107832164014
8.62333 0.5504081242663318
8.62453 0.5507084163686494
8.62574 0.5509814091889383
8.62695 0.5511998034451694
8.62815 0.5514181977014004
8.62936 0.5516092926756025
8.63057 0.5518003876498048
8.63177 0.5519368840599492
8.63298 0.5520733804700936
8.63419 0.5522098768802379
8.63539 0.5523190740083536
8.6366 0.5524282711364691
8.63781 0.5524828697005268
8.63901 0.5525647675466135
8.64022 0.5526466653927001
8.64143 0.5527285632387868
8.64264 0.5528104610848734
8.64384 0.5529196582129889
8.64505 0.5530015560590756
8.64626 0.5531107531871912
8.64746 0.5532199503153067
8.64867 0.553356446725451
8.64988 0.5534929431355955
8.65108 0.5536567388277688
8.65229 0.5538205345199421
8.6535 0.5540116294941443
8.6547 0.5541754251863176
8.65591 0.5543392208784909
8.65712 0.5545030165706641
8.65832 0.5546668122628374
8.65953 0.5548579072370395
8.66074 0.5549944036471841
8.66194 0.5551581993393574
8.66315 0.5552673964674728
8.66436 0.5553765935955884
8.66556 0.555485790723704
8.66677 0.5555676885697906
8.66798 0.5556222871338483
8.66919 0.5556768856979062
8.67039 0.5557314842619638
8.6716 0.5557587835439928
8.67281 0.5557860828260216
8.67401 0.5557860828260216
8.67522 0.5557860828260216
8.67643 0.5558133821080505
8.67763 0.5558133821080505
8.67884 0.5558406813900795
8.68005 0.5558679806721083
8.68125 0.5558952799541372
8.68246 0.5559225792361661
8.68367 0.5559771778002238
8.68487 0.5560317763642816
8.68608 0.5561136742103683
8.68729 0.5561955720564549
8.68849 0.5563047691845704
8.6897 0.5564412655947149
8.69091 0.5565504627228304
8.69211 0.5566869591329747
8.69332 0.5568234555431192
8.69453 0.5569599519532636
8.69574 0.5571237476454369
8.69694 0.5572875433376101
8.69815 0.5574240397477547
8.69936 0.5575878354399278
8.70056 0.5577243318500723
8.70177 0.5578608282602168
8.70298 0.5579973246703611
8.70418 0.5581065217984766
8.70539 0.5582430182086211
8.7066 0.5583522153367366
8.7078 0.5584887117468811
8.70901 0.5585979088749965
8.71022 0.5586798067210832
8.71142 0.5587890038491987
8.71263 0.5588982009773142
8.71384 0.5590073981054298
8.71504 0.5591438945155742
8.71625 0.5592803909257186
8.71746 0.5593895880538342
8.71866 0.5595533837460075
8.71987 0.5596898801561518
8.72108 0.5598536758483252
8.72229 0.5600447708225273
8.72349 0.5602631650787584
8.7247 0.5604542600529606
8.72591 0.5606999535912205
8.72711 0.5609456471294805
8.72832 0.5611913406677405
8.72953 0.5614643334880292
8.73073 0.5617646255903469
8.73194 0.5620649176926646
8.73315 0.5623925090770112
8.73435 0.562692801179329
8.73556 0.5630203925636755
8.73677 0.5633479839480221
8.73797 0.5636482760503398
8.73918 0.5639758674346864
8.74039 0.564303458819033
8.74159 0.5646310502033797
8.7428 0.5649313423056973
8.74401 0.565231634408015
8.74522 0.5655319265103328
8.74642 0.5658049193306216
8.74763 0.5660506128688815
8.74884 0.5663236056891703
8.75004 0.5665692992274303
8.75125 0.5668422920477191
8.75246 0.5670879855859791
8.75366 0.567333679124239
8.75487 0.5675793726624989
8.75608 0.5678250662007589
8.75728 0.5680707597390188
8.75849 0.5683437525593076
8.7597 0.5686440446616254
8.7609 0.5689170374819142
8.76211 0.5692173295842319
8.76332 0.5695176216865496
8.76452 0.5698452130708962
8.76573 0.5702001037372717
8.76694 0.5705549944036471
8.76814 0.5709644836340804
8.76935 0.5713466735824847
8.77056 0.571756162812918
8.77177 0.5721929513253802
8.77297 0.5726297398378423
8.77418 0.5730665283503044
8.77539 0.5735579154268242
8.77659 0.5740220032213152
8.7778 0.5745133902978351
8.77901 0.5750047773743551
8.78021 0.575468865168846
8.78142 0.575932952963337
8.78263 0.576397040757828
8.78383 0.5768338292702901
8.78504 0.5772979170647812
8.78625 0.5777347055772433
8.78745 0.5781714940897055
8.78866 0.5785809833201386
8.78987 0.578963173268543
8.79107 0.5793726624989762
8.79228 0.5797548524473806
8.79349 0.580137042395785
8.79469 0.5805465316262182
8.7959 0.5809833201386804
8.79711 0.5813928093691135
8.79832 0.5818295978815756
8.79952 0.5822936856760667
8.80073 0.5827577734705577
8.80194 0.5832764598291065
8.80314 0.5837951461876553
8.80435 0.5843684311102617
8.80556 0.5849690153148972
8.80676 0.5855968988015615
8.80797 0.5862520815702547
8.80918 0.5869345636209767
8.81038 0.5875897463896699
8.81159 0.5882995277224209
8.8128 0.5890366083372006
8.814 0.5897736889519806
8.81521 0.5905107695667604
8.81642 0.5912751494635691
8.81762 0.5920395293603778
8.81883 0.5927766099751576
8.82004 0.5935136905899374
8.82124 0.5942780704867462
8.82245 0.5950151511015259
8.82366 0.5957795309983347
8.82487 0.5965439108951434
8.82607 0.5973082907919521
8.82728 0.5980726706887608
8.82849 0.5988643498675985
8.82969 0.5996287297644072
8.8309 0.6004204089432448
8.83211 0.6012393874041112
8.83331 0.6020856651470066
8.83452 0.6029319428899019
8.83573 0.6038055199148261
8.83693 0.6046790969397504
8.83814 0.6055799732467035
8.83935 0.6064808495536567
8.84055 0.6074090251426387
8.84176 0.6083645000136496
8.84297 0.6093472741666893
8.84417 0.6103300483197291
8.84538 0.6113128224727689
8.84659 0.6123228959078376
8.84779 0.6133056700608773
8.849 0.6142884442139172
8.85021 0.6152985176489858
8.85142 0.6163085910840544
8.85262 0.6173186645191231
8.85383 0.6183287379541917
8.85504 0.6193115121072316
8.85624 0.6202669869782425
8.85745 0.6212224618492533
8.85866 0.6221779367202642
8.85986 0.6231061123092463
8.86107 0.6240615871802571
8.86228 0.6249624634872102
8.86348 0.6258906390761922
8.86469 0.6267915153831454
8.8659 0.6276923916900985
8.8671 0.6285659687150228
8.86831 0.629439545739947
8.86952 0.6303404220469001
8.87072 0.6312412983538532
8.87193 0.6321421746608064
8.87314 0.6330430509677596
8.87434 0.6339712265567415
8.87555 0.6348721028636947
8.87676 0.6358275777347056
8.87797 0.6367557533236876
8.87917 0.6377385274767273
8.88038 0.6387213016297671
8.88159 0.6397040757828069
8.88279 0.6407141492178755
8.884 0.6417242226529442
8.88521 0.6427615953700417
8.88641 0.6437716688051104
8.88762 0.6448363408042368
8.88883 0.6458737135213344
8.89003 0.6469383855204608
8.89124 0.6480030575195872
8.89245 0.6490404302366847
8.89365 0.6501051022358111
8.89486 0.6511424749529087
8.89607 0.6521798476700063
8.89727 0.6532445196691327
8.89848 0.6542818923862301
8.89969 0.6552919658212989
8.90089 0.6563020392563675
8.9021 0.6572848134094074
8.90331 0.6582675875624471
8.90452 0.6592503617154869
8.90572 0.6602058365864977
8.90693 0.6611613114575086
8.90814 0.6620894870464906
8.90934 0.6629903633534437
8.91055 0.663863940378368
8.91176 0.6647375174032922
8.91296 0.6655837951461876
8.91417 0.666402773607054
8.91538 0.6671944527858917
8.91658 0.6679861319647292
8.91779 0.668750511861538
8.919 0.6694875924763178
8.9202 0.6701973738090687
8.92141 0.6709071551418198
8.92262 0.6715896371925418
8.92382 0.672244819961235
8.92503 0.6729000027299281
8.92624 0.6735278862165924
8.92744 0.6741557697032567
8.92865 0.6747563539078921
8.92986 0.6753296388304987
8.93107 0.6759029237531052
8.93227 0.676421610111654
8.93348 0.6769675957522316
8.93469 0.6774589828287515
8.93589 0.6779503699052715
8.9371 0.6784144576997625
8.93831 0.6788512462122246
8.93951 0.6792880347246867
8.94072 0.67969752395512
8.94193 0.6800797139035243
8.94313 0.6804346045698998
8.94434 0.6807894952362752
8.94555 0.6811170866206219
8.94675 0.6814719772869973
8.94796 0.681772269389315
8.94917 0.6820725614916326
8.95037 0.6823728535939504
8.95158 0.6826458464142393
8.95279 0.6829188392345281
8.954 0.6831918320548168
8.9552 0.6834648248751058
8.95641 0.6837105184133657
8.95762 0.6839562119516256
8.95882 0.6842019054898856
8.96003 0.6844202997461166
8.96124 0.6846659932843766
8.96244 0.6848843875406077
8.96365 0.6851027817968387
8.96486 0.6852938767710408
8.96606 0.685512271027272
8.96727 0.6857033660014742
8.96848 0.6858944609756762
8.96968 0.6860855559498784
8.97089 0.6862493516420517
8.9721 0.6864404466162539
8.9733 0.6866042423084273
8.97451 0.6867407387185717
8.97572 0.686904534410745
8.97692 0.6870410308208894
8.97813 0.6871775272310338
8.97934 0.6873140236411782
8.98055 0.6874505200513226
8.98175 0.6875870164614669
8.98296 0.6876962135895827
8.98417 0.687832709999727
8.98537 0.6879419071278425
8.98658 0.6880784035379869
8.98779 0.6881876006661024
8.98899 0.6883240970762468
8.9902 0.6884332942043624
8.99141 0.6885697906145068
8.99261 0.6887062870246512
8.99382 0.6888427834347957
8.99503 0.6890065791269689
8.99623 0.6891430755371133
8.99744 0.6893068712292866
8.99865 0.68947066692146
8.99985 0.6896344626136333
9.00106 0.6898255575878355
9.00227 0.6900166525620375
9.00347 0.6902077475362397
9.00468 0.6903988425104419
9.00589 0.690617236766673
9.0071 0.690835631022904
9.0083 0.6910540252791351
9.00951 0.6912724195353662
9.01072 0.6914908137915973
9.01192 0.6917365073298571
9.01313 0.6919822008681171
9.01434 0.6922278944063771
9.01554 0.692473587944637
9.01675 0.6927465807649258
9.01796 0.6929922743031859
9.01916 0.6932652671234746
9.02037 0.6935382599437634
9.02158 0.6938385520460811
9.02278 0.69411154486637
9.02399 0.6944391362507165
9.0252 0.694794026917092
9.0264 0.6951489175834674
9.02761 0.6955311075318719
9.02882 0.6959405967623051
9.03002 0.6963500859927383
9.03123 0.6967868745052005
9.03244 0.6972782615817203
9.03365 0.6977696486582402
9.03485 0.6983156342988179
9.03606 0.6988889192214245
9.03727 0.6994622041440309
9.03847 0.7000900876306952
9.03968 0.7006906718353307
9.04089 0.701318555321995
9.04209 0.7019737380906881
9.0433 0.7026562201414103
9.04451 0.7033387021921322
9.04571 0.7040484835248833
9.04692 0.7047309655756053
9.04813 0.7054134476263274
9.04933 0.7060959296770494
9.05054 0.7067511124457426
9.05175 0.7074062952144359
9.05295 0.708061477983129
9.05416 0.7087166607518222
9.05537 0.7093445442384865
9.05657 0.7099997270071796
9.05778 0.710600311211815
9.05899 0.7112008954164504
9.0602 0.711801479621086
9.0614 0.7123747645436925
9.06261 0.7129753487483279
9.06382 0.7135759329529633
9.06502 0.7142038164396276
9.06623 0.7148044006442631
9.06744 0.7154322841309274
9.06864 0.7160601676175915
9.06985 0.7167153503862848
9.07106 0.717370533154978
9.07226 0.7180803144877289
9.07347 0.7187900958204798
9.07468 0.7195544757172886
9.07588 0.7203188556140973
9.07709 0.7211105347929349
9.0783 0.7219022139717726
9.0795 0.7227211924326389
9.08071 0.7235401708935054
9.08192 0.7243864486364008
9.08312 0.7252600256613251
9.08433 0.7261336026862493
9.08554 0.7270071797111736
9.08675 0.7278807567360978
9.08795 0.728754333761022
9.08916 0.7296006115039174
9.09037 0.7304468892468127
9.09157 0.7312931669897081
9.09278 0.7321121454505746
9.09399 0.7329311239114411
9.09519 0.7337501023723076
9.0964 0.7345144822691163
9.09761 0.7352788621659251
9.09881 0.735988643498676
9.10002 0.7366984248314269
9.10123 0.7374082061641779
9.10243 0.7381179874969288
9.10364 0.7388004695476508
9.10485 0.7395102508804019
9.10605 0.7401927329311239
9.10726 0.7408752149818459
9.10847 0.741557697032568
9.10967 0.7422674783653189
9.11088 0.7429772596980699
9.11209 0.7437143403128498
9.1133 0.7444787202096584
9.1145 0.7452431001064672
9.11571 0.7460620785673335
9.11692 0.7468810570282001
9.11812 0.7477000354890666
9.11933 0.748546313231962
9.12054 0.7493925909748572
9.12174 0.7502934672818103
9.12295 0.7511943435887636
9.12416 0.7520952198957167
9.12536 0.7530233954846987
9.12657 0.7539242717916519
9.12778 0.7548524473806337
9.12898 0.7557260244055581
9.13019 0.7566269007125113
9.1314 0.7575277770194644
9.1326 0.7584013540443886
9.13381 0.7592749310693128
9.13502 0.760148508094237
9.13622 0.7609674865551035
9.13743 0.7618137642979989
9.13864 0.7626054434768365
9.13985 0.763397122655674
9.14105 0.7641615025524828
9.14226 0.7649531817313204
9.14347 0.7656902623461003
9.14467 0.7664546422429089
9.14588 0.7671917228576888
9.14709 0.7679015041904397
9.14829 0.7686112855231908
9.1495 0.7693210668559417
9.15071 0.7700308481886925
9.15191 0.7707406295214436
9.15312 0.7714777101362235
9.15433 0.7722147907510032
9.15553 0.7729245720837541
9.15674 0.7736616526985339
9.15795 0.7744260325953427
9.15915 0.7751631132101224
9.16036 0.7759274931069312
9.16157 0.7767191722857688
9.16278 0.7775381507466353
9.16398 0.7783298299254728
9.16519 0.7791761076683683
9.1664 0.7799950861292346
9.1676 0.7808140645901012
9.16881 0.7816603423329965
9.17002 0.7824793207938631
9.17122 0.7833255985367583
9.17243 0.7841718762796538
9.17364 0.7849908547405202
9.17484 0.7858371324834157
9.17605 0.7866288116622533
9.17726 0.787393191559062
9.17846 0.7881575714558707
9.17967 0.7888946520706506
9.18088 0.7896317326854303
9.18208 0.7903415140181812
9.18329 0.7910239960689034
9.1845 0.7916791788375964
9.1857 0.7923343616062897
9.18691 0.7929349458109252
9.18812 0.7935355300155605
9.18933 0.794108814938167
9.19053 0.7946548005787447
9.19174 0.7952007862193223
9.19295 0.7957740711419289
9.19415 0.7963200567825066
9.19536 0.7968387431410553
9.19657 0.7973574294996041
9.19777 0.7978761158581528
9.19898 0.7983948022167017
9.20019 0.7989407878572793
9.20139 0.799486773497857
9.2026 0.8000600584204635
9.20381 0.8006606426250988
9.20501 0.8012612268297343
9.20622 0.8018891103163986
9.20743 0.802516993803063
9.20863 0.8031721765717562
9.20984 0.8038546586224782
9.21105 0.8045371406732004
9.21225 0.8052742212879801
9.21346 0.8060113019027599
9.21467 0.8067756817995687
9.21588 0.8075127624143484
9.21708 0.8082225437470993
9.21829 0.8089323250798502
9.2195 0.8096148071305724
9.2207 0.8103245884633233
9.22191 0.8110070705140454
9.22312 0.8116895525647675
9.22432 0.8123174360514318
9.22553 0.8129180202560672
9.22674 0.8134913051786736
9.22794 0.8140099915372225
9.22915 0.8145286778957713
9.23036 0.8149927656902624
9.23156 0.8154568534847533
9.23277 0.8159209412792442
9.23398 0.8163577297917064
9.23518 0.8167945183041686
9.23639 0.8172040075346018
9.2376 0.8175861974830061
9.2388 0.8179956867134395
9.24001 0.8183778766618437
9.24122 0.818787365892277
9.24243 0.8192241544047392
9.24363 0.8196609429172013
9.24484 0.8201250307116923
9.24605 0.8205891185061833
9.24725 0.8210532063006744
9.24846 0.8215172940951652
9.24967 0.822035980453714
9.25087 0.8225273675302339
9.25208 0.8230733531708115
9.25329 0.8236193388113893
9.25449 0.8241926237339958
9.2557 0.8247386093745733
9.25691 0.8253118942971799
9.25811 0.8258851792197865
9.25932 0.826458464142393
9.26053 0.8270590483470285
9.26173 0.8276323332696349
9.26294 0.8282329174742703
9.26415 0.8288062023968769
9.26535 0.8293794873194835
9.26656 0.8299254729600611
9.26777 0.8304714586006386
9.26898 0.8309901449591875
9.27018 0.8315088313177363
9.27139 0.8320002183942561
9.2726 0.8324643061887471
9.2738 0.8329283939832381
9.27501 0.8333651824957002
9.27622 0.8337746717261336
9.27742 0.834156861674538
9.27863 0.8345390516229423
9.27984 0.8348666430072887
9.28104 0.8352215336736644
9.28225 0.8355491250580109
9.28346 0.8359040157243864
9.28466 0.8362589063907618
9.28587 0.8365864977751084
9.28708 0.8369140891594551
9.28828 0.8372689798258305
9.28949 0.837623870492206
9.2907 0.8379787611585815
9.2919 0.8383882503890147
9.29311 0.8387977396194479
9.29432 0.839261827413939
9.29553 0.8397259152084299
9.29673 0.8401900030029209
9.29794 0.8406813900794409
9.29915 0.8412000764379897
9.30035 0.8416914635145095
9.30156 0.8422374491550872
9.30277 0.8428107340776937
9.30397 0.8433840190003002
9.30518 0.8439573039229067
9.30639 0.8445305888455134
9.30759 0.8451038737681199
9.3088 0.8456498594086974
9.31001 0.8461958450492753
9.31121 0.8467418306898528
9.31242 0.8472878163304304
9.31363 0.8478338019710081
9.31483 0.8483524883295568
9.31604 0.8488711746881057
9.31725 0.8493898610466545
9.31845 0.8498539488411454
9.31966 0.8503180366356363
9.32087 0.8507821244301274
9.32208 0.8512462122246184
9.32328 0.8516830007370805
9.32449 0.8521470885315715
9.3257 0.8526111763260625
9.3269 0.8530752641205536
9.32811 0.8535393519150446
9.32932 0.8540307389915645
9.33052 0.8544948267860555
9.33173 0.8549862138625755
9.33294 0.8554776009390952
9.33414 0.855996287297644
9.33535 0.8565149736561927
9.33656 0.8570609592967705
9.33776 0.8575796456553192
9.33897 0.8581529305779257
9.34018 0.8586989162185034
9.34138 0.859244901859081
9.34259 0.8597908874996587
9.3438 0.8603368731402363
9.345 0.860882858780814
9.34621 0.8614288444213917
9.34742 0.8619748300619693
9.34863 0.862520815702547
9.34983 0.8630668013431246
9.35104 0.8635854877016734
9.35225 0.864131473342251
9.35345 0.8646501597007998
9.35466 0.8651688460593485
9.35587 0.8656875324178973
9.35707 0.8661789194944173
9.35828 0.866670306570937
9.35949 0.867161693647457
9.36069 0.867625781441948
9.3619 0.868089869236439
9.36311 0.8685539570309301
9.36431 0.8689907455433922
9.36552 0.8694548333378831
9.36673 0.8698916218503453
9.36793 0.8703011110807785
9.36914 0.8707378995932407
9.37035 0.871120089541645
9.37155 0.8715295787720782
9.37276 0.8719390680025115
9.37397 0.8723485572329447
9.37518 0.872758046463378
9.37638 0.8731675356938112
9.37759 0.8736043242062733
9.3788 0.8740411127187354
9.38 0.8744779012311976
9.38121 0.8749419890256885
9.38242 0.8753787775381507
9.38362 0.8758428653326417
9.38483 0.8763342524091616
9.38604 0.8767983402036527
9.38724 0.8773170265622013
9.38845 0.8778084136387212
9.38966 0.8783270999972701
9.39086 0.8788184870737898
9.39207 0.8793371734323386
9.39328 0.8798285605088586
9.39448 0.8803199475853783
9.39569 0.8808386339439273
9.3969 0.8813300210204471
9.39811 0.881821408096967
9.39931 0.8823127951734868
9.40052 0.8828041822500068
9.40173 0.8832682700444978
9.40293 0.8837596571210177
9.40414 0.8841964456334798
9.40535 0.8846605334279708
9.40655 0.8850973219404329
9.40776 0.885534110452895
9.40897 0.8859708989653572
9.41017 0.8864076874778193
9.41138 0.8868444759902814
9.41259 0.8872539652207146
9.41379 0.8876634544511479
9.415 0.8880729436815811
9.41621 0.8884551336299855
9.41741 0.8888646228604187
9.41862 0.889246812808823
9.41983 0.8896563020392564
9.42103 0.8900384919876606
9.42224 0.890420681936065
9.42345 0.8908028718844694
9.42466 0.8911577625508449
9.42586 0.8915399524992491
9.42707 0.8918948431656247
9.42828 0.8922497338320002
9.42948 0.8926046244983756
9.43069 0.8929595151647511
9.4319 0.8933144058311266
9.4331 0.893669296497502
9.43431 0.8939968878818486
9.43552 0.8943244792661953
9.43672 0.8946520706505419
9.43793 0.8949523627528596
9.43914 0.8952799541372062
9.44034 0.8955802462395239
9.44155 0.8958805383418416
9.44276 0.8961808304441593
9.44396 0.896481122546477
9.44517 0.8967814146487947
9.44638 0.8970817067511124
9.44758 0.8973819988534302
9.44879 0.8976822909557478
9.45 0.8979825830580656
9.45121 0.8982828751603833
9.45241 0.8985831672627009
9.45362 0.8988834593650187
9.45483 0.8991837514673363
9.45603 0.899511342851683
9.45724 0.8998116349540007
9.45845 0.9001119270563184
9.45965 0.900439518440665
9.46086 0.9007125112609538
9.46207 0.9009855040812426
9.46327 0.9012857961835603
9.46448 0.9015314897218202
9.46569 0.9018044825421091
9.46689 0.9020501760803691
9.4681 0.902295869618629
9.46931 0.90251426387486
9.47051 0.902732658131091
9.47172 0.9029237531052933
9.47293 0.9030875487974666
9.47413 0.9032513444896398
9.47534 0.9033878408997843
9.47655 0.9035243373099286
9.47776 0.903660833720073
9.47896 0.9037700308481887
9.48017 0.9039065272583331
9.48138 0.9039884251044197
9.48258 0.9040976222325352
9.48379 0.9041795200786219
9.485 0.9042614179247085
9.4862 0.9043433157707952
9.48741 0.9044525128989107
9.48862 0.9045344107449974
9.48982 0.9046436078731129
9.49103 0.9047528050012283
9.49224 0.9048620021293439
9.49344 0.9049711992574595
9.49465 0.905080396385575
9.49586 0.9052168927957194
9.49706 0.9053260899238349
9.49827 0.9054625863339792
9.49948 0.9056263820261526
9.50068 0.905762878436297
9.50189 0.9059266741284703
9.5031 0.9060631705386147
9.50431 0.9061996669487592
9.50551 0.9063361633589037
9.50672 0.906472659769048
9.50793 0.9066091561791925
9.50913 0.9067183533073079
9.51034 0.9068548497174523
9.51155 0.906964046845568
9.51275 0.9070732439736835
9.51396 0.9071824411017989
9.51517 0.9072643389478857
9.51637 0.9073189375119434
9.51758 0.9074008353580301
9.51879 0.9074554339220877
9.51999 0.9075100324861456
9.5212 0.9075646310502034
9.52241 0.9075919303322322
9.52361 0.907619229614261
9.52482 0.9076465288962899
9.52603 0.9076738281783189
9.52723 0.9076738281783189
9.52844 0.9077011274603478
9.52965 0.9077011274603478
9.53086 0.9076738281783189
9.53206 0.9076738281783189
9.53327 0.9076738281783189
9.53448 0.9076465288962899
9.53568 0.907619229614261
9.53689 0.9075919303322322
9.5381 0.9075646310502034
9.5393 0.9075100324861456
9.54051 0.9074827332041167
9.54172 0.9074281346400588
9.54292 0.9073735360760011
9.54413 0.9073189375119434
9.54534 0.9072643389478857
9.54654 0.9072097403838278
9.54775 0.9071551418197701
9.54896 0.9071005432557123
9.55016 0.9070732439736835
9.55137 0.9070186454096256
9.55258 0.9069913461275967
9.55378 0.906964046845568
9.55499 0.9069094482815101
9.5562 0.9068821489994813
9.55741 0.9068275504354234
9.55861 0.9067729518713658
9.55982 0.9067456525893368
9.56103 0.906691054025279
9.56223 0.9066364554612214
9.56344 0.9065818568971635
9.56465 0.9064999590510769
9.56585 0.9064180612049902
9.56706 0.9062815647948458
9.56827 0.9061177691026725
9.56947 0.9059539734104992
9.57068 0.905762878436297
9.57189 0.9055717834620949
9.57309 0.9053806884878927
9.5743 0.9051622942316616
9.57551 0.9049438999754306
9.57671 0.9046982064371706
9.57792 0.9044525128989107
9.57913 0.9042068193606508
9.58033 0.903933826540362
9.58154 0.9036881330021019
9.58275 0.903469738745871
9.58396 0.9032786437716688
9.58516 0.9031148480794955
9.58637 0.9029510523873221
9.58758 0.9028145559771777
9.58878 0.9027053588490622
9.58999 0.9025961617209466
9.5912 0.9025415631568889
9.5924 0.9024869645928312
9.59361 0.9024596653108022
9.59482 0.9024596653108022
9.59602 0.9024869645928312
9.59723 0.9025415631568889
9.59844 0.9025961617209466
9.59964 0.9026780595670334
9.60085 0.90275995741312
9.60206 0.9028145559771777
9.60326 0.9028964538232643
9.60447 0.90300565095138
9.60568 0.9031148480794955
9.60689 0.9032240452076109
9.60809 0.9033332423357265
9.6093 0.9034151401818131
9.61051 0.9034970380278997
9.61171 0.9035789358739865
9.61292 0.9036335344380443
9.61413 0.9036881330021019
9.61533 0.9037427315661598
9.61654 0.9037973301302175
9.61775 0.9038519286942752
9.61895 0.9038792279763042
9.62016 0.9038792279763042
9.62137 0.9038792279763042
9.62257 0.9038792279763042
9.62378 0.9038519286942752
9.62499 0.9038519286942752
9.62619 0.9038246294122464
9.6274 0.9037973301302175
9.62861 0.9037973301302175
9.62981 0.9037700308481887
9.63102 0.9037700308481887
9.63223 0.9037427315661598
9.63344 0.9037154322841309
9.63464 0.9037154322841309
9.63585 0.9037427315661598
9.63706 0.9037700308481887
9.63826 0.9037973301302175
9.63947 0.9038519286942752
9.64068 0.903933826540362
9.64188 0.9040157243864486
9.64309 0.9040976222325352
9.6443 0.9042068193606508
9.6455 0.9043160164887662
9.64671 0.9044525128989107
9.64792 0.904616308591084
9.64912 0.9047801042832573
9.65033 0.9049711992574595
9.65154 0.9051622942316616
9.65274 0.9053806884878927
9.65395 0.9055990827441238
9.65516 0.9057901777183259
9.65636 0.9060085719745571
9.65757 0.906254265512817
9.65878 0.906472659769048
9.65999 0.9067183533073079
9.66119 0.906964046845568
9.6624 0.9071824411017989
9.66361 0.9074281346400588
9.66481 0.907619229614261
9.66602 0.9078376238704922
9.66723 0.9080287188446944
9.66843 0.9082198138188965
9.66964 0.9084109087930987
9.67085 0.9086020037673009
9.67205 0.9087657994594742
9.67326 0.9089568944336762
9.67447 0.9090933908438207
9.67567 0.909257186535994
9.67688 0.9093936829461385
9.67809 0.9095301793562829
9.67929 0.9096666757664273
9.6805 0.9098031721765717
9.68171 0.909966967868745
9.68291 0.9101034642788894
9.68412 0.9102672599710627
9.68533 0.9104583549452648
9.68654 0.9106221506374381
9.68774 0.9107859463296114
9.68895 0.9109770413038136
9.69016 0.9111954355600448
9.69136 0.9113865305342468
9.69257 0.9116322240725069
9.69378 0.9118779176107668
9.69498 0.9121236111490266
9.69619 0.9123966039693155
9.6974 0.9126695967896044
9.6986 0.9129425896098932
9.69981 0.913215582430182
9.70102 0.9135158745324997
9.70222 0.9138161666348174
9.70343 0.9141164587371351
9.70464 0.9144167508394528
9.70584 0.9147443422237994
9.70705 0.9150719336081461
9.70826 0.9153722257104637
9.70946 0.9156725178127815
9.71067 0.9159728099150991
9.71188 0.9163004012994458
9.71309 0.9166006934017635
9.71429 0.9169009855040812
9.7155 0.91717397832437
9.71671 0.9174742704266877
9.71791 0.9177472632469765
9.71912 0.9180202560672654
9.72033 0.9182659496055253
9.72153 0.9185116431437852
9.72274 0.9187573366820453
9.72395 0.9190030302203052
9.72515 0.9192214244765362
9.72636 0.9194671180147962
9.72757 0.9196855122710272
9.72877 0.9199312058092871
9.72998 0.9201496000655183
9.73119 0.9203679943217493
9.73239 0.9206136878600092
9.7336 0.9208320821162402
9.73481 0.9210777756545002
9.73601 0.9213234691927602
9.73722 0.921596462013049
9.73843 0.9218694548333378
9.73964 0.9221697469356555
9.74084 0.9224700390379732
9.74205 0.922770331140291
9.74326 0.9230706232426086
9.74446 0.9233982146269553
9.74567 0.9237258060113018
9.74688 0.9240533973956485
9.74808 0.9244082880620238
9.74929 0.9247631787283994
9.7505 0.9251180693947749
9.7517 0.9254729600611503
9.75291 0.9258278507275258
9.75412 0.9261554421118724
9.75532 0.9265103327782479
9.75653 0.9268106248805656
9.75774 0.9271382162649121
9.75894 0.9274658076492587
9.76015 0.9277660997515764
9.76136 0.9280663918538942
9.76256 0.9283666839562118
9.76377 0.9286669760585295
9.76498 0.9289399688788185
9.76619 0.9291856624170783
9.76739 0.9294313559553383
9.7686 0.9296770494935983
9.76981 0.9298954437498292
9.77101 0.9301411372880893
9.77222 0.9303595315443203
9.77343 0.9305779258005514
9.77463 0.9308236193388113
9.77584 0.9310420135950425
9.77705 0.9312604078512734
9.77825 0.9314515028254756
9.77946 0.9316698970817067
9.78067 0.9319155906199666
9.78187 0.9321339848761976
9.78308 0.9323796784144577
9.78429 0.9326526712347465
9.78549 0.9328983647730064
9.7867 0.9331713575932953
9.78791 0.933471649695613
9.78911 0.9337446425159018
9.79032 0.9340722339002484
9.79153 0.9343725260025662
9.79274 0.9347274166689415
9.79394 0.935082307335317
9.79515 0.9354644972837213
9.79636 0.9358466872321257
9.79756 0.936256176462559
9.79877 0.9366656656929923
9.79998 0.9370751549234255
9.80118 0.9374846441538587
9.80239 0.9379214326663208
9.8036 0.9383855204608118
9.8048 0.9388223089732739
9.80601 0.9393136960497939
9.80722 0.9397777838442848
9.80842 0.9402418716387758
9.80963 0.9406786601512379
9.81084 0.9411427479457289
9.81204 0.941579536458191
9.81325 0.9420163249706531
9.81446 0.9424531134831153
9.81567 0.9428899019955774
9.81687 0.9433266905080396
9.81808 0.9437361797384728
9.81929 0.9441729682509349
9.82049 0.9445551581993392
9.8217 0.9449646474297726
9.82291 0.9453468373781768
9.82411 0.9457290273265813
9.82532 0.9461112172749856
9.82653 0.94649340722339
9.82773 0.9468755971717943
9.82894 0.9472304878381699
9.83015 0.9476126777865741
9.83135 0.9479675684529496
9.83256 0.9483224591193251
9.83377 0.9486773497857005
9.83497 0.949032240452076
9.83618 0.9493871311184516
9.83739 0.9497420217848269
9.83859 0.9500969124512025
9.8398 0.9504245038355491
9.84101 0.9507793945019245
9.84222 0.9511069858862711
9.84342 0.9514345772706178
9.84463 0.9517621686549643
9.84584 0.9520897600393109
9.84704 0.9524446507056863
9.84825 0.952772242090033
9.84946 0.9530998334743795
9.85066 0.9534274248587261
9.85187 0.9537550162430728
9.85308 0.9541099069094482
9.85428 0.9544374982937948
9.85549 0.9547650896781414
9.8567 0.955092681062488
9.8579 0.9554475717288635
9.85911 0.95577516311321
9.86032 0.9561300537795855
9.86152 0.9564576451639322
9.86273 0.9568125358303077
9.86394 0.9571401272146541
9.86514 0.9574677185990007
9.86635 0.9577953099833474
9.86756 0.958122901367694
9.86877 0.9584504927520406
9.86997 0.9587780841363872
9.87118 0.959078376238705
9.87239 0.9594059676230514
9.87359 0.959706259725369
9.8748 0.9600065518276868
9.87601 0.9603068439300046
9.87721 0.9606071360323224
9.87842 0.96090742813464
9.87963 0.9611804209549288
9.88083 0.9614807130572466
9.88204 0.9617537058775354
9.88325 0.962053997979853
9.88445 0.9623542900821708
9.88566 0.9626272829024596
9.88687 0.9629548742868062
9.88807 0.9632551663891239
9.88928 0.9635554584914416
9.89049 0.9638557505937593
9.89169 0.964183341978106
9.8929 0.9644836340804236
9.89411 0.9648112254647703
9.89532 0.9651388168491168
9.89652 0.9654664082334633
9.89773 0.9658212988998388
9.89894 0.9661488902841855
9.90014 0.966503780950561
9.90135 0.9668586716169364
9.90256 0.967186263001283
9.90376 0.9675411536676585
9.90497 0.9678687450520052
9.90618 0.9682236357183805
9.90738 0.9685512271027271
9.90859 0.9688788184870737
9.9098 0.9692064098714204
9.911 0.9695613005377958
9.91221 0.9698888919221423
9.91342 0.9701891840244601
9.91462 0.9705167754088067
9.91583 0.9708443667931533
9.91704 0.971144658895471
9.91824 0.9714722502798177
9.91945 0.9717725423821353
9.92066 0.972072834484453
9.92187 0.9723731265867708
9.92307 0.9726734186890884
9.92428 0.9729737107914062
9.92549 0.9732740028937238
9.92669 0.9736015942780705
9.9279 0.9739018863803882
9.92911 0.9741748792006769
9.93031 0.9744751713029947
9.93152 0.9747754634053124
9.93273 0.9750484562256012
9.93393 0.9753214490458899
9.93514 0.9755944418661789
9.93635 0.9758674346864677
9.93755 0.9761404275067566
9.93876 0.9763861210450164
9.93997 0.9766318145832764
9.94117 0.9768775081215363
9.94238 0.9770959023777674
9.94359 0.9773142966339984
9.94479 0.9775053916082006
9.946 0.9776964865824028
9.94721 0.9778875815566049
9.94842 0.9780786765308072
9.94962 0.9782424722229804
9.95083 0.9783789686331249
9.95204 0.9785427643252982
9.95324 0.9786519614534136
9.95445 0.9787884578635582
9.95566 0.9788976549916737
9.95686 0.9790068521197892
9.95807 0.9790887499658759
9.95928 0.9791706478119625
9.96048 0.9792525456580491
9.96169 0.9793071442221069
9.9629 0.9793890420681935
9.9641 0.9794163413502224
9.96531 0.9794709399142801
9.96652 0.9794982391963091
9.96772 0.979525538478338
9.96893 0.9795528377603667
9.97014 0.9795801370423957
9.97134 0.9795801370423957
9.97255 0.9795801370423957
9.97376 0.9796074363244246
9.97497 0.9795801370423957
9.97617 0.9795801370423957
9.97738 0.9795801370423957
9.97859 0.9795528377603667
9.97979 0.979525538478338
9.981 0.9794982391963091
9.98221 0.9794709399142801
9.98341 0.9794436406322513
9.98462 0.9793890420681935
9.98583 0.9793617427861647
9.98703 0.9793071442221069
9.98824 0.9792252463760203
9.98945 0.9791706478119625
9.99065 0.9790887499658759
9.99186 0.9789795528377603
9.99307 0.9788976549916737
9.99427 0.9787884578635582
9.99548 0.9786519614534136
9.99669 0.9785154650432693
9.99789 0.9783789686331249
9.9991 0.9782424722229804
10.00031 0.9780786765308072
10.00152 0.9779148808386339
10.00272 0.9777237858644318
10.00393 0.9775326908902295
10.00514 0.9773415959160273
10.00634 0.9771505009418251
10.00755 0.9769321066855942
10.00876 0.976713712429363
10.00996 0.9765226174551608
10.01117 0.9763042231989298
10.01238 0.97605852966067
10.01358 0.9758401354044388
10.01479 0.9756217411482077
10.016 0.9753760476099478
10.0172 0.9751576533537168
10.01841 0.9749119598154568
10.01962 0.9746662662771969
10.02082 0.9744478720209657
10.02203 0.9742021784827058
10.02324 0.9739564849444459
10.02445 0.973710791406186
10.02565 0.973465097867926
10.02686 0.973219404329666
10.02807 0.9729737107914062
10.02927 0.9727007179711173
10.03048 0.9724550244328573
10.03169 0.9721820316125686
10.03289 0.9719090387922797
10.0341 0.971608746689962
10.03531 0.9713357538696732
10.03651 0.9710354617673554
10.03772 0.9707351696650378
10.03893 0.9704348775627201
10.04013 0.9701072861783735
10.04134 0.9697796947940268
10.04255 0.9694521034096802
10.04375 0.9690972127433048
10.04496 0.9687696213589583
10.04617 0.9684147306925828
10.04737 0.9680598400262072
10.04858 0.9676776500778029
10.04979 0.9672954601293985
10.051 0.9669132701809942
10.0522 0.9665310802325897
10.05341 0.9661215910021566
10.05462 0.9657394010537522
10.05582 0.965329911823319
10.05703 0.9649204225928857
10.05824 0.9645382326444815
10.05944 0.9641287434140481
10.06065 0.9637192541836149
10.06186 0.9633097649531818
10.06306 0.9629002757227484
10.06427 0.9624907864923151
10.06548 0.9621085965439109
10.06668 0.9617264065955065
10.06789 0.961371515929131
10.0691 0.9610166252627556
10.0703 0.96066173459638
10.07151 0.9603068439300046
10.07272 0.9599792525456581
10.07392 0.9596789604433403
10.07513 0.9593513690589938
10.07634 0.959078376238705
10.07755 0.9588053834184159
10.07875 0.9585323905981272
10.07996 0.9583139963418962
10.08117 0.9580683028036362
10.08237 0.9578772078294341
10.08358 0.9576588135732029
10.08479 0.9574677185990007
10.08599 0.9572766236247987
10.0872 0.9570855286505965
10.08841 0.9568944336763943
10.08961 0.956703338702192
10.09082 0.9565122437279899
10.09203 0.9563484480358166
10.09323 0.9561573530616144
10.09444 0.9559935573694411
10.09565 0.9558024623952389
10.09685 0.9556113674210367
10.09806 0.9554202724468346
10.09927 0.9552018781906035
10.10047 0.9549834839343725
10.10168 0.9547650896781414
10.10289 0.9545466954219104
10.1041 0.9543283011656792
10.1053 0.954137206191477
10.10651 0.9539188119352461
10.10772 0.9537277169610439
10.10892 0.9535093227048127
10.11013 0.9533182277306107
10.11134 0.9531271327564085
10.11254 0.9529360377822063
10.11375 0.952744942808004
10.11496 0.9525811471158308
10.11616 0.9524173514236576
10.11737 0.9523081542955419
10.11858 0.9521989571674264
10.11978 0.9520897600393109
10.12099 0.9520078621932242
10.1222 0.9519532636291665
10.1234 0.9518986650651087
10.12461 0.9518713657830798
10.12582 0.9518440665010509
10.12702 0.9518713657830798
10.12823 0.9518986650651087
10.12944 0.9519532636291665
10.13065 0.9520351614752531
10.13185 0.9521443586033687
10.13306 0.9522535557314843
10.13427 0.9523627528595997
10.13547 0.9524992492697442
10.13668 0.9526357456798885
10.13789 0.9527995413720618
10.13909 0.9529633370642352
10.1403 0.9531544320384374
10.14151 0.9533455270126394
10.14271 0.9535366219868416
10.14392 0.9537277169610439
10.14513 0.9539188119352461
10.14633 0.9541099069094482
10.14754 0.9542737026016215
10.14875 0.9544374982937948
10.14995 0.954601293985968
10.15116 0.9547650896781414
10.15237 0.9549015860882858
10.15357 0.9550380824984301
10.15478 0.9551745789085746
10.15599 0.955311075318719
10.1572 0.9554202724468346
10.1584 0.9555021702929212
10.15961 0.955584068139008
10.16082 0.9556386667030656
10.16202 0.9556932652671234
10.16323 0.9557478638311813
10.16444 0.9558024623952389
10.16564 0.9558570609592967
10.16685 0.9559389588053833
10.16806 0.9559935573694411
10.16926 0.9560208566514701
10.17047 0.9560754552155277
10.17168 0.9561300537795855
10.17288 0.9561846523436434
10.17409 0.956239250907701
10.1753 0.9563211487537877
10.1765 0.9564030465998743
10.17771 0.9565122437279899
10.17892 0.9566487401381344
10.18012 0.9567579372662498
10.18133 0.9568944336763943
10.18254 0.9570309300865386
10.18375 0.9571947257787119
10.18495 0.9573312221888564
10.18616 0.9574677185990007
10.18737 0.9576315142911741
10.18857 0.9577953099833474
10.18978 0.9579864049575496
10.19099 0.9581502006497229
10.19219 0.958341295623925
10.1934 0.9585050913160983
10.19461 0.9586688870082716
10.19581 0.9588053834184159
10.19702 0.9589418798285605
10.19823 0.959051076956676
10.19943 0.9591602740847915
10.20064 0.959269471212907
10.20185 0.9593786683410226
10.20305 0.9594605661871092
10.20426 0.959515164751167
10.20547 0.9595697633152247
10.20667 0.9596243618792825
10.20788 0.9596516611613114
10.20909 0.9596516611613114
10.2103 0.9596516611613114
10.2115 0.9596243618792825
10.21271 0.9595970625972536
10.21392 0.9595697633152247
10.21512 0.959542464033196
10.21633 0.959515164751167
10.21754 0.9594878654691381
10.21874 0.9594332669050802
10.21995 0.9593786683410226
10.22116 0.9593513690589938
10.22236 0.9592967704949359
10.22357 0.9592421719308782
10.22478 0.9592148726488493
10.22598 0.9591875733668204
10.22719 0.9591875733668204
10.2284 0.9591875733668204
10.2296 0.9592148726488493
10.23081 0.9592421719308782
10.23202 0.959269471212907
10.23323 0.9592967704949359
10.23443 0.9593240697769648
10.23564 0.9593786683410226
10.23685 0.9594332669050802
10.23805 0.959515164751167
10.23926 0.9595970625972536
10.24047 0.9596789604433403
10.24167 0.9597881575714559
10.24288 0.9598700554175424
10.24409 0.9599519532636291
10.24529 0.9600338511097157
10.2465 0.9601157489558024
10.24771 0.9601703475198601
10.24891 0.960224946083918
10.25012 0.9602795446479757
10.25133 0.9603068439300046
10.25253 0.9603341432120334
10.25374 0.9603614424940623
10.25495 0.9603614424940623
10.25615 0.9603341432120334
10.25736 0.9602795446479757
10.25857 0.960197646801889
10.25978 0.9601157489558024
10.26098 0.9600065518276868
10.26219 0.9598700554175424
10.2634 0.959733559007398
10.2646 0.9595697633152247
10.26581 0.9593786683410226
10.26702 0.9591875733668204
10.26822 0.9589691791105893
10.26943 0.9587234855723293
10.27064 0.9584777920340695
10.27184 0.9581774999317518
10.27305 0.9579045071114628
10.27426 0.9575769157271163
10.27546 0.9572766236247987
10.27667 0.956949032240452
10.27788 0.9566214408561055
10.27908 0.9562938494717589
10.28029 0.9559389588053833
10.2815 0.955584068139008
10.2827 0.9552018781906035
10.28391 0.9548196882421992
10.28512 0.9544374982937948
10.28633 0.9540553083453905
10.28753 0.9536458191149572
10.28874 0.9532636291665528
10.28995 0.9528541399361197
10.29115 0.9524719499877152
10.29236 0.9520624607572821
10.29357 0.95162567224482
10.29477 0.9512161830143867
10.29598 0.9507520952198957
10.29719 0.9503153067074335
10.29839 0.9498239196309137
10.2996 0.9493598318364227
10.30081 0.9488684447599027
10.30201 0.9483770576833829
10.30322 0.9478583713248342
10.30443 0.9473123856842564
10.30563 0.9467664000436788
10.30684 0.9461931151210723
10.30805 0.945565231634408
10.30925 0.9449373481477437
10.31046 0.9442548660970215
10.31167 0.9435723840462995
10.31288 0.9428626027135486
10.31408 0.9421528213807976
10.31529 0.9413884414839888
10.3165 0.9406240615871801
10.3177 0.9398323824083427
10.31891 0.9390134039474761
10.32012 0.9381944254866096
10.32132 0.9373208484616854
10.32253 0.9364199721547323
10.32374 0.9355190958477791
10.32494 0.9345909202587971
10.32615 0.933690043951844
10.32736 0.9327618683628619
10.32856 0.93183369277388
10.32977 0.930905517184898
10.33098 0.9299500423138871
10.33218 0.9289945674428761
10.33339 0.9280390925718652
10.3346 0.9270836177008545
10.3358 0.9261008435478146
10.33701 0.9251453686768039
10.33822 0.9241898938057929
10.33943 0.9232617182168108
10.34063 0.9223335426278289
10.34184 0.9214053670388468
10.34305 0.9204771914498647
10.34425 0.9195490158608827
10.34546 0.9186208402719008
10.34667 0.9176926646829188
10.34787 0.9167644890939368
10.34908 0.9158636127869837
10.35029 0.9149354371980016
10.35149 0.9140345608910485
10.3527 0.9131336845840954
10.35391 0.9122055089951133
10.35511 0.9113046326881603
10.35632 0.9104037563812072
10.35753 0.9094755807922251
10.35873 0.908574704485272
10.35994 0.9076465288962899
10.36115 0.906691054025279
10.36235 0.905762878436297
10.36356 0.9048074035652862
10.36477 0.9038519286942752
10.36598 0.9028964538232643
10.36718 0.9019409789522536
10.36839 0.9009582047992137
10.3696 0.9000027299282027
10.3708 0.899019955775163
10.37201 0.8980371816221232
10.37322 0.8970544074690835
10.37442 0.8960716333160437
10.37563 0.895088859163004
10.37684 0.8940787857279353
10.37804 0.8931233108569244
10.37925 0.8921405367038846
10.38046 0.8911850618328738
10.38166 0.8902295869618628
10.38287 0.8893014113728808
10.38408 0.8883459365018699
10.38528 0.887417760912888
10.38649 0.886489585323906
10.3877 0.8855614097349239
10.3889 0.8846605334279708
10.39011 0.8837869564030466
10.39132 0.8829133793781223
10.39253 0.882067101635227
10.39373 0.8812208238923315
10.39494 0.8804018454314652
10.39615 0.8795828669705986
10.39735 0.8787911877917609
10.39856 0.8779995086129234
10.39977 0.8772078294340858
10.40097 0.8764434495372772
10.40218 0.8756790696404684
10.40339 0.8749419890256885
10.40459 0.8742322076929376
10.4058 0.8735224263601866
10.40701 0.8728126450274357
10.40821 0.8721301629767136
10.40942 0.8714476809259916
10.41063 0.8707651988752695
10.41183 0.8700827168245475
10.41304 0.8694275340558543
10.41425 0.8687723512871611
10.41545 0.8681444678004968
10.41666 0.8675165843138325
10.41787 0.8668887008271682
10.41908 0.8662608173405039
10.42028 0.8656602331358685
10.42149 0.865059648931233
10.4227 0.8644590647265976
10.4239 0.8638584805219622
10.42511 0.8632578963173267
10.42632 0.8626573121126914
10.42752 0.862056727908056
10.42873 0.8614834429854494
10.42994 0.8609101580628428
10.43114 0.8603641724222653
10.43235 0.8598454860637166
10.43356 0.8593267997051677
10.43476 0.8587808140645902
10.43597 0.8582894269880702
10.43718 0.8577707406295214
10.43838 0.8573066528350304
10.43959 0.8568425650405394
10.4408 0.8564057765280773
10.44201 0.8560235865796729
10.44321 0.8556686959132974
10.44442 0.8553411045289508
10.44563 0.8550135131446042
10.44683 0.8547405203243154
10.44804 0.8544948267860555
10.44925 0.8542764325298243
10.45045 0.8540853375556223
10.45166 0.853921541863449
10.45287 0.8538123447353334
10.45407 0.8537304468892468
10.45528 0.8537031476072179
10.45649 0.853675848325189
10.45769 0.8537304468892468
10.4589 0.8537850454533045
10.46011 0.8538669432993912
10.46131 0.8540034397095356
10.46252 0.8541672354017089
10.46373 0.8543310310938822
10.46493 0.8545494253501131
10.46614 0.8547951188883732
10.46735 0.855068111708662
10.46856 0.8553684038109797
10.46976 0.8557232944773552
10.47097 0.8560781851437306
10.47218 0.856460375092135
10.47338 0.8568698643225683
10.47459 0.8573339521170592
10.4758 0.8577980399115502
10.477 0.8582894269880702
10.47821 0.8588081133466189
10.47942 0.8593813982692255
10.48062 0.859954683191832
10.48183 0.8605552673964675
10.48304 0.8611831508831318
10.48424 0.8618383336518248
10.48545 0.862520815702547
10.48666 0.8632305970352979
10.48786 0.8639676776500776
10.48907 0.8647320575468864
10.49028 0.865523736725724
10.49148 0.8663427151865906
10.49269 0.867161693647457
10.4939 0.8680079713903525
10.49511 0.8688542491332477
10.49631 0.8697005268761431
10.49752 0.8705741039010674
10.49873 0.8715022794900494
10.49993 0.8724031557970026
10.50114 0.8733313313859845
10.50235 0.8742595069749665
10.50355 0.8751876825639485
10.50476 0.8761158581529305
10.50597 0.8770167344598836
10.50717 0.8779176107668367
10.50838 0.8788184870737898
10.50959 0.879719363380743
10.51079 0.8806202396876961
10.512 0.8815211159946492
10.51321 0.8823946930195736
10.51441 0.8832682700444978
10.51562 0.8840872485053644
10.51683 0.8849062269662307
10.51803 0.8856706068630394
10.51924 0.886462286041877
10.52045 0.8871993666566569
10.52166 0.8879364472714367
10.52286 0.8886462286041876
10.52407 0.8893287106549097
10.52528 0.889983893423603
10.52648 0.8906117769102672
10.52769 0.8911850618328738
10.5289 0.8917583467554803
10.5301 0.892277033114029
10.53131 0.8927957194725779
10.53252 0.8932598072670688
10.53372 0.893696595779531
10.53493 0.8941333842919931
10.53614 0.8945155742403975
10.53734 0.8948704649067728
10.53855 0.8952253555731484
10.53976 0.895525647675466
10.54096 0.8957986404957549
10.54217 0.896044334034015
10.54338 0.8962627282902459
10.54458 0.896481122546477
10.54579 0.8966449182386503
10.547 0.8968087139308236
10.54821 0.896945210340968
10.54941 0.8970544074690835
10.55062 0.897163604597199
10.55183 0.8972182031612568
10.55303 0.8972728017253147
10.55424 0.8973001010073434
10.55545 0.8973274002893723
10.55665 0.8973001010073434
10.55786 0.8973001010073434
10.55907 0.8972455024432857
10.56027 0.8972182031612568
10.56148 0.8971363053151701
10.56269 0.8970817067511124
10.56389 0.8969725096229968
10.5651 0.8968633124948813
10.56631 0.8967541153667659
10.56751 0.8966176189566214
10.56872 0.8964538232644481
10.56993 0.8962900275722748
10.57113 0.8960989325980726
10.57234 0.8959078376238705
10.57355 0.8957167426496683
10.57476 0.8954710491114083
10.57596 0.8952253555731484
10.57717 0.8949796620348884
10.57838 0.8947339684966285
10.57958 0.8944609756763396
10.58079 0.8941879828560508
10.582 0.8938876907537331
10.5832 0.8935873986514155
10.58441 0.8932598072670688
10.58562 0.8929322158827222
10.58682 0.8925773252163467
10.58803 0.8922497338320002
10.58924 0.8918948431656247
10.59044 0.8915399524992491
10.59165 0.8912123611149025
10.59286 0.8908847697305561
10.59406 0.8905298790641806
10.59527 0.8902022876798339
10.59648 0.8898473970134586
10.59768 0.8895198056291119
10.59889 0.8891649149627364
10.6001 0.8888373235783898
10.60131 0.8885097321940432
10.60251 0.8882094400917255
10.60372 0.8879091479894078
10.60493 0.88760885588709
10.60613 0.8873358630668012
10.60734 0.8870628702465124
10.60855 0.8867898774262237
10.60975 0.8865168846059347
10.61096 0.8862711910676748
10.61217 0.886025497529415
10.61337 0.885779803991155
10.61458 0.885534110452895
10.61579 0.8853157161966639
10.61699 0.8850973219404329
10.6182 0.8848789276842018
10.61941 0.8846605334279708
10.62061 0.8844694384537686
10.62182 0.8842783434795664
10.62303 0.8840599492233354
10.62423 0.8838415549671043
10.62544 0.883650459992902
10.62665 0.8834320657366711
10.62786 0.8832136714804399
10.62906 0.882995277224209
10.63027 0.8828041822500068
10.63148 0.8825857879937756
10.63268 0.8823673937375447
10.63389 0.8821489994813135
10.6351 0.8819306052250826
10.6363 0.8817122109688514
10.63751 0.8814938167126205
10.63872 0.8812481231743604
10.63992 0.8810297289181295
10.64113 0.8807840353798694
10.64234 0.8805656411236384
10.64354 0.8803472468674073
10.64475 0.8801288526111763
10.64596 0.8799104583549452
10.64716 0.879719363380743
10.64837 0.8795282684065409
10.64958 0.8793371734323386
10.65078 0.8791460784581365
10.65199 0.8789549834839343
10.6532 0.8787911877917609
10.65441 0.8786273920995878
10.65561 0.8784908956894433
10.65682 0.8783543992792988
10.65803 0.8782452021511834
10.65923 0.8781633043050968
10.66044 0.87808140645901
10.66165 0.8779995086129234
10.66285 0.8779449100488657
10.66406 0.8779176107668367
10.66527 0.8778903114848078
10.66647 0.8778630122027791
10.66768 0.8778357129207501
10.66889 0.8778357129207501
10.67009 0.8778357129207501
10.6713 0.8778630122027791
10.67251 0.8779176107668367
10.67371 0.8779449100488657
10.67492 0.8779995086129234
10.67613 0.8780541071769812
10.67734 0.8781087057410389
10.67854 0.8781633043050968
10.67975 0.8782179028691545
10.68096 0.8782452021511834
10.68216 0.8782998007152412
10.68337 0.8783543992792988
10.68458 0.8784089978433567
10.68578 0.8784635964074144
10.68699 0.8785181949714721
10.6882 0.878545494253501
10.6894 0.8786000928175589
10.69061 0.8786273920995878
10.69182 0.8786819906636455
10.69302 0.8787092899456743
10.69423 0.8787365892277033
10.69544 0.8787365892277033
10.69664 0.8787638885097322
10.69785 0.8787911877917609
10.69906 0.8788184870737898
10.70026 0.8788457863558188
10.70147 0.8788730856378477
10.70268 0.8789276842019055
10.70389 0.8789549834839343
10.70509 0.8790095820479921
10.7063 0.879036881330021
10.70751 0.8790914798940787
10.70871 0.8791460784581365
10.70992 0.8792006770221943
10.71113 0.8792552755862519
10.71233 0.8793644727143676
10.71354 0.8794463705604542
10.71475 0.8795555676885697
10.71595 0.8796647648166853
10.71716 0.8797739619448008
10.71837 0.8799104583549452
10.71957 0.8800469547650895
10.72078 0.8802107504572629
10.72199 0.8803745461494362
10.72319 0.8805383418416095
10.7244 0.8807021375337828
10.72561 0.880893232507985
10.72681 0.8811116267642161
10.72802 0.8813300210204471
10.72923 0.8815484152766782
10.73044 0.8817668095329092
10.73164 0.8820125030711692
10.73285 0.8822308973274002
10.73406 0.8824765908656601
10.73526 0.8826949851218913
10.73647 0.8829406786601511
10.73768 0.883186372198411
10.73888 0.8834320657366711
10.74009 0.883677759274931
10.7413 0.8839234528131911
10.7425 0.8841691463514509
10.74371 0.8844148398897108
10.74492 0.8846332341459419
10.74612 0.8848516284021729
10.74733 0.8850700226584041
10.74854 0.8852611176326063
10.74974 0.8854522126068085
10.75095 0.8856433075810105
10.75216 0.8858071032731838
10.75336 0.885998198247386
10.75457 0.8861619939395594
10.75578 0.8863257896317327
10.75699 0.886462286041877
10.75819 0.8865987824520215
10.7594 0.8867079795801369
10.76061 0.8868444759902814
10.76181 0.8869263738363681
10.76302 0.8870355709644836
10.76423 0.887144768092599
10.76543 0.8872266659386858
10.76664 0.8873358630668012
10.76785 0.8874723594769457
10.76905 0.88760885588709
10.77026 0.8877180530152057
10.77147 0.8878545494253501
10.77267 0.8879910458354945
10.77388 0.888127542245639
10.77509 0.8882913379378122
10.77629 0.8884278343479566
10.7775 0.8886189293221588
10.77871 0.8887827250143321
10.77991 0.8890011192705631
10.78112 0.8892195135267943
10.78233 0.8894379077830252
10.78354 0.8896836013212852
10.78474 0.889956594141574
10.78595 0.8902022876798339
10.78716 0.8904752805001227
10.78836 0.8907482733204117
10.78957 0.8909939668586716
10.79078 0.8912669596789604
10.79198 0.8915399524992491
10.79319 0.8918129453195381
10.7944 0.8921132374218558
10.7956 0.8924135295241735
10.79681 0.8926865223444623
10.79802 0.8929868144467801
10.79922 0.8932598072670688
10.80043 0.8935055008053288
10.80164 0.8937511943435887
10.80284 0.8939695885998197
10.80405 0.8941879828560508
10.80526 0.8944063771122818
10.80646 0.894597472086484
10.80767 0.8947885670606862
10.80888 0.8949523627528596
10.81009 0.8951161584450329
10.81129 0.8952526548551772
10.8125 0.8953891512653217
10.81371 0.8954983483934371
10.81491 0.8955802462395239
10.81612 0.8956348448035816
10.81733 0.8956894433676393
10.81853 0.8957167426496683
10.81974 0.8957440419316972
10.82095 0.8957713412137259
10.82215 0.8957713412137259
10.82336 0.8957713412137259
10.82457 0.8957986404957549
10.82577 0.8957986404957549
10.82698 0.8957986404957549
10.82819 0.8957713412137259
10.82939 0.8957440419316972
10.8306 0.8957167426496683
10.83181 0.8956894433676393
10.83301 0.8956621440856105
10.83422 0.8956621440856105
10.83543 0.8956621440856105
10.83664 0.8956621440856105
10.83784 0.8956894433676393
10.83905 0.8957167426496683
10.84026 0.8957440419316972
10.84146 0.8957713412137259
10.84267 0.8957986404957549
10.84388 0.8958259397777838
10.84508 0.8958532390598127
10.84629 0.8958805383418416
10.8475 0.8958805383418416
10.8487 0.8959078376238705
10.84991 0.8959351369058992
10.85112 0.8959624361879281
10.85232 0.8959897354699571
10.85353 0.896017034751986
10.85474 0.896044334034015
10.85594 0.896044334034015
10.85715 0.896017034751986
10.85836 0.8959897354699571
10.85956 0.8959351369058992
10.86077 0.8958532390598127
10.86198 0.8957986404957549
10.86319 0.8957167426496683
10.86439 0.8956075455215526
10.8656 0.8954983483934371
10.86681 0.8953891512653217
10.86801 0.8952526548551772
10.86922 0.895088859163004
10.87043 0.8949250634708307
10.87163 0.8947612677786574
10.87284 0.8945701728044552
10.87405 0.8943517785482241
10.87525 0.8941333842919931
10.87646 0.8938876907537331
10.87767 0.893669296497502
10.87887 0.8933963036772132
10.88008 0.8931506101389534
10.88129 0.8928776173186646
10.88249 0.8926046244983756
10.8837 0.8923316316780868
10.88491 0.8920313395757691
10.88612 0.8917310474734513
10.88732 0.8914034560891048
10.88853 0.891103163986787
10.88974 0.8907755726024404
10.89094 0.890447981218094
10.89215 0.8901476891157762
10.89336 0.8898200977314297
10.89456 0.889492506347083
10.89577 0.8891649149627364
10.89698 0.8888373235783898
10.89818 0.8884824329120145
10.89939 0.8881548415276678
10.9006 0.8878272501433212
10.9018 0.8874996587589746
10.90301 0.887172067374628
10.90422 0.8868717752723102
10.90542 0.8865714831699926
10.90663 0.8862438917856459
10.90784 0.8859435996833283
10.90904 0.8856433075810105
10.91025 0.8853703147607217
10.91146 0.8850700226584041
10.91267 0.8847970298381153
10.91387 0.8844967377357975
10.91508 0.8842237449155087
10.91629 0.8839780513772487
10.91749 0.8837050585569599
10.9187 0.8834593650187
10.91991 0.8832136714804399
10.92111 0.8829679779421801
10.92232 0.8827222844039202
10.92353 0.882503890147689
10.92473 0.8822581966094292
10.92594 0.882039802353198
10.92715 0.8817941088149381
10.92835 0.881575714558707
10.92956 0.8813300210204471
10.93077 0.8811116267642161
10.93197 0.880893232507985
10.93318 0.880674838251754
10.93439 0.8804564439955228
10.93559 0.8802380497392918
10.9368 0.8800196554830607
10.93801 0.8798012612268297
10.93922 0.8795828669705986
10.94042 0.8793371734323386
10.94163 0.8791187791761076
10.94284 0.8788730856378477
10.94404 0.8786546913816166
10.94525 0.8784362971253856
10.94646 0.8781906035871255
10.94766 0.8779722093308946
10.94887 0.8777265157926345
10.95008 0.8775081215364036
10.95128 0.8772624279981437
10.95249 0.8770440337419125
10.9537 0.8768256394856814
10.9549 0.8765799459474215
10.95611 0.8763615516911906
10.95732 0.8761158581529305
10.95852 0.8758974638966995
10.95973 0.8756790696404684
10.96094 0.8754879746662662
10.96214 0.8752695804100352
10.96335 0.875078485435833
10.96456 0.8748873904616308
10.96577 0.8746962954874286
10.96697 0.8745052005132264
10.96818 0.8743141055390242
10.96939 0.8741503098468509
10.97059 0.8739865141546777
10.9718 0.8738227184625044
10.97301 0.8736589227703311
10.97421 0.8734951270781577
10.97542 0.8733586306680133
10.97663 0.8732221342578689
10.97783 0.8730856378477245
10.97904 0.8729491414375802
10.98025 0.8728126450274357
10.98145 0.8727034478993202
10.98266 0.8725669514891758
10.98387 0.8724577543610602
10.98507 0.8723485572329447
10.98628 0.8722393601048293
10.98749 0.8721301629767136
10.98869 0.8720209658485981
10.9899 0.8719390680025115
10.99111 0.8718298708743959
10.99232 0.8717479730283093
10.99352 0.8716660751822226
10.99473 0.8715568780541071
10.99594 0.8714749802080205
10.99714 0.8713930823619338
10.99835 0.8713111845158472
10.99956 0.8712292866697605
11.00076 0.8711473888236739
11.00197 0.8710654909775871
11.00318 0.8709835931315005
11.00438 0.8709016952854141
11.00559 0.8708470967213562
11.0068 0.8707924981572983
11.008 0.8707378995932407
11.00921 0.8706833010291829
11.01042 0.870656001747154
11.01162 0.8706014031830963
11.01283 0.8705741039010674
11.01404 0.8705468046190384
11.01524 0.8705195053370096
11.01645 0.8705195053370096
11.01766 0.8705195053370096
11.01887 0.8705468046190384
11.02007 0.8706014031830963
11.02128 0.870656001747154
11.02249 0.8707378995932407
11.02369 0.8708197974393272
11.0249 0.8709289945674428
11.02611 0.8710381916955584
11.02731 0.8711746881057028
11.02852 0.8713111845158472
11.02973 0.8714476809259916
11.03093 0.8716387759001938
11.03214 0.8718025715923671
11.03335 0.8719936665665692
11.03455 0.8722120608228003
11.03576 0.8724304550790313
11.03697 0.8726761486172914
11.03817 0.8729491414375802
11.03938 0.87319483497584
11.04059 0.873467827796129
11.04179 0.8737408206164178
11.043 0.8740138134367066
11.04421 0.8743141055390242
11.04542 0.874614397641342
11.04662 0.8749146897436597
11.04783 0.8752149818459773
11.04904 0.875542573230324
11.05024 0.8758701646146706
11.05145 0.8761977559990173
11.05266 0.8765526466653926
11.05386 0.8769075373317682
11.05507 0.8772624279981437
11.05628 0.8776173186645191
11.05748 0.8779722093308946
11.05869 0.8783543992792988
11.0599 0.8787365892277033
11.0611 0.8791187791761076
11.06231 0.8795282684065409
11.06352 0.8799104583549452
11.06472 0.8803199475853783
11.06593 0.8807294368158117
11.06714 0.8811662253282738
11.06834 0.881575714558707
11.06955 0.8820125030711692
11.07076 0.8824492915836313
11.07197 0.8829133793781223
11.07317 0.8833501678905844
11.07438 0.8838142556850753
11.07559 0.8842783434795664
11.07679 0.8847697305560863
11.078 0.8852338183505774
11.07921 0.8857252054270972
11.08041 0.8861892932215882
11.08162 0.8866806802981081
11.08283 0.887172067374628
11.08403 0.8876907537331769
11.08524 0.8881821408096966
11.08645 0.8887008271682454
11.08765 0.8892195135267943
11.08886 0.8897654991673718
11.09007 0.8903114848079494
11.09127 0.8908574704485271
11.09248 0.8914307553711337
11.09369 0.8920040402937401
11.0949 0.8926046244983756
11.0961 0.8931779094209822
11.09731 0.8937784936256177
11.09852 0.8944063771122818
11.09972 0.8950342605989462
11.10093 0.8956621440856105
11.10214 0.8963173268543037
11.10334 0.8969725096229968
11.10455 0.89762769239169
11.10576 0.898337473724441
11.10696 0.899019955775163
11.10817 0.8997297371079139
11.10938 0.900439518440665
11.11058 0.9011765990554448
11.11179 0.9018863803881957
11.113 0.9026234610029755
11.1142 0.9033332423357265
11.11541 0.9040430236684774
11.11662 0.9047801042832573
11.11782 0.9055171848980371
11.11903 0.906254265512817
11.12024 0.9069913461275967
11.12145 0.9077284267423765
11.12265 0.9084382080751275
11.12386 0.9091752886899074
11.12507 0.9099123693046872
11.12627 0.9106221506374381
11.12748 0.9113319319701891
11.12869 0.9120144140209111
11.12989 0.9127241953536622
11.1311 0.9134066774043842
11.13231 0.9141164587371351
11.13351 0.9147989407878573
11.13472 0.9154814228385793
11.13593 0.9161639048893013
11.13713 0.9168463869400234
11.13834 0.9175561682727744
11.13955 0.9182386503234964
11.14075 0.9189211323742186
11.14196 0.9196036144249405
11.14317 0.9202860964756627
11.14437 0.9209685785263847
11.14558 0.9216783598591356
11.14679 0.9223608419098577
11.148 0.9230706232426086
11.1492 0.9237804045753597
11.15041 0.9244901859081106
11.15162 0.9251999672408615
11.15282 0.9259370478556412
11.15403 0.9266741284704211
11.15524 0.9274385083672299
11.15644 0.9281755889820098
11.15765 0.9289126695967896
11.15886 0.9296770494935983
11.16006 0.9304414293904071
11.16127 0.9311785100051868
11.16248 0.9319428899019956
11.16368 0.9327072697988043
11.16489 0.933471649695613
11.1661 0.9342360295924217
11.1673 0.9350277087712592
11.16851 0.935792088668068
11.16972 0.9365564685648766
11.17092 0.9373208484616854
11.17213 0.9380852283584941
11.17334 0.9388496082553028
11.17455 0.9396139881521115
11.17575 0.9403510687668913
11.17696 0.9410881493816712
11.17817 0.9418252299964509
11.17937 0.942562310611231
11.18058 0.9432993912260107
11.18179 0.9440364718407905
11.18299 0.9447735524555704
11.1842 0.9455106330703502
11.18541 0.9462204144031011
11.18661 0.9469574950178811
11.18782 0.9476945756326608
11.18903 0.9484043569654117
11.19023 0.9491414375801915
11.19144 0.9498785181949714
11.19265 0.9505882995277224
11.19385 0.9513253801425022
11.19506 0.9520351614752531
11.19627 0.952772242090033
11.19747 0.9535093227048127
11.19868 0.9542464033195927
11.19989 0.9549834839343725
11.2011 0.9557205645491523
11.2023 0.956484944445961
11.20351 0.9572220250607408
11.20472 0.9579864049575496
11.20592 0.9587234855723293
11.20713 0.9594878654691381
11.20834 0.960224946083918
11.20954 0.9609620266986977
11.21075 0.9616991073134775
11.21196 0.9624361879282574
11.21316 0.9631732685430373
11.21437 0.9638830498757882
11.21558 0.964620130490568
11.21678 0.9653572111053479
11.21799 0.9660669924380988
11.2192 0.9667767737708498
11.2204 0.9674865551036007
11.22161 0.9681963364363516
11.22282 0.9688788184870737
11.22402 0.9695613005377958
11.22523 0.9702437825885178
11.22644 0.9708989653572111
11.22765 0.9715814474079331
11.22885 0.9722366301766263
11.23006 0.9728918129453195
11.23127 0.9735196964319838
11.23247 0.9741748792006769
11.23368 0.9748027626873412
11.23489 0.9754306461740057
11.23609 0.97605852966067
11.2373 0.9766864131473341
11.23851 0.9773142966339984
11.23971 0.9779148808386339
11.24092 0.9785154650432693
11.24213 0.9791160492479046
11.24333 0.9797166334525401
11.24454 0.9803172176571755
11.24575 0.9809178018618109
11.24695 0.9814910867844175
11.24816 0.9820916709890529
11.24937 0.9826649559116595
11.25057 0.9832382408342659
11.25178 0.9838115257568725
11.25299 0.9843848106794791
11.2542 0.9849580956020856
11.2554 0.9855313805246921
11.25661 0.9860773661652698
11.25782 0.9866233518058475
11.25902 0.9871693374464251
11.26023 0.9876880238049739
11.26144 0.9882067101635226
11.26264 0.9887526958041003
11.26385 0.9892440828806203
11.26506 0.989762769239169
11.26626 0.9902541563156888
11.26747 0.9907455433922088
11.26868 0.9912369304687285
11.26988 0.9917010182632195
11.27109 0.9921378067756816
11.2723 0.992574595288144
11.2735 0.993011383800606
11.27471 0.9934208730310392
11.27592 0.9938303622614724
11.27712 0.9942125522098768
11.27833 0.9945947421582811
11.27954 0.9949769321066856
11.28075 0.995331822773061
11.28195 0.9956594141574076
11.28316 0.9959870055417542
11.28437 0.9963145969261008
11.28557 0.9965875897463896
11.28678 0.9968878818487072
11.28799 0.9971608746689961
11.28919 0.9974065682072562
11.2904 0.997652261745516
11.29161 0.9978706560017472
11.29281 0.9980890502579781
11.29402 0.9983074445142093
11.29523 0.9984985394884113
11.29643 0.9986896344626135
11.29764 0.9988534301547869
11.29885 0.9989899265649312
11.30005 0.9991537222571045
11.30126 0.99926291938522
11.30247 0.9993994157953646
11.30368 0.9994813136414512
11.30488 0.9995905107695666
11.30609 0.9996724086156534
11.3073 0.99975430646174
11.3085 0.9998089050257978
11.30971 0.9998635035898554
11.31092 0.9999181021539133
11.31212 0.9999727007179711
11.31333 1.0
11.31454 1.0
11.31574 1.0
11.31695 1.0
11.31816 1.0
11.31936 0.9999727007179711
11.32057 0.9999454014359421
11.32178 0.9999181021539133
11.32298 0.9998635035898554
11.32419 0.9998089050257978
11.3254 0.99975430646174
11.3266 0.9996724086156534
11.32781 0.9995905107695666
11.32902 0.9994813136414512
11.33023 0.9993721165133357
11.33143 0.9992356201031912
11.33264 0.9990991236930469
11.33385 0.9989353280008736
11.33505 0.9987715323087003
11.33626 0.9985804373344981
11.33747 0.9983893423602959
11.33867 0.9981709481040648
11.33988 0.9979525538478338
11.34109 0.9977068603095738
11.34229 0.9974611667713138
11.3435 0.997188173951025
11.34471 0.9968878818487072
11.34591 0.9965602904643607
11.34712 0.9962053997979853
11.34833 0.9958505091316098
11.34953 0.9954683191832053
11.35074 0.9950861292348011
11.35195 0.9946766400043678
11.35315 0.9942398514919057
11.35436 0.9937757636974147
11.35557 0.9933116759029237
11.35678 0.9928475881084328
11.35798 0.9923562010319128
11.35919 0.991837514673364
11.3604 0.9913188283148153
11.3616 0.9907455433922088
11.36281 0.990199557751631
11.36402 0.9895989735469957
11.36522 0.9889983893423602
11.36643 0.9883978051377248
11.36764 0.9877972209330894
11.36884 0.9871693374464251
11.37005 0.9865414539597608
11.37126 0.9859135704730966
11.37246 0.9852856869864323
11.37367 0.984630504217739
11.37488 0.9839753214490458
11.37608 0.9832928393983238
11.37729 0.9826103573476016
11.3785 0.9819278752968796
11.3797 0.9812453932461576
11.38091 0.9805356119134067
11.38212 0.9798258305806558
11.38333 0.9791160492479046
11.38453 0.9784062679151537
11.38574 0.9776964865824028
11.38695 0.9769867052496518
11.38815 0.976249624634872
11.38936 0.9755125440200921
11.39057 0.9747754634053124
11.39177 0.9740110835085036
11.39298 0.973246703611695
11.39419 0.9724550244328573
11.39539 0.9716360459719909
11.3966 0.9707897682290955
11.39781 0.969970789768229
11.39901 0.9691245120253337
11.40022 0.9682509350004094
11.40143 0.9673500586934562
11.40263 0.9664764816685321
11.40384 0.96554830607955
11.40505 0.9645928312085391
11.40625 0.9636373563375283
11.40746 0.9626545821844885
11.40867 0.9616445087494199
11.40988 0.9606071360323224
11.41108 0.959542464033196
11.41229 0.9584504927520406
11.4135 0.9573585214708853
11.4147 0.956239250907701
11.41591 0.955092681062488
11.41712 0.9539461112172748
11.41832 0.9527995413720618
11.41953 0.95162567224482
11.42074 0.9504245038355491
11.42194 0.9492233354262782
11.42315 0.9479948677349785
11.42436 0.9467391007616499
11.42556 0.9454833337883213
11.42677 0.9442002675329638
11.42798 0.9429445005596352
11.42918 0.9416614343042778
11.43039 0.9403510687668913
11.4316 0.9390680025115339
11.4328 0.9378122355382053
11.43401 0.9365291692828477
11.43522 0.9352461030274903
11.43643 0.9339357374901041
11.43763 0.9326526712347465
11.43884 0.9313423056973601
11.44005 0.9300592394420026
11.44125 0.9287488739046162
11.44246 0.9274658076492587
11.44367 0.9261827413939013
11.44487 0.9248996751385438
11.44608 0.9236439081652151
11.44729 0.9223881411918866
11.44849 0.921132374218558
11.4497 0.9199039065272583
11.45091 0.9186481395539297
11.45211 0.9174196718626301
11.45332 0.9161912041713303
11.45453 0.9149627364800306
11.45573 0.9137342687887308
11.45694 0.9125058010974311
11.45815 0.9113046326881603
11.45935 0.9100761649968605
11.46056 0.9088476973055608
11.46177 0.9076465288962899
11.46298 0.9064453604870192
11.46418 0.9052441920777483
11.46539 0.9040430236684774
11.4666 0.9028145559771777
11.4678 0.9016133875679069
11.46901 0.9003849198766072
11.47022 0.8991564521853075
11.47142 0.8979006852119789
11.47263 0.8966449182386503
11.47384 0.8953891512653217
11.47504 0.8941333842919931
11.47625 0.8928503180366356
11.47746 0.891594551063307
11.47866 0.8903114848079494
11.47987 0.8890284185525921
11.48108 0.8877453522972345
11.48228 0.8864349867598481
11.48349 0.8851519205044907
11.4847 0.8838415549671043
11.4859 0.882531189429718
11.48711 0.8812208238923315
11.48832 0.8798831590729163
11.48953 0.87857279353553
11.49073 0.8772351287161148
11.49194 0.8758974638966995
11.49315 0.8745597990772841
11.49435 0.8732494335398978
11.49556 0.8719390680025115
11.49677 0.870628702465125
11.49797 0.8693183369277387
11.49918 0.8680079713903525
11.50039 0.866697605852966
11.50159 0.8653872403155797
11.5028 0.8641041740602221
11.50401 0.8627938085228358
11.50521 0.8615107422674784
11.50642 0.8602276760121208
11.50763 0.8589719090387922
11.50883 0.8577161420654636
11.51004 0.856460375092135
11.51125 0.8552319074008353
11.51246 0.8540034397095356
11.51366 0.8528022713002648
11.51487 0.8515738036089651
11.51608 0.8503999344817231
11.51728 0.8491987660724523
11.51849 0.8479975976631815
11.5197 0.8468237285359393
11.5209 0.8456498594086974
11.52211 0.8445032895634844
11.52332 0.8433294204362424
11.52452 0.8421828505910294
11.52573 0.8410635800278451
11.52694 0.839944309464661
11.52814 0.8388250389014767
11.52935 0.8377057683382927
11.53056 0.8365864977751084
11.53176 0.8354672272119242
11.53297 0.8343479566487401
11.53418 0.8332286860855559
11.53538 0.8320821162403429
11.53659 0.8309628456771586
11.5378 0.8298162758319456
11.53901 0.8286970052687613
11.54021 0.8275777347055772
11.54142 0.8264311648603642
11.54263 0.8253118942971799
11.54383 0.8241653244519669
11.54504 0.8230187546067539
11.54625 0.8218721847615407
11.54745 0.8206983156342987
11.54866 0.8195244465070569
11.54987 0.8183505773798148
11.55107 0.8171767082525729
11.55228 0.8159755398433021
11.55349 0.8147743714340312
11.55469 0.8135732030247604
11.5559 0.8123720346154896
11.55711 0.8111708662062188
11.55831 0.8099696977969479
11.55952 0.8087685293876771
11.56073 0.8075673609784063
11.56193 0.8063661925691353
11.56314 0.8051650241598645
11.56435 0.8039365564685648
11.56556 0.8027353880592939
11.56676 0.8015069203679943
11.56797 0.8003057519587233
11.56918 0.7991045835494526
11.57038 0.7979034151401817
11.57159 0.796702246730911
11.5728 0.795528377603669
11.574 0.7943545084764271
11.57521 0.7932079386312139
11.57642 0.792034069503972
11.57762 0.7908874996587589
11.57883 0.7897409298135458
11.58004 0.7886216592503618
11.58124 0.7875023886871775
11.58245 0.7863831181239932
11.58366 0.7852638475608091
11.58486 0.7841718762796538
11.58607 0.7830799049984984
11.58728 0.782015232999372
11.58848 0.7809505610002456
11.58969 0.7798858890011192
11.5909 0.7788758155660506
11.59211 0.7778384428489531
11.59331 0.7768010701318555
11.59452 0.7757909966967867
11.59573 0.7747809232617182
11.59693 0.7737708498266496
11.59814 0.7727607763915808
11.59935 0.7717507029565122
11.60055 0.7707406295214436
11.60176 0.7697305560863749
11.60297 0.7687477819333352
11.60417 0.7677377084982664
11.60538 0.7667549343452267
11.60659 0.765744860910158
11.60779 0.7647620867571182
11.609 0.7637520133220497
11.61021 0.7627419398869809
11.61141 0.7617318664519123
11.61262 0.7606944937348148
11.61383 0.7596571210177172
11.61503 0.7586197483006197
11.61624 0.7575550763014933
11.61745 0.7565177035843956
11.61866 0.7554530315852692
11.61986 0.7543883595861428
11.62107 0.7533236875870163
11.62228 0.7522317163058612
11.62348 0.7511670443067348
11.62469 0.7501023723076083
11.6259 0.749010401026453
11.6271 0.7479184297452977
11.62831 0.7468264584641423
11.62952 0.7457344871829871
11.63072 0.7446152166198029
11.63193 0.7435232453386476
11.63314 0.7424039747754634
11.63434 0.741312003494308
11.63555 0.7401927329311239
11.63676 0.7391007616499685
11.63796 0.7380360896508421
11.63917 0.7369441183696869
11.64038 0.7358794463705605
11.64158 0.734814774371434
11.64279 0.7337501023723076
11.644 0.7326854303731812
11.64521 0.7316207583740547
11.64641 0.7305560863749283
11.64762 0.7295187136578308
11.64883 0.7284813409407331
11.65003 0.7274439682236357
11.65124 0.7264065955065381
11.65245 0.7253965220714695
11.65365 0.7243864486364008
11.65486 0.7234036744833611
11.65607 0.7223936010482924
11.65727 0.7214108268952526
11.65848 0.7204280527422129
11.65969 0.7194452785891731
11.66089 0.7184898037181621
11.6621 0.7175070295651224
11.66331 0.7165242554120825
11.66451 0.7155414812590428
11.66572 0.7145860063880319
11.66693 0.7136032322349922
11.66813 0.7126477573639813
11.66934 0.7116922824929703
11.67055 0.7107368076219596
11.67176 0.7097813327509487
11.67296 0.7088258578799377
11.67417 0.707843083726898
11.67538 0.7068876088558871
11.67658 0.7059048347028472
11.67779 0.7049493598318364
11.679 0.7039665856787966
11.6802 0.7029838115257568
11.68141 0.7019737380906881
11.68262 0.7009909639376484
11.68382 0.7000081897846085
11.68503 0.69899811634954
11.68624 0.6980153421965001
11.68744 0.6970052687614315
11.68865 0.6959951953263629
11.68986 0.6949851218912941
11.69106 0.6939750484562255
11.69227 0.692937675739128
11.69348 0.6919003030220305
11.69468 0.690862930304933
11.69589 0.6898255575878355
11.6971 0.6887881848707378
11.69831 0.6877508121536403
11.69951 0.6866861401545139
11.70072 0.6856487674374163
11.70193 0.6845840954382899
11.70313 0.6835467227211924
11.70434 0.6824820507220659
11.70555 0.6814446780049684
11.70675 0.680380006005842
11.70796 0.6793426332887444
11.70917 0.678277961289618
11.71037 0.6772132892904916
11.71158 0.676175916573394
11.71279 0.6751112445742676
11.71399 0.6740738718571702
11.7152 0.6730091998580436
11.71641 0.6719718271409462
11.71761 0.6709344544238486
11.71882 0.6698970817067511
11.72003 0.6688597089896535
11.72124 0.6678223362725559
11.72244 0.6668122628374873
11.72365 0.6657748901203898
11.72486 0.6647648166853212
11.72606 0.6637274439682236
11.72727 0.6627173705331549
11.72848 0.6616799978160575
11.72968 0.6606699243809887
11.73089 0.6596325516638912
11.7321 0.6586224782288226
11.7333 0.6576124047937538
11.73451 0.6565750320766564
11.73572 0.6555649586415877
11.73692 0.654554885206519
11.73813 0.6535175124894215
11.73934 0.6525074390543528
11.74054 0.6514973656192842
11.74175 0.6504599929021867
11.74296 0.6494499194671179
11.74416 0.6484398460320493
11.74537 0.6474024733149518
11.74658 0.6463923998798831
11.74779 0.6453823264448145
11.74899 0.6443449537277169
11.7502 0.6433348802926483
11.75141 0.6422975075755507
11.75261 0.6412874341404821
11.75382 0.6402773607054134
11.75503 0.6392399879883159
11.75623 0.6382299145532472
11.75744 0.6372198411181785
11.75865 0.6362097676831099
11.75985 0.6351996942480412
11.76106 0.6341896208129726
11.76227 0.6331795473779039
11.76347 0.6321694739428353
11.76468 0.6311866997897955
11.76589 0.6301766263547268
11.76709 0.6291665529196582
11.7683 0.6281837787666185
11.76951 0.6271737053315497
11.77071 0.626163631896481
11.77192 0.6251808577434412
11.77313 0.6241707843083727
11.77434 0.6231880101553329
11.77554 0.6221779367202642
11.77675 0.6211951625672244
11.77796 0.6202123884141847
11.77916 0.6192296142611449
11.78037 0.6182468401081052
11.78158 0.6172640659550653
11.78278 0.6162812918020256
11.78399 0.6152985176489858
11.7852 0.6143430427779749
11.7864 0.613387567906964
11.78761 0.6124047937539242
11.78882 0.6114493188829133
11.79002 0.6104938440119024
11.79123 0.6095383691408915
11.79244 0.6085828942698807
11.79364 0.6076547186808987
11.79485 0.6067265430919166
11.79606 0.6057983675029346
11.79726 0.6048974911959815
11.79847 0.6039966148890283
11.79968 0.6030957385820752
11.80089 0.6021948622751222
11.80209 0.6013212852501979
11.8033 0.6004477082252736
11.80451 0.5995741312003494
11.80571 0.5987278534574539
11.80692 0.5978815757145587
11.80813 0.5970352979716633
11.80933 0.596189020228768
11.81054 0.5953700417679014
11.81175 0.594551063307035
11.81295 0.5937320848461685
11.81416 0.592940405667331
11.81537 0.5921487264884933
11.81657 0.5913570473096558
11.81778 0.5905653681308181
11.81899 0.5898009882340094
11.82019 0.5890366083372006
11.8214 0.5882995277224209
11.82261 0.5875351478256121
11.82381 0.5868253664928612
11.82502 0.5860882858780814
11.82623 0.5853785045453305
11.82744 0.5846960224946084
11.82864 0.5839862411618574
11.82985 0.5833037591111353
11.83106 0.5826212770604132
11.83226 0.5819660942917201
11.83347 0.5813109115230268
11.83468 0.5806830280363626
11.83588 0.5800551445496983
11.83709 0.5794545603450629
11.8383 0.5788812754224563
11.8395 0.5783079904998498
11.84071 0.5777620048592721
11.84192 0.5772160192186945
11.84312 0.5766973328601457
11.84433 0.576178646501597
11.84554 0.5756872594250771
11.84674 0.5751958723485572
11.84795 0.5747317845540661
11.84916 0.5742949960416041
11.85036 0.5738855068111708
11.85157 0.5735033168627665
11.85278 0.573148426196391
11.85399 0.5727935355300156
11.85519 0.5724659441456689
11.8564 0.5721383527613223
11.85761 0.5718653599410335
11.85881 0.5715923671207447
11.86002 0.5713466735824847
11.86123 0.5711009800442248
11.86243 0.5709098850700226
11.86364 0.5707187900958204
11.86485 0.5705549944036471
11.86605 0.5704184979935027
11.86726 0.5702820015833583
11.86847 0.5702001037372717
11.86967 0.570118205891185
11.87088 0.5700909066091561
11.87209 0.5700636073271272
11.87329 0.5700363080450984
11.8745 0.5700363080450984
11.87571 0.5700363080450984
11.87691 0.5700636073271272
11.87812 0.5700909066091561
11.87933 0.5701455051732139
11.88054 0.5702001037372717
11.88174 0.5703093008653872
11.88295 0.5703911987114738
11.88416 0.5705276951216183
11.88536 0.5706368922497338
11.88657 0.5707733886598781
11.88778 0.5709098850700226
11.88898 0.5710463814801671
11.89019 0.5711828778903114
11.8914 0.5713193743004559
11.8926 0.5714558707106002
11.89381 0.5715923671207447
11.89502 0.5717288635308891
11.89622 0.5718926592230624
11.89743 0.5720291556332068
11.89864 0.5721929513253802
11.89984 0.5723567470175535
11.90105 0.5724932434276978
11.90226 0.5726570391198711
11.90346 0.5727935355300156
11.90467 0.5729300319401599
11.90588 0.5730392290682755
11.90709 0.573148426196391
11.90829 0.5732576233245066
11.9095 0.573366820452622
11.91071 0.5734760175807376
11.91191 0.573585214708853
11.91312 0.5736671125549397
11.91433 0.5737490104010264
11.91553 0.573830908247113
11.91674 0.5738855068111708
11.91795 0.5739401053752287
11.91915 0.5739947039392863
11.92036 0.5740220032213152
11.92157 0.5740493025033441
11.92277 0.574076601785373
11.92398 0.574076601785373
11.92519 0.5741039010674018
11.92639 0.5741039010674018
11.9276 0.574076601785373
11.92881 0.5740493025033441
11.93001 0.5740220032213152
11.93122 0.5739674046572575
11.93243 0.5738855068111708
11.93364 0.5738036089650842
11.93484 0.5737217111189976
11.93605 0.573612513990882
11.93726 0.5735306161447954
11.93846 0.5733941197346509
11.93967 0.5732576233245066
11.94088 0.5731211269143621
11.94208 0.5729573312221888
11.94329 0.5727662362479866
11.9445 0.5725751412737845
11.9457 0.5723567470175535
11.94691 0.5721110534792935
11.94812 0.5718653599410335
11.94932 0.5715923671207447
11.95053 0.571292075018427
11.95174 0.5709917829161093
11.95294 0.5706641915317627
11.95415 0.570336600147416
11.95536 0.5699817094810407
11.95657 0.5695995195326362
11.95777 0.5691900303022029
11.95898 0.5687805410717698
11.96019 0.5683437525593076
11.96139 0.5679069640468455
11.9626 0.5674155769703256
11.96381 0.5669241898938058
11.96501 0.566405503535257
11.96622 0.5658868171767082
11.96743 0.5653408315361306
11.96863 0.564767546613524
11.96984 0.5641942616909175
11.97105 0.5635936774862821
11.97225 0.5629930932816466
11.97346 0.5623925090770112
11.97467 0.5617646255903469
11.97587 0.5611367421036827
11.97708 0.5604815593349894
11.97829 0.5598263765662963
11.97949 0.5591438945155742
11.9807 0.5584614124648521
11.98191 0.5577789304141301
11.98312 0.5570691490813791
11.98432 0.5563593677486282
11.98553 0.5556768856979062
11.98674 0.5549398050831262
11.98794 0.5542300237503753
11.98915 0.5535202424176243
11.99036 0.5528104610848734
11.99156 0.5521006797521225
11.99277 0.5513635991373427
11.99398 0.5506265185225628
11.99518 0.549889437907783
11.99639 0.5491523572930032
11.9976 0.5484152766782233
11.9988 0.5476508967814147
12.00001 0.5469138161666347
12.00122 0.546149436269826
12.00242 0.5453850563730174
12.00363 0.5446206764762087
12.00484 0.5438562965793999
12.00604 0.5430919166825913
12.00725 0.5423275367857825
12.00846 0.5415358576069449
12.00967 0.5407714777101361
12.01087 0.5399797985312986
12.01208 0.5391881193524609
12.01329 0.5383964401736234
12.01449 0.537577461712757
12.0157 0.5367857825339193
12.01691 0.5359668040730529
12.01811 0.5351478256121864
12.01932 0.534301547869291
12.02053 0.5334825694084245
12.02173 0.5326362916655292
12.02294 0.5317900139226338
12.02415 0.5309437361797384
12.02535 0.5300974584368431
12.02656 0.5292238814119189
12.02777 0.5283776036690234
12.02897 0.5275313259261281
12.03018 0.5266850481832327
12.03139 0.5258114711583085
12.03259 0.5249378941333842
12.0338 0.524091616390489
12.03501 0.5232180393655647
12.03622 0.5223444623406405
12.03742 0.5214708853157162
12.03863 0.520597308290792
12.03984 0.5197237312658677
12.04104 0.5188774535229723
12.04225 0.518003876498048
12.04346 0.5171575987551527
12.04466 0.5163113210122573
12.04587 0.5154650432693619
12.04708 0.5146187655264667
12.04828 0.5137724877835713
12.04949 0.5129535093227048
12.0507 0.5121072315798094
12.0519 0.511288253118943
12.05311 0.5104692746580765
12.05432 0.5096502961972099
12.05552 0.5088313177363435
12.05673 0.5080123392754771
12.05794 0.5072206600966394
12.05914 0.5064289809178019
12.06035 0.5056373017389643
12.06156 0.5048729218421555
12.06277 0.504081242663318
12.06397 0.5033168627665092
12.06518 0.5025524828697006
12.06639 0.5017881029728918
12.06759 0.5010237230760831
12.0688 0.5002593431792743
12.07001 0.49952226256449456
12.07121 0.49875788266768584
12.07242 0.498020802052906
12.07363 0.4972564221560973
12.07483 0.4965193415413174
12.07604 0.4958095602085665
12.07725 0.4950724795937867
12.07845 0.4943353989790068
12.07966 0.4936256176462559
12.08087 0.492888537031476
12.08207 0.4921787556987251
12.08328 0.4914416750839453
12.08449 0.4907318937511943
12.08569 0.4899948131364145
12.0869 0.4892577325216346
12.08811 0.4885206519068548
12.08932 0.4878108705741038
12.09052 0.48707378995932404
12.09173 0.4863367093445442
12.09294 0.4855996287297644
12.09414 0.4848898473970134
12.09535 0.4841527667822336
12.09656 0.48341568616745373
12.09776 0.48267860555267394
12.09897 0.4819142256558652
12.10018 0.4811771450410854
12.10138 0.48041276514427667
12.10259 0.4796756845294969
12.1038 0.47891130463268816
12.105 0.47814692473587944
12.10621 0.4773825448390707
12.10742 0.4765908656602331
12.10862 0.4758264857634244
12.10983 0.4750621058666157
12.11104 0.47429772596980696
12.11224 0.4735606453550272
12.11345 0.47279626545821846
12.11466 0.47203188556140974
12.11587 0.47129480494662984
12.11707 0.4705304250498212
12.11828 0.4697933444350413
12.11949 0.4690562638202615
12.12069 0.4682918839234528
12.1219 0.46755480330867294
12.12311 0.46681772269389316
12.12431 0.46608064207911326
12.12552 0.46537086074636236
12.12673 0.4646610794136114
12.12793 0.46395129808086044
12.12914 0.46326881603013836
12.13035 0.4625863339794163
12.13155 0.4619038519286942
12.13276 0.46124866916000107
12.13397 0.4605934863913079
12.13517 0.4599383036226147
12.13638 0.45928312085392153
12.13759 0.45862793808522834
12.13879 0.458000054598564
12.14 0.4573721711118997
12.14121 0.45671698834320656
12.14242 0.45608910485654225
12.14362 0.4554885206519068
12.14483 0.4548606371652425
12.14604 0.45426005296060706
12.14724 0.4536594687559717
12.14845 0.45305888455133625
12.14966 0.45245830034670087
12.15086 0.45185771614206544
12.15207 0.45125713193743
12.15328 0.4506565477327946
12.15448 0.4500559635281592
12.15569 0.4494553793235238
12.1569 0.44885479511888837
12.1581 0.44825421091425294
12.15931 0.44765362670961745
12.16052 0.44702574322295324
12.16172 0.4464251590183178
12.16293 0.4458245748136824
12.16414 0.44519669132701806
12.16535 0.4445961071223827
12.16655 0.44396822363571836
12.16776 0.4433676394310829
12.16897 0.4427397559444186
12.17017 0.44211187245775435
12.17138 0.44148398897109004
12.17259 0.4408288062023969
12.17379 0.44017362343370364
12.175 0.4395457399470393
12.17621 0.4388905571783462
12.17741 0.438235374409653
12.17862 0.43755289235893097
12.17983 0.4368977095902377
12.18103 0.4362425268215446
12.18224 0.4355873440528514
12.18345 0.4349321612841582
12.18465 0.4342496792334361
12.18586 0.43362179574677184
12.18707 0.43293931369604977
12.18827 0.43228413092735657
12.18948 0.4316289481586634
12.19069 0.43094646610794135
12.1919 0.43029128333924815
12.1931 0.42960880128852613
12.19431 0.4289536185198329
12.19552 0.4283257350331686
12.19672 0.4276705522644754
12.19793 0.42704266877781116
12.19914 0.42641478529114685
12.20034 0.4258142010865114
12.20155 0.425213616881876
12.20276 0.4246130326772406
12.20396 0.42401244847260516
12.20517 0.4234391635499986
12.20638 0.4228658786273921
12.20758 0.4222925937047855
12.20879 0.42174660806420783
12.21 0.42120062242363027
12.2112 0.4206546367830526
12.21241 0.4201086511424749
12.21362 0.4195899647839262
12.21482 0.4190712784253774
12.21603 0.4185798913488575
12.21724 0.4180885042723376
12.21845 0.4175971171958177
12.21965 0.4171330294013267
12.22086 0.4166416423248068
12.22207 0.41617755453031585
12.22327 0.4157407660178537
12.22448 0.4152766782233627
12.22569 0.4148125904288717
12.22689 0.41434850263438067
12.2281 0.4138844148398897
12.22931 0.41342032704539866
12.23051 0.41295623925090763
12.23172 0.4124921514564167
12.23293 0.4120280636619257
12.23413 0.41156397586743465
12.23534 0.4110998880729437
12.23655 0.4106630995604816
12.23775 0.41019901176599055
12.23896 0.4097349239714995
12.24017 0.4092708361770085
12.24137 0.4087794491004887
12.24258 0.40831536130599766
12.24379 0.40782397422947775
12.245 0.4073325871529579
12.2462 0.4068412000764379
12.24741 0.4063225137178892
12.24862 0.4058311266413693
12.24982 0.4053124402828205
12.25103 0.4048210532063007
12.25224 0.4043023668477519
12.25344 0.40378368048920316
12.25465 0.40329229341268324
12.25586 0.40277360705413445
12.25706 0.4022549206955857
12.25827 0.4017362343370369
12.25948 0.40121754797848813
12.26068 0.40069886161993934
12.26189 0.4001801752613906
12.2631 0.3996614889028418
12.2643 0.3991428025442931
12.26551 0.39862411618574434
12.26672 0.39807813054516666
12.26792 0.39758674346864675
12.26913 0.39706805711009796
12.27034 0.3965493707515492
12.27155 0.39605798367502926
12.27275 0.39556659659850946
12.27396 0.3950752095219895
12.27517 0.3945838224454697
12.27637 0.3940924353689497
12.27758 0.3936283475744588
12.27879 0.3931369604979389
12.27999 0.39267287270344786
12.2812 0.39220878490895683
12.28241 0.39174469711446586
12.28361 0.3913079086020037
12.28482 0.39084382080751273
12.28603 0.3904070322950506
12.28723 0.3899702437825885
12.28844 0.3895607545521552
12.28965 0.38915126532172206
12.29085 0.3887417760912888
12.29206 0.3883322868608555
12.29327 0.38795009691245114
12.29447 0.3875406076820179
12.29568 0.3871584177336136
12.29689 0.3867762277852092
12.2981 0.38639403783680487
12.2993 0.3859845486063716
12.30051 0.3856023586579672
12.30172 0.38522016870956294
12.30292 0.3848379787611586
12.30413 0.3844557888127542
12.30534 0.3840735988643499
12.30654 0.3837187081979743
12.30775 0.38333651824957
12.30896 0.3829543283011656
12.31016 0.38259943763479015
12.31137 0.3822172476863858
12.31258 0.38183505773798143
12.31378 0.3814528677895771
12.31499 0.3810433785591439
12.3162 0.3806338893287106
12.3174 0.38022440009827735
12.31861 0.37981491086784414
12.31982 0.37940542163741087
12.32102 0.3789686331249488
12.32223 0.3785318446124867
12.32344 0.3780950561000246
12.32465 0.3776855668695913
12.32585 0.3772487783571292
12.32706 0.3768119898446671
12.32827 0.3763752013322049
12.32947 0.3759111135377139
12.33068 0.3754743250252518
12.33189 0.3750375365127897
12.33309 0.3746007480003276
12.3343 0.3741366602058366
12.33551 0.37367257241134555
12.33671 0.37323578389888346
12.33792 0.3727716961043924
12.33913 0.37230760830990145
12.34033 0.3718708197974393
12.34154 0.3714067320029483
12.34275 0.37096994349048623
12.34395 0.370533154978024
12.34516 0.3701236657475908
12.34637 0.3696868772351287
12.34757 0.36927738800469545
12.34878 0.36884059949223336
12.34999 0.3684311102618001
12.3512 0.3680216210313669
12.3524 0.36763943108296254
12.35361 0.3672299418525293
12.35482 0.366820452622096
12.35602 0.3664382626736916
12.35723 0.3660560727252873
12.35844 0.365673882776883
12.35964 0.3652916928284786
12.36085 0.3649368021621031
12.36206 0.3645546122136987
12.36326 0.3641997215473233
12.36447 0.36387213016297665
12.36568 0.3635172394966012
12.36688 0.36316234883022575
12.36809 0.3628347574458792
12.3693 0.36250716606153255
12.3705 0.362179574677186
12.37171 0.36185198329283935
12.37292 0.3615243919084928
12.37413 0.3611968005241462
12.37533 0.3608692091397996
12.37654 0.3605689170374819
12.37775 0.36024132565313527
12.37895 0.3599410335508176
12.38016 0.3596407414484999
12.38137 0.35934044934618214
12.38257 0.3590674565258934
12.38378 0.35876716442357565
12.38499 0.35846687232125796
12.38619 0.35816658021894027
12.3874 0.3578662881166225
12.38861 0.35756599601430483
12.38981 0.35726570391198703
12.39102 0.35696541180966934
12.39223 0.3566378204253228
12.39343 0.3563375283230051
12.39464 0.3560372362206874
12.39585 0.3557369441183697
12.39705 0.35543665201605196
12.39826 0.35513635991373427
12.39947 0.35480876852938764
12.40068 0.35450847642706995
12.40188 0.3541808850427233
12.40309 0.3538532936583768
12.4043 0.3535257022740302
12.4055 0.35319811088968356
12.40671 0.3528432202233081
12.40792 0.35248832955693266
12.40912 0.35213343889055715
12.41033 0.3517785482241817
12.41154 0.35142365755780625
12.41274 0.3510687668914307
12.41395 0.3507138762250553
12.41516 0.35035898555867984
12.41636 0.3500040948923043
12.41757 0.3496492042259288
12.41878 0.34929431355955337
12.41998 0.34893942289317786
12.42119 0.3485845322268024
12.4224 0.34822964156042696
12.4236 0.3478474516120226
12.42481 0.34749256094564707
12.42602 0.3471376702792716
12.42723 0.34678277961289616
12.42843 0.3464278889465207
12.42964 0.3460729982801452
12.43085 0.34574540689579863
12.43205 0.34539051622942313
12.43326 0.34506292484507656
12.43447 0.34476263274275887
12.43567 0.34443504135841224
12.43688 0.34413474925609455
12.43809 0.34383445715377686
12.43929 0.3435341650514591
12.4405 0.34326117223117025
12.44171 0.34296088012885256
12.44291 0.34268788730856375
12.44412 0.34241489448827495
12.44533 0.3421419016679861
12.44653 0.34186890884769733
12.44774 0.3415959160274084
12.44895 0.34132292320711966
12.45015 0.3410499303868308
12.45136 0.34080423684857086
12.45257 0.34055854331031093
12.45378 0.340312849772051
12.45498 0.340067156233791
12.45619 0.33982146269553104
12.4574 0.33957576915727117
12.4586 0.3393300756190112
12.45981 0.33908438208075126
12.46102 0.3388386885424913
12.46222 0.3385656957222025
12.46343 0.33832000218394254
12.46464 0.33801971008162485
12.46584 0.337746717261336
12.46705 0.3374737244410472
12.46826 0.33717343233872943
12.46946 0.3369004395184407
12.47067 0.33660014741612293
12.47188 0.3362998553138052
12.47308 0.3359995632114875
12.47429 0.3356992711091698
12.4755 0.3353989790068521
12.4767 0.3350713876225055
12.47791 0.3347437962381589
12.47912 0.3344162048538123
12.48033 0.33406131418743684
12.48153 0.33373372280309027
12.48274 0.3333788321367148
12.48395 0.33299664218831043
12.48515 0.3326417515219349
12.48636 0.3322595615735306
12.48757 0.3319046709071551
12.48877 0.33152248095875075
12.48998 0.3311402910103464
12.49119 0.33075810106194203
12.49239 0.3303759111135377
12.4936 0.3300210204471622
12.49481 0.32963883049875786
12.49601 0.3292566405503535
12.49722 0.32887445060194914
12.49843 0.3284922606535448
12.49963 0.32808277142311154
12.50084 0.32770058147470715
12.50205 0.3273183915263029
12.50325 0.3269362015778985
12.50446 0.3265267123474652
12.50567 0.3261445223990609
12.50688 0.32578963173268544
12.50808 0.32540744178428105
12.50929 0.32505255111790554
12.5105 0.3246976604515301
12.5117 0.32431547050312576
12.51291 0.32396057983675025
12.51412 0.3236056891703748
12.51532 0.3232780977860282
12.51653 0.3229232071196527
12.51774 0.32256831645327727
12.51894 0.3222407250689307
12.52015 0.3219131336845841
12.52136 0.3215855423002375
12.52256 0.32125795091589093
12.52377 0.3209303595315443
12.52498 0.32060276814719774
12.52618 0.32030247604488
12.52739 0.3200021839425623
12.5286 0.3197018918402446
12.5298 0.31940159973792687
12.53101 0.31912860691763806
12.53222 0.31882831481532037
12.53343 0.3185553219950315
12.53463 0.3182550298927138
12.53584 0.3179547377903961
12.53705 0.31768174497010726
12.53825 0.31738145286778957
12.53946 0.3170811607654719
12.54067 0.316808167945183
12.54187 0.3165078758428653
12.54308 0.3162075837405476
12.54429 0.3159345909202588
12.54549 0.3156342988179411
12.5467 0.3153613059976522
12.54791 0.31506101389533453
12.54911 0.31476072179301684
12.55032 0.3144604296906991
12.55153 0.3141601375883814
12.55273 0.3138598454860637
12.55394 0.31355955338374597
12.55515 0.3132319619993994
12.55635 0.31290437061505283
12.55756 0.3125767792307062
12.55877 0.31224918784635963
12.55998 0.311921596462013
12.56118 0.31159400507766644
12.56239 0.3112664136933198
12.5636 0.31091152302694436
12.5648 0.3105839316425978
12.56601 0.31022904097622234
12.56722 0.3099014495918757
12.56842 0.30954655892550026
12.56963 0.30921896754115363
12.57084 0.3088640768747782
12.57204 0.3085091862084027
12.57325 0.3081542955420272
12.57446 0.30779940487565177
12.57566 0.3074172149272474
12.57687 0.30706232426087193
12.57808 0.3067074335944965
12.57928 0.306352542928121
12.58049 0.3059703529797166
12.5817 0.30561546231334114
12.58291 0.3052605716469657
12.58411 0.3049056809805902
12.58532 0.3045507903142147
12.58653 0.3041958996478392
12.58773 0.30384100898146377
12.58894 0.3034861183150883
12.59015 0.3031312276487128
12.59135 0.30277633698233736
12.59256 0.3024214463159619
12.59377 0.3020665556495864
12.59497 0.3017116649832109
12.59618 0.30135677431683544
12.59739 0.30100188365046
12.59859 0.30064699298408454
12.5998 0.3003194015997379
12.60101 0.29996451093336246
12.60221 0.29963691954901583
12.60342 0.2992820288826404
12.60463 0.29895443749829376
12.60583 0.2986268461139472
12.60704 0.2982992547296006
12.60825 0.2979443640632251
12.60946 0.29761677267887854
12.61066 0.2972891812945319
12.61187 0.29696158991018534
12.61308 0.29663399852583877
12.61428 0.29627910785946326
12.61549 0.2959515164751167
12.6167 0.29562392509077007
12.6179 0.2952963337064235
12.61911 0.29496874232207687
12.62032 0.2946411509377303
12.62152 0.29431355955338373
12.62273 0.2939586688870082
12.62394 0.29363107750266165
12.62514 0.293303486118315
12.62635 0.29297589473396846
12.62756 0.2926483033496219
12.62876 0.29229341268324643
12.62997 0.2919658212988998
12.63118 0.29161093063252436
12.63238 0.29125603996614885
12.63359 0.2909284485818023
12.6348 0.29057355791542683
12.63601 0.2902186672490513
12.63721 0.28986377658267587
12.63842 0.2895088859163004
12.63963 0.2891539952499249
12.64083 0.2887991045835494
12.64204 0.28844421391717395
12.64325 0.2880620239687696
12.64445 0.2877071333023941
12.64566 0.28735224263601866
12.64687 0.28697005268761433
12.64807 0.2866151620212388
12.64928 0.28623297207283444
12.65049 0.285878081406459
12.65169 0.28549589145805465
12.6529 0.28511370150965026
12.65411 0.28473151156124593
12.65531 0.2843766208948704
12.65652 0.2839944309464661
12.65773 0.2836122409980617
12.65893 0.28323005104965737
12.66014 0.282847861101253
12.66135 0.28249297043487753
12.66256 0.2821107804864732
12.66376 0.2817285905380688
12.66497 0.2813464005896645
12.66618 0.2809642106412601
12.66738 0.28058202069285576
12.66859 0.2802271300264803
12.6698 0.2798449400780759
12.671 0.2794627501296716
12.67221 0.2790805601812672
12.67342 0.27869837023286287
12.67462 0.27834347956648736
12.67583 0.27796128961808303
12.67704 0.2776063989517076
12.67824 0.2772242090033032
12.67945 0.2768693183369277
12.68066 0.27648712838852335
12.68186 0.2761322377221479
12.68307 0.2757773470557724
12.68428 0.27539515710736806
12.68548 0.2750402664409926
12.68669 0.2746853757746171
12.6879 0.27433048510824165
12.68911 0.2739755944418662
12.69031 0.2736207037754907
12.69152 0.2732658131091152
12.69273 0.27291092244273973
12.69393 0.2725560317763643
12.69514 0.2722011411099888
12.69635 0.2718462504436133
12.69755 0.27151865905926675
12.69876 0.27116376839289125
12.69997 0.2708361770085447
12.70117 0.27048128634216917
12.70238 0.2701263956757937
12.70359 0.26979880429144715
12.70479 0.26944391362507164
12.706 0.26911632224072507
12.70721 0.26876143157434956
12.70841 0.268433840190003
12.70962 0.2680789495236275
12.71083 0.26772405885725203
12.71203 0.2673964674729054
12.71324 0.26704157680652996
12.71445 0.2666866861401545
12.71566 0.26635909475580793
12.71686 0.26600420408943243
12.71807 0.2656493134230569
12.71928 0.26532172203871035
12.72048 0.2649668313723349
12.72169 0.26461194070595945
12.7229 0.26425705003958394
12.7241 0.2639021593732085
12.72531 0.263547268706833
12.72652 0.26319237804045753
12.72772 0.2628374873740821
12.72893 0.2624825967077066
12.73014 0.2621004067593022
12.73134 0.26174551609292673
12.73255 0.2613906254265513
12.73376 0.2610084354781469
12.73496 0.26065354481177144
12.73617 0.260298654145396
12.73738 0.2599437634790205
12.73858 0.259588872812645
12.73979 0.25920668286424065
12.741 0.2588517921978652
12.74221 0.2584969015314897
12.74341 0.25814201086511424
12.74462 0.25778712019873873
12.74583 0.25745952881439216
12.74703 0.2571046381480167
12.74824 0.2567497474816412
12.74945 0.25639485681526575
12.75065 0.25603996614889024
12.75186 0.2556850754825148
12.75307 0.25533018481613934
12.75427 0.25497529414976383
12.75548 0.2546204034833884
12.75669 0.25429281209904175
12.75789 0.2539379214326663
12.7591 0.25358303076629085
12.76031 0.2532554393819442
12.76151 0.2529005487155688
12.76272 0.25254565804919327
12.76393 0.2522180666648467
12.76513 0.2518631759984712
12.76634 0.25150828533209574
12.76755 0.2511533946657203
12.76876 0.2507985039993448
12.76996 0.25044361333296933
12.77117 0.2500887226665938
12.77238 0.2497338320002184
12.77358 0.24935164205181404
12.77479 0.24899675138543856
12.776 0.24861456143703417
12.7772 0.2482596707706587
12.77841 0.2478774808222544
12.77962 0.24749529087385003
12.78082 0.24711310092544567
12.78203 0.24673091097704128
12.78324 0.24634872102863692
12.78444 0.24596653108023256
12.78565 0.2455843411318282
12.78686 0.24520215118342384
12.78806 0.24479266195299063
12.78927 0.24441047200458627
12.79048 0.24400098277415302
12.79169 0.24361879282574866
12.79289 0.24320930359531542
12.7941 0.2427998143648822
12.79531 0.24239032513444894
12.79651 0.2419808359040157
12.79772 0.24159864595561134
12.79893 0.2411891567251781
12.80013 0.2407796674947449
12.80134 0.24039747754634053
12.80255 0.23998798831590729
12.80375 0.23960579836750293
12.80496 0.23922360841909857
12.80617 0.23881411918866532
12.80737 0.23843192924026096
12.80858 0.2380497392918566
12.80979 0.23766754934345224
12.81099 0.23728535939504788
12.8122 0.23690316944664352
12.81341 0.23652097949823916
12.81461 0.2361387895498348
12.81582 0.23575659960143047
12.81703 0.235401708935055
12.81824 0.2350468182686795
12.81944 0.23469192760230406
12.82065 0.23433703693592856
12.82186 0.23398214626955308
12.82306 0.23362725560317762
12.82427 0.23329966421883103
12.82548 0.23294477355245558
12.82668 0.23261718216810895
12.82789 0.2322622915017335
12.8291 0.23193470011738687
12.8303 0.2316071087330403
12.83151 0.23125221806666482
12.83272 0.23092462668231822
12.83392 0.23059703529797165
12.83513 0.23024214463159617
12.83634 0.2299145532472496
12.83754 0.22958696186290298
12.83875 0.22923207119652753
12.83996 0.2289044798121809
12.84116 0.22857688842783433
12.84237 0.22824929704348776
12.84358 0.22789440637711225
12.84479 0.22756681499276568
12.84599 0.2272119243263902
12.8472 0.22688433294204363
12.84841 0.22652944227566812
12.84961 0.22617455160929265
12.85082 0.2257923616608883
12.85203 0.22543747099451283
12.85323 0.22508258032813735
12.85444 0.224700390379733
12.85565 0.22431820043132866
12.85685 0.2239360104829243
12.85806 0.22355382053451994
12.85927 0.22317163058611558
12.86047 0.22278944063771122
12.86168 0.22240725068930686
12.86289 0.2220250607409025
12.86409 0.22161557151046926
12.8653 0.2212333815620649
12.86651 0.22082389233163166
12.86771 0.2204417023832273
12.86892 0.2200322131527941
12.87013 0.21962272392236082
12.87134 0.21921323469192758
12.87254 0.21877644617946548
12.87375 0.21836695694903224
12.87496 0.21795746771859897
12.87616 0.21754797848816573
12.87737 0.21711118997570364
12.87858 0.2167017007452704
12.87978 0.21629221151483713
12.88099 0.2158827222844039
12.8822 0.21547323305397068
12.8834 0.21506374382353743
12.88461 0.2146542545931042
12.88582 0.21421746608064207
12.88702 0.21380797685020883
12.88823 0.2133984876197756
12.88944 0.21298899838934235
12.89064 0.21257950915890908
12.89185 0.21217001992847587
12.89306 0.21176053069804263
12.89426 0.21135104146760939
12.89547 0.21096885151920503
12.89668 0.2105593622887718
12.89789 0.21017717234036745
12.89909 0.2097949823919631
12.9003 0.20941279244355873
12.90151 0.20903060249515437
12.90271 0.20864841254675
12.90392 0.20826622259834565
12.90513 0.2078840326499413
12.90633 0.20752914198356584
12.90754 0.20714695203516148
12.90875 0.20679206136878597
12.90995 0.2064098714203816
12.91116 0.20605498075400616
12.91237 0.2056727908056018
12.91357 0.20531790013922632
12.91478 0.20496300947285084
12.91599 0.2045808195244465
12.91719 0.20422592885807103
12.9184 0.20387103819169552
12.91961 0.20351614752532007
12.92081 0.2031612568589446
12.92202 0.20283366547459802
12.92323 0.20247877480822252
12.92444 0.20212388414184704
12.92564 0.20174169419344268
12.92685 0.20138680352706723
12.92806 0.20103191286069175
12.92926 0.2006497229122874
12.93047 0.20026753296388303
12.93168 0.19991264229750758
12.93288 0.19953045234910322
12.93409 0.19914826240069886
12.9353 0.19873877317026561
12.9365 0.19835658322186125
12.93771 0.1979743932734569
12.93892 0.19756490404302365
12.94012 0.1971827140946193
12.94133 0.19677322486418608
12.94254 0.19639103491578172
12.94374 0.19598154568534848
12.94495 0.1955720564549152
12.94616 0.19516256722448197
12.94736 0.19475307799404876
12.94857 0.19434358876361552
12.94978 0.19393409953318227
12.95099 0.193524610302749
12.95219 0.1930878217902869
12.9534 0.19267833255985367
12.95461 0.19224154404739152
12.95581 0.1918320548169583
12.95702 0.1913952663044962
12.95823 0.19098577707406292
12.95943 0.19054898856160082
12.96064 0.19013949933116758
12.96185 0.18970271081870543
12.96305 0.18929322158827222
12.96426 0.18888373235783898
12.96547 0.18847424312740574
12.96667 0.18806475389697253
12.96788 0.18765526466653926
12.96909 0.18724577543610602
12.97029 0.18683628620567277
12.9715 0.18642679697523956
12.97271 0.18601730774480632
12.97391 0.18560781851437305
12.97512 0.1851983292839398
12.97633 0.18478884005350657
12.97754 0.18437935082307336
12.97874 0.183997160874669
12.97995 0.18358767164423576
12.98116 0.1832054816958314
12.98236 0.18282329174742704
12.98357 0.1824138025169938
12.98478 0.18203161256858943
12.98598 0.18164942262018507
12.98719 0.18126723267178071
12.9884 0.18088504272337635
12.9896 0.180502852774972
12.99081 0.18012066282656763
12.99202 0.17973847287816327
12.99322 0.17935628292975891
12.99443 0.17897409298135455
12.99564 0.1786192023149791
12.99684 0.17823701236657474
12.99805 0.17788212170019926
12.99926 0.1774999317517949
13.00047 0.17714504108541945
13.00167 0.1767628511370151
13.00288 0.1764079604706396
13.00409 0.17605306980426416
13.00529 0.17569817913788865
13.0065 0.17534328847151318
13.00771 0.17498839780513772
13.00891 0.17460620785673336
13.01012 0.17425131719035789
13.01133 0.17389642652398243
13.01253 0.17354153585760693
13.01374 0.17318664519123145
13.01495 0.172831754524856
13.01615 0.17244956457645164
13.01736 0.17209467391007616
13.01857 0.17173978324370065
13.01977 0.1713848925773252
13.02098 0.17103000191094972
13.02219 0.17067511124457427
13.02339 0.1703202205781988
13.0246 0.1699653299118233
13.02581 0.16958313996341895
13.02702 0.1692282492970435
13.02822 0.16884605934863914
13.02943 0.16846386940023478
13.03064 0.1681089787338593
13.03184 0.16772678878545494
13.03305 0.16734459883705058
13.03426 0.16696240888864622
13.03546 0.16658021894024186
13.03667 0.1661980289918375
13.03788 0.16581583904343317
13.03908 0.1654336490950288
13.04029 0.16505145914662442
13.0415 0.16466926919822006
13.0427 0.1642870792498157
13.04391 0.16387759001938249
13.04512 0.16349540007097813
13.04632 0.16311321012257377
13.04753 0.16270372089214052
13.04874 0.16232153094373616
13.04994 0.16191204171330292
13.05115 0.16152985176489856
13.05236 0.16112036253446535
13.05357 0.160738172586061
13.05477 0.16035598263765663
13.05598 0.1599464934072234
13.05719 0.15956430345881903
13.05839 0.15918211351041467
13.0596 0.1587999235620103
13.06081 0.15841773361360595
13.06201 0.1580355436652016
13.06322 0.15765335371679726
13.06443 0.1572711637683929
13.06563 0.15688897381998854
13.06684 0.15650678387158418
13.06805 0.1561518932052087
13.06925 0.15576970325680434
13.07046 0.15538751330839998
13.07167 0.1550326226420245
13.07287 0.15465043269362014
13.07408 0.1542955420272447
13.07529 0.1539406513608692
13.07649 0.15358576069449373
13.0777 0.15323087002811825
13.07891 0.15287597936174277
13.08012 0.15252108869536732
13.08132 0.1521661980289918
13.08253 0.15181130736261636
13.08374 0.15148371597826976
13.08494 0.15112882531189428
13.08615 0.15080123392754768
13.08736 0.15044634326117223
13.08856 0.15011875187682563
13.08977 0.14976386121045016
13.09098 0.14943626982610356
13.09218 0.14908137915972808
13.09339 0.14872648849335263
13.0946 0.14837159782697715
13.0958 0.14801670716060167
13.09701 0.14768911577625507
13.09822 0.1473342251098796
13.09942 0.1469793344435041
13.10063 0.14662444377712866
13.10184 0.14626955311075318
13.10304 0.1459146624443777
13.10425 0.14555977177800222
13.10546 0.14520488111162677
13.10667 0.1448499904452513
13.10787 0.14446780049684693
13.10908 0.14411290983047145
13.11029 0.1437307198820671
13.11149 0.14334852993366273
13.1127 0.14296633998525837
13.11391 0.142584150036854
13.11511 0.14220196008844965
13.11632 0.1417924708580164
13.11753 0.14141028090961205
13.11873 0.14100079167917884
13.11994 0.14061860173077448
13.12115 0.14020911250034124
13.12235 0.13982692255193688
13.12356 0.13941743332150364
13.12477 0.13903524337309928
13.12597 0.13862575414266604
13.12718 0.13824356419426168
13.12839 0.13783407496382843
13.12959 0.13745188501542407
13.1308 0.13704239578499086
13.13201 0.1366602058365865
13.13322 0.13625071660615326
13.13442 0.1358685266577489
13.13563 0.13545903742731566
13.13684 0.1350768474789113
13.13804 0.13466735824847806
13.13925 0.1342851683000737
13.14046 0.13390297835166934
13.14166 0.13352078840326498
13.14287 0.1331658977368895
13.14408 0.13278370778848517
13.14528 0.13242881712210966
13.14649 0.1320739264557342
13.1477 0.13171903578935873
13.1489 0.13136414512298328
13.15011 0.13100925445660777
13.15132 0.1306816630722612
13.15252 0.13032677240588572
13.15373 0.12997188173951024
13.15494 0.12964429035516364
13.15614 0.12931669897081707
13.15735 0.12896180830444157
13.15856 0.128634216920095
13.15977 0.12827932625371952
13.16097 0.12795173486937292
13.16218 0.12762414348502635
13.16339 0.12729655210067975
13.16459 0.12696896071633315
13.1658 0.12664136933198655
13.16701 0.12631377794763995
13.16821 0.12598618656329336
13.16942 0.12565859517894679
13.17063 0.1253310037946002
13.17183 0.1250034124102536
13.17304 0.12467582102590702
13.17425 0.12434822964156042
13.17545 0.12402063825721382
13.17666 0.12369304687286724
13.17787 0.12333815620649176
13.17907 0.12301056482214517
13.18028 0.1226556741557697
13.18149 0.12230078348939422
13.18269 0.12197319210504762
13.1839 0.12161830143867215
13.18511 0.12126341077229669
13.18632 0.12090852010592121
13.18752 0.12055362943954573
13.18873 0.12019873877317026
13.18994 0.11984384810679478
13.19114 0.11948895744041932
13.19235 0.11916136605607272
13.19356 0.11880647538969726
13.19476 0.11845158472332176
13.19597 0.1180693947749174
13.19718 0.11771450410854194
13.19838 0.11735961344216646
13.19959 0.11700472277579099
13.2008 0.11662253282738663
13.202 0.11626764216101117
13.20321 0.11591275149463567
13.20442 0.11553056154623134
13.20562 0.11517567087985585
13.20683 0.11482078021348038
13.20804 0.1144658895471049
13.20924 0.11411099888072943
13.21045 0.11378340749638284
13.21166 0.11342851683000735
13.21287 0.11310092544566078
13.21407 0.11274603477928531
13.21528 0.11241844339493871
13.21649 0.11206355272856323
13.21769 0.11173596134421664
13.2189 0.11140836995987005
13.22011 0.11108077857552345
13.22131 0.11075318719117687
13.22252 0.11042559580683027
13.22373 0.11009800442248367
13.22493 0.1097704130381371
13.22614 0.10947012093581937
13.22735 0.1091425295514728
13.22855 0.10884223744915508
13.22976 0.10854194534683737
13.23097 0.10824165324451966
13.23217 0.10794136114220194
13.23338 0.10764106903988424
13.23459 0.1073680762195954
13.2358 0.1070677841172777
13.237 0.10679479129698889
13.23821 0.10649449919467117
13.23942 0.10622150637438235
13.24062 0.10592121427206463
13.24183 0.10564822145177581
13.24304 0.10537522863148699
13.24424 0.10510223581119815
13.24545 0.10482924299090932
13.24666 0.10452895088859161
13.24786 0.10428325735033167
13.24907 0.10401026453004286
13.25028 0.10373727170975403
13.25148 0.1034642788894652
13.25269 0.10319128606917638
13.2539 0.10294559253091642
13.2551 0.1026725997106276
13.25631 0.10239960689033878
13.25752 0.10212661407004994
13.25872 0.10188092053179
13.25993 0.10160792771150119
13.26114 0.10133493489121236
13.26235 0.10108924135295241
13.26355 0.10081624853266358
13.26476 0.10054325571237477
13.26597 0.10029756217411481
13.26717 0.10002456935382599
13.26838 0.09975157653353717
13.26959 0.09950588299527723
13.27079 0.09923289017498839
13.272 0.09898719663672845
13.27321 0.09871420381643961
13.27441 0.0984412109961508
13.27562 0.09819551745789086
13.27683 0.09792252463760202
13.27803 0.0976495318173132
13.27924 0.09740383827905326
13.28045 0.09713084545876442
13.28165 0.0968578526384756
13.28286 0.09661215910021566
13.28407 0.09633916627992684
13.28527 0.096066173459638
13.28648 0.09582047992137806
13.28769 0.09554748710108925
13.2889 0.09527449428080041
13.2901 0.09502880074254047
13.29131 0.09475580792225163
13.29252 0.09448281510196281
13.29372 0.09423712156370287
13.29493 0.09399142802544293
13.29614 0.09371843520515409
13.29734 0.09347274166689415
13.29855 0.09319974884660531
13.29976 0.09295405530834537
13.30096 0.09268106248805656
13.30217 0.09243536894979662
13.30338 0.09216237612950778
13.30458 0.09191668259124784
13.30579 0.0916709890529879
13.307 0.09142529551472796
13.3082 0.09117960197646802
13.30941 0.09093390843820806
13.31062 0.09068821489994812
13.31182 0.09046982064371707
13.31303 0.090251426387486
13.31424 0.09000573284922606
13.31545 0.08978733859299501
13.31665 0.08956894433676393
13.31786 0.08935055008053289
13.31907 0.08913215582430181
13.32027 0.08891376156807076
13.32148 0.08872266659386858
13.32269 0.08850427233763751
13.32389 0.08831317736343533
13.3251 0.08809478310720427
13.32631 0.08790368813300209
13.32751 0.08771259315879991
13.32872 0.08754879746662662
13.32993 0.08735770249242444
13.33113 0.08719390680025116
13.33234 0.08703011110807785
13.33355 0.08686631541590456
13.33475 0.08670251972373125
13.33596 0.08653872403155796
13.33717 0.08637492833938468
13.33837 0.08623843192924026
13.33958 0.08610193551909584
13.34079 0.08593813982692255
13.342 0.08580164341677814
13.3432 0.08566514700663372
13.34441 0.0855286505964893
13.34562 0.0853921541863449
13.34682 0.08525565777620048
13.34803 0.08511916136605606
13.34924 0.08500996423794054
13.35044 0.08487346782779612
13.35165 0.0847642706996806
13.35286 0.08465507357156506
13.35406 0.08451857716142065
13.35527 0.08440938003330511
13.35648 0.08430018290518959
13.35768 0.08419098577707405
13.35889 0.08408178864895853
13.3601 0.08397259152084299
13.3613 0.08386339439272747
13.36251 0.08375419726461193
13.36372 0.08361770085446753
13.36492 0.08350850372635199
13.36613 0.08339930659823647
13.36734 0.08329010947012093
13.36855 0.08315361305997652
13.36975 0.08304441593186099
13.37096 0.08293521880374546
13.37217 0.08282602167562993
13.37337 0.0827168245475144
13.37458 0.08260762741939887
13.37579 0.08247113100925445
13.37699 0.08236193388113892
13.3782 0.08225273675302339
13.37941 0.08214353962490785
13.38061 0.08203434249679233
13.38182 0.08189784608664791
13.38303 0.08178864895853238
13.38423 0.08167945183041685
13.38544 0.08154295542027244
13.38665 0.0814337582921569
13.38785 0.0812972618820125
13.38906 0.08118806475389696
13.39027 0.08107886762578144
13.39147 0.08094237121563702
13.39268 0.0808331740875215
13.39389 0.08072397695940596
13.3951 0.08061477983129044
13.3963 0.0805055827031749
13.39751 0.08039638557505938
13.39872 0.08028718844694384
13.39992 0.08017799131882831
13.40113 0.08006879419071278
13.40234 0.07998689634462613
13.40354 0.0798776992165106
13.40475 0.07976850208839507
13.40596 0.07968660424230842
13.40716 0.0795774071141929
13.40837 0.07949550926810624
13.40958 0.0794136114220196
13.41078 0.07930441429390406
13.41199 0.07922251644781741
13.4132 0.07914061860173076
13.4144 0.07905872075564412
13.41561 0.07897682290955747
13.41682 0.07889492506347082
13.41802 0.07884032649941305
13.41923 0.07875842865332641
13.42044 0.07870383008926865
13.42165 0.078621932243182
13.42285 0.07856733367912423
13.42406 0.07851273511506647
13.42527 0.07843083726897981
13.42647 0.07837623870492205
13.42768 0.07832164014086429
13.42889 0.07823974229477765
13.43009 0.07818514373071987
13.4313 0.07810324588463323
13.43251 0.07802134803854659
13.43371 0.07793945019245993
13.43492 0.07788485162840217
13.43613 0.07780295378231553
13.43733 0.07772105593622887
13.43854 0.07763915809014223
13.43975 0.07758455952608447
13.44095 0.07750266167999781
13.44216 0.07742076383391117
13.44337 0.07733886598782452
13.44458 0.07722966885970899
13.44578 0.07714777101362234
13.44699 0.0770385738855068
13.4482 0.07692937675739128
13.4494 0.07682017962927574
13.45061 0.07671098250116021
13.45182 0.07660178537304468
13.45302 0.07646528896290027
13.45423 0.07632879255275585
13.45544 0.07619229614261144
13.45664 0.07605579973246702
13.45785 0.07591930332232262
13.45906 0.0757828069121782
13.46026 0.0756190112200049
13.46147 0.0754825148098605
13.46268 0.0753187191176872
13.46388 0.0751549234255139
13.46509 0.07499112773334062
13.4663 0.07482733204116732
13.4675 0.07466353634899402
13.46871 0.07447244137479184
13.46992 0.07430864568261855
13.47113 0.07411755070841637
13.47233 0.07395375501624307
13.47354 0.07376266004204089
13.47475 0.07357156506783871
13.47595 0.07335317081160765
13.47716 0.07316207583740547
13.47837 0.07297098086320329
13.47957 0.07277988588900111
13.48078 0.07256149163277005
13.48199 0.07237039665856787
13.48319 0.0721793016843657
13.4844 0.07196090742813464
13.48561 0.07176981245393246
13.48681 0.07157871747973028
13.48802 0.07136032322349922
13.48923 0.07116922824929704
13.49043 0.07095083399306598
13.49164 0.07073243973683492
13.49285 0.07054134476263274
13.49405 0.07032295050640168
13.49526 0.07010455625017062
13.49647 0.06991346127596844
13.49768 0.06969506701973738
13.49888 0.06947667276350632
13.50009 0.06928557778930414
13.5013 0.06909448281510196
13.5025 0.0688760885588709
13.50371 0.06868499358466872
13.50492 0.06849389861046655
13.50612 0.06827550435423548
13.50733 0.0680844093800333
13.50854 0.06789331440583111
13.50974 0.06770221943162893
13.51095 0.06748382517539787
13.51216 0.0672927302011957
13.51336 0.06710163522699353
13.51457 0.06691054025279135
13.51578 0.06671944527858917
13.51698 0.06655564958641587
13.51819 0.06636455461221369
13.5194 0.06617345963801152
13.5206 0.06600966394583822
13.52181 0.06584586825366492
13.52302 0.06565477327946274
13.52423 0.06549097758728946
13.52543 0.06532718189511616
13.52664 0.06516338620294286
13.52785 0.06499959051076956
13.52905 0.06483579481859626
13.53026 0.06467199912642296
13.53147 0.06453550271627856
13.53267 0.06437170702410526
13.53388 0.06420791133193196
13.53509 0.06407141492178756
13.53629 0.06390761922961426
13.5375 0.06377112281946984
13.53871 0.06360732712729655
13.53991 0.06347083071715214
13.54112 0.06330703502497884
13.54233 0.06317053861483443
13.54353 0.06303404220469001
13.54474 0.06289754579454561
13.54595 0.06273375010237231
13.54715 0.06259725369222789
13.54836 0.06246075728208348
13.54957 0.06232426087193906
13.55078 0.06218776446179466
13.55198 0.06207856733367912
13.55319 0.0619420709235347
13.5544 0.0618055745133903
13.5556 0.06169637738527476
13.55681 0.06155988097513035
13.55802 0.06145068384701482
13.55922 0.06131418743687041
13.56043 0.06120499030875487
13.56164 0.061068493898610465
13.56284 0.06095929677049493
13.56405 0.060850099642379404
13.56526 0.06074090251426387
13.56646 0.060631705386148343
13.56767 0.060522508258032806
13.56888 0.06041331112991728
13.57008 0.06033141328383063
13.57129 0.0602222161557151
13.5725 0.06014031830962845
13.5737 0.0600584204635418
13.57491 0.06000382189948404
13.57612 0.05992192405339739
13.57733 0.05986732548933963
13.57853 0.059785427643252974
13.57974 0.05973082907919521
13.58095 0.05967623051513745
13.58215 0.059621631951079675
13.58336 0.05956703338702191
13.58457 0.05953973410499303
13.58577 0.05948513554093527
13.58698 0.05945783625890639
13.58819 0.05943053697687751
13.58939 0.05940323769484863
13.5906 0.05937593841281973
13.59181 0.05934863913079085
13.59301 0.05934863913079085
13.59422 0.05934863913079085
13.59543 0.05934863913079085
13.59663 0.05934863913079085
13.59784 0.05934863913079085
13.59905 0.05937593841281973
13.60025 0.05937593841281973
13.60146 0.05940323769484863
13.60267 0.05943053697687751
13.60388 0.05943053697687751
13.60508 0.05945783625890639
13.60629 0.05948513554093527
13.6075 0.05951243482296415
13.6087 0.05953973410499303
13.60991 0.05956703338702191
13.61112 0.059594332669050794
13.61232 0.059621631951079675
13.61353 0.05964893123310857
13.61474 0.05967623051513745
13.61594 0.05973082907919521
13.61715 0.05975812836122409
13.61836 0.059785427643252974
13.61956 0.05984002620731074
13.62077 0.05986732548933963
13.62198 0.05989462477136851
13.62318 0.05994922333542627
13.62439 0.059976522617455154
13.6256 0.06000382189948404
13.6268 0.06003112118151292
13.62801 0.0600584204635418
13.62922 0.06011301902759957
13.63043 0.06014031830962845
13.63163 0.06014031830962845
13.63284 0.060167617591657334
13.63405 0.06019491687368622
13.63525 0.0602222161557151
13.63646 0.06024951543774398
13.63767 0.060276814719772864
13.63887 0.060304114001801745
13.64008 0.06033141328383063
13.64129 0.060358712565859514
13.64249 0.0603860118478884
13.6437 0.06041331112991728
13.64491 0.06044061041194616
13.64611 0.060467909693975044
13.64732 0.060467909693975044
13.64853 0.060495208976003925
13.64973 0.060522508258032806
13.65094 0.06054980754006169
13.65215 0.06057710682209058
13.65336 0.06057710682209058
13.65456 0.06060440610411946
13.65577 0.060631705386148343
13.65698 0.060659004668177224
13.65818 0.060686303950206105
13.65939 0.060713603232234986
13.6606 0.06076820179629275
13.6618 0.06079550107832164
13.66301 0.060822800360350524
13.66422 0.060877398924408285
13.66542 0.06093199748846605
13.66663 0.06095929677049493
13.66784 0.06101389533455269
13.66904 0.061068493898610465
13.67025 0.06112309246266823
13.67146 0.06117769102672599
13.67266 0.06123228959078376
13.67387 0.061286888154841526
13.67508 0.06136878600092817
13.67628 0.06142338456498594
13.67749 0.06150528241107259
13.6787 0.06155988097513035
13.67991 0.061641778821217
13.68111 0.06172367666730365
13.68232 0.0618055745133903
13.68353 0.06188747235947694
13.68473 0.06199666948759248
13.68594 0.06207856733367912
13.68715 0.06218776446179466
13.68835 0.0622696623078813
13.68956 0.062378859435996824
13.69077 0.06248805656411236
13.69197 0.06256995441019901
13.69318 0.06267915153831455
13.69439 0.06278834866643007
13.69559 0.06289754579454561
13.6968 0.06300674292266113
13.69801 0.06308864076874778
13.69921 0.06319783789686331
13.70042 0.06330703502497884
13.70163 0.06341623215309437
13.70283 0.06349812999918102
13.70404 0.06360732712729655
13.70525 0.06371652425541208
13.70646 0.06382572138352761
13.70766 0.06393491851164314
13.70887 0.06404411563975868
13.71008 0.0641533127678742
13.71128 0.06426250989598972
13.71249 0.06434440774207638
13.7137 0.0644536048701919
13.7149 0.06453550271627856
13.71611 0.0646174005623652
13.71732 0.06472659769048072
13.71852 0.06480849553656738
13.71973 0.06489039338265402
13.72094 0.06497229122874068
13.72214 0.06505418907482732
13.72335 0.0651087876388851
13.72456 0.06519068548497174
13.72576 0.06527258333105838
13.72697 0.06535448117714504
13.72818 0.0654090797412028
13.72938 0.06546367830526056
13.73059 0.06554557615134722
13.7318 0.06560017471540498
13.73301 0.06565477327946274
13.73421 0.06570937184352052
13.73542 0.06576397040757828
13.73663 0.06581856897163604
13.73783 0.0658731675356938
13.73904 0.06592776609975158
13.74025 0.06598236466380934
13.74145 0.06600966394583822
13.74266 0.06606426250989599
13.74387 0.06609156179192487
13.74507 0.06611886107395375
13.74628 0.06617345963801152
13.74749 0.0662007589200404
13.74869 0.06622805820206928
13.7499 0.06625535748409817
13.75111 0.06628265676612705
13.75231 0.06630995604815593
13.75352 0.06633725533018481
13.75473 0.06636455461221369
13.75593 0.06639185389424258
13.75714 0.06639185389424258
13.75835 0.06641915317627146
13.75956 0.06644645245830035
13.76076 0.06644645245830035
13.76197 0.06647375174032923
13.76318 0.06647375174032923
13.76438 0.06647375174032923
13.76559 0.06650105102235811
13.7668 0.06650105102235811
13.768 0.06650105102235811
13.76921 0.06650105102235811
13.77042 0.06647375174032923
13.77162 0.06647375174032923
13.77283 0.06647375174032923
13.77404 0.06644645245830035
13.77524 0.06644645245830035
13.77645 0.06641915317627146
13.77766 0.06641915317627146
13.77886 0.06639185389424258
13.78007 0.06636455461221369
13.78128 0.06633725533018481
13.78248 0.06630995604815593
13.78369 0.06625535748409817
13.7849 0.06622805820206928
13.78611 0.06617345963801152
13.78731 0.06611886107395375
13.78852 0.06606426250989599
13.78973 0.06600966394583822
13.79093 0.06592776609975158
13.79214 0.06584586825366492
13.79335 0.06579126968960716
13.79455 0.06570937184352052
13.79576 0.06560017471540498
13.79697 0.06551827686931834
13.79817 0.06543637902323168
13.79938 0.06532718189511616
13.80059 0.06521798476700062
13.80179 0.0651087876388851
13.803 0.06497229122874068
13.80421 0.06486309410062514
13.80541 0.06472659769048072
13.80662 0.06459010128033632
13.80783 0.06442630558816302
13.80903 0.06428980917801862
13.81024 0.06412601348584532
13.81145 0.06396221779367202
13.81266 0.06379842210149872
13.81386 0.06360732712729655
13.81507 0.06341623215309437
13.81628 0.0632251371788922
13.81748 0.06303404220469001
13.81869 0.06284294723048783
13.8199 0.06262455297425677
13.8211 0.062406158718025705
13.82231 0.06218776446179466
13.82352 0.0619693702055636
13.82472 0.06175097594933253
13.82593 0.06153258169310147
13.82714 0.061286888154841526
13.82834 0.061041194616581584
13.82955 0.06079550107832164
13.83076 0.06054980754006169
13.83196 0.060304114001801745
13.83317 0.06003112118151292
13.83438 0.05975812836122409
13.83558 0.05948513554093527
13.83679 0.05921214272064645
13.838 0.05893914990035762
13.83921 0.05866615708006879
13.84041 0.05839316425977996
13.84162 0.058120171439491136
13.84283 0.05781987933717343
13.84403 0.0575468865168846
13.84524 0.05727389369659577
13.84645 0.057000900876306944
13.84765 0.05672790805601812
13.84886 0.0564549152357293
13.85007 0.056154623133411595
13.85127 0.05588163031312276
13.85248 0.05558133821080505
13.85369 0.055308345390516225
13.85489 0.05500805328819852
13.8561 0.054735060467909685
13.85731 0.05443476836559198
13.85851 0.05416177554530315
13.85972 0.05388878272501433
13.86093 0.053588490622696626
13.86214 0.05331549780240779
13.86334 0.05304250498211897
13.86455 0.052796811443859025
13.86576 0.052523818623570195
13.86696 0.052278125085310254
13.86817 0.05200513226502143
13.86938 0.05175943872676149
13.87058 0.05148644590647265
13.87179 0.05124075236821271
13.873 0.05099505882995276
13.8742 0.05074936529169282
13.87541 0.050476372471404
13.87662 0.050230678933144056
13.87782 0.049984985394884114
13.87903 0.049739291856624165
13.88024 0.049493598318364224
13.88144 0.04924790478010428
13.88265 0.04900221124184434
13.88386 0.0487565177035844
13.88506 0.04851082416532445
13.88627 0.04826513062706451
13.88748 0.04804673637083345
13.88869 0.047801042832573505
13.88989 0.04755534929431356
13.8911 0.047336955038082495
13.89231 0.047091261499822554
13.89351 0.04684556796156261
13.89472 0.046599874423302656
13.89593 0.046354180885042714
13.89713 0.046135786628811654
13.89834 0.04586279380852283
13.89955 0.04561710027026289
13.90075 0.04537140673200294
13.90196 0.04509841391171412
13.90317 0.044852720373454176
13.90437 0.04457972755316535
13.90558 0.044306734732876524
13.90679 0.044033741912587694
13.90799 0.043760749092298865
13.9092 0.04348775627201004
13.91041 0.04321476345172122
13.91161 0.04294177063143239
13.91282 0.04266877781114357
13.91403 0.04239578499085474
13.91524 0.04209549288853703
13.91644 0.041822500068248204
13.91765 0.041522207965930494
13.91886 0.041249215145641664
13.92006 0.040948923043323954
13.92127 0.04067593022303513
13.92248 0.04037563812071742
13.92368 0.04007534601839972
13.92489 0.03977505391608201
13.9261 0.039474761813764296
13.9273 0.039174469711446586
13.92851 0.038874177609128875
13.92972 0.03857388550681117
13.93092 0.03824629412246457
13.93213 0.03794600202014686
13.93334 0.03764570991782916
13.93454 0.03734541781551145
13.93575 0.037072424995222626
13.93696 0.036772132892904916
13.93816 0.036471840790587205
13.93937 0.036198847970298376
13.94058 0.03589855586798067
13.94179 0.03562556304769184
13.94299 0.03532527094537413
13.9442 0.03505227812508531
13.94541 0.0347519860227676
13.94661 0.034478993202478776
13.94782 0.03420600038218995
13.94903 0.03393300756190112
13.95023 0.033660014741612294
13.95144 0.033387021921323465
13.95265 0.03311402910103464
13.95385 0.03284103628074582
13.95506 0.03256804346045699
13.95627 0.03232234992219704
13.95747 0.03204935710190822
13.95868 0.03180366356364828
13.95989 0.031557970025388335
13.96109 0.031312276487128386
13.9623 0.03106658294886844
13.96351 0.0308208894106085
13.96471 0.030575195872348554
13.96592 0.030329502334088612
13.96713 0.03011110807785755
13.96834 0.029865414539597606
13.96954 0.029647020283366545
13.97075 0.029401326745106603
13.97196 0.02918293248887554
13.97316 0.028937238950615597
13.97437 0.028718844694384536
13.97558 0.028500450438153472
13.97678 0.02825475689989353
13.97799 0.02803636264366247
13.9792 0.02781796838743141
13.9804 0.027599574131200344
13.98161 0.02738117987496929
13.98282 0.027162785618738226
13.98402 0.026944391362507165
13.98523 0.026753296388304985
13.98644 0.026534902132073924
13.98764 0.026316507875842863
13.98885 0.026098113619611805
13.99006 0.025907018645409625
13.99126 0.02568862438917856
13.99247 0.0254702301329475
13.99368 0.02525183587671644
13.99489 0.02503344162048538
13.99609 0.024842346646283202
13.9973 0.02462395239005214
13.99851 0.02440555813382108
13.99971 0.024187163877590016
14.00092 0.023996068903387836
14.00213 0.02377767464715678
14.00333 0.023559280390925717
14.00454 0.023340886134694656
14.00575 0.023149791160492476
14.00695 0.022931396904261415
14.00816 0.022713002648030355
14.00937 0.022494608391799297
14.01057 0.022303513417597117
14.01178 0.022085119161366056
14.01299 0.021866724905134992
14.01419 0.02164833064890393
14.0154 0.02142993639267287
14.01661 0.02121154213644181
14.01781 0.020993147880210748
14.01902 0.020774753623979687
14.02023 0.020556359367748626
14.02144 0.020337965111517566
14.02264 0.020119570855286505
14.02385 0.019901176599055444
14.02506 0.019682782342824383
14.02626 0.019464388086593322
14.02747 0.01924599383036226
14.02868 0.019027599574131197
14.02988 0.01880920531790014
14.03109 0.01859081106166908
14.0323 0.018372416805438014
14.0335 0.018154022549206953
14.03471 0.017935628292975896
14.03592 0.01771723403674483
14.03712 0.01749883978051377
14.03833 0.017307744806311594
14.03954 0.017089350550080533
14.04074 0.01687095629384947
14.04195 0.01665256203761841
14.04316 0.01643416778138735
14.04436 0.016215773525156286
14.04557 0.01602467855095411
14.04678 0.01580628429472305
14.04799 0.01561518932052087
14.04919 0.01542409434631869
14.0504 0.015205700090087631
14.05161 0.015041904397914333
14.05281 0.014850809423712157
14.05402 0.014659714449509977
14.05523 0.014468619475307799
14.05643 0.014304823783134503
14.05764 0.014113728808932325
14.05885 0.013949933116759029
14.06005 0.01375883814255685
14.06126 0.013595042450383555
14.06247 0.013431246758210258
14.06367 0.013267451066036962
14.06488 0.013103655373863664
14.06609 0.012967158963719253
14.06729 0.012803363271545957
14.0685 0.01263956757937266
14.06971 0.012503071169228249
14.07092 0.012366574759083836
14.07212 0.012230078348939421
14.07333 0.012093581938795008
14.07454 0.011957085528650596
14.07574 0.011847888400535066
14.07695 0.011711391990390653
14.07816 0.011602194862275123
14.07936 0.011492997734159592
14.08057 0.011356501324015177
14.08178 0.011247304195899649
14.08298 0.011138107067784118
14.08419 0.011028909939668586
14.0854 0.010919712811553055
14.0866 0.010810515683437525
14.08781 0.010674019273293112
14.08902 0.010564822145177582
14.09022 0.010455625017062051
14.09143 0.010319128606917638
14.09264 0.010209931478802106
14.09384 0.010100734350686577
14.09505 0.009991537222571047
14.09626 0.009855040812426632
14.09747 0.009745843684311101
14.09867 0.009636646556195573
14.09988 0.00952744942808004
14.10109 0.009390953017935627
14.10229 0.009281755889820097
14.1035 0.009172558761704567
14.10471 0.009036062351560153
14.10591 0.00889956594141574
14.10712 0.00879036881330021
14.10833 0.008653872403155797
14.10953 0.008517375993011384
14.11074 0.008380879582866969
14.11195 0.008217083890693675
14.11315 0.00808058748054926
14.11436 0.007916791788375965
14.11557 0.007780295378231552
14.11677 0.007616499686058256
14.11798 0.007452703993884959
14.11919 0.0072889083017116645
14.12039 0.0071524118915672515
14.1216 0.006988616199393956
14.12281 0.00682482050722066
14.12402 0.006688324097076246
14.12522 0.006524528404902951
14.12643 0.0063880319947585374
14.12764 0.006251535584614124
14.12884 0.0061150391744697104
14.13005 0.005978542764325298
14.13126 0.005814747072152002
14.13246 0.005678250662007589
14.13367 0.005541754251863176
14.13488 0.0054052578417187625
14.13608 0.0052687614315743495
14.13729 0.0051322650214299355
14.1385 0.004995768611285523
14.1397 0.004859272201141109
14.14091 0.004750075073025579
14.14212 0.0046408779449100485
14.14332 0.004504381534765635
14.14453 0.004395184406650105
14.14574 0.004313286560563457
14.14694 0.004204089432447926
14.14815 0.004122191586361279
14.14936 0.00404029374027463
14.15057 0.003958395894187982
14.15177 0.003876498048101335
14.15298 0.0038218994840435692
14.15419 0.003767300919985804
14.15539 0.0037127023559280392
14.1566 0.0036581037918702736
14.15781 0.0036035052278125083
14.15901 0.0035489066637547427
14.16022 0.003494308099696978
14.16143 0.0034670088176680953
14.16263 0.00341241025361033
14.16384 0.003385110971581447
14.16505 0.0033578116895525644
14.16625 0.003303213125494799
14.16746 0.003275913843465916
14.16867 0.0032486145614370344
14.16987 0.0032213152794081513
14.17108 0.0032213152794081513
14.17229 0.0031940159973792687
14.17349 0.0031940159973792687
14.1747 0.003166716715350386
14.17591 0.003166716715350386
14.17712 0.0031394174333215035
14.17832 0.0031394174333215035
14.17953 0.0031394174333215035
14.18074 0.003112118151292621
14.18194 0.003112118151292621
14.18315 0.003084818869263738
14.18436 0.0030575195872348552
14.18556 0.0030575195872348552
14.18677 0.0030029210231770904
14.18798 0.002975621741148208
14.18918 0.002948322459119325
14.19039 0.002921023177090442
14.1916 0.0028937238950615595
14.1928 0.002866424613032677
14.19401 0.002811826048974912
14.19522 0.0027845267669460295
14.19642 0.0027572274849171465
14.19763 0.0027026289208593813
14.19884 0.0026753296388304986
14.20004 0.0026207310747727334
14.20125 0.0025661325107149678
14.20246 0.002511533946657203
14.20367 0.00248423466462832
14.20487 0.0024296361005705547
14.20608 0.002347738254483907
14.20729 0.0022931396904261416
14.20849 0.0022385411263683764
14.2097 0.0021566432802817286
14.21091 0.0020747454341950807
14.21211 0.0019928475881084325
14.21332 0.0019109497420217846
14.21453 0.0018563511779640196
14.21573 0.0017744533318773713
14.21694 0.0016925554857907235
14.21815 0.0016106576397040757
14.21935 0.0015287597936174276
14.22056 0.0014468619475307798
14.22177 0.001364964101444132
14.22297 0.0012830662553574839
14.22418 0.001201168409270836
14.22539 0.0011465698452130708
14.22659 0.001064671999126423
14.2278 0.0009827741530397751
14.22901 0.0009008763069531271
14.23022 0.000818978460866479
14.23142 0.0007643798968087138
14.23263 0.000682482050722066
14.23384 0.000600584204635418
14.23504 0.0005186863585487702
14.23625 0.0004640877944910049
14.23746 0.0003821899484043569
14.23866 0.0003275913843465917
14.23987 0.0002456935382599438
14.24108 0.00019109497420217845
14.24228 0.00016379569217329584
14.24349 0.00010919712811553056
14.2447 5.459856405776528e-05
14.2459 2.729928202888264e-05
14.24711 0.0
14.24832 -5.459856405776528e-05
14.24952 -0.0001364964101444132
14.25073 -0.00019109497420217845
14.25194 -0.0002456935382599438
14.25314 -0.000300292102317709
14.25435 -0.0003275913843465917
14.25556 -0.0003821899484043569
14.25677 -0.0004094892304332395
14.25797 -0.0004640877944910049
14.25918 -0.0004913870765198876
14.26039 -0.0005186863585487702
14.26159 -0.0005459856405776528
14.2628 -0.0005732849226065354
14.26401 -0.0005732849226065354
14.26521 -0.000600584204635418
14.26642 -0.000600584204635418
14.26763 -0.000600584204635418
14.26883 -0.000600584204635418
14.27004 -0.000600584204635418
14.27125 -0.0005732849226065354
14.27245 -0.0005732849226065354
14.27366 -0.0005459856405776528
14.27487 -0.0005459856405776528
14.27607 -0.0005186863585487702
14.27728 -0.0004913870765198876
14.27849 -0.0004640877944910049
14.2797 -0.0004640877944910049
14.2809 -0.00043678851246212224
14.28211 -0.00043678851246212224
14.28332 -0.0004094892304332395
14.28452 -0.0004094892304332395
14.28573 -0.0003821899484043569
14.28694 -0.0003821899484043569
14.28814 -0.0003548906663754743
14.28935 -0.0003275913843465917
14.29056 -0.0003275913843465917
14.29176 -0.000300292102317709
14.29297 -0.000300292102317709
14.29418 -0.0002729928202888264
14.29538 -0.0002456935382599438
14.29659 -0.0002456935382599438
14.2978 -0.00021839425623106112
14.299 -0.00021839425623106112
14.30021 -0.00021839425623106112
14.30142 -0.00021839425623106112
14.30262 -0.00021839425623106112
14.30383 -0.00021839425623106112
14.30504 -0.00021839425623106112
14.30625 -0.0002456935382599438
14.30745 -0.0002456935382599438
14.30866 -0.0002729928202888264
14.30987 -0.0002729928202888264
14.31107 -0.000300292102317709
14.31228 -0.0003275913843465917
14.31349 -0.0003548906663754743
14.31469 -0.0003821899484043569
14.3159 -0.0003821899484043569
14.31711 -0.0004094892304332395
14.31831 -0.00043678851246212224
14.31952 -0.0004640877944910049
14.32073 -0.0004640877944910049
14.32193 -0.0004913870765198876
14.32314 -0.0005186863585487702
14.32435 -0.0005186863585487702
14.32555 -0.0005459856405776528
14.32676 -0.0005459856405776528
14.32797 -0.0005732849226065354
14.32917 -0.000600584204635418
14.33038 -0.000600584204635418
14.33159 -0.0006278834866643007
14.3328 -0.0006551827686931834
14.334 -0.0006551827686931834
14.33521 -0.000682482050722066
14.33642 -0.000682482050722066
14.33762 -0.000682482050722066
14.33883 -0.000682482050722066
14.34004 -0.000682482050722066
14.34124 -0.000682482050722066
14.34245 -0.0006551827686931834
14.34366 -0.0006278834866643007
14.34486 -0.0006278834866643007
14.34607 -0.000600584204635418
14.34728 -0.0005732849226065354
14.34848 -0.0005186863585487702
14.34969 -0.0004913870765198876
14.3509 -0.0004640877944910049
14.3521 -0.0004094892304332395
14.35331 -0.0003548906663754743
14.35452 -0.000300292102317709
14.35572 -0.0002729928202888264
14.35693 -0.00019109497420217845
14.35814 -0.0001364964101444132
14.35935 -8.189784608664792e-05
14.36055 -0.0
14.36176 5.459856405776528e-05
14.36297 0.0001364964101444132
14.36417 0.00021839425623106112
14.36538 0.000300292102317709
14.36659 0.0003821899484043569
14.36779 0.0004913870765198876
14.369 0.000600584204635418
14.37021 0.000682482050722066
14.37141 0.0007916791788375965
14.37262 0.0009008763069531271
14.37383 0.0010100734350686575
14.37503 0.0011192705631841882
14.37624 0.0012557669733286015
14.37745 0.001364964101444132
14.37865 0.0014741612295596626
14.37986 0.001583358357675193
14.38107 0.0016925554857907235
14.38227 0.0018290518959351368
14.38348 0.0019382490240506675
14.38469 0.002047446152166198
14.3859 0.0021566432802817286
14.3871 0.0022931396904261416
14.38831 0.002402336818541672
14.38952 0.0025388332286860856
14.39072 0.0026753296388304986
14.39193 0.0027845267669460295
14.39314 0.002921023177090442
14.39434 0.0030575195872348552
14.39555 0.003166716715350386
14.39676 0.003303213125494799
14.39796 0.00341241025361033
14.39917 0.0035489066637547427
14.40038 0.0036581037918702736
14.40158 0.003767300919985804
14.40279 0.003876498048101335
14.404 0.003985695176216865
14.4052 0.004094892304332396
14.40641 0.004204089432447926
14.40762 0.004313286560563457
14.40882 0.004422483688678988
14.41003 0.004531680816794518
14.41124 0.0046408779449100485
14.41245 0.004722775790996696
14.41365 0.004831972919112228
14.41486 0.004941170047227757
14.41607 0.005023067893314406
14.41727 0.0051322650214299355
14.41848 0.005241462149545467
14.41969 0.005323359995632115
14.42089 0.005432557123747645
14.4221 0.005541754251863176
14.42331 0.005623652097949824
14.42451 0.005732849226065354
14.42572 0.005814747072152002
14.42693 0.005923944200267533
14.42813 0.006005842046354181
14.42934 0.006087739892440829
14.43055 0.006196937020556358
14.43175 0.006278834866643007
14.43296 0.0063880319947585374
14.43417 0.006469929840845186
14.43537 0.006551827686931832
14.43658 0.0066610248150473636
14.43779 0.006742922661134011
14.439 0.006852119789249543
14.4402 0.006961316917365073
14.44141 0.007070514045480603
14.44262 0.007179711173596134
14.44382 0.0072889083017116645
14.44503 0.007398105429827196
14.44624 0.007507302557942725
14.44744 0.007616499686058256
14.44865 0.007725696814173787
14.44986 0.007862193224318201
14.45106 0.00797139035243373
14.45227 0.008107886762578143
14.45348 0.008217083890693675
14.45468 0.008353580300838086
14.45589 0.008462777428953617
14.4571 0.008599273839098032
14.4583 0.008735770249242445
14.45951 0.008872266659386858
14.46072 0.00900876306953127
14.46192 0.009145259479675684
14.46313 0.009281755889820097
14.46434 0.00941825229996451
14.46555 0.009554748710108923
14.46675 0.009691245120253338
14.46796 0.009855040812426632
14.46917 0.009991537222571047
14.47037 0.010155332914744342
14.47158 0.010319128606917638
14.47279 0.010455625017062051
14.47399 0.010619420709235345
14.4752 0.010783216401408642
14.47641 0.010919712811553055
14.47761 0.011083508503726351
14.47882 0.011247304195899649
14.48003 0.01138380060604406
14.48123 0.011547596298217357
14.48244 0.011711391990390653
14.48365 0.011847888400535066
14.48485 0.011984384810679477
14.48606 0.012148180502852775
14.48727 0.01231197619502607
14.48848 0.012448472605170484
14.48968 0.01261226829734378
14.49089 0.01274876470748819
14.4921 0.012912560399661488
14.4933 0.013049056809805903
14.49451 0.013212852501979197
14.49572 0.013349348912123611
14.49692 0.013485845322268023
14.49813 0.01364964101444132
14.49934 0.013786137424585732
14.50054 0.013922633834730146
14.50175 0.01405913024487456
14.50296 0.01419562665501897
14.50416 0.014332123065163386
14.50537 0.014441320193278918
14.50658 0.014577816603423329
14.50778 0.01468701373153886
14.50899 0.014823510141683273
14.5102 0.014932707269798803
14.5114 0.015069203679943216
14.51261 0.015178400808058747
14.51382 0.015287597936174277
14.51503 0.015396795064289807
14.51623 0.01553329147443422
14.51744 0.015642488602549753
14.51865 0.015751685730665283
14.51985 0.015860882858780814
14.52106 0.01594278070486746
14.52227 0.01605197783298299
14.52347 0.01616117496109852
14.52468 0.01627037208921405
14.52589 0.0163522699353007
14.52709 0.01646146706341623
14.5283 0.01654336490950288
14.52951 0.01665256203761841
14.53071 0.016734459883705057
14.53192 0.016816357729791703
14.53313 0.016925554857907234
14.53433 0.017007452703993883
14.53554 0.017089350550080533
14.53675 0.01717124839616718
14.53795 0.01725314624225383
14.53916 0.017335044088340475
14.54037 0.017444241216456005
14.54158 0.017526139062542655
14.54278 0.0176080369086293
14.54399 0.01768993475471595
14.5452 0.017771832600802596
14.5464 0.01788102972891813
14.54761 0.017962927575004776
14.54882 0.018044825421091426
14.55002 0.018126723267178072
14.55123 0.01820862111326472
14.55244 0.018290518959351368
14.55364 0.0183997160874669
14.55485 0.018481613933553548
14.55606 0.018563511779640194
14.55726 0.018645409625726844
14.55847 0.01872730747181349
14.55968 0.01883650459992902
14.56088 0.01891840244601567
14.56209 0.019000300292102316
14.5633 0.019082198138188962
14.5645 0.019191395266304496
14.56571 0.019273293112391145
14.56692 0.019382490240506676
14.56813 0.019464388086593322
14.56933 0.019573585214708852
14.57054 0.019682782342824383
14.57175 0.01976468018891103
14.57295 0.01987387731702656
14.57416 0.019983074445142093
14.57537 0.02006497229122874
14.57657 0.02017416941934427
14.57778 0.0202833665474598
14.57899 0.02039256367557533
14.58019 0.020474461521661977
14.5814 0.020583658649777507
14.58261 0.020665556495864157
14.58381 0.020774753623979687
14.58502 0.020856651470066337
14.58623 0.020965848598181867
14.58743 0.021047746444268513
14.58864 0.021156943572384044
14.58985 0.02123884141847069
14.59105 0.021348038546586224
14.59226 0.02142993639267287
14.59347 0.0215391335207884
14.59468 0.02162103136687505
14.59588 0.0217029292129617
14.59709 0.02181212634107723
14.5983 0.021894024187163873
14.5995 0.021975922033250522
14.60071 0.022057819879337172
14.60192 0.022167017007452702
14.60312 0.02224891485353935
14.60433 0.022330812699625998
14.60554 0.022412710545712648
14.60674 0.02246730910977041
14.60795 0.02254920695585706
14.60916 0.02263110480194371
14.61036 0.02268570336600147
14.61157 0.02276760121208812
14.61278 0.02284949905817477
14.61398 0.022904097622232535
14.61519 0.0229586961862903
14.6164 0.023040594032376946
14.6176 0.023095192596434715
14.61881 0.023177090442521357
14.62002 0.023231689006579126
14.62123 0.023313586852665776
14.62243 0.023368185416723537
14.62364 0.023450083262810187
14.62485 0.023504681826867952
14.62605 0.0235865796729546
14.62726 0.023668477519041248
14.62847 0.023723076083099013
14.62967 0.023804973929185663
14.63088 0.023859572493243424
14.63209 0.023941470339330074
14.63329 0.024023368185416723
14.6345 0.024077966749474485
14.63571 0.024159864595561135
14.63691 0.024241762441647784
14.63812 0.02432366028773443
14.63933 0.0243782588517922
14.64053 0.024460156697878842
14.64174 0.024569353825994372
14.64295 0.024651251672081022
14.64415 0.02473314951816767
14.64536 0.024842346646283202
14.64657 0.024924244492369848
14.64778 0.02503344162048538
14.64898 0.02514263874860091
14.65019 0.02525183587671644
14.6514 0.02536103300483197
14.6526 0.0254702301329475
14.65381 0.02557942726106303
14.65502 0.025715923671207445
14.65622 0.025825120799322976
14.65743 0.025961617209467387
14.65864 0.026070814337582918
14.65984 0.02620731074772733
14.66105 0.026343807157871747
14.66226 0.02648030356801616
14.66346 0.026616799978160573
14.66467 0.026753296388304985
14.66588 0.026889792798449396
14.66708 0.027026289208593814
14.66829 0.027162785618738226
14.6695 0.02729928202888264
14.6707 0.027463077721055933
14.67191 0.027626873413229232
14.67312 0.027763369823373643
14.67433 0.02792716551554694
14.67553 0.028090961207720238
14.67674 0.02825475689989353
14.67795 0.02841855259206683
14.67915 0.02858234828424012
14.68036 0.028746143976413417
14.68157 0.028909939668586716
14.68277 0.02910103464278889
14.68398 0.02926483033496219
14.68519 0.029428626027135484
14.68639 0.029592421719308783
14.6876 0.029728918129453195
14.68881 0.029892713821626487
14.69001 0.030056509513799786
14.69122 0.03022030520597308
14.69243 0.030384100898146374
14.69363 0.030547896590319673
14.69484 0.03071169228249297
14.69605 0.030875487974666264
14.69725 0.03103928366683956
14.69846 0.031203079359012852
14.69967 0.031366875051186155
14.70088 0.03153067074335945
14.70208 0.031694466435532746
14.70329 0.03185826212770604
14.7045 0.03199475853785045
14.7057 0.03215855423002375
14.70691 0.03229505064016816
14.70812 0.03243154705031257
14.70932 0.03256804346045699
14.71053 0.0327045398706014
14.71174 0.03284103628074582
14.71294 0.03295023340886135
14.71415 0.03308672981900576
14.71536 0.03319592694712129
14.71656 0.0333324233572657
14.71777 0.033441620485381233
14.71898 0.033550817613496764
14.72018 0.033687314023641175
14.72139 0.033796511151756706
14.7226 0.033878408997843355
14.72381 0.033987606125958886
14.72501 0.034096803254074416
14.72622 0.034178701100161066
14.72743 0.034260598946247715
14.72863 0.03434249679233436
14.72984 0.03442439463842101
14.73105 0.03450629248450766
14.73225 0.03458819033059431
14.73346 0.03464278889465207
14.73467 0.03472468674073872
14.73587 0.03477928530479648
14.73708 0.03483388386885425
14.73829 0.03488848243291201
14.73949 0.03494308099696978
14.7407 0.03497038027899866
14.74191 0.03502497884305642
14.74311 0.03505227812508531
14.74432 0.03507957740711419
14.74553 0.03510687668914307
14.74673 0.03513417597117195
14.74794 0.03516147525320084
14.74915 0.03518877453522972
14.75036 0.03518877453522972
14.75156 0.03518877453522972
14.75277 0.03518877453522972
14.75398 0.03518877453522972
14.75518 0.03518877453522972
14.75639 0.03516147525320084
14.7576 0.03516147525320084
14.7588 0.03513417597117195
14.76001 0.03510687668914307
14.76122 0.03507957740711419
14.76242 0.03505227812508531
14.76363 0.03502497884305642
14.76484 0.03497038027899866
14.76604 0.03491578171494089
14.76725 0.03486118315088313
14.76846 0.03480658458682536
14.76966 0.0347519860227676
14.77087 0.03467008817668095
14.77208 0.03458819033059431
14.77328 0.03450629248450766
14.77449 0.03442439463842101
14.7757 0.03431519751030548
14.77691 0.03420600038218995
14.77811 0.034096803254074416
14.77932 0.033987606125958886
14.78053 0.033878408997843355
14.78173 0.03374191258769894
14.78294 0.03363271545958341
14.78415 0.033496219049438995
14.78535 0.0333324233572657
14.78656 0.03319592694712129
14.78777 0.03305943053697687
14.78897 0.03289563484480358
14.79018 0.03273183915263028
14.79139 0.03256804346045699
14.79259 0.03240424776828369
14.7938 0.03221315279408151
14.79501 0.03202205781987934
14.79621 0.03183096284567716
14.79742 0.03163986787147498
14.79863 0.031448772897272805
14.79983 0.03123037864104174
14.80104 0.03101198438481068
14.80225 0.0308208894106085
14.80346 0.030575195872348554
14.80466 0.030356801616117493
14.80587 0.030138407359886432
14.80708 0.029892713821626487
14.80828 0.029647020283366545
14.80949 0.029428626027135484
14.8107 0.02918293248887554
14.8119 0.028937238950615597
14.81311 0.02866424613032677
14.81432 0.02841855259206683
14.81552 0.02817285905380688
14.81673 0.027899866233518058
14.81794 0.027626873413229232
14.81914 0.027353880592940402
14.82035 0.027080887772651576
14.82156 0.026807894952362753
14.82276 0.026507602850045043
14.82397 0.026234610029756217
14.82518 0.025934317927438506
14.82638 0.02566132510714968
14.82759 0.02536103300483197
14.8288 0.025060740902514263
14.83001 0.024760448800196552
14.83121 0.02448745597990773
14.83242 0.024187163877590016
14.83363 0.023886871775272312
14.83483 0.0235865796729546
14.83604 0.023286287570636888
14.83725 0.022985995468319184
14.83845 0.02268570336600147
14.83966 0.022385411263683767
14.84087 0.022085119161366056
14.84207 0.021784827059048342
14.84328 0.02148453495673064
14.84449 0.021184242854412928
14.84569 0.020856651470066337
14.8469 0.020556359367748626
14.84811 0.02025606726543092
14.84931 0.01995577516311321
14.85052 0.0196554830607955
14.85173 0.01932789167644891
14.85293 0.01905489885616008
14.85414 0.018754606753842374
14.85535 0.018454314651524664
14.85656 0.018154022549206953
14.85776 0.01788102972891813
14.85897 0.01758073762660042
14.86018 0.017307744806311594
14.86138 0.017007452703993883
14.86259 0.016734459883705057
14.8638 0.01646146706341623
14.865 0.01616117496109852
14.86621 0.015888182140809694
14.86742 0.01561518932052087
14.86862 0.015342196500232042
14.86983 0.015069203679943216
14.87104 0.014796210859654392
14.87224 0.014523218039365564
14.87345 0.014250225219076736
14.87466 0.014004531680816794
14.87586 0.013731538860527966
14.87707 0.013485845322268023
14.87828 0.01324015178400808
14.87948 0.012994458245748138
14.88069 0.01274876470748819
14.8819 0.012503071169228249
14.88311 0.012257377630968305
14.88431 0.012038983374737243
14.88552 0.0117932898364773
14.88673 0.011574895580246238
14.88793 0.011329202041986295
14.88914 0.011110807785755234
14.89035 0.010892413529524171
14.89155 0.010674019273293112
14.89276 0.010455625017062051
14.89397 0.010237230760830988
14.89517 0.01001883650459993
14.89638 0.009800442248368867
14.89759 0.009582047992137806
14.89879 0.009390953017935627
14.9 0.009172558761704567
14.90121 0.008981463787502388
14.90241 0.008763069531271327
14.90362 0.008571974557069149
14.90483 0.008380879582866969
14.90603 0.008189784608664792
14.90724 0.007998689634462612
14.90845 0.007807594660260435
14.90966 0.007616499686058256
14.91086 0.0074254047118560785
14.91207 0.007234309737653899
14.91328 0.00704321476345172
14.91448 0.006879419071278425
14.91569 0.006688324097076246
14.9169 0.006497229122874069
14.9181 0.006333433430700772
14.91931 0.006142338456498593
14.92052 0.005978542764325298
14.92172 0.005787447790123119
14.92293 0.005623652097949824
14.92414 0.005432557123747645
14.92534 0.0052687614315743495
14.92655 0.005077666457372171
14.92776 0.004913870765198875
14.92896 0.004722775790996696
14.93017 0.004558980098823401
14.93138 0.004395184406650105
14.93259 0.004204089432447926
14.93379 0.00404029374027463
14.935 0.003876498048101335
14.93621 0.0037127023559280392
14.93741 0.0035489066637547427
14.93862 0.003385110971581447
14.93983 0.0032213152794081513
14.94103 0.0030575195872348552
14.94224 0.002921023177090442
14.94345 0.0027572274849171465
14.94465 0.002593431792743851
14.94586 0.0024296361005705547
14.94707 0.002265840408397259
14.94827 0.002129343998252846
14.94948 0.0019655483060795503
14.95069 0.0018017526139062542
14.95189 0.001637956921732958
14.9531 0.0015014605115885452
14.95431 0.001364964101444132
14.95551 0.001201168409270836
14.95672 0.001064671999126423
14.95793 0.0009554748710108923
14.95914 0.000818978460866479
14.96034 0.0007097813327509486
14.96155 0.000600584204635418
14.96276 0.0004913870765198876
14.96396 0.0003821899484043569
14.96517 0.000300292102317709
14.96638 0.00021839425623106112
14.96758 0.0001364964101444132
14.96879 8.189784608664792e-05
14.97 0.0
14.9712 -8.189784608664792e-05
14.97241 -0.0001364964101444132
14.97362 -0.00019109497420217845
14.97482 -0.0002456935382599438
14.97603 -0.000300292102317709
14.97724 -0.0003275913843465917
14.97844 -0.0003548906663754743
14.97965 -0.0003821899484043569
14.98086 -0.0004094892304332395
14.98206 -0.00043678851246212224
14.98327 -0.00043678851246212224
14.98448 -0.00043678851246212224
14.98569 -0.00043678851246212224
14.98689 -0.0004094892304332395
14.9881 -0.0003821899484043569
14.98931 -0.0003548906663754743
14.99051 -0.000300292102317709
14.99172 -0.0002729928202888264
14.99293 -0.00019109497420217845
14.99413 -0.0001364964101444132
14.99534 -8.189784608664792e-05
14.99655 -0.0
14.99775 8.189784608664792e-05
14.99896 0.00016379569217329584
15.00017 0.0002456935382599438
15.00137 0.0003275913843465917
15.00258 0.0004094892304332395
15.00379 0.0004913870765198876
15.00499 0.0005732849226065354
15.0062 0.000682482050722066
15.00741 0.0007643798968087138
15.00861 0.0008462777428953618
15.00982 0.0009554748710108923
15.01103 0.001064671999126423
15.01224 0.0011738691272419534
15.01344 0.0012830662553574839
15.01465 0.0013922633834730148
15.01586 0.0015014605115885452
15.01706 0.0016106576397040757
15.01827 0.0017198547678196063
15.01948 0.0018563511779640196
15.02068 0.0019655483060795503
15.02189 0.002102044716223963
15.0231 0.002211241844339494
15.0243 0.0023204389724550242
15.02551 0.0024569353825994373
15.02672 0.0025661325107149678
15.02792 0.0026753296388304986
15.02913 0.002811826048974912
15.03034 0.002921023177090442
15.03154 0.003030220305205973
15.03275 0.0031394174333215035
15.03396 0.0032486145614370344
15.03516 0.0033578116895525644
15.03637 0.003494308099696978
15.03758 0.0036035052278125083
15.03879 0.0037127023559280392
15.03999 0.0038218994840435692
15.0412 0.0039310966121591006
15.04241 0.004067593022303513
15.04361 0.004176790150419043
15.04482 0.0042859872785345745
15.04603 0.004422483688678988
15.04723 0.004531680816794518
15.04844 0.004668177226938931
15.04965 0.0047773743550544616
15.05085 0.004913870765198875
15.05206 0.0050503671753432886
15.05327 0.005159564303458819
15.05447 0.005296060713603232
15.05568 0.0054052578417187625
15.05689 0.005541754251863176
15.05809 0.005678250662007589
15.0593 0.005787447790123119
15.06051 0.005923944200267533
15.06171 0.006060440610411946
15.06292 0.006196937020556358
15.06413 0.006333433430700772
15.06534 0.006469929840845186
15.06654 0.006606426250989598
15.06775 0.006770221943162894
15.06896 0.006906718353307308
15.07016 0.007070514045480603
15.07137 0.007234309737653899
15.07258 0.007398105429827196
15.07378 0.007589200404029373
15.07499 0.00775299609620267
15.0762 0.007916791788375965
15.0774 0.008107886762578143
15.07861 0.008298981736780323
15.07982 0.008490076710982501
15.08102 0.00868117168518468
15.08223 0.008872266659386858
15.08344 0.009063361633589036
15.08464 0.009281755889820097
15.08585 0.009472850864022275
15.08706 0.009691245120253338
15.08826 0.009909639376484397
15.08947 0.01012803363271546
15.09068 0.01034642788894652
15.09189 0.010592121427206464
15.09309 0.010837814965466406
15.0943 0.011083508503726351
15.09551 0.011329202041986295
15.09671 0.011574895580246238
15.09792 0.011847888400535066
15.09913 0.012120881220823892
15.10033 0.012393874041112717
15.10154 0.012666866861401544
15.10275 0.012967158963719253
15.10395 0.01324015178400808
15.10516 0.013540443886325788
15.10637 0.013840735988643497
15.10757 0.014141028090961206
15.10878 0.014441320193278918
15.10999 0.014741612295596626
15.11119 0.015041904397914333
15.1124 0.015369495782260925
15.11361 0.015669787884578637
15.11481 0.015997379268925225
15.11602 0.016297671371242935
15.11723 0.016625262755589527
15.11844 0.016952854139936118
15.11964 0.01728044552428271
15.12085 0.0176080369086293
15.12206 0.017962927575004776
15.12326 0.018290518959351368
15.12447 0.018645409625726844
15.12568 0.019000300292102316
15.12688 0.01932789167644891
15.12809 0.019682782342824383
15.1293 0.02003767300919986
15.1305 0.02039256367557533
15.13171 0.020747454341950806
15.13292 0.02110234500832628
15.13412 0.02142993639267287
15.13533 0.021784827059048342
15.13654 0.022139717725423818
15.13774 0.02246730910977041
15.13895 0.022794900494117004
15.14016 0.023122491878463595
15.14137 0.023450083262810187
15.14257 0.023804973929185663
15.14378 0.024132565313532254
15.14499 0.024460156697878842
15.14619 0.024787748082225433
15.1474 0.025115339466572028
15.14861 0.02544293085091862
15.14981 0.02577052223526521
15.15102 0.026098113619611805
15.15223 0.026425705003958393
15.15343 0.026725997106276104
15.15464 0.027053588490622695
15.15585 0.02738117987496929
15.15705 0.027681471977286994
15.15826 0.027981764079604704
15.15947 0.0283093554639513
15.16067 0.028609647566269006
15.16188 0.028909939668586716
15.16309 0.029210231770904423
15.16429 0.029483224591193253
15.1655 0.029783516693510956
15.16671 0.030056509513799786
15.16792 0.030329502334088612
15.16912 0.030629794436406323
15.17033 0.03090278725669515
15.17154 0.03117578007698397
15.17274 0.031448772897272805
15.17395 0.03172176571756163
15.17516 0.03199475853785045
15.17636 0.03226775135813928
15.17757 0.03256804346045699
15.17878 0.03284103628074582
15.17998 0.03311402910103464
15.18119 0.033414321203352346
15.1824 0.033687314023641175
15.1836 0.033987606125958886
15.18481 0.034260598946247715
15.18602 0.03456089104856542
15.18722 0.03483388386885425
15.18843 0.03510687668914307
15.18964 0.03540716879146078
15.19084 0.03568016161174961
15.19205 0.035953154432038434
15.19326 0.036253446534356144
15.19447 0.036553738636673855
15.19567 0.03682673145696268
15.19688 0.03712702355928039
15.19809 0.0374273156615981
15.19929 0.03772760776391581
15.2005 0.03802789986623351
15.20171 0.038355491250580104
15.20291 0.0386830826349267
15.20412 0.03901067401927329
15.20533 0.03933826540361988
15.20653 0.03969315606999536
15.20774 0.04002074745434195
15.20895 0.04037563812071742
15.21015 0.04073052878709289
15.21136 0.04108541945346837
15.21257 0.04146760940187273
15.21377 0.041822500068248204
15.21498 0.04220469001665256
15.21619 0.04258687996505692
15.21739 0.04296906991346128
15.2186 0.043351259861865624
15.21981 0.043733449810269984
15.22102 0.044115639758674344
15.22222 0.044525128989107585
15.22343 0.04490731893751194
15.22464 0.04531680816794518
15.22584 0.04572629739837842
15.22705 0.046135786628811654
15.22826 0.046545275859244895
15.22946 0.04698206437170702
15.23067 0.047391553602140264
15.23188 0.047828342114602386
15.23308 0.04826513062706451
15.23429 0.04872921842155551
15.2355 0.04916600693401764
15.2367 0.04963009472850864
15.23791 0.05006688324097076
15.23912 0.05053097103546176
15.24032 0.05099505882995276
15.24153 0.05145914662444377
15.24274 0.051895935136905894
15.24394 0.052360022931396896
15.24515 0.052824110725887906
15.24636 0.05326089923835003
15.24757 0.05372498703284103
15.24877 0.05416177554530315
15.24998 0.05459856405776528
15.25119 0.055062651852256284
15.25239 0.055499440364718405
15.2536 0.05593622887718053
15.25481 0.056373017389642656
15.25601 0.05683710518413366
15.25722 0.05727389369659577
15.25843 0.057710682209057895
15.25963 0.05814747072152002
15.26084 0.05858425923398214
15.26205 0.05904834702847315
15.26325 0.05948513554093527
15.26446 0.05989462477136851
15.26567 0.06033141328383063
15.26687 0.06076820179629275
15.26808 0.06117769102672599
15.26929 0.06161447953918812
15.27049 0.06202396876962136
15.2717 0.0624334580000546
15.27291 0.06284294723048783
15.27412 0.0632251371788922
15.27532 0.06363462640932543
15.27653 0.06401681635772978
15.27774 0.06439900630613414
15.27894 0.0647811962545385
15.28015 0.06516338620294286
15.28136 0.06554557615134722
15.28256 0.06592776609975158
15.28377 0.06628265676612705
15.28498 0.0666648467145314
15.28618 0.06701973738090687
15.28739 0.06740192732931123
15.2886 0.06775681799568671
15.2898 0.06813900794409107
15.29101 0.06849389861046655
15.29222 0.06884878927684202
15.29342 0.06923097922524638
15.29463 0.06958586989162184
15.29584 0.0699680598400262
15.29704 0.07032295050640168
15.29825 0.07067784117277714
15.29946 0.07103273183915262
15.30067 0.0713876225055281
15.30187 0.07174251317190358
15.30308 0.07209740383827905
15.30429 0.07245229450465453
15.30549 0.07280718517102999
15.3067 0.07316207583740547
15.30791 0.07351696650378094
15.30911 0.07387185717015642
15.31032 0.0742267478365319
15.31153 0.07458163850290737
15.31273 0.07496382845131172
15.31394 0.0753187191176872
15.31515 0.07567360978406268
15.31635 0.07605579973246702
15.31756 0.07643798968087138
15.31877 0.07679288034724686
15.31997 0.07717507029565122
15.32118 0.07755726024405558
15.32239 0.07793945019245993
15.32359 0.07832164014086429
15.3248 0.07870383008926865
15.32601 0.079086020037673
15.32722 0.07949550926810624
15.32842 0.0798776992165106
15.32963 0.08025988916491496
15.33084 0.0806693783953482
15.33204 0.08105156834375256
15.33325 0.08146105757418579
15.33446 0.08184324752259015
15.33566 0.08225273675302339
15.33687 0.08266222598345663
15.33808 0.08307171521388987
15.33928 0.08345390516229423
15.34049 0.08386339439272747
15.3417 0.08430018290518959
15.3429 0.08470967213562282
15.34411 0.08511916136605606
15.34532 0.0855559498785182
15.34652 0.08596543910895142
15.34773 0.08640222762141354
15.34894 0.08683901613387567
15.35015 0.08724850536430892
15.35135 0.08768529387677104
15.35256 0.08812208238923316
15.35377 0.08855887090169527
15.35497 0.0889956594141574
15.35618 0.08943244792661952
15.35739 0.08986923643908164
15.35859 0.09030602495154376
15.3598 0.09074281346400588
15.36101 0.09115230269443914
15.36221 0.09158909120690126
15.36342 0.09202587971936337
15.36463 0.09246266823182549
15.36583 0.09289945674428761
15.36704 0.09333624525674973
15.36825 0.09377303376921187
15.36945 0.09420982228167399
15.37066 0.09464661079413611
15.37187 0.09511069858862713
15.37307 0.09554748710108925
15.37428 0.09598427561355134
15.37549 0.09642106412601348
15.3767 0.0968578526384756
15.3779 0.09729464115093772
15.37911 0.09773142966339984
15.38032 0.09816821817586197
15.38152 0.09860500668832409
15.38273 0.09904179520078621
15.38394 0.09947858371324833
15.38514 0.09988807294368157
15.38635 0.1003248614561437
15.38756 0.10073435068657695
15.38876 0.10117113919903907
15.38997 0.1015806284294723
15.39118 0.10201741694193442
15.39238 0.10242690617236766
15.39359 0.10286369468482978
15.3948 0.10327318391526302
15.396 0.10368267314569626
15.39721 0.10409216237612949
15.39842 0.10452895088859161
15.39962 0.10493844011902487
15.40083 0.1053479293494581
15.40204 0.10575741857989134
15.40325 0.10616690781032459
15.40445 0.10654909775872895
15.40566 0.10695858698916218
15.40687 0.1073680762195954
15.40807 0.10775026616799976
15.40928 0.10815975539843302
15.41049 0.10854194534683737
15.41169 0.10895143457727062
15.4129 0.10933362452567498
15.41411 0.10971581447407931
15.41531 0.11009800442248367
15.41652 0.11048019437088803
15.41773 0.11086238431929239
15.41893 0.11124457426769675
15.42014 0.11162676421610111
15.42135 0.11200895416450546
15.42255 0.11239114411290982
15.42376 0.11274603477928531
15.42497 0.11312822472768964
15.42617 0.113510414676094
15.42738 0.11386530534246948
15.42859 0.11424749529087384
15.4298 0.1146296852392782
15.431 0.11498457590565367
15.43221 0.11536676585405803
15.43342 0.11574895580246239
15.43462 0.11610384646883785
15.43583 0.11648603641724221
15.43704 0.1168409270836177
15.43824 0.11719581774999317
15.43945 0.11757800769839752
15.44066 0.11793289836477301
15.44186 0.11828778903114848
15.44307 0.11866997897955284
15.44428 0.1190248696459283
15.44548 0.11937976031230377
15.44669 0.11973465097867926
15.4479 0.1201168409270836
15.4491 0.12047173159345909
15.45031 0.12082662225983457
15.45152 0.12118151292621003
15.45272 0.12156370287461439
15.45393 0.12191859354098986
15.45514 0.12227348420736535
15.45635 0.1226556741557697
15.45755 0.12301056482214517
15.45876 0.12336545548852064
15.45997 0.12374764543692501
15.46117 0.12410253610330048
15.46238 0.12448472605170484
15.46359 0.1248396167180803
15.46479 0.12519450738445578
15.466 0.12557669733286014
15.46721 0.1259315879992356
15.46841 0.1262864786656111
15.46962 0.12666866861401543
15.47083 0.1270235592803909
15.47203 0.1273784499467664
15.47324 0.12773334061314187
15.47445 0.12811553056154623
15.47565 0.12847042122792168
15.47686 0.1288253118942972
15.47807 0.12918020256067264
15.47927 0.12953509322704812
15.48048 0.1298899838934236
15.48169 0.13024487455979908
15.4829 0.13059976522617456
15.4841 0.13095465589255
15.48531 0.1313095465589255
15.48652 0.13166443722530097
15.48772 0.13201932789167645
15.48893 0.1323742185580519
15.49014 0.1327018099423985
15.49134 0.13305670060877398
15.49255 0.13341159127514945
15.49376 0.13376648194152493
15.49496 0.1340940733258715
15.49617 0.134448963992247
15.49738 0.13477655537659358
15.49858 0.13510414676094018
15.49979 0.13545903742731566
15.501 0.13578662881166223
15.5022 0.13611422019600883
15.50341 0.13644181158035543
15.50462 0.13676940296470202
15.50582 0.13709699434904862
15.50703 0.13742458573339522
15.50824 0.1377248778357129
15.50945 0.13805246922005948
15.51065 0.13838006060440608
15.51186 0.1386803527067238
15.51307 0.1390079440910704
15.51427 0.1393082361933881
15.51548 0.1396358275777347
15.51669 0.1399361196800524
15.51789 0.14023641178237012
15.5191 0.14056400316671672
15.52031 0.1408642952690344
15.52151 0.14116458737135212
15.52272 0.14146487947366984
15.52393 0.14176517157598753
15.52513 0.14206546367830525
15.52634 0.14236575578062297
15.52755 0.14266604788294068
15.52875 0.1429390407032295
15.52996 0.1432393328055472
15.53117 0.14353962490786493
15.53237 0.14381261772815374
15.53358 0.14411290983047145
15.53479 0.14438590265076026
15.536 0.1446588954710491
15.5372 0.14495918757336682
15.53841 0.14523218039365562
15.53962 0.14550517321394446
15.54082 0.14580546531626218
15.54203 0.14607845813655101
15.54324 0.14635145095683982
15.54444 0.14662444377712866
15.54565 0.14689743659741747
15.54686 0.1471977286997352
15.54806 0.14747072152002402
15.54927 0.14774371434031283
15.55048 0.14801670716060167
15.55168 0.1482896999808905
15.55289 0.14856269280117934
15.5541 0.14883568562146815
15.5553 0.149108678441757
15.55651 0.1493816712620458
15.55772 0.14965466408233463
15.55893 0.14992765690262344
15.56013 0.15020064972291228
15.56134 0.1504736425432011
15.56255 0.15074663536348992
15.56375 0.15099232890174988
15.56496 0.15126532172203871
15.56617 0.15153831454232752
15.56737 0.15178400808058745
15.56858 0.1520570009008763
15.56979 0.15230269443913624
15.57099 0.15254838797739617
15.5722 0.152821380797685
15.57341 0.15306707433594496
15.57461 0.1533127678742049
15.57582 0.15355846141246485
15.57703 0.15380415495072478
15.57823 0.15404984848898473
15.57944 0.1542955420272447
15.58065 0.15454123556550461
15.58185 0.15478692910376457
15.58306 0.1550326226420245
15.58427 0.15527831618028445
15.58548 0.1554967104365155
15.58668 0.15574240397477546
15.58789 0.1559607982310065
15.5891 0.15617919248723758
15.5903 0.1564248860254975
15.59151 0.15664328028172858
15.59272 0.15686167453795963
15.59392 0.1570800687941907
15.59513 0.1572711637683929
15.59634 0.15748955802462394
15.59754 0.15770795228085502
15.59875 0.15789904725505718
15.59996 0.15811744151128823
15.60116 0.15830853648549043
15.60237 0.1584996314596926
15.60358 0.15869072643389479
15.60478 0.15888182140809695
15.60599 0.15907291638229915
15.6072 0.1592640113565013
15.6084 0.15945510633070348
15.60961 0.15964620130490567
15.61082 0.15980999699707898
15.61203 0.16000109197128115
15.61323 0.16016488766345444
15.61444 0.16035598263765663
15.61565 0.16051977832982992
15.61685 0.16068357402200323
15.61806 0.1608473697141765
15.61927 0.1610111654063498
15.62047 0.1611749610985231
15.62168 0.1613387567906964
15.62289 0.16150255248286968
15.62409 0.161666348175043
15.6253 0.1618028445851874
15.62651 0.16196664027736069
15.62771 0.16210313668750512
15.62892 0.16223963309764952
15.63013 0.1624034287898228
15.63133 0.16253992519996724
15.63254 0.16267642161011164
15.63375 0.16281291802025605
15.63495 0.16294941443040048
15.63616 0.163058611558516
15.63737 0.1631951079686604
15.63858 0.16330430509677593
15.63978 0.16344080150692036
15.64099 0.1635499986350359
15.6422 0.16365919576315144
15.6434 0.16376839289126696
15.64461 0.16387759001938249
15.64582 0.163986787147498
15.64702 0.16409598427561353
15.64823 0.16417788212170017
15.64944 0.1642870792498157
15.65064 0.16436897709590237
15.65185 0.164450874941989
15.65306 0.16456007207010453
15.65426 0.1646419699161912
15.65547 0.16472386776227785
15.65668 0.1647784663263356
15.65788 0.16486036417242225
15.65909 0.1649422620185089
15.6603 0.16502415986459554
15.6615 0.16507875842865333
15.66271 0.16516065627473997
15.66392 0.16521525483879773
15.66513 0.1652698534028555
15.66633 0.16532445196691326
15.66754 0.16537905053097102
15.66875 0.1654336490950288
15.66995 0.16548824765908657
15.67116 0.16551554694111545
15.67237 0.1655701455051732
15.67357 0.1655974447872021
15.67478 0.16562474406923097
15.67599 0.16567934263328873
15.67719 0.16570664191531762
15.6784 0.1657339411973465
15.67961 0.16576124047937538
15.68081 0.16578853976140426
15.68202 0.16581583904343317
15.68323 0.16584313832546202
15.68443 0.16587043760749093
15.68564 0.16589773688951978
15.68685 0.1659250361715487
15.68805 0.1659250361715487
15.68926 0.16595233545357754
15.69047 0.16597963473560645
15.69168 0.16597963473560645
15.69288 0.16600693401763533
15.69409 0.16600693401763533
15.6953 0.1660342332996642
15.6965 0.1660342332996642
15.69771 0.1660342332996642
15.69892 0.1660615325816931
15.70012 0.1660615325816931
15.70133 0.1660615325816931
15.70254 0.1660615325816931
15.70374 0.16608883186372198
15.70495 0.16608883186372198
15.70616 0.16608883186372198
15.70736 0.16611613114575086
15.70857 0.16611613114575086
15.70978 0.16611613114575086
15.71098 0.16614343042777974
15.71219 0.16617072970980862
15.7134 0.16617072970980862
15.7146 0.1661980289918375
15.71581 0.16622532827386638
15.71702 0.16622532827386638
15.71823 0.1662526275558953
15.71943 0.16627992683792414
15.72064 0.16630722611995305
15.72185 0.1663345254019819
15.72305 0.1663345254019819
15.72426 0.1663618246840108
15.72547 0.16638912396603966
15.72667 0.16641642324806857
15.72788 0.16644372253009745
15.72909 0.16647102181212634
15.73029 0.16649832109415522
15.7315 0.1665256203761841
15.73271 0.16655291965821298
15.73391 0.16658021894024186
15.73512 0.16660751822227074
15.73633 0.16663481750429962
15.73753 0.1666621167863285
15.73874 0.1666894160683574
15.73995 0.16671671535038626
15.74115 0.16674401463241517
15.74236 0.16679861319647293
15.74357 0.1668259124785018
15.74478 0.1668532117605307
15.74598 0.16690781032458846
15.74719 0.16693510960661734
15.7484 0.16696240888864622
15.7496 0.1669897081706751
15.75081 0.16704430673473286
15.75202 0.16707160601676174
15.75322 0.16709890529879062
15.75443 0.1671262045808195
15.75564 0.16715350386284838
15.75684 0.1671808031448773
15.75805 0.1671808031448773
15.75926 0.16720810242690615
15.76046 0.16723540170893506
15.76167 0.16723540170893506
15.76288 0.16723540170893506
15.76408 0.1672627009909639
15.76529 0.1672627009909639
15.7665 0.1672627009909639
15.76771 0.1672627009909639
15.76891 0.16729000027299282
15.77012 0.16729000027299282
15.77133 0.16729000027299282
15.77253 0.16729000027299282
15.77374 0.1672627009909639
15.77495 0.1672627009909639
15.77615 0.1672627009909639
15.77736 0.1672627009909639
15.77857 0.16723540170893506
15.77977 0.16723540170893506
15.78098 0.16723540170893506
15.78219 0.16720810242690615
15.78339 0.16720810242690615
15.7846 0.1671808031448773
15.78581 0.16715350386284838
15.78701 0.1671262045808195
15.78822 0.16709890529879062
15.78943 0.16707160601676174
15.79063 0.16704430673473286
15.79184 0.16701700745270398
15.79305 0.16696240888864622
15.79426 0.16693510960661734
15.79546 0.16690781032458846
15.79667 0.1668532117605307
15.79788 0.1668259124785018
15.79908 0.16679861319647293
15.80029 0.16674401463241517
15.8015 0.16671671535038626
15.8027 0.1666894160683574
15.80391 0.1666621167863285
15.80512 0.16663481750429962
15.80632 0.16660751822227074
15.80753 0.16658021894024186
15.80874 0.16658021894024186
15.80994 0.16655291965821298
15.81115 0.1665256203761841
15.81236 0.1665256203761841
15.81356 0.16649832109415522
15.81477 0.16647102181212634
15.81598 0.16647102181212634
15.81718 0.16644372253009745
15.81839 0.16644372253009745
15.8196 0.16641642324806857
15.82081 0.16641642324806857
15.82201 0.16641642324806857
15.82322 0.16641642324806857
15.82443 0.16638912396603966
15.82563 0.16638912396603966
15.82684 0.16641642324806857
15.82805 0.16641642324806857
15.82925 0.16641642324806857
15.83046 0.16641642324806857
15.83167 0.16644372253009745
15.83287 0.16647102181212634
15.83408 0.16647102181212634
15.83529 0.16649832109415522
15.83649 0.1665256203761841
15.8377 0.16658021894024186
15.83891 0.16660751822227074
15.84011 0.16663481750429962
15.84132 0.1666621167863285
15.84253 0.16671671535038626
15.84373 0.16674401463241517
15.84494 0.16679861319647293
15.84615 0.1668532117605307
15.84736 0.16690781032458846
15.84856 0.16693510960661734
15.84977 0.1669897081706751
15.85098 0.16704430673473286
15.85218 0.16709890529879062
15.85339 0.16715350386284838
15.8546 0.16720810242690615
15.8558 0.1672627009909639
15.85701 0.1673172995550217
15.85822 0.16739919740110834
15.85942 0.1674537959651661
15.86063 0.16750839452922386
15.86184 0.1675902923753105
15.86304 0.16767219022139718
15.86425 0.16772678878545494
15.86546 0.16780868663154158
15.86666 0.16789058447762822
15.86787 0.16797248232371487
15.86908 0.1680543801698015
15.87028 0.1681089787338593
15.87149 0.16819087657994594
15.8727 0.16827277442603258
15.87391 0.16835467227211923
15.87511 0.16843657011820587
15.87632 0.16849116868226363
15.87753 0.1685730665283503
15.87873 0.16862766509240806
15.87994 0.1687095629384947
15.88115 0.16876416150255247
15.88235 0.16881876006661023
15.88356 0.168873358630668
15.88477 0.16892795719472575
15.88597 0.16900985504081242
15.88718 0.16906445360487019
15.88839 0.16911905216892795
15.88959 0.1691736507329857
15.8908 0.1692282492970435
15.89201 0.16928284786110126
15.89321 0.16933744642515902
15.89442 0.16939204498921678
15.89563 0.16944664355327455
15.89683 0.1695012421173323
15.89804 0.16955584068139007
15.89925 0.16958313996341895
15.90046 0.1696377385274767
15.90166 0.16969233709153447
15.90287 0.16971963637356338
15.90408 0.16977423493762114
15.90528 0.16980153421965
15.90649 0.16985613278370776
15.9077 0.16988343206573667
15.9089 0.16993803062979443
15.91011 0.1699653299118233
15.91132 0.1699926291938522
15.91252 0.17001992847588107
15.91373 0.17004722775790995
15.91494 0.17007452703993883
15.91614 0.17010182632196771
15.91735 0.1701291256039966
15.91856 0.1701564248860255
15.91976 0.17018372416805436
15.92097 0.17021102345008327
15.92218 0.17023832273211212
15.92338 0.17026562201414103
15.92459 0.17029292129616988
15.9258 0.1703202205781988
15.92701 0.17034751986022767
15.92821 0.17040211842428543
15.92942 0.1704294177063143
15.93063 0.1704567169883432
15.93183 0.17048401627037207
15.93304 0.17051131555240095
15.93425 0.17053861483442984
15.93545 0.1705932133984876
15.93666 0.17062051268051648
15.93787 0.17064781196254536
15.93907 0.17067511124457427
15.94028 0.17070241052660315
15.94149 0.17075700909066088
15.94269 0.1707843083726898
15.9439 0.17081160765471867
15.94511 0.17086620621877646
15.94631 0.17089350550080531
15.94752 0.17094810406486308
15.94873 0.17097540334689199
15.94993 0.17103000191094972
15.95114 0.1710846004750075
15.95235 0.17113919903906524
15.95356 0.17119379760312303
15.95476 0.17127569544920968
15.95597 0.17133029401326744
15.95718 0.1713848925773252
15.95838 0.17146679042341187
15.95959 0.17154868826949848
15.9608 0.17160328683355627
15.962 0.17168518467964292
15.96321 0.17176708252572956
15.96442 0.17184898037181623
15.96562 0.17193087821790284
15.96683 0.1720127760639895
15.96804 0.17209467391007616
15.96924 0.1721765717561628
15.97045 0.17225846960224947
15.97166 0.172367666730365
15.97286 0.17244956457645164
15.97407 0.17255876170456716
15.97528 0.17264065955065383
15.97648 0.17274985667876935
15.97769 0.17285905380688488
15.9789 0.1729682509350004
15.98011 0.17305014878108704
15.98131 0.17315934590920257
15.98252 0.17329584231934697
15.98373 0.1734050394474625
15.98493 0.17351423657557807
15.98614 0.1736234337036936
15.98735 0.173759930113838
15.98855 0.17386912724195352
15.98976 0.17400562365209796
15.99097 0.17411482078021348
15.99217 0.17425131719035789
15.99338 0.17438781360050232
15.99459 0.17449701072861784
15.99579 0.17463350713876225
15.997 0.17477000354890662
15.99821 0.17490649995905108
15.99941 0.17504299636919546
16.00062 0.17517949277933992
16.00183 0.1753159891894843
16.00304 0.17542518631759982
16.00424 0.17556168272774428
16.00545 0.17569817913788865
16.00666 0.17583467554803306
16.00786 0.1759711719581775
16.00907 0.1761076683683219
16.01028 0.1762714640604952
16.01148 0.1764079604706396
16.01269 0.17654445688078405
16.0139 0.17668095329092845
16.0151 0.17681744970107283
16.01631 0.17698124539324614
16.01752 0.17711774180339054
16.01872 0.17728153749556386
16.01993 0.1774180339057083
16.02114 0.17758182959788155
16.02234 0.17771832600802598
16.02355 0.17788212170019926
16.02476 0.17804591739237258
16.02596 0.17818241380251698
16.02717 0.17834620949469027
16.02838 0.17851000518686358
16.02959 0.17867380087903686
16.03079 0.17883759657121015
16.032 0.17900139226338346
16.03321 0.17916518795555675
16.03441 0.17932898364773006
16.03562 0.17949277933990335
16.03683 0.17965657503207663
16.03803 0.17982037072424994
16.03924 0.17998416641642323
16.04045 0.18017526139062542
16.04165 0.18033905708279868
16.04286 0.18053015205700088
16.04407 0.1806939477491742
16.04527 0.18088504272337635
16.04648 0.18104883841554967
16.04769 0.18123993338975186
16.04889 0.18143102836395403
16.0501 0.18162212333815622
16.05131 0.1818132183123584
16.05251 0.18200431328656053
16.05372 0.18219540826076272
16.05493 0.1824138025169938
16.05614 0.182604897491196
16.05734 0.18282329174742704
16.05855 0.1830143867216292
16.05976 0.18323278097786028
16.06096 0.18345117523409132
16.06217 0.1836695694903224
16.06338 0.18388796374655347
16.06458 0.18410635800278452
16.06579 0.18432475225901557
16.067 0.18454314651524661
16.0682 0.18476154077147772
16.06941 0.18497993502770876
16.07062 0.1851983292839398
16.07182 0.18544402282219977
16.07303 0.18566241707843084
16.07424 0.18590811061669074
16.07544 0.18612650487292184
16.07665 0.18637219841118177
16.07786 0.18659059266741282
16.07906 0.18683628620567277
16.08027 0.1870819797439327
16.08148 0.18732767328219266
16.08269 0.1875733668204526
16.08389 0.18781906035871254
16.0851 0.18806475389697253
16.08631 0.18831044743523245
16.08751 0.1885561409734924
16.08872 0.18880183451175234
16.08993 0.18907482733204117
16.09113 0.18932052087030107
16.09234 0.18956621440856106
16.09355 0.1898392072288499
16.09475 0.1900849007671098
16.09596 0.19035789358739863
16.09717 0.19060358712565856
16.09837 0.1908765799459474
16.09958 0.19112227348420735
16.10079 0.1913952663044962
16.10199 0.191668259124785
16.1032 0.19191395266304495
16.10441 0.1921869454833338
16.10561 0.1924599383036226
16.10682 0.1927329311239114
16.10803 0.1929786246621714
16.10924 0.19325161748246023
16.11044 0.193524610302749
16.11165 0.19379760312303784
16.11286 0.19407059594332668
16.11406 0.19434358876361552
16.11527 0.19461658158390435
16.11648 0.19488957440419313
16.11768 0.19516256722448197
16.11889 0.1954628593267997
16.1201 0.19573585214708852
16.1213 0.19600884496737736
16.12251 0.19630913706969505
16.12372 0.1965821298899839
16.12492 0.1968824219923016
16.12613 0.19715541481259044
16.12734 0.19745570691490813
16.12854 0.19775599901722585
16.12975 0.19805629111954356
16.13096 0.19835658322186125
16.13216 0.19865687532417897
16.13337 0.19895716742649666
16.13458 0.19925745952881438
16.13579 0.1995577516311321
16.13699 0.1998580437334498
16.1382 0.2001583358357675
16.13941 0.2004586279380852
16.14061 0.20078621932243182
16.14182 0.20108651142474954
16.14303 0.2014141028090961
16.14423 0.2017143949114138
16.14544 0.20204198629576042
16.14665 0.202369577680107
16.14785 0.2026971690644536
16.14906 0.2030247604488002
16.15027 0.2033523518331468
16.15147 0.20367994321749336
16.15268 0.20403483388386884
16.15389 0.2043624252682154
16.15509 0.20471731593459092
16.1563 0.20504490731893749
16.15751 0.20539979798531297
16.15871 0.20575468865168847
16.15992 0.20610957931806392
16.16113 0.2064644699844394
16.16234 0.20681936065081485
16.16354 0.20717425131719033
16.16475 0.2075564412655947
16.16596 0.2079113319319702
16.16716 0.20829352188037456
16.16837 0.20864841254675
16.16958 0.20903060249515437
16.17078 0.20938549316152985
16.17199 0.2097676831099342
16.1732 0.21014987305833857
16.1744 0.2105320630067429
16.17561 0.21088695367311838
16.17682 0.21126914362152274
16.17802 0.2116513335699271
16.17923 0.21203352351833146
16.18044 0.21241571346673582
16.18164 0.21279790341514018
16.18285 0.21320739264557342
16.18406 0.21358958259397778
16.18526 0.213999071824411
16.18647 0.21438126177281536
16.18768 0.2147907510032486
16.18889 0.21520024023368184
16.19009 0.21560972946411505
16.1913 0.2159919194125194
16.19251 0.21640140864295265
16.19371 0.21681089787338592
16.19492 0.21719308782179028
16.19613 0.21760257705222352
16.19733 0.21798476700062788
16.19854 0.21839425623106112
16.19975 0.21877644617946548
16.20095 0.21915863612786984
16.20216 0.2195408260762742
16.20337 0.21992301602467856
16.20457 0.22030520597308287
16.20578 0.22068739592148723
16.20699 0.2210968851519205
16.20819 0.22147907510032483
16.2094 0.2218612650487292
16.21061 0.22224345499713355
16.21182 0.2226256449455379
16.21302 0.2229805356119134
16.21423 0.22336272556031775
16.21544 0.2237449155087221
16.21664 0.22412710545712647
16.21785 0.22448199612350192
16.21906 0.22486418607190628
16.22026 0.2252190767382818
16.22147 0.22557396740465724
16.22268 0.22592885807103272
16.22388 0.2262837487374082
16.22509 0.22663863940378365
16.2263 0.22696623078813027
16.2275 0.22729382217247684
16.22871 0.22762141355682342
16.22992 0.22794900494117004
16.23112 0.2282765963255166
16.23233 0.22857688842783433
16.23354 0.2289044798121809
16.23474 0.22920477191449865
16.23595 0.22950506401681636
16.23716 0.22980535611913405
16.23837 0.23010564822145177
16.23957 0.2304059403237695
16.24078 0.23067893314405832
16.24199 0.230979225246376
16.24319 0.23125221806666482
16.2444 0.23152521088695366
16.24561 0.2317982037072425
16.24681 0.2320711965275313
16.24802 0.23234418934782014
16.24923 0.23261718216810895
16.25043 0.2328628757063689
16.25164 0.23313586852665774
16.25285 0.23338156206491767
16.25405 0.23362725560317762
16.25526 0.23387294914143755
16.25647 0.2341186426796975
16.25767 0.23436433621795744
16.25888 0.23458273047418854
16.26009 0.23480112473041959
16.26129 0.2350468182686795
16.2625 0.2352652125249106
16.26371 0.23545630749911273
16.26492 0.23567470175534383
16.26612 0.23589309601157488
16.26733 0.23611149026780592
16.26854 0.23630258524200812
16.26974 0.23652097949823916
16.27095 0.23671207447244136
16.27216 0.23693046872867243
16.27336 0.23712156370287463
16.27457 0.23733995795910567
16.27578 0.23753105293330784
16.27698 0.23774944718953891
16.27819 0.23794054216374108
16.2794 0.23815893641997213
16.2806 0.23835003139417432
16.28181 0.23856842565040537
16.28302 0.23875952062460754
16.28422 0.23897791488083864
16.28543 0.23916900985504078
16.28664 0.23936010482924297
16.28784 0.23955119980344514
16.28905 0.23976959405967624
16.29026 0.2399606890338784
16.29147 0.2401517840080806
16.29267 0.24034287898228274
16.29388 0.2405339739564849
16.29509 0.240752368212716
16.29629 0.24094346318691817
16.2975 0.24113455816112037
16.29871 0.24132565313532253
16.29991 0.2415440473915536
16.30112 0.24173514236575577
16.30233 0.24195353662198682
16.30353 0.24214463159618901
16.30474 0.24236302585242006
16.30595 0.2425814201086511
16.30715 0.2427998143648822
16.30836 0.24301820862111326
16.30957 0.2432366028773443
16.31077 0.24345499713357535
16.31198 0.24367339138980645
16.31319 0.2438917856460375
16.31439 0.24411017990226855
16.3156 0.2443285741584996
16.31681 0.2445469684147307
16.31802 0.24476536267096174
16.31922 0.24501105620922167
16.32043 0.24522945046545272
16.32164 0.24544784472168382
16.32284 0.24566623897791487
16.32405 0.2459119325161748
16.32526 0.24613032677240587
16.32646 0.24634872102863692
16.32767 0.246567115284868
16.32888 0.24681280882312795
16.33008 0.247031203079359
16.33129 0.24724959733559004
16.3325 0.24749529087385003
16.3337 0.24771368513008107
16.33491 0.247959378668341
16.33612 0.24817777292457208
16.33732 0.248423466462832
16.33853 0.24864186071906305
16.33974 0.248887554257323
16.34094 0.24910594851355408
16.34215 0.24935164205181404
16.34336 0.24957003630804508
16.34457 0.249815729846305
16.34577 0.250061423384565
16.34698 0.25027981764079604
16.34819 0.25052551117905597
16.34939 0.250743905435287
16.3506 0.25096229969151806
16.35181 0.25118069394774917
16.35301 0.2514263874860091
16.35422 0.25164478174224014
16.35543 0.2518631759984712
16.35663 0.2520815702547023
16.35784 0.25227266522890446
16.35905 0.2524910594851355
16.36025 0.2527094537413666
16.36146 0.25292784799759765
16.36267 0.2531189429717998
16.36387 0.25333733722803087
16.36508 0.25355573148426197
16.36629 0.25374682645846414
16.36749 0.2539379214326663
16.3687 0.25415631568889735
16.36991 0.25434741066309957
16.37112 0.2545658049193306
16.37232 0.2547568998935328
16.37353 0.25494799486773495
16.37474 0.2551390898419371
16.37594 0.25533018481613934
16.37715 0.2555212797903415
16.37836 0.25571237476454367
16.37956 0.25590346973874584
16.38077 0.25609456471294806
16.38198 0.2562856596871502
16.38318 0.2564767546613524
16.38439 0.2566678496355546
16.3856 0.25683164532772784
16.3868 0.2569954410199012
16.38801 0.25718653599410335
16.38922 0.25735033168627663
16.39042 0.2575141273784499
16.39163 0.2576779230706232
16.39284 0.2578690180448254
16.39404 0.2580328137369987
16.39525 0.258196609429172
16.39646 0.2583604051213453
16.39767 0.2585242008135186
16.39887 0.25868799650569185
16.40008 0.2588517921978652
16.40129 0.2590155878900385
16.40249 0.25920668286424065
16.4037 0.25937047855641393
16.40491 0.25953427424858727
16.40611 0.25972536922278944
16.40732 0.2599164641969916
16.40853 0.2600802598891649
16.40973 0.26027135486336705
16.41094 0.2604624498375692
16.41215 0.26062624552974256
16.41335 0.26081734050394473
16.41456 0.2610084354781469
16.41577 0.26117223117032023
16.41697 0.2613633261445224
16.41818 0.26155442111872457
16.41939 0.26174551609292673
16.4206 0.2619366110671289
16.4218 0.26212770604133107
16.42301 0.2623188010155333
16.42422 0.26250989598973545
16.42542 0.2627009909639376
16.42663 0.2629193852201687
16.42784 0.26311048019437083
16.42904 0.26332887445060194
16.43025 0.263547268706833
16.43146 0.26373836368103515
16.43266 0.2639840572192951
16.43387 0.2642024514755262
16.43508 0.2644208457317572
16.43628 0.26466653927001715
16.43749 0.26488493352624826
16.4387 0.2651306270645082
16.4399 0.26537632060276817
16.44111 0.26562201414102804
16.44232 0.265867707679288
16.44352 0.26611340121754795
16.44473 0.26638639403783676
16.44594 0.26663208757609674
16.44715 0.26690508039638555
16.44835 0.2671507739346455
16.44956 0.26742376675493434
16.45077 0.26769675957522315
16.45197 0.26796975239551196
16.45318 0.2682427452158008
16.45439 0.26851573803608964
16.45559 0.2687887308563785
16.4568 0.26906172367666725
16.45801 0.2693347164969561
16.45921 0.2696077093172449
16.46042 0.2698807021375338
16.46163 0.2701809942398515
16.46283 0.2704539870601403
16.46404 0.27075427916245803
16.46525 0.27102727198274684
16.46645 0.2713275640850646
16.46766 0.2716278561873823
16.46887 0.27192814828969997
16.47007 0.27222844039201766
16.47128 0.2725287324943354
16.47249 0.27285632387868197
16.4737 0.27315661598099966
16.4749 0.27345690808331735
16.47611 0.2737572001856351
16.47732 0.2740574922879528
16.47852 0.27435778439027053
16.47973 0.2746580764925882
16.48094 0.27495836859490597
16.48214 0.27525866069722366
16.48335 0.27555895279954135
16.48456 0.2758592449018591
16.48576 0.2761322377221479
16.48697 0.2764325298244656
16.48818 0.27670552264475445
16.48938 0.27697851546504326
16.49059 0.27727880756736095
16.4918 0.27755180038764976
16.493 0.2778247932079386
16.49421 0.27809778602822743
16.49542 0.2783980781305452
16.49662 0.278671070950834
16.49783 0.2789440637711228
16.49904 0.2792170565914116
16.50025 0.27949004941170047
16.50145 0.2797630422319893
16.50266 0.28003603505227814
16.50387 0.28028172859053807
16.50507 0.2805547214108269
16.50628 0.2808277142311157
16.50749 0.2810734077693756
16.50869 0.2813191013076356
16.5099 0.2815647948458955
16.51111 0.28183778766618434
16.51231 0.2820834812044443
16.51352 0.28230187546067537
16.51473 0.2825475689989353
16.51593 0.2827659632551664
16.51714 0.2830116567934263
16.51835 0.28323005104965737
16.51955 0.2834484453058885
16.52076 0.2836668395621195
16.52197 0.28388523381835057
16.52317 0.28407632879255273
16.52438 0.2842947230487838
16.52559 0.28451311730501483
16.5268 0.284704212279217
16.528 0.2849226065354481
16.52921 0.28511370150965026
16.53042 0.28533209576588137
16.53162 0.2855504900221124
16.53283 0.2857415849963146
16.53404 0.2859599792525456
16.53524 0.28617837350877673
16.53645 0.2863967677650078
16.53766 0.2866151620212388
16.53886 0.28683355627746987
16.54007 0.28707924981572985
16.54128 0.2872976440719609
16.54248 0.28751603832819195
16.54369 0.287734432584423
16.5449 0.2879528268406541
16.5461 0.28817122109688514
16.54731 0.28841691463514507
16.54852 0.2886353088913762
16.54972 0.2888537031476072
16.55093 0.28907209740383827
16.55214 0.2893177909420982
16.55335 0.28953618519832924
16.55455 0.28975457945456035
16.55576 0.2900002729928203
16.55697 0.2902459665310802
16.55817 0.2904916600693402
16.55938 0.29071005432557123
16.56059 0.29098304714586004
16.56179 0.29122874068411997
16.563 0.29147443422237995
16.56421 0.29174742704266876
16.56541 0.2919931205809287
16.56662 0.29226611340121755
16.56783 0.29256640550353524
16.56903 0.29283939832382405
16.57024 0.29311239114411286
16.57145 0.2934126832464306
16.57265 0.2937129753487483
16.57386 0.29401326745106604
16.57507 0.29431355955338373
16.57627 0.2946138516557014
16.57748 0.29491414375801916
16.57869 0.29524173514236574
16.5799 0.2955420272446834
16.5811 0.2958423193470011
16.58231 0.29616991073134774
16.58352 0.2964702028336655
16.58472 0.2967704949359832
16.58593 0.29709808632032975
16.58714 0.29739837842264744
16.58834 0.2976986705249652
16.58955 0.29799896262728287
16.59076 0.2982992547296006
16.59196 0.2985995468319183
16.59317 0.298899838934236
16.59438 0.29920013103655374
16.59558 0.29950042313887143
16.59679 0.2998007152411891
16.598 0.30010100734350686
16.5992 0.30040129944582455
16.60041 0.3007288908301711
16.60162 0.30102918293248887
16.60282 0.30132947503480656
16.60403 0.3016297671371243
16.60524 0.301930059239442
16.60645 0.3022303513417597
16.60765 0.30253064344407743
16.60886 0.3028309355463951
16.61007 0.30310392836668393
16.61127 0.3034042204690017
16.61248 0.3036772132892905
16.61369 0.3039502061095793
16.61489 0.3042231989298681
16.6161 0.3044688924681281
16.61731 0.304714586006388
16.61851 0.30496027954464794
16.61972 0.30520597308290787
16.62093 0.30545166662116785
16.62213 0.3056700608773989
16.62334 0.30588845513362994
16.62455 0.306106849389861
16.62575 0.3063252436460921
16.62696 0.30654363790232314
16.62817 0.3067620321585542
16.62938 0.3069531271327564
16.63058 0.3071442221069586
16.63179 0.30733531708116074
16.633 0.3075264120553629
16.6342 0.30771750702956513
16.63541 0.3079086020037673
16.63662 0.3080723976959406
16.63782 0.30826349267014275
16.63903 0.30842728836231603
16.64024 0.3085910840544894
16.64144 0.30875487974666266
16.64265 0.30891867543883594
16.64386 0.30908247113100923
16.64506 0.30921896754115363
16.64627 0.3093827632333269
16.64748 0.3095192596434713
16.64868 0.3096557560536158
16.64989 0.3097922524637602
16.6511 0.3099014495918757
16.6523 0.3100379460020201
16.65351 0.31014714313013564
16.65472 0.3102563402582512
16.65593 0.31036553738636674
16.65713 0.31047473451448226
16.65834 0.3105566323605689
16.65955 0.31066582948868443
16.66075 0.31077502661679995
16.66196 0.3108569244628866
16.66317 0.3109661215910021
16.66437 0.31107531871911764
16.66558 0.3111572165652043
16.66679 0.3112664136933198
16.66799 0.31137561082143533
16.6692 0.3114848079495509
16.67041 0.31159400507766644
16.67161 0.31170320220578196
16.67282 0.31183969861592636
16.67403 0.3119488957440419
16.67523 0.3120580928721574
16.67644 0.31216729000027293
16.67765 0.3122764871283885
16.67885 0.31238568425650404
16.68006 0.31249488138461956
16.68127 0.3126040785127351
16.68248 0.3127132756408506
16.68368 0.31282247276896613
16.68489 0.31293166989708165
16.6861 0.3130408670251972
16.6873 0.31315006415331276
16.68851 0.31328656056345716
16.68972 0.3133957576915727
16.69092 0.3135322541017171
16.69213 0.31366875051186155
16.69334 0.3138052469220059
16.69454 0.31394174333215036
16.69575 0.31410553902432364
16.69696 0.31424203543446805
16.69816 0.31440583112664133
16.69937 0.3145696268188146
16.70058 0.31476072179301684
16.70178 0.3149245174851901
16.70299 0.3151156124593923
16.7042 0.3152794081515656
16.7054 0.31547050312576774
16.70661 0.31566159809996996
16.70782 0.315879992356201
16.70903 0.3160710873304032
16.71023 0.31626218230460534
16.71144 0.31648057656083645
16.71265 0.3166989708170675
16.71385 0.31691736507329854
16.71506 0.3171357593295296
16.71627 0.3173541535857607
16.71747 0.31757254784199174
16.71868 0.31781824138025166
16.71989 0.31803663563648277
16.72109 0.3182823291747427
16.7223 0.3185280227130026
16.72351 0.31877371625126255
16.72471 0.31901940978952253
16.72592 0.31926510332778246
16.72713 0.31953809614807127
16.72833 0.31981108896836014
16.72954 0.32008408178864894
16.73075 0.32035707460893775
16.73195 0.32063006742922656
16.73316 0.3209303595315443
16.73437 0.321230651633862
16.73558 0.32150364445415086
16.73678 0.32180393655646855
16.73799 0.32210422865878624
16.7392 0.32243182004313287
16.7404 0.32273211214545056
16.74161 0.3230324042477683
16.74282 0.323332696350086
16.74402 0.32366028773443256
16.74523 0.32396057983675025
16.74644 0.324260871939068
16.74764 0.32458846332341457
16.74885 0.3248887554257323
16.75006 0.32518904752805
16.75126 0.3254893396303677
16.75247 0.32578963173268544
16.75368 0.3260899238350031
16.75488 0.3263902159373208
16.75609 0.3266905080396385
16.7573 0.32701809942398513
16.7585 0.3273183915263029
16.75971 0.32764598291064945
16.76092 0.32794627501296714
16.76213 0.3282738663973137
16.76333 0.3285741584996314
16.76454 0.328901749883978
16.76575 0.32920204198629577
16.76695 0.32950233408861346
16.76816 0.32982992547296003
16.76937 0.3301302175752777
16.77057 0.33043050967759546
16.77178 0.33073080177991315
16.77299 0.3310310938822309
16.77419 0.3313313859845486
16.7754 0.33163167808686633
16.77661 0.3319046709071551
16.77781 0.33217766372744395
16.77902 0.33245065654773276
16.78023 0.3327236493680216
16.78143 0.33299664218831043
16.78264 0.33326963500859924
16.78385 0.33354262782888805
16.78505 0.33378832136714803
16.78626 0.33406131418743684
16.78747 0.33430700772569677
16.78868 0.33458000054598563
16.78988 0.33482569408424556
16.79109 0.3350713876225055
16.7923 0.3353170811607654
16.7935 0.3355627746990254
16.79471 0.33580846823728533
16.79592 0.33602686249351643
16.79712 0.33627255603177636
16.79833 0.3364909502880074
16.79954 0.33670934454423845
16.80074 0.33692773880046956
16.80195 0.3371188337746717
16.80316 0.33733722803090277
16.80436 0.33752832300510494
16.80557 0.3377194179793071
16.80678 0.33788321367148044
16.80798 0.3380743086456826
16.80919 0.3382381043378559
16.8104 0.3384019000300292
16.8116 0.3385656957222025
16.81281 0.33872949141437575
16.81402 0.3388932871065491
16.81523 0.3390297835166935
16.81643 0.3391935792088668
16.81764 0.3393300756190112
16.81885 0.3394665720291556
16.82005 0.3396030684393
16.82126 0.3397122655674155
16.82247 0.33984876197756
16.82367 0.3399579591056755
16.82488 0.34003985695176214
16.82609 0.34014905407987767
16.82729 0.34023095192596436
16.8285 0.340312849772051
16.82971 0.3403674483361087
16.83091 0.34042204690016653
16.83212 0.34047664546422424
16.83333 0.3405039447462531
16.83453 0.34053124402828205
16.83574 0.34055854331031093
16.83695 0.34055854331031093
16.83816 0.34055854331031093
16.83936 0.34055854331031093
16.84057 0.34053124402828205
16.84178 0.34053124402828205
16.84298 0.3405039447462531
16.84419 0.3404493461821954
16.8454 0.34042204690016653
16.8466 0.3403674483361087
16.84781 0.34028555049002207
16.84902 0.34023095192596436
16.85022 0.34014905407987767
16.85143 0.340067156233791
16.85264 0.3399579591056755
16.85384 0.33984876197756
16.85505 0.3397122655674155
16.85626 0.3396030684393
16.85746 0.33943927274712676
16.85867 0.3393027763369823
16.85988 0.339138980644809
16.86108 0.33897518495263573
16.86229 0.33878408997843357
16.8635 0.3385656957222025
16.86471 0.3383746007480003
16.86591 0.33812890720974037
16.86712 0.3379105129535093
16.86833 0.33763752013322046
16.86953 0.33739182659496053
16.87074 0.3371188337746717
16.87195 0.33684584095438286
16.87315 0.33654554885206517
16.87436 0.3362452567497475
16.87557 0.33594496464742973
16.87677 0.33561737326308316
16.87798 0.3353170811607654
16.87919 0.33498948977641885
16.88039 0.3346618983920723
16.8816 0.33433430700772565
16.88281 0.3339794163413502
16.88401 0.3336518249570036
16.88522 0.3332969342906281
16.88643 0.33296934290628155
16.88763 0.3326144522399061
16.88884 0.3322595615735306
16.89005 0.3319046709071551
16.89126 0.33154978024077963
16.89246 0.3311675902923753
16.89367 0.3307854003439709
16.89488 0.3304032103955666
16.89608 0.3299937211651333
16.89729 0.3295842319347001
16.8985 0.3291747427042669
16.8997 0.3287652534738336
16.90091 0.3283284649613715
16.90212 0.32791897573093826
16.90332 0.3274821872184761
16.90453 0.3270726979880429
16.90574 0.3266359094755808
16.90694 0.32622642024514753
16.90815 0.32581693101471426
16.90936 0.32540744178428105
16.91056 0.32499795255384784
16.91177 0.32458846332341457
16.91298 0.3241789740929813
16.91418 0.32379678414457697
16.91539 0.32341459419617263
16.9166 0.3230597035297971
16.91781 0.3226775135813928
16.91901 0.3223226229150173
16.92022 0.32196773224864184
16.92143 0.3215855423002375
16.92263 0.321230651633862
16.92384 0.32087576096748655
16.92505 0.32052087030111104
16.92625 0.3201659796347356
16.92746 0.31981108896836014
16.92867 0.31945619830198463
16.92987 0.31912860691763806
16.93108 0.31877371625126255
16.93229 0.318446124866916
16.93349 0.31811853348256935
16.9347 0.3177909420982228
16.93591 0.3174906499959051
16.93711 0.3171630586115585
16.93832 0.3168627665092408
16.93953 0.31656247440692303
16.94073 0.3162894815866343
16.94194 0.3160164887663454
16.94315 0.3157434959460566
16.94436 0.31547050312576774
16.94556 0.3152248095875078
16.94677 0.314951816767219
16.94798 0.314706123228959
16.94918 0.314487728972728
16.95039 0.31424203543446805
16.9516 0.314023641178237
16.9528 0.3138052469220059
16.95401 0.31358685266577485
16.95522 0.3133684584095438
16.95642 0.31317736343534164
16.95763 0.31298626846113947
16.95884 0.31279517348693725
16.96004 0.3126040785127351
16.96125 0.3124402828205618
16.96246 0.31224918784635963
16.96366 0.31208539215418635
16.96487 0.311921596462013
16.96608 0.31178510005186866
16.96728 0.3116213043596953
16.96849 0.3114848079495509
16.9697 0.3113483115394065
16.97091 0.3112118151292621
16.97211 0.31107531871911764
16.97332 0.3109661215910021
16.97453 0.3108569244628866
16.97573 0.3107477273347711
16.97694 0.31063853020665555
16.97815 0.3105566323605689
16.97935 0.31047473451448226
16.98056 0.31039283666839557
16.98177 0.3103109388223089
16.98297 0.3102563402582512
16.98418 0.3101744424121645
16.98539 0.3101198438481068
16.98659 0.310065245284049
16.9878 0.3100379460020201
16.98901 0.30998334743796235
16.99021 0.3099287488739046
16.99142 0.3099014495918757
16.99263 0.30987415030984683
16.99383 0.30984685102781795
16.99504 0.30981955174578907
16.99625 0.3097922524637602
16.99746 0.3097649531817313
16.99866 0.3097376538997024
16.99987 0.30971035461767354
17.00108 0.30971035461767354
17.00228 0.30971035461767354
17.00349 0.30971035461767354
17.0047 0.3097376538997024
17.0059 0.3097376538997024
17.00711 0.3097649531817313
17.00832 0.3097922524637602
17.00952 0.30984685102781795
17.01073 0.30987415030984683
17.01194 0.3099014495918757
17.01314 0.3099560481559335
17.01435 0.30998334743796235
17.01556 0.3100379460020201
17.01676 0.310065245284049
17.01797 0.3101198438481068
17.01918 0.31014714313013564
17.02038 0.3101744424121645
17.02159 0.3102017416941934
17.0228 0.3102017416941934
17.02401 0.31022904097622234
17.02521 0.31022904097622234
17.02642 0.31022904097622234
17.02763 0.3102017416941934
17.02883 0.3102017416941934
17.03004 0.3101744424121645
17.03125 0.31014714313013564
17.03245 0.31014714313013564
17.03366 0.3101198438481068
17.03487 0.3100925445660779
17.03607 0.310065245284049
17.03728 0.3100379460020201
17.03849 0.31001064671999123
17.03969 0.30998334743796235
17.0409 0.3099560481559335
17.04211 0.3099014495918757
17.04331 0.30984685102781795
17.04452 0.3097922524637602
17.04573 0.3097376538997024
17.04694 0.3096557560536158
17.04814 0.30957385820752914
17.04935 0.30949196036144244
17.05056 0.3094100625153558
17.05176 0.3093008653872403
17.05297 0.30919166825912475
17.05418 0.30905517184898035
17.05538 0.30891867543883594
17.05659 0.30878217902869154
17.0578 0.3086183833365182
17.059 0.3084545876443449
17.06021 0.30826349267014275
17.06142 0.3080723976959406
17.06262 0.3078540034397095
17.06383 0.3076629084655073
17.06504 0.30744451420927627
17.06624 0.30719882067101634
17.06745 0.30698042641478523
17.06866 0.3067347328765253
17.06986 0.3064890393382654
17.07107 0.30624334580000545
17.07228 0.30599765226174547
17.07349 0.30575195872348554
17.07469 0.3055062651852256
17.0759 0.3052332723649368
17.07711 0.3049875788266768
17.07831 0.304714586006388
17.07952 0.3044688924681281
17.08073 0.3041958996478392
17.08193 0.3039502061095793
17.08314 0.30370451257131936
17.08435 0.3034588190330594
17.08555 0.3031858262127706
17.08676 0.30291283339248176
17.08797 0.3026671398542218
17.08917 0.3023668477519041
17.09038 0.3020938549316153
17.09159 0.30182086211132647
17.09279 0.3015205700090088
17.094 0.30122027790669104
17.09521 0.3009472850864022
17.09641 0.30064699298408454
17.09762 0.3003467008817668
17.09883 0.300073708061478
17.10004 0.2997734159591603
17.10124 0.29950042313887143
17.10245 0.2992274303185826
17.10366 0.29895443749829376
17.10486 0.29868144467800495
17.10607 0.29840845185771614
17.10728 0.29816275831945616
17.10848 0.29791706478119623
17.10969 0.2976713712429363
17.1109 0.29745297698670525
17.1121 0.2972345827304742
17.11331 0.297043487756272
17.11452 0.29682509350004094
17.11572 0.29663399852583877
17.11693 0.2964429035516366
17.11814 0.2962518085774344
17.11934 0.2960880128852611
17.12055 0.29589691791105893
17.12176 0.2957331222188856
17.12296 0.29556932652671236
17.12417 0.295405530834539
17.12538 0.2952690344243946
17.12659 0.29510523873222133
17.12779 0.29496874232207687
17.129 0.29480494662990364
17.13021 0.2946684502197592
17.13141 0.2945319538096148
17.13262 0.2943954573994704
17.13383 0.29425896098932597
17.13503 0.29414976386121044
17.13624 0.29401326745106604
17.13745 0.2938767710409216
17.13865 0.29376757391280606
17.13986 0.29363107750266165
17.14107 0.29352188037454613
17.14227 0.2934126832464306
17.14348 0.293303486118315
17.14469 0.29322158827222844
17.14589 0.2931396904261418
17.1471 0.29305779258005515
17.14831 0.29297589473396846
17.14951 0.2928939968878818
17.15072 0.29283939832382405
17.15193 0.2927575004777374
17.15314 0.29270290191367965
17.15434 0.2926483033496219
17.15555 0.29256640550353524
17.15676 0.2925118069394775
17.15796 0.29242990909339084
17.15917 0.2923753105293331
17.16038 0.29229341268324643
17.16158 0.29221151483715974
17.16279 0.2921296169910731
17.164 0.2920477191449865
17.1652 0.2919385220168709
17.16641 0.2918566241707843
17.16762 0.29174742704266876
17.16882 0.29161093063252436
17.17003 0.29150173350440883
17.17124 0.29136523709426443
17.17244 0.29125603996614885
17.17365 0.29111954355600445
17.17486 0.29098304714586004
17.17606 0.29084655073571564
17.17727 0.29071005432557123
17.17848 0.2905462586333979
17.17969 0.29040976222325354
17.18089 0.2902732658131091
17.1821 0.2901094701209358
17.18331 0.2899456744287625
17.18451 0.2898091780186181
17.18572 0.2896453823264448
17.18693 0.2894815866342715
17.18813 0.2893177909420982
17.18934 0.28912669596789603
17.19055 0.28896290027572274
17.19175 0.2887991045835494
17.19296 0.28860800960934724
17.19417 0.28841691463514507
17.19537 0.2882531189429718
17.19658 0.2880620239687696
17.19779 0.28787092899456745
17.19899 0.28765253473833635
17.2002 0.2874341404821053
17.20141 0.28721574622587426
17.20261 0.28699735196964316
17.20382 0.2867789577134121
17.20503 0.2865332641751522
17.20624 0.28628757063689225
17.20744 0.28604187709863227
17.20865 0.28579618356037234
17.20986 0.2855504900221124
17.21106 0.2853047964838525
17.21227 0.2850591029455925
17.21348 0.2848134094073326
17.21468 0.28456771586907265
17.21589 0.2843220223308127
17.2171 0.2841036280745816
17.2183 0.2838579345363217
17.21951 0.28363954028009064
17.22072 0.28342114602385954
17.22192 0.28323005104965737
17.22313 0.2830389560754552
17.22434 0.282847861101253
17.22554 0.2826567661270508
17.22675 0.28249297043487753
17.22796 0.28232917474270425
17.22916 0.28216537905053096
17.23037 0.2820015833583577
17.23158 0.28183778766618434
17.23279 0.28167399197401105
17.23399 0.28153749556386665
17.2352 0.28137369987169336
17.23641 0.28123720346154896
17.23761 0.28110070705140455
17.23882 0.2809642106412601
17.24003 0.2808277142311157
17.24123 0.28071851710300016
17.24244 0.28058202069285576
17.24365 0.28047282356474024
17.24485 0.2803636264366247
17.24606 0.28028172859053807
17.24727 0.2801725314624225
17.24847 0.28009063361633585
17.24968 0.2800087357702492
17.25089 0.27995413720619144
17.25209 0.2798722393601048
17.2533 0.27981764079604704
17.25451 0.27979034151401816
17.25571 0.2797357429499604
17.25692 0.2797357429499604
17.25813 0.2797084436679315
17.25934 0.2797084436679315
17.26054 0.2797357429499604
17.26175 0.2797357429499604
17.26296 0.2797630422319893
17.26416 0.27981764079604704
17.26537 0.2798449400780759
17.26658 0.2798995386421337
17.26778 0.27995413720619144
17.26899 0.2799814364882203
17.2702 0.28003603505227814
17.2714 0.28009063361633585
17.27261 0.28014523218039367
17.27382 0.2801998307444514
17.27502 0.2802544293085092
17.27623 0.2803090278725669
17.27744 0.28033632715459583
17.27864 0.2803909257186536
17.27985 0.2804182250006825
17.28106 0.28044552428271136
17.28227 0.28044552428271136
17.28347 0.28047282356474024
17.28468 0.28047282356474024
17.28589 0.28047282356474024
17.28709 0.2805001228467691
17.2883 0.2805001228467691
17.28951 0.2805001228467691
17.29071 0.280527422128798
17.29192 0.280527422128798
17.29313 0.2805547214108269
17.29433 0.2805547214108269
17.29554 0.2805547214108269
17.29675 0.2805547214108269
17.29795 0.2805547214108269
17.29916 0.2805547214108269
17.30037 0.280527422128798
17.30157 0.280527422128798
17.30278 0.2805001228467691
17.30399 0.28047282356474024
17.30519 0.28044552428271136
17.3064 0.2803909257186536
17.30761 0.28033632715459583
17.30882 0.28028172859053807
17.31002 0.2802271300264803
17.31123 0.28014523218039367
17.31244 0.28006333433430697
17.31364 0.2799814364882203
17.31485 0.2798722393601048
17.31606 0.2797630422319893
17.31726 0.2796265458218449
17.31847 0.2795173486937293
17.31968 0.27938085228358495
17.32088 0.27924435587344054
17.32209 0.2790805601812672
17.3233 0.2789167644890939
17.3245 0.2787802680789495
17.32571 0.2786164723867762
17.32692 0.2784526766946029
17.32812 0.2782888810024296
17.32933 0.2781250853102563
17.33054 0.27793399033605415
17.33174 0.2777701946438808
17.33295 0.2776063989517076
17.33416 0.27744260325953424
17.33537 0.27727880756736095
17.33657 0.27711501187518767
17.33778 0.2769512161830144
17.33899 0.27678742049084104
17.34019 0.27665092408069664
17.3414 0.2765144276705523
17.34261 0.27635063197837895
17.34381 0.27618683628620566
17.34502 0.27605033987606126
17.34623 0.2758865441838879
17.34743 0.2757227484917147
17.34864 0.27553165351751246
17.34985 0.2753678578253392
17.35105 0.2752040621331659
17.35226 0.2750402664409926
17.35347 0.27487647074881927
17.35467 0.274712675056646
17.35588 0.2745488793644727
17.35709 0.2743850836722994
17.35829 0.27424858726215495
17.3595 0.2740847915699817
17.36071 0.27394829515983726
17.36192 0.27381179874969286
17.36312 0.27370260162157733
17.36433 0.27356610521143293
17.36554 0.27345690808331735
17.36674 0.27334771095520183
17.36795 0.2732658131091152
17.36916 0.2731839152630286
17.37036 0.2731020174169419
17.37157 0.27304741885288414
17.37278 0.2729928202888264
17.37398 0.2729382217247686
17.37519 0.27288362316071085
17.3764 0.27285632387868197
17.3776 0.2728017253146242
17.37881 0.27277442603259533
17.38002 0.27274712675056645
17.38122 0.27274712675056645
17.38243 0.27271982746853757
17.38364 0.27271982746853757
17.38484 0.27271982746853757
17.38605 0.27271982746853757
17.38726 0.27274712675056645
17.38847 0.27274712675056645
17.38967 0.27277442603259533
17.39088 0.2728017253146242
17.39209 0.2728290245966531
17.39329 0.27288362316071085
17.3945 0.27291092244273973
17.39571 0.2729655210067975
17.39691 0.27302011957085526
17.39812 0.273074718134913
17.39933 0.2731293166989708
17.40053 0.2732112145450575
17.40174 0.2732931123911441
17.40295 0.27337501023723076
17.40415 0.2734842073653463
17.40536 0.27356610521143293
17.40657 0.27370260162157733
17.40777 0.27381179874969286
17.40898 0.2739209958778084
17.41019 0.2740574922879528
17.41139 0.27419398869809725
17.4126 0.27433048510824165
17.41381 0.27446698151838606
17.41502 0.27460347792853046
17.41622 0.27476727362070374
17.41743 0.27490377003084815
17.41864 0.2750402664409926
17.41984 0.275176762851137
17.42105 0.2753405585433103
17.42226 0.2754770549534547
17.42346 0.2756135513635991
17.42467 0.2757500477737435
17.42588 0.2758592449018591
17.42708 0.27599574131200344
17.42829 0.27610493844011896
17.4295 0.2762414348502634
17.4307 0.27635063197837895
17.43191 0.27648712838852335
17.43312 0.2765963255166389
17.43432 0.27673282192678333
17.43553 0.27684201905489886
17.43674 0.27697851546504326
17.43794 0.2770877125931588
17.43915 0.2772242090033032
17.44036 0.2773334061314187
17.44157 0.2774699025415631
17.44277 0.2775790996696787
17.44398 0.2776882967977942
17.44519 0.2778247932079386
17.44639 0.27793399033605415
17.4476 0.27804318746416967
17.44881 0.2781523845922852
17.45001 0.2782615817204008
17.45122 0.2783707788485163
17.45243 0.2784799759766318
17.45363 0.27856187382271846
17.45484 0.278671070950834
17.45605 0.27875296879692063
17.45725 0.2788348666430073
17.45846 0.2789167644890939
17.45967 0.27899866233518056
17.46087 0.2790805601812672
17.46208 0.27913515874532496
17.46329 0.2791897573093827
17.46449 0.2792716551554694
17.4657 0.27932625371952713
17.46691 0.27938085228358495
17.46812 0.2794354508476427
17.46932 0.2794627501296716
17.47053 0.2795173486937293
17.47174 0.2795719472577871
17.47294 0.279599246539816
17.47415 0.27965384510387375
17.47536 0.2797084436679315
17.47656 0.2797357429499604
17.47777 0.27979034151401816
17.47898 0.2798449400780759
17.48018 0.2798995386421337
17.48139 0.27995413720619144
17.4826 0.2800087357702492
17.4838 0.28006333433430697
17.48501 0.2801179328983648
17.48622 0.2801725314624225
17.48742 0.2802544293085092
17.48863 0.2803090278725669
17.48984 0.2803636264366247
17.49105 0.28044552428271136
17.49225 0.2805001228467691
17.49346 0.28058202069285576
17.49467 0.2806366192569135
17.49587 0.28071851710300016
17.49708 0.2807731156670579
17.49829 0.28085501351314457
17.49949 0.2809369113592312
17.5007 0.280991509923289
17.50191 0.2810734077693756
17.50311 0.2811553056154623
17.50432 0.28123720346154896
17.50553 0.2813191013076356
17.50673 0.28140099915372224
17.50794 0.2814828969998089
17.50915 0.2815647948458955
17.51035 0.28164669269198217
17.51156 0.2817285905380688
17.51277 0.28183778766618434
17.51397 0.28191968551227103
17.51518 0.28202888264038656
17.51639 0.2821380797685021
17.5176 0.2822199776145887
17.5188 0.28232917474270425
17.52001 0.28243837187081977
17.52122 0.28257486828096423
17.52242 0.28268406540907975
17.52363 0.2827932625371953
17.52484 0.2829297589473397
17.52604 0.2830389560754552
17.52725 0.2831754524855996
17.52846 0.28328464961371513
17.52966 0.28342114602385954
17.53087 0.283557642434004
17.53208 0.2836941388441484
17.53328 0.2838033359722639
17.53449 0.28393983238240833
17.5357 0.28407632879255273
17.5369 0.28421282520269714
17.53811 0.28434932161284154
17.53932 0.28448581802298595
17.54052 0.2846223144331304
17.54173 0.2847588108432748
17.54294 0.2848953072534192
17.54415 0.2850318036635636
17.54535 0.285168300073708
17.54656 0.2853047964838525
17.54777 0.2854412928939969
17.54897 0.2855777893041413
17.55018 0.2857142857142857
17.55139 0.2858507821244301
17.55259 0.28598727853457456
17.5538 0.2861237749447189
17.55501 0.2862602713548633
17.55621 0.2863967677650078
17.55742 0.2865332641751522
17.55863 0.2866697605852966
17.55983 0.28683355627746987
17.56104 0.28697005268761433
17.56225 0.28710654909775873
17.56345 0.2872430455079031
17.56466 0.28737954191804754
17.56587 0.28754333761022083
17.56707 0.28767983402036523
17.56828 0.28781633043050964
17.56949 0.2879528268406541
17.5707 0.2880893232507985
17.5719 0.2882258196609429
17.57311 0.2883896153531162
17.57432 0.28852611176326065
17.57552 0.288662608173405
17.57673 0.2887991045835494
17.57794 0.28893560099369386
17.57914 0.28907209740383827
17.58035 0.2892085938139827
17.58156 0.28937238950615596
17.58276 0.2895088859163004
17.58397 0.2896453823264448
17.58518 0.28978187873658917
17.58638 0.28991837514673363
17.58759 0.2900821708389069
17.5888 0.2902186672490513
17.59 0.2903551636591957
17.59121 0.2904916600693402
17.59242 0.2906281564794846
17.59362 0.29076465288962894
17.59483 0.2909011492997734
17.59604 0.2910376457099178
17.59725 0.29117414212006226
17.59845 0.2913106385302066
17.59966 0.291447134940351
17.60087 0.2915836313504955
17.60207 0.2917201277606399
17.60328 0.2918566241707843
17.60449 0.2919658212988998
17.60569 0.2921023177090442
17.6069 0.29221151483715974
17.60811 0.2923480112473042
17.60931 0.2924572083754197
17.61052 0.29256640550353524
17.61173 0.29270290191367965
17.61293 0.29281209904179517
17.61414 0.29292129616991075
17.61535 0.29305779258005515
17.61655 0.2931669897081707
17.61776 0.2932761868362862
17.61897 0.2933853839644017
17.62017 0.29349458109251725
17.62138 0.29360377822063277
17.62259 0.2937129753487483
17.6238 0.2938221724768639
17.625 0.2939313696049794
17.62621 0.2940405667330949
17.62742 0.29412246457918156
17.62862 0.2942316617072971
17.62983 0.2943408588354126
17.63104 0.29445005596352813
17.63224 0.2945319538096148
17.63345 0.2946411509377303
17.63466 0.29472304878381694
17.63586 0.29483224591193247
17.63707 0.29491414375801916
17.63828 0.2949960416041058
17.63948 0.29510523873222133
17.64069 0.295187136578308
17.6419 0.29524173514236574
17.6431 0.2953236329884524
17.64431 0.295405530834539
17.64552 0.29548742868062566
17.64672 0.2955420272446834
17.64793 0.29562392509077007
17.64914 0.29570582293685677
17.65035 0.2957604215009145
17.65155 0.2958423193470011
17.65276 0.2959242171930878
17.65397 0.2959788157571456
17.65517 0.2960607136032322
17.65638 0.29614261144931886
17.65759 0.2962245092954055
17.65879 0.29630640714149215
17.66 0.2963883049875788
17.66121 0.2964702028336655
17.66241 0.29655210067975213
17.66362 0.29666129780786765
17.66483 0.2967704949359832
17.66603 0.2968523927820698
17.66724 0.29696158991018534
17.66845 0.29707078703830087
17.66965 0.2971799841664164
17.67086 0.2972891812945319
17.67207 0.29739837842264744
17.67327 0.29750757555076296
17.67448 0.29761677267887854
17.67569 0.29772596980699406
17.6769 0.29786246621713847
17.6781 0.297971663345254
17.67931 0.2980808604733695
17.68052 0.298217356883514
17.68172 0.2983265540116295
17.68293 0.2984630504217739
17.68414 0.2985995468319183
17.68534 0.2987360432420627
17.68655 0.2988725396522071
17.68776 0.2990090360623516
17.68896 0.29917283175452486
17.69017 0.29930932816466926
17.69138 0.29947312385684255
17.69258 0.29960962026698695
17.69379 0.2997734159591603
17.695 0.2999372116513335
17.6962 0.3001283066255357
17.69741 0.30029210231770903
17.69862 0.3004831972919112
17.69983 0.30067429226611336
17.70103 0.3008653872403156
17.70224 0.30105648221451775
17.70345 0.3012748764707488
17.70465 0.30149327072697985
17.70586 0.301684365701182
17.70707 0.30190275995741306
17.70827 0.30212115421364416
17.70948 0.3023395484698752
17.71069 0.30255794272610625
17.71189 0.30280363626436624
17.7131 0.3030220305205973
17.71431 0.30324042477682833
17.71551 0.3034861183150883
17.71672 0.30370451257131936
17.71793 0.3039502061095793
17.71913 0.3041686003658104
17.72034 0.30438699462204144
17.72155 0.30463268816030137
17.72275 0.3048510824165324
17.72396 0.30509677595479234
17.72517 0.3053151702110234
17.72638 0.3055335644672545
17.72758 0.30575195872348554
17.72879 0.30599765226174547
17.73 0.30621604651797657
17.7312 0.3064617400562365
17.73241 0.30668013431246754
17.73362 0.30692582785072753
17.73482 0.30717152138898746
17.73603 0.3074172149272474
17.73724 0.3076629084655073
17.73844 0.3079086020037673
17.73965 0.3081542955420272
17.74086 0.3083726897982583
17.74206 0.3086183833365182
17.74327 0.3088640768747782
17.74448 0.3091097704130381
17.74568 0.30932816466926916
17.74689 0.30957385820752914
17.7481 0.3097922524637602
17.7493 0.31001064671999123
17.75051 0.31022904097622234
17.75172 0.3104474352324534
17.75293 0.31063853020665555
17.75413 0.3108569244628866
17.75534 0.31104801943708876
17.75655 0.311239114411291
17.75775 0.31143020938549315
17.75896 0.31159400507766644
17.76017 0.31178510005186866
17.76137 0.3119488957440419
17.76258 0.3121399907182441
17.76379 0.3123037864104174
17.76499 0.3124675821025907
17.7662 0.31263137779476396
17.76741 0.31279517348693725
17.76861 0.31293166989708165
17.76982 0.313095465589255
17.77103 0.3132319619993994
17.77223 0.3133957576915727
17.77344 0.3135322541017171
17.77465 0.31366875051186155
17.77585 0.3138052469220059
17.77706 0.3139144440501214
17.77827 0.3140509404602659
17.77948 0.3141874368704103
17.78068 0.3142966339985258
17.78189 0.31440583112664133
17.7831 0.3145150282547569
17.7843 0.31462422538287244
17.78551 0.31473342251098796
17.78672 0.3148153203570746
17.78792 0.31489721820316124
17.78913 0.31500641533127677
17.79034 0.31506101389533453
17.79154 0.3151429117414212
17.79275 0.31519751030547893
17.79396 0.3152521088695367
17.79516 0.3153067074335945
17.79637 0.3153613059976522
17.79758 0.31541590456171004
17.79878 0.31544320384373886
17.79999 0.3154978024077967
17.8012 0.31552510168982556
17.8024 0.31555240097185444
17.80361 0.31557970025388327
17.80482 0.3156069995359122
17.80603 0.3156342988179411
17.80723 0.31566159809996996
17.80844 0.31568889738199885
17.80965 0.3157161966640277
17.81085 0.3157707952280855
17.81206 0.31579809451011437
17.81327 0.31582539379214325
17.81447 0.31585269307417213
17.81568 0.3159072916382299
17.81689 0.31596189020228765
17.81809 0.31598918948431653
17.8193 0.3160437880483743
17.82051 0.3160710873304032
17.82171 0.31612568589446094
17.82292 0.3161529851764898
17.82413 0.3162075837405476
17.82533 0.31623488302257646
17.82654 0.31626218230460534
17.82775 0.3162894815866343
17.82895 0.316344080150692
17.83016 0.3163713794327209
17.83137 0.3163986787147498
17.83258 0.3164532772788075
17.83378 0.31648057656083645
17.83499 0.3165351751248942
17.8362 0.31656247440692303
17.8374 0.31661707297098085
17.83861 0.3166716715350386
17.83982 0.3167262700990964
17.84102 0.31678086866315414
17.84223 0.3168354672272119
17.84344 0.31691736507329854
17.84464 0.3169992629193852
17.84585 0.31705386148344294
17.84706 0.3171357593295296
17.84826 0.3172449564576451
17.84947 0.31732685430373175
17.85068 0.31743605143184733
17.85188 0.31754524855996286
17.85309 0.3176544456880784
17.8543 0.3177636428161939
17.8555 0.3178728399443094
17.85671 0.31798203707242495
17.85792 0.31811853348256935
17.85913 0.3182277306106849
17.86033 0.31836422702082934
17.86154 0.31850072343097374
17.86275 0.31863721984111815
17.86395 0.31877371625126255
17.86516 0.31891021266140696
17.86637 0.3190467090715514
17.86757 0.3191832054816958
17.86878 0.3193470011738691
17.86999 0.3194834975840135
17.87119 0.3196472932761868
17.8724 0.3197837896863312
17.87361 0.31994758537850454
17.87481 0.3201113810706778
17.87602 0.32024787748082223
17.87723 0.3204116731729955
17.87843 0.32057546886516886
17.87964 0.3207392645573421
17.88085 0.3209030602495154
17.88205 0.3210668559416887
17.88326 0.321230651633862
17.88447 0.32142174660806416
17.88568 0.3215855423002375
17.88688 0.32177663727443967
17.88809 0.32194043296661295
17.8893 0.3221315279408151
17.8905 0.3223226229150173
17.89171 0.32251371788921945
17.89292 0.3227048128634217
17.89412 0.32289590783762384
17.89533 0.323087002811826
17.89654 0.3232780977860282
17.89774 0.3234691927602304
17.89895 0.32366028773443256
17.90016 0.3238513827086347
17.90136 0.3240424776828369
17.90257 0.324260871939068
17.90378 0.32445196691327016
17.90498 0.32464306188747233
17.90619 0.3248341568616745
17.9074 0.3250252518358767
17.90861 0.3252163468100789
17.90981 0.32540744178428105
17.91102 0.3255985367584832
17.91223 0.32578963173268544
17.91343 0.3259807267068876
17.91464 0.32617182168108977
17.91585 0.3263902159373208
17.91705 0.326581310911523
17.91826 0.3267724058857252
17.91947 0.32696350085992737
17.92067 0.32715459583412954
17.92188 0.3273456908083317
17.92309 0.3275367857825339
17.92429 0.32775518003876497
17.9255 0.32794627501296714
17.92671 0.3281373699871693
17.92791 0.3283284649613715
17.92912 0.32854685921760257
17.93033 0.32873795419180474
17.93153 0.3289290491660069
17.93274 0.32912014414020907
17.93395 0.3293385383964401
17.93516 0.32952963337064234
17.93636 0.3297207283448445
17.93757 0.32993912260107555
17.93878 0.3301302175752777
17.93998 0.3303486118315088
17.94119 0.330539706805711
17.9424 0.33073080177991315
17.9436 0.33094919603614426
17.94481 0.3311402910103464
17.94602 0.3313313859845486
17.94722 0.33154978024077963
17.94843 0.33174087521498186
17.94964 0.3319592694712129
17.95084 0.33215036444541507
17.95205 0.33234145941961724
17.95326 0.3325598536758483
17.95446 0.3327509486500505
17.95567 0.33296934290628155
17.95688 0.3331604378804837
17.95808 0.3333788321367148
17.95929 0.33356992711091693
17.9605 0.33378832136714803
17.96171 0.3339794163413502
17.96291 0.33419781059758125
17.96412 0.3344162048538123
17.96533 0.3346345991100434
17.96653 0.33485299336627444
17.96774 0.3350713876225055
17.96895 0.33528978187873654
17.97015 0.33550817613496764
17.97136 0.33575386967322757
17.97257 0.3359722639294586
17.97377 0.33619065818568966
17.97498 0.33643635172394964
17.97619 0.3366547459801807
17.97739 0.3369004395184407
17.9786 0.3371461330567006
17.97981 0.33736452731293165
17.98101 0.3376102208511916
17.98222 0.3378559143894515
17.98343 0.3381016079277115
17.98463 0.3383473014659714
17.98584 0.33859299500423135
17.98705 0.3388386885424913
17.98826 0.33908438208075126
17.98946 0.3393300756190112
17.99067 0.33957576915727117
17.99188 0.33984876197756
17.99308 0.3400944555158199
17.99429 0.3403674483361087
17.9955 0.3406131418743687
17.9967 0.3408861346946575
17.99791 0.3411591275149463
17.99912 0.3414048210532063
18.00032 0.3416778138734951
18.00153 0.34195080669378397
18.00274 0.3422237995140728
18.00394 0.34252409161639047
18.00515 0.3427970844366793
18.00636 0.34309737653899697
18.00756 0.34337036935928583
18.00877 0.3436706614616035
18.00998 0.34397095356392127
18.01118 0.34429854494826784
18.01239 0.3445988370505856
18.0136 0.34489912915290327
18.01481 0.34519942125522096
18.01601 0.34552701263956753
18.01722 0.3458273047418852
18.01843 0.34615489612623185
18.01963 0.3464824875105785
18.02084 0.34678277961289616
18.02205 0.3471103709972428
18.02325 0.3474106630995605
18.02446 0.34773825448390705
18.02567 0.34803854658622474
18.02687 0.34836613797057137
18.02808 0.34866643007288906
18.02929 0.34896672217520674
18.03049 0.34929431355955337
18.0317 0.3495946056618711
18.03291 0.3498948977641888
18.03411 0.3501951898665065
18.03532 0.3504681826867953
18.03653 0.350768474789113
18.03773 0.3510687668914307
18.03894 0.35136905899374843
18.04015 0.3516693510960661
18.04136 0.3519696431983838
18.04256 0.35224263601867273
18.04377 0.3525429281209904
18.04498 0.3528432202233081
18.04618 0.3531435123256258
18.04739 0.3534165051459146
18.0486 0.3537167972482323
18.0498 0.35401708935055004
18.05101 0.3542900821708389
18.05222 0.3545903742731566
18.05342 0.3548633670934454
18.05463 0.35513635991373427
18.05584 0.3554093527340231
18.05704 0.3556823455543119
18.05825 0.35595533837460075
18.05946 0.35622833119488956
18.06066 0.3565013240151784
18.06187 0.3567470175534383
18.06308 0.3569927110916983
18.06428 0.35726570391198703
18.06549 0.357511397450247
18.0667 0.35772979170647806
18.06791 0.35797548524473805
18.06911 0.3581938795009691
18.07032 0.35841227375720014
18.07153 0.3586306680134312
18.07273 0.3588490622696623
18.07394 0.3590674565258934
18.07515 0.3592585515000955
18.07635 0.3594496464742977
18.07756 0.35966804073052877
18.07877 0.35985913570473094
18.07997 0.36005023067893316
18.08118 0.36024132565313527
18.08239 0.3604324206273375
18.08359 0.36062351560153966
18.0848 0.3608146105757419
18.08601 0.361005705549944
18.08721 0.36116950124211733
18.08842 0.36136059621631944
18.08963 0.36155169119052166
18.09083 0.3617700854467527
18.09204 0.36196118042095493
18.09325 0.3621522753951571
18.09446 0.36237066965138814
18.09566 0.36256176462559037
18.09687 0.3627801588818214
18.09808 0.36299855313805246
18.09928 0.3631896481122546
18.10049 0.3634080423684857
18.1017 0.3636264366247168
18.1029 0.36381753159891894
18.10411 0.36403592585515
18.10532 0.36425432011138104
18.10652 0.36444541508558326
18.10773 0.3646638093418143
18.10894 0.36488220359804535
18.11014 0.3650732985722475
18.11135 0.3652916928284786
18.11256 0.36551008708470967
18.11376 0.3657284813409407
18.11497 0.36594687559717176
18.11618 0.3661652698534028
18.11739 0.36638366410963386
18.11859 0.36660205836586496
18.1198 0.3668477519041249
18.12101 0.36709344544238487
18.12221 0.3673118396986159
18.12342 0.3675575332368759
18.12463 0.36783052605716465
18.12583 0.36807621959542464
18.12704 0.36834921241571345
18.12825 0.3685949059539734
18.12945 0.3688678987742622
18.13066 0.36916819087657987
18.13187 0.3694411836968688
18.13307 0.3697414757991865
18.13428 0.37004176790150417
18.13549 0.370314760721793
18.13669 0.3706423521061396
18.1379 0.3709426442084573
18.13911 0.371242936310775
18.14031 0.3715705276951216
18.14152 0.3718708197974393
18.14273 0.37219841118178587
18.14394 0.3725260025661325
18.14514 0.3728535939504791
18.14635 0.37318118533482564
18.14756 0.37350877671917226
18.14876 0.3738636673855477
18.14997 0.37419125876989434
18.15118 0.3745461494362698
18.15238 0.37487374082061636
18.15359 0.3752286314869918
18.1548 0.3755835221533674
18.156 0.37593841281974283
18.15721 0.3762933034861183
18.15842 0.3766481941524938
18.15962 0.37700308481886924
18.16083 0.3773579754852447
18.16204 0.3777128661516202
18.16324 0.37806775681799565
18.16445 0.37844994676640004
18.16566 0.3788048374327755
18.16686 0.3791870273811798
18.16807 0.3795692173295842
18.16928 0.37992410799595966
18.17049 0.380306297944364
18.17169 0.3806884878927684
18.1729 0.38109797712320165
18.17411 0.381480167071606
18.17531 0.38186235702001037
18.17652 0.3822445469684147
18.17773 0.3826540361988479
18.17893 0.3830362261472523
18.18014 0.38344571537768557
18.18135 0.38385520460811884
18.18255 0.3842373945565231
18.18376 0.3846468837869564
18.18497 0.38505637301738965
18.18617 0.3854658622478228
18.18738 0.3858753514782561
18.18859 0.3862848407086893
18.18979 0.38669432993912256
18.191 0.38710381916955583
18.19221 0.38751330839998904
18.19341 0.3879227976304223
18.19462 0.3883595861428844
18.19583 0.3887690753733177
18.19704 0.3891785646037509
18.19824 0.38961535311621304
18.19945 0.3900521416286752
18.20066 0.3904889301411373
18.20186 0.39089841937157055
18.20307 0.39133520788403264
18.20428 0.39177199639649474
18.20548 0.39220878490895683
18.20669 0.39267287270344786
18.2079 0.39310966121590996
18.2091 0.39354644972837216
18.21031 0.39398323824083425
18.21152 0.39442002675329635
18.21272 0.3948841145477874
18.21393 0.3953209030602495
18.21514 0.39575769157271157
18.21634 0.3961944800851738
18.21755 0.39663126859763587
18.21876 0.39706805711009796
18.21996 0.397532144904589
18.22117 0.3979689334170511
18.22238 0.3984057219295132
18.22359 0.3988425104419754
18.22479 0.39925199967240854
18.226 0.39968878818487075
18.22721 0.40012557669733284
18.22841 0.40056236520979493
18.22962 0.4009991537222571
18.23083 0.40146324151674806
18.23203 0.40190003002921015
18.23324 0.40233681854167236
18.23445 0.40277360705413445
18.23565 0.4032376948486255
18.23686 0.4036744833610876
18.23807 0.40411127187354967
18.23927 0.40454806038601177
18.24048 0.40498484889847397
18.24169 0.40542163741093606
18.24289 0.40585842592339816
18.2441 0.4062952144358603
18.24531 0.40673200294832246
18.24651 0.40716879146078455
18.24772 0.40757828069121776
18.24893 0.40798776992165103
18.25014 0.4084245584341131
18.25134 0.4088340476645464
18.25255 0.4092435368949796
18.25376 0.40962572684338394
18.25496 0.4100352160738172
18.25617 0.4104174060222216
18.25738 0.41079959597062593
18.25858 0.4111817859190303
18.25979 0.41156397586743465
18.261 0.4119188665338101
18.2622 0.41227375720018555
18.26341 0.41265594714858994
18.26462 0.41301083781496545
18.26582 0.4133657284813409
18.26703 0.41372061914771635
18.26824 0.414048210532063
18.26944 0.41440310119843843
18.27065 0.41473069258278505
18.27186 0.4150855832491605
18.27306 0.41541317463350713
18.27427 0.4157407660178537
18.27548 0.4160683574022003
18.27669 0.4163959487865469
18.27789 0.4167235401708935
18.2791 0.41705113155524004
18.28031 0.41737872293958667
18.28151 0.41767901504190436
18.28272 0.418006606426251
18.28393 0.4183341978105975
18.28513 0.41863448991291524
18.28634 0.41896208129726187
18.28755 0.41926237339957956
18.28875 0.4195899647839262
18.28996 0.4198902568862439
18.29117 0.42019054898856156
18.29237 0.4204908410908793
18.29358 0.420791133193197
18.29479 0.4210641260134858
18.29599 0.42133711883377467
18.2972 0.42163741093609236
18.29841 0.42191040375638117
18.29961 0.42218339657667003
18.30082 0.42245638939695884
18.30203 0.42270208293521877
18.30324 0.4229750757555076
18.30444 0.42324806857579644
18.30565 0.42352106139608525
18.30686 0.42379405421637406
18.30806 0.4240670470366629
18.30927 0.42434003985695173
18.31048 0.4246130326772406
18.31168 0.4248860254975294
18.31289 0.42515901831781816
18.3141 0.4254593104201359
18.3153 0.42573230324042477
18.31651 0.42603259534274246
18.31772 0.42633288744506015
18.31892 0.4266331795473779
18.32013 0.4269607709317245
18.32134 0.4272610630340422
18.32254 0.4275886544183887
18.32375 0.42791624580273535
18.32496 0.428243837187082
18.32617 0.4285714285714285
18.32737 0.4288990199557751
18.32858 0.42925391062215057
18.32979 0.4295815020064972
18.33099 0.42993639267287265
18.3322 0.4302639840572193
18.33341 0.4306188747235947
18.33461 0.43097376538997023
18.33582 0.4313013567743168
18.33703 0.4316562474406923
18.33823 0.43201113810706776
18.33944 0.43239332805547215
18.34065 0.43274821872184754
18.34185 0.4331031093882231
18.34306 0.4334852993366274
18.34427 0.4338674892850317
18.34547 0.4342223799514073
18.34668 0.4346045698998116
18.34789 0.434986759848216
18.34909 0.43539624907864916
18.3503 0.43577843902705354
18.35151 0.43616062897545793
18.35272 0.4365701182058912
18.35392 0.43697960743632436
18.35513 0.4373890966667576
18.35634 0.4377985858971909
18.35754 0.438235374409653
18.35875 0.43867216292211514
18.35996 0.43910895143457723
18.36116 0.4395457399470393
18.36237 0.44000982774153036
18.36358 0.4404466162539925
18.36478 0.4409107040484835
18.36599 0.44137479184297446
18.3672 0.4418388796374655
18.3684 0.4423029674319565
18.36961 0.44279435450847643
18.37082 0.44325844230296735
18.37202 0.4437225300974584
18.37323 0.4441866178919494
18.37444 0.4446507056864404
18.37564 0.4451147934809314
18.37685 0.44557888127542244
18.37806 0.44601566978788454
18.37927 0.44647975758237557
18.38047 0.44691654609483766
18.38168 0.44735333460729976
18.38289 0.44779012311976196
18.38409 0.44822691163222406
18.3853 0.4486364008626573
18.38651 0.44904589009309054
18.38771 0.4494553793235238
18.38892 0.4498921678359859
18.39013 0.45030165706641917
18.39133 0.4507111462968523
18.39254 0.45112063552728565
18.39375 0.4515301247577188
18.39495 0.4519396139881521
18.39616 0.4523491032185853
18.39737 0.45275859244901856
18.39857 0.4531407823974229
18.39978 0.45355027162785616
18.40099 0.45393246157626055
18.40219 0.45434195080669376
18.4034 0.4547241407550981
18.40461 0.4551063307035025
18.40582 0.45546122136987793
18.40702 0.45584341131828227
18.40823 0.4561983019846578
18.40944 0.4565531926510332
18.41064 0.45688078403537985
18.41185 0.4572356747017553
18.41306 0.4575632660861019
18.41426 0.4578635581884196
18.41547 0.4581911495727662
18.41668 0.4584914416750839
18.41788 0.45876443449537274
18.41909 0.45903742731566155
18.4203 0.4593104201359504
18.4215 0.4595561136742103
18.42271 0.45980180721247027
18.42392 0.46004750075073025
18.42512 0.4602658950069613
18.42633 0.46048428926319235
18.42754 0.4607026835194234
18.42874 0.4608937784936256
18.42995 0.4610848734678277
18.43116 0.46127596844202995
18.43237 0.4614670634162321
18.43357 0.4616308591084054
18.43478 0.46182195408260757
18.43599 0.46198574977478085
18.43719 0.46212224618492537
18.4384 0.4622860418770986
18.43961 0.46242253828724306
18.44081 0.46255903469738746
18.44202 0.46272283038956075
18.44323 0.46283202751767627
18.44443 0.4629685239278206
18.44564 0.46310502033796513
18.44685 0.4632142174660806
18.44805 0.463350713876225
18.44926 0.4634599110043406
18.45047 0.46356910813245605
18.45167 0.4637056045426005
18.45288 0.46381480167071604
18.45409 0.4638966995168027
18.45529 0.46400589664491826
18.4565 0.4640877944910049
18.45771 0.4641696923370915
18.45892 0.4642242909011493
18.46012 0.46430618874723595
18.46133 0.4643607873112937
18.46254 0.4644153858753514
18.46374 0.46446998443940923
18.46495 0.46449728372143806
18.46616 0.4645518822854958
18.46736 0.46460648084955364
18.46857 0.46463378013158246
18.46978 0.4646610794136114
18.47098 0.46471567797766916
18.47219 0.46474297725969804
18.4734 0.464770276541727
18.4746 0.4647975758237558
18.47581 0.4648521743878135
18.47702 0.46487947366984245
18.47822 0.4649340722339002
18.47943 0.4649613715159291
18.48064 0.46501597007998685
18.48184 0.46504326936201573
18.48305 0.4650978679260735
18.48426 0.4651524664901313
18.48547 0.4652070650541891
18.48667 0.4652616636182468
18.48788 0.46531626218230454
18.48909 0.46537086074636236
18.49029 0.4654254593104201
18.4915 0.4654800578744779
18.49271 0.46550735715650676
18.49391 0.4655619557205645
18.49512 0.46561655428462223
18.49633 0.46567115284868005
18.49753 0.4657257514127378
18.49874 0.46575305069476675
18.49995 0.46580764925882445
18.50115 0.4658622478228822
18.50236 0.46591684638694
18.50357 0.4659714449509978
18.50477 0.4660260435150555
18.50598 0.46608064207911326
18.50719 0.4661352406431711
18.50839 0.46621713848925767
18.5096 0.4662717370533155
18.51081 0.4663536348994021
18.51202 0.4664082334634599
18.51322 0.46649013130954653
18.51443 0.4665720291556332
18.51564 0.46662662771969093
18.51684 0.4667358248478065
18.51805 0.46681772269389316
18.51926 0.46689962053997974
18.52046 0.4669815183860664
18.52167 0.46709071551418196
18.52288 0.4671726133602686
18.52408 0.4672818104883841
18.52529 0.46739100761649965
18.5265 0.46750020474461523
18.5277 0.4676094018727307
18.52891 0.4677185990008463
18.53012 0.46782779612896175
18.53132 0.4679369932570773
18.53253 0.4680461903851928
18.53374 0.4681553875133084
18.53494 0.4682918839234528
18.53615 0.46840108105156836
18.53736 0.46853757746171276
18.53857 0.46864677458982823
18.53977 0.4687832709999727
18.54098 0.4688924681280882
18.54219 0.46902896453823256
18.54339 0.4691654609483771
18.5446 0.46927465807649255
18.54581 0.46941115448663695
18.54701 0.46954765089678135
18.54822 0.4696841473069258
18.54943 0.4698206437170702
18.55063 0.4699571401272146
18.55184 0.470093636537359
18.55305 0.47023013294750343
18.55425 0.4703666293576479
18.55546 0.4705304250498212
18.55667 0.4706669214599656
18.55787 0.4708307171521389
18.55908 0.47099451284431215
18.56029 0.47115830853648544
18.5615 0.4713221042286587
18.5627 0.47148589992083206
18.56391 0.47164969561300535
18.56512 0.4718134913051787
18.56632 0.4719772869973519
18.56753 0.4721410826895252
18.56874 0.47230487838169855
18.56994 0.47246867407387183
18.57115 0.4726324697660451
18.57236 0.47279626545821846
18.57356 0.4729600611503917
18.57477 0.47312385684256497
18.57598 0.4732603532527094
18.57718 0.4734241489448827
18.57839 0.4735606453550272
18.5796 0.4736971417651716
18.5808 0.473833638175316
18.58201 0.47397013458546033
18.58322 0.47410663099560474
18.58442 0.4742158281237203
18.58563 0.4743523245338647
18.58684 0.4744615216619803
18.58805 0.47457071879009577
18.58925 0.4747072152002402
18.59046 0.47481641232835575
18.59167 0.4749256094564713
18.59287 0.4750621058666157
18.59408 0.4751713029947312
18.59529 0.4752805001228467
18.59649 0.47538969725096225
18.5977 0.47549889437907783
18.59891 0.47560809150719335
18.60011 0.47568998935327994
18.60132 0.4757991864813955
18.60253 0.47588108432748216
18.60373 0.4759629821735688
18.60494 0.47607217930168433
18.60615 0.47615407714777097
18.60735 0.4762086757118288
18.60856 0.4762905735579154
18.60977 0.4763451721219732
18.61097 0.47642706996805984
18.61218 0.4764816685321176
18.61339 0.4765362670961753
18.6146 0.47656356637820424
18.6158 0.47661816494226195
18.61701 0.4766454642242909
18.61822 0.4766727635063197
18.61942 0.4766727635063197
18.62063 0.47670006278834864
18.62184 0.47670006278834864
18.62304 0.47670006278834864
18.62425 0.4766727635063197
18.62546 0.4766727635063197
18.62666 0.4766454642242909
18.62787 0.47661816494226195
18.62908 0.4765908656602331
18.63028 0.47656356637820424
18.63149 0.4765089678141465
18.6327 0.4764816685321176
18.6339 0.47642706996805984
18.63511 0.4763997706860309
18.63632 0.4763451721219732
18.63752 0.4762905735579154
18.63873 0.4762359749938576
18.63994 0.47618137642979985
18.64115 0.47612677786574215
18.64235 0.47607217930168433
18.64356 0.47601758073762657
18.64477 0.4759629821735688
18.64597 0.47588108432748216
18.64718 0.4758264857634244
18.64839 0.4757718871993666
18.64959 0.4757172886353089
18.6508 0.47568998935327994
18.65201 0.47560809150719335
18.65321 0.47555349294313554
18.65442 0.47549889437907783
18.65563 0.47541699653299113
18.65683 0.4753623979689334
18.65804 0.4752805001228467
18.65925 0.4751986022767601
18.66045 0.47511670443067344
18.66166 0.4750348065845868
18.66287 0.47495290873850016
18.66407 0.47487101089241346
18.66528 0.4747891130463268
18.66649 0.4747072152002402
18.6677 0.4745980180721247
18.6689 0.474516120226038
18.67011 0.47443422237995136
18.67132 0.47437962381589366
18.67252 0.47429772596980696
18.67373 0.4742158281237203
18.67494 0.4741339302776337
18.67614 0.4740793317135759
18.67735 0.4740247331495181
18.67856 0.47394283530343145
18.67976 0.4738882367393737
18.68097 0.47386093745734487
18.68218 0.47380633889328705
18.68338 0.4737790396112582
18.68459 0.4737517403292293
18.6858 0.4737244410472004
18.687 0.4736971417651716
18.68821 0.47366984248314264
18.68942 0.47366984248314264
18.69062 0.47366984248314264
18.69183 0.47364254320111376
18.69304 0.47364254320111376
18.69425 0.47364254320111376
18.69545 0.47364254320111376
18.69666 0.47364254320111376
18.69787 0.47364254320111376
18.69907 0.47366984248314264
18.70028 0.47366984248314264
18.70149 0.4736971417651716
18.70269 0.4736971417651716
18.7039 0.4737244410472004
18.70511 0.4737517403292293
18.70631 0.4737790396112582
18.70752 0.47380633889328705
18.70873 0.473833638175316
18.70993 0.47386093745734487
18.71114 0.47391553602140263
18.71235 0.47394283530343145
18.71355 0.47399743386748927
18.71476 0.4740247331495181
18.71597 0.4740793317135759
18.71717 0.4741339302776337
18.71838 0.47416122955966256
18.71959 0.4742158281237203
18.7208 0.47429772596980696
18.722 0.4743523245338647
18.72321 0.47443422237995136
18.72442 0.474516120226038
18.72562 0.4745980180721247
18.72683 0.47467991591821135
18.72804 0.474761813764298
18.72924 0.47484371161038463
18.73045 0.47495290873850016
18.73166 0.4750348065845868
18.73286 0.4751440037127024
18.73407 0.475225901558789
18.73528 0.4753350986869045
18.73648 0.47544429581502007
18.73769 0.4755261936611067
18.7389 0.4756353907892222
18.7401 0.47574458791733776
18.74131 0.4758264857634244
18.74252 0.4759356828915399
18.74372 0.47601758073762657
18.74493 0.4760994785837132
18.74614 0.4762086757118288
18.74735 0.4762905735579154
18.74855 0.476372471404002
18.74976 0.47645436925008866
18.75097 0.4765362670961753
18.75217 0.4765908656602331
18.75338 0.4766727635063197
18.75459 0.4767273620703775
18.75579 0.47680925991646417
18.757 0.47686385848052193
18.75821 0.47694575632660857
18.75941 0.47700035489066633
18.76062 0.477082252736753
18.76183 0.47713685130081074
18.76303 0.4772187491468974
18.76424 0.4772733477109552
18.76545 0.47732794627501296
18.76665 0.4774098441210996
18.76786 0.47746444268515736
18.76907 0.47751904124921507
18.77028 0.4775736398132729
18.77148 0.47762823837733065
18.77269 0.4776828369413884
18.7739 0.4777374355054461
18.7751 0.477792034069504
18.77631 0.4778193333515328
18.77752 0.47787393191559063
18.77872 0.47790123119761946
18.77993 0.4779558297616773
18.78114 0.4779831290437061
18.78234 0.47801042832573504
18.78355 0.47803772760776386
18.78476 0.47806502688979274
18.78596 0.4780923261718217
18.78717 0.4780923261718217
18.78838 0.4781196254538505
18.78958 0.4781196254538505
18.79079 0.4781196254538505
18.792 0.4781196254538505
18.7932 0.4781196254538505
18.79441 0.4781196254538505
18.79562 0.4780923261718217
18.79683 0.4780923261718217
18.79803 0.47806502688979274
18.79924 0.47806502688979274
18.80045 0.47803772760776386
18.80165 0.47801042832573504
18.80286 0.4779831290437061
18.80407 0.4779831290437061
18.80527 0.4779558297616773
18.80648 0.47792853047964834
18.80769 0.47790123119761946
18.80889 0.47787393191559063
18.8101 0.4778466326335617
18.81131 0.4778193333515328
18.81251 0.4778193333515328
18.81372 0.477792034069504
18.81493 0.47776473478747505
18.81613 0.47776473478747505
18.81734 0.4777374355054461
18.81855 0.4777374355054461
18.81975 0.4777101362234173
18.82096 0.4777101362234173
18.82217 0.4777101362234173
18.82338 0.4776828369413884
18.82458 0.4776828369413884
18.82579 0.4776555376593595
18.827 0.4776555376593595
18.8282 0.47762823837733065
18.82941 0.47762823837733065
18.83062 0.47760093909530177
18.83182 0.47760093909530177
18.83303 0.4775736398132729
18.83424 0.477546340531244
18.83544 0.477546340531244
18.83665 0.477546340531244
18.83786 0.47751904124921507
18.83906 0.47751904124921507
18.84027 0.47751904124921507
18.84148 0.47749174196718625
18.84268 0.47749174196718625
18.84389 0.47751904124921507
18.8451 0.47751904124921507
18.8463 0.47751904124921507
18.84751 0.47751904124921507
18.84872 0.477546340531244
18.84993 0.4775736398132729
18.85113 0.47760093909530177
18.85234 0.47762823837733065
18.85355 0.4776555376593595
18.85475 0.4777101362234173
18.85596 0.4777374355054461
18.85717 0.477792034069504
18.85837 0.4778466326335617
18.85958 0.47787393191559063
18.86079 0.47792853047964834
18.86199 0.47801042832573504
18.8632 0.47806502688979274
18.86441 0.4781196254538505
18.86561 0.4781742240179083
18.86682 0.47825612186399497
18.86803 0.47833801971008155
18.86923 0.47839261827413937
18.87044 0.478474516120226
18.87165 0.4785564139663127
18.87285 0.47863831181239935
18.87406 0.47872020965848594
18.87527 0.47882940678660146
18.87648 0.47891130463268816
18.87768 0.4789932024787748
18.87889 0.4791023996068903
18.8801 0.47921159673500585
18.8813 0.4792934945810925
18.88251 0.47940269170920796
18.88372 0.47951188883732354
18.88492 0.4796210859654391
18.88613 0.4797302830935546
18.88734 0.479866779503699
18.88854 0.47997597663181457
18.88975 0.480112473041959
18.89096 0.4802216701700745
18.89216 0.4803581665802189
18.89337 0.4804946629903633
18.89458 0.4806311594005077
18.89578 0.48079495509268105
18.89699 0.4809314515028254
18.8982 0.48109524719499874
18.8994 0.48123174360514315
18.90061 0.48139553929731643
18.90182 0.4815593349894898
18.90303 0.48172313068166306
18.90423 0.48188692637383634
18.90544 0.4820507220660096
18.90665 0.4822145177581829
18.90785 0.48240561273238514
18.90906 0.4825694084245584
18.91027 0.48273320411673165
18.91147 0.482896999808905
18.91268 0.4830880947831072
18.91389 0.4832518904752805
18.91509 0.48341568616745373
18.9163 0.48360678114165595
18.91751 0.48377057683382924
18.91871 0.4839343725260026
18.91992 0.4841254675002047
18.92113 0.48428926319237803
18.92233 0.4844530588845513
18.92354 0.48461685457672465
18.92475 0.4847806502688979
18.92595 0.48494444596107117
18.92716 0.4851355409352734
18.92837 0.4852993366274467
18.92958 0.4854631323196199
18.93078 0.4856542272938221
18.93199 0.48581802298599547
18.9332 0.4860091179601976
18.9344 0.4861729136523709
18.93561 0.48636400862657314
18.93682 0.48655510360077525
18.93802 0.4867188992929486
18.93923 0.4869099942671507
18.94044 0.48707378995932404
18.94164 0.48726488493352627
18.94285 0.4874286806256995
18.94406 0.4876197755999017
18.94526 0.487783571292075
18.94647 0.4879473669842483
18.94768 0.48813846195845045
18.94888 0.48830225765062374
18.95009 0.4884660533427971
18.9513 0.48862984903497036
18.9525 0.4887936447271436
18.95371 0.48895744041931694
18.95492 0.4891212361114902
18.95613 0.4892850318036635
18.95733 0.4894215282138079
18.95854 0.48958532390598125
18.95975 0.48972182031612566
18.96095 0.48985831672627006
18.96216 0.4899948131364145
18.96337 0.4901313095465589
18.96457 0.49026780595670333
18.96578 0.4904043023668477
18.96699 0.4905407987769921
18.96819 0.4906772951871366
18.9694 0.49078649231525207
18.97061 0.49092298872539647
18.97181 0.49105948513554093
18.97302 0.4911686822636564
18.97423 0.4913051786738008
18.97543 0.4914143758019164
18.97664 0.4915508722120608
18.97785 0.49166006934017636
18.97906 0.49176926646829183
18.98026 0.49190576287843624
18.98147 0.4920422592885807
18.98268 0.4921514564166962
18.98388 0.49228795282684057
18.98509 0.49239714995495615
18.9863 0.49253364636510055
18.9875 0.49267014277524496
18.98871 0.49277933990336054
18.98992 0.49291583631350494
18.99112 0.4930523327236493
18.99233 0.4931888291337937
18.99354 0.4933253255439382
18.99474 0.49346182195408256
18.99595 0.49359831836422696
18.99716 0.49373481477437137
18.99836 0.49387131118451577
18.99957 0.49400780759466023
19.00078 0.49414430400480464
19.00198 0.49425350113292016
19.00319 0.4943899975430646
19.0044 0.494526493953209
19.00561 0.4946629903633534
19.00681 0.49479948677349783
19.00802 0.4949359831836422
19.00923 0.4950724795937867
19.01043 0.4952089760039311
19.01164 0.49534547241407545
19.01285 0.49548196882421985
19.01405 0.4956457645163932
19.01526 0.4957822609265376
19.01647 0.4959460566187109
19.01767 0.4960825530288553
19.01888 0.4962463487210286
19.02009 0.4964101444132019
19.02129 0.496601239387404
19.0225 0.49676503507957737
19.02371 0.49692883077175065
19.02491 0.4971199257459529
19.02612 0.49731102072015504
19.02733 0.49750211569435726
19.02853 0.49769321066855937
19.02974 0.4979116049247904
19.03095 0.49812999918102147
19.03216 0.4983210941552237
19.03336 0.49853948841145473
19.03457 0.4987851819497147
19.03578 0.49900357620594576
19.03698 0.4992219704621768
19.03819 0.4994676640004368
19.0394 0.49971335753869667
19.0406 0.49995905107695665
19.04181 0.5001774453331876
19.04302 0.5004231388714476
19.04422 0.5006961316917364
19.04543 0.5009418252299964
19.04664 0.5011875187682564
19.04784 0.5014332123065164
19.04905 0.5017062051268051
19.05026 0.5019518986650651
19.05146 0.5022248914853539
19.05267 0.5024705850236139
19.05388 0.5027435778439027
19.05508 0.5030165706641915
19.05629 0.5032622642024515
19.0575 0.5035352570227403
19.05871 0.5038082498430291
19.05991 0.5040539433812891
19.06112 0.5043269362015779
19.06233 0.5045999290218667
19.06353 0.5048729218421555
19.06474 0.5051186153804155
19.06595 0.5053916082007043
19.06715 0.5056646010209931
19.06836 0.5059648931233108
19.06957 0.5062378859435996
19.07077 0.5065108787638885
19.07198 0.5068111708662062
19.07319 0.507084163686495
19.07439 0.5073571565067838
19.0756 0.5076574486091016
19.07681 0.5079577407114193
19.07801 0.5082307335317081
19.07922 0.5085310256340257
19.08043 0.5088313177363435
19.08163 0.5091043105566323
19.08284 0.50940460265895
19.08405 0.5097048947612677
19.08526 0.5099778875815566
19.08646 0.5102781796838742
19.08767 0.510551172504163
19.08888 0.5108514646064808
19.09008 0.5111244574267697
19.09129 0.5114247495290873
19.0925 0.5116977423493762
19.0937 0.5119980344516939
19.09491 0.5122710272719827
19.09612 0.5125440200922715
19.09732 0.5128170129125603
19.09853 0.5130900057328492
19.09974 0.513362998553138
19.10094 0.5136359913734269
19.10215 0.5139089841937157
19.10336 0.5141819770140045
19.10456 0.5144549698342934
19.10577 0.5147006633725533
19.10698 0.5149736561928421
19.10818 0.5152466490131309
19.10939 0.5155196418334198
19.1106 0.5157653353716797
19.11181 0.5160383281919685
19.11301 0.5163113210122573
19.11422 0.5165570145505173
19.11543 0.5168300073708061
19.11663 0.517103000191095
19.11784 0.5173486937293549
19.11905 0.5176216865496437
19.12025 0.5178673800879037
19.12146 0.5181403729081925
19.12267 0.5184133657284813
19.12387 0.5186590592667413
19.12508 0.5189320520870301
19.12629 0.5192050449073189
19.12749 0.5194507384455789
19.1287 0.5197237312658677
19.12991 0.5199967240861565
19.13111 0.5202424176244164
19.13232 0.5205154104447053
19.13353 0.5207884032649941
19.13473 0.5210613960852829
19.13594 0.5213343889055717
19.13715 0.5216073817258605
19.13836 0.5218803745461494
19.13956 0.5221533673664382
19.14077 0.5224263601867271
19.14198 0.5226993530070159
19.14318 0.5229723458273047
19.14439 0.5232726379296224
19.1456 0.5235456307499112
19.1468 0.5238186235702
19.14801 0.524091616390489
19.14922 0.5243646092107778
19.15042 0.5246376020310666
19.15163 0.5249105948513554
19.15284 0.5251835876716442
19.15404 0.5254565804919331
19.15525 0.5257295733122218
19.15646 0.5260025661325106
19.15766 0.5262755589527995
19.15887 0.5265485517730883
19.16008 0.5267942453113483
19.16128 0.527067238131637
19.16249 0.527312931669897
19.1637 0.527558625208157
19.16491 0.527804318746417
19.16611 0.5280500122846769
19.16732 0.5282957058229368
19.16853 0.5285413993611968
19.16973 0.5287870928994567
19.17094 0.5290327864377167
19.17215 0.5292511806939477
19.17335 0.5294968742322076
19.17456 0.5297425677704676
19.17577 0.5299609620266986
19.17697 0.5302066555649586
19.17818 0.5304250498211897
19.17939 0.5306434440774207
19.18059 0.5308891376156807
19.1818 0.5311075318719117
19.18301 0.5313259261281428
19.18421 0.5315443203843738
19.18542 0.5317627146406049
19.18663 0.5319811088968359
19.18784 0.5321722038710381
19.18904 0.5323905981272692
19.19025 0.5326089923835002
19.19146 0.5328000873577025
19.19266 0.5329911823319047
19.19387 0.5332095765881357
19.19508 0.533400671562338
19.19628 0.5335644672545112
19.19749 0.5337555622287133
19.1987 0.5339466572029156
19.1999 0.5341104528950888
19.20111 0.534301547869291
19.20232 0.5344653435614644
19.20352 0.5346291392536375
19.20473 0.5347929349458108
19.20594 0.5349294313559554
19.20714 0.5350659277660997
19.20835 0.5352024241762441
19.20956 0.5353389205863885
19.21076 0.5354754169965329
19.21197 0.5355846141246485
19.21318 0.5357211105347929
19.21439 0.5358303076629085
19.21559 0.5359395047910239
19.2168 0.5360487019191396
19.21801 0.536157899047255
19.21921 0.5362670961753706
19.22042 0.5363489940214572
19.22163 0.5364581911495727
19.22283 0.5365400889956593
19.22404 0.5366492861237749
19.22525 0.5367584832518905
19.22645 0.536840381097977
19.22766 0.5369495782260927
19.22887 0.5370314760721793
19.23007 0.5371406732002948
19.23128 0.5372498703284103
19.23249 0.5373590674565258
19.23369 0.5374682645846414
19.2349 0.537577461712757
19.23611 0.5376866588408724
19.23731 0.537795855968988
19.23852 0.5379050530971035
19.23973 0.5380415495072479
19.24094 0.5381507466353634
19.24214 0.5382872430455079
19.24335 0.5383964401736234
19.24456 0.5385329365837678
19.24576 0.5386694329939122
19.24697 0.5387786301220278
19.24818 0.5389151265321722
19.24938 0.5390243236602876
19.25059 0.5391608200704321
19.2518 0.5392973164805765
19.253 0.5394065136086921
19.25421 0.5395430100188365
19.25542 0.5396795064289809
19.25662 0.5398160028391253
19.25783 0.5399251999672409
19.25904 0.5400616963773852
19.26024 0.5401981927875297
19.26145 0.540334689197674
19.26266 0.5404711856078185
19.26386 0.5406076820179629
19.26507 0.5407441784281073
19.26628 0.5408806748382518
19.26749 0.5410171712483961
19.26869 0.5411536676585406
19.2699 0.541290164068685
19.27111 0.5414539597608582
19.27231 0.5415904561710027
19.27352 0.5417269525811471
19.27473 0.5418907482733204
19.27593 0.5420272446834647
19.27714 0.5421910403756381
19.27835 0.5423548360678114
19.27955 0.5425186317599846
19.28076 0.542682427452158
19.28197 0.5428462231443313
19.28317 0.5430100188365046
19.28438 0.5432011138107067
19.28559 0.5433649095028801
19.28679 0.5435287051950534
19.288 0.5437198001692556
19.28921 0.5438835958614288
19.29041 0.544074690835631
19.29162 0.5442384865278043
19.29283 0.5444295815020065
19.29404 0.5445933771941798
19.29524 0.5447844721683819
19.29645 0.5449482678605552
19.29766 0.5451120635527286
19.29886 0.5452758592449019
19.30007 0.5454396549370751
19.30128 0.5456034506292484
19.30248 0.5457672463214217
19.30369 0.545931042013595
19.3049 0.5460675384237395
19.3061 0.5462040348338838
19.30731 0.5463678305260572
19.30852 0.5464770276541726
19.30972 0.5466135240643171
19.31093 0.5467227211924326
19.31214 0.546859217602577
19.31334 0.5469684147306926
19.31455 0.5470776118588081
19.31576 0.5471868089869236
19.31696 0.5472960061150391
19.31817 0.5473779039611257
19.31938 0.5474871010892414
19.32059 0.547568998935328
19.32179 0.5476508967814147
19.323 0.5477600939095302
19.32421 0.5478419917556168
19.32541 0.5479238896017035
19.32662 0.54800578744779
19.32783 0.5480876852938767
19.32903 0.5481422838579345
19.33024 0.5482241817040211
19.33145 0.5483060795501078
19.33265 0.5483606781141656
19.33386 0.5484152766782233
19.33507 0.5484971745243099
19.33627 0.5485517730883678
19.33748 0.5486063716524255
19.33869 0.5486609702164833
19.33989 0.5487155687805411
19.3411 0.5487701673445988
19.34231 0.5488247659086566
19.34351 0.5488793644727143
19.34472 0.5489339630367721
19.34593 0.5489612623188009
19.34714 0.5490158608828588
19.34834 0.5490431601648876
19.34955 0.5490977587289454
19.35076 0.5491250580109742
19.35196 0.5491523572930032
19.35317 0.549179656575032
19.35438 0.549179656575032
19.35558 0.5492069558570609
19.35679 0.5492342551390899
19.358 0.5492342551390899
19.3592 0.5492342551390899
19.36041 0.5492615544211187
19.36162 0.5492615544211187
19.36282 0.5492615544211187
19.36403 0.5492615544211187
19.36524 0.5492615544211187
19.36644 0.5492615544211187
19.36765 0.5492615544211187
19.36886 0.5492615544211187
19.37006 0.5492888537031476
19.37127 0.5492888537031476
19.37248 0.5492888537031476
19.37369 0.5492888537031476
19.37489 0.5492888537031476
19.3761 0.5492888537031476
19.37731 0.5492888537031476
19.37851 0.5493161529851764
19.37972 0.5493161529851764
19.38093 0.5493434522672053
19.38213 0.5493434522672053
19.38334 0.5493707515492342
19.38455 0.5493980508312631
19.38575 0.549425350113292
19.38696 0.5494526493953209
19.38817 0.5494526493953209
19.38937 0.5494799486773497
19.39058 0.5495072479593787
19.39179 0.5495345472414075
19.39299 0.5495618465234363
19.3942 0.5495891458054653
19.39541 0.5496164450874942
19.39662 0.549643744369523
19.39782 0.549671043651552
19.39903 0.5496983429335809
19.40024 0.5497256422156097
19.40144 0.5497529414976385
19.40265 0.5497802407796675
19.40386 0.5498075400616963
19.40506 0.5498348393437252
19.40627 0.5498621386257541
19.40748 0.549889437907783
19.40868 0.5499167371898119
19.40989 0.5499713357538696
19.4111 0.5499986350358985
19.4123 0.5500259343179273
19.41351 0.5500532335999563
19.41472 0.5500805328819852
19.41592 0.550107832164014
19.41713 0.550135131446043
19.41834 0.5501624307280718
19.41954 0.5501897300101007
19.42075 0.5502170292921296
19.42196 0.5502443285741584
19.42317 0.5502989271382163
19.42437 0.5503262264202451
19.42558 0.550353525702274
19.42679 0.5503808249843029
19.42799 0.5504354235483606
19.4292 0.5504627228303896
19.43041 0.5504900221124184
19.43161 0.5505446206764761
19.43282 0.5505719199585051
19.43403 0.5506265185225628
19.43523 0.5506538178045917
19.43644 0.5506811170866206
19.43765 0.5507357156506784
19.43885 0.5507630149327073
19.44006 0.5507903142147361
19.44127 0.5508176134967651
19.44247 0.5508722120608227
19.44368 0.5508995113428516
19.44489 0.5509268106248805
19.44609 0.5509541099069094
19.4473 0.5509814091889383
19.44851 0.5510087084709672
19.44972 0.5510360077529961
19.45092 0.5510633070350249
19.45213 0.5510633070350249
19.45334 0.5510906063170538
19.45454 0.5511179055990827
19.45575 0.5511179055990827
19.45696 0.5511452048811115
19.45816 0.5511452048811115
19.45937 0.5511452048811115
19.46058 0.5511725041631405
19.46178 0.5511725041631405
19.46299 0.5511725041631405
19.4642 0.5511998034451694
19.4654 0.5511998034451694
19.46661 0.5511998034451694
19.46782 0.5511998034451694
19.46902 0.5511998034451694
19.47023 0.5511998034451694
19.47144 0.5511998034451694
19.47264 0.5511998034451694
19.47385 0.5511998034451694
19.47506 0.5511998034451694
19.47627 0.5511998034451694
19.47747 0.5511998034451694
19.47868 0.5511725041631405
19.47989 0.5511725041631405
19.48109 0.5511725041631405
19.4823 0.5511452048811115
19.48351 0.5511452048811115
19.48471 0.5511179055990827
19.48592 0.5510906063170538
19.48713 0.5510906063170538
19.48833 0.5510633070350249
19.48954 0.5510360077529961
19.49075 0.5510087084709672
19.49195 0.5509814091889383
19.49316 0.5509541099069094
19.49437 0.5509268106248805
19.49557 0.5508995113428516
19.49678 0.5508449127787939
19.49799 0.5508176134967651
19.49919 0.5507630149327073
19.5004 0.5507084163686494
19.50161 0.5506811170866206
19.50282 0.5506265185225628
19.50402 0.5505719199585051
19.50523 0.5505173213944473
19.50644 0.5504627228303896
19.50764 0.5504081242663318
19.50885 0.550353525702274
19.51006 0.5502716278561873
19.51126 0.5502170292921296
19.51247 0.5501624307280718
19.51368 0.550107832164014
19.51488 0.5500532335999563
19.51609 0.5499986350358985
19.5173 0.5499167371898119
19.5185 0.5498621386257541
19.51971 0.5498075400616963
19.52092 0.5497529414976385
19.52212 0.5496983429335809
19.52333 0.549643744369523
19.52454 0.5495891458054653
19.52574 0.5495345472414075
19.52695 0.5495072479593787
19.52816 0.5494526493953209
19.52937 0.5493980508312631
19.53057 0.5493707515492342
19.53178 0.5493161529851764
19.53299 0.5492615544211187
19.53419 0.5492069558570609
19.5354 0.5491523572930032
19.53661 0.5490977587289454
19.53781 0.5490431601648876
19.53902 0.5490158608828588
19.54023 0.5489612623188009
19.54143 0.5489066637547432
19.54264 0.5488520651906854
19.54385 0.5487974666266277
19.54505 0.5487428680625699
19.54626 0.5486882694985121
19.54747 0.5486609702164833
19.54867 0.5486063716524255
19.54988 0.5485517730883678
19.55109 0.5485244738063388
19.55229 0.5484971745243099
19.5535 0.5484425759602521
19.55471 0.5484152766782233
19.55592 0.5483879773961945
19.55712 0.5483606781141656
19.55833 0.5483333788321367
19.55954 0.5483333788321367
19.56074 0.5483060795501078
19.56195 0.5483060795501078
19.56316 0.5482787802680789
19.56436 0.5482787802680789
19.56557 0.5483060795501078
19.56678 0.5483060795501078
19.56798 0.5483060795501078
19.56919 0.5483333788321367
19.5704 0.5483606781141656
19.5716 0.5483879773961945
19.57281 0.5484152766782233
19.57402 0.5484425759602521
19.57522 0.5484971745243099
19.57643 0.5485244738063388
19.57764 0.5485790723703966
19.57884 0.5486336709344544
19.58005 0.5486609702164833
19.58126 0.5487155687805411
19.58247 0.5487701673445988
19.58367 0.5488247659086566
19.58488 0.5488793644727143
19.58609 0.5489612623188009
19.58729 0.5490158608828588
19.5885 0.5490704594469166
19.58971 0.5491523572930032
19.59091 0.5492069558570609
19.59212 0.5492615544211187
19.59333 0.5493434522672053
19.59453 0.5493980508312631
19.59574 0.5494526493953209
19.59695 0.5495345472414075
19.59815 0.5495891458054653
19.59936 0.549643744369523
19.60057 0.5497256422156097
19.60177 0.5497802407796675
19.60298 0.5498348393437252
19.60419 0.5499167371898119
19.6054 0.5499713357538696
19.6066 0.5500532335999563
19.60781 0.550135131446043
19.60902 0.5501897300101007
19.61022 0.5502716278561873
19.61143 0.5503808249843029
19.61264 0.5504627228303896
19.61384 0.5505446206764761
19.61505 0.5506265185225628
19.61626 0.5507084163686494
19.61746 0.5508176134967651
19.61867 0.5508995113428516
19.61988 0.5509814091889383
19.62108 0.5510633070350249
19.62229 0.5511725041631405
19.6235 0.5512544020092272
19.6247 0.5513362998553137
19.62591 0.5514181977014004
19.62712 0.5514727962654582
19.62832 0.5515546941115448
19.62953 0.5516092926756025
19.63074 0.5516911905216892
19.63195 0.551745789085747
19.63315 0.5518003876498048
19.63436 0.5518549862138625
19.63557 0.5518822854958915
19.63677 0.5519368840599492
19.63798 0.551964183341978
19.63919 0.5519914826240069
19.64039 0.5519914826240069
19.6416 0.5520187819060358
19.64281 0.5520187819060358
19.64401 0.5520187819060358
19.64522 0.5520187819060358
19.64643 0.5520187819060358
19.64763 0.5519914826240069
19.64884 0.5519914826240069
19.65005 0.551964183341978
19.65125 0.551964183341978
19.65246 0.5519368840599492
19.65367 0.5519095847779203
19.65487 0.5518822854958915
19.65608 0.5518276869318336
19.65729 0.5518003876498048
19.6585 0.551745789085747
19.6597 0.5517184898037182
19.66091 0.5516638912396604
19.66212 0.5516092926756025
19.66332 0.5515819933935737
19.66453 0.551527394829516
19.66574 0.5514727962654582
19.66694 0.5513908984193715
19.66815 0.5513362998553137
19.66936 0.551281701291256
19.67056 0.5512271027271982
19.67177 0.5511452048811115
19.67298 0.5510906063170538
19.67418 0.5510087084709672
19.67539 0.5509268106248805
19.6766 0.5508722120608227
19.6778 0.5507903142147361
19.67901 0.5507084163686494
19.68022 0.5506265185225628
19.68142 0.5505173213944473
19.68263 0.5504081242663318
19.68384 0.5502989271382163
19.68505 0.5501897300101007
19.68625 0.5500805328819852
19.68746 0.5499440364718408
19.68867 0.5498348393437252
19.68987 0.5496983429335809
19.69108 0.5495618465234363
19.69229 0.5494526493953209
19.69349 0.5493161529851764
19.6947 0.549179656575032
19.69591 0.5490431601648876
19.69711 0.5489066637547432
19.69832 0.5487974666266277
19.69953 0.5486609702164833
19.70073 0.5485244738063388
19.70194 0.5484152766782233
19.70315 0.5482787802680789
19.70435 0.5481695831399634
19.70556 0.5480603860118478
19.70677 0.5479511888837324
19.70797 0.5478419917556168
19.70918 0.5477600939095302
19.71039 0.5476508967814147
19.7116 0.547568998935328
19.7128 0.5475144003712702
19.71401 0.5474325025251836
19.71522 0.5473779039611257
19.71642 0.547323305397068
19.71763 0.5472414075509814
19.71884 0.5471868089869236
19.72004 0.5471322104228659
19.72125 0.5471049111408369
19.72246 0.5470503125767793
19.72366 0.5469957140127214
19.72487 0.5469411154486636
19.72608 0.5469138161666347
19.72728 0.5468865168846059
19.72849 0.5468319183205481
19.7297 0.5468046190385193
19.7309 0.5467773197564904
19.73211 0.5467500204744615
19.73332 0.5467500204744615
19.73452 0.5467227211924326
19.73573 0.5466954219104037
19.73694 0.5466954219104037
19.73815 0.5466954219104037
19.73935 0.5466954219104037
19.74056 0.5466954219104037
19.74177 0.5466954219104037
19.74297 0.5467227211924326
19.74418 0.5467227211924326
19.74539 0.5467500204744615
19.74659 0.5467773197564904
19.7478 0.5468046190385193
19.74901 0.5468319183205481
19.75021 0.5468865168846059
19.75142 0.5469138161666347
19.75263 0.5469684147306926
19.75383 0.5470230132947503
19.75504 0.5471049111408369
19.75625 0.5471868089869236
19.75745 0.5472687068330103
19.75866 0.5473506046790969
19.75987 0.5474325025251836
19.76107 0.5475416996532991
19.76228 0.5476508967814147
19.76349 0.5477600939095302
19.7647 0.5478692910376457
19.7659 0.54800578744779
19.76711 0.5481149845759056
19.76832 0.54825148098605
19.76952 0.5483606781141656
19.77073 0.5484971745243099
19.77194 0.5486336709344544
19.77314 0.5487701673445988
19.77435 0.5489066637547432
19.77556 0.5490431601648876
19.77676 0.549179656575032
19.77797 0.5493161529851764
19.77918 0.5494526493953209
19.78038 0.5495891458054653
19.78159 0.5496983429335809
19.7828 0.5498348393437252
19.784 0.5499713357538696
19.78521 0.5500805328819852
19.78642 0.5502170292921296
19.78762 0.5503262264202451
19.78883 0.5504354235483606
19.79004 0.5505446206764761
19.79125 0.5506538178045917
19.79245 0.5507630149327073
19.79366 0.5508722120608227
19.79487 0.5509814091889383
19.79607 0.5510906063170538
19.79728 0.5511998034451694
19.79849 0.5513362998553137
19.79969 0.5514454969834294
19.8009 0.5515546941115448
19.80211 0.5516638912396604
19.80331 0.5517730883677758
19.80452 0.5518822854958915
19.80573 0.5519914826240069
19.80693 0.5521006797521225
19.80814 0.5522098768802379
19.80935 0.5523190740083536
19.81055 0.5524282711364691
19.81176 0.5525374682645846
19.81297 0.5526466653927001
19.81417 0.5527285632387868
19.81538 0.5528377603669024
19.81659 0.5529196582129889
19.8178 0.5530288553411046
19.819 0.5531107531871912
19.82021 0.5531926510332777
19.82142 0.5532745488793644
19.82262 0.553356446725451
19.82383 0.5534110452895089
19.82504 0.5534929431355955
19.82624 0.5535475416996533
19.82745 0.553602140263711
19.82866 0.5536567388277688
19.82986 0.5537113373918265
19.83107 0.5537659359558843
19.83228 0.5537932352379132
19.83348 0.553847833801971
19.83469 0.5538751330839998
19.8359 0.5539024323660288
19.8371 0.5539297316480576
19.83831 0.5539570309300865
19.83952 0.5539570309300865
19.84073 0.5539843302121154
19.84193 0.5539843302121154
19.84314 0.5540116294941443
19.84435 0.5540116294941443
19.84555 0.5540389287761731
19.84676 0.5540389287761731
19.84797 0.5540389287761731
19.84917 0.5540389287761731
19.85038 0.5540389287761731
19.85159 0.5540389287761731
19.85279 0.5540389287761731
19.854 0.5540389287761731
19.85521 0.5540389287761731
19.85641 0.5540389287761731
19.85762 0.5540389287761731
19.85883 0.5540389287761731
19.86003 0.5540389287761731
19.86124 0.5540389287761731
19.86245 0.5540389287761731
19.86365 0.5540389287761731
19.86486 0.554066228058202
19.86607 0.554066228058202
19.86728 0.554066228058202
19.86848 0.554066228058202
19.86969 0.554066228058202
19.8709 0.554066228058202
19.8721 0.554066228058202
19.87331 0.554066228058202
19.87452 0.5540389287761731
19.87572 0.5540389287761731
19.87693 0.5540389287761731
19.87814 0.5540389287761731
19.87934 0.5540116294941443
19.88055 0.5540116294941443
19.88176 0.5539843302121154
19.88296 0.5539843302121154
19.88417 0.5539843302121154
19.88538 0.5539570309300865
19.88658 0.5539570309300865
19.88779 0.5539570309300865
19.889 0.5539297316480576
19.8902 0.5539297316480576
19.89141 0.5539297316480576
19.89262 0.5539297316480576
19.89383 0.5539297316480576
19.89503 0.5539297316480576
19.89624 0.5539297316480576
19.89745 0.5539297316480576
19.89865 0.5539297316480576
19.89986 0.5539297316480576
19.90107 0.5539570309300865
19.90227 0.5539570309300865
19.90348 0.5539843302121154
19.90469 0.5540116294941443
19.90589 0.5540116294941443
19.9071 0.5540389287761731
19.90831 0.554066228058202
19.90951 0.554093527340231
19.91072 0.5541208266222598
19.91193 0.5541481259042886
19.91313 0.5542027244683464
19.91434 0.5542300237503753
19.91555 0.5542573230324042
19.91675 0.554311921596462
19.91796 0.5543392208784909
19.91917 0.5543665201605198
19.92038 0.5544211187245774
19.92158 0.5544484180066064
19.92279 0.5545030165706641
19.924 0.5545576151347219
19.9252 0.5545849144167508
19.92641 0.5546395129808085
19.92762 0.5546668122628374
19.92882 0.5547214108268952
19.93003 0.5547487101089241
19.93124 0.5548033086729819
19.93244 0.5548579072370395
19.93365 0.5548852065190685
19.93486 0.5549398050831262
19.93606 0.5549671043651552
19.93727 0.5550217029292129
19.93848 0.5550490022112418
19.93968 0.5551036007752995
19.94089 0.5551309000573285
19.9421 0.5551581993393574
19.9433 0.5552127979034152
19.94451 0.555240097185444
19.94572 0.5552946957495017
19.94693 0.5553219950315306
19.94813 0.5553765935955884
19.94934 0.5554311921596462
19.95055 0.555485790723704
19.95175 0.5555130900057328
19.95296 0.5555676885697906
19.95417 0.5556222871338483
19.95537 0.5556768856979062
19.95658 0.5557314842619638
19.95779 0.5557587835439928
19.95899 0.5558133821080505
19.9602 0.5558679806721083
19.96141 0.5559225792361661
19.96261 0.5559498785181949
19.96382 0.5560044770822526
19.96503 0.5560317763642816
19.96623 0.5560863749283393
19.96744 0.5561136742103683
19.96865 0.5561409734923971
19.96985 0.5561682727744259
19.97106 0.5561955720564549
19.97227 0.5562228713384837
19.97348 0.5562501706205126
19.97468 0.5562501706205126
19.97589 0.5562501706205126
19.9771 0.5562774699025416
19.9783 0.5562774699025416
19.97951 0.5562501706205126
19.98072 0.5562501706205126
19.98192 0.5562228713384837
19.98313 0.5562228713384837
19.98434 0.5561955720564549
19.98554 0.5561682727744259
19.98675 0.5561409734923971
19.98796 0.5561136742103683
19.98916 0.5560863749283393
19.99037 0.5560590756463105
19.99158 0.5560044770822526
19.99278 0.5559771778002238
19.99399 0.5559225792361661
19.9952 0.5558679806721083
19.9964 0.5558406813900795
19.99761 0.5557860828260216
19.99882 0.5557314842619638
20.00003 0.5556768856979062
20.00123 0.5555949878518195
20.00244 0.5555403892877616
20.00365 0.555458491441675
20.00485 0.5554038928776173
20.00606 0.5553219950315306
20.00727 0.555240097185444
20.00847 0.5551581993393574
20.00968 0.5550763014932707
20.01089 0.5549944036471841
20.01209 0.5549125058010974
20.0133 0.5548033086729819
20.01451 0.5547214108268952
20.01571 0.5546122136987797
20.01692 0.5545030165706641
20.01813 0.5544211187245774
20.01933 0.5542846223144331
20.02054 0.5541754251863176
20.02175 0.554066228058202
20.02295 0.5539297316480576
20.02416 0.5537932352379132
20.02537 0.5536567388277688
20.02658 0.5535202424176243
20.02778 0.55338374600748
20.02899 0.5532472495973356
20.0302 0.5530834539051622
20.0314 0.5529469574950179
20.03261 0.5527831618028446
20.03382 0.5526193661106712
20.03502 0.5524555704184979
20.03623 0.5522917747263246
20.03744 0.5521279790341515
20.03864 0.551964183341978
20.03985 0.5517730883677758
20.04106 0.5516092926756025
20.04226 0.5514454969834294
20.04347 0.5512544020092272
20.04468 0.5510906063170538
20.04588 0.5508995113428516
20.04709 0.5507357156506784
20.0483 0.5505446206764761
20.04951 0.5503808249843029
20.05071 0.5501897300101007
20.05192 0.5499986350358985
20.05313 0.5498348393437252
20.05433 0.549643744369523
20.05554 0.5494799486773497
20.05675 0.5492888537031476
20.05795 0.5491250580109742
20.05916 0.5489612623188009
20.06037 0.5487701673445988
20.06157 0.5485790723703966
20.06278 0.5484152766782233
20.06399 0.5482241817040211
20.06519 0.548033086729819
20.0664 0.5478419917556168
20.06761 0.5476508967814147
20.06881 0.5474598018072124
20.07002 0.5472687068330103
20.07123 0.5470776118588081
20.07243 0.5468865168846059
20.07364 0.5466954219104037
20.07485 0.5465043269362015
20.07606 0.5463132319619993
20.07726 0.5461221369877972
20.07847 0.545931042013595
20.07968 0.5457126477573639
20.08088 0.5455215527831618
20.08209 0.5453304578089596
20.0833 0.5451393628347574
20.0845 0.5449482678605552
20.08571 0.5447571728863531
20.08692 0.5445660779121508
20.08812 0.5443749829379487
20.08933 0.5441838879637465
20.09054 0.5439927929895444
20.09174 0.5438016980153422
20.09295 0.54361060304114
20.09416 0.5434468073489667
20.09536 0.5432557123747646
20.09657 0.5430646174005623
20.09778 0.542900821708389
20.09898 0.5427097267341868
20.10019 0.5425459310420135
20.1014 0.5423548360678114
20.10261 0.5421910403756381
20.10381 0.5419999454014359
20.10502 0.5418361497092626
20.10623 0.5416450547350604
20.10743 0.5414812590428871
20.10864 0.541290164068685
20.10985 0.5411263683765117
20.11105 0.5409625726843383
20.11226 0.5407714777101361
20.11347 0.5406076820179629
20.11467 0.5404438863257897
20.11588 0.5402800906336163
20.11709 0.540088995659414
20.11829 0.5399251999672409
20.1195 0.5397614042750676
20.12071 0.5395976085828943
20.12191 0.5394065136086921
20.12312 0.5392427179165188
20.12433 0.5390789222243455
20.12553 0.5389151265321722
20.12674 0.5387513308399988
20.12795 0.5385875351478255
20.12916 0.5384237394556523
20.13036 0.5382326444814501
20.13157 0.5380688487892767
20.13278 0.5379050530971035
20.13398 0.5377412574049302
20.13519 0.537577461712757
20.1364 0.5374136660205836
20.1376 0.5372498703284103
20.13881 0.537086074636237
20.14002 0.5369495782260927
20.14122 0.5367857825339193
20.14243 0.536621986841746
20.14364 0.5364581911495727
20.14484 0.5363216947394283
20.14605 0.536157899047255
20.14726 0.5359941033550817
20.14846 0.5358576069449373
20.14967 0.5356938112527639
20.15088 0.5355300155605908
20.15208 0.5353935191504463
20.15329 0.535229723458273
20.1545 0.5350659277660997
20.15571 0.5349294313559554
20.15691 0.534765635663782
20.15812 0.5346291392536375
20.15933 0.5344653435614644
20.16053 0.534301547869291
20.16174 0.5341650514591466
20.16295 0.5340012557669733
20.16415 0.5338374600748
20.16536 0.5337009636646556
20.16657 0.5335371679724823
20.16777 0.533373372280309
20.16898 0.5332095765881357
20.17019 0.5330457808959623
20.17139 0.5328819852037892
20.1726 0.5327181895116159
20.17381 0.5325543938194425
20.17501 0.5323905981272692
20.17622 0.5322268024350959
20.17743 0.5320630067429226
20.17863 0.5318992110507493
20.17984 0.531735415358576
20.18105 0.5315716196664028
20.18226 0.5314078239742295
20.18346 0.5312440282820561
20.18467 0.5311075318719117
20.18588 0.5309437361797384
20.18708 0.5307799404875652
20.18829 0.5306161447953918
20.1895 0.5304523491032186
20.1907 0.5302885534110453
20.19191 0.5301247577188719
20.19312 0.5299609620266986
20.19432 0.5297698670524965
20.19553 0.5296060713603232
20.19674 0.5294422756681499
20.19794 0.5292784799759765
20.19915 0.5290873850017744
20.20036 0.5289235893096011
20.20156 0.5287324943353989
20.20277 0.5285686986432256
20.20398 0.5283776036690234
20.20518 0.5281865086948213
20.20639 0.5279954137206191
20.2076 0.527804318746417
20.20881 0.5276132237722148
20.21001 0.5274221287980126
20.21122 0.5272310338238104
20.21243 0.5270126395675794
20.21363 0.5267942453113483
20.21484 0.5266031503371461
20.21605 0.5263847560809151
20.21725 0.526166361824684
20.21846 0.5259479675684529
20.21967 0.5257295733122218
20.22087 0.5255111790559908
20.22208 0.5252927847997597
20.22329 0.5250743905435287
20.22449 0.5248559962872976
20.2257 0.5246376020310666
20.22691 0.5243919084928066
20.22811 0.5241735142365755
20.22932 0.5239278206983157
20.23053 0.5237094264420845
20.23173 0.5234637329038246
20.23294 0.5232180393655647
20.23415 0.5229723458273047
20.23536 0.5227266522890448
20.23656 0.5224809587507848
20.23777 0.5222352652125248
20.23898 0.521989571674265
20.24018 0.5217165788539762
20.24139 0.5214708853157162
20.2426 0.5211978924954274
20.2438 0.5209248996751384
20.24501 0.5206792061368786
20.24622 0.5204062133165898
20.24742 0.520133220496301
20.24863 0.5198329283939832
20.24984 0.5195599355736944
20.25104 0.5192596434713767
20.25225 0.5189866506510878
20.25346 0.5186863585487701
20.25466 0.5183860664464525
20.25587 0.5180857743441347
20.25708 0.5177581829597881
20.25829 0.5174578908574704
20.25949 0.5171302994731238
20.2607 0.5168300073708061
20.26191 0.5165024159864595
20.26311 0.516174824602113
20.26432 0.5158472332177663
20.26553 0.5155196418334198
20.26673 0.5151647511670442
20.26794 0.5148371597826977
20.26915 0.5144822691163222
20.27035 0.5141546777319757
20.27156 0.5137997870656001
20.27277 0.5134448963992246
20.27397 0.5130900057328492
20.27518 0.5127351150664737
20.27639 0.5123802244000982
20.27759 0.5120253337337228
20.2788 0.5116704430673473
20.28001 0.5113155524009718
20.28121 0.5109333624525675
20.28242 0.510578471786192
20.28363 0.5102235811198166
20.28484 0.5098413911714121
20.28604 0.5094865005050366
20.28725 0.5091043105566323
20.28846 0.5087494198902568
20.28966 0.5083672299418525
20.29087 0.5079850399934481
20.29208 0.5076301493270726
20.29328 0.5072479593786683
20.29449 0.506865769430264
20.2957 0.5065108787638885
20.2969 0.5061286888154841
20.29811 0.5057464988670798
20.29932 0.5053370096366465
20.30052 0.5049548196882422
20.30173 0.5045726297398377
20.30294 0.5041631405094046
20.30414 0.5037809505610003
20.30535 0.503371461330567
20.30656 0.5029892713821627
20.30776 0.5025797821517294
20.30897 0.5021702929212961
20.31018 0.5017608036908628
20.31139 0.5013786137424585
20.31259 0.5009691245120254
20.3138 0.5005596352815921
20.31501 0.5001501460511588
20.31621 0.4997406568207256
20.31742 0.49933116759029234
20.31863 0.4989216783598591
20.31983 0.49853948841145473
20.32104 0.49812999918102147
20.32225 0.4977205099505883
20.32345 0.49731102072015504
20.32466 0.49692883077175065
20.32587 0.4965193415413174
20.32707 0.4961098523108842
20.32828 0.49572766236247984
20.32949 0.49531817313204657
20.33069 0.4949359831836422
20.3319 0.49455379323523785
20.33311 0.49414430400480464
20.33431 0.4937621140564003
20.33552 0.4933799241079959
20.33673 0.4929977341595916
20.33794 0.4926155442111872
20.33914 0.49223335426278286
20.34035 0.4918511643143785
20.34156 0.49146897436597414
20.34276 0.49105948513554093
20.34397 0.4906772951871366
20.34518 0.4902951052387322
20.34638 0.4899402145723567
20.34759 0.4895580246239523
20.3488 0.489175834675548
20.35 0.4887936447271436
20.35121 0.4884114547787393
20.35242 0.488029264830335
20.35362 0.4876470748819306
20.35483 0.48726488493352627
20.35604 0.4868826949851219
20.35724 0.48652780431874637
20.35845 0.486145614370342
20.35966 0.48576342442193765
20.36086 0.4853812344735334
20.36207 0.484999044525129
20.36328 0.4846441538587535
20.36449 0.4842619639103491
20.36569 0.48387977396194476
20.3669 0.4835248832955693
20.36811 0.4831426933471649
20.36931 0.4827605033987606
20.37052 0.4823783134503562
20.37173 0.48202342278398075
20.37293 0.4816412328355764
20.37414 0.48128634216920096
20.37535 0.4809041522207966
20.37655 0.48054926155442107
20.37776 0.4801670716060167
20.37897 0.47981218093964123
20.38017 0.4794299909912369
20.38138 0.47907510032486145
20.38259 0.47872020965848594
20.38379 0.4783653189921105
20.385 0.47801042832573504
20.38621 0.47762823837733065
20.38741 0.4772733477109552
20.38862 0.4769184570445797
20.38983 0.47656356637820424
20.39104 0.4762086757118288
20.39224 0.4758537850454532
20.39345 0.4754715950970489
20.39466 0.47511670443067344
20.39586 0.474761813764298
20.39707 0.4744069230979225
20.39828 0.4740247331495181
20.39948 0.47366984248314264
20.40069 0.4733149518167672
20.4019 0.47293276186836286
20.4031 0.4725778712019874
20.40431 0.472195681253583
20.40552 0.4718407905872075
20.40672 0.4714586006388031
20.40793 0.4711037099724277
20.40914 0.47072152002402334
20.41034 0.47033933007561896
20.41155 0.4699571401272146
20.41276 0.46957495017881024
20.41396 0.4691927602304059
20.41517 0.4688105702820015
20.41638 0.4684283803335972
20.41759 0.46801889110316397
20.41879 0.46763670115475964
20.42 0.46725451120635525
20.42121 0.466845021975922
20.42241 0.46646283202751765
20.42362 0.46605334279708444
20.42483 0.46567115284868005
20.42603 0.4652616636182468
20.42724 0.46487947366984245
20.42845 0.46446998443940923
20.42965 0.46406049520897596
20.43086 0.46367830526057163
20.43207 0.46326881603013836
20.43327 0.46285932679970515
20.43448 0.4624498375692719
20.43569 0.46204034833883867
20.43689 0.46165815839043434
20.4381 0.46124866916000107
20.43931 0.4608391799295678
20.44051 0.4604296906991346
20.44172 0.4600202014687013
20.44293 0.4596107122382681
20.44414 0.45920122300783484
20.44534 0.45879173377740157
20.44655 0.4583822445469684
20.44776 0.45797275531653514
20.44896 0.4575632660861019
20.45017 0.4571264775736397
20.45138 0.45671698834320656
20.45258 0.4563074991127733
20.45379 0.4558980098823401
20.455 0.4554885206519068
20.4562 0.4550517321394447
20.45741 0.45464224290901145
20.45862 0.45420545439654936
20.45982 0.4537959651661161
20.46103 0.45335917665365394
20.46224 0.45292238814119185
20.46344 0.4525128989107586
20.46465 0.4520761103982965
20.46586 0.4516393218858344
20.46707 0.4512025333733723
20.46827 0.4507657448609101
20.46948 0.450328956348448
20.47069 0.4498921678359859
20.47189 0.4494553793235238
20.4731 0.4490185908110616
20.47431 0.4486091015806284
20.47551 0.4481723130681663
20.47672 0.44773552455570415
20.47793 0.447298736043242
20.47913 0.4468619475307799
20.48034 0.44645245830034663
20.48155 0.44601566978788454
20.48275 0.44557888127542244
20.48396 0.4451693920449892
20.48517 0.4447326035325271
20.48637 0.4443231143020938
20.48758 0.4439136250716606
20.48879 0.44350413584122733
20.48999 0.4430946466107941
20.4912 0.44268515738036085
20.49241 0.4422756681499276
20.49362 0.4418661789194944
20.49482 0.44148398897109004
20.49603 0.44107449974065677
20.49724 0.44069230979225243
20.49844 0.4402828205618192
20.49965 0.43990063061341483
20.50086 0.43949114138298156
20.50206 0.43910895143457723
20.50327 0.43872676148617284
20.50448 0.4383172722557397
20.50568 0.4379350823073353
20.50689 0.43755289235893097
20.5081 0.4371707024105266
20.5093 0.43678851246212225
20.51051 0.43640632251371786
20.51172 0.4360241325653135
20.51292 0.43564194261690914
20.51413 0.4352597526685048
20.51534 0.4348775627201004
20.51654 0.43452267205372497
20.51775 0.43414048210532064
20.51896 0.4337855914389452
20.52017 0.4334034014905408
20.52137 0.4330485108241653
20.52258 0.43269362015778984
20.52379 0.43231143020938545
20.52499 0.43195653954301
20.5262 0.4316016488766345
20.52741 0.43124675821025904
20.52861 0.4309191668259124
20.52982 0.43056427615953696
20.53103 0.4302093854931615
20.53223 0.4298817941088149
20.53344 0.42952690344243943
20.53465 0.42919931205809286
20.53585 0.42887172067374624
20.53706 0.42854412928939967
20.53827 0.42821653790505304
20.53947 0.42788894652070647
20.54068 0.4275613551363599
20.54189 0.4272610630340422
20.54309 0.4269334716496956
20.5443 0.4266331795473779
20.54551 0.42633288744506015
20.54672 0.42603259534274246
20.54792 0.42573230324042477
20.54913 0.4254320111381071
20.55034 0.42513171903578933
20.55154 0.42483142693347165
20.55275 0.42453113483115396
20.55396 0.4242581420108651
20.55516 0.42395784990854735
20.55637 0.42365755780622966
20.55758 0.42338456498594085
20.55878 0.42308427288362316
20.55999 0.4228112800633343
20.5612 0.42251098796101655
20.5624 0.42221069585869886
20.56361 0.42193770303841005
20.56482 0.42163741093609236
20.56602 0.42133711883377467
20.56723 0.4210641260134858
20.56844 0.42076383391116806
20.56964 0.42046354180885037
20.57085 0.4201632497065327
20.57206 0.41986295760421494
20.57327 0.4195899647839262
20.57447 0.41926237339957956
20.57568 0.41896208129726187
20.57689 0.4186617891949441
20.57809 0.41836149709262643
20.5793 0.4180885042723376
20.58051 0.41778821217001993
20.58171 0.41748792006770225
20.58292 0.4171876279653845
20.58413 0.41691463514509564
20.58533 0.41661434304277795
20.58654 0.41631405094046026
20.58775 0.41604105812017145
20.58895 0.4157407660178537
20.59016 0.415440473915536
20.59137 0.41516748109524715
20.59257 0.41486718899292946
20.59378 0.4145668968906117
20.59499 0.41429390407032296
20.59619 0.4139936119680052
20.5974 0.4136933198656875
20.59861 0.41339302776336984
20.59982 0.4130927356610521
20.60102 0.4127924435587344
20.60223 0.4124921514564167
20.60344 0.4121645600720701
20.60464 0.4118642679697524
20.60585 0.41153667658540577
20.60706 0.4112363844830881
20.60826 0.41090879309874145
20.60947 0.4105812017143949
20.61068 0.41025361033004826
20.61188 0.4099260189457017
20.61309 0.40957112827932624
20.6143 0.4092435368949796
20.6155 0.40888864622860416
20.61671 0.4085337555622287
20.61792 0.4081788648958532
20.61912 0.40782397422947775
20.62033 0.40744178428107336
20.62154 0.4070868936146979
20.62274 0.4067047036662936
20.62395 0.4063225137178892
20.62516 0.40594032376948486
20.62637 0.40555813382108047
20.62757 0.40517594387267614
20.62878 0.40479375392427175
20.62999 0.40438426469383854
20.63119 0.4040020747454342
20.6324 0.40359258551500093
20.63361 0.40318309628456767
20.63481 0.4028009063361633
20.63602 0.4023914171057301
20.63723 0.40198192787529685
20.63843 0.40157243864486364
20.63964 0.40116294941443037
20.64085 0.40075346018399716
20.64205 0.4003439709535639
20.64326 0.3999344817231306
20.64447 0.39952499249269746
20.64567 0.3991155032622642
20.64688 0.39867871474980204
20.64809 0.3982692255193688
20.64929 0.3978597362889356
20.6505 0.39745024705850235
20.65171 0.39704075782806914
20.65292 0.39660396931560693
20.65412 0.3961944800851738
20.65533 0.3957849908547405
20.65654 0.39537550162430724
20.65774 0.394966012393874
20.65895 0.39452922388141193
20.66016 0.39411973465097866
20.66136 0.39368294613851657
20.66257 0.3932461576260544
20.66378 0.39280936911359227
20.66498 0.39237258060113017
20.66619 0.3919357920886681
20.6674 0.39149900357620593
20.6686 0.3910622150637438
20.66981 0.3905981272692528
20.67102 0.39016133875679065
20.67222 0.3896972509622996
20.67343 0.38926046244983753
20.67464 0.38882367393737544
20.67585 0.3883595861428844
20.67705 0.3879227976304223
20.67826 0.3874587098359313
20.67947 0.3870219213234692
20.68067 0.3865851328110071
20.68188 0.3861483442985449
20.68309 0.3857115557860828
20.68429 0.3852747672736207
20.6855 0.3848379787611586
20.68671 0.3844011902486964
20.68791 0.3839917010182632
20.68912 0.3835822117878299
20.69033 0.38317272255739676
20.69153 0.3827632333269635
20.69274 0.3823537440965302
20.69395 0.381944254866097
20.69515 0.3815620649176927
20.69636 0.3811798749692883
20.69757 0.38079768502088396
20.69877 0.3804427943545085
20.69998 0.3800606044061041
20.70119 0.3797057137397286
20.7024 0.37935082307335316
20.7036 0.3789959324069777
20.70481 0.37864104174060215
20.70602 0.3782861510742267
20.70722 0.37793126040785124
20.70843 0.3776036690235047
20.70964 0.3772487783571292
20.71084 0.3769211869727826
20.71205 0.37659359558843597
20.71326 0.3762387049220605
20.71446 0.3759111135377139
20.71567 0.3756108214353962
20.71688 0.37528323005104963
20.71808 0.37495563866670306
20.71929 0.3746553465643853
20.7205 0.3743277551800387
20.7217 0.374027463077721
20.72291 0.3737271709754033
20.72412 0.3734268788730856
20.72532 0.3731265867707679
20.72653 0.3728262946684502
20.72774 0.3725533018481614
20.72895 0.3722530097458437
20.73015 0.3719800169255548
20.73136 0.371707024105266
20.73257 0.3714067320029483
20.73377 0.37113373918265946
20.73498 0.37086074636237065
20.73619 0.37061505282411067
20.73739 0.37034206000382186
20.7386 0.37009636646556193
20.73981 0.3698233736452731
20.74101 0.36957768010701314
20.74222 0.3693319865687532
20.74343 0.36908629303049323
20.74463 0.3688678987742622
20.74584 0.3686222052360023
20.74705 0.36840381097977115
20.74825 0.3681854167235401
20.74946 0.36796702246730906
20.75067 0.36777592749310695
20.75187 0.3675575332368759
20.75308 0.3673664382626737
20.75429 0.3671480440064426
20.7555 0.36695694903224046
20.7567 0.36676585405803824
20.75791 0.3665747590838361
20.75912 0.36638366410963386
20.76032 0.36619256913543174
20.76153 0.3660014741612295
20.76274 0.36583767846905624
20.76394 0.36564658349485407
20.76515 0.36545548852065185
20.76636 0.3652916928284786
20.76756 0.3651005978542764
20.76877 0.36490950288007423
20.76998 0.36474570718790095
20.77118 0.3645546122136987
20.77239 0.36439081652152544
20.7736 0.3641997215473233
20.7748 0.36400862657312105
20.77601 0.3638448308809478
20.77722 0.3636537359067456
20.77842 0.3634626409325435
20.77963 0.36327154595834127
20.78084 0.3630804509841391
20.78205 0.3628893560099369
20.78325 0.36269826103573477
20.78446 0.36250716606153255
20.78567 0.3623160710873304
20.78687 0.3621522753951571
20.78808 0.36196118042095493
20.78929 0.3617700854467527
20.79049 0.3616062897545794
20.7917 0.36141519478037726
20.79291 0.36122409980617504
20.79411 0.36106030411400175
20.79532 0.3608692091397996
20.79653 0.36067811416559736
20.79773 0.36051431847342413
20.79894 0.3603232234992219
20.80015 0.3601594278070486
20.80135 0.35996833283284646
20.80256 0.3598045371406732
20.80377 0.359613442166471
20.80497 0.35942234719226884
20.80618 0.3592585515000955
20.80739 0.3590674565258934
20.8086 0.35887636155169117
20.8098 0.35871256585951783
20.81101 0.3585214708853157
20.81222 0.3583303759111135
20.81342 0.35813928093691133
20.81463 0.3579481859627091
20.81584 0.3577843902705359
20.81704 0.35759329529633366
20.81825 0.35740220032213155
20.81946 0.3571838060659005
20.82066 0.3569927110916983
20.82187 0.3568016161174961
20.82308 0.3566105211432939
20.82428 0.35639212688706284
20.82549 0.3562010319128607
20.8267 0.3559826376566296
20.8279 0.3557915426824274
20.82911 0.3556004477082252
20.83032 0.35538205345199414
20.83152 0.3551636591957631
20.83273 0.354972564221561
20.83394 0.35475416996532994
20.83515 0.3545630749911277
20.83635 0.35434468073489667
20.83756 0.3541262864786656
20.83877 0.3539351915044634
20.83997 0.3537167972482323
20.84118 0.35349840299200125
20.84239 0.3532800087357702
20.84359 0.35306161447953915
20.8448 0.3528432202233081
20.84601 0.35262482596707706
20.84721 0.352406431710846
20.84842 0.35218803745461497
20.84963 0.3519696431983838
20.85083 0.35175124894215276
20.85204 0.3515328546859217
20.85325 0.35131446042969067
20.85445 0.3510960661734596
20.85566 0.3508776719172286
20.85687 0.3506592776609975
20.85807 0.35041358412273754
20.85928 0.3501951898665065
20.86049 0.34997679561027545
20.8617 0.34973110207201547
20.8629 0.3495127078157844
20.86411 0.3492670142775245
20.86532 0.34904862002129344
20.86652 0.34880292648303346
20.86773 0.3485845322268024
20.86894 0.34833883868854243
20.87014 0.3481204444323114
20.87135 0.34787475089405145
20.87256 0.3476290573557915
20.87376 0.3474106630995605
20.87497 0.34716496956130055
20.87618 0.34691927602304057
20.87738 0.3466735824847806
20.87859 0.3464278889465207
20.8798 0.34618219540826073
20.881 0.3459638011520297
20.88221 0.34571810761376975
20.88342 0.34547241407550977
20.88463 0.34522672053724984
20.88583 0.3449810269989899
20.88704 0.34470803417870105
20.88825 0.3444623406404411
20.88945 0.3442166471021812
20.89066 0.34397095356392127
20.89187 0.3437252600256613
20.89307 0.3434795664874013
20.89428 0.34320657366711255
20.89549 0.34296088012885256
20.89669 0.3427151865905927
20.8979 0.3424421937703038
20.89911 0.34219650023204384
20.90031 0.34192350741175503
20.90152 0.3416778138734951
20.90273 0.3414048210532063
20.90393 0.3411591275149463
20.90514 0.3408861346946575
20.90635 0.3406404411563976
20.90755 0.3403674483361087
20.90876 0.3400944555158199
20.90997 0.33984876197756
20.91118 0.33957576915727117
20.91238 0.3393027763369823
20.91359 0.3390297835166935
20.9148 0.3387567906964047
20.916 0.3384837978761158
20.91721 0.338210805055827
20.91842 0.33793781223553815
20.91962 0.33763752013322046
20.92083 0.33736452731293165
20.92204 0.33709153449264284
20.92324 0.336818541672354
20.92445 0.33654554885206517
20.92566 0.3362452567497475
20.92686 0.3359722639294586
20.92807 0.3356992711091698
20.92928 0.3353989790068521
20.93048 0.33512598618656325
20.93169 0.33482569408424556
20.9329 0.33455270126395675
20.9341 0.33427970844366794
20.93531 0.3339794163413502
20.93652 0.3337064235210614
20.93773 0.3334334307007725
20.93893 0.33313313859845484
20.94014 0.33286014577816603
20.94135 0.33258715295787716
20.94255 0.3322868608555595
20.94376 0.33201386803527067
20.94497 0.33174087521498186
20.94617 0.331467882394693
20.94738 0.3311948895744042
20.94859 0.3309218967541153
20.94979 0.33062160465179763
20.951 0.3303486118315088
20.95221 0.33007561901122
20.95341 0.32980262619093115
20.95462 0.32952963337064234
20.95583 0.3292293412683246
20.95703 0.3289563484480358
20.95824 0.328683355627747
20.95945 0.32838306352542923
20.96065 0.3281100707051404
20.96186 0.3278370778848516
20.96307 0.3275367857825339
20.96428 0.32726379296224506
20.96548 0.32699080014195625
20.96669 0.3266905080396385
20.9679 0.3264175152193497
20.9691 0.3261445223990609
20.97031 0.32584423029674314
20.97152 0.32557123747645433
20.97272 0.3252982446561655
20.97393 0.3250252518358767
20.97514 0.32475225901558785
20.97634 0.32447926619529904
20.97755 0.32420627337501023
20.97876 0.32393328055472137
20.97996 0.32366028773443256
20.98117 0.32338729491414375
20.98238 0.32311430209385494
20.98358 0.32286860855559496
20.98479 0.32259561573530615
20.986 0.3223499221970462
20.9872 0.32207692937675736
20.98841 0.32183123583849743
20.98962 0.3215855423002375
20.99083 0.3213398487619775
20.99203 0.3210941552237176
20.99324 0.32084846168545766
20.99445 0.32060276814719774
20.99565 0.32035707460893775
20.99686 0.3201113810706778
20.99807 0.3198929868144468
20.99927 0.3196472932761868
21.00048 0.31940159973792687
21.00169 0.3191832054816958
21.00289 0.3189375119434359
21.0041 0.31871911768720484
21.00531 0.31847342414894486
21.00651 0.3182550298927138
21.00772 0.31803663563648277
21.00893 0.3177909420982228
21.01013 0.31757254784199174
21.01134 0.3173541535857607
21.01255 0.3171357593295296
21.01375 0.31691736507329854
21.01496 0.3166989708170675
21.01617 0.31648057656083645
21.01738 0.31626218230460534
21.01858 0.3160437880483743
21.01979 0.31585269307417213
21.021 0.3156342988179411
21.0222 0.31544320384373886
21.02341 0.3152248095875078
21.02462 0.31503371461330565
21.02582 0.3148426196391035
21.02703 0.3146515246649013
21.02824 0.31443313040867027
21.02944 0.31424203543446805
21.03065 0.3140509404602659
21.03186 0.3138871447680926
21.03306 0.3136960497938904
21.03427 0.3135049548196882
21.03548 0.3133411591275149
21.03668 0.31315006415331276
21.03789 0.31298626846113947
21.0391 0.31279517348693725
21.0403 0.31263137779476396
21.04151 0.3124675821025907
21.04272 0.3123037864104174
21.04393 0.3121399907182441
21.04513 0.3119761950260708
21.04634 0.3118123993338975
21.04755 0.3116759029237531
21.04875 0.3115121072315798
21.04996 0.3113483115394065
21.05117 0.3112118151292621
21.05237 0.31104801943708876
21.05358 0.31091152302694436
21.05479 0.31077502661679995
21.05599 0.31063853020665555
21.0572 0.31047473451448226
21.05841 0.31033823810433786
21.05961 0.3102017416941934
21.06082 0.310065245284049
21.06203 0.3099287488739046
21.06323 0.3097922524637602
21.06444 0.3096557560536158
21.06565 0.3095192596434713
21.06685 0.3094100625153558
21.06806 0.3092735661052114
21.06927 0.309137069695067
21.07048 0.30902787256695147
21.07168 0.30889137615680706
21.07289 0.30875487974666266
21.0741 0.3086456826185471
21.0753 0.3085091862084027
21.07651 0.30839998908028715
21.07772 0.30826349267014275
21.07892 0.3081542955420272
21.08013 0.3080450984139117
21.08134 0.3079359012857962
21.08254 0.30782670415768065
21.08375 0.30769020774753625
21.08496 0.3075810106194207
21.08616 0.30747181349130515
21.08737 0.3073899156452185
21.08858 0.307280718517103
21.08978 0.30717152138898746
21.09099 0.30706232426087193
21.0922 0.30698042641478523
21.0934 0.3068712292866697
21.09461 0.3067620321585542
21.09582 0.30668013431246754
21.09703 0.306570937184352
21.09823 0.3064890393382654
21.09944 0.30637984221014986
21.10065 0.3062979443640632
21.10185 0.30621604651797657
21.10306 0.306106849389861
21.10427 0.3060249515437744
21.10547 0.30594305369768776
21.10668 0.30583385656957224
21.10789 0.30575195872348554
21.10909 0.3056700608773989
21.1103 0.30558816303131225
21.11151 0.3055062651852256
21.11271 0.3053970680571101
21.11392 0.3053151702110234
21.11513 0.3052332723649368
21.11633 0.30515137451885016
21.11754 0.3050694766727635
21.11875 0.3049875788266768
21.11996 0.3049056809805902
21.12116 0.30482378313450353
21.12237 0.3047418852884169
21.12358 0.30465998744233025
21.12478 0.3045780895962436
21.12599 0.30449619175015696
21.1272 0.3044142939040703
21.1284 0.3043323960579836
21.12961 0.304250498211897
21.13082 0.3041686003658104
21.13202 0.3041140018017526
21.13323 0.30403210395566593
21.13444 0.3039502061095793
21.13564 0.30389560754552153
21.13685 0.3038137096994349
21.13806 0.30373181185334824
21.13926 0.3036772132892905
21.14047 0.30359531544320384
21.14168 0.3035407168791461
21.14288 0.3034588190330594
21.14409 0.3033769211869728
21.1453 0.303322322622915
21.14651 0.30324042477682833
21.14771 0.3031858262127706
21.14892 0.30310392836668393
21.15013 0.30304932980262617
21.15133 0.3029674319565395
21.15254 0.30291283339248176
21.15375 0.3028309355463951
21.15495 0.3027490377003085
21.15616 0.3026944391362507
21.15737 0.30261254129016407
21.15857 0.30255794272610625
21.15978 0.3024760448800196
21.16099 0.30239414703393297
21.16219 0.3023395484698752
21.1634 0.30225765062378857
21.16461 0.3021757527777019
21.16581 0.30212115421364416
21.16702 0.3020392563675575
21.16823 0.30198465780349976
21.16943 0.30190275995741306
21.17064 0.30182086211132647
21.17185 0.3017662635472687
21.17306 0.301684365701182
21.17426 0.3016297671371243
21.17547 0.3015751685730665
21.17668 0.30149327072697985
21.17788 0.3014386721629221
21.17909 0.30135677431683544
21.1803 0.3013021757527777
21.1815 0.30122027790669104
21.18271 0.3011656793426333
21.18392 0.30108378149654663
21.18512 0.30102918293248887
21.18633 0.3009472850864022
21.18754 0.3008653872403156
21.18874 0.30081078867625777
21.18995 0.3007288908301711
21.19116 0.30067429226611336
21.19236 0.3005923944200267
21.19357 0.3005104965739401
21.19478 0.30042859872785344
21.19598 0.3003467008817668
21.19719 0.30026480303568015
21.1984 0.3002102044716224
21.19961 0.3001283066255357
21.20081 0.30001910949742017
21.20202 0.2999372116513335
21.20323 0.2998553138052469
21.20443 0.2997734159591603
21.20564 0.2996642188310447
21.20685 0.2995823209849581
21.20805 0.29947312385684255
21.20926 0.2993912260107559
21.21047 0.2992820288826404
21.21167 0.29920013103655374
21.21288 0.2990909339084382
21.21409 0.2989817367803227
21.21529 0.2988725396522071
21.2165 0.29879064180612047
21.21771 0.29868144467800495
21.21891 0.2985722475498894
21.22012 0.2984630504217739
21.22133 0.2983538532936584
21.22253 0.2982446561655428
21.22374 0.2981354590374273
21.22495 0.29799896262728287
21.22616 0.29788976549916735
21.22736 0.2977805683710518
21.22857 0.2976713712429363
21.22978 0.2975621741148208
21.23098 0.29742567770467637
21.23219 0.29731648057656085
21.2334 0.29720728344844527
21.2346 0.29707078703830087
21.23581 0.29696158991018534
21.23702 0.2968523927820698
21.23822 0.29671589637192536
21.23943 0.29660669924380983
21.24064 0.2964702028336655
21.24184 0.2963610057055499
21.24305 0.2962245092954055
21.24426 0.29611531216729
21.24546 0.29600611503917446
21.24667 0.29586961862903005
21.24788 0.2957604215009145
21.24908 0.29562392509077007
21.25029 0.29551472796265454
21.2515 0.29537823155251014
21.25271 0.2952690344243946
21.25391 0.2951325380142502
21.25512 0.2949960416041058
21.25633 0.29485954519396135
21.25753 0.2947503480658458
21.25874 0.2946138516557014
21.25995 0.294477355245557
21.26115 0.2943408588354126
21.26236 0.2942043624252682
21.26357 0.29406786601512375
21.26477 0.2939313696049794
21.26598 0.29379487319483494
21.26719 0.29365837678469053
21.26839 0.29352188037454613
21.2696 0.2933853839644017
21.27081 0.2932488875542573
21.27201 0.29311239114411286
21.27322 0.29297589473396846
21.27443 0.29283939832382405
21.27563 0.29270290191367965
21.27684 0.29256640550353524
21.27805 0.29242990909339084
21.27926 0.29229341268324643
21.28046 0.29215691627310203
21.28167 0.29202041986295757
21.28288 0.29191122273484205
21.28408 0.29177472632469764
21.28529 0.29163822991455324
21.2865 0.2915290327864377
21.2877 0.2913925363762933
21.28891 0.2912833392481778
21.29012 0.29117414212006226
21.29132 0.2910649449919467
21.29253 0.2909284485818023
21.29374 0.29081925145368676
21.29494 0.29071005432557123
21.29615 0.2906008571974557
21.29736 0.2904916600693402
21.29856 0.29040976222325354
21.29977 0.29030056509513796
21.30098 0.29019136796702244
21.30218 0.2900821708389069
21.30339 0.2900002729928203
21.3046 0.28989107586470475
21.30581 0.28978187873658917
21.30701 0.2896999808905026
21.30822 0.289590783762387
21.30943 0.2895088859163004
21.31063 0.2894269880702137
21.31184 0.2893177909420982
21.31305 0.28923589309601155
21.31425 0.28912669596789603
21.31546 0.2890447981218094
21.31667 0.28896290027572274
21.31787 0.28888100242963605
21.31908 0.2887991045835494
21.32029 0.2886899074554339
21.32149 0.28860800960934724
21.3227 0.28852611176326065
21.32391 0.28844421391717395
21.32511 0.2883623160710873
21.32632 0.28828041822500067
21.32753 0.288198520378914
21.32874 0.2881166225328273
21.32994 0.28803472468674074
21.33115 0.2879528268406541
21.33236 0.28787092899456745
21.33356 0.28778903114848076
21.33477 0.2877071333023941
21.33598 0.28762523545630747
21.33718 0.28754333761022083
21.33839 0.28748873904616307
21.3396 0.2874068412000764
21.3408 0.2873249433539898
21.34201 0.2872430455079031
21.34322 0.2871884469438454
21.34442 0.28710654909775873
21.34563 0.28702465125167204
21.34684 0.28697005268761433
21.34804 0.28688815484152763
21.34925 0.286806256995441
21.35046 0.2867516584313832
21.35166 0.2866697605852966
21.35287 0.2866151620212388
21.35408 0.28656056345718106
21.35529 0.2864786656110944
21.35649 0.28642406704703666
21.3577 0.28634216920095
21.35891 0.28628757063689225
21.36011 0.28623297207283444
21.36132 0.2861510742267478
21.36253 0.2860964756626901
21.36373 0.28604187709863227
21.36494 0.28598727853457456
21.36615 0.28590538068848786
21.36735 0.2858507821244301
21.36856 0.28579618356037234
21.36977 0.2857415849963146
21.37097 0.28565968715022794
21.37218 0.2856050885861702
21.37339 0.2855504900221124
21.37459 0.28549589145805465
21.3758 0.285413993611968
21.37701 0.2853593950479102
21.37821 0.2853047964838525
21.37942 0.28525019791979467
21.38063 0.285168300073708
21.38184 0.28511370150965026
21.38304 0.2850591029455925
21.38425 0.28500450438153474
21.38546 0.284949905817477
21.38666 0.28486800797139034
21.38787 0.2848134094073326
21.38908 0.2847588108432748
21.39028 0.284704212279217
21.39149 0.2846223144331304
21.3927 0.28456771586907265
21.3939 0.28451311730501483
21.39511 0.2844585187409571
21.39632 0.2844039201768993
21.39752 0.28434932161284154
21.39873 0.2842674237667549
21.39994 0.28421282520269714
21.40114 0.2841582266386394
21.40235 0.2841036280745816
21.40356 0.28404902951052385
21.40476 0.2839944309464661
21.40597 0.28393983238240833
21.40718 0.28388523381835057
21.40839 0.2838306352542928
21.40959 0.28377603669023505
21.4108 0.28372143812617723
21.41201 0.2836668395621195
21.41321 0.2836122409980617
21.41442 0.283557642434004
21.41563 0.2835030438699462
21.41683 0.2834484453058885
21.41804 0.28339384674183066
21.41925 0.2833392481777729
21.42045 0.283311948895744
21.42166 0.28325735033168625
21.42287 0.2832027517676285
21.42407 0.28314815320357073
21.42528 0.28312085392154185
21.42649 0.2830662553574841
21.42769 0.2830389560754552
21.4289 0.28298435751139744
21.43011 0.2829297589473397
21.43131 0.2829024596653108
21.43252 0.2828751603832819
21.43373 0.2828205618192241
21.43494 0.2827932625371953
21.43614 0.28273866397313746
21.43735 0.2827113646911086
21.43856 0.28268406540907975
21.43976 0.28262946684502194
21.44097 0.28260216756299306
21.44218 0.28257486828096423
21.44338 0.2825475689989353
21.44459 0.28249297043487753
21.4458 0.28246567115284865
21.447 0.28243837187081977
21.44821 0.2824110725887909
21.44942 0.282383773306762
21.45062 0.28232917474270425
21.45183 0.28230187546067537
21.45304 0.2822745761786465
21.45424 0.2822472768966176
21.45545 0.2822199776145887
21.45666 0.28219267833255984
21.45786 0.2821380797685021
21.45907 0.2821107804864732
21.46028 0.2820834812044443
21.46149 0.2820561819224154
21.46269 0.28202888264038656
21.4639 0.2820015833583577
21.46511 0.28194698479429986
21.46631 0.28191968551227103
21.46752 0.28189238623024215
21.46873 0.2818650869482132
21.46993 0.2818104883841555
21.47114 0.28178318910212663
21.47235 0.2817285905380688
21.47355 0.28170129125603993
21.47476 0.28164669269198217
21.47597 0.2815920941279244
21.47717 0.28153749556386665
21.47838 0.28145559771778
21.47959 0.28140099915372224
21.48079 0.2813464005896645
21.482 0.28126450274357784
21.48321 0.2812099041795201
21.48441 0.2811553056154623
21.48562 0.2810734077693756
21.48683 0.2810188092053179
21.48804 0.2809642106412601
21.48924 0.28088231279517345
21.49045 0.2808277142311157
21.49166 0.2807731156670579
21.49286 0.28071851710300016
21.49407 0.2806639185389424
21.49528 0.28060931997488464
21.49648 0.28058202069285576
21.49769 0.280527422128798
21.4989 0.2805001228467691
21.5001 0.28047282356474024
21.50131 0.28044552428271136
21.50252 0.2804182250006825
21.50372 0.2803909257186536
21.50493 0.2803909257186536
21.50614 0.2803909257186536
21.50734 0.2803909257186536
21.50855 0.2804182250006825
21.50976 0.28044552428271136
21.51096 0.28047282356474024
21.51217 0.2805001228467691
21.51338 0.2805547214108269
21.51459 0.28060931997488464
21.51579 0.2806639185389424
21.517 0.28071851710300016
21.51821 0.2807731156670579
21.51941 0.2808277142311157
21.52062 0.28088231279517345
21.52183 0.2809369113592312
21.52303 0.280991509923289
21.52424 0.2810461084873468
21.52545 0.28110070705140455
21.52665 0.2811553056154623
21.52786 0.28123720346154896
21.52907 0.2812918020256067
21.53027 0.28137369987169336
21.53148 0.28145559771778
21.53269 0.28153749556386665
21.53389 0.28164669269198217
21.5351 0.2817285905380688
21.53631 0.28183778766618434
21.53752 0.2819742840763288
21.53872 0.2821107804864732
21.53993 0.2822472768966176
21.54114 0.282383773306762
21.54234 0.2825475689989353
21.54355 0.2827113646911086
21.54476 0.2829024596653108
21.54596 0.28312085392154185
21.54717 0.2833392481777729
21.54838 0.283557642434004
21.54958 0.2838033359722639
21.55079 0.28404902951052385
21.552 0.28434932161284154
21.5532 0.2846223144331304
21.55441 0.284949905817477
21.55562 0.28527749720182355
21.55682 0.28563238786819906
21.55803 0.28598727853457456
21.55924 0.2863967677650078
21.56044 0.286806256995441
21.56165 0.2872430455079031
21.56286 0.2877071333023941
21.56407 0.288198520378914
21.56527 0.2887172067374628
21.56648 0.28926319237804043
21.56769 0.2898091780186181
21.56889 0.29038246294122466
21.5701 0.29095574786383116
21.57131 0.2915836313504955
21.57251 0.29218421555513086
21.57372 0.29283939832382405
21.57493 0.29349458109251725
21.57613 0.29414976386121044
21.57734 0.29480494662990364
21.57855 0.29548742868062566
21.57975 0.29616991073134774
21.58096 0.2968796920640987
21.58217 0.29758947339684966
21.58337 0.2982992547296006
21.58458 0.2990090360623516
21.58579 0.2997188173951025
21.58699 0.30042859872785344
21.5882 0.3011383800606044
21.58941 0.30187546067538423
21.59062 0.30258524200813514
21.59182 0.30329502334088615
21.59303 0.30400480467363705
21.59424 0.30468728672435913
21.59544 0.3053970680571101
21.59665 0.3060795501078321
21.59786 0.3067620321585542
21.59906 0.3074172149272474
21.60027 0.3080723976959406
21.60148 0.3087275804646337
21.60268 0.3093554639512981
21.60389 0.3099560481559335
21.6051 0.3105839316425978
21.6063 0.311239114411291
21.60751 0.311921596462013
21.60872 0.3126040785127351
21.60992 0.31331385984548604
21.61113 0.314023641178237
21.61234 0.31473342251098796
21.61354 0.31547050312576774
21.61475 0.3162075837405476
21.61596 0.3169719636373563
21.61717 0.31770904425213614
21.61837 0.31847342414894486
21.61958 0.3192105047637247
21.62079 0.31997488466053337
21.62199 0.32071196527531326
21.6232 0.32144904589009304
21.62441 0.322158827222844
21.62561 0.32289590783762384
21.62682 0.3235783898883459
21.62803 0.3242881712210969
21.62923 0.32494335398979
21.63044 0.3255985367584832
21.63165 0.32622642024514753
21.63285 0.32685430373181185
21.63406 0.3274275886544184
21.63527 0.327973574294996
21.63647 0.3285195599355737
21.63768 0.32901094701209355
21.63889 0.3294750348065846
21.64009 0.32991182331904667
21.6413 0.33029401326745106
21.64251 0.3306489039338265
21.64372 0.33097649531817314
21.64492 0.33124948813846194
21.64613 0.331467882394693
21.64734 0.33163167808686633
21.64854 0.3317681744970107
21.64975 0.3318500723430974
21.65096 0.3319046709071551
21.65216 0.331931970189184
21.65337 0.3319046709071551
21.65458 0.3318773716251262
21.65578 0.33179547377903956
21.65699 0.33165897736889516
21.6582 0.33152248095875075
21.6594 0.33135868526657747
21.66061 0.3311402910103464
21.66182 0.3309218967541153
21.66302 0.3306762032158554
21.66423 0.3303759111135377
21.66544 0.33007561901122
21.66664 0.3297480276268734
21.66785 0.32939313696049793
21.66906 0.32901094701209355
21.67027 0.32860145778166033
21.67147 0.3281646692691982
21.67268 0.3277278807567361
21.67389 0.32726379296224506
21.67509 0.3267724058857252
21.6763 0.3262810188092053
21.67751 0.3257350331686276
21.67871 0.3252163468100789
21.67992 0.32464306188747233
21.68113 0.3240970762468947
21.68233 0.3234964920422593
21.68354 0.32289590783762384
21.68475 0.3222953236329884
21.68595 0.32166744014632415
21.68716 0.32103955665965983
21.68837 0.3203843738909667
21.68957 0.3197291911222735
21.69078 0.3190740083535803
21.69199 0.3184188255848871
21.69319 0.317736343534165
21.6944 0.31702656220141406
21.69561 0.31631678086866316
21.69682 0.31555240097185444
21.69802 0.31476072179301684
21.69923 0.3139144440501214
21.70044 0.3130408670251972
21.70164 0.31216729000027293
21.70285 0.311239114411291
21.70406 0.31028363954028004
21.70526 0.3093008653872403
21.70647 0.3083180912342005
21.70768 0.30730801779913186
21.70888 0.30627064508203433
21.71009 0.30520597308290787
21.7113 0.30414130108378146
21.7125 0.30307662908465505
21.71371 0.30201195708552864
21.71492 0.3009199858043733
21.71612 0.299828014523218
21.71733 0.2987360432420627
21.71854 0.2976440719609074
21.71974 0.2965248013977232
21.72095 0.29546012939859684
21.72216 0.2943681581174415
21.72337 0.2932761868362862
21.72457 0.29221151483715974
21.72578 0.29117414212006226
21.72699 0.2901094701209358
21.72819 0.28909939668586715
21.7294 0.2880893232507985
21.73061 0.28710654909775873
21.73181 0.2861237749447189
21.73302 0.2851955993557369
21.73423 0.2842674237667549
21.73543 0.28339384674183066
21.73664 0.2825202697169064
21.73785 0.28170129125603993
21.73905 0.2809096120772024
21.74026 0.28014523218039367
21.74147 0.27938085228358495
21.74267 0.2786164723867762
21.74388 0.2778793917719964
21.74509 0.27714231115721655
21.7463 0.2764325298244656
21.7475 0.2757227484917147
21.74871 0.2750129671589637
21.74992 0.27433048510824165
21.75112 0.2736480030575196
21.75233 0.2729655210067975
21.75354 0.27231033823810435
21.75474 0.27165515546941116
21.75595 0.27099997270071796
21.75716 0.27037208921405365
21.75836 0.26974420572738933
21.75957 0.26914362152275395
21.76078 0.2685430373181185
21.76198 0.2679424531134831
21.76319 0.2673691681908766
21.7644 0.26679588326827003
21.7656 0.2662498976276924
21.76681 0.26570391198711474
21.76802 0.26515792634653707
21.76922 0.2646392399879883
21.77043 0.26412055362943954
21.77164 0.2636291665529196
21.77285 0.26313777947639977
21.77405 0.26267369168190874
21.77526 0.2622096038874177
21.77647 0.2617728153749556
21.77767 0.26133602686249346
21.77888 0.26089923835003137
21.78009 0.26048974911959816
21.78129 0.2600802598891649
21.7825 0.25969806994076056
21.78371 0.25934317927438505
21.78491 0.2589882886080096
21.78612 0.25863339794163415
21.78733 0.2583058065572875
21.78853 0.25800551445496983
21.78974 0.25773252163468097
21.79095 0.25745952881439216
21.79215 0.25721383527613223
21.79336 0.2569954410199012
21.79457 0.25677704676367014
21.79577 0.2565859517894679
21.79698 0.25639485681526575
21.79819 0.25623106112309246
21.7994 0.2560672654309191
21.8006 0.25590346973874584
21.80181 0.25576697332860143
21.80302 0.2556577762004859
21.80422 0.2555485790723704
21.80543 0.25543938194425486
21.80664 0.25533018481613934
21.80784 0.2552482869700527
21.80905 0.255166389123966
21.81026 0.25508449127787935
21.81146 0.25500259343179277
21.81267 0.25494799486773495
21.81388 0.2548933963036772
21.81508 0.25481149845759055
21.81629 0.2547568998935328
21.8175 0.254702301329475
21.8187 0.25464770276541726
21.81991 0.2545931042013595
21.82112 0.25453850563730174
21.82232 0.254483907073244
21.82353 0.2544293085091862
21.82474 0.25434741066309957
21.82595 0.25429281209904175
21.82715 0.2542109142529551
21.82836 0.2541290164068685
21.82957 0.2540471185607818
21.83077 0.2539652207146952
21.83198 0.25388332286860854
21.83319 0.253774125740493
21.83439 0.2536922278944064
21.8356 0.2536376293303486
21.83681 0.25355573148426197
21.83801 0.2534738336381753
21.83922 0.2534192350741175
21.84043 0.2533646365100598
21.84163 0.2532827386639731
21.84284 0.25322814009991534
21.84405 0.2531735415358576
21.84525 0.2531189429717998
21.84646 0.25309164368977094
21.84767 0.2530370451257132
21.84887 0.2529824465616554
21.85008 0.25292784799759765
21.85129 0.2529005487155688
21.8525 0.25284595015151096
21.8537 0.25281865086948213
21.85491 0.25276405230542437
21.85612 0.25273675302339543
21.85732 0.2526821544593377
21.85853 0.2526548551773088
21.85974 0.2526002566132511
21.86094 0.25254565804919327
21.86215 0.2525183587671644
21.86336 0.2524637602031067
21.86456 0.25240916163904886
21.86577 0.25238186235702
21.86698 0.2523272637929622
21.86818 0.25227266522890446
21.86939 0.2522180666648467
21.8706 0.25216346810078893
21.8718 0.2520815702547023
21.87301 0.25202697169064453
21.87422 0.2519450738445579
21.87542 0.2518904752805001
21.87663 0.2518085774344135
21.87784 0.2517266795883268
21.87905 0.25164478174224014
21.88025 0.2515628838961535
21.88146 0.25148098605006686
21.88267 0.2513990882039802
21.88387 0.25131719035789357
21.88508 0.25123529251180693
21.88629 0.2511260953836914
21.88749 0.25104419753760476
21.8887 0.25096229969151806
21.88991 0.2508804018454314
21.89111 0.2507712047173159
21.89232 0.25068930687122926
21.89353 0.25058010974311373
21.89473 0.2504982118970271
21.89594 0.25038901476891157
21.89715 0.25030711692282487
21.89835 0.25019791979470934
21.89956 0.2500887226665938
21.90077 0.2500068248205072
21.90197 0.24989762769239166
21.90318 0.24978843056427613
21.90439 0.2496792334361606
21.9056 0.24957003630804508
21.9068 0.24946083917992956
21.90801 0.24935164205181404
21.90922 0.24924244492369851
21.91042 0.24913324779558293
21.91163 0.2490240506674674
21.91284 0.2489148535393519
21.91404 0.24877835712920748
21.91525 0.24866916000109196
21.91646 0.24855996287297644
21.91766 0.248423466462832
21.91887 0.24831426933471648
21.92008 0.24817777292457208
21.92128 0.24806857579645655
21.92249 0.24793207938631212
21.9237 0.24779558297616772
21.9249 0.2476863858480522
21.92611 0.24754988943790776
21.92732 0.24741339302776336
21.92852 0.24727689661761892
21.92973 0.24714040020747452
21.93094 0.24700390379733012
21.93215 0.24684010810515683
21.93335 0.24670361169501243
21.93456 0.246567115284868
21.93577 0.2464033195926947
21.93697 0.24626682318255028
21.93818 0.24610302749037696
21.93939 0.24596653108023256
21.94059 0.24580273538805927
21.9418 0.24566623897791487
21.94301 0.24550244328574156
21.94421 0.2453386475935683
21.94542 0.24520215118342384
21.94663 0.24503835549125058
21.94783 0.24487455979907727
21.94904 0.24471076410690396
21.95025 0.2445469684147307
21.95145 0.24438317272255738
21.95266 0.24421937703038407
21.95387 0.24405558133821076
21.95508 0.2438917856460375
21.95628 0.2437279899538642
21.95749 0.24356419426169088
21.9587 0.24340039856951762
21.9599 0.2432366028773443
21.96111 0.243072807185171
21.96232 0.24290901149299773
21.96352 0.24274521580082442
21.96473 0.2425814201086511
21.96594 0.24241762441647785
21.96714 0.24225382872430454
21.96835 0.24209003303213122
21.96956 0.24192623733995797
21.97076 0.24176244164778465
21.97197 0.24159864595561134
21.97318 0.24143485026343806
21.97438 0.24127105457126477
21.97559 0.24110725887909146
21.9768 0.24094346318691817
21.978 0.240752368212716
21.97921 0.2405885725205427
21.98042 0.24042477682836938
21.98163 0.2402336818541672
21.98283 0.24006988616199393
21.98404 0.23990609046982062
21.98525 0.23971499549561845
21.98645 0.23955119980344514
21.98766 0.23936010482924297
21.98887 0.23919630913706968
21.99007 0.23900521416286752
21.99128 0.2388414184706942
21.99249 0.238650323496492
21.99369 0.2384865278043187
21.9949 0.23832273211214544
21.99611 0.23813163713794328
21.99731 0.23796784144576996
21.99852 0.23777674647156777
21.99973 0.2376129507793945
22.00093 0.23742185580519232
22.00214 0.237258060113019
22.00335 0.23706696513881684
22.00455 0.23690316944664352
22.00576 0.23673937375447027
22.00697 0.23654827878026807
22.00818 0.23638448308809476
22.00938 0.23622068739592145
22.01059 0.2360568917037482
22.0118 0.23586579672954602
22.013 0.2357020010373727
22.01421 0.2355382053451994
22.01542 0.2353744096530261
22.01662 0.23521061396085283
22.01783 0.2350468182686795
22.01904 0.23488302257650623
22.02024 0.23471922688433292
22.02145 0.23455543119215963
22.02266 0.23441893478201523
22.02386 0.2342551390898419
22.02507 0.23409134339766866
22.02628 0.23392754770549534
22.02748 0.23376375201332203
22.02869 0.23362725560317762
22.0299 0.2334634599110043
22.0311 0.23329966421883103
22.03231 0.23316316780868662
22.03352 0.2329993721165133
22.03473 0.23283557642434002
22.03593 0.2326990800141956
22.03714 0.23253528432202233
22.03835 0.2323987879118779
22.03955 0.23223499221970462
22.04076 0.2320711965275313
22.04197 0.23193470011738687
22.04317 0.23177090442521361
22.04438 0.23163440801506918
22.04559 0.2314706123228959
22.04679 0.23130681663072258
22.048 0.2311703202205782
22.04921 0.2310065245284049
22.05041 0.2308700281182605
22.05162 0.23070623242608718
22.05283 0.23054243673391386
22.05403 0.2304059403237695
22.05524 0.23024214463159617
22.05645 0.23007834893942286
22.05765 0.22994185252927846
22.05886 0.22977805683710514
22.06007 0.22961426114493189
22.06128 0.22945046545275857
22.06248 0.22928666976058526
22.06369 0.22915017335044088
22.0649 0.22898637765826757
22.0661 0.22882258196609429
22.06731 0.22865878627392097
22.06852 0.2284949905817477
22.06972 0.2283311948895744
22.07093 0.2281673991974011
22.07214 0.22800360350522778
22.07334 0.22783980781305452
22.07455 0.2276760121208812
22.07576 0.2275122164287079
22.07696 0.22734842073653463
22.07817 0.22718462504436132
22.07938 0.227020829352188
22.08058 0.2268570336600147
22.08179 0.22669323796784144
22.083 0.22652944227566812
22.0842 0.2263656465834948
22.08541 0.22620185089132155
22.08662 0.22603805519914824
22.08783 0.22587425950697493
22.08903 0.22571046381480167
22.09024 0.22554666812262836
22.09145 0.22538287243045504
22.09265 0.2252190767382818
22.09386 0.22505528104610847
22.09507 0.22489148535393516
22.09627 0.2247276896617619
22.09748 0.2245638939695886
22.09869 0.22440009827741528
22.09989 0.224236302585242
22.1011 0.2240725068930687
22.10231 0.2239087112008954
22.10351 0.2237449155087221
22.10472 0.22358111981654882
22.10593 0.2234173241243755
22.10713 0.22325352843220223
22.10834 0.2230897327400289
22.10955 0.22292593704785563
22.11075 0.22276214135568234
22.11196 0.22259834566350903
22.11317 0.22243454997133574
22.11438 0.22224345499713355
22.11558 0.2220796593049603
22.11679 0.22191586361278698
22.118 0.22175206792061367
22.1192 0.22156097294641147
22.12041 0.22139717725423821
22.12162 0.2212333815620649
22.12282 0.22104228658786274
22.12403 0.22087849089568942
22.12524 0.22068739592148723
22.12644 0.22052360022931397
22.12765 0.22035980453714066
22.12886 0.2201687095629385
22.13006 0.22000491387076518
22.13127 0.21981381889656298
22.13248 0.21965002320438973
22.13368 0.21948622751221641
22.13489 0.2193224318200431
22.1361 0.21913133684584093
22.1373 0.21896754115366765
22.13851 0.21880374546149434
22.13972 0.21863994976932102
22.14093 0.21847615407714777
22.14213 0.21831235838497445
22.14334 0.21814856269280114
22.14455 0.21798476700062788
22.14575 0.21782097130845457
22.14696 0.21765717561628126
22.14817 0.21752067920613688
22.14937 0.21735688351396357
22.15058 0.21722038710381916
22.15179 0.21705659141164585
22.15299 0.21692009500150145
22.1542 0.216783598591357
22.15541 0.2166471021812126
22.15661 0.21651060577106823
22.15782 0.21637410936092377
22.15903 0.21626491223280825
22.16023 0.21612841582266387
22.16144 0.21601921869454835
22.16265 0.2158827222844039
22.16386 0.21577352515628836
22.16506 0.215637028746144
22.16627 0.21552783161802844
22.16748 0.21541863448991289
22.16868 0.21530943736179736
22.16989 0.21520024023368184
22.1711 0.21509104310556632
22.1723 0.2149818459774508
22.17351 0.21487264884933524
22.17472 0.21476345172121972
22.17592 0.21468155387513307
22.17713 0.21457235674701755
22.17834 0.21446315961890203
22.17954 0.21438126177281536
22.18075 0.21427206464469983
22.18196 0.2141901667986132
22.18316 0.21408096967049767
22.18437 0.213999071824411
22.18558 0.21391717397832435
22.18678 0.2138352761322377
22.18799 0.21372607900412216
22.1892 0.21364418115803552
22.19041 0.21356228331194888
22.19161 0.21348038546586226
22.19282 0.2133984876197756
22.19403 0.21331658977368895
22.19523 0.21323469192760228
22.19644 0.21315279408151563
22.19765 0.2130981955174579
22.19885 0.21301629767137123
22.20006 0.2129343998252846
22.20127 0.21285250197919792
22.20247 0.21279790341514018
22.20368 0.21271600556905354
22.20489 0.21263410772296687
22.20609 0.21257950915890908
22.2073 0.21249761131282247
22.20851 0.2124430127487647
22.20971 0.21238841418470691
22.21092 0.21233381562064918
22.21213 0.2122792170565914
22.21333 0.21222461849253363
22.21454 0.21217001992847587
22.21575 0.2121154213644181
22.21696 0.2120881220823892
22.21816 0.21203352351833146
22.21937 0.21200622423630258
22.22058 0.21195162567224482
22.22178 0.21192432639021594
22.22299 0.21186972782615815
22.2242 0.21184242854412927
22.2254 0.21181512926210042
22.22661 0.21176053069804263
22.22782 0.21173323141601375
22.22902 0.21170593213398484
22.23023 0.2116513335699271
22.23144 0.21162403428789822
22.23264 0.2115967350058693
22.23385 0.21156943572384046
22.23506 0.21151483715978267
22.23626 0.2114875378777538
22.23747 0.21143293931369606
22.23868 0.21140564003166715
22.23988 0.21135104146760939
22.24109 0.21132374218558053
22.2423 0.21126914362152274
22.24351 0.21124184433949386
22.24471 0.2111872457754361
22.24592 0.21113264721137834
22.24713 0.21107804864732055
22.24833 0.2110234500832628
22.24954 0.21096885151920503
22.25075 0.21091425295514726
22.25195 0.2108323551090606
22.25316 0.21077775654500286
22.25437 0.2106958586989162
22.25557 0.21061396085282955
22.25678 0.2105593622887718
22.25799 0.21047746444268514
22.25919 0.2103955665965985
22.2604 0.21031366875051183
22.26161 0.21023177090442519
22.26281 0.21014987305833857
22.26402 0.21006797521225193
22.26523 0.20998607736616526
22.26643 0.20987688023804973
22.26764 0.2097949823919631
22.26885 0.20971308454587642
22.27006 0.2096038874177609
22.27126 0.20952198957167426
22.27247 0.20944009172558758
22.27368 0.20933089459747206
22.27488 0.20924899675138542
22.27609 0.2091397996232699
22.2773 0.20905790177718322
22.2785 0.2089487046490677
22.27971 0.20886680680298106
22.28092 0.20875760967486554
22.28212 0.20867571182877886
22.28333 0.20856651470066334
22.28454 0.2084846168545767
22.28574 0.20837541972646118
22.28695 0.20829352188037456
22.28816 0.20818432475225898
22.28936 0.20810242690617237
22.29057 0.20799322977805682
22.29178 0.2079113319319702
22.29298 0.20780213480385462
22.29419 0.207720236957768
22.2954 0.20763833911168136
22.29661 0.2075564412655947
22.29781 0.20744724413747917
22.29902 0.20736534629139253
22.30023 0.20728344844530586
22.30143 0.20720155059921921
22.30264 0.2071196527531326
22.30385 0.20703775490704596
22.30505 0.2069285577789304
22.30626 0.20684665993284376
22.30747 0.20673746280472824
22.30867 0.2066555649586416
22.30988 0.20654636783052605
22.31109 0.2064644699844394
22.31229 0.20635527285632388
22.3135 0.20624607572820836
22.31471 0.20616417788212169
22.31591 0.20605498075400616
22.31712 0.2059457836258906
22.31833 0.205863885779804
22.31953 0.20575468865168847
22.32074 0.2056454915235729
22.32195 0.20556359367748628
22.32316 0.20545439654937073
22.32436 0.2053724987032841
22.32557 0.2052633015751686
22.32678 0.20518140372908192
22.32798 0.20509950588299528
22.32919 0.2050176080369086
22.3304 0.20493571019082196
22.3316 0.20485381234473532
22.33281 0.20477191449864865
22.33402 0.20469001665256203
22.33522 0.20463541808850425
22.33643 0.2045535202424176
22.33764 0.20449892167835987
22.33884 0.20444432311430208
22.34005 0.20438972455024434
22.34126 0.20433512598618656
22.34246 0.20430782670415767
22.34367 0.20425322814009989
22.34488 0.20422592885807103
22.34608 0.20419862957604215
22.34729 0.20417133029401324
22.3485 0.20417133029401324
22.34971 0.20414403101198436
22.35091 0.20414403101198436
22.35212 0.20417133029401324
22.35333 0.20417133029401324
22.35453 0.20417133029401324
22.35574 0.20419862957604215
22.35695 0.20422592885807103
22.35815 0.20425322814009989
22.35936 0.20428052742212877
22.36057 0.20433512598618656
22.36177 0.2043624252682154
22.36298 0.2044170238322732
22.36419 0.20447162239633096
22.36539 0.20452622096038872
22.3666 0.2045808195244465
22.36781 0.20463541808850425
22.36901 0.20471731593459092
22.37022 0.20477191449864865
22.37143 0.20482651306270644
22.37263 0.20490841090879308
22.37384 0.20499030875487975
22.37505 0.20504490731893749
22.37626 0.20512680516502413
22.37746 0.2052087030111108
22.37867 0.2052633015751686
22.37988 0.2053451994212552
22.38108 0.20542709726734185
22.38229 0.2055089951134285
22.3835 0.20559089295951516
22.3847 0.2056454915235729
22.38591 0.20572738936965956
22.38712 0.2058092872157462
22.38832 0.20589118506183285
22.38953 0.2059457836258906
22.39074 0.20602768147197725
22.39194 0.20610957931806392
22.39315 0.20616417788212169
22.39436 0.20624607572820836
22.39556 0.2063006742922661
22.39677 0.20635527285632388
22.39798 0.20643717070241052
22.39919 0.20649176926646828
22.40039 0.20657366711255493
22.4016 0.20662826567661266
22.40281 0.20671016352269933
22.40401 0.20679206136878597
22.40522 0.20687395921487264
22.40643 0.20698315634298817
22.40763 0.2070650541890748
22.40884 0.20714695203516148
22.41005 0.207256149163277
22.41125 0.20733804700936365
22.41246 0.20744724413747917
22.41367 0.20752914198356584
22.41487 0.20763833911168136
22.41608 0.207720236957768
22.41729 0.20780213480385462
22.41849 0.2079113319319702
22.4197 0.20799322977805682
22.42091 0.20810242690617237
22.42211 0.20818432475225898
22.42332 0.20826622259834565
22.42453 0.2083481204444323
22.42574 0.20843001829051894
22.42694 0.2085119161366056
22.42815 0.20856651470066334
22.42936 0.20864841254675
22.43056 0.20870301111080777
22.43177 0.20875760967486554
22.43298 0.2088122082389233
22.43418 0.20886680680298106
22.43539 0.20892140536703885
22.4366 0.2089487046490677
22.4378 0.2089760039310966
22.43901 0.2090033032131255
22.44022 0.20903060249515437
22.44142 0.20903060249515437
22.44263 0.20903060249515437
22.44384 0.20903060249515437
22.44504 0.20903060249515437
22.44625 0.2090033032131255
22.44746 0.2089760039310966
22.44866 0.20892140536703885
22.44987 0.20889410608500997
22.45108 0.20883950752095218
22.45229 0.20878490895689444
22.45349 0.20873031039283665
22.4547 0.20867571182877886
22.45591 0.20859381398269225
22.45711 0.2085119161366056
22.45832 0.20845731757254782
22.45953 0.2083481204444323
22.46073 0.20826622259834565
22.46194 0.20818432475225898
22.46315 0.20807512762414346
22.46435 0.20799322977805682
22.46556 0.2078840326499413
22.46677 0.20777483552182574
22.46797 0.20766563839371022
22.46918 0.20752914198356584
22.47039 0.20741994485545032
22.47159 0.20731074772733474
22.4728 0.20717425131719033
22.47401 0.20703775490704596
22.47521 0.2069285577789304
22.47642 0.20679206136878597
22.47763 0.2066555649586416
22.47884 0.20651906854849714
22.48004 0.20638257213835276
22.48125 0.20624607572820836
22.48246 0.20610957931806392
22.48366 0.20597308290791952
22.48487 0.2058092872157462
22.48608 0.2056727908056018
22.48728 0.20553629439545737
22.48849 0.2053724987032841
22.4897 0.20523600229313968
22.4909 0.20509950588299528
22.49211 0.20493571019082196
22.49332 0.20479921378067756
22.49452 0.20466271737053313
22.49573 0.20449892167835987
22.49694 0.20433512598618656
22.49814 0.20417133029401324
22.49935 0.20400753460183996
22.50056 0.2038164396276378
22.50176 0.20365264393546448
22.50297 0.2034615489612623
22.50418 0.20327045398706012
22.50539 0.20307935901285795
22.50659 0.20288826403865576
22.5078 0.2026698697824247
22.50901 0.20247877480822252
22.51021 0.20226038055199147
22.51142 0.2020692855777893
22.51263 0.20185089132155826
22.51383 0.20163249706532715
22.51504 0.201441402091125
22.51625 0.2012230078348939
22.51745 0.20100461357866287
22.51866 0.2008135186044607
22.51987 0.20059512434822963
22.52107 0.20037673009199858
22.52228 0.2001856351177964
22.52349 0.1999672408615653
22.52469 0.19977614588736314
22.5259 0.1995577516311321
22.52711 0.1993666566569299
22.52831 0.19917556168272774
22.52952 0.19898446670852554
22.53073 0.19879337173432338
22.53194 0.19860227676012118
22.53314 0.19843848106794792
22.53435 0.1982746853757746
22.53556 0.19808359040157242
22.53676 0.197947093991428
22.53797 0.19778329829925473
22.53918 0.19761950260708142
22.54038 0.197483006196937
22.54159 0.19734650978679258
22.5428 0.19723731265867706
22.544 0.19710081624853265
22.54521 0.19699161912041713
22.54642 0.1968824219923016
22.54762 0.19674592558215717
22.54883 0.19663672845404165
22.55004 0.1965275313259261
22.55124 0.19641833419781057
22.55245 0.19630913706969505
22.55366 0.19619993994157953
22.55486 0.196090742813464
22.55607 0.19600884496737736
22.55728 0.19589964783926184
22.55849 0.1957904507111463
22.55969 0.19570855286505964
22.5609 0.195626655018973
22.56211 0.19554475717288633
22.56331 0.1954628593267997
22.56452 0.19538096148071302
22.56573 0.1952990636346264
22.56693 0.19521716578853976
22.56814 0.19516256722448197
22.56935 0.19508066937839533
22.57055 0.1950260708143376
22.57176 0.1949714722502798
22.57297 0.19491687368622204
22.57417 0.19488957440419313
22.57538 0.1948349758401354
22.57659 0.19480767655810652
22.57779 0.19475307799404876
22.579 0.19472577871201988
22.58021 0.19472577871201988
22.58141 0.19469847942999097
22.58262 0.1946711801479621
22.58383 0.1946711801479621
22.58504 0.1946711801479621
22.58624 0.1946711801479621
22.58745 0.19469847942999097
22.58866 0.19469847942999097
22.58986 0.19472577871201988
22.59107 0.19475307799404876
22.59228 0.1947803772760776
22.59348 0.1948349758401354
22.59469 0.19486227512216428
22.5959 0.19491687368622204
22.5971 0.19499877153230866
22.59831 0.19505337009636645
22.59952 0.19513526794245312
22.60072 0.19521716578853976
22.60193 0.1952990636346264
22.60314 0.19538096148071302
22.60434 0.19549015860882857
22.60555 0.1955720564549152
22.60676 0.19568125358303073
22.60797 0.1957904507111463
22.60917 0.1959269471212907
22.61038 0.1960361442494062
22.61159 0.19617264065955062
22.61279 0.19630913706969505
22.614 0.19641833419781057
22.61521 0.19655483060795498
22.61641 0.1967186263001283
22.61762 0.1968551227102727
22.61883 0.19699161912041713
22.62003 0.19715541481259044
22.62124 0.19729191122273484
22.62245 0.19745570691490813
22.62365 0.19761950260708142
22.62486 0.19778329829925473
22.62607 0.197947093991428
22.62727 0.1981108896836013
22.62848 0.1982746853757746
22.62969 0.19843848106794792
22.63089 0.19860227676012118
22.6321 0.19879337173432338
22.63331 0.19895716742649666
22.63452 0.19912096311866997
22.63572 0.19931205809287217
22.63693 0.19947585378504543
22.63814 0.19963964947721874
22.63934 0.1998307444514209
22.64055 0.19999454014359422
22.64176 0.2001583358357675
22.64296 0.20034943080996967
22.64417 0.20054052578417186
22.64538 0.20073162075837403
22.64658 0.20092271573257622
22.64779 0.2011138107067784
22.649 0.20130490568098058
22.6502 0.20152329993721163
22.65141 0.20174169419344268
22.65262 0.20193278916764487
22.65382 0.20215118342387595
22.65503 0.202369577680107
22.65624 0.20261527121836692
22.65744 0.20283366547459802
22.65865 0.20305205973082907
22.65986 0.203297753269089
22.66107 0.20351614752532007
22.66227 0.20373454178155115
22.66348 0.20398023531981105
22.66469 0.20422592885807103
22.66589 0.20444432311430208
22.6671 0.20469001665256203
22.66831 0.20490841090879308
22.66951 0.205154104447053
22.67072 0.20539979798531297
22.67193 0.20561819224154404
22.67313 0.205863885779804
22.67434 0.20608228003603504
22.67555 0.20632797357429497
22.67675 0.20654636783052605
22.67796 0.20676476208675712
22.67917 0.20701045562501702
22.68037 0.20722884988124812
22.68158 0.20744724413747917
22.68279 0.20766563839371022
22.68399 0.2078567333679124
22.6852 0.20807512762414346
22.68641 0.20829352188037456
22.68762 0.2084846168545767
22.68882 0.20867571182877886
22.69003 0.20886680680298106
22.69124 0.20905790177718322
22.69244 0.20924899675138542
22.69365 0.20941279244355873
22.69486 0.2096038874177609
22.69606 0.2097949823919631
22.69727 0.20995877808413638
22.69848 0.21014987305833857
22.69968 0.21031366875051183
22.70089 0.21050476372471402
22.7021 0.21066855941688734
22.7033 0.2108323551090606
22.70451 0.2109961508012339
22.70572 0.2111872457754361
22.70692 0.21135104146760939
22.70813 0.21151483715978267
22.70934 0.21167863285195598
22.71054 0.21184242854412927
22.71175 0.21200622423630258
22.71296 0.21214272064644699
22.71417 0.2123065163386203
22.71537 0.21247031203079356
22.71658 0.21263410772296687
22.71779 0.21277060413311127
22.71899 0.2129343998252846
22.7202 0.213070896235429
22.72141 0.21323469192760228
22.72261 0.21337118833774668
22.72382 0.21353498402992
22.72503 0.21367148044006443
22.72623 0.21380797685020883
22.72744 0.21394447326035324
22.72865 0.21410826895252652
22.72985 0.21424476536267092
22.73106 0.21438126177281536
22.73227 0.21451775818295976
22.73347 0.2146542545931042
22.73468 0.2147907510032486
22.73589 0.214927247413393
22.73709 0.21506374382353743
22.7383 0.21520024023368184
22.73951 0.21530943736179736
22.74072 0.2154459337719418
22.74192 0.2155824301820862
22.74313 0.21569162731020172
22.74434 0.21582812372034615
22.74554 0.21593732084846168
22.74675 0.21607381725860608
22.74796 0.2161830143867216
22.74916 0.21629221151483713
22.75037 0.21640140864295265
22.75158 0.21653790505309709
22.75278 0.2166471021812126
22.75399 0.21675629930932813
22.7552 0.21686549643744368
22.7564 0.2169746935655592
22.75761 0.21705659141164585
22.75882 0.21716578853976137
22.76002 0.2172749856678769
22.76123 0.21738418279599248
22.76244 0.2174660806420791
22.76364 0.21757527777019461
22.76485 0.21768447489831017
22.76606 0.21776637274439678
22.76727 0.21787556987251236
22.76847 0.21795746771859897
22.76968 0.21806666484671453
22.77089 0.21814856269280114
22.77209 0.21825775982091666
22.7733 0.21833965766700333
22.77451 0.21842155551308998
22.77571 0.2185307526412055
22.77692 0.21861265048729217
22.77813 0.2186945483333788
22.77933 0.21880374546149434
22.78054 0.218885643307581
22.78175 0.21896754115366765
22.78295 0.21907673828178317
22.78416 0.21915863612786984
22.78537 0.2192405339739565
22.78657 0.219349731102072
22.78778 0.21943162894815862
22.78899 0.2195135267942453
22.79019 0.21962272392236082
22.7914 0.21970462176844746
22.79261 0.21981381889656298
22.79382 0.21989571674264966
22.79502 0.22000491387076518
22.79623 0.22008681171685182
22.79744 0.22019600884496734
22.79864 0.22030520597308287
22.79985 0.22041440310119845
22.80106 0.22052360022931397
22.80226 0.2206054980754006
22.80347 0.22071469520351614
22.80468 0.22082389233163166
22.80588 0.2209330894597472
22.80709 0.22104228658786274
22.8083 0.22115148371597826
22.8095 0.2212333815620649
22.81071 0.22134257869018042
22.81192 0.22145177581829595
22.81312 0.22156097294641147
22.81433 0.22164287079249814
22.81554 0.22175206792061367
22.81675 0.2218339657667003
22.81795 0.22194316289481583
22.81916 0.2220250607409025
22.82037 0.22210695858698914
22.82157 0.22221615571510467
22.82278 0.22229805356119134
22.82399 0.22237995140727798
22.82519 0.22243454997133574
22.8264 0.22251644781742239
22.82761 0.22259834566350903
22.82881 0.2226529442275668
22.83002 0.22270754279162455
22.83123 0.22278944063771122
22.83243 0.22284403920176896
22.83364 0.22287133848379787
22.83485 0.22292593704785563
22.83605 0.22295323632988454
22.83726 0.22300783489394227
22.83847 0.22303513417597115
22.83967 0.22303513417597115
22.84088 0.22306243345800006
22.84209 0.2230897327400289
22.8433 0.2230897327400289
22.8445 0.2230897327400289
22.84571 0.2230897327400289
22.84692 0.2230897327400289
22.84812 0.2230897327400289
22.84933 0.2230897327400289
22.85054 0.22306243345800006
22.85174 0.22306243345800006
22.85295 0.22303513417597115
22.85416 0.22300783489394227
22.85536 0.2229805356119134
22.85657 0.22295323632988454
22.85778 0.22292593704785563
22.85898 0.22289863776582675
22.86019 0.22284403920176896
22.8614 0.2228167399197401
22.8626 0.22276214135568234
22.86381 0.22270754279162455
22.86502 0.2226802435095957
22.86622 0.2226256449455379
22.86743 0.22257104638148018
22.86864 0.2224891485353935
22.86985 0.22243454997133574
22.87105 0.22237995140727798
22.87226 0.22229805356119134
22.87347 0.22224345499713355
22.87467 0.2221615571510469
22.87588 0.2220796593049603
22.87709 0.22199776145887362
22.87829 0.22191586361278698
22.8795 0.2218339657667003
22.88071 0.22175206792061367
22.88191 0.22164287079249814
22.88312 0.22156097294641147
22.88433 0.22145177581829595
22.88553 0.2213698779722093
22.88674 0.22126068084409378
22.88795 0.22115148371597826
22.88915 0.22104228658786274
22.89036 0.2209330894597472
22.89157 0.22082389233163166
22.89277 0.22068739592148723
22.89398 0.2205781987933717
22.89519 0.2204417023832273
22.8964 0.22027790669105402
22.8976 0.2201414102809096
22.89881 0.2199776145887363
22.90002 0.21981381889656298
22.90122 0.21965002320438973
22.90243 0.21948622751221641
22.90364 0.21929513253801422
22.90484 0.21910403756381205
22.90605 0.21891294258960986
22.90726 0.2187218476154077
22.90846 0.2185307526412055
22.90967 0.21833965766700333
22.91088 0.21814856269280114
22.91208 0.2179301684365701
22.91329 0.21773907346236793
22.9145 0.21754797848816573
22.9157 0.21732958423193469
22.91691 0.21713848925773252
22.91812 0.21692009500150145
22.91932 0.21672900002729928
22.92053 0.21651060577106823
22.92174 0.21631951079686604
22.92295 0.21612841582266387
22.92415 0.21593732084846168
22.92536 0.21571892659223063
22.92657 0.21552783161802844
22.92777 0.21536403592585515
22.92898 0.21517294095165296
22.93019 0.2149818459774508
22.93139 0.21481805028527748
22.9326 0.2146542545931042
22.93381 0.21449045890093088
22.93501 0.2143266632087576
22.93622 0.2141901667986132
22.93743 0.21405367038846876
22.93863 0.21391717397832435
22.93984 0.21378067756817995
22.94105 0.21367148044006443
22.94225 0.21356228331194888
22.94346 0.21345308618383335
22.94467 0.2133438890557178
22.94587 0.21323469192760228
22.94708 0.21312549479948675
22.94829 0.21301629767137123
22.9495 0.2129343998252846
22.9507 0.21282520269716906
22.95191 0.2127433048510824
22.95312 0.21263410772296687
22.95432 0.21255220987688023
22.95553 0.21247031203079356
22.95674 0.21236111490267803
22.95794 0.2122792170565914
22.95915 0.21219731921050472
22.96036 0.21214272064644699
22.96156 0.21206082280036034
22.96277 0.21197892495427367
22.96398 0.21192432639021594
22.96518 0.21184242854412927
22.96639 0.2117878299800715
22.9676 0.21173323141601375
22.9688 0.21167863285195598
22.97001 0.21162403428789822
22.97122 0.2115967350058693
22.97242 0.21154213644181158
22.97363 0.21151483715978267
22.97484 0.2114875378777538
22.97605 0.2114602385957249
22.97725 0.21143293931369606
22.97846 0.21140564003166715
22.97967 0.21140564003166715
22.98087 0.21140564003166715
22.98208 0.21140564003166715
22.98329 0.21140564003166715
22.98449 0.21140564003166715
22.9857 0.21143293931369606
22.98691 0.2114602385957249
22.98811 0.2114875378777538
22.98932 0.21151483715978267
22.99053 0.21154213644181158
22.99173 0.2115967350058693
22.99294 0.2116513335699271
22.99415 0.21170593213398484
22.99535 0.2117878299800715
22.99656 0.21184242854412927
22.99777 0.21192432639021594
22.99897 0.21203352351833146
23.00018 0.2121154213644181
23.00139 0.21222461849253363
23.0026 0.21233381562064918
23.0038 0.21247031203079356
23.00501 0.21257950915890908
23.00622 0.21271600556905354
23.00742 0.21285250197919792
23.00863 0.21298899838934235
23.00984 0.21312549479948675
23.01104 0.21328929049166007
23.01225 0.21342578690180447
23.01346 0.21358958259397778
23.01466 0.21375337828615104
23.01587 0.21391717397832435
23.01708 0.21408096967049767
23.01828 0.21427206464469983
23.01949 0.21443586033687312
23.0207 0.21462695531107528
23.0219 0.2147907510032486
23.02311 0.2149818459774508
23.02432 0.21517294095165296
23.02553 0.21536403592585515
23.02673 0.21552783161802844
23.02794 0.21571892659223063
23.02915 0.21591002156643277
23.03035 0.21610111654063496
23.03156 0.21629221151483713
23.03277 0.21648330648903932
23.03397 0.2166744014632415
23.03518 0.21686549643744368
23.03639 0.21705659141164585
23.03759 0.21724768638584804
23.0388 0.2174387813600502
23.04001 0.2176298763342524
23.04121 0.2177936720264257
23.04242 0.21798476700062788
23.04363 0.21817586197483005
23.04483 0.21833965766700333
23.04604 0.2185307526412055
23.04725 0.2187218476154077
23.04845 0.21891294258960986
23.04966 0.21910403756381205
23.05087 0.21929513253801422
23.05208 0.21948622751221641
23.05328 0.21967732248641858
23.05449 0.21986841746062077
23.0557 0.22008681171685182
23.0569 0.22027790669105402
23.05811 0.22049630094728506
23.05932 0.22068739592148723
23.06052 0.22090579017771833
23.06173 0.22112418443394938
23.06294 0.22131527940815157
23.06414 0.22153367366438262
23.06535 0.22175206792061367
23.06656 0.2219704621768447
23.06776 0.2221615571510469
23.06897 0.22237995140727798
23.07018 0.22259834566350903
23.07138 0.2228167399197401
23.07259 0.22303513417597115
23.0738 0.22322622915017332
23.075 0.22344462340640442
23.07621 0.22366301766263547
23.07742 0.2238814119188665
23.07863 0.2240725068930687
23.07983 0.22429090114929975
23.08104 0.2245092954055308
23.08225 0.224700390379733
23.08345 0.22491878463596407
23.08466 0.22510987961016626
23.08587 0.2253282738663973
23.08707 0.22551936884059948
23.08828 0.22571046381480167
23.08949 0.22590155878900384
23.09069 0.22609265376320603
23.0919 0.2262837487374082
23.09311 0.2264748437116104
23.09431 0.22666593868581256
23.09552 0.22682973437798584
23.09673 0.227020829352188
23.09793 0.2272119243263902
23.09914 0.22737572001856352
23.10035 0.22756681499276568
23.10155 0.22773061068493897
23.10276 0.22792170565914113
23.10397 0.22808550135131445
23.10518 0.2282765963255166
23.10638 0.22844039201768992
23.10759 0.2286041877098632
23.1088 0.22879528268406538
23.11 0.2289590783762387
23.11121 0.229122874068412
23.11242 0.22931396904261417
23.11362 0.22947776473478745
23.11483 0.22964156042696077
23.11604 0.22980535611913405
23.11724 0.22996915181130734
23.11845 0.23013294750348065
23.11966 0.23032404247768282
23.12086 0.23046053888782722
23.12207 0.23062433458000053
23.12328 0.23078813027217385
23.12448 0.2309519259643471
23.12569 0.23111572165652042
23.1269 0.23127951734869373
23.1281 0.23141601375883813
23.12931 0.23157980945101142
23.13052 0.23171630586115582
23.13173 0.23188010155332914
23.13293 0.23201659796347354
23.13414 0.23218039365564686
23.13535 0.23231689006579123
23.13655 0.23245338647593566
23.13776 0.23258988288608007
23.13897 0.2327263792962245
23.14017 0.2328628757063689
23.14138 0.2329993721165133
23.14259 0.23313586852665774
23.14379 0.23327236493680215
23.145 0.23338156206491767
23.14621 0.2335180584750621
23.14741 0.2336545548852065
23.14862 0.23376375201332203
23.14983 0.23390024842346646
23.15103 0.23400944555158198
23.15224 0.2341186426796975
23.15345 0.2342551390898419
23.15465 0.23436433621795744
23.15586 0.23450083262810187
23.15707 0.2346100297562174
23.15828 0.23471922688433292
23.15948 0.23482842401244847
23.16069 0.23496492042259284
23.1619 0.23507411755070842
23.1631 0.23518331467882395
23.16431 0.23529251180693947
23.16552 0.235401708935055
23.16672 0.23551090606317052
23.16793 0.23562010319128604
23.16914 0.2357020010373727
23.17034 0.23581119816548823
23.17155 0.23592039529360376
23.17276 0.2360022931396904
23.17396 0.23608419098577707
23.17517 0.2361933881138926
23.17638 0.23627528595997924
23.17758 0.2363571838060659
23.17879 0.23643908165215255
23.18 0.23652097949823916
23.1812 0.2366028773443258
23.18241 0.23668477519041248
23.18362 0.23673937375447027
23.18483 0.23682127160055688
23.18603 0.23687587016461464
23.18724 0.23693046872867243
23.18845 0.23698506729273017
23.18965 0.23703966585678796
23.19086 0.23709426442084572
23.19207 0.23714886298490348
23.19327 0.23717616226693236
23.19448 0.23723076083099015
23.19569 0.237258060113019
23.19689 0.23728535939504788
23.1981 0.23731265867707677
23.19931 0.23733995795910567
23.20051 0.23736725724113453
23.20172 0.23736725724113453
23.20293 0.2373945565231634
23.20413 0.2373945565231634
23.20534 0.2373945565231634
23.20655 0.2373945565231634
23.20775 0.2373945565231634
23.20896 0.2373945565231634
23.21017 0.2373945565231634
23.21138 0.23736725724113453
23.21258 0.23736725724113453
23.21379 0.23733995795910567
23.215 0.23731265867707677
23.2162 0.23731265867707677
23.21741 0.23728535939504788
23.21862 0.237258060113019
23.21982 0.23720346154896124
23.22103 0.23717616226693236
23.22224 0.23714886298490348
23.22344 0.23709426442084572
23.22465 0.23706696513881684
23.22586 0.23701236657475905
23.22706 0.23695776801070131
23.22827 0.23690316944664352
23.22948 0.2368485708825858
23.23068 0.236793972318528
23.23189 0.23673937375447027
23.2331 0.23668477519041248
23.23431 0.2366028773443258
23.23551 0.23654827878026807
23.23672 0.23646638093418143
23.23793 0.23638448308809476
23.23913 0.236329884524037
23.24034 0.23624798667795038
23.24155 0.2361660888318637
23.24275 0.23608419098577707
23.24396 0.23597499385766155
23.24517 0.23589309601157488
23.24637 0.23581119816548823
23.24758 0.2357020010373727
23.24879 0.23562010319128604
23.24999 0.23551090606317052
23.2512 0.23542900821708387
23.25241 0.23531981108896835
23.25361 0.23518331467882395
23.25482 0.23507411755070842
23.25603 0.23496492042259284
23.25723 0.23482842401244847
23.25844 0.23469192760230406
23.25965 0.23455543119215963
23.26086 0.23441893478201523
23.26206 0.2342551390898419
23.26327 0.2341186426796975
23.26448 0.2339548469875242
23.26568 0.2337910512953509
23.26689 0.23362725560317762
23.2681 0.2334634599110043
23.2693 0.23329966421883103
23.27051 0.23313586852665774
23.27172 0.23297207283448443
23.27292 0.23280827714231112
23.27413 0.23261718216810895
23.27534 0.23245338647593566
23.27654 0.2322622915017335
23.27775 0.23209849580956018
23.27896 0.23190740083535802
23.28016 0.2317436051431847
23.28137 0.23155251016898257
23.28258 0.23138871447680925
23.28378 0.23119761950260706
23.28499 0.23103382381043377
23.2862 0.23084272883623158
23.28741 0.23067893314405832
23.28861 0.230515137451885
23.28982 0.23032404247768282
23.29103 0.2301602467855095
23.29223 0.22999645109333625
23.29344 0.22983265540116293
23.29465 0.22966885970898962
23.29585 0.22950506401681636
23.29706 0.22934126832464305
23.29827 0.22920477191449865
23.29947 0.22904097622232533
23.30068 0.2289044798121809
23.30189 0.22874068412000764
23.30309 0.2286041877098632
23.3043 0.2284676912997188
23.30551 0.2283311948895744
23.30671 0.22819469847942997
23.30792 0.22803090278725666
23.30913 0.22789440637711225
23.31033 0.22775790996696788
23.31154 0.22759411427479456
23.31275 0.22745761786465016
23.31396 0.22729382217247684
23.31516 0.22715732576233244
23.31637 0.22699353007015916
23.31758 0.2268570336600147
23.31878 0.22669323796784144
23.31999 0.226556741557697
23.3212 0.2264202451475526
23.3224 0.2262564494553793
23.32361 0.22611995304523488
23.32482 0.2259834566350905
23.32602 0.2258196609429172
23.32723 0.22568316453277276
23.32844 0.22554666812262836
23.32964 0.22541017171248395
23.33085 0.22527367530233952
23.33206 0.225164478174224
23.33326 0.2250279817640796
23.33447 0.22491878463596407
23.33568 0.22478228822581964
23.33688 0.22467309109770411
23.33809 0.2245638939695886
23.3393 0.22445469684147307
23.34051 0.22434549971335754
23.34171 0.224236302585242
23.34292 0.22415440473915535
23.34413 0.22404520761103983
23.34533 0.22396330976495318
23.34654 0.2238814119188665
23.34775 0.22379951407277987
23.34895 0.2237449155087221
23.35016 0.22366301766263547
23.35137 0.22360841909857768
23.35257 0.22355382053451994
23.35378 0.22352652125249103
23.35499 0.22347192268843327
23.35619 0.22344462340640442
23.3574 0.2234173241243755
23.35861 0.22339002484234663
23.35981 0.22339002484234663
23.36102 0.22336272556031775
23.36223 0.22336272556031775
23.36343 0.22336272556031775
23.36464 0.22336272556031775
23.36585 0.22336272556031775
23.36706 0.22336272556031775
23.36826 0.22339002484234663
23.36947 0.2234173241243755
23.37068 0.2234173241243755
23.37188 0.22344462340640442
23.37309 0.22347192268843327
23.3743 0.22352652125249103
23.3755 0.22355382053451994
23.37671 0.22360841909857768
23.37792 0.22363571838060659
23.37912 0.22369031694466435
23.38033 0.2237449155087221
23.38154 0.22379951407277987
23.38274 0.22385411263683763
23.38395 0.2239087112008954
23.38516 0.22399060904698204
23.38636 0.22404520761103983
23.38757 0.22412710545712647
23.38878 0.22418170402118423
23.38998 0.22426360186727087
23.39119 0.22434549971335754
23.3924 0.22442739755944419
23.39361 0.2245092954055308
23.39481 0.22459119325161744
23.39602 0.224700390379733
23.39723 0.22478228822581964
23.39843 0.22486418607190628
23.39964 0.2249733832000218
23.40085 0.22508258032813735
23.40205 0.225164478174224
23.40326 0.22527367530233952
23.40447 0.22538287243045504
23.40567 0.22549206955857062
23.40688 0.22557396740465724
23.40809 0.22568316453277276
23.40929 0.2258196609429172
23.4105 0.22592885807103272
23.41171 0.22603805519914824
23.41291 0.22617455160929265
23.41412 0.22631104801943708
23.41533 0.22644754442958148
23.41653 0.22658404083972591
23.41774 0.22672053724987032
23.41895 0.22688433294204363
23.42016 0.227020829352188
23.42136 0.22718462504436132
23.42257 0.22734842073653463
23.42378 0.22748491714667904
23.42498 0.22764871283885235
23.42619 0.22783980781305452
23.4274 0.22800360350522778
23.4286 0.2281673991974011
23.42981 0.2283311948895744
23.43102 0.2285222898637766
23.43222 0.22868608555594985
23.43343 0.22887718053015205
23.43464 0.2290682755043542
23.43584 0.22923207119652753
23.43705 0.2294231661707297
23.43826 0.22961426114493189
23.43946 0.22980535611913405
23.44067 0.22996915181130734
23.44188 0.2301602467855095
23.44309 0.2303513417597117
23.44429 0.23054243673391386
23.4455 0.23073353170811606
23.44671 0.23092462668231822
23.44791 0.23111572165652042
23.44912 0.23127951734869373
23.45033 0.2314706123228959
23.45153 0.2316617072970981
23.45274 0.23185280227130026
23.45395 0.23201659796347354
23.45515 0.2322076929376757
23.45636 0.2323987879118779
23.45757 0.23256258360405122
23.45877 0.23275367857825338
23.45998 0.23291747427042667
23.46119 0.23308126996259995
23.46239 0.23327236493680215
23.4636 0.23343616062897546
23.46481 0.23359995632114872
23.46601 0.2337910512953509
23.46722 0.2339548469875242
23.46843 0.2341459419617264
23.46964 0.23433703693592856
23.47084 0.23450083262810187
23.47205 0.23469192760230406
23.47326 0.23485572329447732
23.47446 0.2350468182686795
23.47567 0.23523791324288168
23.47688 0.235401708935055
23.47808 0.2355928039092572
23.47929 0.23578389888345935
23.4805 0.23597499385766155
23.4817 0.2361387895498348
23.48291 0.236329884524037
23.48412 0.23652097949823916
23.48532 0.23668477519041248
23.48653 0.23687587016461464
23.48774 0.23706696513881684
23.48894 0.23723076083099015
23.49015 0.23742185580519232
23.49136 0.2376129507793945
23.49256 0.23777674647156777
23.49377 0.23796784144576996
23.49498 0.23813163713794328
23.49619 0.23832273211214544
23.49739 0.2384865278043187
23.4986 0.2386776227785209
23.49981 0.2388414184706942
23.50101 0.23900521416286752
23.50222 0.23919630913706968
23.50343 0.23936010482924297
23.50463 0.23952390052141626
23.50584 0.23968769621358957
23.50705 0.23985149190576285
23.50825 0.24001528759793617
23.50946 0.24017908329010945
23.51067 0.24034287898228274
23.51187 0.24047937539242717
23.51308 0.24064317108460048
23.51429 0.24080696677677374
23.51549 0.24094346318691817
23.5167 0.24110725887909146
23.51791 0.24127105457126477
23.51911 0.24143485026343806
23.52032 0.24159864595561134
23.52153 0.24176244164778465
23.52274 0.24192623733995797
23.52394 0.24211733231416013
23.52515 0.24228112800633342
23.52636 0.24247222298053558
23.52756 0.2426360186727089
23.52877 0.2427998143648822
23.52998 0.24299090933908438
23.53118 0.24315470503125766
23.53239 0.24331850072343095
23.5336 0.24350959569763314
23.5348 0.24367339138980645
23.53601 0.2438371870819797
23.53722 0.24400098277415302
23.53842 0.24416477846632634
23.53963 0.2443285741584996
23.54084 0.2444923698506729
23.54204 0.2446288662608173
23.54325 0.24479266195299063
23.54446 0.24492915836313503
23.54566 0.24506565477327946
23.54687 0.24520215118342384
23.54808 0.2453386475935683
23.54929 0.24544784472168382
23.55049 0.2455843411318282
23.5517 0.24569353825994375
23.55291 0.24580273538805927
23.55411 0.24588463323414592
23.55532 0.24596653108023256
23.55653 0.24604842892631923
23.55773 0.24613032677240587
23.55894 0.24618492533646363
23.56015 0.2462395239005214
23.56135 0.24629412246457916
23.56256 0.24632142174660807
23.56377 0.24634872102863692
23.56497 0.2463760203106658
23.56618 0.2463760203106658
23.56739 0.24634872102863692
23.56859 0.24634872102863692
23.5698 0.24632142174660807
23.57101 0.24632142174660807
23.57221 0.24629412246457916
23.57342 0.24626682318255028
23.57463 0.2462395239005214
23.57584 0.24621222461849254
23.57704 0.24615762605443475
23.57825 0.24613032677240587
23.57946 0.2460757282083481
23.58066 0.24602112964429035
23.58187 0.24596653108023256
23.58308 0.2459119325161748
23.58428 0.24585733395211704
23.58549 0.2457754361060304
23.5867 0.24569353825994375
23.5879 0.24561164041385708
23.58911 0.24552974256777046
23.59032 0.2454205454396549
23.59152 0.2453113483115394
23.59273 0.24520215118342384
23.59394 0.24506565477327946
23.59514 0.24495645764516394
23.59635 0.24481996123501948
23.59756 0.24465616554284622
23.59876 0.2444923698506729
23.59997 0.2443285741584996
23.60118 0.24416477846632634
23.60239 0.24397368349212414
23.60359 0.24375528923589307
23.6048 0.24356419426169088
23.60601 0.24334580000545983
23.60721 0.2431001064671999
23.60842 0.24285441292893994
23.60963 0.24260871939068002
23.61083 0.24233572657039118
23.61204 0.24206273375010234
23.61325 0.24176244164778465
23.61445 0.24146214954546694
23.61566 0.24113455816112037
23.61687 0.24080696677677374
23.61807 0.2404520761103983
23.61928 0.2400971854440228
23.62049 0.23971499549561845
23.62169 0.2393055062651852
23.6229 0.238896017034752
23.62411 0.23845922852228985
23.62531 0.23799514072779882
23.62652 0.23750375365127893
23.62773 0.23701236657475905
23.62894 0.23649368021621028
23.63014 0.23594769457563267
23.63135 0.235401708935055
23.63256 0.23482842401244847
23.63376 0.23422783980781303
23.63497 0.23362725560317762
23.63618 0.2329993721165133
23.63738 0.23237148862984902
23.63859 0.2317436051431847
23.6398 0.23108842237449154
23.641 0.23043323960579834
23.64221 0.2297507575550763
23.64342 0.2290682755043542
23.64462 0.22838579345363216
23.64583 0.22770331140291009
23.64704 0.22699353007015916
23.64824 0.22631104801943708
23.64945 0.22560126668668615
23.65066 0.22489148535393516
23.65186 0.22418170402118423
23.65307 0.22347192268843327
23.65428 0.22278944063771122
23.65549 0.2220796593049603
23.65669 0.2213698779722093
23.6579 0.22066009663945838
23.65911 0.2199776145887363
23.66031 0.21929513253801422
23.66152 0.21861265048729217
23.66273 0.2179301684365701
23.66393 0.21724768638584804
23.66514 0.21659250361715485
23.66635 0.21593732084846168
23.66755 0.21530943736179736
23.66876 0.21468155387513307
23.66997 0.21405367038846876
23.67117 0.21345308618383335
23.67238 0.2128798012612268
23.67359 0.2122792170565914
23.67479 0.21173323141601375
23.676 0.2111872457754361
23.67721 0.21061396085282955
23.67842 0.21004067593022302
23.67962 0.20944009172558758
23.68083 0.2088122082389233
23.68204 0.2082116240342879
23.68324 0.20758374054762357
23.68445 0.2069285577789304
23.68566 0.2063006742922661
23.68686 0.2056454915235729
23.68807 0.20499030875487975
23.68928 0.20433512598618656
23.69048 0.20367994321749336
23.69169 0.2030247604488002
23.6929 0.202369577680107
23.6941 0.2017143949114138
23.69531 0.20108651142474954
23.69652 0.20043132865605634
23.69772 0.19980344516939205
23.69893 0.19917556168272774
23.70014 0.1985749774780923
23.70134 0.1979743932734569
23.70255 0.1973738090688215
23.70376 0.19680052414621493
23.70497 0.1962545385056373
23.70617 0.19570855286505964
23.70738 0.19518986650651085
23.70859 0.1946711801479621
23.70979 0.1941797930714422
23.711 0.1937157052769512
23.71221 0.19327891676448908
23.71341 0.19286942753405587
23.71462 0.1924872375856515
23.71583 0.192132346919276
23.71703 0.19180475553492943
23.71824 0.1915044634326117
23.71945 0.19123147061232287
23.72065 0.19098577707406292
23.72186 0.19079468209986075
23.72307 0.19063088640768747
23.72427 0.19049438999754303
23.72548 0.1903851928694275
23.72669 0.19035789358739863
23.72789 0.19033059430536978
23.7291 0.19035789358739863
23.73031 0.1904397914334853
23.73152 0.19052168927957194
23.73272 0.19063088640768747
23.73393 0.19076738281783187
23.73514 0.19093117851000518
23.73634 0.1910949742021785
23.73755 0.19131336845840954
23.73876 0.1915317627146406
23.73996 0.19177745625290055
23.74117 0.19205044907318936
23.74238 0.19235074117550705
23.74358 0.19267833255985367
23.74479 0.19300592394420024
23.746 0.1933881138926046
23.7472 0.19377030384100896
23.74841 0.1941797930714422
23.74962 0.19461658158390435
23.75082 0.19508066937839533
23.75203 0.1955720564549152
23.75324 0.1960634435314351
23.75444 0.19660942917201277
23.75565 0.19715541481259044
23.75686 0.19772869973519694
23.75807 0.19832928393983237
23.75927 0.19895716742649666
23.76048 0.19961235019518986
23.76169 0.20029483224591194
23.76289 0.20097731429663399
23.7641 0.2017143949114138
23.76531 0.20245147552619366
23.76651 0.20324315470503124
23.76772 0.20403483388386884
23.76893 0.20485381234473532
23.77013 0.20570009008763068
23.77134 0.20657366711255493
23.77255 0.20747454341950805
23.77375 0.20837541972646118
23.77496 0.20933089459747206
23.77617 0.21031366875051183
23.77737 0.21129644290355162
23.77858 0.2123065163386203
23.77979 0.21337118833774668
23.78099 0.21443586033687312
23.7822 0.21552783161802844
23.78341 0.2166471021812126
23.78462 0.21782097130845457
23.78582 0.21899484043569653
23.78703 0.22025060740902513
23.78824 0.22153367366438262
23.78944 0.22287133848379787
23.79065 0.224236302585242
23.79186 0.22565586525074388
23.79306 0.22710272719827468
23.79427 0.2286041877098632
23.79548 0.23010564822145177
23.79668 0.2316617072970981
23.79789 0.23324506565477326
23.7991 0.23488302257650623
23.8003 0.23652097949823916
23.80151 0.23821353498402992
23.80272 0.23990609046982062
23.80392 0.24165324451966913
23.80513 0.24340039856951762
23.80634 0.24517485190139499
23.80754 0.2469766045153012
23.80875 0.24880565641123636
23.80996 0.2506347083071715
23.81117 0.2524910594851355
23.81237 0.2543747099451284
23.81358 0.2562583604051213
23.81479 0.2581693101471431
23.81599 0.2600802598891649
23.8172 0.26201850891321554
23.81841 0.26395675793726625
23.81961 0.2658950069613169
23.82082 0.26783325598536756
23.82203 0.26979880429144715
23.82323 0.2717370533154978
23.82444 0.27370260162157733
23.82565 0.27566814992765687
23.82685 0.2776063989517076
23.82806 0.2795719472577871
23.82927 0.28151019628183777
23.83047 0.2834484453058885
23.83168 0.2853866943299391
23.83289 0.2873249433539898
23.83409 0.28923589309601155
23.8353 0.2911468428380333
23.83651 0.2930304932980263
23.83772 0.2948868444759903
23.83892 0.2967704949359832
23.84013 0.29865414539597607
23.84134 0.3006196937020556
23.84254 0.30261254129016407
23.84375 0.30463268816030137
23.84496 0.3067074335944965
23.84616 0.30878217902869154
23.84737 0.31091152302694436
23.84858 0.3130681663072261
23.84978 0.3152521088695367
23.85099 0.3174633507138762
23.8522 0.3197018918402446
23.8534 0.32194043296661295
23.85461 0.3241789740929813
23.85582 0.32644481450137863
23.85702 0.32873795419180474
23.85823 0.3310310938822309
23.85944 0.3332969342906281
23.86064 0.3355900739810543
23.86185 0.33788321367148044
23.86306 0.34014905407987767
23.86427 0.34241489448827495
23.86547 0.3446807348966722
23.86668 0.34691927602304057
23.86789 0.3491305178673801
23.86909 0.3513417597117196
23.8703 0.3535257022740302
23.87151 0.35565504627228306
23.87271 0.3577843902705359
23.87392 0.3598864349867598
23.87513 0.36193388113892605
23.87633 0.36392672872703447
23.87754 0.36589227703311406
23.87875 0.36783052605716465
23.87995 0.3696868772351287
23.88116 0.3715159291310638
23.88237 0.3732903824629412
23.88357 0.37498293794873194
23.88478 0.3766208948704649
23.88599 0.37820425322814005
23.8872 0.3797057137397286
23.8884 0.3811525756872594
23.88961 0.3825175397887035
23.89082 0.383800606044061
23.89202 0.384974475171303
23.89323 0.3860937457344872
23.89444 0.3871584177336136
23.89564 0.3881957904507111
23.89685 0.3891785646037509
23.89806 0.39016133875679065
23.89926 0.3911168136278016
23.90047 0.3920176899347547
23.90168 0.3928912669596789
23.90288 0.39373754470257427
23.90409 0.39455652316344075
23.9053 0.3953209030602495
23.9065 0.39605798367502926
23.90771 0.39674046572575133
23.90892 0.3973956484944446
23.91012 0.3980235319811089
23.91133 0.3985695176216865
23.91254 0.3991155032622642
23.91375 0.3996068903387841
23.91495 0.4000436788512462
23.91616 0.40042586879965053
23.91737 0.400780759466026
23.91857 0.4010537522863149
23.91978 0.4012994458245748
23.92099 0.401490540798777
23.92219 0.4016270372089214
23.9234 0.4017362343370369
23.92461 0.4017635336190658
23.92581 0.4017362343370369
23.92702 0.4016543364909503
23.92823 0.4015178400808058
23.92943 0.40132674510660366
23.93064 0.4010537522863149
23.93185 0.40075346018399716
23.93305 0.4003712702355928
23.93426 0.3999344817231306
23.93547 0.3994157953645819
23.93667 0.3988425104419754
23.93788 0.39821462695531107
23.93909 0.39750484562256005
23.9403 0.39674046572575133
23.9415 0.395894187982856
23.94271 0.39499331167590296
23.94392 0.39401053752286314
23.94512 0.3929458655237367
23.94633 0.3918265949605525
23.94754 0.3906254265512817
23.94874 0.3893423602959242
23.94995 0.38795009691245114
23.95116 0.38642133711883375
23.95236 0.3847833801971008
23.95357 0.3830089268652234
23.95478 0.38112527640523053
23.95598 0.3791324288171221
23.95719 0.3770303841008982
23.9584 0.37481914225655866
23.9596 0.3725533018481614
23.96081 0.3701782643116486
23.96202 0.36772132892904913
23.96322 0.365209794982392
23.96443 0.36261636318964807
23.96564 0.3599410335508176
23.96685 0.3572384046299582
23.96805 0.35448117714504107
23.96926 0.3516693510960661
23.97047 0.34880292648303346
23.97167 0.3459365018700008
23.97288 0.3430154786929104
23.97409 0.340067156233791
23.97529 0.33709153449264284
23.9765 0.3341159127514946
23.97771 0.3311402910103464
23.97891 0.3281373699871693
23.98012 0.32516174824602107
23.98133 0.3221861265048729
23.98253 0.3192105047637247
23.98374 0.31623488302257646
23.98495 0.31331385984548604
23.98615 0.31039283666839557
23.98736 0.307499112773334
23.98857 0.30465998744233025
23.98977 0.30184816139335535
23.99098 0.2990636346264093
23.99219 0.2963610057055499
23.9934 0.2936856760667194
23.9946 0.2910649449919467
23.99581 0.28852611176326065
23.99702 0.28604187709863227
23.99822 0.28363954028009064
23.99943 0.2812918020256067
24.00064 0.27902596161720944
24.00184 0.27684201905489886
24.00305 0.27476727362070374
24.00426 0.27274712675056645
24.00546 0.27075427916245803
24.00667 0.2687341322923207
24.00788 0.2667139854221834
24.00908 0.26466653927001715
24.01029 0.262619093117851
24.0115 0.2605443476836559
24.0127 0.2584969015314897
24.01391 0.2564494553793235
24.01512 0.2543747099451284
24.01632 0.2523272637929622
24.01753 0.25027981764079604
24.01874 0.2482596707706587
24.01995 0.2462395239005214
24.02115 0.24421937703038407
24.02236 0.24222652944227566
24.02357 0.24028828041822498
24.02477 0.23832273211214544
24.02598 0.23641178237012364
24.02719 0.23452813191013075
24.02839 0.23267178073216674
24.0296 0.2308700281182605
24.03081 0.2290955747863831
24.03201 0.22734842073653463
24.03322 0.225628565968715
24.03443 0.22399060904698204
24.03563 0.22237995140727798
24.03684 0.22079659304960275
24.03805 0.21929513253801422
24.03925 0.21784827059048345
24.04046 0.21642870792498156
24.04167 0.21509104310556632
24.04287 0.21380797685020883
24.04408 0.212606808440938
24.04529 0.2114602385957249
24.0465 0.21036826731456962
24.0477 0.20935819387950094
24.04891 0.20843001829051894
24.05012 0.2075564412655947
24.05132 0.20679206136878597
24.05253 0.20608228003603504
24.05374 0.20545439654937073
24.05494 0.20493571019082196
24.05615 0.20447162239633096
24.05736 0.2041167317299555
24.05856 0.20387103819169552
24.05977 0.20370724249952227
24.06098 0.20365264393546448
24.06218 0.20376184106358
24.06339 0.20398023531981105
24.0646 0.20433512598618656
24.0658 0.20479921378067756
24.06701 0.2053724987032841
24.06822 0.20608228003603504
24.06942 0.20687395921487264
24.07063 0.2077475362397969
24.07184 0.20873031039283665
24.07305 0.20982228167399194
24.07425 0.21096885151920503
24.07546 0.21219731921050472
24.07667 0.2135076847478911
24.07787 0.21487264884933524
24.07908 0.21629221151483713
24.08029 0.2177936720264257
24.08149 0.2193224318200431
24.0827 0.22090579017771833
24.08391 0.22251644781742239
24.08511 0.22418170402118423
24.08632 0.22587425950697493
24.08753 0.22756681499276568
24.08873 0.22931396904261417
24.08994 0.23103382381043377
24.09115 0.23278097786028226
24.09235 0.23452813191013075
24.09356 0.23627528595997924
24.09477 0.23799514072779882
24.09598 0.23971499549561845
24.09718 0.24140755098140915
24.09839 0.2431001064671999
24.0996 0.24473806338893284
24.1008 0.24632142174660807
24.10201 0.2478774808222544
24.10322 0.24937894133384292
24.10442 0.2508258032813737
24.10563 0.2522180666648467
24.10684 0.25352843220223303
24.10804 0.25478419917556167
24.10925 0.2559580683028036
24.11046 0.25702274030193
24.11166 0.2580328137369987
24.11287 0.25893369004395184
24.11408 0.25972536922278944
24.11528 0.2604078512735115
24.11649 0.2610084354781469
24.1177 0.26160901968278233
24.1189 0.2621823046053889
24.12011 0.2627555895279954
24.12132 0.26330157516857305
24.12253 0.26387486009117955
24.12373 0.26439354644972834
24.12494 0.26491223280827714
24.12615 0.265403619884797
24.12735 0.265867707679288
24.12856 0.266331795473779
24.12977 0.26676858398624115
24.13097 0.26717807321667436
24.13218 0.26756026316507875
24.13339 0.2679424531134831
24.13459 0.26827004449782965
24.1358 0.2685703366001474
24.13701 0.2688433294204362
24.13821 0.2690890229586962
24.13942 0.26930741721492724
24.14063 0.2694985121891294
24.14183 0.2696350085992738
24.14304 0.26974420572738933
24.14425 0.26979880429144715
24.14545 0.26985340285550485
24.14666 0.269826103573476
24.14787 0.26979880429144715
24.14908 0.26968960716333157
24.15028 0.26955311075318716
24.15149 0.2693893150610139
24.1527 0.2691709208047828
24.1539 0.268897927984494
24.15511 0.2685703366001474
24.15632 0.268188146651743
24.15752 0.2677786574213098
24.15873 0.2672872703447899
24.15994 0.26676858398624115
24.16114 0.2661952990636346
24.16235 0.2655401162949414
24.16356 0.2648576342442193
24.16476 0.26409325434741066
24.16597 0.2632742758865442
24.16718 0.26240069886161993
24.16838 0.2614725232726379
24.16959 0.2604624498375692
24.1708 0.2593977778384428
24.172 0.25827850727525864
24.17321 0.2570500395839589
24.17442 0.25571237476454367
24.17563 0.25423821353498405
24.17683 0.2526821544593377
24.17804 0.2510168982555759
24.17925 0.24926974420572737
24.18045 0.24741339302776336
24.18166 0.24547514400371268
24.18287 0.24348229641560426
24.18407 0.24140755098140915
24.18528 0.23925090770112742
24.18649 0.23703966585678796
24.18769 0.23477382544839068
24.1889 0.23245338647593566
24.19011 0.23007834893942286
24.19131 0.22764871283885235
24.19252 0.2252190767382818
24.19373 0.22273484207365343
24.19493 0.22022330812699625
24.19614 0.21768447489831017
24.19735 0.21511834238759517
24.19855 0.21255220987688023
24.19976 0.20998607736616526
24.20097 0.20739264557342138
24.20218 0.20482651306270644
24.20338 0.20226038055199147
24.20459 0.19969424804127653
24.2058 0.19712811553056153
24.207 0.19461658158390435
24.20821 0.19210504763724714
24.20942 0.1896208129726188
24.21062 0.18716387759001935
24.21183 0.18476154077147772
24.21304 0.1823865032349649
24.21424 0.1800660642625099
24.21545 0.1778002238541126
24.21666 0.17556168272774428
24.21786 0.1734050394474625
24.21907 0.17130299473123856
24.22028 0.16925554857907235
24.22148 0.16729000027299282
24.22269 0.1654063498129999
24.2239 0.16357729791706477
24.2251 0.16185744314924516
24.22631 0.16019218694548334
24.22752 0.15863612786983702
24.22873 0.15716196664027735
24.22993 0.15574240397477546
24.23114 0.15432284130927354
24.23235 0.15290327864377165
24.23355 0.15153831454232752
24.23476 0.1501733504408834
24.23597 0.14886298490349703
24.23717 0.14755261936611067
24.23838 0.14626955311075318
24.23959 0.14501378613742458
24.24079 0.14375801916409597
24.242 0.14255685075482513
24.24321 0.1413556823455543
24.24441 0.14020911250034124
24.24562 0.13906254265512816
24.24683 0.13797057137397287
24.24803 0.13687860009281755
24.24924 0.13581392809369114
24.25045 0.13477655537659358
24.25165 0.13379378122355381
24.25286 0.13281100707051402
24.25407 0.13185553219950316
24.25528 0.13092735661052113
24.25648 0.13005377958559688
24.25769 0.12918020256067264
24.2589 0.12836122409980616
24.2601 0.12754224563893968
24.26131 0.12677786574213099
24.26252 0.12604078512735115
24.26372 0.1253310037946002
24.26493 0.12464852174387812
24.26614 0.12402063825721382
24.26734 0.12339275477054952
24.26855 0.122819469847943
24.26976 0.12227348420736535
24.27096 0.12175479784881657
24.27217 0.12129071005432555
24.27338 0.12082662225983457
24.27458 0.12041713302940132
24.27579 0.12006224236302585
24.277 0.11970735169665037
24.2782 0.11940705959433266
24.27941 0.11913406677404383
24.28062 0.11891567251781278
24.28183 0.1187245775436106
24.28303 0.11856078185143731
24.28424 0.11845158472332176
24.28545 0.11836968687723513
24.28665 0.11834238759520624
24.28786 0.11836968687723513
24.28907 0.1184242854412929
24.29027 0.11856078185143731
24.29148 0.1187245775436106
24.29269 0.11894297179984165
24.29389 0.11918866533810159
24.2951 0.11948895744041932
24.29631 0.11984384810679478
24.29751 0.12022603805519914
24.29872 0.12066282656766127
24.29993 0.12109961508012337
24.30113 0.12161830143867215
24.30234 0.12213698779722093
24.30355 0.12271027271982746
24.30476 0.12331085692446288
24.30596 0.1239387404111272
24.30717 0.12459392317982036
24.30838 0.12527640523054243
24.30958 0.12598618656329336
24.31079 0.12672326717807322
24.312 0.12748764707488192
24.3132 0.12827932625371952
24.31441 0.129098304714586
24.31562 0.12994458245748136
24.31682 0.13079086020037672
24.31803 0.13166443722530097
24.31924 0.1325380142502252
24.32044 0.13343889055717834
24.32165 0.13436706614616034
24.32286 0.13529524173514235
24.32406 0.13622341732412438
24.32527 0.13717889219513527
24.32648 0.13813436706614615
24.32768 0.13908984193715704
24.32889 0.14007261609019683
24.3301 0.1410553902432366
24.33131 0.14203816439627637
24.33251 0.14302093854931613
24.33372 0.1440037127023559
24.33493 0.1449864868553957
24.33613 0.14596926100843546
24.33734 0.14695203516147526
24.33855 0.14790751003248614
24.33975 0.1488902841855259
24.34096 0.1498457590565368
24.34217 0.15080123392754768
24.34337 0.1517567087985586
24.34458 0.1526848843875406
24.34579 0.1536403592585515
24.34699 0.15459583412956238
24.3482 0.15557860828260214
24.34941 0.15653408315361306
24.35061 0.15748955802462394
24.35182 0.1584723321776637
24.35303 0.15945510633070348
24.35423 0.16046517976577215
24.35544 0.16144795391881192
24.35665 0.1624580273538806
24.35786 0.16349540007097813
24.35906 0.16450547350604677
24.36027 0.16554284622314433
24.36148 0.16660751822227074
24.36268 0.16767219022139718
24.36389 0.1687368622205236
24.3651 0.1698288335016789
24.3663 0.1709208047828342
24.36751 0.1720400753460184
24.36872 0.17318664519123145
24.36992 0.17433321503644453
24.37113 0.1755070841636865
24.37234 0.17668095329092845
24.37354 0.17788212170019926
24.37475 0.179110589391499
24.37596 0.18033905708279868
24.37716 0.18162212333815622
24.37837 0.18290518959351368
24.37958 0.18418825584887116
24.38078 0.18552592066828644
24.38199 0.18689088476973054
24.3832 0.18825584887117466
24.38441 0.1896481122546477
24.38561 0.1910949742021785
24.38682 0.19254183614970924
24.38803 0.1940159973792689
24.38923 0.19554475717288633
24.39044 0.19707351696650377
24.39165 0.1986295760421501
24.39285 0.20024023368185415
24.39406 0.2018781906035871
24.39527 0.20351614752532007
24.39647 0.2052087030111108
24.39768 0.2069558570609593
24.39889 0.20870301111080777
24.40009 0.21050476372471402
24.4013 0.21236111490267803
24.40251 0.21427206464469983
24.40371 0.2162376129507794
24.40492 0.21825775982091666
24.40613 0.22033250525511178
24.40733 0.22243454997133574
24.40854 0.22459119325161744
24.40975 0.22677513581392808
24.41096 0.22904097622232533
24.41216 0.23130681663072258
24.41337 0.23362725560317762
24.41458 0.23597499385766155
24.41578 0.23835003139417432
24.41699 0.2407796674947449
24.4182 0.2432366028773443
24.4194 0.24569353825994375
24.42061 0.24820507220660096
24.42182 0.2507166061532582
24.42302 0.2532827386639731
24.42423 0.2558488711746881
24.42544 0.25841500368540304
24.42664 0.2610357347601758
24.42785 0.2636564658349485
24.42906 0.26627719690972124
24.43026 0.26892522726652285
24.43147 0.27157325762332446
24.43268 0.27422128798012607
24.43388 0.2768693183369277
24.43509 0.2795173486937293
24.4363 0.28219267833255984
24.43751 0.28484070868936145
24.43871 0.28748873904616307
24.43992 0.2901367694029647
24.44113 0.2927575004777374
24.44233 0.29537823155251014
24.44354 0.297971663345254
24.44475 0.30056509513799784
24.44595 0.3031312276487128
24.44716 0.3056973601594278
24.44837 0.308208894106085
24.44957 0.3107204280527422
24.45078 0.3132046627173705
24.45199 0.3156342988179411
24.45319 0.31803663563648277
24.4544 0.3204116731729955
24.45561 0.32275941142747944
24.45681 0.32505255111790554
24.45802 0.3273456908083317
24.45923 0.32963883049875786
24.46043 0.3319592694712129
24.46164 0.33427970844366794
24.46285 0.3366274466981518
24.46406 0.33894788567060685
24.46526 0.3412956239250907
24.46647 0.3436706614616035
24.46768 0.34601839971608744
24.46888 0.34836613797057137
24.47009 0.35074117550708417
24.4713 0.3531162130435969
24.4725 0.35546395129808084
24.47371 0.3578116895525647
24.47492 0.36018672708907756
24.47612 0.36253446534356143
24.47733 0.3648549043160164
24.47854 0.36720264257050034
24.47974 0.36952308154295543
24.48095 0.3718435205154104
24.48216 0.3741366602058366
24.48336 0.3764025006142338
24.48457 0.3786683410226311
24.48578 0.3809341814310283
24.48698 0.3831454232753678
24.48819 0.38535666511970734
24.4894 0.3875406076820179
24.49061 0.3896972509622996
24.49181 0.3918538942425814
24.49302 0.3939559389588053
24.49423 0.39603068439300043
24.49543 0.39807813054516666
24.49664 0.40009827741530396
24.49785 0.4020911250034124
24.49905 0.40402937402746303
24.50026 0.40594032376948486
24.50147 0.40779667494744887
24.50267 0.4096530261254129
24.50388 0.4114274794572903
24.50509 0.4131746335071388
24.50629 0.41486718899292946
24.5075 0.4165324451966913
24.50871 0.41811580355436645
24.50991 0.4196718626300128
24.51112 0.42117332314160133
24.51233 0.4226201850891321
24.51354 0.42401244847260516
24.51474 0.4253501132920204
24.51595 0.4266331795473779
24.51716 0.42780704867461977
24.51836 0.42892631923780405
24.51957 0.42999099123693046
24.52078 0.43097376538997023
24.52198 0.4319292402609811
24.52319 0.4327755180038765
24.5244 0.43359449646474296
24.5256 0.4343588763615517
24.52681 0.43504135841227376
24.52802 0.4356965411809669
24.52922 0.4362971253856023
24.53043 0.4368704103082089
24.53164 0.43736179738472875
24.53284 0.43785318446124866
24.53405 0.43826267369168187
24.53526 0.43867216292211514
24.53646 0.4390270535884906
24.53767 0.43935464497283716
24.53888 0.4396549370751549
24.54009 0.4399552291774726
24.54129 0.4402009227157326
24.5425 0.4404193169719636
24.54371 0.4406377112281947
24.54491 0.4408288062023969
24.54612 0.441019901176599
24.54733 0.44118369686877235
24.54853 0.44134749256094563
24.54974 0.44151128825311897
24.55095 0.4416750839452922
24.55215 0.44181158035543666
24.55336 0.4419753760476099
24.55457 0.4421391717397832
24.55577 0.4423029674319565
24.55698 0.4424667631241298
24.55819 0.44265785809833197
24.55939 0.4428489530725342
24.5606 0.44306734732876524
24.56181 0.44331304086702517
24.56301 0.44355873440528515
24.56422 0.44385902650760284
24.56543 0.4441593186099206
24.56664 0.4444869099942671
24.56784 0.4448690999426715
24.56905 0.4452512898910758
24.57026 0.4456880784035379
24.57146 0.4461794654800578
24.57267 0.4466981518386066
24.57388 0.4472441374791843
24.57508 0.44779012311976196
24.57629 0.4483361087603395
24.5775 0.4488820944009172
24.5787 0.44942808004149487
24.57991 0.45000136496410137
24.58112 0.45054735060467904
24.58232 0.45112063552728565
24.58353 0.45169392044989215
24.58474 0.4522672053724987
24.58594 0.4528404902951052
24.58715 0.4534137752177117
24.58836 0.4539870601403183
24.58956 0.4545876443449537
24.59077 0.4551609292675602
24.59198 0.4557615134721956
24.59319 0.4563620976768311
24.59439 0.4569626818814665
24.5956 0.4575632660861019
24.59681 0.45816385029073736
24.59801 0.45879173377740157
24.59922 0.45941961726406594
24.60043 0.4600202014687013
24.60163 0.46064808495536563
24.60284 0.46130326772405883
24.60405 0.46193115121072315
24.60525 0.46255903469738746
24.60646 0.4632142174660806
24.60767 0.46386940023477374
24.60887 0.464524583003467
24.61008 0.46517976577216014
24.61129 0.4658622478228822
24.61249 0.46651743059157535
24.6137 0.46719991264229743
24.61491 0.4678823946930195
24.61611 0.46859217602577047
24.61732 0.46927465807649255
24.61853 0.4699844394092435
24.61974 0.4706942207419944
24.62094 0.4714040020747454
24.62215 0.4721137834074964
24.62336 0.47285086402227616
24.62456 0.4735606453550272
24.62577 0.47429772596980696
24.62698 0.4750621058666157
24.62818 0.4757991864813955
24.62939 0.47656356637820424
24.6306 0.47732794627501296
24.6318 0.4780923261718217
24.63301 0.47891130463268816
24.63422 0.47978488165761235
24.63542 0.4806857579645655
24.63663 0.4816139335535475
24.63784 0.4825694084245584
24.63904 0.483579481859627
24.64025 0.48461685457672465
24.64146 0.48568152657585106
24.64266 0.4867734978570063
24.64387 0.48786546913816164
24.64508 0.48901203898337475
24.64629 0.49015860882858775
24.64749 0.4913051786738008
24.6487 0.4924790478010428
24.64991 0.4936529169282847
24.65111 0.49485408533755554
24.65232 0.49605525374682646
24.65353 0.4972564221560973
24.65473 0.4984575905653681
24.65594 0.49963145969261
24.65715 0.5008326281018809
24.65835 0.5020064972291228
24.65956 0.5031803663563649
24.66077 0.5043542354836067
24.66197 0.5055008053288198
24.66318 0.506620075892004
24.66439 0.5077393464551881
24.66559 0.5088040184543146
24.6668 0.509868690453441
24.66801 0.5109060631705387
24.66921 0.5118888373235784
24.67042 0.5128716114766182
24.67163 0.5137997870656001
24.67284 0.5146733640905244
24.67404 0.5155469411154486
24.67525 0.5163386202942862
24.67646 0.517103000191095
24.67766 0.5178127815238458
24.67887 0.518467964292539
24.68008 0.5190685484971745
24.68128 0.5196145341377522
24.68249 0.5200786219322432
24.6837 0.5205154104447053
24.6849 0.5208703011110808
24.68611 0.5211705932133984
24.68732 0.5213889874696295
24.68852 0.5215254838797739
24.68973 0.5215800824438317
24.69094 0.5216073817258605
24.69214 0.5215800824438317
24.69335 0.5215254838797739
24.69456 0.5214162867516584
24.69576 0.5212797903415141
24.69697 0.5210886953673118
24.69818 0.5208703011110808
24.69939 0.5206246075728208
24.70059 0.5203243154705031
24.7018 0.5199967240861565
24.70301 0.519641833419781
24.70421 0.5192323441893478
24.70542 0.5187955556768856
24.70663 0.5183041686003658
24.70783 0.517785482241817
24.70904 0.5172394966012394
24.71025 0.5166662116786328
24.71145 0.5160383281919685
24.71266 0.5153831454232753
24.71387 0.5146733640905244
24.71507 0.5139635827577734
24.71628 0.5131992028609647
24.71749 0.5123802244000982
24.71869 0.5115612459392318
24.7199 0.5106876689143075
24.72111 0.5097867926073544
24.72232 0.5088586170183724
24.72352 0.5078758428653326
24.72473 0.5068930687122929
24.72594 0.5058556959951953
24.72714 0.5047910239960689
24.72835 0.5036717534328847
24.72956 0.5025524828697006
24.73076 0.5013786137424585
24.73197 0.5002047446152166
24.73318 0.4989762769239169
24.73438 0.49769321066855937
24.73559 0.4964101444132019
24.7368 0.4950997788758155
24.738 0.49373481477437137
24.73921 0.49236985067292727
24.74042 0.49095028800742535
24.74162 0.4895034260598946
24.74283 0.4880565641123638
24.74404 0.48655510360077525
24.74524 0.4850263438071578
24.74645 0.48347028473151155
24.74766 0.48188692637383634
24.74887 0.48027626873413226
24.75007 0.4786110125303704
24.75128 0.47686385848052193
24.75249 0.4750621058666157
24.75369 0.47323305397068055
24.7549 0.4713221042286587
24.75611 0.4693565559225792
24.75731 0.4673637083344708
24.75852 0.4652889629002757
24.75973 0.4631869181840517
24.76093 0.46103027490377
24.76214 0.4588463323414594
24.76335 0.4566350904971199
24.76455 0.45436925008872264
24.76576 0.4520761103982965
24.76697 0.44972837214381256
24.76817 0.4473806338893287
24.76938 0.444978297070787
24.77059 0.4425759602522453
24.77179 0.4401463241516748
24.773 0.43768938876907537
24.77421 0.43520515410444705
24.77542 0.4327209194398187
24.77662 0.43023668477519034
24.77783 0.42772515082853324
24.77904 0.4251863175998471
24.78024 0.4226747836531899
24.78145 0.42013595042450386
24.78266 0.4175971171958177
24.78386 0.4150582839671317
24.78507 0.41251945073844554
24.78628 0.4099806175097595
24.78748 0.4074690835631023
24.78869 0.40495754961644503
24.7899 0.4024460156697878
24.7911 0.3999344817231306
24.79231 0.39745024705850235
24.79352 0.39499331167590296
24.79472 0.39253637629330346
24.79593 0.3901067401927329
24.79714 0.38770440337419126
24.79834 0.3853020665556495
24.79955 0.3829543283011656
24.80076 0.38060659004668174
24.80197 0.37831345035625563
24.80317 0.37604760994785835
24.80438 0.3737817695394611
24.80559 0.37159782697715044
24.80679 0.36941388441483985
24.808 0.367284540416587
24.80921 0.36515519641833416
24.81041 0.3630258524200813
24.81162 0.3608965084218285
24.81283 0.35873986514154677
24.81403 0.3566105211432939
24.81524 0.3544538778630122
24.81645 0.35229723458273043
24.81765 0.3501678905844776
24.81886 0.3480112473041959
24.82007 0.34585460402391416
24.82127 0.3437252600256613
24.82248 0.3415686167453796
24.82369 0.33943927274712676
24.82489 0.3373099287488739
24.8261 0.335180584750621
24.82731 0.3330512407523682
24.82852 0.3309218967541153
24.82972 0.3288198520378914
24.83093 0.3267178073216674
24.83214 0.32461576260544345
24.83334 0.3225410171712484
24.83455 0.3204662717370533
24.83576 0.3183915263028582
24.83696 0.316344080150692
24.83817 0.3143239332805547
24.83938 0.3123037864104174
24.84058 0.31028363954028004
24.84179 0.30829079195217163
24.843 0.3062979443640632
24.8442 0.3043323960579836
24.84541 0.30239414703393297
24.84662 0.3004558980098823
24.84782 0.29854494826786054
24.84903 0.29666129780786765
24.85024 0.29480494662990364
24.85144 0.2929485954519396
24.85265 0.29111954355600445
24.85386 0.2893177909420982
24.85507 0.28751603832819195
24.85627 0.28576888427834346
24.85748 0.284021730228495
24.85869 0.28230187546067537
24.85989 0.28060931997488464
24.8611 0.2789440637711228
24.86231 0.27730610684938983
24.86351 0.27569544920968575
24.86472 0.27411209085201055
24.86593 0.2725833310583931
24.86713 0.2710545712647757
24.86834 0.26955311075318716
24.86955 0.2680789495236275
24.87075 0.26663208757609674
24.87196 0.26518522562856595
24.87317 0.26376566296306403
24.87437 0.26237339957959105
24.87558 0.2610084354781469
24.87679 0.2596707706587316
24.87799 0.2583331058393164
24.8792 0.25702274030193
24.88041 0.25571237476454367
24.88162 0.2544293085091862
24.88282 0.2531735415358576
24.88403 0.2519450738445579
24.88524 0.2507166061532582
24.88644 0.24948813846195844
24.88765 0.24831426933471648
24.88886 0.24714040020747452
24.89006 0.24596653108023256
24.89127 0.24481996123501948
24.89248 0.2437006906718353
24.89368 0.2425814201086511
24.89489 0.24148944882749582
24.8961 0.24039747754634053
24.8973 0.2393328055472141
24.89851 0.23826813354808765
24.89972 0.23723076083099015
24.90092 0.2361933881138926
24.90213 0.23515601539679504
24.90334 0.2341459419617264
24.90454 0.23316316780868662
24.90575 0.23218039365564686
24.90696 0.23119761950260706
24.90817 0.23024214463159617
24.90937 0.22928666976058526
24.91058 0.22835849417160328
24.91179 0.22743031858262125
24.91299 0.22650214299363927
24.9142 0.22560126668668615
24.91541 0.224700390379733
24.91661 0.22379951407277987
24.91782 0.22292593704785563
24.91903 0.22205236002293138
24.92023 0.2211787829980071
24.92144 0.22030520597308287
24.92265 0.21945892823018753
24.92385 0.21861265048729217
24.92506 0.2177936720264257
24.92627 0.21694739428353033
24.92747 0.21612841582266387
24.92868 0.21530943736179736
24.92989 0.21451775818295976
24.93109 0.21375337828615104
24.9323 0.21298899838934235
24.93351 0.21222461849253363
24.93472 0.2114875378777538
24.93592 0.21077775654500286
24.93713 0.21006797521225193
24.93834 0.20938549316152985
24.93954 0.20870301111080777
24.94075 0.20802052906008572
24.94196 0.20736534629139253
24.94316 0.20673746280472824
24.94437 0.20610957931806392
24.94558 0.20548169583139964
24.94678 0.20485381234473532
24.94799 0.20425322814009989
24.9492 0.20367994321749336
24.9504 0.2031066582948868
24.95161 0.2025333733722803
24.95282 0.20196008844967378
24.95402 0.2014141028090961
24.95523 0.20086811716851846
24.95644 0.20032213152794082
24.95765 0.19980344516939205
24.95885 0.19928475881084326
24.96006 0.1987660724522945
24.96127 0.19824738609374573
24.96247 0.19775599901722585
24.96368 0.19723731265867706
24.96489 0.19674592558215717
24.96609 0.1962818377876662
24.9673 0.1957904507111463
24.96851 0.1952990636346264
24.96971 0.1948349758401354
24.97092 0.1943708880456444
24.97213 0.19390680025115337
24.97333 0.1934427124566624
24.97454 0.1929786246621714
24.97575 0.19251453686768036
24.97695 0.19207774835521826
24.97816 0.19161366056072723
24.97937 0.19114957276623623
24.98057 0.19071278425377414
24.98178 0.1902486964592831
24.98299 0.18981190794682098
24.9842 0.18934782015232998
24.9854 0.18891103163986786
24.98661 0.18844694384537683
24.98782 0.18801015533291474
24.98902 0.1875733668204526
24.99023 0.1871365783079905
24.99144 0.18672708907755725
24.99264 0.186317599847124
24.99385 0.18590811061669074
24.99506 0.18552592066828644
24.99626 0.18514373071988208
24.99747 0.18476154077147772
24.99868 0.18437935082307336
24.99988 0.18402446015669785
25.00109 0.1836695694903224
25.0023 0.1833419781059758
25.0035 0.18298708743960035
25.00471 0.18265949605525372
25.00592 0.18233190467090715
25.00712 0.18200431328656053
25.00833 0.18167672190221396
25.00954 0.18134913051786739
25.01075 0.18104883841554967
25.01195 0.18072124703120304
25.01316 0.18042095492888535
25.01437 0.18012066282656763
25.01557 0.17982037072424994
25.01678 0.17952007862193223
25.01799 0.1792197865196145
25.01919 0.17891949441729682
25.0204 0.1786192023149791
25.02161 0.1783189102126614
25.02281 0.1780186181103437
25.02402 0.17771832600802598
25.02523 0.1774180339057083
25.02643 0.17711774180339054
25.02764 0.17681744970107283
25.02885 0.17648985831672626
25.03005 0.17618956621440854
25.03126 0.17586197483006197
25.03247 0.17556168272774428
25.03367 0.17523409134339765
25.03488 0.17490649995905108
25.03609 0.17457890857470448
25.0373 0.17425131719035789
25.0385 0.17389642652398243
25.03971 0.1735688351396358
25.04092 0.17321394447326036
25.04212 0.172831754524856
25.04333 0.17247686385848052
25.04454 0.17209467391007616
25.04574 0.1717124839616718
25.04695 0.17133029401326744
25.04816 0.1709208047828342
25.04936 0.17053861483442984
25.05057 0.1701564248860255
25.05178 0.16977423493762114
25.05298 0.16939204498921678
25.05419 0.16900985504081242
25.0554 0.16862766509240806
25.0566 0.1682454751440037
25.05781 0.16786328519559934
25.05902 0.16748109524719498
25.06022 0.16709890529879062
25.06143 0.16674401463241517
25.06264 0.1663618246840108
25.06385 0.16597963473560645
25.06505 0.1655974447872021
25.06626 0.1652425541208266
25.06747 0.16486036417242225
25.06867 0.1644781742240179
25.06988 0.16409598427561353
25.07109 0.1636864950451803
25.07229 0.16330430509677593
25.0735 0.16292211514837157
25.07471 0.16251262591793836
25.07591 0.16210313668750512
25.07712 0.16169364745707188
25.07833 0.16128415822663864
25.07953 0.1608746689962054
25.08074 0.16043788048374327
25.08195 0.16002839125331003
25.08315 0.1595916027408479
25.08436 0.1591275149463569
25.08557 0.15869072643389479
25.08677 0.15822663863940375
25.08798 0.15776255084491278
25.08919 0.1572711637683929
25.0904 0.15680707597390187
25.0916 0.1562883896153531
25.09281 0.15579700253883322
25.09402 0.15527831618028445
25.09522 0.15475962982173566
25.09643 0.15421364418115802
25.09764 0.15366765854058037
25.09884 0.15312167290000273
25.10005 0.15254838797739617
25.10126 0.15197510305478965
25.10246 0.15137451885015424
25.10367 0.1507739346455188
25.10488 0.15014605115885452
25.10608 0.1495181676721902
25.10729 0.14886298490349703
25.1085 0.14820780213480383
25.1097 0.14752532008408178
25.11091 0.1468428380333597
25.11212 0.14613305670060878
25.11332 0.1454505746498867
25.11453 0.14474079331713574
25.11574 0.1440037127023559
25.11695 0.1432666320875761
25.11815 0.14252955147279625
25.11936 0.1417924708580164
25.12057 0.1410280909612077
25.12177 0.140263711064399
25.12298 0.1394720318855614
25.12419 0.13870765198875268
25.12539 0.1379159728099151
25.1266 0.13709699434904862
25.12781 0.13630531517021102
25.12901 0.13548633670934454
25.13022 0.13464005896644918
25.13143 0.1338210805055827
25.13263 0.13297480276268733
25.13384 0.13212852501979197
25.13505 0.1312822472768966
25.13625 0.13040867025197236
25.13746 0.12953509322704812
25.13867 0.12866151620212388
25.13987 0.12778793917719963
25.14108 0.1268870628702465
25.14229 0.12598618656329336
25.1435 0.12508531025634026
25.1447 0.12418443394938714
25.14591 0.12325625836040512
25.14712 0.12232808277142311
25.14832 0.1213999071824411
25.14953 0.12047173159345909
25.15074 0.11954355600447708
25.15194 0.11858808113346618
25.15315 0.1176326062624553
25.15436 0.1166771313914444
25.15556 0.1157216565204335
25.15677 0.11473888236739373
25.15798 0.11378340749638284
25.15918 0.11280063334334307
25.16039 0.11181785919030329
25.1616 0.11083508503726351
25.1628 0.10982501160219486
25.16401 0.10884223744915508
25.16522 0.10783216401408642
25.16643 0.10682209057901776
25.16763 0.10581201714394911
25.16884 0.10480194370888045
25.17005 0.10379187027381179
25.17125 0.10272719827468536
25.17246 0.10166252627555895
25.17367 0.10054325571237477
25.17487 0.09942398514919057
25.17608 0.09827741530397749
25.17729 0.09710354617673554
25.17849 0.09592967704949358
25.1797 0.09472850864022277
25.18091 0.09350004094892304
25.18211 0.09227157325762331
25.18332 0.09101580628429472
25.18453 0.08976003931096611
25.18573 0.08847697305560863
25.18694 0.08719390680025116
25.18815 0.08591084054489366
25.18935 0.08462777428953618
25.19056 0.08331740875214981
25.19177 0.08203434249679233
25.19298 0.08072397695940596
25.19418 0.0794136114220196
25.19539 0.07810324588463323
25.1966 0.07679288034724686
25.1978 0.07550981409188938
25.19901 0.07419944855450301
25.20022 0.07291638229914553
25.20142 0.07163331604378805
25.20263 0.07035024978843056
25.20384 0.06909448281510196
25.20504 0.06783871584177335
25.20625 0.06658294886844475
25.20746 0.06535448117714504
25.20866 0.06412601348584532
25.20987 0.06292484507657449
25.21108 0.06175097594933253
25.21228 0.06057710682209058
25.21349 0.05943053697687751
25.2147 0.058311266413693316
25.2159 0.05719199585050913
25.21711 0.0561273238513827
25.21832 0.055062651852256284
25.21953 0.05402527913515874
25.22073 0.053015205700090086
25.22194 0.05203243154705031
25.22315 0.0511042559580683
25.22435 0.050176080369086294
25.22556 0.049302503344162044
25.22677 0.0484289263192378
25.22797 0.047609947858371325
25.22918 0.04684556796156261
25.23039 0.04608118806475389
25.23159 0.04537140673200294
25.2328 0.044634326117223115
25.23401 0.043924544784472164
25.23521 0.04318746416969234
25.23642 0.04247768283694138
25.23763 0.04179520078621932
25.23883 0.04108541945346837
25.24004 0.04040293740274631
25.24125 0.03972045535202424
25.24245 0.039065272583331055
25.24366 0.03841008981463787
25.24487 0.03775490704594469
25.24608 0.03712702355928039
25.24728 0.036499140072616086
25.24849 0.03589855586798067
25.2497 0.03529797166334525
25.2509 0.03472468674073872
25.25211 0.034151401818132185
25.25332 0.033605416177554526
25.25452 0.03308672981900576
25.25573 0.03256804346045699
25.25694 0.0320766563839371
25.25814 0.0316125685894461
25.25935 0.03114848079495509
25.26056 0.03071169228249297
25.26176 0.03030220305205973
25.26297 0.02992001310365537
25.26418 0.029565122437279896
25.26538 0.029210231770904423
25.26659 0.028882640386557835
25.2678 0.028609647566269006
25.269 0.02833665474598018
25.27021 0.028090961207720238
25.27142 0.027872566951489174
25.27263 0.027681471977286994
25.27383 0.0275176762851137
25.27504 0.02740847915699817
25.27625 0.02729928202888264
25.27745 0.027244683464824872
25.27866 0.02719008490076711
25.27987 0.02719008490076711
25.28107 0.02721738418279599
25.28228 0.027271982746853756
25.28349 0.02738117987496929
25.28469 0.0275176762851137
25.2859 0.027681471977286994
25.28711 0.027872566951489174
25.28831 0.02811826048974912
25.28952 0.02841855259206683
25.29073 0.028718844694384536
25.29193 0.02910103464278889
25.29314 0.029483224591193253
25.29435 0.029947312385684256
25.29555 0.030465998744233024
25.29676 0.03101198438481068
25.29797 0.0316125685894461
25.29918 0.03226775135813928
25.30038 0.03295023340886135
25.30159 0.033687314023641175
25.3028 0.03445169392044989
25.304 0.03527067238131637
25.30521 0.03611695012421173
25.30642 0.03699052714913598
25.30762 0.03791870273811798
25.30883 0.038874177609128875
25.31004 0.03988425104419754
25.31124 0.04089432447926619
25.31245 0.041958996478392616
25.31366 0.04302366847751904
25.31486 0.044142939040703225
25.31607 0.04526220960388742
25.31728 0.04643607873112937
25.31848 0.047609947858371325
25.31969 0.04883841554967104
25.3209 0.05006688324097076
25.3221 0.05129535093227048
25.32331 0.052551117905599076
25.32452 0.05383418416095657
25.32573 0.055144549698342926
25.32693 0.0564549152357293
25.32814 0.05776528077311567
25.32935 0.05910294559253091
25.33055 0.06044061041194616
25.33176 0.0618055745133903
25.33297 0.06317053861483443
25.33417 0.06453550271627856
25.33538 0.0659004668177227
25.33659 0.06726543091916681
25.33779 0.06863039502061095
25.339 0.07002265840408396
25.34021 0.0713876225055281
25.34141 0.07275258660697223
25.34262 0.07411755070841637
25.34383 0.07545521552783162
25.34503 0.07682017962927574
25.34624 0.07815784444869099
25.34745 0.07946820998607736
25.34865 0.08077857552346374
25.34986 0.08208894106085009
25.35107 0.08337200731620759
25.35228 0.08465507357156506
25.35348 0.08588354126286478
25.35469 0.08713930823619337
25.3559 0.08842237449155087
25.3571 0.08973274002893725
25.35831 0.09107040484835248
25.35952 0.09240806966776773
25.36072 0.09380033305124075
25.36193 0.09521989571674265
25.36314 0.09663945838224454
25.36434 0.09808632032977531
25.36555 0.09956048155933499
25.36676 0.10103464278889465
25.36796 0.1025361033004832
25.36917 0.10406486309410062
25.37038 0.10559362288771805
25.37158 0.10712238268133546
25.37279 0.10867844175698178
25.374 0.11023450083262809
25.37521 0.11179055990827441
25.37641 0.11334661898392072
25.37762 0.11492997734159591
25.37883 0.11648603641724221
25.38003 0.1180693947749174
25.38124 0.1196527531325926
25.38245 0.12120881220823893
25.38365 0.12276487128388523
25.38486 0.12432093035953153
25.38607 0.12587698943517783
25.38727 0.12740574922879527
25.38848 0.1289345090224127
25.38969 0.13046326881603013
25.39089 0.13196472932761869
25.3921 0.13343889055717834
25.39331 0.134913051786738
25.39451 0.13635991373426878
25.39572 0.13777947639977067
25.39693 0.1391990390652726
25.39813 0.14056400316671672
25.39934 0.14192896726816084
25.40055 0.1432393328055472
25.40176 0.14454969834293357
25.40296 0.14580546531626218
25.40417 0.14703393300756187
25.40538 0.14823510141683274
25.40658 0.1493816712620458
25.40779 0.15052824110725888
25.409 0.1515929131063853
25.4102 0.15263028582348284
25.41141 0.1536403592585515
25.41262 0.15459583412956238
25.41382 0.1554967104365155
25.41503 0.15634298817941086
25.41624 0.15716196664027735
25.41744 0.15792634653708607
25.41865 0.15869072643389479
25.41986 0.1594278070486746
25.42106 0.16011028909939667
25.42227 0.16079277115011875
25.42348 0.16144795391881192
25.42468 0.16207583740547624
25.42589 0.16267642161011164
25.4271 0.16327700581474708
25.42831 0.16382299145532472
25.42951 0.1643416778138735
25.43072 0.16486036417242225
25.43193 0.16535175124894214
25.43313 0.16578853976140426
25.43434 0.16622532827386638
25.43555 0.16663481750429962
25.43675 0.16701700745270398
25.43796 0.16739919740110834
25.43917 0.16772678878545494
25.44037 0.1680543801698015
25.44158 0.16832737299009035
25.44279 0.16860036581037918
25.44399 0.16884605934863914
25.4452 0.16906445360487019
25.44641 0.16925554857907235
25.44761 0.16941934427124564
25.44882 0.16958313996341895
25.45003 0.16969233709153447
25.45123 0.16980153421965
25.45244 0.16988343206573667
25.45365 0.16993803062979443
25.45486 0.1699653299118233
25.45606 0.1699926291938522
25.45727 0.1699653299118233
25.45848 0.16993803062979443
25.45968 0.16988343206573667
25.46089 0.16980153421965
25.4621 0.16969233709153447
25.4633 0.16958313996341895
25.46451 0.16941934427124564
25.46572 0.16925554857907235
25.46692 0.16906445360487019
25.46813 0.16884605934863914
25.46934 0.16860036581037918
25.47054 0.16835467227211923
25.47175 0.16808167945183042
25.47296 0.1677813873495127
25.47416 0.1674537959651661
25.47537 0.16709890529879062
25.47658 0.16674401463241517
25.47778 0.1663618246840108
25.47899 0.16595233545357754
25.4802 0.16548824765908657
25.48141 0.16496956130053778
25.48261 0.16442357565996013
25.48382 0.16385029073735358
25.48503 0.1631951079686604
25.48623 0.16251262591793836
25.48744 0.1618028445851874
25.48865 0.16106576397040756
25.48985 0.16027408479156996
25.49106 0.15945510633070348
25.49227 0.15858152930577926
25.49347 0.15770795228085502
25.49468 0.15680707597390187
25.49589 0.15585160110289098
25.49709 0.1548961262318801
25.4983 0.15388605279681145
25.49951 0.15287597936174277
25.50071 0.15183860664464524
25.50192 0.15080123392754768
25.50313 0.1497092626463924
25.50433 0.14864459064726596
25.50554 0.14752532008408178
25.50675 0.14640604952089759
25.50796 0.14528677895771341
25.50916 0.14414020911250033
25.51037 0.14299363926728728
25.51158 0.1418470694220742
25.51278 0.14070049957686112
25.51399 0.13952663044961916
25.5152 0.13835276132237723
25.5164 0.13720619147716415
25.51761 0.13603232234992219
25.51882 0.13488575250470913
25.52002 0.13371188337746717
25.52123 0.1325653135322541
25.52244 0.13141874368704104
25.52364 0.13027217384182796
25.52485 0.12915290327864376
25.52606 0.12803363271545956
25.52726 0.12694166143430427
25.52847 0.12584969015314898
25.52968 0.12475771887199365
25.53088 0.12372034615489612
25.53209 0.12268297343779858
25.5333 0.12164560072070105
25.53451 0.12066282656766127
25.53571 0.11968005241462149
25.53692 0.1187245775436106
25.53813 0.11782370123665746
25.53933 0.11692282492970434
25.54054 0.11604924790478009
25.54175 0.11520297016188474
25.54295 0.11435669241898937
25.54416 0.11348311539406514
25.54537 0.1126095383691409
25.54657 0.11170866206218776
25.54778 0.11083508503726351
25.54899 0.10993420873031039
25.55019 0.10900603314132838
25.5514 0.10810515683437526
25.55261 0.10720428052742212
25.55381 0.10627610493844011
25.55502 0.1053479293494581
25.55623 0.10444705304250498
25.55743 0.10351887745352298
25.55864 0.10259070186454096
25.55985 0.10168982555758782
25.56106 0.10076164996860582
25.56226 0.09986077366165269
25.56347 0.09895989735469955
25.56468 0.09805902104774644
25.56588 0.0971581447407933
25.56709 0.09628456771586907
25.5683 0.09541099069094483
25.5695 0.09453741366602059
25.57071 0.09369113592312522
25.57192 0.09284485818022985
25.57312 0.0919985804373345
25.57433 0.09117960197646802
25.57554 0.09038792279763042
25.57674 0.08959624361879283
25.57795 0.08883186372198411
25.57916 0.08809478310720427
25.58036 0.08735770249242444
25.58157 0.08664792115967349
25.58278 0.08593813982692255
25.58399 0.08525565777620048
25.58519 0.08462777428953618
25.5864 0.08399989080287187
25.58761 0.08339930659823647
25.58881 0.08279872239360105
25.59002 0.08225273675302339
25.59123 0.08173405039447462
25.59243 0.08124266331795474
25.59364 0.08075127624143484
25.59485 0.08031448772897273
25.59605 0.07990499849853949
25.59726 0.07955010783216401
25.59847 0.07919521716578853
25.59967 0.07889492506347082
25.60088 0.07859463296115311
25.60209 0.07837623870492205
25.60329 0.07815784444869099
25.6045 0.0779940487565177
25.60571 0.07785755234637329
25.60691 0.07777565450028665
25.60812 0.07769375665419999
25.60933 0.07766645737217111
25.61054 0.07769375665419999
25.61174 0.07772105593622887
25.61295 0.07780295378231553
25.61416 0.07791215091043105
25.61536 0.07804864732057547
25.61657 0.07821244301274875
25.61778 0.07840353798695093
25.61898 0.078621932243182
25.62019 0.07884032649941305
25.6214 0.07911331931970188
25.6226 0.0794136114220196
25.62381 0.0797139035243373
25.62502 0.08006879419071278
25.62622 0.08042368485708826
25.62743 0.08080587480549262
25.62864 0.08118806475389696
25.62984 0.08162485326635908
25.63105 0.08203434249679233
25.63226 0.08249843029128333
25.63346 0.08296251808577434
25.63467 0.08342660588026535
25.63588 0.08394529223881411
25.63709 0.084436679315334
25.63829 0.08495536567388276
25.6395 0.08547405203243154
25.64071 0.0860200376730092
25.64191 0.08656602331358686
25.64312 0.0871120089541645
25.64433 0.08768529387677104
25.64553 0.08825857879937757
25.64674 0.08883186372198411
25.64795 0.08940514864459065
25.64915 0.08997843356719719
25.65036 0.0905517184898037
25.65157 0.09115230269443914
25.65277 0.09172558761704566
25.65398 0.0922988725396522
25.65519 0.09287215746225874
25.65639 0.09347274166689415
25.6576 0.09404602658950069
25.65881 0.09459201223007835
25.66001 0.09516529715268489
25.66122 0.09571128279326253
25.66243 0.09625726843384018
25.66364 0.09680325407441784
25.66484 0.09734923971499548
25.66605 0.09786792607354426
25.66726 0.09835931315006415
25.66846 0.09887799950861292
25.66967 0.09939668586716169
25.67088 0.09994267150773933
25.67208 0.10051595643034587
25.67329 0.10111654063498128
25.6745 0.10171712483961672
25.6757 0.10234500832628102
25.67691 0.1029728918129453
25.67812 0.1036280745816385
25.67932 0.10431055663236057
25.68053 0.10499303868308263
25.68174 0.10567552073380469
25.68294 0.10638530206655564
25.68415 0.10712238268133546
25.68536 0.10783216401408642
25.68656 0.10856924462886626
25.68777 0.10930632524364609
25.68898 0.11004340585842591
25.69019 0.11080778575523463
25.69139 0.11154486637001446
25.6926 0.11230924626682319
25.69381 0.11304632688160302
25.69501 0.11381070677841171
25.69622 0.11454778739319155
25.69743 0.11531216729000027
25.69863 0.11604924790478009
25.69984 0.11678632851955992
25.70105 0.11752340913433976
25.70225 0.11826048974911958
25.70346 0.11899757036389941
25.70467 0.11970735169665037
25.70587 0.12041713302940132
25.70708 0.12109961508012337
25.70829 0.12178209713084544
25.70949 0.12243727989953863
25.7107 0.12309246266823182
25.71191 0.12374764543692501
25.71311 0.12434822964156042
25.71432 0.12494881384619583
25.71553 0.12554939805083126
25.71674 0.1260953836914089
25.71794 0.12664136933198655
25.71915 0.12716005569053535
25.72036 0.12765144276705523
25.72156 0.1281428298435751
25.72277 0.12857961835603723
25.72398 0.12898910758647048
25.72518 0.1293985968169037
25.72639 0.1297534874832792
25.7276 0.13008107886762577
25.7288 0.13038137096994348
25.73001 0.13065436379023232
25.73122 0.13087275804646337
25.73242 0.13109115230269444
25.73363 0.1312822472768966
25.73484 0.1314460429690699
25.73604 0.13158253937921432
25.73725 0.13171903578935873
25.73846 0.1318009336354454
25.73966 0.13191013076356092
25.74087 0.13196472932761869
25.74208 0.13201932789167645
25.74329 0.13204662717370533
25.74449 0.13204662717370533
25.7457 0.13204662717370533
25.74691 0.13201932789167645
25.74811 0.13199202860964754
25.74932 0.13193743004558978
25.75053 0.13185553219950316
25.75173 0.1317736343534165
25.75294 0.13166443722530097
25.75415 0.13155524009718542
25.75535 0.13141874368704104
25.75656 0.1312822472768966
25.75777 0.13111845158472332
25.75897 0.13092735661052113
25.76018 0.13073626163631896
25.76139 0.13054516666211677
25.76259 0.13032677240588572
25.7638 0.13010837814965465
25.76501 0.12986268461139472
25.76621 0.12961699107313476
25.76742 0.12934399825284593
25.76863 0.12907100543255712
25.76984 0.12879801261226828
25.77104 0.1284977205099506
25.77225 0.12819742840763287
25.77346 0.12786983702328628
25.77466 0.12756954492096856
25.77587 0.1272146542545931
25.77708 0.1268870628702465
25.77828 0.12653217220387103
25.77949 0.12617728153749555
25.7807 0.12582239087112007
25.7819 0.1254402009227157
25.78311 0.12505801097431135
25.78432 0.12467582102590702
25.78552 0.12429363107750266
25.78673 0.1238841418470694
25.78794 0.12347465261663618
25.78914 0.12306516338620294
25.79035 0.1226556741557697
25.79156 0.12224618492533645
25.79277 0.12180939641287433
25.79397 0.1213999071824411
25.79518 0.12096311866997898
25.79639 0.12052633015751685
25.79759 0.12006224236302585
25.7988 0.11957085528650595
25.80001 0.1190521689279572
25.80121 0.11853348256940842
25.80242 0.11798749692883077
25.80363 0.11741421200622423
25.80483 0.1168409270836177
25.80604 0.11624034287898227
25.80725 0.11561245939231797
25.80845 0.11498457590565367
25.80966 0.11435669241898937
25.81087 0.11370150965029618
25.81207 0.11301902759957412
25.81328 0.11233654554885206
25.81449 0.11165406349813
25.81569 0.11094428216537905
25.8169 0.11023450083262809
25.81811 0.10949742021784827
25.81932 0.10876033960306844
25.82052 0.10805055827031748
25.82173 0.10728617837350878
25.82294 0.10654909775872895
25.82414 0.10578471786192023
25.82535 0.10504763724714039
25.82656 0.10428325735033167
25.82776 0.10351887745352298
25.82897 0.10275449755671424
25.83018 0.10199011765990552
25.83138 0.10122573776309683
25.83259 0.10046135786628811
25.8338 0.09972427725150827
25.835 0.09895989735469955
25.83621 0.09819551745789086
25.83742 0.09745843684311102
25.83862 0.0967213562283312
25.83983 0.09598427561355134
25.84104 0.09524719499877152
25.84224 0.09453741366602059
25.84345 0.09380033305124075
25.84466 0.09311785100051868
25.84587 0.09240806966776773
25.84707 0.09172558761704566
25.84828 0.0910431055663236
25.84949 0.09038792279763042
25.85069 0.08973274002893725
25.8519 0.08910485654227294
25.85311 0.08847697305560863
25.85431 0.08787638885097322
25.85552 0.08727580464633779
25.85673 0.08670251972373125
25.85793 0.0861565340831536
25.85914 0.08561054844257596
25.86035 0.08509186208402718
25.86155 0.08457317572547841
25.86276 0.08405448936692965
25.86397 0.08353580300838087
25.86517 0.0830171166498321
25.86638 0.08249843029128333
25.86759 0.08200704321476344
25.86879 0.08151565613824356
25.87 0.08099696977969478
25.87121 0.0805055827031749
25.87242 0.08001419562665502
25.87362 0.07952280855013512
25.87483 0.07905872075564412
25.87604 0.07856733367912423
25.87724 0.07810324588463323
25.87845 0.07763915809014223
25.87966 0.07717507029565122
25.88086 0.07671098250116021
25.88207 0.0762468947066692
25.88328 0.07581010619420708
25.88448 0.07537331768174496
25.88569 0.07493652916928284
25.8869 0.07449974065682072
25.8881 0.0740629521443586
25.88931 0.07365346291392535
25.89052 0.07324397368349211
25.89172 0.07283448445305887
25.89293 0.07242499522262565
25.89414 0.07204280527422129
25.89534 0.07163331604378805
25.89655 0.07125112609538369
25.89776 0.0708962354290082
25.89897 0.07051404548060385
25.90017 0.07015915481422838
25.90138 0.0698042641478529
25.90259 0.06944937348147744
25.90379 0.06912178209713084
25.905 0.06879419071278425
25.90621 0.06846659932843766
25.90741 0.06813900794409107
25.90862 0.06783871584177335
25.90983 0.06753842373945565
25.91103 0.06723813163713793
25.91224 0.06696513881684911
25.91345 0.06669214599656029
25.91465 0.06641915317627146
25.91586 0.06617345963801152
25.91707 0.06592776609975158
25.91827 0.06568207256149164
25.91948 0.06543637902323168
25.92069 0.06521798476700062
25.92189 0.06502688979279844
25.9231 0.06480849553656738
25.92431 0.0646174005623652
25.92552 0.0644536048701919
25.92672 0.06428980917801862
25.92793 0.06412601348584532
25.92914 0.0639895170757009
25.93034 0.0638530206655565
25.93155 0.06374382353744096
25.93276 0.06363462640932543
25.93396 0.0635254292812099
25.93517 0.06344353143512325
25.93638 0.06336163358903661
25.93758 0.06330703502497884
25.93879 0.06325243646092107
25.94 0.06319783789686331
25.9412 0.06314323933280555
25.94241 0.06311594005077667
25.94362 0.06308864076874778
25.94482 0.06308864076874778
25.94603 0.06308864076874778
25.94724 0.06308864076874778
25.94844 0.06308864076874778
25.94965 0.06308864076874778
25.95086 0.06311594005077667
25.95207 0.06314323933280555
25.95327 0.06317053861483443
25.95448 0.0632251371788922
25.95569 0.06325243646092107
25.95689 0.06330703502497884
25.9581 0.06336163358903661
25.95931 0.06341623215309437
25.96051 0.06347083071715214
25.96172 0.0635254292812099
25.96293 0.06360732712729655
25.96413 0.06366192569135432
25.96534 0.06374382353744096
25.96655 0.06382572138352761
25.96775 0.06388031994758538
25.96896 0.06396221779367202
25.97017 0.06404411563975868
25.97137 0.06412601348584532
25.97258 0.06420791133193196
25.97379 0.06428980917801862
25.97499 0.06437170702410526
25.9762 0.0644536048701919
25.97741 0.06453550271627856
25.97862 0.0646174005623652
25.97982 0.06469929840845184
25.98103 0.06475389697250962
25.98224 0.06483579481859626
25.98344 0.0649176926646829
25.98465 0.06497229122874068
25.98586 0.06505418907482732
25.98706 0.0651087876388851
25.98827 0.06516338620294286
25.98948 0.06521798476700062
25.99068 0.06529988261308728
25.99189 0.06535448117714504
25.9931 0.06543637902323168
25.9943 0.06549097758728946
25.99551 0.06560017471540498
25.99672 0.06568207256149164
25.99792 0.06576397040757828
25.99913 0.0658731675356938
26.00034 0.06595506538178046
26.00155 0.06606426250989599
26.00275 0.06617345963801152
26.00396 0.06628265676612705
26.00517 0.06639185389424258
26.00637 0.06650105102235811
26.00758 0.06663754743250253
26.00879 0.06674674456061805
26.00999 0.06688324097076247
26.0112 0.06699243809887799
26.01241 0.06712893450902241
26.01361 0.06726543091916681
26.01482 0.06740192732931123
26.01603 0.06751112445742675
26.01723 0.06764762086757117
26.01844 0.06778411727771559
26.01965 0.06792061368786001
26.02085 0.06805711009800441
26.02206 0.06816630722611995
26.02327 0.06830280363626437
26.02447 0.06843930004640877
26.02568 0.06857579645655319
26.02689 0.06868499358466872
26.0281 0.06882148999481313
26.0293 0.06895798640495755
26.03051 0.06906718353307308
26.03172 0.0692036799432175
26.03292 0.06931287707133302
26.03413 0.06942207419944856
26.03534 0.06953127132756408
26.03654 0.06964046845567962
26.03775 0.06974966558379514
26.03896 0.06985886271191068
26.04016 0.06994076055799732
26.04137 0.07004995768611284
26.04258 0.0701318555321995
26.04378 0.07021375337828614
26.04499 0.07029565122437278
26.0462 0.07037754907045944
26.0474 0.0704321476345172
26.04861 0.07051404548060385
26.04982 0.07056864404466162
26.05102 0.07062324260871938
26.05223 0.07065054189074826
26.05344 0.07070514045480603
26.05465 0.07073243973683492
26.05585 0.0707597390188638
26.05706 0.07078703830089268
26.05827 0.07081433758292156
26.05947 0.07084163686495044
26.06068 0.07086893614697932
26.06189 0.07086893614697932
26.06309 0.0708962354290082
26.0643 0.0709235347110371
26.06551 0.0709235347110371
26.06671 0.07095083399306598
26.06792 0.07095083399306598
26.06913 0.07097813327509486
26.07033 0.07097813327509486
26.07154 0.07097813327509486
26.07275 0.07100543255712374
26.07395 0.07100543255712374
26.07516 0.07100543255712374
26.07637 0.07097813327509486
26.07757 0.07097813327509486
26.07878 0.07097813327509486
26.07999 0.07095083399306598
26.0812 0.07095083399306598
26.0824 0.0709235347110371
26.08361 0.0708962354290082
26.08482 0.0708962354290082
26.08602 0.07086893614697932
26.08723 0.07081433758292156
26.08844 0.07078703830089268
26.08964 0.0707597390188638
26.09085 0.07070514045480603
26.09206 0.07067784117277714
26.09326 0.07062324260871938
26.09447 0.07056864404466162
26.09568 0.07051404548060385
26.09688 0.07045944691654608
26.09809 0.07037754907045944
26.0993 0.07032295050640168
26.1005 0.07024105266031502
26.10171 0.07015915481422838
26.10292 0.07007725696814172
26.10412 0.06999535912205508
26.10533 0.06988616199393956
26.10654 0.0698042641478529
26.10775 0.06969506701973738
26.10895 0.06958586989162184
26.11016 0.06947667276350632
26.11137 0.06936747563539078
26.11257 0.06923097922524638
26.11378 0.06912178209713084
26.11499 0.06898528568698643
26.11619 0.06884878927684202
26.1174 0.06871229286669761
26.11861 0.06854849717452431
26.11981 0.0684120007643799
26.12102 0.0682482050722066
26.12223 0.0680844093800333
26.12343 0.06792061368786001
26.12464 0.06772951871365783
26.12585 0.06756572302148453
26.12705 0.06737462804728235
26.12826 0.06718353307308017
26.12947 0.06699243809887799
26.13067 0.06680134312467581
26.13188 0.06661024815047364
26.13309 0.06641915317627146
26.1343 0.0662007589200404
26.1355 0.06598236466380934
26.13671 0.06576397040757828
26.13792 0.06554557615134722
26.13912 0.06532718189511616
26.14033 0.0651087876388851
26.14154 0.06486309410062514
26.14274 0.06464469984439408
26.14395 0.06439900630613414
26.14516 0.0641533127678742
26.14636 0.06390761922961426
26.14757 0.06366192569135432
26.14878 0.06338893287106549
26.14998 0.06314323933280555
26.15119 0.06287024651251671
26.1524 0.06259725369222789
26.1536 0.06232426087193906
26.15481 0.06205126805165024
26.15602 0.06177827523136142
26.15722 0.0614779831290437
26.15843 0.06120499030875487
26.15964 0.060904698206437166
26.16085 0.06060440610411946
26.16205 0.060304114001801745
26.16326 0.06000382189948404
26.16447 0.05970352979716633
26.16567 0.05937593841281973
26.16688 0.05904834702847315
26.16809 0.05874805492615544
26.16929 0.05842046354180885
26.1705 0.058092872157462255
26.17171 0.057737981491086776
26.17291 0.05741039010674019
26.17412 0.05705549944036471
26.17533 0.05672790805601812
26.17653 0.056373017389642656
26.17774 0.05601812672326718
26.17895 0.0556632360568917
26.18015 0.055308345390516225
26.18136 0.054926155442111865
26.18257 0.0545712647757364
26.18377 0.05418907482733203
26.18498 0.05380688487892767
26.18619 0.05342469493052333
26.1874 0.05304250498211897
26.1886 0.052633015751685726
26.18981 0.05222352652125249
26.19102 0.05181403729081925
26.19222 0.05140454806038601
26.19343 0.05099505882995276
26.19464 0.05055827031749064
26.19584 0.050121481805028525
26.19705 0.04965739401053752
26.19826 0.0492206054980754
26.19946 0.0487565177035844
26.20067 0.04829242990909339
26.20188 0.047828342114602386
26.20308 0.04736425432011138
26.20429 0.04687286724359149
26.2055 0.04640877944910049
26.2067 0.0459173923725806
26.20791 0.04542600529606071
26.20912 0.04493461821954082
26.21032 0.044443231143020935
26.21153 0.043924544784472164
26.21274 0.04343315770795228
26.21395 0.04291447134940351
26.21515 0.04242308427288362
26.21636 0.041904397914334854
26.21757 0.04138571155578608
26.21877 0.04086702519723731
26.21998 0.04034833883868854
26.22119 0.03982965248013977
26.22239 0.039310966121591
26.2236 0.03879227976304223
26.22481 0.03824629412246457
26.22601 0.03772760776391581
26.22722 0.03720892140536704
26.22843 0.036690235046818266
26.22963 0.036144249406240614
26.23084 0.03562556304769184
26.23205 0.03510687668914307
26.23325 0.03458819033059431
26.23446 0.03404220469001665
26.23567 0.033523518331467876
26.23688 0.03300483197291911
26.23808 0.03248614561437034
26.23929 0.03196745925582157
26.2405 0.031448772897272805
26.2417 0.03093008653872403
26.24291 0.030411400180175262
26.24412 0.02992001310365537
26.24532 0.029401326745106603
26.24653 0.028909939668586716
26.24774 0.02839125331003794
26.24894 0.027899866233518058
26.25015 0.02740847915699817
26.25136 0.026917092080478284
26.25256 0.026425705003958393
26.25377 0.025934317927438506
26.25498 0.02544293085091862
26.25618 0.024924244492369848
26.25739 0.02443285741584996
26.2586 0.023914171057301193
26.2598 0.023395484698752418
26.26101 0.02287679834020365
26.26222 0.022330812699625998
26.26343 0.02181212634107723
26.26463 0.021266140700499574
26.26584 0.020720155059921922
26.26705 0.02017416941934427
26.26825 0.019628183778766618
26.26946 0.019082198138188962
26.27067 0.018536212497611313
26.27187 0.01799022685703366
26.27308 0.017444241216456005
26.27429 0.016898255575878353
26.27549 0.0163522699353007
26.2767 0.01580628429472305
26.27791 0.015232999372116512
26.27911 0.01468701373153886
26.28032 0.014141028090961206
26.28153 0.013622341732412436
26.28273 0.013076356091834784
26.28394 0.012530370451257131
26.28515 0.011984384810679477
26.28635 0.011465698452130708
26.28756 0.010947012093581936
26.28877 0.010428325735033168
26.28998 0.009909639376484397
26.29118 0.009390953017935627
26.29239 0.008872266659386858
26.2936 0.008380879582866969
26.2948 0.007889492506347084
26.29601 0.007398105429827196
26.29722 0.0069340176353361906
26.29842 0.006442630558816303
26.29963 0.006005842046354181
26.30084 0.005541754251863176
26.30204 0.005104965739401053
26.30325 0.004668177226938931
26.30446 0.0042313887144768084
26.30566 0.0038218994840435692
26.30687 0.00341241025361033
26.30808 0.0030029210231770904
26.30928 0.0026207310747727334
26.31049 0.002265840408397259
26.3117 0.001883650459992902
26.3129 0.0015560590756463104
26.31411 0.001201168409270836
26.31532 0.0008735770249242445
26.31653 0.0005732849226065354
26.31773 0.0002729928202888264
26.31894 0.0
