2.50112 0.009206726685918125
2.50233 0.009104807202310175
2.50354 0.009070834041107525
2.50474 0.009070834041107525
2.50595 0.009002887718702226
2.50716 0.009172753524715475
2.50837 0.009206726685918125
2.50957 0.009104807202310175
2.51078 0.008866995073891625
2.51199 0.008934941396296926
2.51319 0.008833021912688975
2.5144 0.008731102429081025
2.51561 0.008731102429081025
2.51681 0.008629182945473077
2.51802 0.008663156106675727
2.51923 0.008561236623067776
2.52043 0.008629182945473077
2.52164 0.008493290300662476
2.52285 0.008595209784270428
2.52405 0.008561236623067776
2.52526 0.008663156106675727
2.52647 0.008459317139459827
2.52767 0.008391370817054527
2.52888 0.008425343978257177
2.53009 0.008357397655851877
2.53129 0.008119585527433328
2.5325 0.008051639205028029
2.53371 0.008153558688635976
2.53492 0.008289451333446577
2.53612 0.007813827076609478
2.53733 0.007983692882622729
2.53854 0.007983692882622729
2.53974 0.007847800237812128
2.54095 0.007881773399014778
2.54216 0.007677934431798879
2.54336 0.00750806862578563
2.54457 0.007745880754204178
2.54578 0.007881773399014778
2.54698 0.00754204178698828
2.54819 0.00727025649736708
2.5494 0.00757601494819093
2.5506 0.00744012230338033
2.55181 0.00737217598097503
2.55302 0.006998471207745881
2.55422 0.00750806862578563
2.55543 0.00744012230338033
2.55664 0.00740614914217768
2.55785 0.00723628333616443
2.55905 0.00713436385255648
2.56026 0.0067946322405299815
2.56147 0.006726685918124682
2.56267 0.0065907932733140825
2.56388 0.0065907932733140825
2.56509 0.006386954306098183
2.56629 0.006658739595719381
2.5675 0.006488873789706132
2.56871 0.006488873789706132
2.56991 0.006454900628503482
2.57112 0.006556820112111432
2.57233 0.006319007983692883
2.57353 0.006115169016476983
2.57474 0.006285034822490233
2.57595 0.0056735179208425345
2.57715 0.005231866825208085
2.57836 0.005843383726855784
2.57957 0.0056735179208425345
2.58077 0.005163920502802786
2.58198 0.005571598437234584
2.58319 0.005775437404450484
2.5844 0.005707491082045184
2.5856 0.0056735179208425345
2.58681 0.005095974180397486
2.58802 0.005028027857992186
2.58922 0.004892135213181587
2.59043 0.004994054696789536
2.59164 0.004620349923560388
2.59284 0.004994054696789536
2.59405 0.0052998131476133855
2.59526 0.0058773568880584335
2.59646 0.005333786308816035
2.59767 0.0043485646339391885
2.59888 0.004246645150331238
2.60008 0.004212671989128588
2.60129 0.003804994054696789
2.6025 0.003906913538304739
2.6037 0.00377102089349414
2.60491 0.004042806183115339
2.60612 0.004280618311533888
2.60732 0.003940886699507389
2.60853 0.003872940377102089
2.60974 0.00353320876507559
2.61095 0.0034312892814676406
2.61215 0.0031595039918464415
2.61336 0.002853745541022592
2.61457 0.002921691863427892
2.61577 0.003227450314251741
2.61698 0.0031255308306437917
2.61819 0.0030915576694411414
2.61939 0.0031255308306437917
2.6206 0.002853745541022592
2.62181 0.0030575845082384916
2.62301 0.0026159334126040425
2.62422 0.0026159334126040425
2.62543 0.002717852896211993
2.62663 0.002581960251401393
2.62784 0.0026499065738066927
2.62905 0.0023441481229828434
2.63025 0.0024120944453881435
2.63146 0.0026499065738066927
2.63267 0.0020044165109563447
2.63387 0.001766604382537795
2.63508 0.0020044165109563447
2.63629 0.001834550704943095
2.6375 0.001868523866145745
2.6387 0.0016646848989298453
2.63991 0.001426872770511296
2.64112 0.0012909801257006965
2.64232 0.0011890606420927466
2.64353 0.0013589264481059964
2.64474 0.0012570069644980465
2.64594 0.0009852216748768472
2.64715 0.0013249532869033464
2.64836 0.001155087480890097
2.64956 0.001121114319687447
2.65077 0.0012230338032953967
2.65198 0.0009172753524715474
2.65318 0.0009172753524715474
2.65439 0.0008833021912688975
2.6556 0.0006454900628503483
2.6568 0.0008493290300662477
2.65801 0.0008833021912688975
2.65922 0.0007813827076609479
2.66042 0.0007813827076609479
2.66163 0.0006794632240529982
2.66284 0.000747409546458298
2.66405 0.0007813827076609479
2.66525 0.0008493290300662477
2.66646 0.0013249532869033464
2.66767 0.001053167997282147
2.66887 0.001121114319687447
2.67008 0.0007813827076609479
2.67129 0.0012909801257006965
2.67249 0.0005775437404450485
2.6737 0.00016986580601324955
2.67491 0.00020383896721589944
2.67611 -0.00013589264481059964
2.67732 -0.00010191948360794972
2.67853 0.0005775437404450485
2.67973 0.0007813827076609479
2.68094 0.0008833021912688975
2.68215 0.00044165109563444876
2.68335 0.0
2.68456 0.00023781212841854932
2.68577 0.00040767793443179887
2.68697 0.000713436385255648
2.68818 0.0008493290300662477
2.68939 0.0008493290300662477
2.6906 0.0011890606420927466
2.6918 0.0013589264481059964
2.69301 0.0016307117377271955
2.69422 0.001834550704943095
2.69542 0.0019024970273483946
2.69663 0.0021742823169695943
2.69784 0.0023441481229828434
2.69904 0.002547987090198743
2.70025 0.0028197723798199423
2.70146 0.002887718702225242
2.70266 0.0033973161202649907
2.70387 0.00370307457108884
2.70508 0.003872940377102089
2.70628 0.004110752505520638
2.70749 0.004246645150331238
2.7087 0.004042806183115339
2.7099 0.004790215729573637
2.71111 0.005129947341600136
2.71232 0.0055036521148292845
2.71352 0.0055036521148292845
2.71473 0.006047222694071683
2.71594 0.006522846950908782
2.71715 0.0067946322405299815
2.71835 0.007711907593001529
2.71956 0.009138780363512825
2.72077 0.010327841005605572
2.72197 0.011822660098522168
2.72318 0.013079667063020214
2.72439 0.01420078138270766
2.72559 0.015559707830813656
2.7268 0.016680822150501106
2.72801 0.01800577543740445
2.72921 0.019364701885510448
2.73042 0.02079157465602174
2.73163 0.02242228639374894
2.73283 0.02418889077628673
2.73404 0.026125360964837776
2.73525 0.02795991166978087
2.73645 0.02989638185833192
2.73766 0.03166298624086971
2.73887 0.0340411075250552
2.74007 0.036758960421267195
2.74128 0.038865296415831495
2.74249 0.04110752505520639
2.7437 0.04382537795141838
2.7449 0.04633939188041447
2.74611 0.049295056905045015
2.74732 0.052318668252080855
2.74852 0.05544419908272465
2.74973 0.05897740784780024
2.75094 0.062102938678444033
2.75214 0.06546628163750637
2.75335 0.06971292678783761
2.75456 0.07361984032614234
2.75576 0.07776456599286564
2.75697 0.08201121114319689
2.75818 0.08568031255308306
2.75938 0.09002887718702225
2.76059 0.09454730762697469
2.7618 0.09899779174452182
2.763 0.10372006115169018
2.76421 0.10844233055885849
2.76542 0.11309665364362154
2.76663 0.11781892305078988
2.76783 0.12301681671479531
2.76904 0.12852046882962462
2.77025 0.13337863088160354
2.77145 0.1385425513844063
2.77266 0.14401223033803295
2.77387 0.1496178019364702
2.77507 0.15488364192288093
2.77628 0.1602514013928996
2.77749 0.16595889247494477
2.77869 0.17176830304059792
2.7799 0.1774757941226431
2.78111 0.1829794462374724
2.78231 0.18868693731951758
2.78352 0.19449634788517073
2.78473 0.2003397316120265
2.78593 0.20580941056565313
2.78714 0.21148292848649566
2.78835 0.21756412434177
2.78955 0.22364532019704433
2.79076 0.22942075760149483
2.79197 0.23526414132835063
2.79318 0.24097163241039582
2.79438 0.24671309665364363
2.79559 0.25238661457448613
2.7968 0.25806013249532866
2.798 0.2638015967385765
2.79921 0.2694411414982164
2.80042 0.2748089009682351
2.80162 0.27980295566502467
2.80283 0.2845931713945983
2.80404 0.2902327161542382
2.80524 0.295974180397486
2.80645 0.30113810090028875
2.80766 0.3062001019194836
2.80886 0.31133004926108376
2.81007 0.31645999660268387
2.81128 0.3213181586546628
2.81248 0.3261423475454391
2.81369 0.33083064379140475
2.8149 0.3355189400373705
2.8161 0.3403091557669441
2.81731 0.34469169356208595
2.81852 0.3490062850348225
2.81973 0.35352471547477493
2.82093 0.3579751995923221
2.82214 0.3624256837098692
2.82335 0.36674027518260577
2.82455 0.3708170545269237
2.82576 0.3748598607100391
2.82697 0.3787667742483438
2.82817 0.38267368778664856
2.82938 0.3867164939697639
2.83059 0.3904195685408527
2.83179 0.39408866995073893
2.833 0.39779174452182775
2.83421 0.401358926448106
2.83541 0.4050959741803975
2.83662 0.4086971292678784
2.83783 0.412128418549346
2.83903 0.4158314931204348
2.84024 0.4194666213691184
2.84145 0.4229658569729913
2.84265 0.4266349583828775
2.84386 0.4303040597927637
2.84507 0.43380329539663665
2.84628 0.4371326651944964
2.84748 0.44083573976558516
2.84869 0.4445048411754714
2.8499 0.44807202310174965
2.8511 0.45187701715644635
2.85231 0.45554611856633254
2.85352 0.458807542041787
2.85472 0.4622388313232546
2.85593 0.4660777985391541
2.85714 0.47001868523866147
2.85834 0.4740275182605741
2.85955 0.47773059283166297
2.86076 0.4812638015967386
2.86196 0.48506879565143535
2.86317 0.4890096823509428
2.86438 0.4928826227280448
2.86558 0.49672158994394433
2.86679 0.5004246645150331
2.868 0.5041617122473246
2.8692 0.5078647868184135
2.87041 0.5114319687446918
2.87162 0.5149991506709699
2.87283 0.5189060642092747
2.87403 0.5226770851027688
2.87524 0.5261423475454391
2.87645 0.5297095294717173
2.87765 0.5331747919143877
2.87886 0.5367080006794632
2.88007 0.5402072362833362
2.88127 0.5437064718872091
2.88248 0.5469678953626635
2.88369 0.550025479870902
2.88489 0.5532869033463564
2.8861 0.5564464073382028
2.88731 0.5591982333956175
2.88851 0.5621199252590453
2.88972 0.5650755902836759
2.89093 0.5679633089859011
2.89213 0.570681161882113
2.89334 0.5731951758111092
2.89455 0.5755393239340921
2.89575 0.5777136062510617
2.89696 0.5797519959232207
2.89817 0.5817903855953797
2.89938 0.5836249363003227
2.90058 0.58525564803805
2.90179 0.5868863597757771
2.903 0.5882792593850859
2.9042 0.5892644810599627
2.90541 0.5903516222184475
2.90662 0.5912349244097163
2.90782 0.5916086291829454
2.90903 0.5920163071173773
2.91024 0.5922201460845932
2.91144 0.591948360794972
2.91265 0.5915746560217429
2.91386 0.5912009512485137
2.91506 0.590589434346866
2.91627 0.5897061321555971
2.91748 0.5885850178359096
2.91868 0.5873619840326142
2.91989 0.5861049770681163
2.9211 0.5845082384915917
2.9223 0.5826736877866485
2.92351 0.5807372175980975
2.92472 0.5787667742483439
2.92593 0.5767963308985901
2.92713 0.5746899949040258
2.92834 0.5723798199422456
2.92955 0.5698997791744522
2.93075 0.5673517920842535
2.93196 0.5646679123492441
2.93317 0.5618141668082215
2.93437 0.558858501783591
2.93558 0.5560047562425684
2.93679 0.5531170375403431
2.93799 0.5500934261933074
2.9392 0.5468999490402582
2.94041 0.5437744182096145
2.94161 0.5405809410565654
2.94282 0.5374554102259216
2.94403 0.5344317988788857
2.94523 0.5314421606930525
2.94644 0.5282486835400033
2.94765 0.524885340580941
2.94885 0.5215559707830814
2.95006 0.518294547307627
2.95127 0.5151350433157805
2.95248 0.5118056735179208
2.95368 0.508102598946832
2.95489 0.5042296585697299
2.9561 0.5003906913538305
2.9573 0.4962799388483098
2.95851 0.4918634278919653
2.95972 0.48744691693562087
2.96092 0.4829624596568711
2.96213 0.4783760828945133
2.96334 0.47344997452012916
2.96454 0.46832002717852894
2.96575 0.46332597248173946
2.96696 0.4582299983013419
2.96816 0.45286223883132326
2.96937 0.44756242568370985
2.97058 0.4422965856972991
2.97178 0.4369967725496857
2.97299 0.43166298624086974
2.9742 0.4261933072872431
2.9754 0.42079157465602174
2.97661 0.415525734669611
2.97782 0.4102938678444029
2.97903 0.4051299473416001
2.98023 0.40006794632240533
2.98144 0.3950059453032105
2.98265 0.39004586376762357
2.98385 0.38515372855444197
2.98506 0.3801936470188551
2.98627 0.3754034312892815
2.98747 0.37061321555970783
2.98868 0.36578902666893154
2.98989 0.3611686767453712
2.99109 0.356718192627824
2.9923 0.35233565483268214
2.99351 0.3480550365211483
2.99471 0.3437744182096144
2.99592 0.3395957193816884
2.99713 0.33548496687616786
2.99833 0.3314761338542552
2.99954 0.3275012739935451
3.00075 0.32349244097163243
3.00196 0.3195855274333277
3.00316 0.3159503991846441
3.00437 0.3122133514523526
3.00558 0.3084423305588585
3.00678 0.30501104127739087
3.00799 0.30174961780193643
3.0092 0.2984202480040768
3.0104 0.2951588245286224
3.01161 0.29199932053677596
3.01282 0.2888398165449295
3.01402 0.285782232036691
3.01523 0.2827586206896552
3.01644 0.27980295566502467
3.01764 0.27705112960760997
3.01885 0.2744691693562086
3.02006 0.27188720910480724
3.02126 0.26923730253100053
3.02247 0.26665534227959914
3.02368 0.2642772209954136
3.02488 0.26200101919483604
3.02609 0.2597587905554612
3.0273 0.257448615593681
3.02851 0.25524036011550877
3.02971 0.2530660777985392
3.03092 0.25089179548156954
3.03213 0.24892135213181588
3.03333 0.24705282826567015
3.03454 0.24494649227110582
3.03575 0.24290810259894682
3.03695 0.24107355189400373
3.03816 0.23923900118906063
3.03937 0.23743842364532017
3.04057 0.23570579242398504
3.04178 0.23407508068625787
3.04299 0.23258026159334125
3.04419 0.23108544250042465
3.0454 0.2296245965687107
3.04661 0.22826567012060472
3.04781 0.2268727705112961
3.04902 0.22554781722439274
3.05023 0.22425683709869204
3.05143 0.222999830134194
3.05264 0.22187871581450655
3.05385 0.22068965517241382
3.05506 0.21950059453032106
3.05626 0.21834550704943093
3.05747 0.2172243927297435
3.05868 0.21620519789366402
3.05988 0.21521997621878716
3.06109 0.21413283506030237
3.0623 0.2130796670630202
3.0635 0.21212841854934603
3.06471 0.21110922371326651
3.06592 0.21002208255478172
3.06712 0.2090368608799049
3.06833 0.20805163920502803
3.06954 0.20699847120774587
3.07074 0.20591133004926107
3.07195 0.2048921352131816
3.07316 0.20383896721589942
3.07436 0.202717852896212
3.07557 0.20159673857652455
3.07678 0.2004756242568371
3.07798 0.19935450993714965
3.07919 0.19826736877866485
3.0804 0.1972142007813827
3.08161 0.19616103278410055
3.08281 0.19503991846441313
3.08402 0.1938168846611177
3.08523 0.1924919313742144
3.08643 0.19109903176490572
3.08764 0.18980805163920503
3.08885 0.18868693731951758
3.09005 0.18749787667742485
3.09126 0.18624086971292678
3.09247 0.1849498895872261
3.09367 0.1837268557839307
3.09488 0.18246984881943265
3.09609 0.1811448955325293
3.09729 0.17988788856803126
3.0985 0.1785629352811279
3.09971 0.17717003567181927
3.10091 0.17584508238491592
3.10212 0.17458807542041788
3.10333 0.17333106845591983
3.10453 0.17197214200781383
3.10574 0.17071513504331579
3.10695 0.16956004756242568
3.10816 0.16833701375913027
3.10936 0.1670460336334296
3.11057 0.16578902666893156
3.11178 0.16463393918804145
3.11298 0.16341090538474604
3.11419 0.16215389842024802
3.1154 0.16110073042296585
3.1166 0.16001358926448106
3.11781 0.15879055546118565
3.11902 0.15763546798029557
3.12022 0.15651435366060812
3.12143 0.15529131985731273
3.12264 0.15396636657040938
3.12384 0.15264141328350603
3.12505 0.15138440631900799
3.12626 0.15012739935450994
3.12746 0.14890436555121456
3.12867 0.14781722439272973
3.12988 0.14666213691183966
3.13108 0.1454730762697469
3.13229 0.14428401562765417
3.1335 0.1430949549855614
3.13471 0.14197384066587396
3.13591 0.14088669950738916
3.13712 0.13979955834890437
3.13833 0.13878036351282486
3.13953 0.13776116867674537
3.14074 0.1367080006794632
3.14195 0.13579072532699168
3.14315 0.13480550365211483
3.14436 0.1336843893324274
3.14557 0.13263122133514524
3.14677 0.1317139459826737
3.14798 0.13086461695260743
3.14919 0.12991336843893325
3.15039 0.12889417360285374
3.1516 0.1279768982503822
3.15281 0.12719551554272127
3.15401 0.12638015967385763
3.15522 0.1254628843213861
3.15643 0.12457958213011722
3.15763 0.1237642262612536
3.15884 0.12294887039239001
3.16005 0.12213351452352643
3.16126 0.12142007813827077
3.16246 0.12074061491421778
3.16367 0.11995923220655683
3.16488 0.11910990317649058
3.16608 0.11829454730762697
3.16729 0.11751316459996604
3.1685 0.11676575505350772
3.1697 0.11608629182945472
3.17091 0.11547477492780703
3.17212 0.11482928486495668
3.17332 0.11408187531849838
3.17453 0.1133344657720401
3.17574 0.11262102938678444
3.17694 0.11190759300152878
3.17815 0.11116018345507049
3.17936 0.11044674706981483
3.18056 0.10983523016816714
3.18177 0.10922371326651945
3.18298 0.10857822320366911
3.18418 0.10796670630202142
3.18539 0.10732121623917106
3.1866 0.10664175301511807
3.18781 0.1059283166298624
3.18901 0.10531679972821471
3.19022 0.10467130966536436
3.19143 0.10405979276371667
3.19263 0.10348224902327162
3.19384 0.10287073212162393
3.19505 0.10225921521997622
3.19625 0.10164769831832851
3.19746 0.10110412773908613
3.19867 0.10059453032104637
3.19987 0.10008493290300663
3.20108 0.09943944284015628
3.20229 0.09879395277730593
3.20349 0.09828435535926618
3.2047 0.09774078478002378
3.20591 0.09706132155597079
3.20711 0.09641583149312043
3.20832 0.09580431459147273
3.20953 0.09526074401223034
3.21074 0.09464922711058264
3.21194 0.09410565653134023
3.21315 0.09363003227450314
3.21436 0.09305248853405809
3.21556 0.09237302531000509
3.21677 0.09179548156956005
3.21798 0.09125191099031764
3.21918 0.09064039408866995
3.22039 0.08996093086461696
3.2216 0.08928146764056395
3.2228 0.08870392390011891
3.22401 0.0880924069984712
3.22522 0.0874808900968235
3.22642 0.08697129267878377
3.22763 0.08646169526074401
3.22884 0.08588415152029896
3.23004 0.08527263461865127
3.23125 0.08466111771700358
3.23246 0.08408357397655852
3.23366 0.08357397655851877
3.23487 0.08303040597927637
3.23608 0.08245286223883132
3.23729 0.08187531849838628
3.23849 0.08129777475794123
3.2397 0.08068625785629353
3.24091 0.08007474095464583
3.24211 0.07946322405299813
3.24332 0.07895362663495839
3.24453 0.07847800237812128
3.24573 0.07793443179887888
3.24694 0.0773908612196365
3.24815 0.07688126380159674
3.24935 0.07643961270596229
3.25056 0.07593001528792254
3.25177 0.0754204178698828
3.25297 0.0749447936130457
3.25418 0.07446916935620859
3.25539 0.07395957193816885
3.25659 0.07348394768133175
3.2578 0.07297435026329199
3.25901 0.0724307796840496
3.26021 0.07195515542721251
3.26142 0.0715474774927807
3.26263 0.07117377271955155
3.26384 0.0706641753015118
3.26504 0.07015457788347207
3.26625 0.06961100730422966
3.26746 0.06916935620859521
3.26866 0.06869373195175811
3.26987 0.06821810769492101
3.27108 0.06777645659928656
3.27228 0.06740275182605741
3.27349 0.06702904705282826
3.2747 0.06662136911839646
3.2759 0.06628163750636996
3.27711 0.06594190589434347
3.27832 0.06553422795991168
3.27952 0.06505860370307458
3.28073 0.06465092576864277
3.28194 0.06437914047902157
3.28314 0.06400543570579242
3.28435 0.06352981144895532
3.28556 0.06308816035332088
3.28676 0.06278240190249702
3.28797 0.06244267029047053
3.28918 0.062001019194836075
3.29039 0.061593341260404284
3.29159 0.06128758280958043
3.2928 0.060981824358756584
3.29401 0.06060811958552744
3.29521 0.060234414812298284
3.29642 0.059996602683879734
3.29763 0.05969084423305588
3.29883 0.05931713945982674
3.30004 0.05901138100900289
3.30125 0.058739595719381685
3.30245 0.05839986410735519
3.30366 0.05802615933412605
3.30487 0.05765245456089689
3.30607 0.057380669271275685
3.30728 0.057210803465262444
3.30849 0.0569050450144386
3.30969 0.05649736708000679
3.3109 0.05615763546798029
3.31211 0.05595379650076439
3.31331 0.05571598437234585
3.31452 0.05544419908272465
3.31573 0.0552063869543061
3.31694 0.0549346016646849
3.31814 0.05462884321386105
3.31935 0.054323084763037204
3.32056 0.05408527263461865
3.32176 0.05374554102259215
3.32297 0.053439782571768304
3.32418 0.0532359436045524
3.32538 0.05303210463733651
3.32659 0.052794292508917956
3.3278 0.052556480380499405
3.329 0.0522846950908782
3.33021 0.05201290980125701
3.33142 0.051809070834041106
3.33262 0.051673178189230506
3.33383 0.05136741973840666
3.33504 0.051061661287582806
3.33624 0.05092576864277221
3.33745 0.050823849159164255
3.33866 0.05058603703074571
3.33986 0.050280278579921865
3.34107 0.05007643961270596
3.34228 0.04994054696789536
3.34349 0.04983862748428741
3.34469 0.04973670800067946
3.3459 0.04970273483947681
3.34711 0.04963478851707151
3.34831 0.04960081535586886
3.34952 0.04949889587226091
3.35073 0.04936300322745031
3.35193 0.04932903006624766
3.35314 0.04932903006624766
3.35435 0.049295056905045015
3.35555 0.04926108374384237
3.35676 0.04926108374384237
3.35797 0.04926108374384237
3.35917 0.04926108374384237
3.36038 0.049193137421437064
3.36159 0.049193137421437064
3.36279 0.04926108374384237
3.364 0.049396976388652966
3.36521 0.049430949549855614
3.36641 0.04946492271105826
3.36762 0.049566842194666214
3.36883 0.04966876167827416
3.37004 0.04970273483947681
3.37124 0.04970273483947681
3.37245 0.04977068116188211
3.37366 0.049804654323084764
3.37486 0.049804654323084764
3.37607 0.04970273483947681
3.37728 0.049566842194666214
3.37848 0.04949889587226091
3.37969 0.049430949549855614
3.3809 0.04936300322745031
3.3821 0.049295056905045015
3.38331 0.04922711058263971
3.38452 0.049057244776626464
3.38572 0.048921352131815865
3.38693 0.04881943264820792
3.38814 0.04871751316459997
3.38934 0.048547647358586715
3.39055 0.048411754713776116
3.39176 0.04834380839137081
3.39296 0.04834380839137081
3.39417 0.048445727874978764
3.39538 0.048547647358586715
3.39659 0.04861559368099202
3.39779 0.04868354000339732
3.399 0.04885340580941057
3.40021 0.04909121793782911
3.40141 0.04926108374384237
3.40262 0.04949889587226091
3.40383 0.049804654323084764
3.40503 0.05024630541871921
3.40624 0.050687956514353656
3.40745 0.05112960760998811
3.40865 0.05146933922201461
3.40986 0.051843043995243754
3.41107 0.052182775607270256
3.41227 0.05252250721929676
3.41348 0.05289621199252591
3.41469 0.0533038899269577
3.41589 0.05360964837778155
3.4171 0.0538474605062001
3.41831 0.05398335315101071
3.41952 0.05401732631221336
3.42072 0.05394937998980805
3.42193 0.053813487344997454
3.42314 0.0535077288941736
3.42434 0.053066077798539155
3.42555 0.05248853405809411
3.42676 0.05174112451163581
3.42796 0.050959741803974855
3.42917 0.050144385935111266
3.43038 0.049295056905045015
3.43158 0.048547647358586715
3.43279 0.04790215729573637
3.434 0.04732461355529132
3.4352 0.04681501613725157
3.43641 0.046407338202819774
3.43762 0.04606760659079327
3.43882 0.04576184813996942
3.44003 0.04549006285034823
3.44124 0.04525225072192968
3.44244 0.04498046543230848
3.44365 0.044640733820281976
3.44486 0.04433497536945813
3.44607 0.04406319007983693
3.44727 0.04379140479021573
3.44848 0.04355359266179718
3.44969 0.04331578053337863
3.45089 0.04301002208255478
3.4521 0.04270426363173093
3.45331 0.04253439782571768
3.45451 0.042398505180907084
3.45572 0.04216069305248853
3.45693 0.04185493460166468
3.45813 0.041515202989638185
3.45934 0.041243417700016986
3.46055 0.04107355189400374
3.46175 0.04090368608799049
3.46296 0.040665873959571934
3.46417 0.04046203499235604
3.46537 0.04032614234754544
3.46658 0.04015627654153219
3.46779 0.03991846441311364
3.46899 0.03968065228469509
3.4702 0.039476813317479195
3.47141 0.03934092067266859
3.47262 0.03923900118906064
3.47382 0.03903516222184474
3.47503 0.03889926957703414
3.47624 0.03883132325462884
3.47744 0.038729403771020895
3.47865 0.03855953796500765
3.47986 0.038355698997791746
3.48106 0.038219806352981146
3.48227 0.038117886869373195
3.48348 0.03791404790215729
3.48468 0.037642262612536094
3.48589 0.0373025310005096
3.4871 0.0370986920332937
3.4883 0.03699677254968575
3.48951 0.03692882622728045
3.49072 0.036860879904875146
3.49192 0.0368269067436725
3.49313 0.036860879904875146
3.49434 0.0368948530660778
3.49554 0.03699677254968575
3.49675 0.0370986920332937
3.49796 0.03726855783930695
3.49917 0.0375743162901308
3.50037 0.03781212841854934
3.50158 0.037880074740954645
3.50279 0.037846101579751996
3.50399 0.037744182096144045
3.5052 0.037506369967725495
3.50641 0.0370307457108884
3.50761 0.0363512824868354
3.50882 0.035603872940377104
3.51003 0.03489043655512145
3.51123 0.03427891965347375
3.51244 0.03366740275182606
3.51365 0.03302191268897571
3.51485 0.03237642262612536
3.51606 0.03186682520808561
3.51727 0.03149312043485646
3.51847 0.031085442500424665
3.51968 0.030677764565992863
3.52089 0.03030405979276372
3.52209 0.029998301341939867
3.5233 0.02962459656871072
3.52451 0.029284864956684215
3.52572 0.029013079667063024
3.52692 0.02880924069984712
3.52813 0.028605401732631222
3.52934 0.02840156276541532
3.53054 0.028095804314591473
3.53175 0.027857992186172926
3.53296 0.02768812638015967
3.53416 0.027552233735349072
3.53537 0.027348394768133173
3.53658 0.027178528962119926
3.53778 0.027042636317309326
3.53899 0.026872770511296076
3.5402 0.026702904705282828
3.5414 0.026499065738066926
3.54261 0.02629522677085103
3.54382 0.026159334126040427
3.54502 0.026023441481229828
3.54623 0.02588754883641923
3.54744 0.02568370986920333
3.54864 0.02554781722439273
3.54985 0.025479870901987427
3.55106 0.02537795141837948
3.55227 0.02517411245116358
3.55347 0.02497027348394768
3.55468 0.02486835400033973
3.55589 0.02480040767793443
3.55709 0.02473246135552913
3.5583 0.024562595549515884
3.55951 0.024358756582299985
3.56071 0.02418889077628673
3.56192 0.024086971292678783
3.56313 0.024019024970273483
3.56433 0.023951078647868183
3.56554 0.023883132325462884
3.56675 0.023781212841854936
3.56795 0.023645320197044337
3.56916 0.023509427552233734
3.57037 0.023373534907423135
3.57157 0.023271615423815187
3.57278 0.023135722779004587
3.57399 0.023033803295396636
3.57519 0.022931883811788685
3.5764 0.022795991166978086
3.57761 0.02262612536096484
3.57882 0.022524205877356887
3.58002 0.02245625955495159
3.58123 0.02238831323254629
3.58244 0.02225242058773569
3.58364 0.02211652794292509
3.58485 0.02191268897570919
3.58606 0.021810769492101242
3.58726 0.02170885000849329
3.58847 0.021640903686087988
3.58968 0.02153898420248004
3.59088 0.02147103788007474
3.59209 0.02147103788007474
3.5933 0.02140309155766944
3.5945 0.02126719891285884
3.59571 0.021131306268048242
3.59692 0.02102938678444029
3.59812 0.02092746730083234
3.59933 0.020825547817224392
3.60054 0.020689655172413793
3.60174 0.020587735688805845
3.60295 0.020553762527603193
3.60416 0.020519789366400545
3.60537 0.020417869882792594
3.60657 0.020248004076779343
3.60778 0.020112111431968744
3.60899 0.020078138270766096
3.61019 0.020044165109563444
3.6114 0.019976218787158145
3.61261 0.019806352981144897
3.61381 0.019670460336334294
3.61502 0.019636487175131646
3.61623 0.019636487175131646
3.61743 0.019602514013928995
3.61864 0.019432648207915747
3.61985 0.01922880924069985
3.62105 0.019126889757091897
3.62226 0.01909291659588925
3.62347 0.019024970273483946
3.62467 0.018889077628673347
3.62588 0.0187871581450654
3.62709 0.0187192118226601
3.6283 0.0186512655002548
3.6295 0.01854934601664685
3.63071 0.0184474265330389
3.63192 0.018311533888228298
3.63312 0.018243587565822998
3.63433 0.01820961440462035
3.63554 0.01814166808221505
3.63674 0.0180397485986071
3.63795 0.017971802276201803
3.63916 0.01793782911499915
3.64036 0.017903855953796503
3.64157 0.017835909631391204
3.64278 0.01773399014778325
3.64398 0.01766604382537795
3.64519 0.0176320706641753
3.6464 0.01759809750297265
3.6476 0.01753015118056735
3.64881 0.017428231696959402
3.65002 0.017326312213351455
3.65122 0.017258365890946155
3.65243 0.017224392729743503
3.65364 0.017122473246135552
3.65485 0.016986580601324953
3.65605 0.016850687956514353
3.65726 0.016782741634109054
3.65847 0.016714795311703754
3.65967 0.016646848989298454
3.66088 0.016578902666893155
3.66209 0.016544929505690507
3.66329 0.016510956344487855
3.6645 0.016476983183285204
3.66571 0.016409036860879904
3.66691 0.016341090538474604
3.66812 0.016205197893664005
3.66933 0.016103278410056057
3.67053 0.016035332087650758
3.67174 0.016035332087650758
3.67295 0.015967385765245458
3.67415 0.015831493120434855
3.67536 0.015729573636826904
3.67657 0.015661627314421608
3.67777 0.015593680992016308
3.67898 0.015491761508408357
3.68019 0.015423815186003057
3.6814 0.015355868863597757
3.6826 0.015287922541192456
3.68381 0.015186003057584508
3.68502 0.01508408357397656
3.68622 0.01494819092916596
3.68743 0.01488024460676066
3.68864 0.014846271445558008
3.68984 0.01481229828435536
3.69105 0.014778325123152709
3.69226 0.014642432478342108
3.69346 0.014506539833531512
3.69467 0.01440462034992356
3.69588 0.01437064718872091
3.69708 0.01433667402751826
3.69829 0.01426872770511296
3.6995 0.014166808221505012
3.7007 0.01406488873789706
3.70191 0.01403091557669441
3.70312 0.013996942415491763
3.70432 0.013928996093086463
3.70553 0.013861049770681163
3.70674 0.013793103448275864
3.70795 0.013759130287073212
3.70915 0.01369118396466791
3.71036 0.013623237642262611
3.71157 0.013555291319857311
3.71277 0.013487344997452012
3.71398 0.013385425513844062
3.71519 0.013283506030236114
3.71639 0.013215559707830813
3.7176 0.013147613385425515
3.71881 0.013079667063020214
3.72001 0.013011720740614914
3.72122 0.012943774418209614
3.72243 0.012875828095804315
3.72363 0.012773908612196365
3.72484 0.012671989128588414
3.72605 0.012638015967385766
3.72725 0.012604042806183116
3.72846 0.012536096483777816
3.72967 0.012400203838967215
3.73087 0.012298284355359266
3.73208 0.012264311194156616
3.73329 0.012230338032953966
3.7345 0.012264311194156616
3.7357 0.012230338032953966
3.73691 0.012128418549346017
3.73812 0.012026499065738067
3.73932 0.011958552743332768
3.74053 0.011924579582130118
3.74174 0.011890606420927468
3.74294 0.011822660098522168
3.74415 0.011686767453711567
3.74536 0.011584847970103618
3.74656 0.011550874808900968
3.74777 0.011550874808900968
3.74898 0.011550874808900968
3.75018 0.011482928486495668
3.75139 0.011448955325293018
3.7526 0.011381009002887719
3.7538 0.01131306268048242
3.75501 0.01124511635807712
3.75622 0.011143196874469168
3.75742 0.011041277390861219
3.75863 0.010973331068455919
3.75984 0.010939357907253271
3.76105 0.010939357907253271
3.76225 0.010871411584847971
3.76346 0.01080346526244267
3.76467 0.01073551894003737
3.76587 0.01070154577883472
3.76708 0.01066757261763207
3.76829 0.01063359945642942
3.76949 0.010565653134024121
3.7707 0.010531679972821471
3.77191 0.010497706811618822
3.77311 0.01042976048921352
3.77432 0.010293867844402923
3.77553 0.010157975199592321
3.77673 0.010056055715984372
3.77794 0.010022082554781722
3.77915 0.009988109393579072
3.78035 0.009988109393579072
3.78156 0.009920163071173773
3.78277 0.009886189909971123
3.78397 0.009818243587565823
3.78518 0.009716324103957874
3.78639 0.009648377781552574
3.7876 0.009614404620349924
3.7888 0.009580431459147274
3.79001 0.009580431459147274
3.79122 0.009546458297944625
3.79242 0.009512485136741973
3.79363 0.009444538814336673
3.79484 0.009342619330728724
3.79604 0.009172753524715475
3.79725 0.009070834041107525
3.79846 0.009036860879904875
3.79966 0.009002887718702226
3.80087 0.008934941396296926
3.80208 0.008833021912688975
3.80328 0.008799048751486325
3.80449 0.008799048751486325
3.8057 0.008765075590283675
3.8069 0.008697129267878377
3.80811 0.008595209784270428
3.80932 0.008527263461865126
3.81052 0.008527263461865126
3.81173 0.008527263461865126
3.81294 0.008527263461865126
3.81415 0.008459317139459827
3.81535 0.008391370817054527
3.81656 0.008289451333446577
3.81777 0.008221505011041276
3.81897 0.008153558688635976
3.82018 0.008085612366230678
3.82139 0.008017666043825379
3.82259 0.007949719721420079
3.8238 0.007881773399014778
3.82501 0.007915746560217428
3.82621 0.007983692882622729
3.82742 0.007949719721420079
3.82863 0.007847800237812128
3.82983 0.007745880754204178
3.83104 0.007711907593001529
3.83225 0.007745880754204178
3.83345 0.007779853915406828
3.83466 0.007677934431798879
3.83587 0.00750806862578563
3.83708 0.00740614914217768
3.83828 0.00733820281977238
3.83949 0.00730422965856973
3.8407 0.00723628333616443
3.8419 0.00716833701375913
3.84311 0.00710039069135383
3.84432 0.00706641753015118
3.84552 0.00710039069135383
3.84673 0.00713436385255648
3.84794 0.00713436385255648
3.84914 0.006998471207745881
3.85035 0.006862578562935281
3.85156 0.006760659079327332
3.85276 0.0067946322405299815
3.85397 0.006862578562935281
3.85518 0.006828605401732631
3.85638 0.006726685918124682
3.85759 0.0066247664345167314
3.8588 0.0066247664345167314
3.86 0.006658739595719381
3.86121 0.0066247664345167314
3.86242 0.006522846950908782
3.86363 0.006352981144895532
3.86483 0.006251061661287583
3.86604 0.006217088500084933
3.86725 0.006251061661287583
3.86845 0.006251061661287583
3.86966 0.006217088500084933
3.87087 0.006183115338882283
3.87207 0.006149142177679633
3.87328 0.006115169016476983
3.87449 0.006115169016476983
3.87569 0.006081195855274333
3.8769 0.005979276371666384
3.87811 0.0058773568880584335
3.87931 0.005843383726855784
3.88052 0.0058773568880584335
3.88173 0.005945303210463734
3.88293 0.005911330049261084
3.88414 0.005809410565653134
3.88535 0.005707491082045184
3.88655 0.0056735179208425345
3.88776 0.0056735179208425345
3.88897 0.0056735179208425345
3.89018 0.005605571598437235
3.89138 0.0054696789536266355
3.89259 0.005367759470018685
3.8938 0.005333786308816035
3.895 0.005401732631221335
3.89621 0.005435705792423986
3.89742 0.005401732631221335
3.89862 0.005367759470018685
3.89983 0.005333786308816035
3.90104 0.005367759470018685
3.90224 0.005367759470018685
3.90345 0.005367759470018685
3.90466 0.005265839986410736
3.90586 0.005163920502802786
3.90707 0.005095974180397486
3.90828 0.005062001019194836
3.90948 0.005062001019194836
3.91069 0.005028027857992186
3.9119 0.004960081535586886
3.9131 0.004892135213181587
3.91431 0.004892135213181587
3.91552 0.004960081535586886
3.91673 0.004994054696789536
3.91793 0.0049261083743842365
3.91914 0.004790215729573637
3.92035 0.004688296245965687
3.92155 0.004620349923560388
3.92276 0.004654323084763037
3.92397 0.004654323084763037
3.92517 0.004654323084763037
3.92638 0.004586376762357737
3.92759 0.004518430439952438
3.92879 0.004518430439952438
3.93 0.0045524036011550875
3.93121 0.0045524036011550875
3.93241 0.004484457278749788
3.93362 0.004416510956344487
3.93483 0.004416510956344487
3.93603 0.004450484117547138
3.93724 0.004518430439952438
3.93845 0.004484457278749788
3.93965 0.0043485646339391885
3.94086 0.0041786988279259385
3.94207 0.004076779344317988
3.94328 0.004110752505520638
3.94448 0.0041786988279259385
3.94569 0.004212671989128588
3.9469 0.004144725666723289
3.9481 0.004076779344317988
3.94931 0.004008833021912689
3.95052 0.004008833021912689
3.95172 0.004076779344317988
3.95293 0.004110752505520638
3.95414 0.004008833021912689
3.95534 0.003906913538304739
3.95655 0.003804994054696789
3.95776 0.003872940377102089
3.95896 0.0039748598607100396
3.96017 0.0039748598607100396
3.96138 0.003906913538304739
3.96258 0.003804994054696789
3.96379 0.00377102089349414
3.965 0.0038389672158994394
3.9662 0.003906913538304739
3.96741 0.003906913538304739
3.96862 0.003804994054696789
3.96983 0.00363512824868354
3.97103 0.0034992356038729406
3.97224 0.003465262442670291
3.97345 0.00353320876507559
3.97465 0.00363512824868354
3.97586 0.00363512824868354
3.97707 0.00353320876507559
3.97827 0.0034312892814676406
3.97948 0.0033973161202649907
3.98069 0.0034312892814676406
3.98189 0.003465262442670291
3.9831 0.0034312892814676406
3.98431 0.0033293697978596906
3.98551 0.003227450314251741
3.98672 0.003227450314251741
3.98793 0.0032953966366570412
3.98913 0.0032953966366570412
3.99034 0.003261423475454391
3.99155 0.0031255308306437917
3.99275 0.002989638185833192
3.99396 0.002989638185833192
3.99517 0.0030575845082384916
3.99638 0.0031255308306437917
3.99758 0.0030915576694411414
3.99879 0.002921691863427892
4.0 0.002785799218617292
4.0012 0.002785799218617292
4.00241 0.002887718702225242
4.00362 0.0030575845082384916
4.00482 0.002989638185833192
4.00603 0.0028197723798199423
4.00724 0.002581960251401393
4.00844 0.002480040767793443
4.00965 0.002547987090198743
4.01086 0.0026499065738066927
4.01206 0.0026499065738066927
4.01327 0.002581960251401393
4.01448 0.0024120944453881435
4.01568 0.0023441481229828434
4.01689 0.0024120944453881435
4.0181 0.002480040767793443
4.0193 0.002547987090198743
4.02051 0.0024460676065907933
4.02172 0.002310174961780194
4.02293 0.0021742823169695943
4.02413 0.0021742823169695943
4.02534 0.0022762018005775438
4.02655 0.0023781212841854932
4.02775 0.0023781212841854932
4.02896 0.002242228639374894
4.03017 0.002038389672158994
4.03137 0.0019704433497536944
4.03258 0.002038389672158994
4.03379 0.002140309155766944
4.03499 0.002140309155766944
4.0362 0.0019704433497536944
4.03741 0.001800577543740445
4.03861 0.0017326312213351454
4.03982 0.001766604382537795
4.04103 0.001868523866145745
4.04223 0.0019364701885510446
4.04344 0.001834550704943095
4.04465 0.0016646848989298453
4.04586 0.0015627654153218958
4.04706 0.0015627654153218958
4.04827 0.0016986580601324954
4.04948 0.001766604382537795
4.05068 0.0017326312213351454
4.05189 0.0015627654153218958
4.0531 0.001426872770511296
4.0543 0.001392899609308646
4.05551 0.001460845931713946
4.05672 0.0016307117377271955
4.05792 0.0016646848989298453
4.05913 0.0015627654153218958
4.06034 0.001392899609308646
4.06154 0.0012909801257006965
4.06275 0.0013589264481059964
4.06396 0.001460845931713946
4.06516 0.001494819092916596
4.06637 0.001392899609308646
4.06758 0.0012230338032953967
4.06878 0.001121114319687447
4.06999 0.001155087480890097
4.0712 0.0012909801257006965
4.07241 0.001426872770511296
4.07361 0.001392899609308646
4.07482 0.0012909801257006965
4.07603 0.001121114319687447
4.07723 0.0010871411584847971
4.07844 0.001121114319687447
4.07965 0.0012230338032953967
4.08085 0.0012570069644980465
4.08206 0.001155087480890097
4.08327 0.001019194836079497
4.08447 0.0009172753524715474
4.08568 0.0009512485136741973
4.08689 0.001053167997282147
4.08809 0.0010871411584847971
4.0893 0.001053167997282147
4.09051 0.0008833021912688975
4.09171 0.0008153558688635977
4.09292 0.0008153558688635977
4.09413 0.0009172753524715474
4.09533 0.0009852216748768472
4.09654 0.001019194836079497
4.09775 0.0009172753524715474
4.09896 0.0008153558688635977
4.10016 0.000747409546458298
4.10137 0.0008153558688635977
4.10258 0.0008833021912688975
4.10378 0.0009172753524715474
4.10499 0.0008493290300662477
4.1062 0.000713436385255648
4.1074 0.0005775437404450485
4.10861 0.0005775437404450485
4.10982 0.0006454900628503483
4.11102 0.000747409546458298
4.11223 0.0007813827076609479
4.11344 0.0007813827076609479
4.11464 0.000747409546458298
4.11585 0.0007813827076609479
4.11706 0.0009172753524715474
4.11826 0.001019194836079497
4.11947 0.001053167997282147
4.12068 0.0009852216748768472
4.12188 0.0008493290300662477
4.12309 0.0007813827076609479
4.1243 0.000747409546458298
4.12551 0.0007813827076609479
4.12671 0.0007813827076609479
4.12792 0.000713436385255648
4.12913 0.0005775437404450485
4.13033 0.00040767793443179887
4.13154 0.0003397316120264991
4.13275 0.000373704773229149
4.13395 0.00047562425683709864
4.13516 0.0005435705792423986
4.13637 0.0005095974180397485
4.13757 0.0003397316120264991
4.13878 0.00023781212841854932
4.13999 0.00023781212841854932
4.14119 0.00030575845082384917
4.1424 0.000373704773229149
4.14361 0.000373704773229149
4.14481 0.00023781212841854932
4.14602 0.00010191948360794972
4.14723 6.794632240529982e-05
4.14843 0.00013589264481059964
4.14964 0.0002717852896211993
4.15085 0.000373704773229149
4.15206 0.00030575845082384917
4.15326 0.00016986580601324955
4.15447 6.794632240529982e-05
4.15568 6.794632240529982e-05
4.15688 0.00013589264481059964
4.15809 0.00020383896721589944
4.1593 0.00023781212841854932
4.1605 0.00016986580601324955
4.16171 6.794632240529982e-05
4.16292 -3.397316120264991e-05
4.16412 -3.397316120264991e-05
4.16533 6.794632240529982e-05
4.16654 0.00013589264481059964
4.16774 0.00013589264481059964
4.16895 3.397316120264991e-05
4.17016 -0.00010191948360794972
4.17136 -0.00016986580601324955
4.17257 -0.00010191948360794972
4.17378 -3.397316120264991e-05
4.17498 3.397316120264991e-05
4.17619 -0.0
4.1774 -0.00013589264481059964
4.17861 -0.00020383896721589944
4.17981 -0.00020383896721589944
4.18102 -0.00013589264481059964
4.18223 -3.397316120264991e-05
4.18343 -3.397316120264991e-05
4.18464 -6.794632240529982e-05
4.18585 -0.00016986580601324955
4.18705 -0.00023781212841854932
4.18826 -0.00023781212841854932
4.18947 -0.00016986580601324955
4.19067 -0.00013589264481059964
4.19188 -0.00013589264481059964
4.19309 -0.00020383896721589944
4.19429 -0.0002717852896211993
4.1955 -0.0002717852896211993
4.19671 -0.00023781212841854932
4.19791 -0.00013589264481059964
4.19912 -0.00010191948360794972
4.20033 -0.00010191948360794972
4.20153 -0.00020383896721589944
4.20274 -0.00030575845082384917
4.20395 -0.000373704773229149
4.20516 -0.0003397316120264991
4.20636 -0.00023781212841854932
4.20757 -0.00020383896721589944
4.20878 -0.00023781212841854932
4.20998 -0.0003397316120264991
4.21119 -0.00040767793443179887
4.2124 -0.00040767793443179887
4.2136 -0.000373704773229149
4.21481 -0.0002717852896211993
4.21602 -0.00020383896721589944
4.21722 -0.00023781212841854932
4.21843 -0.0003397316120264991
4.21964 -0.00044165109563444876
4.22084 -0.00044165109563444876
4.22205 -0.0003397316120264991
4.22326 -0.00023781212841854932
4.22446 -0.00016986580601324955
4.22567 -0.00016986580601324955
4.22688 -0.0002717852896211993
4.22808 -0.000373704773229149
4.22929 -0.000373704773229149
4.2305 -0.00030575845082384917
4.23171 -0.00023781212841854932
4.23291 -0.00020383896721589944
4.23412 -0.00023781212841854932
4.23533 -0.00030575845082384917
4.23653 -0.0003397316120264991
4.23774 -0.00030575845082384917
4.23895 -0.00020383896721589944
4.24015 -0.00010191948360794972
4.24136 -6.794632240529982e-05
4.24257 -0.00010191948360794972
4.24377 -0.00016986580601324955
4.24498 -0.00023781212841854932
4.24619 -0.00023781212841854932
4.24739 -0.00016986580601324955
4.2486 -0.00013589264481059964
4.24981 -0.00013589264481059964
4.25101 -0.00020383896721589944
4.25222 -0.0003397316120264991
4.25343 -0.00040767793443179887
4.25463 -0.000373704773229149
4.25584 -0.0002717852896211993
4.25705 -0.00013589264481059964
4.25826 -6.794632240529982e-05
4.25946 -0.00013589264481059964
4.26067 -0.00023781212841854932
4.26188 -0.000373704773229149
4.26308 -0.00047562425683709864
4.26429 -0.0005435705792423986
4.2655 -0.0006454900628503483
4.2667 -0.0008493290300662477
4.26791 -0.0009852216748768472
4.26912 -0.001053167997282147
4.27032 -0.0009512485136741973
4.27153 -0.000713436385255648
4.27274 -0.0005095974180397485
4.27394 -0.0003397316120264991
4.27515 -0.0002717852896211993
4.27636 -0.0002717852896211993
4.27756 -0.00030575845082384917
4.27877 -0.0003397316120264991
4.27998 -0.00030575845082384917
4.28119 -0.00023781212841854932
4.28239 -0.00016986580601324955
4.2836 -0.00016986580601324955
4.28481 -0.00020383896721589944
4.28601 -0.00023781212841854932
4.28722 -0.00023781212841854932
4.28843 -0.00023781212841854932
4.28963 -0.00016986580601324955
4.29084 -0.00016986580601324955
4.29205 -0.00023781212841854932
4.29325 -0.00030575845082384917
4.29446 -0.000373704773229149
4.29567 -0.00040767793443179887
4.29687 -0.0003397316120264991
4.29808 -0.0002717852896211993
4.29929 -0.00023781212841854932
4.30049 -0.00023781212841854932
4.3017 -0.00030575845082384917
4.30291 -0.000373704773229149
4.30411 -0.00040767793443179887
4.30532 -0.000373704773229149
4.30653 -0.0002717852896211993
4.30774 -0.00013589264481059964
4.30894 -0.00010191948360794972
4.31015 -0.00016986580601324955
4.31136 -0.00023781212841854932
4.31256 -0.00030575845082384917
4.31377 -0.00030575845082384917
4.31498 -0.00020383896721589944
4.31618 -0.00016986580601324955
4.31739 -0.00013589264481059964
4.3186 -0.00016986580601324955
4.3198 -0.00020383896721589944
4.32101 -0.00023781212841854932
4.32222 -0.00020383896721589944
4.32342 -0.00013589264481059964
4.32463 -6.794632240529982e-05
4.32584 -6.794632240529982e-05
4.32704 -0.00013589264481059964
4.32825 -0.00023781212841854932
4.32946 -0.00030575845082384917
4.33066 -0.0003397316120264991
4.33187 -0.00030575845082384917
4.33308 -0.00023781212841854932
4.33429 -0.00020383896721589944
4.33549 -0.00020383896721589944
4.3367 -0.00023781212841854932
4.33791 -0.0002717852896211993
4.33911 -0.00023781212841854932
4.34032 -0.00016986580601324955
4.34153 -3.397316120264991e-05
4.34273 3.397316120264991e-05
4.34394 3.397316120264991e-05
4.34515 -3.397316120264991e-05
4.34635 -0.00010191948360794972
4.34756 -0.00010191948360794972
4.34877 -6.794632240529982e-05
4.34997 3.397316120264991e-05
4.35118 0.00010191948360794972
4.35239 6.794632240529982e-05
4.35359 -0.0
4.3548 -0.00010191948360794972
4.35601 -0.00013589264481059964
4.35721 -0.00010191948360794972
4.35842 0.0
4.35963 3.397316120264991e-05
4.36084 0.0
4.36204 -6.794632240529982e-05
4.36325 -0.00013589264481059964
4.36446 -0.00020383896721589944
4.36566 -0.00020383896721589944
4.36687 -0.00016986580601324955
4.36808 -0.00013589264481059964
4.36928 -0.00013589264481059964
4.37049 -0.00020383896721589944
4.3717 -0.00030575845082384917
4.3729 -0.00040767793443179887
4.37411 -0.00044165109563444876
4.37532 -0.00044165109563444876
4.37652 -0.000373704773229149
4.37773 -0.000373704773229149
4.37894 -0.00040767793443179887
4.38014 -0.0005095974180397485
4.38135 -0.0005775437404450485
4.38256 -0.0006115169016476983
4.38376 -0.0005775437404450485
4.38497 -0.0005435705792423986
4.38618 -0.0005435705792423986
4.38739 -0.0005775437404450485
4.38859 -0.0006454900628503483
4.3898 -0.000713436385255648
4.39101 -0.000713436385255648
4.39221 -0.000713436385255648
4.39342 -0.0006794632240529982
4.39463 -0.0006794632240529982
4.39583 -0.0006794632240529982
4.39704 -0.000713436385255648
4.39825 -0.0007813827076609479
4.39945 -0.0008493290300662477
4.40066 -0.0008833021912688975
4.40187 -0.0009172753524715474
4.40307 -0.0008833021912688975
4.40428 -0.0009172753524715474
4.40549 -0.0009512485136741973
4.40669 -0.001019194836079497
4.4079 -0.001121114319687447
4.40911 -0.0011890606420927466
4.41031 -0.0011890606420927466
4.41152 -0.001155087480890097
4.41273 -0.001121114319687447
4.41394 -0.001121114319687447
4.41514 -0.0011890606420927466
4.41635 -0.0012909801257006965
4.41756 -0.0013589264481059964
4.41876 -0.001392899609308646
4.41997 -0.0013249532869033464
4.42118 -0.0012570069644980465
4.42238 -0.0012230338032953967
4.42359 -0.0012570069644980465
4.4248 -0.0013249532869033464
4.426 -0.001426872770511296
4.42721 -0.001494819092916596
4.42842 -0.001460845931713946
4.42962 -0.001392899609308646
4.43083 -0.0013589264481059964
4.43204 -0.0013589264481059964
4.43324 -0.001426872770511296
4.43445 -0.0015287922541192458
4.43566 -0.0015967385765245457
4.43686 -0.0015967385765245457
4.43807 -0.0015627654153218958
4.43928 -0.0015287922541192458
4.44049 -0.0015287922541192458
4.44169 -0.0015627654153218958
4.4429 -0.0016646848989298453
4.44411 -0.0017326312213351454
4.44531 -0.001766604382537795
4.44652 -0.0017326312213351454
4.44773 -0.0016307117377271955
4.44893 -0.0015627654153218958
4.45014 -0.0015287922541192458
4.45135 -0.0015967385765245457
4.45255 -0.0017326312213351454
4.45376 -0.001834550704943095
4.45497 -0.0019024970273483946
4.45617 -0.001868523866145745
4.45738 -0.001800577543740445
4.45859 -0.0017326312213351454
4.45979 -0.0017326312213351454
4.461 -0.001800577543740445
4.46221 -0.0019364701885510446
4.46341 -0.002038389672158994
4.46462 -0.002038389672158994
4.46583 -0.0019704433497536944
4.46704 -0.001868523866145745
4.46824 -0.001834550704943095
4.46945 -0.001834550704943095
4.47066 -0.0019364701885510446
4.47186 -0.0020044165109563447
4.47307 -0.002038389672158994
4.47428 -0.0020044165109563447
4.47548 -0.0019704433497536944
4.47669 -0.0019024970273483946
4.4779 -0.0019364701885510446
4.4791 -0.0020044165109563447
4.48031 -0.002140309155766944
4.48152 -0.002242228639374894
4.48272 -0.0022762018005775438
4.48393 -0.002242228639374894
4.48514 -0.002140309155766944
4.48634 -0.0020723628333616444
4.48755 -0.0020723628333616444
4.48876 -0.0021742823169695943
4.48997 -0.0022762018005775438
4.49117 -0.0023441481229828434
4.49238 -0.0023781212841854932
4.49359 -0.0023441481229828434
4.49479 -0.0022762018005775438
4.496 -0.0022762018005775438
4.49721 -0.002310174961780194
4.49841 -0.0023781212841854932
4.49962 -0.002480040767793443
4.50083 -0.002514013928996093
4.50203 -0.002480040767793443
4.50324 -0.0023781212841854932
4.50445 -0.0022762018005775438
4.50565 -0.0022762018005775438
4.50686 -0.002310174961780194
4.50807 -0.0024120944453881435
4.50927 -0.002514013928996093
4.51048 -0.002581960251401393
4.51169 -0.002547987090198743
4.51289 -0.0024460676065907933
4.5141 -0.0023441481229828434
4.51531 -0.002310174961780194
4.51652 -0.0023441481229828434
4.51772 -0.002480040767793443
4.51893 -0.002581960251401393
4.52014 -0.0026499065738066927
4.52134 -0.0026159334126040425
4.52255 -0.002514013928996093
4.52376 -0.0024120944453881435
4.52496 -0.0023781212841854932
4.52617 -0.0024460676065907933
4.52738 -0.002581960251401393
4.52858 -0.0026838797350093426
4.52979 -0.002717852896211993
4.531 -0.0026838797350093426
4.5322 -0.0026159334126040425
4.53341 -0.002547987090198743
4.53462 -0.002514013928996093
4.53582 -0.002547987090198743
4.53703 -0.002581960251401393
4.53824 -0.0026159334126040425
4.53944 -0.0026499065738066927
4.54065 -0.0026159334126040425
4.54186 -0.002547987090198743
4.54307 -0.0024460676065907933
4.54427 -0.0024120944453881435
4.54548 -0.002480040767793443
4.54669 -0.002581960251401393
4.54789 -0.002717852896211993
4.5491 -0.002717852896211993
4.55031 -0.0026838797350093426
4.55151 -0.002547987090198743
4.55272 -0.002480040767793443
4.55393 -0.0024460676065907933
4.55513 -0.002514013928996093
4.55634 -0.0026159334126040425
4.55755 -0.0026838797350093426
4.55875 -0.0026838797350093426
4.55996 -0.002581960251401393
4.56117 -0.002514013928996093
4.56237 -0.0024460676065907933
4.56358 -0.0024460676065907933
4.56479 -0.002514013928996093
4.56599 -0.0026159334126040425
4.5672 -0.0026838797350093426
4.56841 -0.0026838797350093426
4.56962 -0.0026159334126040425
4.57082 -0.002514013928996093
4.57203 -0.0024120944453881435
4.57324 -0.0024120944453881435
4.57444 -0.0024120944453881435
4.57565 -0.002514013928996093
4.57686 -0.0026159334126040425
4.57806 -0.0026499065738066927
4.57927 -0.002581960251401393
4.58048 -0.002514013928996093
4.58168 -0.0024120944453881435
4.58289 -0.0023781212841854932
4.5841 -0.0024460676065907933
4.5853 -0.002514013928996093
4.58651 -0.0026159334126040425
4.58772 -0.002581960251401393
4.58892 -0.002514013928996093
4.59013 -0.0024120944453881435
4.59134 -0.002310174961780194
4.59254 -0.0022762018005775438
4.59375 -0.0023781212841854932
4.59496 -0.0024460676065907933
4.59617 -0.002514013928996093
4.59737 -0.002480040767793443
4.59858 -0.0023781212841854932
4.59979 -0.002242228639374894
4.60099 -0.002140309155766944
4.6022 -0.002106335994564294
4.60341 -0.0021742823169695943
4.60461 -0.002242228639374894
4.60582 -0.0023441481229828434
4.60703 -0.0023781212841854932
4.60823 -0.0023441481229828434
4.60944 -0.0022762018005775438
4.61065 -0.0021742823169695943
4.61185 -0.002106335994564294
4.61306 -0.002106335994564294
4.61427 -0.0021742823169695943
4.61547 -0.0021742823169695943
4.61668 -0.0021742823169695943
4.61789 -0.002140309155766944
4.61909 -0.002038389672158994
4.6203 -0.0019364701885510446
4.62151 -0.0019024970273483946
4.62272 -0.0019024970273483946
4.62392 -0.0019364701885510446
4.62513 -0.0020044165109563447
4.62634 -0.0020044165109563447
4.62754 -0.0019364701885510446
4.62875 -0.001800577543740445
4.62996 -0.0016646848989298453
4.63116 -0.0015967385765245457
4.63237 -0.0016307117377271955
4.63358 -0.0016986580601324954
4.63478 -0.001800577543740445
4.63599 -0.001834550704943095
4.6372 -0.001766604382537795
4.6384 -0.0016307117377271955
4.63961 -0.001494819092916596
4.64082 -0.001426872770511296
4.64202 -0.001392899609308646
4.64323 -0.001426872770511296
4.64444 -0.001460845931713946
4.64564 -0.001460845931713946
4.64685 -0.001426872770511296
4.64806 -0.0013589264481059964
4.64927 -0.0012909801257006965
4.65047 -0.0012909801257006965
4.65168 -0.0012909801257006965
4.65289 -0.0013249532869033464
4.65409 -0.0013589264481059964
4.6553 -0.001392899609308646
4.65651 -0.0013589264481059964
4.65771 -0.0012909801257006965
4.65892 -0.0011890606420927466
4.66013 -0.0010871411584847971
4.66133 -0.001053167997282147
4.66254 -0.0010871411584847971
4.66375 -0.001155087480890097
4.66495 -0.0012230338032953967
4.66616 -0.0012230338032953967
4.66737 -0.001155087480890097
4.66857 -0.001019194836079497
4.66978 -0.0009172753524715474
4.67099 -0.0008493290300662477
4.67219 -0.0008833021912688975
4.6734 -0.0009172753524715474
4.67461 -0.0009852216748768472
4.67582 -0.0009852216748768472
4.67702 -0.0009512485136741973
4.67823 -0.0008833021912688975
4.67944 -0.0007813827076609479
4.68064 -0.000713436385255648
4.68185 -0.0006794632240529982
4.68306 -0.000713436385255648
4.68426 -0.000713436385255648
4.68547 -0.0006794632240529982
4.68668 -0.0006454900628503483
4.68788 -0.0005775437404450485
4.68909 -0.00047562425683709864
4.6903 -0.00044165109563444876
4.6915 -0.00040767793443179887
4.69271 -0.00044165109563444876
4.69392 -0.00047562425683709864
4.69512 -0.0005095974180397485
4.69633 -0.0005435705792423986
4.69754 -0.0005095974180397485
4.69875 -0.00044165109563444876
4.69995 -0.000373704773229149
4.70116 -0.0003397316120264991
4.70237 -0.00030575845082384917
4.70357 -0.0003397316120264991
4.70478 -0.00044165109563444876
4.70599 -0.00047562425683709864
4.70719 -0.0005095974180397485
4.7084 -0.00044165109563444876
4.70961 -0.0003397316120264991
4.71081 -0.00023781212841854932
4.71202 -0.00020383896721589944
4.71323 -0.00020383896721589944
4.71443 -0.00023781212841854932
4.71564 -0.0002717852896211993
4.71685 -0.00023781212841854932
4.71805 -0.00016986580601324955
4.71926 -3.397316120264991e-05
4.72047 6.794632240529982e-05
4.72167 0.00010191948360794972
4.72288 6.794632240529982e-05
4.72409 -0.0
4.7253 -6.794632240529982e-05
4.7265 -0.00010191948360794972
4.72771 -6.794632240529982e-05
4.72892 0.0
4.73012 6.794632240529982e-05
4.73133 0.00013589264481059964
4.73254 0.00016986580601324955
4.73374 0.00013589264481059964
4.73495 0.00010191948360794972
4.73616 3.397316120264991e-05
4.73736 0.0
4.73857 0.0
4.73978 3.397316120264991e-05
4.74098 0.00013589264481059964
4.74219 0.00020383896721589944
4.7434 0.0002717852896211993
4.7446 0.00023781212841854932
4.74581 0.00013589264481059964
4.74702 6.794632240529982e-05
4.74822 3.397316120264991e-05
4.74943 0.00010191948360794972
4.75064 0.00020383896721589944
4.75185 0.00030575845082384917
4.75305 0.000373704773229149
4.75426 0.000373704773229149
4.75547 0.00030575845082384917
4.75667 0.0002717852896211993
4.75788 0.00023781212841854932
4.75909 0.0002717852896211993
4.76029 0.000373704773229149
4.7615 0.00047562425683709864
4.76271 0.0005775437404450485
4.76391 0.0006115169016476983
4.76512 0.0005775437404450485
4.76633 0.0005775437404450485
4.76753 0.0005435705792423986
4.76874 0.0005435705792423986
4.76995 0.0005775437404450485
4.77115 0.0006794632240529982
4.77236 0.000747409546458298
4.77357 0.0008493290300662477
4.77477 0.0008833021912688975
4.77598 0.0008493290300662477
4.77719 0.0008153558688635977
4.7784 0.0007813827076609479
4.7796 0.0007813827076609479
4.78081 0.0008153558688635977
4.78202 0.0009172753524715474
4.78322 0.001019194836079497
4.78443 0.001121114319687447
4.78564 0.001155087480890097
4.78684 0.001121114319687447
4.78805 0.001053167997282147
4.78926 0.001019194836079497
4.79046 0.001019194836079497
4.79167 0.0010871411584847971
4.79288 0.0011890606420927466
4.79408 0.0012909801257006965
4.79529 0.0013589264481059964
4.7965 0.0013589264481059964
4.7977 0.0013249532869033464
4.79891 0.0012909801257006965
4.80012 0.0012570069644980465
4.80132 0.0013249532869033464
4.80253 0.001426872770511296
4.80374 0.0015627654153218958
4.80495 0.0016986580601324954
4.80615 0.0017326312213351454
4.80736 0.0017326312213351454
4.80857 0.0016986580601324954
4.80977 0.0016307117377271955
4.81098 0.0015967385765245457
4.81219 0.0016307117377271955
4.81339 0.0016646848989298453
4.8146 0.0017326312213351454
4.81581 0.001800577543740445
4.81701 0.001800577543740445
4.81822 0.001766604382537795
4.81943 0.0017326312213351454
4.82063 0.0016986580601324954
4.82184 0.0017326312213351454
4.82305 0.001766604382537795
4.82425 0.0019024970273483946
4.82546 0.0020044165109563447
4.82667 0.0020723628333616444
4.82787 0.002106335994564294
4.82908 0.002038389672158994
4.83029 0.0019704433497536944
4.8315 0.001868523866145745
4.8327 0.001834550704943095
4.83391 0.001868523866145745
4.83512 0.0019704433497536944
4.83632 0.0020723628333616444
4.83753 0.002106335994564294
4.83874 0.002106335994564294
4.83994 0.002038389672158994
4.84115 0.0019364701885510446
4.84236 0.001868523866145745
4.84356 0.001868523866145745
4.84477 0.0019364701885510446
4.84598 0.002038389672158994
4.84718 0.002140309155766944
4.84839 0.0021742823169695943
4.8496 0.0021742823169695943
4.8508 0.002140309155766944
4.85201 0.002106335994564294
4.85322 0.0020723628333616444
4.85442 0.0020723628333616444
4.85563 0.002106335994564294
4.85684 0.0021742823169695943
4.85805 0.002242228639374894
4.85925 0.0022762018005775438
4.86046 0.002242228639374894
4.86167 0.0022082554781722437
4.86287 0.002106335994564294
4.86408 0.0020723628333616444
4.86529 0.002038389672158994
4.86649 0.0020723628333616444
4.8677 0.002140309155766944
4.86891 0.002242228639374894
4.87011 0.0022762018005775438
4.87132 0.002310174961780194
4.87253 0.002310174961780194
4.87373 0.0022762018005775438
4.87494 0.002242228639374894
4.87615 0.002242228639374894
4.87735 0.002310174961780194
4.87856 0.0023781212841854932
4.87977 0.002480040767793443
4.88097 0.002547987090198743
4.88218 0.002547987090198743
4.88339 0.002480040767793443
4.8846 0.0024120944453881435
4.8858 0.0023781212841854932
4.88701 0.0023441481229828434
4.88822 0.0024120944453881435
4.88942 0.002480040767793443
4.89063 0.002581960251401393
4.89184 0.0026159334126040425
4.89304 0.0026499065738066927
4.89425 0.0026159334126040425
4.89546 0.002514013928996093
4.89666 0.002480040767793443
4.89787 0.0024460676065907933
4.89908 0.002480040767793443
4.90028 0.002547987090198743
4.90149 0.0026499065738066927
4.9027 0.0027518260574146422
4.9039 0.002785799218617292
4.90511 0.002785799218617292
4.90632 0.0027518260574146422
4.90753 0.002717852896211993
4.90873 0.002717852896211993
4.90994 0.0027518260574146422
4.91115 0.002853745541022592
4.91235 0.002921691863427892
4.91356 0.002955665024630542
4.91477 0.002989638185833192
4.91597 0.002921691863427892
4.91718 0.002887718702225242
4.91839 0.002785799218617292
4.91959 0.002785799218617292
4.9208 0.0028197723798199423
4.92201 0.002887718702225242
4.92321 0.0030236113470358413
4.92442 0.0031255308306437917
4.92563 0.0031934771530490913
4.92683 0.0031595039918464415
4.92804 0.0030915576694411414
4.92925 0.0030236113470358413
4.93045 0.002921691863427892
4.93166 0.002921691863427892
4.93287 0.002955665024630542
4.93408 0.0030236113470358413
4.93528 0.0031255308306437917
4.93649 0.0031595039918464415
4.9377 0.0031595039918464415
4.9389 0.0031255308306437917
4.94011 0.0030236113470358413
4.94132 0.002955665024630542
4.94252 0.002921691863427892
4.94373 0.002921691863427892
4.94494 0.002989638185833192
4.94614 0.0030575845082384916
4.94735 0.0031255308306437917
4.94856 0.0031255308306437917
4.94976 0.0030915576694411414
4.95097 0.0030236113470358413
4.95218 0.002955665024630542
4.95338 0.002887718702225242
4.95459 0.0028197723798199423
4.9558 0.002853745541022592
4.957 0.002887718702225242
4.95821 0.002921691863427892
4.95942 0.002955665024630542
4.96063 0.002955665024630542
4.96183 0.002887718702225242
4.96304 0.002785799218617292
4.96425 0.0026838797350093426
4.96545 0.0026159334126040425
4.96666 0.002581960251401393
4.96787 0.0026499065738066927
4.96907 0.0026838797350093426
4.97028 0.002717852896211993
4.97149 0.002717852896211993
4.97269 0.0026159334126040425
4.9739 0.002480040767793443
4.97511 0.0023441481229828434
4.97631 0.0022762018005775438
4.97752 0.0022762018005775438
4.97873 0.002310174961780194
4.97993 0.0024120944453881435
4.98114 0.002480040767793443
4.98235 0.002480040767793443
4.98355 0.0024460676065907933
4.98476 0.002310174961780194
4.98597 0.0021742823169695943
4.98718 0.002038389672158994
4.98838 0.0019704433497536944
4.98959 0.0019704433497536944
4.9908 0.0020044165109563447
4.992 0.0020723628333616444
4.99321 0.0020723628333616444
4.99442 0.0020723628333616444
4.99562 0.0019704433497536944
4.99683 0.001834550704943095
4.99804 0.0016986580601324954
4.99924 0.0015967385765245457
5.00045 0.0015627654153218958
5.00166 0.0015967385765245457
5.00286 0.0016646848989298453
5.00407 0.001800577543740445
5.00528 0.001834550704943095
5.00648 0.001868523866145745
5.00769 0.001800577543740445
5.0089 0.0016646848989298453
5.0101 0.0015627654153218958
5.01131 0.001494819092916596
5.01252 0.001494819092916596
5.01373 0.0015627654153218958
5.01493 0.0015967385765245457
5.01614 0.0016307117377271955
5.01735 0.0015627654153218958
5.01855 0.001426872770511296
5.01976 0.0013249532869033464
5.02097 0.0012230338032953967
5.02217 0.0011890606420927466
5.02338 0.0012570069644980465
5.02459 0.0013589264481059964
5.02579 0.001460845931713946
5.027 0.0015287922541192458
5.02821 0.0015627654153218958
5.02941 0.0015287922541192458
5.03062 0.001460845931713946
5.03183 0.0013589264481059964
5.03303 0.0012570069644980465
5.03424 0.0012230338032953967
5.03545 0.0012230338032953967
5.03665 0.0012909801257006965
5.03786 0.001426872770511296
5.03907 0.001494819092916596
5.04028 0.0015287922541192458
5.04148 0.0015287922541192458
5.04269 0.001426872770511296
5.0439 0.0013249532869033464
5.0451 0.0011890606420927466
5.04631 0.0010871411584847971
5.04752 0.0010871411584847971
5.04872 0.001121114319687447
5.04993 0.0011890606420927466
5.05114 0.0012909801257006965
5.05234 0.0013249532869033464
5.05355 0.0013249532869033464
5.05476 0.0012570069644980465
5.05596 0.0011890606420927466
5.05717 0.001121114319687447
5.05838 0.0010871411584847971
5.05958 0.001155087480890097
5.06079 0.0012230338032953967
5.062 0.0013249532869033464
5.0632 0.001392899609308646
5.06441 0.001392899609308646
5.06562 0.0013589264481059964
5.06683 0.0012230338032953967
5.06803 0.001121114319687447
5.06924 0.001019194836079497
5.07045 0.0009852216748768472
5.07165 0.001019194836079497
5.07286 0.001121114319687447
5.07407 0.0011890606420927466
5.07527 0.0012909801257006965
5.07648 0.0012909801257006965
5.07769 0.0012230338032953967
5.07889 0.001121114319687447
5.0801 0.0009852216748768472
5.08131 0.0008833021912688975
5.08251 0.0008493290300662477
5.08372 0.0009172753524715474
5.08493 0.001053167997282147
5.08613 0.001155087480890097
5.08734 0.0012909801257006965
5.08855 0.0013249532869033464
5.08975 0.0012909801257006965
5.09096 0.0012230338032953967
5.09217 0.001121114319687447
5.09338 0.001053167997282147
5.09458 0.001019194836079497
5.09579 0.001053167997282147
5.097 0.001155087480890097
5.0982 0.0012570069644980465
5.09941 0.0012909801257006965
5.10062 0.0013249532869033464
5.10182 0.0012570069644980465
5.10303 0.001155087480890097
5.10424 0.001053167997282147
5.10544 0.0009512485136741973
5.10665 0.0009512485136741973
5.10786 0.0009852216748768472
5.10906 0.001053167997282147
5.11027 0.0011890606420927466
5.11148 0.0012570069644980465
5.11268 0.0012909801257006965
5.11389 0.0012570069644980465
5.1151 0.001121114319687447
5.11631 0.001053167997282147
5.11751 0.0009512485136741973
5.11872 0.0009512485136741973
5.11993 0.0009852216748768472
5.12113 0.001053167997282147
5.12234 0.001155087480890097
5.12355 0.0012230338032953967
5.12475 0.0012230338032953967
5.12596 0.0011890606420927466
5.12717 0.0010871411584847971
5.12837 0.0009512485136741973
5.12958 0.0008833021912688975
5.13079 0.0008833021912688975
5.13199 0.0009512485136741973
5.1332 0.001053167997282147
5.13441 0.001155087480890097
5.13561 0.0012230338032953967
5.13682 0.0012230338032953967
5.13803 0.0011890606420927466
5.13923 0.0010871411584847971
5.14044 0.0009512485136741973
5.14165 0.0008493290300662477
5.14286 0.0007813827076609479
5.14406 0.000747409546458298
5.14527 0.000747409546458298
5.14648 0.0007813827076609479
5.14768 0.0008493290300662477
5.14889 0.0008833021912688975
5.1501 0.0008833021912688975
5.1513 0.0008833021912688975
5.15251 0.0008493290300662477
5.15372 0.0008153558688635977
5.15492 0.0007813827076609479
5.15613 0.0008153558688635977
5.15734 0.0008493290300662477
5.15854 0.0009172753524715474
5.15975 0.0009172753524715474
5.16096 0.0008833021912688975
5.16216 0.0008153558688635977
5.16337 0.0006794632240529982
5.16458 0.0005435705792423986
5.16578 0.00044165109563444876
5.16699 0.000373704773229149
5.1682 0.000373704773229149
5.16941 0.00040767793443179887
5.17061 0.0005095974180397485
5.17182 0.0005775437404450485
5.17303 0.0005775437404450485
5.17423 0.0005435705792423986
5.17544 0.00044165109563444876
5.17665 0.00030575845082384917
5.17785 0.00016986580601324955
5.17906 6.794632240529982e-05
5.18027 3.397316120264991e-05
5.18147 6.794632240529982e-05
5.18268 0.00010191948360794972
5.18389 0.00020383896721589944
5.18509 0.00023781212841854932
5.1863 0.00016986580601324955
5.18751 0.00010191948360794972
5.18871 -6.794632240529982e-05
5.18992 -0.00020383896721589944
5.19113 -0.0003397316120264991
5.19233 -0.00040767793443179887
5.19354 -0.00040767793443179887
5.19475 -0.0003397316120264991
5.19596 -0.0003397316120264991
5.19716 -0.0003397316120264991
5.19837 -0.00040767793443179887
5.19958 -0.0005435705792423986
5.20078 -0.0006794632240529982
5.20199 -0.0008493290300662477
5.2032 -0.0009512485136741973
5.2044 -0.0009512485136741973
5.20561 -0.0009172753524715474
5.20682 -0.0008153558688635977
5.20802 -0.000713436385255648
5.20923 -0.0006454900628503483
5.21044 -0.0006454900628503483
5.21164 -0.000713436385255648
5.21285 -0.0008493290300662477
5.21406 -0.0009512485136741973
5.21526 -0.001053167997282147
5.21647 -0.001121114319687447
5.21768 -0.0010871411584847971
5.21888 -0.001053167997282147
5.22009 -0.0009852216748768472
5.2213 -0.0009512485136741973
5.22251 -0.0009172753524715474
5.22371 -0.0009172753524715474
5.22492 -0.0009852216748768472
5.22613 -0.0010871411584847971
5.22733 -0.0011890606420927466
5.22854 -0.0013249532869033464
5.22975 -0.001392899609308646
5.23095 -0.001392899609308646
5.23216 -0.0013589264481059964
5.23337 -0.0012909801257006965
5.23457 -0.0012230338032953967
5.23578 -0.0012230338032953967
5.23699 -0.0012230338032953967
5.23819 -0.0013249532869033464
5.2394 -0.001426872770511296
5.24061 -0.0015287922541192458
5.24181 -0.0015967385765245457
5.24302 -0.0015967385765245457
5.24423 -0.0015287922541192458
5.24543 -0.001426872770511296
5.24664 -0.0013589264481059964
5.24785 -0.0012909801257006965
5.24906 -0.0013249532869033464
5.25026 -0.001392899609308646
5.25147 -0.001494819092916596
5.25268 -0.0016307117377271955
5.25388 -0.0016986580601324954
5.25509 -0.0017326312213351454
5.2563 -0.0016986580601324954
5.2575 -0.0016307117377271955
5.25871 -0.0015287922541192458
5.25992 -0.001426872770511296
5.26112 -0.001392899609308646
5.26233 -0.001392899609308646
5.26354 -0.001494819092916596
5.26474 -0.0015967385765245457
5.26595 -0.0017326312213351454
5.26716 -0.001800577543740445
5.26836 -0.001834550704943095
5.26957 -0.001800577543740445
5.27078 -0.0017326312213351454
5.27198 -0.0016646848989298453
5.27319 -0.0016307117377271955
5.2744 -0.0016307117377271955
5.27561 -0.0016986580601324954
5.27681 -0.001766604382537795
5.27802 -0.001868523866145745
5.27923 -0.0019704433497536944
5.28043 -0.0020044165109563447
5.28164 -0.0020044165109563447
5.28285 -0.0019364701885510446
5.28405 -0.001834550704943095
5.28526 -0.001766604382537795
5.28647 -0.0017326312213351454
5.28767 -0.0016986580601324954
5.28888 -0.001800577543740445
5.29009 -0.0019364701885510446
5.29129 -0.002038389672158994
5.2925 -0.002106335994564294
5.29371 -0.0020723628333616444
5.29491 -0.0019704433497536944
5.29612 -0.001868523866145745
5.29733 -0.0017326312213351454
5.29853 -0.0016307117377271955
5.29974 -0.0016307117377271955
5.30095 -0.0016986580601324954
5.30216 -0.001766604382537795
5.30336 -0.0019024970273483946
5.30457 -0.0020044165109563447
5.30578 -0.0020723628333616444
5.30698 -0.0020723628333616444
5.30819 -0.0020044165109563447
5.3094 -0.0019364701885510446
5.3106 -0.001834550704943095
5.31181 -0.001766604382537795
5.31302 -0.0017326312213351454
5.31422 -0.0017326312213351454
5.31543 -0.001800577543740445
5.31664 -0.0019024970273483946
5.31784 -0.0019704433497536944
5.31905 -0.0020044165109563447
5.32026 -0.0020044165109563447
5.32146 -0.0019704433497536944
5.32267 -0.001868523866145745
5.32388 -0.001800577543740445
5.32509 -0.0016986580601324954
5.32629 -0.0016646848989298453
5.3275 -0.0016986580601324954
5.32871 -0.001766604382537795
5.32991 -0.001834550704943095
5.33112 -0.0019024970273483946
5.33233 -0.0019024970273483946
5.33353 -0.001868523866145745
5.33474 -0.001766604382537795
5.33595 -0.0015967385765245457
5.33715 -0.001460845931713946
5.33836 -0.001392899609308646
5.33957 -0.0013249532869033464
5.34077 -0.001392899609308646
5.34198 -0.001460845931713946
5.34319 -0.0015627654153218958
5.34439 -0.0016307117377271955
5.3456 -0.0016646848989298453
5.34681 -0.0015967385765245457
5.34801 -0.0015287922541192458
5.34922 -0.001392899609308646
5.35043 -0.0012570069644980465
5.35164 -0.001155087480890097
5.35284 -0.0010871411584847971
5.35405 -0.0010871411584847971
5.35526 -0.001155087480890097
5.35646 -0.0011890606420927466
5.35767 -0.0012230338032953967
5.35888 -0.0011890606420927466
5.36008 -0.0010871411584847971
5.36129 -0.0009852216748768472
5.3625 -0.0008493290300662477
5.3637 -0.000713436385255648
5.36491 -0.0006454900628503483
5.36612 -0.0006115169016476983
5.36732 -0.0006454900628503483
5.36853 -0.000713436385255648
5.36974 -0.0007813827076609479
5.37094 -0.0007813827076609479
5.37215 -0.000713436385255648
5.37336 -0.0006115169016476983
5.37456 -0.00040767793443179887
5.37577 -0.00023781212841854932
5.37698 -6.794632240529982e-05
5.37819 6.794632240529982e-05
5.37939 0.00010191948360794972
5.3806 0.00010191948360794972
5.38181 6.794632240529982e-05
5.38301 -0.0
5.38422 -3.397316120264991e-05
5.38543 0.0
5.38663 0.0
5.38784 0.00010191948360794972
5.38905 0.00023781212841854932
5.39025 0.00030575845082384917
5.39146 0.00040767793443179887
5.39267 0.00044165109563444876
5.39387 0.000373704773229149
5.39508 0.0002717852896211993
5.39629 0.00016986580601324955
5.39749 3.397316120264991e-05
5.3987 0.0
5.39991 3.397316120264991e-05
5.40111 0.00010191948360794972
5.40232 0.00023781212841854932
5.40353 0.000373704773229149
5.40474 0.00044165109563444876
5.40594 0.00047562425683709864
5.40715 0.00040767793443179887
5.40836 0.0002717852896211993
5.40956 0.00016986580601324955
5.41077 3.397316120264991e-05
5.41198 0.0
5.41318 6.794632240529982e-05
5.41439 0.00023781212841854932
5.4156 0.00040767793443179887
5.4168 0.0006454900628503483
5.41801 0.000747409546458298
5.41922 0.000747409546458298
5.42042 0.000713436385255648
5.42163 0.0005775437404450485
5.42284 0.00040767793443179887
5.42404 0.0003397316120264991
5.42525 0.00030575845082384917
5.42646 0.00030575845082384917
5.42766 0.000373704773229149
5.42887 0.00047562425683709864
5.43008 0.0005775437404450485
5.43129 0.0006794632240529982
5.43249 0.000747409546458298
5.4337 0.000747409546458298
5.43491 0.000713436385255648
5.43611 0.0005775437404450485
5.43732 0.00044165109563444876
5.43853 0.0003397316120264991
5.43973 0.00030575845082384917
5.44094 0.00030575845082384917
5.44215 0.00040767793443179887
5.44335 0.0005435705792423986
5.44456 0.0006794632240529982
5.44577 0.0008153558688635977
5.44697 0.0008493290300662477
5.44818 0.0008153558688635977
5.44939 0.000747409546458298
5.45059 0.0005775437404450485
5.4518 0.00047562425683709864
5.45301 0.00040767793443179887
5.45421 0.00040767793443179887
5.45542 0.0005095974180397485
5.45663 0.0006794632240529982
5.45784 0.0008493290300662477
5.45904 0.0009852216748768472
5.46025 0.001053167997282147
5.46146 0.001019194836079497
5.46266 0.0008833021912688975
5.46387 0.000747409546458298
5.46508 0.0006115169016476983
5.46628 0.0005095974180397485
5.46749 0.00047562425683709864
5.4687 0.0005095974180397485
5.4699 0.0006115169016476983
5.47111 0.000713436385255648
5.47232 0.0007813827076609479
5.47352 0.0007813827076609479
5.47473 0.000747409546458298
5.47594 0.0006115169016476983
5.47714 0.00040767793443179887
5.47835 0.0002717852896211993
5.47956 0.00016986580601324955
5.48076 0.00010191948360794972
5.48197 0.00013589264481059964
5.48318 0.00020383896721589944
5.48439 0.00030575845082384917
5.48559 0.00044165109563444876
5.4868 0.0005095974180397485
5.48801 0.0005435705792423986
5.48921 0.0005095974180397485
5.49042 0.00044165109563444876
5.49163 0.00030575845082384917
5.49283 0.00016986580601324955
5.49404 6.794632240529982e-05
5.49525 0.0
5.49645 -3.397316120264991e-05
5.49766 0.0
5.49887 6.794632240529982e-05
5.50007 0.00013589264481059964
5.50128 0.00016986580601324955
5.50249 0.00016986580601324955
5.50369 0.00016986580601324955
5.5049 0.00010191948360794972
5.50611 0.0
5.50731 -6.794632240529982e-05
5.50852 -0.00013589264481059964
5.50973 -0.00016986580601324955
5.51094 -0.00013589264481059964
5.51214 -6.794632240529982e-05
5.51335 3.397316120264991e-05
5.51456 0.00010191948360794972
5.51576 0.00013589264481059964
5.51697 0.00010191948360794972
5.51818 -0.0
5.51938 -0.00013589264481059964
5.52059 -0.00030575845082384917
5.5218 -0.00044165109563444876
5.523 -0.0005095974180397485
5.52421 -0.0005435705792423986
5.52542 -0.00047562425683709864
5.52662 -0.0003397316120264991
5.52783 -0.00023781212841854932
5.52904 -0.00013589264481059964
5.53024 -0.00010191948360794972
5.53145 -0.00013589264481059964
5.53266 -0.00023781212841854932
5.53386 -0.0003397316120264991
5.53507 -0.00047562425683709864
5.53628 -0.0005775437404450485
5.53749 -0.0006115169016476983
5.53869 -0.0005775437404450485
5.5399 -0.00047562425683709864
5.54111 -0.00030575845082384917
5.54231 -0.00013589264481059964
5.54352 -6.794632240529982e-05
5.54473 -3.397316120264991e-05
5.54593 -0.00010191948360794972
5.54714 -0.00023781212841854932
5.54835 -0.00040767793443179887
5.54955 -0.0005095974180397485
5.55076 -0.0005775437404450485
5.55197 -0.0005435705792423986
5.55317 -0.00040767793443179887
5.55438 -0.00023781212841854932
5.55559 0.0
5.55679 0.00023781212841854932
5.558 0.00040767793443179887
5.55921 0.0005095974180397485
5.56042 0.0005435705792423986
5.56162 0.00047562425683709864
5.56283 0.000373704773229149
5.56404 0.0002717852896211993
5.56524 0.00016986580601324955
5.56645 0.00013589264481059964
5.56766 0.00023781212841854932
5.56886 0.00040767793443179887
5.57007 0.0006454900628503483
5.57128 0.0009172753524715474
5.57248 0.001121114319687447
5.57369 0.0012570069644980465
5.5749 0.0013249532869033464
5.5761 0.0013249532869033464
5.57731 0.0012230338032953967
5.57852 0.0011890606420927466
5.57972 0.0011890606420927466
5.58093 0.0012230338032953967
5.58214 0.0013249532869033464
5.58334 0.001460845931713946
5.58455 0.0016307117377271955
5.58576 0.001766604382537795
5.58697 0.0019024970273483946
5.58817 0.0019704433497536944
5.58938 0.0020044165109563447
5.59059 0.0019704433497536944
5.59179 0.0019364701885510446
5.593 0.0019024970273483946
5.59421 0.0019364701885510446
5.59541 0.0020044165109563447
5.59662 0.0020723628333616444
5.59783 0.0021742823169695943
5.59903 0.0022762018005775438
5.60024 0.0023781212841854932
5.60145 0.0024460676065907933
5.60265 0.002480040767793443
5.60386 0.002514013928996093
5.60507 0.002547987090198743
5.60627 0.002581960251401393
5.60748 0.0026159334126040425
5.60869 0.0026499065738066927
5.60989 0.0026838797350093426
5.6111 0.0027518260574146422
5.61231 0.0028197723798199423
5.61352 0.002921691863427892
5.61472 0.0030236113470358413
5.61593 0.0031255308306437917
5.61714 0.0031934771530490913
5.61834 0.003227450314251741
5.61955 0.003227450314251741
5.62076 0.003261423475454391
5.62196 0.003261423475454391
5.62317 0.003261423475454391
5.62438 0.0032953966366570412
5.62558 0.003363342959062341
5.62679 0.0034312892814676406
5.628 0.00353320876507559
5.6292 0.00363512824868354
5.63041 0.00370307457108884
5.63162 0.00377102089349414
5.63282 0.0038389672158994394
5.63403 0.0038389672158994394
5.63524 0.0038389672158994394
5.63644 0.003804994054696789
5.63765 0.00377102089349414
5.63886 0.00373704773229149
5.64007 0.003804994054696789
5.64127 0.003872940377102089
5.64248 0.004008833021912689
5.64369 0.004144725666723289
5.64489 0.004246645150331238
5.6461 0.004280618311533888
5.64731 0.004246645150331238
5.64851 0.004144725666723289
5.64972 0.003940886699507389
5.65093 0.00377102089349414
5.65213 0.00356718192627824
5.65334 0.0034312892814676406
5.65455 0.003363342959062341
5.65575 0.0033973161202649907
5.65696 0.003465262442670291
5.65817 0.00356718192627824
5.65937 0.00366910140988619
5.66058 0.00370307457108884
5.66179 0.00363512824868354
5.66299 0.0034992356038729406
5.6642 0.003363342959062341
5.66541 0.0031934771530490913
5.66662 0.0030575845082384916
5.66782 0.002989638185833192
5.66903 0.002989638185833192
5.67024 0.002989638185833192
5.67144 0.0030575845082384916
5.67265 0.0030915576694411414
5.67386 0.0030915576694411414
5.67506 0.0030915576694411414
5.67627 0.0030236113470358413
5.67748 0.002921691863427892
5.67868 0.0028197723798199423
5.67989 0.0026838797350093426
5.6811 0.002514013928996093
5.6823 0.0023781212841854932
5.68351 0.002310174961780194
5.68472 0.002242228639374894
5.68592 0.0022762018005775438
5.68713 0.002310174961780194
5.68834 0.0023441481229828434
5.68954 0.0023441481229828434
5.69075 0.0023441481229828434
5.69196 0.0022762018005775438
5.69317 0.0021742823169695943
5.69437 0.002106335994564294
5.69558 0.0020044165109563447
5.69679 0.0019364701885510446
5.69799 0.0019024970273483946
5.6992 0.0019704433497536944
5.70041 0.002038389672158994
5.70161 0.002140309155766944
5.70282 0.0022762018005775438
5.70403 0.0023781212841854932
5.70523 0.0023441481229828434
5.70644 0.002310174961780194
5.70765 0.0022082554781722437
5.70885 0.0020723628333616444
5.71006 0.0019364701885510446
5.71127 0.0019024970273483946
5.71247 0.0019024970273483946
5.71368 0.0019364701885510446
5.71489 0.0020044165109563447
5.71609 0.0020723628333616444
5.7173 0.002106335994564294
5.71851 0.002140309155766944
5.71972 0.0021742823169695943
5.72092 0.002140309155766944
5.72213 0.002106335994564294
5.72334 0.0020723628333616444
5.72454 0.0020044165109563447
5.72575 0.0019364701885510446
5.72696 0.0019024970273483946
5.72816 0.0019024970273483946
5.72937 0.0019364701885510446
5.73058 0.002038389672158994
5.73178 0.002140309155766944
5.73299 0.0022082554781722437
5.7342 0.002310174961780194
5.7354 0.0023781212841854932
5.73661 0.0024460676065907933
5.73782 0.002480040767793443
5.73902 0.002514013928996093
5.74023 0.002547987090198743
5.74144 0.002581960251401393
5.74264 0.0026159334126040425
5.74385 0.0026838797350093426
5.74506 0.0027518260574146422
5.74627 0.002853745541022592
5.74747 0.002955665024630542
5.74868 0.0030575845082384916
5.74989 0.0031255308306437917
5.75109 0.0031595039918464415
5.7523 0.0031255308306437917
5.75351 0.0030575845082384916
5.75471 0.002989638185833192
5.75592 0.002955665024630542
5.75713 0.002955665024630542
5.75833 0.0030575845082384916
5.75954 0.0031934771530490913
5.76075 0.003363342959062341
5.76195 0.0034992356038729406
5.76316 0.00363512824868354
5.76437 0.00373704773229149
5.76557 0.00373704773229149
5.76678 0.00373704773229149
5.76799 0.00370307457108884
5.7692 0.00363512824868354
5.7704 0.00356718192627824
5.77161 0.0034992356038729406
5.77282 0.0033973161202649907
5.77402 0.003363342959062341
5.77523 0.0032953966366570412
5.77644 0.003227450314251741
5.77764 0.003227450314251741
5.77885 0.003227450314251741
5.78006 0.003261423475454391
5.78126 0.0033293697978596906
5.78247 0.0033973161202649907
5.78368 0.0034312892814676406
5.78488 0.0034312892814676406
5.78609 0.0034312892814676406
5.7873 0.0034312892814676406
5.7885 0.0033973161202649907
5.78971 0.0034312892814676406
5.79092 0.0034992356038729406
5.79212 0.00363512824868354
5.79333 0.00377102089349414
5.79454 0.003906913538304739
5.79575 0.004042806183115339
5.79695 0.004110752505520638
5.79816 0.004110752505520638
5.79937 0.004076779344317988
5.80057 0.004042806183115339
5.80178 0.003940886699507389
5.80299 0.003906913538304739
5.80419 0.003906913538304739
5.8054 0.003940886699507389
5.80661 0.004076779344317988
5.80781 0.004280618311533888
5.80902 0.004484457278749788
5.81023 0.004722269407168337
5.81143 0.004960081535586886
5.81264 0.005129947341600136
5.81385 0.005265839986410736
5.81505 0.005333786308816035
5.81626 0.005367759470018685
5.81747 0.005367759470018685
5.81867 0.005333786308816035
5.81988 0.005401732631221335
5.82109 0.005571598437234584
5.8223 0.005741464243247834
5.8235 0.006047222694071683
5.82471 0.006386954306098183
5.82592 0.006658739595719381
5.82712 0.0067946322405299815
5.82833 0.006896551724137932
5.82954 0.006896551724137932
5.83074 0.006828605401732631
5.83195 0.006726685918124682
5.83316 0.006658739595719381
5.83436 0.006658739595719381
5.83557 0.006726685918124682
5.83678 0.006862578562935281
5.83798 0.00706641753015118
5.83919 0.00723628333616443
5.8404 0.00747409546458298
5.8416 0.007643961270596228
5.84281 0.007813827076609478
5.84402 0.007915746560217428
5.84522 0.008017666043825379
5.84643 0.008085612366230678
5.84764 0.008153558688635976
5.84885 0.008255478172243928
5.85005 0.008357397655851877
5.85126 0.008527263461865126
5.85247 0.008731102429081025
5.85367 0.009002887718702226
5.85488 0.009308646169526074
5.85609 0.009580431459147274
5.85729 0.009886189909971123
5.8585 0.010157975199592321
5.85971 0.01039578732801087
5.86091 0.010565653134024121
5.86212 0.01073551894003737
5.86333 0.01083743842364532
5.86453 0.010905384746050621
5.86574 0.011041277390861219
5.86695 0.01117717003567182
5.86815 0.011381009002887719
5.86936 0.011686767453711567
5.87057 0.012128418549346017
5.87177 0.012536096483777816
5.87298 0.012977747579412264
5.87419 0.013419398675046714
5.8754 0.013793103448275864
5.8766 0.013996942415491763
5.87781 0.01413283506030236
5.87902 0.01426872770511296
5.88022 0.01433667402751826
5.88143 0.01447256667232886
5.88264 0.01474435196195006
5.88384 0.015118056735179209
5.88505 0.015559707830813656
5.88626 0.016035332087650758
5.88746 0.016544929505690507
5.88867 0.0169526074401223
5.88988 0.017292339052148803
5.89108 0.01753015118056735
5.89229 0.01773399014778325
5.8935 0.017801936470188552
5.8947 0.017903855953796503
5.89591 0.01807372175980975
5.89712 0.018311533888228298
5.89832 0.0186512655002548
5.89953 0.019024970273483946
5.90074 0.019534567691523695
5.90195 0.019976218787158145
5.90315 0.020383896721589943
5.90436 0.02079157465602174
5.90557 0.021131306268048242
5.90677 0.02143706471887209
5.90798 0.021742823169695943
5.90919 0.022014608459317138
5.91039 0.022320366910140988
5.9116 0.022592152199762187
5.91281 0.022931883811788685
5.91401 0.023237642262612535
5.91522 0.023611347035841685
5.91643 0.024019024970273483
5.91763 0.024494649227110584
5.91884 0.025004246645150333
5.92005 0.02554781722439273
5.92125 0.026125360964837776
5.92246 0.026736877866485476
5.92367 0.027314421606930525
5.92487 0.027925938508578222
5.92608 0.02850348224902327
5.92729 0.02904705282826567
5.9285 0.029556650246305417
5.9297 0.03003227450314252
5.93091 0.030473925598776968
5.93212 0.030915576694411417
5.93332 0.03142517411245116
5.93453 0.03200271785289621
5.93574 0.032614234754543905
5.93694 0.03336164430100221
5.93815 0.03414302700866315
5.93936 0.034822490232716156
5.94056 0.0354679802955665
5.94177 0.0360115508748089
5.94298 0.036487175131645996
5.94418 0.0368269067436725
5.94539 0.03713266519449635
5.9466 0.03747239680652285
5.9478 0.037880074740954645
5.94901 0.0383217258365891
5.95022 0.038865296415831495
5.95142 0.03951078647868184
5.95263 0.04019024970273484
5.95384 0.04090368608799049
5.95505 0.04168506879565143
5.95625 0.04243247834210973
5.95746 0.04311194156616273
5.95867 0.04379140479021573
5.95987 0.044436894853066074
5.96108 0.045048411754713774
5.96229 0.04569390181756412
5.96349 0.04633939188041447
5.9647 0.04698488194326482
5.96591 0.04769831832852047
5.96711 0.048445727874978764
5.96832 0.04926108374384237
5.96953 0.05011041277390861
5.97073 0.05092576864277221
5.97194 0.05177509767283846
5.97315 0.052556480380499405
5.97435 0.0532359436045524
5.97556 0.0538474605062001
5.97677 0.05442500424664515
5.97798 0.054968574825887545
5.97918 0.05551214540512995
5.98039 0.05612366230677764
5.9816 0.05680312553083064
5.9828 0.057584508238491594
5.98401 0.05839986410735519
5.98522 0.05924919313742144
5.98642 0.060098522167487685
5.98763 0.060879904875148626
5.98884 0.06162731442160693
5.99004 0.06237472396806523
5.99125 0.06305418719211822
5.99246 0.06373365041617123
5.99366 0.06437914047902157
5.99487 0.06505860370307458
5.99608 0.06573806692712757
5.99728 0.06641753015118057
5.99849 0.06716493969763886
5.9997 0.06791234924409717
6.0009 0.06869373195175811
6.00211 0.06947511465941905
6.00332 0.0703244436894853
6.00453 0.07110582639714626
6.00573 0.07188720910480721
6.00694 0.0726346186512655
6.00815 0.07334805503652116
6.00935 0.07395957193816885
6.01056 0.07457108883981654
6.01177 0.07521657890266689
6.01297 0.07582809580431459
6.01418 0.07647358586716493
6.01539 0.0771190759300153
6.01659 0.07783251231527094
6.0178 0.07854594870052659
6.01901 0.07925938508578223
6.02021 0.07993884830983522
6.02142 0.08061831153388824
6.02263 0.08126380159673857
6.02383 0.08190929165958892
6.02504 0.08255478172243927
6.02625 0.08326821810769493
6.02745 0.08404960081535587
6.02866 0.08486495668421946
6.02987 0.08581620519789367
6.03108 0.08683540003397316
6.03228 0.08795651435366061
6.03349 0.089179548156956
6.0347 0.09050450144385935
6.0359 0.09182945473076269
6.03711 0.09322235434007134
6.03832 0.09464922711058264
6.03952 0.09600815355868864
6.04073 0.09733310684559197
6.04194 0.09862408697129268
6.04314 0.09981314761338543
6.04435 0.10090028877187023
6.04556 0.10195345676915236
6.04676 0.10307457108883981
6.04797 0.10419568540852726
6.04918 0.10535077288941735
6.05038 0.10664175301511807
6.05159 0.10806862578562934
6.0528 0.10956344487854595
6.054 0.1110242908102599
6.05521 0.11245116358077119
6.05642 0.11384406319007984
6.05763 0.11510107015457788
6.05883 0.11622218447426533
6.06004 0.11730932563275012
6.06125 0.11846441311364021
6.06245 0.11961950059453032
6.06366 0.12080856123662308
6.06487 0.12213351452352643
6.06607 0.1235603872940377
6.06728 0.12502123322575165
6.06849 0.1264820791574656
6.06969 0.1279768982503822
6.0709 0.12943774418209614
6.07211 0.13079667063020214
6.07331 0.1321216239171055
6.07452 0.1334126040428062
6.07573 0.13466961100730424
6.07693 0.13589264481059962
6.07814 0.137115678613895
6.07935 0.13830473925598777
6.08055 0.1394937998980805
6.08176 0.14068286054017326
6.08297 0.14183794802106336
6.08418 0.14295906234075081
6.08538 0.14408017666043826
6.08659 0.1452012909801257
6.0878 0.14632240529981314
6.089 0.14740954645829793
6.09021 0.14842874129437744
6.09142 0.14944793613045695
6.09262 0.15039918464413113
6.09383 0.15128248683540002
6.09504 0.15209784270426363
6.09624 0.15291319857312724
6.09745 0.1536945812807882
6.09866 0.15447596398844912
6.09986 0.15522337353490742
6.10107 0.156038729403771
6.10228 0.15685408527263464
6.10348 0.15763546798029557
6.10469 0.1584847970103618
6.1059 0.15930015287922542
6.1071 0.16004756242568371
6.10831 0.16069305248853408
6.10952 0.1612705962289791
6.11073 0.1618141668082215
6.11193 0.1622218447426533
6.11314 0.16259554951588245
6.11435 0.16300322745031426
6.11555 0.1634448785459487
6.11676 0.16388652964158315
6.11797 0.16429420757601496
6.11917 0.1647358586716494
6.12038 0.16517750976728382
6.12159 0.16548326821810772
6.12279 0.16572108034652624
6.124 0.16585697299133687
6.12521 0.16592491931374215
6.12641 0.16585697299133687
6.12762 0.16572108034652624
6.12883 0.16548326821810772
6.13003 0.1652114829284865
6.13124 0.16487175131645998
6.13245 0.1645320197044335
6.13365 0.16415831493120436
6.13486 0.16375063699677256
6.13607 0.1633769322235434
6.13728 0.1629692542891116
6.13848 0.16252760319347714
6.13969 0.1620859520978427
6.1409 0.1616103278410056
6.1421 0.16110073042296585
6.14331 0.1605911330049261
6.14452 0.16004756242568371
6.14572 0.15950399184644132
6.14693 0.15896042126719892
6.14814 0.1584847970103618
6.14934 0.15804314591472737
6.15055 0.1576014948190929
6.15176 0.15722779004586376
6.15296 0.15688805843383727
6.15417 0.15654832682181077
6.15538 0.15620859520978428
6.15658 0.1559028367589604
6.15779 0.15556310514693392
6.159 0.15522337353490742
6.1602 0.15484966876167827
6.16141 0.15447596398844912
6.16262 0.15406828605401732
6.16383 0.15362663495838288
6.16503 0.15318498386274843
6.16624 0.1527093596059113
6.16745 0.15219976218787157
6.16865 0.15172413793103448
6.16986 0.15124851367419737
6.17107 0.15080686257856293
6.17227 0.1503652114829285
6.17348 0.1499575335484967
6.17469 0.14954985561406486
6.17589 0.1490742313572278
6.1771 0.14849668761678272
6.17831 0.14781722439272973
6.17951 0.14703584168506878
6.18072 0.14611856633259723
6.18193 0.14503142517411244
6.18313 0.14391031085442502
6.18434 0.14278919653473754
6.18555 0.14166808221505012
6.18676 0.14051299473416
6.18796 0.13945982673687787
6.18917 0.1384066587395957
6.19038 0.13735349074231357
6.19158 0.1361984032614235
6.19279 0.13500934261933073
6.194 0.13378630881603532
6.1952 0.13249532869033465
6.19641 0.13113640224222864
6.19762 0.12974350263292
6.19882 0.128384576184814
6.20003 0.127025649736708
6.20124 0.12570069644980464
6.20244 0.12440971632410396
6.20365 0.12318668252080857
6.20486 0.12203159503991846
6.20606 0.12087650755902837
6.20727 0.11978936640054356
6.20848 0.11870222524205877
6.20968 0.11764905724477663
6.21089 0.11656191608629184
6.2121 0.11547477492780703
6.21331 0.11438763376932223
6.21451 0.1132665194496348
6.21572 0.1121114319687447
6.21693 0.11099031764905724
6.21813 0.10983523016816714
6.21934 0.1087141158484797
6.22055 0.10766094785119756
6.22175 0.10664175301511807
6.22296 0.10565653134024121
6.22417 0.10473925598776966
6.22537 0.10385595379650077
6.22658 0.10304059792763716
6.22779 0.10215729573636827
6.22899 0.10127399354509938
6.2302 0.10039069135383047
6.23141 0.09943944284015628
6.23261 0.09845422116527942
6.23382 0.09740105316799728
6.23503 0.09634788517071513
6.23623 0.09532869033463565
6.23744 0.09427552233735349
6.23865 0.093256327501274
6.23986 0.09230507898759979
6.24106 0.0914217767963309
6.24227 0.090538474605062
6.24348 0.08968914557499576
6.24468 0.0889077628673348
6.24589 0.0880924069984712
6.2471 0.08727705112960761
6.2483 0.08642772209954136
6.24951 0.08554441990827247
6.25072 0.08466111771700358
6.25192 0.08370986920332936
6.25313 0.08275862068965517
6.25434 0.08177339901477833
6.25554 0.08085612366230678
6.25675 0.07990487514863258
6.25796 0.07902157295736369
6.25916 0.07820621708850008
6.26037 0.07742483438083914
6.26158 0.07667742483438084
6.26278 0.07596398844912519
6.26399 0.07525055206386955
6.2652 0.07457108883981654
6.26641 0.07382367929335824
6.26761 0.07307626974689996
6.26882 0.07232886020044164
6.27003 0.0715474774927807
6.27123 0.07073212162391711
6.27244 0.06991676575505351
6.27365 0.06913538304739256
6.27485 0.06838797350093426
6.27606 0.06764056395447597
6.27727 0.06696110073042295
6.27847 0.06631561066757262
6.27968 0.06570409376592491
6.28089 0.06512655002547987
6.28209 0.06454900628503482
6.2833 0.06397146254458977
6.28451 0.06339391880414473
6.28571 0.06274842874129438
6.28692 0.062102938678444033
6.28813 0.06142347545439103
6.28933 0.060710039069135385
6.29054 0.059996602683879734
6.29175 0.05928316629862409
6.29296 0.05863767623577374
6.29416 0.05802615933412605
6.29537 0.05741464243247834
6.29658 0.05687107185323595
6.29778 0.05639544759639885
6.29899 0.05595379650076439
6.3002 0.0554781722439273
6.3014 0.05503652114829285
6.30261 0.0545948700526584
6.30382 0.0541192457958213
6.30502 0.05360964837778155
6.30623 0.05310005095974181
6.30744 0.05259045354170206
6.30864 0.052080856123662304
6.30985 0.05157125870562256
6.31106 0.05109563444878546
6.31226 0.050687956514353656
6.31347 0.05031425174112451
6.31468 0.04994054696789536
6.31588 0.04963478851707151
6.31709 0.04932903006624766
6.3183 0.049057244776626464
6.31951 0.04875148632580262
6.32071 0.048445727874978764
6.32192 0.04810599626295227
6.32313 0.04773229148972312
6.32433 0.04732461355529132
6.32554 0.046916935620859516
6.32675 0.046509257686427725
6.32795 0.046135552913198576
6.32916 0.04576184813996942
6.33037 0.045422116527942924
6.33157 0.04518430439952437
6.33278 0.045014438593511126
6.33399 0.04487854594870053
6.33519 0.04470868014268728
6.3364 0.04457278749787667
6.33761 0.044436894853066074
6.33881 0.04423305588585018
6.34002 0.04392729743502633
6.34123 0.04358756582299983
6.34243 0.04324783421097333
6.34364 0.04290810259894683
6.34485 0.04253439782571768
6.34606 0.04222863937489384
6.34726 0.041990827246475286
6.34847 0.041786988279259384
6.34968 0.04158314931204348
6.35088 0.041413283506030234
6.35209 0.04120944453881434
6.3533 0.04103957873280109
6.3545 0.04086971292678784
6.35571 0.040665873959571934
6.35692 0.04049600815355869
6.35812 0.04032614234754544
6.35933 0.04015627654153219
6.36054 0.03998641073551894
6.36174 0.03981654492950569
6.36295 0.039578732801087146
6.36416 0.03934092067266859
6.36536 0.03910310854425004
6.36657 0.038865296415831495
6.36778 0.038593511126210296
6.36898 0.038389672158994394
6.37019 0.038253779514183794
6.3714 0.03815186003057584
6.37261 0.03808391370817054
6.37381 0.038015967385765244
6.37502 0.037981994224562596
6.37623 0.037981994224562596
6.37743 0.03791404790215729
6.37864 0.03777815525734669
6.37985 0.037608289451333446
6.38105 0.0374384236453202
6.38226 0.037234584678104296
6.38347 0.03699677254968575
6.38467 0.03679293358246984
6.38588 0.036657040937659244
6.38709 0.036521148292848644
6.38829 0.0364192288092407
6.3895 0.03638525564803805
6.39071 0.0364192288092407
6.39191 0.03645320197044335
6.39312 0.036521148292848644
6.39433 0.03658909461525395
6.39554 0.036657040937659244
6.39674 0.03672498726006455
6.39795 0.03672498726006455
6.39916 0.036758960421267195
6.40036 0.03672498726006455
6.40157 0.0366910140988619
6.40278 0.036623067776456596
6.40398 0.0365551214540513
6.40519 0.036521148292848644
6.4064 0.036521148292848644
6.4076 0.036521148292848644
6.40881 0.0365551214540513
6.41002 0.036623067776456596
6.41122 0.0366910140988619
6.41243 0.03679293358246984
6.41364 0.0368269067436725
6.41484 0.0368269067436725
6.41605 0.0368269067436725
6.41726 0.036758960421267195
6.41846 0.0366910140988619
6.41967 0.03658909461525395
6.42088 0.036521148292848644
6.42209 0.03645320197044335
6.42329 0.03638525564803805
6.4245 0.0362833361644301
6.42571 0.0362153898420248
6.42691 0.0361474435196195
6.42812 0.03604552403601155
6.42933 0.0360115508748089
6.43053 0.035977577713606254
6.43174 0.035943604552403606
6.43295 0.035943604552403606
6.43415 0.035977577713606254
6.43536 0.0360115508748089
6.43657 0.03604552403601155
6.43777 0.0360115508748089
6.43898 0.0360115508748089
6.44019 0.035977577713606254
6.44139 0.035943604552403606
6.4426 0.0358756582299983
6.44381 0.03580771190759301
6.44501 0.03577373874639035
6.44622 0.03577373874639035
6.44743 0.03577373874639035
6.44864 0.03580771190759301
6.44984 0.0358756582299983
6.45105 0.035977577713606254
6.45226 0.0360794971972142
6.45346 0.0361474435196195
6.45467 0.0362153898420248
6.45588 0.03624936300322745
6.45708 0.0362833361644301
6.45829 0.03624936300322745
6.4595 0.03624936300322745
6.4607 0.0362153898420248
6.46191 0.0362153898420248
6.46312 0.0362153898420248
6.46432 0.0362153898420248
6.46553 0.0362833361644301
6.46674 0.0363512824868354
6.46794 0.0364192288092407
6.46915 0.036521148292848644
6.47036 0.036657040937659244
6.47156 0.036758960421267195
6.47277 0.0368948530660778
6.47398 0.03699677254968575
6.47519 0.03706471887209105
6.47639 0.03713266519449635
6.4776 0.037166638355699
6.47881 0.03720061151690165
6.48001 0.03720061151690165
6.48122 0.03726855783930695
6.48243 0.037370477322914895
6.48363 0.037506369967725495
6.48484 0.03767623577373874
6.48605 0.037880074740954645
6.48725 0.038117886869373195
6.48846 0.0383217258365891
6.48967 0.03842364532019705
6.49087 0.0384576184813997
6.49208 0.03842364532019705
6.49329 0.038355698997791746
6.49449 0.038253779514183794
6.4957 0.038117886869373195
6.49691 0.037981994224562596
6.49811 0.03794802106335994
6.49932 0.03791404790215729
6.50053 0.03794802106335994
6.50174 0.038015967385765244
6.50294 0.03808391370817054
6.50415 0.03815186003057584
6.50536 0.038253779514183794
6.50656 0.03828775267538645
6.50777 0.038355698997791746
6.50898 0.038389672158994394
6.51018 0.03842364532019705
6.51139 0.0384576184813997
6.5126 0.0384576184813997
6.5138 0.0384576184813997
6.51501 0.03842364532019705
6.51622 0.03842364532019705
6.51742 0.038389672158994394
6.51863 0.038389672158994394
6.51984 0.03842364532019705
6.52104 0.0384576184813997
6.52225 0.03852556480380499
6.52346 0.038627484287412944
6.52466 0.038729403771020895
6.52587 0.038865296415831495
6.52708 0.039001189060642094
6.52829 0.03913708170545269
6.52949 0.03923900118906064
6.5307 0.03930694751146594
6.53191 0.03937489383387124
6.53311 0.03940886699507389
6.53432 0.03944284015627654
6.53553 0.03944284015627654
6.53673 0.03940886699507389
6.53794 0.03937489383387124
6.53915 0.03940886699507389
6.54035 0.03944284015627654
6.54156 0.03951078647868184
6.54277 0.039612705962289795
6.54397 0.03981654492950569
6.54518 0.04005435705792424
6.54639 0.040258196025140136
6.54759 0.04049600815355869
6.5488 0.04069984712077459
6.55001 0.04090368608799049
6.55121 0.04103957873280109
6.55242 0.04107355189400374
6.55363 0.04110752505520639
6.55484 0.04110752505520639
6.55604 0.04110752505520639
6.55725 0.04110752505520639
6.55846 0.041141498216409035
6.55966 0.041243417700016986
6.56087 0.041379310344827586
6.56208 0.04154917615084083
6.56328 0.04171904195685408
6.56449 0.04192288092406998
6.5657 0.04216069305248853
6.5669 0.042398505180907084
6.56811 0.04253439782571768
6.56932 0.04270426363173093
6.57052 0.04280618311533888
6.57173 0.04290810259894683
6.57294 0.04294207576014948
6.57414 0.04297604892135213
6.57535 0.04301002208255478
6.57656 0.04307796840496008
6.57776 0.04314591472736538
6.57897 0.04321386104977068
6.58018 0.043281807372175976
6.58139 0.043383726855783934
6.58259 0.043485646339391885
6.5838 0.04358756582299983
6.58501 0.04365551214540513
6.58621 0.04372345846781043
6.58742 0.04382537795141838
6.58863 0.043893324273823676
6.58983 0.04396127059622898
6.59104 0.044029216918634276
6.59225 0.04413113640224223
6.59345 0.04419908272464753
6.59466 0.044267029047052826
6.59587 0.04433497536945813
6.59707 0.044402921691863426
6.59828 0.04447086801426872
6.59949 0.044538814336674025
6.60069 0.044640733820281976
6.6019 0.04474265330388993
6.60311 0.04487854594870053
6.60432 0.045048411754713774
6.60552 0.04518430439952437
6.60673 0.04532019704433497
6.60794 0.04549006285034823
6.60914 0.04562595549515882
6.61035 0.04572787497876677
6.61156 0.045795821301172074
6.61276 0.04586376762357737
6.61397 0.045897740784780025
6.61518 0.045897740784780025
6.61638 0.045897740784780025
6.61759 0.045897740784780025
6.6188 0.04593171394598267
6.62 0.04596568710718533
6.62121 0.046033633429590624
6.62242 0.046169526074401224
6.62362 0.046407338202819774
6.62483 0.04664515033123832
6.62604 0.046916935620859516
6.62724 0.04718872091048072
6.62845 0.04746050620010192
6.62966 0.04773229148972312
6.63087 0.04790215729573637
6.63207 0.048038049940546966
6.63328 0.04810599626295227
6.63449 0.048173942585357565
6.63569 0.048173942585357565
6.6369 0.04820791574656021
6.63811 0.04820791574656021
6.63931 0.04827586206896552
6.64052 0.048411754713776116
6.64173 0.048547647358586715
6.64293 0.04871751316459997
6.64414 0.048921352131815865
6.64535 0.049159164260234416
6.64655 0.04936300322745031
6.64776 0.04949889587226091
6.64897 0.04960081535586886
6.65017 0.04966876167827416
6.65138 0.04966876167827416
6.65259 0.04963478851707151
6.65379 0.04953286903346356
6.655 0.049430949549855614
6.65621 0.04932903006624766
6.65742 0.04926108374384237
6.65862 0.04922711058263971
6.65983 0.04922711058263971
6.66104 0.04926108374384237
6.66224 0.049396976388652966
6.66345 0.04953286903346356
6.66466 0.04966876167827416
6.66586 0.04987260064549007
6.66707 0.05007643961270596
6.66828 0.050280278579921865
6.66948 0.05048411754713776
6.67069 0.050687956514353656
6.6719 0.05085782232036691
6.6731 0.05099371496517751
6.67431 0.05112960760998811
6.67552 0.05119755393239341
6.67672 0.05126550025479871
6.67793 0.051299473416001364
6.67914 0.05126550025479871
6.68034 0.05123152709359606
6.68155 0.05126550025479871
6.68276 0.05133344657720401
6.68397 0.05143536606081196
6.68517 0.05160523186682521
6.68638 0.05177509767283846
6.68759 0.05201290980125701
6.68879 0.05225072192967555
6.69 0.05248853405809411
6.69121 0.05262442670290471
6.69241 0.052794292508917956
6.69362 0.05289621199252591
6.69483 0.0529641583149312
6.69603 0.05299813147613385
6.69724 0.05299813147613385
6.69845 0.05303210463733651
6.69965 0.053066077798539155
6.70086 0.05310005095974181
6.70207 0.05313402412094446
6.70327 0.0532359436045524
6.70448 0.053337863088160346
6.70569 0.05347375573297095
6.70689 0.0536436215389842
6.7081 0.0538474605062001
6.70931 0.054051299473416005
6.71052 0.05425513844063191
6.71172 0.054492950569050444
6.71293 0.0546628163750637
6.71414 0.05483268218107695
6.71534 0.0550025479870902
6.71655 0.055138440631900806
6.71776 0.05524036011550875
6.71896 0.055342279599116695
6.72017 0.055410225921522005
6.72138 0.05551214540512995
6.72258 0.055614064888737894
6.72379 0.0557499575335485
6.725 0.05591982333956174
6.7262 0.056089689145574995
6.72741 0.056327501273993545
6.72862 0.0565653134024121
6.72982 0.05680312553083064
6.73103 0.05707491082045184
6.73224 0.05731272294887039
6.73344 0.05755053507728894
6.73465 0.05772040088330219
6.73586 0.05789026668931544
6.73707 0.05802615933412605
6.73827 0.05816205197893664
6.73948 0.058263971462544584
6.74069 0.058331917784949894
6.74189 0.05839986410735519
6.7431 0.058501783590963134
6.74431 0.05863767623577374
6.74551 0.05877356888058433
6.74672 0.05890946152539494
6.74793 0.05914727365381348
6.74913 0.05938508578223203
6.75034 0.05965687107185323
6.75155 0.05992865636147443
6.75275 0.060200441651095636
6.75396 0.06050620010191948
6.75517 0.06074401223033803
6.75637 0.060981824358756584
6.75758 0.061151690164769824
6.75879 0.06132155597078308
6.75999 0.06149142177679633
6.7612 0.06162731442160693
6.76241 0.06176320706641754
6.76362 0.06189909971122813
6.76482 0.062068965517241385
6.76603 0.062272804484457274
6.76724 0.06251061661287582
6.76844 0.06274842874129438
6.76965 0.06305418719211822
6.77086 0.06335994564294208
6.77206 0.06369967725496857
6.77327 0.06400543570579242
6.77448 0.06431119415661626
6.77568 0.06465092576864277
6.77689 0.06495668421946663
6.7781 0.06522846950908781
6.7793 0.06543230847630371
6.78051 0.06563614744351962
6.78172 0.06583998641073552
6.78292 0.06604382537795142
6.78413 0.06621369118396467
6.78534 0.06641753015118057
6.78654 0.06662136911839646
6.78775 0.06689315440801766
6.78896 0.06719891285884151
6.79017 0.06750467130966536
6.79137 0.0678104297604892
6.79258 0.06815016137251571
6.79379 0.06848989298454221
6.79499 0.06882962459656872
6.7962 0.06913538304739256
6.79741 0.06940716833701376
6.79861 0.06967895362663495
6.79982 0.06988279259385086
6.80103 0.07008663156106676
6.80223 0.07022252420587737
6.80344 0.07035841685068796
6.80465 0.0705282826567012
6.80585 0.0706641753015118
6.80706 0.07083404110752506
6.80827 0.0710039069135383
6.80947 0.07124171904195685
6.81068 0.07147953117037541
6.81189 0.07178528962119925
6.81309 0.07205707491082045
6.8143 0.0723628333616443
6.81551 0.0727025649736708
6.81672 0.07300832342449465
6.81792 0.07328010871411585
6.81913 0.07351792084253439
6.82034 0.07368778664854765
6.82154 0.0738576524545609
6.82275 0.0739935450993715
6.82396 0.07409546458297944
6.82516 0.07416341090538474
6.82637 0.07423135722779005
6.82758 0.07436724987260064
6.82878 0.07450314251741125
6.82999 0.07463903516222184
6.8312 0.07484287412943774
6.8324 0.07504671309665364
6.83361 0.07528452522507219
6.83482 0.07555631051469339
6.83602 0.07579412264311194
6.83723 0.07606590793273314
6.83844 0.07630372006115169
6.83965 0.07654153218957024
6.84085 0.07674537115678613
6.84206 0.0769152369627994
6.84327 0.07708510276881263
6.84447 0.07722099541362323
6.84568 0.0773908612196365
6.84689 0.07752675386444709
6.84809 0.07769661967046033
6.8493 0.07786648547647358
6.85051 0.07810429760489214
6.85171 0.07837608289451334
6.85292 0.07864786818413454
6.85413 0.07895362663495839
6.85533 0.07922541192457959
6.85654 0.07953117037540343
6.85775 0.07980295566502463
6.85895 0.08000679463224053
6.86016 0.08021063359945643
6.86137 0.08034652624426704
6.86257 0.08048241888907763
6.86378 0.08061831153388824
6.86499 0.08072023101749617
6.8662 0.08082215050110413
6.8674 0.08092406998471208
6.86861 0.08105996262952267
6.86982 0.08116188211313063
6.87102 0.08129777475794123
6.87223 0.08143366740275183
6.87344 0.08156956004756243
6.87464 0.08167147953117038
6.87585 0.08180737217598098
6.87706 0.08197723798199422
6.87826 0.08211313062680482
6.87947 0.08228299643281807
6.88068 0.08245286223883132
6.88188 0.08258875488364191
6.88309 0.08275862068965517
6.8843 0.08292848649566843
6.8855 0.08306437914047902
6.88671 0.08320027178528963
6.88792 0.08333616443010022
6.88912 0.08347205707491083
6.89033 0.08360794971972142
6.89154 0.08374384236453201
6.89275 0.08387973500934262
6.89395 0.08404960081535587
6.89516 0.08421946662136912
6.89637 0.08438933242738238
6.89757 0.08459317139459827
6.89878 0.08479701036181417
6.89999 0.08500084932903007
6.90119 0.08523866145744861
6.9024 0.08547647358586716
6.90361 0.08568031255308306
6.90481 0.08588415152029896
6.90602 0.08608799048751486
6.90723 0.08625785629352811
6.90843 0.08642772209954136
6.90964 0.08656361474435195
6.91085 0.08669950738916256
6.91205 0.08680142687277051
6.91326 0.08690334635637846
6.91447 0.08703923900118907
6.91567 0.087141158484797
6.91688 0.08727705112960761
6.91809 0.08744691693562086
6.9193 0.08765075590283676
6.9205 0.0878885680312553
6.92171 0.08816035332087652
6.92292 0.08839816544929506
6.92412 0.08870392390011891
6.92533 0.08900968235094275
6.92654 0.08928146764056395
6.92774 0.08948530660777985
6.92895 0.08968914557499576
6.93016 0.089859011381009
6.93136 0.09002887718702225
6.93257 0.09016476983183286
6.93378 0.09023271615423815
6.93498 0.09033463563784609
6.93619 0.09043655512145406
6.9374 0.09057244776626465
6.9386 0.09070834041107526
6.93981 0.09091217937829114
6.94102 0.09111601834550705
6.94222 0.0913538304739256
6.94343 0.09165958892474944
6.94464 0.0919653473755733
6.94585 0.0922371326651945
6.94705 0.09254289111601835
6.94826 0.09284864956684219
6.94947 0.09312043485646339
6.95067 0.09335824698488195
6.95188 0.0935281127908952
6.95309 0.0936640054357058
6.95429 0.09379989808051639
6.9555 0.093935790725327
6.95671 0.09403771020893494
6.95791 0.09410565653134023
6.95912 0.09424154917615084
6.96033 0.09444538814336674
6.96153 0.09468320027178528
6.96274 0.09495498556140648
6.96395 0.09526074401223034
6.96515 0.09556650246305418
6.96636 0.09587226091387803
6.96757 0.09621199252590454
6.96877 0.09651775097672839
6.96998 0.09675556310514692
6.97119 0.09695940207236284
6.9724 0.09712926787837609
6.9736 0.09729913368438933
6.97481 0.09743502632919994
6.97602 0.09753694581280788
6.97722 0.09767283845761848
6.97843 0.09780873110242908
6.97964 0.09794462374723968
6.98084 0.09811448955325293
6.98205 0.09828435535926618
6.98326 0.09848819432648208
6.98446 0.09872600645490062
6.98567 0.09899779174452182
6.98688 0.09926957703414302
6.98808 0.09954136232376422
6.98929 0.09981314761338543
6.9905 0.10008493290300663
6.9917 0.10035671819262783
6.99291 0.10059453032104637
6.99412 0.10079836928826227
6.99532 0.10100220825547818
6.99653 0.10117207406149142
6.99774 0.10130796670630202
6.99895 0.10140988618990998
7.00015 0.10147783251231528
7.00136 0.10157975199592321
7.00257 0.10164769831832851
7.00377 0.10174961780193648
7.00498 0.10185153728554441
7.00619 0.10198742993035502
7.00739 0.10212332257516561
7.0086 0.10232716154238153
7.00981 0.10256497367080007
7.01101 0.10276881263801596
7.01222 0.10300662476643452
7.01343 0.10321046373365042
7.01463 0.10344827586206896
7.01584 0.10365211482928487
7.01705 0.10378800747409547
7.01825 0.10388992695770341
7.01946 0.10399184644131136
7.02067 0.10409376592491931
7.02187 0.10419568540852726
7.02308 0.1042296585697299
7.02429 0.10429760489213522
7.0255 0.10443349753694581
7.0267 0.1045693901817564
7.02791 0.10473925598776966
7.02912 0.10494309495498556
7.03032 0.10518090708340412
7.03153 0.10545269237302532
7.03274 0.10575845082384916
7.03394 0.10606420927467301
7.03515 0.10636996772549685
7.03636 0.1066077798539154
7.03756 0.10684559198233395
7.03877 0.1070834041107525
7.03998 0.10725326991676576
7.04118 0.10735518940037371
7.04239 0.107423135722779
7.0436 0.1074910820451843
7.0448 0.10752505520638694
7.04601 0.10759300152879224
7.04722 0.10762697468999491
7.04843 0.1076949210124002
7.04963 0.1077628673348055
7.05084 0.10786478681841345
7.05205 0.10796670630202142
7.05325 0.10810259894683201
7.05446 0.10827246475284526
7.05567 0.10844233055885849
7.05687 0.10864616952607441
7.05808 0.1088500084932903
7.05929 0.10905384746050618
7.06049 0.1092576864277221
7.0617 0.10946152539493799
7.06291 0.1096653643621539
7.06411 0.10983523016816714
7.06532 0.10993714965177509
7.06653 0.11003906913538306
7.06773 0.11014098861899099
7.06894 0.11020893494139629
7.07015 0.11027688126380161
7.07135 0.11034482758620691
7.07256 0.1104127739086122
7.07377 0.11051469339222016
7.07498 0.11065058603703075
7.07618 0.11082045184304401
7.07739 0.1110242908102599
7.0786 0.11122812977747579
7.0798 0.111499915067097
7.08101 0.11177170035671818
7.08222 0.1120434856463394
7.08342 0.11228129777475795
7.08463 0.11251910990317648
7.08584 0.1127229488703924
7.08704 0.11292678783760829
7.08825 0.11309665364362154
7.08946 0.11323254628843213
7.09066 0.1133344657720401
7.09187 0.11347035841685069
7.09308 0.11360625106166128
7.09428 0.11370817054526923
7.09549 0.11384406319007984
7.0967 0.11401392899609308
7.0979 0.11418379480210634
7.09911 0.11438763376932223
7.10032 0.11462544589774078
7.10153 0.11489723118736199
7.10273 0.11513504331578055
7.10394 0.11540682860540173
7.10515 0.11567861389502292
7.10635 0.11595039918464413
7.10756 0.11622218447426533
7.10877 0.11642602344148123
7.10997 0.11662986240869713
7.11118 0.11679972821471038
7.11239 0.11696959402072364
7.11359 0.11710548666553423
7.1148 0.11720740614914218
7.11601 0.11730932563275012
7.11721 0.11741124511635807
7.11842 0.11754713776116867
7.11963 0.11768303040597927
7.12083 0.11781892305078988
7.12204 0.11798878885680311
7.12325 0.11822660098522167
7.12445 0.11843043995243759
7.12566 0.11870222524205877
7.12687 0.11894003737047731
7.12808 0.11917784949889587
7.12928 0.11944963478851706
7.13049 0.11972142007813827
7.1317 0.11995923220655683
7.1329 0.12016307117377271
7.13411 0.12033293697978598
7.13532 0.12046882962459657
7.13652 0.12060472226940716
7.13773 0.12067266859181248
7.13894 0.12070664175301511
7.14014 0.12074061491421778
7.14135 0.12077458807542041
7.14256 0.12080856123662308
7.14376 0.12080856123662308
7.14497 0.12087650755902837
7.14618 0.120910480720231
7.14738 0.12101240020383897
7.14859 0.12114829284864956
7.1498 0.1213181586546628
7.151 0.12145405129947341
7.15221 0.12162391710548666
7.15342 0.12179378291149992
7.15463 0.12192967555631051
7.15583 0.1220655682011211
7.15704 0.12216748768472906
7.15825 0.12223543400713435
7.15945 0.12226940716833702
7.16066 0.12226940716833702
7.16187 0.12226940716833702
7.16307 0.12223543400713435
7.16428 0.12220146084593173
7.16549 0.12213351452352643
7.16669 0.12213351452352643
7.1679 0.12216748768472906
7.16911 0.12223543400713435
7.17031 0.12233735349074232
7.17152 0.12247324613555291
7.17273 0.12264311194156616
7.17393 0.12288092406998471
7.17514 0.1231527093596059
7.17635 0.12335654832682182
7.17755 0.1235603872940377
7.17876 0.12379819942245626
7.17997 0.12400203838967215
7.18118 0.12417190419568541
7.18238 0.124307796840496
7.18359 0.1243757431629013
7.1848 0.12447766264650925
7.186 0.12461355529131984
7.18721 0.12474944793613046
7.18842 0.12488534058094106
7.18962 0.12508917954815696
7.19083 0.1253269916765755
7.19204 0.12563275012739936
7.19324 0.1260064549006285
7.19445 0.1264141328350603
7.19566 0.12692373025310005
7.19686 0.1275012739935451
7.19807 0.12811279089519279
7.19928 0.12882622728044846
7.20048 0.1296076099881094
7.20169 0.13045693901817562
7.2029 0.13140818753184982
7.2041 0.13242738236792934
7.20531 0.13354849668761679
7.20652 0.13483947681331748
7.20773 0.13630032274503143
7.20893 0.1378630881603533
7.21014 0.1395617462204858
7.21135 0.14136232376422628
7.21255 0.14340071343638525
7.21376 0.1455410225921522
7.21497 0.1477153049091218
7.21617 0.1497536945812808
7.21738 0.15179208425343976
7.21859 0.15379650076439613
7.21979 0.1556310514693392
7.221 0.15705792423985052
7.22221 0.15804314591472737
7.22341 0.15872260913878036
7.22462 0.1590283675896042
7.22583 0.15896042126719892
7.22703 0.15838287752675387
7.22824 0.1573297095294717
7.22945 0.1559028367589604
7.23065 0.15430609818243587
7.23186 0.15264141328350603
7.23307 0.15070494309495497
7.23428 0.14863258026159334
7.23548 0.14662816375063698
7.23669 0.1447936130456939
7.2379 0.14312892814676406
7.2391 0.14153218957023952
7.24031 0.14007134363852558
7.24152 0.13884830983523017
7.24272 0.13782911499915068
7.24393 0.13701375913028707
7.24514 0.13633429590623408
7.24634 0.13572277900458637
7.24755 0.13524715474774926
7.24876 0.1349074231357228
7.24996 0.13463563784610158
7.25117 0.13439782571768302
7.25238 0.13416001358926447
7.25358 0.13399014778325125
7.25479 0.13385425513844063
7.256 0.13371836249363003
7.25721 0.13358246984881944
7.25841 0.13348055036521148
7.25962 0.13337863088160354
7.26083 0.13331068455919823
7.26203 0.13324273823679292
7.26324 0.1332087650755903
7.26445 0.1332087650755903
7.26565 0.1332087650755903
7.26686 0.13324273823679292
7.26807 0.13327671139799557
7.26927 0.13334465772040088
7.27048 0.1334126040428062
7.27169 0.13348055036521148
7.27289 0.13351452352641413
7.2741 0.13358246984881944
7.27531 0.13361644301002207
7.27651 0.13365041617122472
7.27772 0.1336843893324274
7.27893 0.13365041617122472
7.28013 0.13361644301002207
7.28134 0.13358246984881944
7.28255 0.13354849668761679
7.28376 0.13351452352641413
7.28496 0.13344657720400885
7.28617 0.1334126040428062
7.28738 0.13337863088160354
7.28858 0.13337863088160354
7.28979 0.1334126040428062
7.291 0.13348055036521148
7.2922 0.13354849668761679
7.29341 0.13365041617122472
7.29462 0.13378630881603532
7.29582 0.1339222014608459
7.29703 0.13409206726685918
7.29824 0.1342279599116698
7.29944 0.1343638525564804
7.30065 0.134499745201291
7.30186 0.13460166468489893
7.30306 0.13470358416850686
7.30427 0.13473755732970955
7.30548 0.13477153049091217
7.30668 0.13477153049091217
7.30789 0.13480550365211483
7.3091 0.13480550365211483
7.31031 0.13480550365211483
7.31151 0.13483947681331748
7.31272 0.13487344997452014
7.31393 0.13497536945812807
7.31513 0.135077288941736
7.31634 0.13521318158654663
7.31755 0.13534907423135722
7.31875 0.13551894003737047
7.31996 0.13572277900458637
7.32117 0.13592661797180228
7.32237 0.13609648377781552
7.32358 0.13626634958382877
7.32479 0.13640224222863936
7.32599 0.13653813487344996
7.3272 0.13667402751826058
7.32841 0.1367419738406659
7.32961 0.13680992016307117
7.33082 0.13684389332427382
7.33203 0.13687786648547648
7.33323 0.13691183964667913
7.33444 0.13697978596908442
7.33565 0.13704773229148973
7.33686 0.137115678613895
7.33806 0.13718362493630032
7.33927 0.1373195175811109
7.34048 0.13748938338712416
7.34168 0.13765924919313743
7.34289 0.13782911499915068
7.3441 0.13799898080516393
7.3453 0.13820281977237983
7.34651 0.1384066587395957
7.34772 0.13857652454560898
7.34892 0.13874639035162223
7.35013 0.13888228299643282
7.35134 0.1390181756412434
7.35254 0.13915406828605403
7.35375 0.13922201460845932
7.35496 0.13932393409206725
7.35616 0.1393579072532699
7.35737 0.13939188041447256
7.35858 0.13942585357567522
7.35978 0.1394937998980805
7.36099 0.1395617462204858
7.3622 0.13966366570409378
7.36341 0.1397655851877017
7.36461 0.13990147783251233
7.36582 0.14007134363852558
7.36703 0.14027518260574146
7.36823 0.14051299473416
7.36944 0.14075080686257857
7.37065 0.14095464582979447
7.37185 0.141192457958213
7.37306 0.14143027008663156
7.37427 0.14166808221505012
7.37547 0.14183794802106336
7.37668 0.1420078138270766
7.37789 0.1421437064718872
7.37909 0.1422795991166978
7.3803 0.14238151860030576
7.38151 0.1424834380839137
7.38271 0.14258535756752166
7.38392 0.14265330388992695
7.38513 0.14272125021233226
7.38633 0.14285714285714285
7.38754 0.14295906234075081
7.38875 0.1430949549855614
7.38996 0.14326482079157465
7.39116 0.1434346865975879
7.39237 0.14360455240360115
7.39358 0.1438423645320197
7.39478 0.14408017666043826
7.39599 0.14428401562765417
7.3972 0.14448785459487004
7.3984 0.14469169356208597
7.39961 0.14489553252930185
7.40082 0.1450653983353151
7.40202 0.1452012909801257
7.40323 0.14530321046373365
7.40444 0.14537115678613896
7.40564 0.1454730762697469
7.40685 0.1455410225921522
7.40806 0.14560896891455752
7.40926 0.14564294207576015
7.41047 0.14571088839816543
7.41168 0.1458128078817734
7.41288 0.14594870052658399
7.41409 0.14611856633259723
7.4153 0.1462884321386105
7.41651 0.14649227110582638
7.41771 0.14673008323424494
7.41892 0.1469678953626635
7.42013 0.14727365381348734
7.42133 0.14754543910310855
7.42254 0.14781722439272973
7.42375 0.1480550365211483
7.42495 0.14829284864956685
7.42616 0.14849668761678272
7.42737 0.148666553422796
7.42857 0.14883641922880925
7.42978 0.14897231187361984
7.43099 0.14904025819602515
7.43219 0.1491421776796331
7.4334 0.1492101240020384
7.43461 0.14931204348564636
7.43581 0.14941396296925427
7.43702 0.14951588245286224
7.43823 0.1496178019364702
7.43943 0.14978766774248342
7.44064 0.1499575335484967
7.44185 0.1501613725157126
7.44306 0.15039918464413113
7.44426 0.15063699677254969
7.44547 0.15087480890096822
7.44668 0.15114659419058943
7.44788 0.15141837948021064
7.44909 0.15165619160862917
7.4503 0.15186003057584507
7.4515 0.15202989638185832
7.45271 0.15219976218787157
7.45392 0.15233565483268216
7.45512 0.15243757431629013
7.45633 0.15250552063869544
7.45754 0.15257346696110072
7.45874 0.15260744012230337
7.45995 0.15267538644470868
7.46116 0.15277730592831665
7.46236 0.15284525225072193
7.46357 0.15294717173432987
7.46478 0.1530830643791405
7.46599 0.1532529301851537
7.46719 0.15345676915236964
7.4684 0.1536945812807882
7.46961 0.15396636657040938
7.47081 0.1542381518600306
7.47202 0.15450993714965178
7.47323 0.154781722439273
7.47443 0.15505350772889417
7.47564 0.15532529301851536
7.47685 0.1555291319857313
7.47805 0.15569899779174454
7.47926 0.15586886359775776
7.48047 0.15600475624256838
7.48167 0.1561066757261763
7.48288 0.15620859520978428
7.48409 0.15627654153218956
7.48529 0.15634448785459487
7.4865 0.1564464073382028
7.48771 0.15654832682181077
7.48891 0.15668421946662137
7.49012 0.15682011211143196
7.49133 0.15698997791744523
7.49254 0.15715984372345848
7.49374 0.15736368269067436
7.49495 0.1576014948190929
7.49616 0.15783930694751147
7.49736 0.15807711907593003
7.49857 0.15831493120434859
7.49978 0.15851877017156446
7.50098 0.15872260913878036
7.50219 0.15892644810599627
7.5034 0.1590963139120095
7.5046 0.15919823339561745
7.50581 0.15930015287922542
7.50702 0.15940207236283338
7.50822 0.15947001868523866
7.50943 0.1595719381688466
7.51064 0.1596398844912519
7.51184 0.15970783081365722
7.51305 0.15980975029726516
7.51426 0.15991166978087312
7.51546 0.16004756242568371
7.51667 0.16021742823169696
7.51788 0.1603872940377102
7.51909 0.1605911330049261
7.52029 0.160794971972142
7.5215 0.16103278410056054
7.52271 0.16130456939018176
7.52391 0.16157635467980294
7.52512 0.1618141668082215
7.52633 0.16205197893664006
7.52753 0.16225581790385593
7.52874 0.1624936300322745
7.52995 0.16269746899949042
7.53115 0.16286733480550367
7.53236 0.16300322745031426
7.53357 0.16313912009512485
7.53477 0.16324103957873282
7.53598 0.1633769322235434
7.53719 0.163512824868354
7.53839 0.16361474435196197
7.5396 0.16375063699677256
7.54081 0.16388652964158315
7.54201 0.1640563954475964
7.54322 0.16422626125360965
7.54443 0.1644640733820282
7.54564 0.1646679123492441
7.54684 0.16490572447766264
7.54805 0.16517750976728382
7.54926 0.16544929505690503
7.55046 0.16572108034652624
7.55167 0.16599286563614746
7.55288 0.166230677764566
7.55408 0.1664345167317819
7.55529 0.16667232886020045
7.5565 0.1668421946662137
7.5577 0.1670460336334296
7.55891 0.1671819262782402
7.56012 0.1673178189230508
7.56132 0.16741973840665872
7.56253 0.16752165789026668
7.56374 0.16762357737387465
7.56494 0.16775947001868524
7.56615 0.16789536266349583
7.56736 0.16803125530830643
7.56856 0.16816714795311705
7.56977 0.16837098692033295
7.57098 0.16860879904875148
7.57219 0.16884661117717004
7.57339 0.1690844233055886
7.5746 0.16935620859520978
7.57581 0.16959402072362834
7.57701 0.16986580601324955
7.57822 0.17013759130287073
7.57943 0.17040937659249195
7.58063 0.17061321555970782
7.58184 0.17081705452692372
7.58305 0.17098692033293697
7.58425 0.17115678613895025
7.58546 0.1713266519449635
7.58667 0.17146254458977409
7.58787 0.17156446407338205
7.58908 0.17166638355698996
7.59029 0.17176830304059792
7.59149 0.17190419568540852
7.5927 0.1720400883302191
7.59391 0.17217598097502973
7.59511 0.17234584678104298
7.59632 0.17251571258705622
7.59753 0.17268557839306947
7.59874 0.17288941736028537
7.59994 0.1731272294887039
7.60115 0.17333106845591983
7.60236 0.17353490742313574
7.60356 0.1737387463903516
7.60477 0.17394258535756754
7.60598 0.17414642432478342
7.60718 0.17435026329199932
7.60839 0.17448615593680994
7.6096 0.17462204858162053
7.6108 0.17475794122643112
7.61201 0.1748598607100391
7.61322 0.174961780193647
7.61442 0.17506369967725496
7.61563 0.17513164599966027
7.61684 0.1752335654832682
7.61804 0.17533548496687618
7.61925 0.1754374044504841
7.62046 0.17560727025649736
7.62166 0.17574316290130795
7.62287 0.17594700186852388
7.62408 0.17615084083573976
7.62529 0.17635467980295566
7.62649 0.17655851877017156
7.6277 0.17679633089859012
7.62891 0.1770681161882113
7.63011 0.1772719551554272
7.63132 0.17750976728384577
7.63253 0.17771360625106167
7.63373 0.17791744521827757
7.63494 0.17808731102429082
7.63615 0.17825717683030406
7.63735 0.17839306947511466
7.63856 0.17852896211992525
7.63977 0.17866485476473584
7.64097 0.1787667742483438
7.64218 0.1789026668931544
7.64339 0.17900458637676236
7.64459 0.17910650586037033
7.6458 0.17924239850518092
7.64701 0.17937829114999151
7.64821 0.1795141837948021
7.64942 0.17968404960081535
7.65063 0.17988788856803126
7.65184 0.1800577543740445
7.65304 0.1802615933412604
7.65425 0.18049940546967894
7.65546 0.18070324443689487
7.65666 0.1809410565653134
7.65787 0.18117886869373195
7.65908 0.18138270766094786
7.66028 0.1815525734669611
7.66149 0.181756412434177
7.6627 0.18192627824019025
7.6639 0.1820961440462035
7.66511 0.1822320366910141
7.66632 0.18233395617462206
7.66752 0.18243587565823
7.66873 0.18253779514183796
7.66994 0.1826397146254459
7.67114 0.1827756072702565
7.67235 0.18287752675386446
7.67356 0.18301341939867505
7.67477 0.1831832852046883
7.67597 0.18335315101070154
7.67718 0.1835909631391201
7.67839 0.18382877526753863
7.67959 0.18410056055715984
7.6808 0.1843383726855784
7.68201 0.18461015797519958
7.68321 0.18491591642602345
7.68442 0.1852216748768473
7.68563 0.1854934601664685
7.68683 0.18573127229488706
7.68804 0.18593511126210294
7.68925 0.18613895022931884
7.69045 0.18627484287412943
7.69166 0.18641073551894005
7.69287 0.18654662816375064
7.69407 0.1866485476473586
7.69528 0.1867164939697639
7.69649 0.1867844402921692
7.69769 0.18685238661457448
7.6989 0.18698827925938508
7.70011 0.18712417190419567
7.70132 0.1872600645490063
7.70252 0.18742993035501954
7.70373 0.18759979616103278
7.70494 0.18783760828945134
7.70614 0.18807542041786987
7.70735 0.18834720570749108
7.70856 0.18861899099711227
7.70976 0.18889077628673348
7.71097 0.1891625615763547
7.71218 0.18940037370477322
7.71338 0.1896721589943944
7.71459 0.18990997112281296
7.7158 0.1901138100900289
7.717 0.19028367589604211
7.71821 0.19045354170205536
7.71942 0.19058943434686595
7.72062 0.19072532699167657
7.72183 0.1908272464752845
7.72304 0.19092916595889248
7.72424 0.19103108544250044
7.72545 0.19113300492610835
7.72666 0.19123492440971632
7.72787 0.19140479021572956
7.72907 0.19157465602174284
7.73028 0.19174452182775606
7.73149 0.191948360794972
7.73269 0.19215219976218786
7.7339 0.19239001189060642
7.73511 0.19266179718022763
7.73631 0.19296755563105147
7.73752 0.19323934092067266
7.73873 0.19351112621029384
7.73993 0.19378291149991506
7.74114 0.1940207236283336
7.74235 0.1942925089179548
7.74355 0.19453032104637336
7.74476 0.19473416001358929
7.74597 0.1949040258196025
7.74717 0.19507389162561575
7.74838 0.19520978427042635
7.74959 0.19537965007643962
7.75079 0.1955155427212502
7.752 0.19561746220485815
7.75321 0.19575335484966874
7.75442 0.1958552743332767
7.75562 0.19602514013928996
7.75683 0.19619500594530323
7.75804 0.19636487175131645
7.75924 0.19656871071853235
7.76045 0.19677254968574825
7.76166 0.1970103618141668
7.76286 0.197282147103788
7.76407 0.19758790555461186
7.76528 0.1978936640054357
7.76648 0.1982333956174622
7.76769 0.19853915406828604
7.7689 0.1988449125191099
7.7701 0.19915067096993375
7.77131 0.19945642942075759
7.77252 0.19976218787158145
7.77372 0.20003397316120267
7.77493 0.2002717852896212
7.77614 0.20050959741803975
7.77734 0.20074740954645828
7.77855 0.2009512485136742
7.77976 0.20118906064209274
7.78097 0.20139289960930865
7.78217 0.20159673857652455
7.78338 0.20180057754374045
7.78459 0.202038389672159
7.78579 0.2023101749617802
7.787 0.2025819602514014
7.78821 0.20288771870222524
7.78941 0.20322745031425174
7.79062 0.20353320876507558
7.79183 0.2038729403771021
7.79303 0.20421267198912857
7.79424 0.20458637676235775
7.79545 0.20492610837438424
7.79665 0.20523186682520808
7.79786 0.20553762527603192
7.79907 0.20580941056565313
7.80027 0.2060472226940717
7.80148 0.20628503482249025
7.80269 0.20648887378970612
7.80389 0.20669271275692203
7.8051 0.20686257856293527
7.80631 0.20703244436894852
7.80752 0.2072023101749618
7.80872 0.20737217598097502
7.80993 0.20757601494819095
7.81114 0.20777985391540682
7.81234 0.20801766604382538
7.81355 0.20825547817224394
7.81476 0.20852726346186512
7.81596 0.20883302191268896
7.81717 0.20917275352471548
7.81838 0.20951248513674198
7.81958 0.20985221674876847
7.82079 0.21019194836079497
7.822 0.21056565313402412
7.8232 0.21093935790725327
7.82441 0.2112790895192798
7.82562 0.2116527942925089
7.82682 0.21195855274333278
7.82803 0.21226431119415662
7.82924 0.21253609648377783
7.83044 0.21280788177339902
7.83165 0.21304569390181757
7.83286 0.21328350603023613
7.83407 0.21352131815865466
7.83527 0.21372515712587054
7.83648 0.2138950229318838
7.83769 0.21413283506030237
7.83889 0.21437064718872093
7.8401 0.21460845931713948
7.84131 0.214846271445558
7.84251 0.21511805673517922
7.84372 0.21542381518600304
7.84493 0.2157295736368269
7.84613 0.21606930524885343
7.84734 0.21644301002208258
7.84855 0.21678274163410907
7.84975 0.21712247324613554
7.85096 0.21746220485816203
7.85217 0.2177679633089859
7.85337 0.21810769492101237
7.85458 0.2183794802106336
7.85579 0.2186512655002548
7.85699 0.21888907762867335
7.8582 0.21909291659588925
7.85941 0.2192627824019025
7.86062 0.2194666213691184
7.86182 0.21963648717513165
7.86303 0.21984032614234755
7.86424 0.2200101919483608
7.86544 0.2202140309155767
7.86665 0.22041786988279258
7.86786 0.22062170885000848
7.86906 0.22089349413962966
7.87027 0.2211652794292509
7.87148 0.2214370647188721
7.87268 0.22174282316969593
7.87389 0.22201460845931717
7.8751 0.2223543400713436
7.8763 0.2226600985221675
7.87751 0.222999830134194
7.87872 0.2233055885850178
7.87992 0.22364532019704433
7.88113 0.2239510786478682
7.88234 0.2242228639374894
7.88355 0.22452862238831323
7.88475 0.22480040767793447
7.88596 0.22507219296755565
7.88717 0.22534397825717684
7.88837 0.2255817903855954
7.88958 0.2257856293528113
7.89079 0.22602344148122985
7.89199 0.22622728044844573
7.8932 0.22643111941566163
7.89441 0.22660098522167485
7.89561 0.22680482418889078
7.89682 0.226974689994904
7.89803 0.22717852896211993
7.89923 0.22738236792933583
7.90044 0.2276201800577544
7.90165 0.22782401902497026
7.90285 0.22802785799218617
7.90406 0.22826567012060472
7.90527 0.2285374554102259
7.90647 0.2288092406998471
7.90768 0.22908102598946833
7.90889 0.22935281127908952
7.9101 0.22959062340750808
7.9113 0.22986240869712926
7.91251 0.23010022082554782
7.91372 0.23033803295396638
7.91492 0.23054187192118228
7.91613 0.23074571088839815
7.91734 0.23091557669441143
7.91854 0.23108544250042465
7.91975 0.23122133514523524
7.92096 0.23135722779004583
7.92216 0.2315270935960591
7.92337 0.23166298624086973
7.92458 0.23179887888568032
7.92578 0.2319347715304909
7.92699 0.2321046373365042
7.9282 0.2322745031425174
7.9294 0.23247834210973334
7.93061 0.23271615423815187
7.93182 0.23298793952777305
7.93302 0.2332257516561916
7.93423 0.2334975369458128
7.93544 0.233769322235434
7.93665 0.23407508068625787
7.93785 0.23434686597587906
7.93906 0.23461865126550024
7.94027 0.2348564633939188
7.94147 0.23509427552233733
7.94268 0.23529811448955326
7.94389 0.23546798029556648
7.94509 0.23563784610157976
7.9463 0.23577373874639035
7.94751 0.23590963139120097
7.94871 0.2360115508748089
7.94992 0.23611347035841687
7.95113 0.23621538984202478
7.95233 0.23631730932563275
7.95354 0.23648717513164602
7.95475 0.2366230677764566
7.95595 0.23679293358246983
7.95716 0.23699677254968576
7.95837 0.23723458467810432
7.95957 0.23747239680652285
7.96078 0.23774418209614404
7.96199 0.23804994054696788
7.9632 0.23835569899779174
7.9644 0.23862748428741293
7.96561 0.2389332427382368
7.96682 0.23923900118906063
7.96802 0.2395447596398845
7.96923 0.2398165449295057
7.97044 0.24008833021912687
7.97164 0.24032614234754543
7.97285 0.24052998131476133
7.97406 0.24073382028197726
7.97526 0.24090368608799048
7.97647 0.2411075250552064
7.97768 0.24127739086121963
7.97888 0.24144725666723288
7.98009 0.2415831493120435
7.9813 0.24175301511805675
7.9825 0.24192288092406997
7.98371 0.2421267198912859
7.98492 0.24236453201970443
7.98612 0.24260234414812298
7.98733 0.24287412943774417
7.98854 0.24314591472736535
7.98975 0.24345167317818925
7.99095 0.24375743162901306
7.99216 0.24409716324103956
7.99337 0.24443689485306608
7.99457 0.24477662646509257
7.99578 0.2451163580771191
7.99699 0.2454221165279429
7.99819 0.24576184813996943
7.9994 0.24610157975199592
8.00061 0.24640733820281976
8.00181 0.24671309665364363
8.00302 0.24698488194326482
8.00423 0.24729064039408866
8.00543 0.2475284525225072
8.00664 0.24780023781212843
8.00785 0.2480720231017496
8.00905 0.24830983523016817
8.01026 0.24858162051978935
8.01147 0.2488194326482079
8.01267 0.2490912179378291
8.01388 0.24936300322745034
8.01509 0.24963478851707152
8.0163 0.2499065738066927
8.0175 0.25021233225751655
8.01871 0.2505180907083404
8.01992 0.2508578223203669
8.02112 0.2511975539323934
8.02233 0.2515372855444199
8.02354 0.2518770171564464
8.02474 0.25225072192967557
8.02595 0.25259045354170206
8.02716 0.25289621199252593
8.02836 0.25320197044334974
8.02957 0.25354170205537624
8.03078 0.2538134873449974
8.03198 0.2541192457958213
8.03319 0.25435705792423985
8.0344 0.2545948700526584
8.0356 0.2548326821810769
8.03681 0.25507049430949547
8.03802 0.2552743332767114
8.03922 0.25551214540512995
8.04043 0.2557499575335485
8.04164 0.25598776966196707
8.04285 0.25622558179038557
8.04405 0.2564973670800068
8.04526 0.2568031255308307
8.04647 0.2571088839816545
8.04767 0.257448615593681
8.04888 0.25782232036691016
8.05009 0.25816205197893666
8.05129 0.2585357567521658
8.0525 0.2589434346865976
8.05371 0.2593511126210294
8.05491 0.2597587905554612
8.05612 0.2601324953286903
8.05733 0.2605062001019195
8.05853 0.2608799048751486
8.05974 0.2612196364871751
8.06095 0.26155936809920166
8.06215 0.2618651265500255
8.06336 0.26217088500084934
8.06457 0.2624426702904705
8.06577 0.2626804824188891
8.06698 0.26291829454730764
8.06819 0.2631561066757262
8.0694 0.26339391880414476
8.0706 0.26363173093256326
8.07181 0.2639035162221845
8.07302 0.264141328350603
8.07422 0.26444708680142687
8.07543 0.2647188720910481
8.07664 0.2650586037030746
8.07784 0.2654323084763037
8.07905 0.2658060132495329
8.08026 0.26621369118396465
8.08146 0.26658739595719383
8.08267 0.2669950738916256
8.08388 0.26740275182605744
8.08508 0.2678104297604892
8.08629 0.26821810769492105
8.0875 0.2686257856293528
8.0887 0.268999490402582
8.08991 0.26933922201460847
8.09112 0.26967895362663497
8.09232 0.2699847120774588
8.09353 0.2702904705282827
8.09474 0.2705962289791065
8.09595 0.2709019874299304
8.09715 0.27113979955834894
8.09836 0.2714115848479701
8.09957 0.2716493969763887
8.10077 0.27192118226600986
8.10198 0.27222694071683373
8.10319 0.2724987260064549
8.10439 0.27280448445727873
8.1056 0.2731442160693052
8.10681 0.2734839476813318
8.10801 0.27382367929335827
8.10922 0.2741973840665874
8.11043 0.2746050620010192
8.11163 0.275012739935451
8.11284 0.2754204178698828
8.11405 0.2757941226431119
8.11525 0.27620180057754373
8.11646 0.27657550535077285
8.11767 0.2769831832852047
8.11888 0.27735688805843384
8.12008 0.27769661967046033
8.12129 0.2780363512824868
8.1225 0.2783760828945133
8.1237 0.2786818413453372
8.12491 0.278987599796161
8.12612 0.2792933582469849
8.12732 0.27959911669780874
8.12853 0.2799048751486326
8.12974 0.2802106335994564
8.13094 0.2805163920502803
8.13215 0.2808561236623068
8.13336 0.2811958552743333
8.13456 0.28153558688635977
8.13577 0.28190929165958895
8.13698 0.2823169695940207
8.13818 0.2826906743672499
8.13939 0.2830983523016817
8.1406 0.2835060302361135
8.1418 0.2839476813317479
8.14301 0.2843553592661797
8.14422 0.28479701036181415
8.14543 0.28520468829624596
8.14663 0.28561236623067776
8.14784 0.28598607100390694
8.14905 0.2863937489383387
8.15025 0.28676745371156787
8.15146 0.28710718532359436
8.15267 0.28744691693562086
8.15387 0.28778664854764735
8.15508 0.2880924069984712
8.15629 0.2883641922880924
8.15749 0.28866995073891627
8.1587 0.28894173602853745
8.15991 0.28924749447936127
8.16111 0.2895192797689825
8.16232 0.2897910650586037
8.16353 0.2900968235094275
8.16473 0.29043655512145405
8.16594 0.29077628673348055
8.16715 0.29114999150670967
8.16835 0.29152369627993885
8.16956 0.29193137421437065
8.17077 0.29233905214880246
8.17198 0.2927807032444369
8.17318 0.29325632750127395
8.17439 0.29373195175811107
8.1756 0.29424154917615086
8.1768 0.2947171734329879
8.17801 0.29519279768982504
8.17922 0.2956684219466621
8.18042 0.2961100730422966
8.18163 0.29655172413793107
8.18284 0.29699337523356545
8.18404 0.2974010531679973
8.18525 0.2978087311024291
8.18646 0.29818243587565824
8.18766 0.29855614064888736
8.18887 0.2988958722609139
8.19008 0.29926957703414303
8.19128 0.29964328180737215
8.19249 0.30001698658060133
8.1937 0.3004246645150331
8.1949 0.30079836928826226
8.19611 0.30120604722269406
8.19732 0.3016476983183285
8.19853 0.302089349413963
8.19973 0.30256497367080004
8.20094 0.3030745710888398
8.20215 0.3035501953456769
8.20335 0.304025819602514
8.20456 0.30453541702055376
8.20577 0.30501104127739087
8.20697 0.305486665534228
8.20818 0.3059962629522677
8.20939 0.3064718872091048
8.21059 0.3069135383047393
8.2118 0.307321216239171
8.21301 0.30772889417360283
8.21421 0.30813657210803463
8.21542 0.3085102768812638
8.21663 0.30888398165449293
8.21783 0.3092576864277221
8.21904 0.3095974180397486
8.22025 0.3099371496517751
8.22145 0.3102768812638016
8.22266 0.3106505860370307
8.22387 0.3110582639714626
8.22508 0.31146594190589433
8.22628 0.3118736198403262
8.22749 0.31231527093596056
8.2287 0.31275692203159505
8.2299 0.31323254628843217
8.23111 0.31377611686767454
8.23232 0.31431968744691696
8.23352 0.31486325802615933
8.23473 0.3154408017666044
8.23594 0.31598437234584675
8.23714 0.3165619160862918
8.23835 0.31710548666553423
8.23956 0.3176830304059793
8.24076 0.3182266009852217
8.24197 0.3187701715644641
8.24318 0.3192797689825038
8.24438 0.31978936640054356
8.24559 0.3202649906573807
8.2468 0.3207066417530151
8.248 0.3211482928486496
8.24921 0.32162391710548666
8.25042 0.3220655682011211
8.25163 0.32247324613555295
8.25283 0.3229148972311873
8.25404 0.3233565483268218
8.25525 0.3237981994224563
8.25645 0.32427382367929336
8.25766 0.3247834210973331
8.25887 0.32532699167657547
8.26007 0.3258705622558179
8.26128 0.3264141328350603
8.26249 0.3269916765755054
8.26369 0.32760319347715305
8.2649 0.32821471037880073
8.26611 0.3288602004416511
8.26731 0.32950569050450146
8.26852 0.3301511805673518
8.26973 0.3307966706302021
8.27093 0.3314081875318498
8.27214 0.33201970443349754
8.27335 0.3326312213351452
8.27455 0.3332427382367929
8.27576 0.333820281977238
8.27697 0.3343638525564804
8.27818 0.3349074231357228
8.27938 0.33541702055376255
8.28059 0.3358926448105996
8.2818 0.33640224222863935
8.283 0.3369118396466791
8.28421 0.3374214370647189
8.28542 0.337897061321556
8.28662 0.33840665873959574
8.28783 0.3389162561576355
8.28904 0.33942585357567523
8.29024 0.33996942415491765
8.29145 0.34054696789536265
8.29266 0.3411245116358077
8.29386 0.34170205537625276
8.29507 0.3422795991166978
8.29628 0.34289111601834554
8.29748 0.34353660608119585
8.29869 0.34414812298284353
8.2999 0.3447936130456939
8.3011 0.34543910310854425
8.30231 0.3460845931713946
8.30352 0.3466961100730423
8.30473 0.34730762697469
8.30593 0.3478851707151351
8.30714 0.34849668761678276
8.30835 0.34907423135722776
8.30955 0.3496517750976728
8.31076 0.35016137251571255
8.31197 0.350704943094955
8.31317 0.3512145405129947
8.31438 0.35172413793103446
8.31559 0.3522337353490742
8.31679 0.35277730592831663
8.318 0.3532869033463564
8.31921 0.3537965007643961
8.32041 0.35434007134363854
8.32162 0.3548836419228809
8.32283 0.35546118566332596
8.32403 0.356038729403771
8.32524 0.35665024630541875
8.32645 0.35726176320706643
8.32766 0.3578732801087141
8.32886 0.35851877017156447
8.33007 0.35913028707321215
8.33128 0.3597757771360625
8.33248 0.3604552403601155
8.33369 0.36110073042296587
8.3349 0.36174622048581623
8.3361 0.3623577373874639
8.33731 0.36296925428911164
8.33852 0.3635807711907593
8.33972 0.364192288092407
8.34093 0.364769831832852
8.34214 0.3653134024120944
8.34334 0.36589094615253953
8.34455 0.3664005435705793
8.34576 0.36691014098861896
8.34696 0.3674197384066587
8.34817 0.36792933582469844
8.34938 0.36847290640394087
8.35058 0.36901647698318324
8.35179 0.36959402072362835
8.353 0.37013759130287077
8.35421 0.37074910820451845
8.35541 0.37132665194496345
8.35662 0.37197214200781387
8.35783 0.3726516052318668
8.35903 0.3733650416171225
8.36024 0.37407847800237815
8.36145 0.37479191438763376
8.36265 0.37550535077288943
8.36386 0.3761848139969424
8.36507 0.37693222354340067
8.36627 0.37764565992865634
8.36748 0.378359096313912
8.36869 0.379038559537965
8.36989 0.37968404960081537
8.3711 0.38029556650246304
8.37231 0.3808731102429081
8.37351 0.38145065398335315
8.37472 0.3820281977237982
8.37593 0.3825717683030406
8.37713 0.383115338882283
8.37834 0.38362493630032274
8.37955 0.3841005605571598
8.38076 0.3846101579751996
8.38196 0.38511975539323934
8.38317 0.3856633259724817
8.38438 0.38620689655172413
8.38558 0.3867844402921692
8.38679 0.38736198403261424
8.388 0.3879735009342619
8.3892 0.3885850178359096
8.39041 0.38919653473755733
8.39162 0.3898420248004077
8.39282 0.3905214880244607
8.39403 0.3912009512485137
8.39524 0.39188041447256666
8.39644 0.392525904535417
8.39765 0.3931713945982674
8.39886 0.39378291149991507
8.40006 0.3944284015627654
8.40127 0.3950399184644131
8.40248 0.3956514353660608
8.40368 0.3961950059453032
8.40489 0.39677254968574827
8.4061 0.397282147103788
8.40731 0.39779174452182775
8.40851 0.3983013419398675
8.40972 0.39881093935790723
8.41093 0.39932053677594703
8.41213 0.3998301341939868
8.41334 0.4003057584508239
8.41455 0.4008153558688636
8.41575 0.401358926448106
8.41696 0.40186852386614574
8.41817 0.4024460676065908
8.41937 0.4029896381858332
8.42058 0.4035671819262783
8.42179 0.40414472566672327
8.42299 0.40475624256837095
8.4242 0.4053677594700187
8.42541 0.40601324953286905
8.42661 0.4066247664345167
8.42782 0.4072702564973671
8.42903 0.4079497197214201
8.43023 0.40859520978427044
8.43144 0.40924069984712075
8.43265 0.4098861899099711
8.43386 0.4105316799728215
8.43506 0.41117717003567184
8.43627 0.41182266009852214
8.43748 0.4124341770001698
8.43868 0.41307966706302024
8.43989 0.4136911839646679
8.4411 0.4143027008663156
8.4423 0.4148802446067607
8.44351 0.4154917615084084
8.44472 0.4160693052488534
8.44592 0.41668082215050106
8.44713 0.41725836589094617
8.44834 0.4178359096313912
8.44954 0.4184474265330389
8.45075 0.41902497027348395
8.45196 0.41963648717513163
8.45316 0.420281977237982
8.45437 0.4208934941396297
8.45558 0.42153898420248004
8.45678 0.4221844742653304
8.45799 0.42282996432818076
8.4592 0.42350942755223375
8.46041 0.42418889077628674
8.46161 0.42486835400033973
8.46282 0.42558179038559535
8.46403 0.4262612536096484
8.46523 0.4269067436724987
8.46644 0.42758620689655175
8.46765 0.42823169695940205
8.46885 0.4288771870222524
8.47006 0.4295226770851027
8.47127 0.43013419398675046
8.47247 0.4307117377271955
8.47368 0.43128928146764056
8.47489 0.4317988788856803
8.47609 0.43234244946492273
8.4773 0.43285204688296247
8.47851 0.4333616443010022
8.47971 0.4339052148802446
8.48092 0.434448785459487
8.48213 0.4349923560387294
8.48333 0.4355019534567691
8.48454 0.4360794971972142
8.48575 0.4366570409376593
8.48696 0.4373025310005096
8.48816 0.43794802106335995
8.48937 0.43862748428741294
8.49058 0.43934092067266856
8.49178 0.4400543570579243
8.49299 0.4407338202819773
8.4942 0.4414812298284356
8.4954 0.4421946662136912
8.49661 0.4429420757601495
8.49782 0.44368948530660773
8.49902 0.44440292169186346
8.50023 0.4450823849159164
8.50144 0.4457618481399694
8.50264 0.4463733650416171
8.50385 0.4470188551044675
8.50506 0.44759639884491254
8.50626 0.4482079157465602
8.50747 0.44878545948700527
8.50868 0.44932903006624764
8.50988 0.4498726006454901
8.51109 0.4503821980635298
8.5123 0.4509257686427722
8.51351 0.4515033123832172
8.51471 0.45211482928486496
8.51592 0.45272634618651264
8.51713 0.4533378630881604
8.51833 0.4539833531510107
8.51954 0.4546628163750637
8.52075 0.4553422795991167
8.52195 0.456089689145575
8.52316 0.4568370986920333
8.52437 0.4576184813996942
8.52557 0.45839986410735517
8.52678 0.45918124681501615
8.52799 0.45996262952267714
8.52919 0.460744012230338
8.5304 0.4615593680992017
8.53161 0.46234075080686254
8.53281 0.4631221335145235
8.53402 0.4638695430609818
8.53523 0.4645829794462375
8.53644 0.46526244267029043
8.53764 0.4659419058943434
8.53885 0.4665873959571938
8.54006 0.4672328860200442
8.54126 0.4678444029216919
8.54247 0.4684559198233396
8.54368 0.46906743672498724
8.54488 0.4696449804654323
8.54609 0.47018855104467466
8.5473 0.47076609478511977
8.5485 0.4713776116867675
8.54971 0.47198912858841513
8.55092 0.4726346186512655
8.55212 0.4732801087141158
8.55333 0.4739255987769662
8.55454 0.47460506200101915
8.55574 0.4752845252250722
8.55695 0.47599796161032787
8.55816 0.47674537115678617
8.55936 0.47749278070324447
8.56057 0.47827416341090534
8.56178 0.47902157295736364
8.56299 0.4797350093426193
8.56419 0.4804824188890776
8.5654 0.4812298284355359
8.56661 0.48194326482079164
8.56781 0.4826567012060472
8.56902 0.4833701375913028
8.57023 0.4840156276541533
8.57143 0.4846611177170036
8.57264 0.4852726346186512
8.57385 0.485884151520299
8.57505 0.48646169526074406
8.57626 0.48700526583998643
8.57747 0.4875828095804315
8.57867 0.4880924069984712
8.57988 0.48860200441651097
8.58109 0.48911160183455066
8.58229 0.48962119925259046
8.5835 0.4901647698318328
8.58471 0.4907083404110753
8.58591 0.4912519109903177
8.58712 0.4918294547307627
8.58833 0.4924409716324104
8.58954 0.49301851537285546
8.59074 0.49366400543570577
8.59195 0.49430949549855613
8.59316 0.4949889587226091
8.59436 0.49566842194666216
8.59557 0.4963818583319177
8.59678 0.49709529471717345
8.59798 0.49777475794122644
8.59919 0.4984542211652794
8.6004 0.4991336843893324
8.6016 0.49977917445218273
8.60281 0.5004246645150331
8.60402 0.5010361814166808
8.60522 0.5016137251571259
8.60643 0.5021233225751656
8.60764 0.5025989468320027
8.60884 0.5030405979276372
8.61005 0.5034822490232717
8.61126 0.5038899269577034
8.61246 0.5042636317309326
8.61367 0.5046373365041618
8.61488 0.5049770681161881
8.61609 0.5052828265670121
8.61729 0.5056225581790386
8.6185 0.5059283166298624
8.61971 0.506268048241889
8.62091 0.506641753015118
8.62212 0.5070154577883472
8.62333 0.5073891625615764
8.62453 0.5077968404960082
8.62574 0.5082045184304399
8.62695 0.5086121963648718
8.62815 0.5090538474605062
8.62936 0.5095294717173433
8.63057 0.5100050959741804
8.63177 0.5104807202310175
8.63298 0.5109563444878547
8.63419 0.5113979955834891
8.63539 0.5118396466791234
8.6366 0.512281297774758
8.63781 0.5126889757091897
8.63901 0.5130966536436216
8.64022 0.5135043315780533
8.64143 0.5138780363512825
8.64264 0.514217767963309
8.64384 0.5145574995753355
8.64505 0.5148632580261593
8.64626 0.5151690164769832
8.64746 0.515474774927807
8.64867 0.515780533378631
8.64988 0.5161202649906573
8.65108 0.5164260234414813
8.65229 0.5167657550535077
8.6535 0.5170715135043316
8.6547 0.5174452182775607
8.65591 0.5177849498895872
8.65712 0.518192627824019
8.65832 0.5185663325972482
8.65953 0.5190079836928826
8.66074 0.5194156616273145
8.66194 0.5198573127229489
8.66315 0.5202649906573806
8.66436 0.5207066417530151
8.66556 0.5211482928486496
8.66677 0.521589943944284
8.66798 0.5219976218787158
8.66919 0.5224392729743502
8.67039 0.5228469509087821
8.6716 0.5232206556820113
8.67281 0.5235943604552404
8.67401 0.5239680652284695
8.67522 0.524307796840496
8.67643 0.5246475284525225
8.67763 0.524987260064549
8.67884 0.5252930185153729
8.68005 0.5255987769661966
8.68125 0.525870562255818
8.68246 0.5261423475454391
8.68367 0.5264481059962629
8.68487 0.5267538644470868
8.68608 0.5270596228979106
8.68729 0.5273653813487346
8.68849 0.5276711397995584
8.6897 0.5280108714115849
8.69091 0.5283506030236114
8.69211 0.5287243077968404
8.69332 0.5291319857312723
8.69453 0.5295736368269067
8.69574 0.5300152879225413
8.69694 0.5304569390181756
8.69815 0.5309325632750127
8.69936 0.5314081875318498
8.70056 0.5318498386274843
8.70177 0.532359436045524
8.70298 0.5328350603023612
8.70418 0.5333446577204008
8.70539 0.5337863088160354
8.7066 0.5342279599116698
8.7078 0.5346356378461016
8.70901 0.5350433157805333
8.71022 0.5354170205537625
8.71142 0.535756752165789
8.71263 0.5360964837778155
8.71384 0.5364362153898421
8.71504 0.5367419738406658
8.71625 0.537013759130287
8.71746 0.5372855444199083
8.71866 0.5375573297095295
8.71987 0.537795141837948
8.72108 0.5380669271275692
8.72229 0.538372685578393
8.72349 0.5386784440292169
8.7247 0.5389842024800409
8.72591 0.5393239340920672
8.72711 0.5396296925428912
8.72832 0.5399694241549176
8.72953 0.540309155766944
8.73073 0.5406828605401733
8.73194 0.5410225921521997
8.73315 0.5413962969254289
8.73435 0.5417700016986581
8.73556 0.5420757601494819
8.73677 0.5423815186003057
8.73797 0.5426533038899269
8.73918 0.5429250891795482
8.74039 0.5431629013079667
8.74159 0.5434007134363853
8.7428 0.5436045524036012
8.74401 0.5437404450484118
8.74522 0.5438763376932224
8.74642 0.5439782571768303
8.74763 0.5440462034992356
8.74884 0.5441141498216409
8.75004 0.5441820961440461
8.75125 0.5442500424664515
8.75246 0.5443179887888568
8.75366 0.5443859351112621
8.75487 0.5444538814336675
8.75608 0.5445218277560727
8.75728 0.5446237472396807
8.75849 0.5447596398844913
8.7597 0.5449295056905045
8.7609 0.5451333446577203
8.76211 0.545371156786139
8.76332 0.5456089689145575
8.76452 0.5458807542041787
8.76573 0.5461525394937998
8.76694 0.5464582979446237
8.76814 0.5467980295566502
8.76935 0.5471377611686767
8.77056 0.5475114659419059
8.77177 0.547885170715135
8.77297 0.5482249023271616
8.77418 0.5485646339391881
8.77539 0.5489043655512145
8.77659 0.5492440971632411
8.7778 0.5495838287752676
8.77901 0.5499235603872941
8.78021 0.5502632919993206
8.78142 0.550603023611347
8.78263 0.5509087820621709
8.78383 0.5512145405129948
8.78504 0.5515542721250212
8.78625 0.5518600305758451
8.78745 0.5521997621878716
8.78866 0.5525734669611007
8.78987 0.5529131985731273
8.79107 0.553320876507559
8.79228 0.5536945812807882
8.79349 0.5541022592152199
8.79469 0.5545439103108544
8.7959 0.5549855614064889
8.79711 0.555461185663326
8.79832 0.5559707830813657
8.79952 0.5564803804994055
8.80073 0.5570239510786479
8.80194 0.5575675216578903
8.80314 0.5581110922371327
8.80435 0.5586886359775778
8.80556 0.5593001528792254
8.80676 0.5599116697808731
8.80797 0.5605231866825208
8.80918 0.5611686767453712
8.81038 0.5618141668082215
8.81159 0.5624256837098692
8.8128 0.5630711737727195
8.814 0.5637506369967725
8.81521 0.5643961270596229
8.81642 0.5650755902836759
8.81762 0.5657550535077289
8.81883 0.5664684898929845
8.82004 0.5671479531170376
8.82124 0.5678613895022931
8.82245 0.5685748258875488
8.82366 0.5693222354340072
8.82487 0.570103618141668
8.82607 0.5709189740105317
8.82728 0.5717343298793952
8.82849 0.5725836589094615
8.82969 0.573500934261933
8.8309 0.5744182096144046
8.83211 0.5754034312892814
8.83331 0.5764565992865636
8.83452 0.5776116867674538
8.83573 0.5787667742483439
8.83693 0.5799898080516392
8.83814 0.5812468150161372
8.83935 0.582537795141838
8.84055 0.5838287752675386
8.84176 0.585153728554442
8.84297 0.5865806013249533
8.84417 0.5879735009342619
8.84538 0.5893664005435706
8.84659 0.5907253269916766
8.84779 0.5919823339561746
8.849 0.5931713945982674
8.85021 0.5943264820791575
8.85142 0.5954136232376422
8.85262 0.5964667912349244
8.85383 0.5974180397485986
8.85504 0.5983013419398675
8.85624 0.5991166978087311
8.85745 0.5997961610327841
8.85866 0.6003737047732292
8.85986 0.6009172753524715
8.86107 0.6014268727705113
8.86228 0.601936470188551
8.86348 0.6024460676065907
8.86469 0.6029556650246305
8.8659 0.6033973161202649
8.8671 0.6038389672158995
8.86831 0.6043145914727366
8.86952 0.6047902157295737
8.87072 0.6052998131476134
8.87193 0.6058773568880584
8.87314 0.6064549006285035
8.87434 0.6070324443689485
8.87555 0.6076439612705962
8.87676 0.6082554781722439
8.87797 0.6088669950738916
8.87917 0.6094445388143367
8.88038 0.6100220825547817
8.88159 0.6106335994564295
8.88279 0.6112111431968744
8.884 0.6117886869373195
8.88521 0.612332257516562
8.88641 0.6128418549346016
8.88762 0.6133514523526414
8.88883 0.6138270766094786
8.89003 0.6143027008663157
8.89124 0.6147783251231528
8.89245 0.6152199762187872
8.89365 0.6156956004756242
8.89486 0.6161712247324613
8.89607 0.6166128758280958
8.89727 0.6170885000849329
8.89848 0.61756412434177
8.89969 0.6180397485986071
8.90089 0.6185153728554442
8.9021 0.6189909971122813
8.90331 0.6195005945303211
8.90452 0.6200101919483608
8.90572 0.6205537625276032
8.90693 0.621063359945643
8.90814 0.6215729573636827
8.90934 0.6221165279429252
8.91055 0.6226261253609648
8.91176 0.6231696959402072
8.91296 0.623679293358247
8.91417 0.6241888907762867
8.91538 0.6246984881943264
8.91658 0.6252080856123662
8.91779 0.6256837098692033
8.919 0.6261253609648377
8.9202 0.6266009852216748
8.92141 0.6270426363173094
8.92262 0.6274842874129438
8.92382 0.6278919653473756
8.92503 0.6282656701206047
8.92624 0.6286393748938339
8.92744 0.6289791065058604
8.92865 0.6293188381178868
8.92986 0.6296245965687107
8.93107 0.6299643281807372
8.93227 0.6303040597927637
8.93348 0.6306098182435876
8.93469 0.6309155766944113
8.93589 0.6311873619840327
8.9371 0.6314931204348564
8.93831 0.631832852046883
8.93951 0.6322065568201122
8.94072 0.6325802615933412
8.94193 0.6329879395277731
8.94313 0.6333956174622049
8.94434 0.6338372685578394
8.94555 0.6343128928146764
8.94675 0.6347885170715135
8.94796 0.6352641413283505
8.94917 0.635807711907593
8.95037 0.6363512824868354
8.95158 0.6369288262272804
8.95279 0.6375063699677256
8.954 0.6380839137081705
8.9552 0.6386614574486156
8.95641 0.6392050280278581
8.95762 0.639782571768303
8.95882 0.640360115508748
8.96003 0.6409376592491931
8.96124 0.6415152029896382
8.96244 0.6420587735688805
8.96365 0.642602344148123
8.96486 0.6431459147273654
8.96606 0.6436555121454051
8.96727 0.6441651095634449
8.96848 0.6447086801426872
8.96968 0.6452522507219296
8.97089 0.6457958213011721
8.9721 0.6463393918804144
8.9733 0.6469169356208595
8.97451 0.6474605062001019
8.97572 0.6480380499405469
8.97692 0.6486495668421947
8.97813 0.6492610837438424
8.97934 0.6499405469678954
8.98055 0.6505860370307457
8.98175 0.6512994734160014
8.98296 0.652012909801257
8.98417 0.6527263461865126
8.98537 0.6534397825717684
8.98658 0.6541871921182266
8.98779 0.6549685748258876
8.98899 0.6557499575335485
8.9902 0.6565653134024121
8.99141 0.657346696110073
8.99261 0.6581620519789367
8.99382 0.6589434346865976
8.99503 0.6597248173942586
8.99623 0.6605062001019195
8.99744 0.6612875828095804
8.99865 0.6620689655172414
8.99985 0.6628503482249023
9.00106 0.6635977577713607
9.00227 0.6643791404790216
9.00347 0.6650925768642773
9.00468 0.6658399864107355
9.00589 0.6665873959571939
9.0071 0.6673348055036521
9.0083 0.6680822150501103
9.00951 0.6688296245965687
9.01072 0.6696110073042296
9.01192 0.6703923900118907
9.01313 0.6711737727195516
9.01434 0.6719891285884152
9.01554 0.6728044844572787
9.01675 0.673653813487345
9.01796 0.6745031425174112
9.01916 0.6754204178698827
9.02037 0.6763037200611517
9.02158 0.6772549685748259
9.02278 0.6782062170885
9.02399 0.6791574656021743
9.0252 0.6801087141158485
9.0264 0.6810939357907253
9.02761 0.6821131306268048
9.02882 0.6831323254628844
9.03002 0.6841515202989639
9.03123 0.685204688296246
9.03244 0.6862238831323255
9.03365 0.6872770511296077
9.03485 0.6883302191268899
9.03606 0.6893833871241719
9.03727 0.6904365551214541
9.03847 0.6914897231187362
9.03968 0.6925768642772211
9.04089 0.6936640054357058
9.04209 0.6947511465941906
9.0433 0.6958382877526754
9.04451 0.6969594020723628
9.04571 0.6980465432308477
9.04692 0.6991676575505351
9.04813 0.7003227450314251
9.04933 0.7014778325123152
9.05054 0.7026668931544081
9.05175 0.7038559537965008
9.05295 0.7050789875997961
9.05416 0.7063020214030915
9.05537 0.707525055206387
9.05657 0.708782062170885
9.05778 0.7100390691353831
9.05899 0.7113300492610838
9.0602 0.7126210293867844
9.0614 0.7139459826736878
9.06261 0.7152709359605911
9.06382 0.7165619160862918
9.06502 0.7178868693731951
9.06623 0.7192118226600985
9.06744 0.7205367759470018
9.06864 0.7218617292339052
9.06985 0.7231866825208085
9.07106 0.7244776626465093
9.07226 0.7257686427722099
9.07347 0.7270596228979107
9.07468 0.7283166298624086
9.07588 0.7296076099881094
9.07709 0.7308306437914048
9.0783 0.7320876507559028
9.0795 0.7333446577204009
9.08071 0.7345676915236963
9.08192 0.7357907253269916
9.08312 0.7370137591302871
9.08433 0.7382028197723799
9.08554 0.7394258535756753
9.08675 0.7406488873789706
9.08795 0.7418719211822661
9.08916 0.743128928146764
9.09037 0.744385935111262
9.09157 0.7456769152369628
9.09278 0.7469339222014608
9.09399 0.7482588754883642
9.09519 0.7495498556140648
9.0964 0.7508748089009682
9.09761 0.7522337353490742
9.09881 0.7535926617971802
9.10002 0.7549855614064889
9.10123 0.7563784610157975
9.10243 0.7577713606251062
9.10364 0.7591302870732122
9.10485 0.7604892135213182
9.10605 0.7618481399694241
9.10726 0.7632070664175301
9.10847 0.7645659928656362
9.10967 0.7658909461525395
9.11088 0.7671819262782401
9.11209 0.768472906403941
9.1133 0.7697299133684389
9.1145 0.7709529471717343
9.11571 0.7721759809750297
9.11692 0.7733310684559198
9.11812 0.7745201290980125
9.11933 0.7756752165789027
9.12054 0.7768303040597928
9.12174 0.7779514183794802
9.12295 0.7790725326991677
9.12416 0.7801596738576525
9.12536 0.7812468150161372
9.12657 0.7823339561746221
9.12778 0.7834210973331068
9.12898 0.7845422116527943
9.13019 0.7856633259724817
9.1314 0.7867844402921692
9.1326 0.7879055546118566
9.13381 0.7890266689315442
9.13502 0.7901817564124342
9.13622 0.7913028707321216
9.13743 0.7924579582130117
9.13864 0.7936130456939018
9.13985 0.7947681331747919
9.14105 0.7959571938168847
9.14226 0.7971122812977748
9.14347 0.7982333956174622
9.14467 0.7993205367759469
9.14588 0.8004076779344318
9.14709 0.8014948190929165
9.14829 0.8025479870901987
9.1495 0.8035671819262782
9.15071 0.8045863767623578
9.15191 0.8055715984372346
9.15312 0.8065568201121115
9.15433 0.807474095464583
9.15553 0.8083913708170545
9.15674 0.8092746730083235
9.15795 0.8101579751995923
9.15915 0.8110412773908612
9.16036 0.8119585527433327
9.16157 0.8128418549346017
9.16278 0.8137251571258706
9.16398 0.8146424324783421
9.16519 0.8155257346696111
9.1664 0.8164090368608798
9.1676 0.8173263122133514
9.16881 0.818243587565823
9.17002 0.8191608629182946
9.17122 0.8201121114319687
9.17243 0.821063359945643
9.17364 0.8220146084593172
9.17484 0.8229318838117887
9.17605 0.8238831323254628
9.17726 0.8248004076779344
9.17846 0.8257516561916086
9.17967 0.8266689315440802
9.18088 0.8275862068965517
9.18208 0.8284695090878206
9.18329 0.8293867844402922
9.1845 0.8302700866315611
9.1857 0.8311194156616273
9.18691 0.8319687446916936
9.18812 0.8328180737217598
9.18933 0.8336334295906234
9.19053 0.834448785459487
9.19174 0.835230168167148
9.19295 0.8360455240360115
9.19415 0.8368269067436725
9.19536 0.8376082894513334
9.19657 0.8383896721589944
9.19777 0.8391710548666553
9.19898 0.8399184644131137
9.20019 0.8406998471207746
9.20139 0.841447256667233
9.2026 0.8421946662136912
9.20381 0.8429420757601495
9.20501 0.8436555121454051
9.20622 0.8444029216918634
9.20743 0.8451163580771192
9.20863 0.8458297944623747
9.20984 0.8465092576864277
9.21105 0.8471887209104807
9.21225 0.8478342109733311
9.21346 0.8485136741973841
9.21467 0.8491251910990317
9.21588 0.8497706811618821
9.21708 0.8503821980635298
9.21829 0.8509597418039748
9.2195 0.8515712587056226
9.2207 0.8521148292848649
9.22191 0.85269237302531
9.22312 0.8532359436045523
9.22432 0.8537455410225923
9.22553 0.854255138440632
9.22674 0.8547647358586716
9.22794 0.8552403601155089
9.22915 0.8556820112111432
9.23036 0.8561576354679803
9.23156 0.8565653134024122
9.23277 0.8570069644980465
9.23398 0.857448615593681
9.23518 0.8578562935281129
9.23639 0.8582639714625446
9.2376 0.8586376762357738
9.2388 0.8590453541702054
9.24001 0.8594190589434346
9.24122 0.859860710039069
9.24243 0.8603023611347036
9.24363 0.8607779853915406
9.24484 0.8612875828095805
9.24605 0.8617971802276202
9.24725 0.8623067776456599
9.24846 0.8628843213861049
9.24967 0.8634278919653473
9.25087 0.8640054357057924
9.25208 0.8646509257686428
9.25329 0.8652964158314931
9.25449 0.8659758790555462
9.2557 0.8666553422795991
9.25691 0.8673348055036522
9.25811 0.8679463224052998
9.25932 0.8685918124681502
9.26053 0.8691693562085953
9.26173 0.869780873110243
9.26294 0.8703584168506878
9.26415 0.8709359605911329
9.26535 0.8714795311703755
9.26656 0.8719891285884152
9.26777 0.8724987260064548
9.26898 0.8729743502632921
9.27018 0.8734160013589264
9.27139 0.8738576524545609
9.2726 0.8742993035501955
9.2738 0.8747069814846271
9.27501 0.8751826057414642
9.27622 0.8756242568370988
9.27742 0.8760998810939358
9.27863 0.8765415321895703
9.27984 0.8770171564464073
9.28104 0.8774927807032445
9.28225 0.8779684049600815
9.28346 0.8784440292169187
9.28466 0.8789196534737557
9.28587 0.8794292508917954
9.28708 0.8799388483098353
9.28828 0.880448445727875
9.28949 0.8809920163071173
9.2907 0.881501613725157
9.2919 0.8820112111431969
9.29311 0.8825208085612366
9.29432 0.883064379140479
9.29553 0.8835739765585187
9.29673 0.8840835739765586
9.29794 0.8846271445558009
9.29915 0.8851367419738406
9.30035 0.885680312553083
9.30156 0.8862238831323254
9.30277 0.8867674537115677
9.30397 0.8873110242908103
9.30518 0.8878545948700527
9.30639 0.8883981654492951
9.30759 0.8889417360285374
9.3088 0.8894853066077798
9.31001 0.8899949040258195
9.31121 0.8905384746050619
9.31242 0.8910480720231018
9.31363 0.8915576694411415
9.31483 0.8920672668591811
9.31604 0.892576864277221
9.31725 0.8930864616952607
9.31845 0.8935281127908953
9.31966 0.8940037370477323
9.32087 0.8944453881433668
9.32208 0.8948870392390011
9.32328 0.8953286903346356
9.32449 0.8958043145914728
9.3257 0.8962459656871071
9.3269 0.8966876167827417
9.32811 0.8971632410395787
9.32932 0.8976048921352132
9.33052 0.8980465432308476
9.33173 0.8985221674876847
9.33294 0.8989977917445219
9.33414 0.8994734160013589
9.33535 0.8999830134193986
9.33656 0.9004926108374385
9.33776 0.9010361814166808
9.33897 0.9015797519959232
9.34018 0.9020893494139629
9.34138 0.9025989468320028
9.34259 0.9031085442500425
9.3438 0.9036181416680822
9.345 0.9041277390861219
9.34621 0.9046373365041618
9.34742 0.9051129607609988
9.34863 0.905588585017836
9.34983 0.906064209274673
9.35104 0.9065058603703074
9.35225 0.9068795651435366
9.35345 0.9072872430779685
9.35466 0.9076609478511977
9.35587 0.9080346526244267
9.35707 0.9083743842364532
9.35828 0.9087480890096824
9.35949 0.9090878206217088
9.36069 0.909461525394938
9.3619 0.9098012570069645
9.36311 0.9101409886189911
9.36431 0.9104807202310176
9.36552 0.910820451843044
9.36673 0.9111941566162731
9.36793 0.9115678613895023
9.36914 0.9119415661627315
9.37035 0.9123492440971632
9.37155 0.9127569220315951
9.37276 0.9131645999660267
9.37397 0.9135722779004586
9.37518 0.9140139289960931
9.37638 0.9144216069305249
9.37759 0.9148632580261592
9.3788 0.9153049091217937
9.38 0.9157465602174283
9.38121 0.9161882113130626
9.38242 0.9165958892474945
9.38362 0.9170375403431289
9.38483 0.9174112451163581
9.38604 0.9178189230507899
9.38724 0.918192627824019
9.38845 0.9185663325972482
9.38966 0.9189400373704774
9.39086 0.9192797689825039
9.39207 0.9196195005945302
9.39328 0.9199252590453543
9.39448 0.9201970443349753
9.39569 0.9204688296245966
9.3969 0.9207406149142177
9.39811 0.9209784270426363
9.39931 0.9212162391710549
9.40052 0.9214540512994736
9.40173 0.9217258365890946
9.40293 0.9219976218787159
9.40414 0.9222354340071343
9.40535 0.9224732461355529
9.40655 0.9227450314251742
9.40776 0.9229828435535926
9.40897 0.9232546288432139
9.41017 0.9235603872940377
9.41138 0.9238321725836589
9.41259 0.9241379310344827
9.41379 0.9244776626465092
9.415 0.9247834210973331
9.41621 0.925089179548157
9.41741 0.9253949379989809
9.41862 0.9257006964498047
9.41983 0.9259724817394259
9.42103 0.926244267029047
9.42224 0.9265160523186683
9.42345 0.9267878376082894
9.42466 0.927025649736708
9.42586 0.9272634618651266
9.42707 0.9274673008323425
9.42828 0.9276371666383557
9.42948 0.9277730592831663
9.43069 0.9279089519279768
9.4319 0.9280108714115849
9.4331 0.9281127908951927
9.43431 0.9281807372175981
9.43552 0.9282486835400033
9.43672 0.928282656701206
9.43793 0.9283166298624087
9.43914 0.9283506030236114
9.44034 0.9283166298624087
9.44155 0.9283166298624087
9.44276 0.928282656701206
9.44396 0.9282486835400033
9.44517 0.9282147103788008
9.44638 0.9281807372175981
9.44758 0.9281127908951927
9.44879 0.9280448445727876
9.45 0.9279768982503822
9.45121 0.9278749787667742
9.45241 0.9277730592831663
9.45362 0.9276711397995584
9.45483 0.9275692203159503
9.45603 0.9274673008323425
9.45724 0.9273314081875318
9.45845 0.9271955155427213
9.45965 0.927025649736708
9.46086 0.9268557839306948
9.46207 0.9266859181246816
9.46327 0.9264820791574656
9.46448 0.9262782401902497
9.46569 0.9260744012230337
9.46689 0.9258365890946152
9.4681 0.9255987769661967
9.46931 0.9253269916765755
9.47051 0.9250552063869543
9.47172 0.9247494479361305
9.47293 0.924409716324104
9.47413 0.9240699847120776
9.47534 0.9237302531000509
9.47655 0.9233565483268217
9.47776 0.9230168167147953
9.47896 0.9226431119415661
9.48017 0.9222694071683369
9.48138 0.9218957023951079
9.48258 0.9215219976218787
9.48379 0.9211143196874468
9.485 0.9207406149142177
9.4862 0.9203329369797859
9.48741 0.9199592322065567
9.48862 0.9195855274333276
9.48982 0.9192457958213012
9.49103 0.918872091048072
9.49224 0.9185323594360455
9.49344 0.9181586546628163
9.49465 0.9178189230507899
9.49586 0.9174452182775608
9.49706 0.9171054866655343
9.49827 0.9167317818923052
9.49948 0.9163920502802785
9.50068 0.9160183455070494
9.50189 0.9156786138950229
9.5031 0.9152709359605911
9.50431 0.9148972311873619
9.50551 0.9144555800917276
9.50672 0.9140139289960931
9.50793 0.9135722779004586
9.50913 0.9130966536436216
9.51034 0.9126210293867844
9.51155 0.9121114319687447
9.51275 0.911601834550705
9.51396 0.9110242908102599
9.51517 0.9104467470698149
9.51637 0.9098352301681671
9.51758 0.9091897401053168
9.51879 0.9085442500424664
9.51999 0.907898759979616
9.5212 0.9072192967555631
9.52241 0.9065738066927127
9.52361 0.9058943434686597
9.52482 0.9052148802446068
9.52603 0.9045354170205537
9.52723 0.9038559537965007
9.52844 0.9031764905724476
9.52965 0.9024970273483948
9.53086 0.901885510446747
9.53206 0.9012400203838967
9.53327 0.9006624766434517
9.53448 0.9000849329030066
9.53568 0.8995073891625616
9.53689 0.8989298454221165
9.5381 0.8983862748428741
9.5393 0.8978087311024291
9.54051 0.897231187361984
9.54172 0.8966876167827417
9.54292 0.8961440462034993
9.54413 0.8956004756242569
9.54534 0.8950229318838119
9.54654 0.8944453881433668
9.54775 0.8938678444029218
9.54896 0.8932223543400712
9.55016 0.892576864277221
9.55137 0.8919313742143706
9.55258 0.8912519109903178
9.55378 0.8905384746050619
9.55499 0.8898250382198063
9.5562 0.889077628673348
9.55741 0.8883641922880924
9.55861 0.8875828095804315
9.55982 0.8868014268727704
9.56103 0.885986071003907
9.56223 0.8851707151350433
9.56344 0.8843553592661797
9.56465 0.8835739765585187
9.56585 0.8827586206896553
9.56706 0.8819772379819942
9.56827 0.8811958552743333
9.56947 0.8804144725666723
9.57068 0.8796330898590113
9.57189 0.8788517071513503
9.57309 0.8781042976048921
9.5743 0.8773908612196365
9.57551 0.8767113979955835
9.57671 0.8760319347715304
9.57792 0.8754204178698829
9.57913 0.8748089009682352
9.58033 0.8741973840665874
9.58154 0.8736198403261423
9.58275 0.8730762697468999
9.58396 0.8725326991676575
9.58516 0.8720231017496178
9.58637 0.871513504331578
9.58758 0.8710718532359436
9.58878 0.8705962289791065
9.58999 0.8701545778834722
9.5912 0.8697129267878376
9.5924 0.8692712756922031
9.59361 0.8687956514353661
9.59482 0.8683540003397315
9.59602 0.8679123492440971
9.59723 0.8674367249872601
9.59844 0.8669950738916256
9.59964 0.8665534227959912
9.60085 0.866077798539154
9.60206 0.8656361474435197
9.60326 0.8651605231866825
9.60447 0.8646509257686428
9.60568 0.8641753015118057
9.60689 0.863665704093766
9.60809 0.8631900798369287
9.6093 0.8627484287412944
9.61051 0.8623067776456599
9.61171 0.861899099711228
9.61292 0.8614574486155937
9.61413 0.8610837438423646
9.61533 0.8606760659079328
9.61654 0.8603363342959063
9.61775 0.8599966026838797
9.61895 0.8596908442330559
9.62016 0.8594530321046373
9.62137 0.8592491931374213
9.62257 0.8590793273314081
9.62378 0.8589434346865976
9.62499 0.858807542041787
9.62619 0.858705622558179
9.6274 0.8586037030745711
9.62861 0.8585357567521658
9.62981 0.8584678104297606
9.63102 0.8584338372685579
9.63223 0.8583998641073552
9.63344 0.8583658909461526
9.63464 0.8583658909461526
9.63585 0.8583319177849499
9.63706 0.8582639714625446
9.63826 0.8581960251401393
9.63947 0.8580941056565314
9.64068 0.8579921861729234
9.64188 0.8578902666893156
9.64309 0.8577883472057075
9.6443 0.8576524545608969
9.6455 0.8575505350772888
9.64671 0.857448615593681
9.64792 0.8573127229488705
9.64912 0.8572108034652623
9.65033 0.8570749108204518
9.65154 0.8569390181756413
9.65274 0.8568370986920333
9.65395 0.856769152369628
9.65516 0.8567351792084253
9.65636 0.8567012060472227
9.65757 0.8567351792084253
9.65878 0.856769152369628
9.65999 0.8568031255308306
9.66119 0.8569050450144386
9.6624 0.8569729913368438
9.66361 0.8571088839816545
9.66481 0.8572108034652623
9.66602 0.8573806692712757
9.66723 0.8575505350772888
9.66843 0.8577543740445048
9.66964 0.8579582130117207
9.67085 0.8581620519789366
9.67205 0.8583658909461526
9.67326 0.8585697299133684
9.67447 0.8587395957193816
9.67567 0.8589434346865976
9.67688 0.8591133004926108
9.67809 0.859283166298624
9.67929 0.8594530321046373
9.6805 0.8596228979106505
9.68171 0.8597927637166639
9.68291 0.8599286563614744
9.68412 0.8600985221674877
9.68533 0.8602344148122982
9.68654 0.8603363342959063
9.68774 0.8605062001019196
9.68895 0.8606420927467301
9.69016 0.8608119585527433
9.69136 0.8609818243587566
9.69257 0.8612196364871751
9.69378 0.861423475454391
9.69498 0.8616612875828097
9.69619 0.861899099711228
9.6974 0.8621708850008494
9.6986 0.8624426702904704
9.69981 0.8627484287412944
9.70102 0.8630541871921182
9.70222 0.8633939188041446
9.70343 0.8637676235773738
9.70464 0.8641753015118057
9.70584 0.8645490062850347
9.70705 0.8649566842194666
9.70826 0.8653643621538984
9.70946 0.8657720400883303
9.71067 0.8662136911839646
9.71188 0.8666213691183964
9.71309 0.8670630202140309
9.71429 0.8675046713096655
9.7155 0.8679802955665025
9.71671 0.868421946662137
9.71791 0.8688635977577713
9.71912 0.8693392220146084
9.72033 0.869780873110243
9.72153 0.87025649736708
9.72274 0.8706981484627145
9.72395 0.8711737727195515
9.72515 0.8716493969763888
9.72636 0.8720910480720231
9.72757 0.8725666723288602
9.72877 0.8730422965856972
9.72998 0.8735179208425344
9.73119 0.8739595719381688
9.73239 0.874435196195006
9.7336 0.874910820451843
9.73481 0.8753864447086802
9.73601 0.8758620689655172
9.73722 0.8763376932223543
9.73843 0.8768133174791914
9.73964 0.8773229148972312
9.74084 0.8777985391540682
9.74205 0.8783081365721079
9.74326 0.8788177339901478
9.74446 0.8793273314081875
9.74567 0.8798369288262272
9.74688 0.8803804994054696
9.74808 0.8809580431459146
9.74929 0.8815355868863597
9.7505 0.8821131306268047
9.7517 0.8826906743672499
9.75291 0.8833021912688976
9.75412 0.8838797350093427
9.75532 0.8844912519109904
9.75653 0.8851367419738406
9.75774 0.885782232036691
9.75894 0.8864277220995413
9.76015 0.8870732121623918
9.76136 0.887718702225242
9.76256 0.8883981654492951
9.76377 0.8890436555121454
9.76498 0.8897231187361985
9.76619 0.8903686087990487
9.76739 0.8910140988618991
9.7686 0.8916935620859521
9.76981 0.8923730253100052
9.77101 0.8930185153728554
9.77222 0.8936979785969085
9.77343 0.8943774418209615
9.77463 0.895090878206217
9.77584 0.8957703414302701
9.77705 0.8964498046543231
9.77825 0.8971632410395787
9.77946 0.8978766774248345
9.78067 0.89859011381009
9.78187 0.8993035501953457
9.78308 0.9000509597418039
9.78429 0.9007983692882623
9.78549 0.9015457788347205
9.7867 0.9023271615423816
9.78791 0.9030745710888398
9.78911 0.9038559537965007
9.79032 0.9046373365041618
9.79153 0.9054187192118227
9.79274 0.9062001019194835
9.79394 0.9069814846271445
9.79515 0.9077628673348055
9.79636 0.9085442500424664
9.79756 0.9093596059113301
9.79877 0.9101409886189911
9.79998 0.9109223713266519
9.80118 0.9117037540343128
9.80239 0.9124851367419738
9.8036 0.9132325462884321
9.8048 0.9140139289960931
9.80601 0.9147613385425514
9.80722 0.9155427212502124
9.80842 0.9162901307966707
9.80963 0.9170375403431289
9.81084 0.9177849498895873
9.81204 0.9184983862748428
9.81325 0.9192118226600985
9.81446 0.9199592322065567
9.81567 0.9206726685918125
9.81687 0.9213521318158655
9.81808 0.9220655682011211
9.81929 0.9227790045863766
9.82049 0.9234584678104297
9.8217 0.9241719041956854
9.82291 0.9248513674197385
9.82411 0.9255308306437914
9.82532 0.9262102938678444
9.82653 0.9268557839306948
9.82773 0.9275352471547477
9.82894 0.9282147103788008
9.83015 0.9288941736028538
9.83135 0.9295736368269066
9.83256 0.930219126889757
9.83377 0.93089859011381
9.83497 0.9315780533378631
9.83618 0.9322235434007133
9.83739 0.9329030066247664
9.83859 0.9335484966876167
9.8398 0.9341939867504672
9.84101 0.9348394768133176
9.84222 0.9354849668761678
9.84342 0.9361304569390182
9.84463 0.9367759470018685
9.84584 0.9373874639035162
9.84704 0.937998980805164
9.84825 0.9386104977068117
9.84946 0.9392220146084592
9.85066 0.9397995583489043
9.85187 0.9403771020893493
9.85308 0.9409546458297945
9.85428 0.9415321895702395
9.85549 0.9421097333106846
9.8567 0.942653303889927
9.8579 0.943230847630372
9.85911 0.9437744182096144
9.86032 0.9443519619500594
9.86152 0.9448955325293018
9.86273 0.9454391031085442
9.86394 0.9459826736877865
9.86514 0.9465262442670291
9.86635 0.9470698148462715
9.86756 0.9476473585867166
9.86877 0.9482249023271616
9.86997 0.948768472906404
9.87118 0.949346016646849
9.87239 0.9499235603872941
9.87359 0.950501104127739
9.8748 0.9510786478681841
9.87601 0.9516561916086291
9.87721 0.9522337353490742
9.87842 0.9528112790895192
9.87963 0.9533888228299643
9.88083 0.9539663665704093
9.88204 0.9545439103108544
9.88325 0.9551214540512994
9.88445 0.9556650246305418
9.88566 0.9562425683709869
9.88687 0.9567861389502292
9.88807 0.9573297095294717
9.88928 0.9578732801087141
9.89049 0.9584168506879566
9.89169 0.9589264481059963
9.8929 0.9594360455240359
9.89411 0.9599456429420757
9.89532 0.9604212671989129
9.89652 0.9608968914557499
9.89773 0.9613725157125871
9.89894 0.9618481399694241
9.90014 0.9622897910650586
9.90135 0.9627314421606932
9.90256 0.9631391200951248
9.90376 0.9635467980295566
9.90497 0.9639205028027857
9.90618 0.9642602344148123
9.90738 0.9645999660268388
9.90859 0.9649396976388653
9.9098 0.965245456089689
9.911 0.9655512145405131
9.91221 0.9658229998301342
9.91342 0.9660947851197554
9.91462 0.9663665704093766
9.91583 0.9666043825377951
9.91704 0.9668421946662137
9.91824 0.9670800067946324
9.91945 0.967283845761848
9.92066 0.967487684729064
9.92187 0.9676915236962799
9.92307 0.9679293358246984
9.92428 0.9681331747919144
9.92549 0.968370986920333
9.92669 0.9686087990487514
9.9279 0.96884661117717
9.92911 0.969050450144386
9.93031 0.9692882622728045
9.93152 0.9694921012400204
9.93273 0.9696619670460337
9.93393 0.9698658060132496
9.93514 0.9700696449804654
9.93635 0.9702395107864787
9.93755 0.9704433497536946
9.93876 0.9705792423985051
9.93997 0.9707491082045184
9.94117 0.9708510276881265
9.94238 0.9709189740105316
9.94359 0.970986920332937
9.94479 0.9710208934941397
9.946 0.9710548666553422
9.94721 0.9710208934941397
9.94842 0.9710208934941397
9.94962 0.9709529471717343
9.95083 0.9708850008493289
9.95204 0.9707830813657211
9.95324 0.9706811618821131
9.95445 0.9705452692373024
9.95566 0.9703754034312893
9.95686 0.9701715644640734
9.95807 0.9699677254968574
9.95928 0.9697638865296415
9.96048 0.9695600475624256
9.96169 0.9693562085952097
9.9629 0.9691183964667913
9.9641 0.9688805843383727
9.96531 0.9686427722099541
9.96652 0.968370986920333
9.96772 0.9680992016307117
9.96893 0.9678613895022931
9.97014 0.967589604212672
9.97134 0.9673178189230507
9.97255 0.9670800067946324
9.97376 0.966808221505011
9.97497 0.9665364362153898
9.97617 0.9662646509257686
9.97738 0.9660268387973501
9.97859 0.9657210803465263
9.97979 0.965449295056905
9.981 0.9651435366060812
9.98221 0.9648377781552573
9.98341 0.9644980465432308
9.98462 0.964192288092407
9.98583 0.9638525564803806
9.98703 0.9635128248683539
9.98824 0.9631730932563275
9.98945 0.9627993884830983
9.99065 0.9623917105486665
9.99186 0.9619840326142348
9.99307 0.961576354679803
9.99427 0.9611347035841685
9.99548 0.9606590793273315
9.99669 0.960217428231697
9.99789 0.9597418039748598
9.9991 0.9592661797180227
10.00031 0.9588245286223882
10.00152 0.9583489043655512
10.00272 0.9578393069475115
10.00393 0.9573636826906744
10.00514 0.9568540852726346
10.00634 0.9563444878545948
10.00755 0.9558688635977578
10.00876 0.9553932393409208
10.00996 0.9548836419228809
10.01117 0.9544080176660439
10.01238 0.9539323934092067
10.01358 0.9534907423135723
10.01479 0.9530151180567351
10.016 0.9525394937998981
10.0172 0.952063869543061
10.01841 0.9516222184474267
10.01962 0.9511465941905894
10.02082 0.9507049430949549
10.02203 0.9502293188381179
10.02324 0.9497876677424834
10.02445 0.949346016646849
10.02565 0.9489043655512146
10.02686 0.9484287412943774
10.02807 0.947987090198743
10.02927 0.9475454391031085
10.03048 0.947103788007474
10.03169 0.9466621369118396
10.03289 0.9462204858162052
10.0341 0.9457788347205708
10.03531 0.9453371836249364
10.03651 0.9448955325293018
10.03772 0.94448785459487
10.03893 0.9440462034992356
10.04013 0.9436045524036012
10.04134 0.9431968744691693
10.04255 0.942755223373535
10.04375 0.9423475454391032
10.04496 0.9419398675046713
10.04617 0.9415321895702395
10.04737 0.9411245116358077
10.04858 0.9407168337013758
10.04979 0.9403431289281466
10.051 0.9399694241549176
10.0522 0.9395617462204857
10.05341 0.9392220146084592
10.05462 0.9388483098352302
10.05582 0.9385085782232037
10.05703 0.9381688466111772
10.05824 0.9378630881603535
10.05944 0.9375913028707321
10.06065 0.9372855444199083
10.06186 0.9370477322914897
10.06306 0.9367759470018685
10.06427 0.9365381348734501
10.06548 0.9363342959062342
10.06668 0.9361304569390182
10.06789 0.9359266179718023
10.0691 0.9357567521657891
10.0703 0.9356208595209784
10.07151 0.9354849668761678
10.07272 0.9353490742313573
10.07392 0.9352131815865468
10.07513 0.9351112621029387
10.07634 0.9350433157805333
10.07755 0.9349413962969254
10.07875 0.9348394768133176
10.07996 0.9347715304909122
10.08117 0.9347035841685069
10.08237 0.9346696110073042
10.08358 0.9346356378461016
10.08479 0.9345676915236962
10.08599 0.9345676915236962
10.0872 0.9345337183624935
10.08841 0.9344997452012909
10.08961 0.9344997452012909
10.09082 0.9344997452012909
10.09203 0.9344997452012909
10.09323 0.9344997452012909
10.09444 0.9345337183624935
10.09565 0.9345676915236962
10.09685 0.9346016646848989
10.09806 0.9346356378461016
10.09927 0.9346696110073042
10.10047 0.9347035841685069
10.10168 0.9347715304909122
10.10289 0.9348394768133176
10.1041 0.9349074231357227
10.1053 0.9349753694581281
10.10651 0.935077288941736
10.10772 0.9351792084253441
10.10892 0.9352811279089519
10.11013 0.93538304739256
10.11134 0.9354849668761678
10.11254 0.9356208595209784
10.11375 0.9357567521657891
10.11496 0.9358926448105996
10.11616 0.9360625106166128
10.11737 0.9362323764226261
10.11858 0.936436215389842
10.11978 0.9366400543570579
10.12099 0.9368438933242739
10.1222 0.9370817054526924
10.1234 0.9373195175811109
10.12461 0.9375573297095294
10.12582 0.9378291149991508
10.12702 0.9380669271275691
10.12823 0.9383387124171905
10.12944 0.9386104977068117
10.13065 0.9388822829964328
10.13185 0.9391540682860541
10.13306 0.9394598267368779
10.13427 0.9397316120264991
10.13547 0.9400033973161203
10.13668 0.9402751826057415
10.13789 0.94051299473416
10.13909 0.9407847800237812
10.1403 0.9410225921521999
10.14151 0.9412943774418209
10.14271 0.9415321895702395
10.14392 0.9417700016986581
10.14513 0.9420078138270767
10.14633 0.9422456259554951
10.14754 0.9424834380839137
10.14875 0.9427212502123323
10.14995 0.9429250891795482
10.15116 0.9431629013079667
10.15237 0.9433667402751825
10.15357 0.9435705792423985
10.15478 0.9438083913708171
10.15599 0.9440122303380329
10.1572 0.9442160693052489
10.1584 0.9444538814336675
10.15961 0.9446577204008832
10.16082 0.9448955325293018
10.16202 0.9450993714965177
10.16323 0.9453032104637337
10.16444 0.9455070494309495
10.16564 0.9457108883981654
10.16685 0.9458807542041787
10.16806 0.9460506200101919
10.16926 0.9462204858162052
10.17047 0.9463563784610157
10.17168 0.9465262442670291
10.17288 0.9466621369118396
10.17409 0.9467980295566503
10.1753 0.9468999490402583
10.1765 0.9470358416850688
10.17771 0.947103788007474
10.17892 0.947205707491082
10.18012 0.9472736538134874
10.18133 0.9473416001358926
10.18254 0.9473755732970953
10.18375 0.9474435196195007
10.18495 0.9474774927807034
10.18616 0.9475454391031085
10.18737 0.9476133854255139
10.18857 0.9476473585867166
10.18978 0.9477153049091217
10.19099 0.9477492780703244
10.19219 0.9477832512315271
10.1934 0.9478172243927298
10.19461 0.947885170715135
10.19581 0.9479191438763377
10.19702 0.947987090198743
10.19823 0.9480210633599457
10.19943 0.9480890096823509
10.20064 0.9481569560047562
10.20185 0.9481909291659589
10.20305 0.9482588754883641
10.20426 0.9482928486495668
10.20547 0.9483268218107694
10.20667 0.9483947681331748
10.20788 0.9484287412943774
10.20909 0.9484287412943774
10.2103 0.9484627144555801
10.2115 0.9484966876167827
10.21271 0.9484966876167827
10.21392 0.9485306607779854
10.21512 0.9485306607779854
10.21633 0.9484966876167827
10.21754 0.9484966876167827
10.21874 0.9484627144555801
10.21995 0.9484287412943774
10.22116 0.9483947681331748
10.22236 0.9483607949719721
10.22357 0.9482928486495668
10.22478 0.9482249023271616
10.22598 0.9481569560047562
10.22719 0.9480550365211482
10.2284 0.9479531170375404
10.2296 0.9478172243927298
10.23081 0.947681331747919
10.23202 0.9475454391031085
10.23323 0.947409546458298
10.23443 0.9472396806522847
10.23564 0.9470358416850688
10.23685 0.946832002717853
10.23805 0.9465941905894343
10.23926 0.9463224052998133
10.24047 0.9460506200101919
10.24167 0.9457788347205708
10.24288 0.9454730762697469
10.24409 0.9451333446577204
10.24529 0.9448275862068967
10.2465 0.9444538814336675
10.24771 0.9441141498216409
10.24891 0.9437404450484117
10.25012 0.9433327671139798
10.25133 0.9429250891795482
10.25253 0.9424834380839137
10.25374 0.9420757601494819
10.25495 0.9416341090538476
10.25615 0.9412264311194157
10.25736 0.9408187531849839
10.25857 0.9403771020893493
10.25978 0.9399694241549176
10.26098 0.9395277730592833
10.26219 0.9391200951248514
10.2634 0.9387124171904195
10.2646 0.9382707660947851
10.26581 0.9378630881603535
10.26702 0.9374554102259216
10.26822 0.9370477322914897
10.26943 0.9366740275182606
10.27064 0.9363003227450315
10.27184 0.9358926448105996
10.27305 0.9355189400373705
10.27426 0.9351452352641414
10.27546 0.9347375573297095
10.27667 0.9343298793952777
10.27788 0.9339222014608458
10.27908 0.9335145235264142
10.28029 0.9331068455919824
10.2815 0.9326991676575506
10.2827 0.932257516561916
10.28391 0.9318158654662817
10.28512 0.9313742143706472
10.28633 0.9309325632750127
10.28753 0.9304569390181757
10.28874 0.9299813147613385
10.28995 0.9295056905045015
10.29115 0.9289960930864618
10.29236 0.9284864956684219
10.29357 0.9279768982503822
10.29477 0.9274673008323425
10.29598 0.9269577034143026
10.29719 0.9264481059962629
10.29839 0.9259385085782232
10.2996 0.925462884321386
10.30081 0.9249532869033463
10.30201 0.9244436894853066
10.30322 0.9239340920672668
10.30443 0.923424494649227
10.30563 0.9229148972311874
10.30684 0.9224052998131476
10.30805 0.9219296755563106
10.30925 0.9214540512994736
10.31046 0.9209444538814336
10.31167 0.9204688296245966
10.31288 0.9199932053677594
10.31408 0.9195175811109224
10.31529 0.9190419568540852
10.3165 0.9185663325972482
10.3177 0.918090708340411
10.31891 0.9175811109223713
10.32012 0.9170715135043316
10.32132 0.9165619160862918
10.32253 0.9160523186682521
10.32374 0.9155427212502124
10.32494 0.9150331238321726
10.32615 0.9144895532529301
10.32736 0.9139799558348904
10.32856 0.9134363852556481
10.32977 0.9129267878376084
10.33098 0.9123832172583659
10.33218 0.9118396466791235
10.33339 0.9112960760998811
10.3346 0.9107864786818414
10.3358 0.910242908102599
10.33701 0.9097333106845592
10.33822 0.9092237132665194
10.33943 0.9087480890096824
10.34063 0.9082724647528452
10.34184 0.9077968404960082
10.34305 0.907321216239171
10.34425 0.9068795651435366
10.34546 0.9064379140479021
10.34667 0.9059962629522677
10.34787 0.9055546118566333
10.34908 0.9051469339222015
10.35029 0.9047392559877696
10.35149 0.9043315780533377
10.3527 0.903923900118906
10.35391 0.9035501953456768
10.35511 0.9031764905724476
10.35632 0.9028027857992186
10.35753 0.9023951078647869
10.35873 0.9020214030915578
10.35994 0.9016476983183286
10.36115 0.9012400203838967
10.36235 0.900832342449465
10.36356 0.9004586376762358
10.36477 0.9000509597418039
10.36598 0.8996432818073722
10.36718 0.899269577034143
10.36839 0.8988618990997111
10.3696 0.898488194326482
10.3708 0.8981144895532529
10.37201 0.897706811618821
10.37322 0.8972991336843894
10.37442 0.8969254289111602
10.37563 0.8965517241379312
10.37684 0.8961440462034993
10.37804 0.8958043145914728
10.37925 0.8954306098182436
10.38046 0.895090878206217
10.38166 0.8947511465941905
10.38287 0.8944453881433668
10.38408 0.8941056565313403
10.38528 0.8937998980805164
10.38649 0.8934941396296926
10.3877 0.8932223543400712
10.3889 0.8929505690504502
10.39011 0.8927127569220316
10.39132 0.8925089179548157
10.39253 0.8922711058263971
10.39373 0.8920672668591811
10.39494 0.891897401053168
10.39615 0.8917275352471548
10.39735 0.8915916426023441
10.39856 0.8914897231187361
10.39977 0.891421776796331
10.40097 0.8913878036351283
10.40218 0.8913878036351283
10.40339 0.8913878036351283
10.40459 0.8914557499575336
10.4058 0.8915236962799388
10.40701 0.8916256157635468
10.40821 0.8917615084083574
10.40942 0.8919313742143706
10.41063 0.8921691863427892
10.41183 0.8924409716324103
10.41304 0.8927807032444369
10.41425 0.8931204348564634
10.41545 0.8935281127908953
10.41666 0.8939697638865296
10.41787 0.8944453881433668
10.41908 0.8949549855614065
10.42028 0.8955325293018516
10.42149 0.8961100730422966
10.4227 0.8967555631051468
10.4239 0.8974689994904026
10.42511 0.8981824358756583
10.42632 0.8989638185833192
10.42752 0.8997791744521827
10.42873 0.900628503482249
10.42994 0.9015457788347205
10.43114 0.9024630541871921
10.43235 0.9034143027008663
10.43356 0.9043995243757431
10.43476 0.9054187192118227
10.43597 0.9065058603703074
10.43718 0.9075930015287923
10.43838 0.9087480890096824
10.43959 0.9099031764905725
10.4408 0.9110582639714626
10.44201 0.9122473246135552
10.44321 0.9134363852556481
10.44442 0.9146594190589435
10.44563 0.9159503991846442
10.44683 0.9172413793103449
10.44804 0.9185323594360455
10.44925 0.9198233395617462
10.45045 0.9211482928486495
10.45166 0.9224392729743502
10.45287 0.9236962799388484
10.45407 0.9249532869033463
10.45528 0.9262102938678444
10.45649 0.927501273993545
10.45769 0.9287582809580431
10.4589 0.9300152879225412
10.46011 0.9312383217258366
10.46131 0.9324273823679293
10.46252 0.9335824698488194
10.46373 0.9346696110073042
10.46493 0.9357227790045864
10.46614 0.9367759470018685
10.46735 0.9377611686767454
10.46856 0.9387124171904195
10.46976 0.9396636657040938
10.47097 0.9405469678953626
10.47218 0.9413623237642262
10.47338 0.9421437064718873
10.47459 0.9428911160183455
10.4758 0.9435705792423985
10.477 0.9441820961440462
10.47821 0.9447596398844913
10.47942 0.945269237302531
10.48062 0.9457788347205708
10.48183 0.9462204858162052
10.48304 0.946628163750637
10.48424 0.9470018685238661
10.48545 0.9473416001358926
10.48666 0.9476133854255139
10.48786 0.9478511975539324
10.48907 0.9480550365211482
10.49028 0.9482249023271616
10.49148 0.9483607949719721
10.49269 0.9484627144555801
10.4939 0.9485646339391881
10.49511 0.9486325802615933
10.49631 0.9487344997452013
10.49752 0.948768472906404
10.49873 0.9488024460676064
10.49993 0.9488024460676064
10.50114 0.948768472906404
10.50235 0.948768472906404
10.50355 0.9487344997452013
10.50476 0.9486665534227959
10.50597 0.9486325802615933
10.50717 0.9485646339391881
10.50838 0.9485306607779854
10.50959 0.9484627144555801
10.51079 0.9483947681331748
10.512 0.9482928486495668
10.51321 0.9482249023271616
10.51441 0.9481229828435536
10.51562 0.947987090198743
10.51683 0.9478511975539324
10.51803 0.9477153049091217
10.51924 0.9475794122643112
10.52045 0.947409546458298
10.52166 0.9472396806522847
10.52286 0.9470698148462715
10.52407 0.9468659758790556
10.52528 0.9466621369118396
10.52648 0.9464582979446238
10.52769 0.9462544589774079
10.5289 0.9460166468489892
10.5301 0.9457448615593681
10.53131 0.9455070494309495
10.53252 0.9452352641413283
10.53372 0.9449295056905045
10.53493 0.9446577204008832
10.53614 0.9443859351112621
10.53734 0.9441141498216409
10.53855 0.9438423645320198
10.53976 0.9435705792423985
10.54096 0.9432987939527774
10.54217 0.943027008663156
10.54338 0.942755223373535
10.54458 0.9424834380839137
10.54579 0.9422116527942924
10.547 0.941973840665874
10.54821 0.9417360285374554
10.54941 0.9414982164090369
10.55062 0.9412604042806182
10.55183 0.9410565653134025
10.55303 0.9408527263461866
10.55424 0.9406488873789707
10.55545 0.9404790215729575
10.55665 0.9403091557669442
10.55786 0.9401053167997283
10.55907 0.939935450993715
10.56027 0.9397655851877016
10.56148 0.9396296925428911
10.56269 0.9394598267368779
10.56389 0.9393239340920673
10.5651 0.9391880414472565
10.56631 0.939052148802446
10.56751 0.9389162561576355
10.56872 0.9387803635128249
10.56993 0.9386444708680142
10.57113 0.938474605062001
10.57234 0.9383387124171905
10.57355 0.9381688466111772
10.57476 0.937998980805164
10.57596 0.9378630881603535
10.57717 0.9376932223543399
10.57838 0.9375233565483267
10.57958 0.9373534907423136
10.58079 0.9371836249363003
10.582 0.9370137591302871
10.5832 0.9368099201630712
10.58441 0.9366060811958552
10.58562 0.9364022422286393
10.58682 0.9361984032614235
10.58803 0.9359945642942075
10.58924 0.9357567521657891
10.59044 0.9355529131985731
10.59165 0.9353490742313573
10.59286 0.9351792084253441
10.59406 0.9349753694581281
10.59527 0.9347715304909122
10.59648 0.9345676915236962
10.59768 0.934397825717683
10.59889 0.9341939867504672
10.6001 0.9340241209444539
10.60131 0.9338542551384407
10.60251 0.9336843893324275
10.60372 0.9335484966876167
10.60493 0.9334126040428061
10.60613 0.9332767113979956
10.60734 0.9331747919143876
10.60855 0.9330728724307797
10.60975 0.9329709529471717
10.61096 0.9328690334635638
10.61217 0.9328010871411584
10.61337 0.9326991676575506
10.61458 0.9325972481739425
10.61579 0.9325293018515374
10.61699 0.932461355529132
10.6182 0.9323934092067268
10.61941 0.9323254628843214
10.62061 0.9322914897231187
10.62182 0.9322235434007133
10.62303 0.9321555970783082
10.62423 0.9320536775947001
10.62544 0.9319857312722949
10.62665 0.9318838117886868
10.62786 0.931781892305079
10.62906 0.931679972821471
10.63027 0.9315780533378631
10.63148 0.9314761338542551
10.63268 0.9313742143706472
10.63389 0.9312722948870391
10.6351 0.9311364022422286
10.6363 0.9310005095974181
10.63751 0.93089859011381
10.63872 0.9307287243077967
10.63992 0.9305928316629862
10.64113 0.9304569390181757
10.64234 0.9302870732121624
10.64354 0.9301511805673517
10.64475 0.9300152879225412
10.64596 0.9298793952777307
10.64716 0.92974350263292
10.64837 0.929641583149312
10.64958 0.9295056905045015
10.65078 0.929369797859691
10.65199 0.9292678783760828
10.6532 0.9291319857312723
10.65441 0.9290300662476643
10.65561 0.9289281467640564
10.65682 0.9288602004416511
10.65803 0.9287582809580431
10.65923 0.9286903346356378
10.66044 0.9286563614744351
10.66165 0.92858841515203
10.66285 0.9285544419908273
10.66406 0.9285204688296246
10.66527 0.9284864956684219
10.66647 0.9284525225072192
10.66768 0.9284525225072192
10.66889 0.9284185493460168
10.67009 0.9284185493460168
10.6713 0.9284185493460168
10.67251 0.9284525225072192
10.67371 0.9284525225072192
10.67492 0.9284864956684219
10.67613 0.9285204688296246
10.67734 0.9285204688296246
10.67854 0.9285544419908273
10.67975 0.92858841515203
10.68096 0.92858841515203
10.68216 0.9286223883132326
10.68337 0.9286563614744351
10.68458 0.9286903346356378
10.68578 0.9286903346356378
10.68699 0.9287243077968405
10.6882 0.9287582809580431
10.6894 0.9287922541192458
10.69061 0.9288262272804484
10.69182 0.9288602004416511
10.69302 0.9288602004416511
10.69423 0.9288941736028538
10.69544 0.9289281467640564
10.69664 0.9289621199252591
10.69785 0.9289960930864618
10.69906 0.9290300662476643
10.70026 0.929064039408867
10.70147 0.9291319857312723
10.70268 0.929165958892475
10.70389 0.9292339052148801
10.70509 0.9293018515372855
10.7063 0.929369797859691
10.70751 0.9294377441820961
10.70871 0.9295056905045015
10.70992 0.9295736368269066
10.71113 0.9296755563105147
10.71233 0.9297774757941226
10.71354 0.9298793952777307
10.71475 0.9299813147613385
10.71595 0.9300832342449465
10.71716 0.930219126889757
10.71837 0.9303550195345677
10.71957 0.9304909121793784
10.72078 0.9305928316629862
10.72199 0.9307287243077967
10.72319 0.9308646169526075
10.7244 0.9310005095974181
10.72561 0.9311024290810259
10.72681 0.9312383217258366
10.72802 0.9313742143706472
10.72923 0.9315101070154578
10.73044 0.9316459996602683
10.73164 0.9317479191438763
10.73285 0.9318838117886868
10.73406 0.9319857312722949
10.73526 0.9321216239171055
10.73647 0.9322235434007133
10.73768 0.9323254628843214
10.73888 0.9324273823679293
10.74009 0.9325293018515374
10.7413 0.9326312213351452
10.7425 0.9327331408187532
10.74371 0.9328350603023611
10.74492 0.9329369797859691
10.74612 0.9330388992695771
10.74733 0.9331747919143876
10.74854 0.9332767113979956
10.74974 0.9333786308816034
10.75095 0.9334805503652115
10.75216 0.9335824698488194
10.75336 0.9337183624936299
10.75457 0.933820281977238
10.75578 0.9339561746220485
10.75699 0.9340920672668592
10.75819 0.9342279599116698
10.7594 0.9343638525564804
10.76061 0.9344997452012909
10.76181 0.9346356378461016
10.76302 0.9348055036521149
10.76423 0.9349753694581281
10.76543 0.9351112621029387
10.76664 0.9352811279089519
10.76785 0.9354849668761678
10.76905 0.9356548326821811
10.77026 0.935858671649397
10.77147 0.9360625106166128
10.77267 0.9362663495838288
10.77388 0.9364701885510447
10.77509 0.9367080006794632
10.77629 0.9369118396466792
10.7775 0.9371496517750976
10.77871 0.9373874639035162
10.77991 0.9375913028707321
10.78112 0.9378630881603535
10.78233 0.9381009002887718
10.78354 0.9383726855783932
10.78474 0.9386104977068117
10.78595 0.9388822829964328
10.78716 0.9391200951248514
10.78836 0.9393918804144725
10.78957 0.9396296925428911
10.79078 0.9398675046713096
10.79198 0.9400713436385256
10.79319 0.9403091557669442
10.7944 0.9405469678953626
10.7956 0.9407508068625785
10.79681 0.9409546458297945
10.79802 0.9411584847970104
10.79922 0.9413623237642262
10.80043 0.9415661627314422
10.80164 0.9417360285374554
10.80284 0.9419058943434686
10.80405 0.9420757601494819
10.80526 0.9422116527942924
10.80646 0.9423475454391032
10.80767 0.9424834380839137
10.80888 0.9426193307287243
10.81009 0.942755223373535
10.81129 0.9428571428571428
10.8125 0.9429930355019533
10.81371 0.9431289281467642
10.81491 0.9432648207915747
10.81612 0.9434007134363852
10.81733 0.9435366060811958
10.81853 0.9436724987260066
10.81974 0.9437744182096144
10.82095 0.9439103108544249
10.82215 0.9440462034992356
10.82336 0.9441820961440462
10.82457 0.9442840156276541
10.82577 0.9444199082724648
10.82698 0.9445558009172753
10.82819 0.9446916935620859
10.82939 0.9448275862068967
10.8306 0.9449634788517072
10.83181 0.9450993714965177
10.83301 0.9452012909801257
10.83422 0.9453032104637337
10.83543 0.945371156786139
10.83664 0.9454391031085442
10.83784 0.9455070494309495
10.83905 0.9455749957533549
10.84026 0.9456089689145574
10.84146 0.94564294207576
10.84267 0.9456769152369627
10.84388 0.9456769152369627
10.84508 0.9456769152369627
10.84629 0.94564294207576
10.8475 0.9456089689145574
10.8487 0.9455410225921522
10.84991 0.9454730762697469
10.85112 0.945371156786139
10.85232 0.945269237302531
10.85353 0.9451333446577204
10.85474 0.9449974520129099
10.85594 0.9448615593680991
10.85715 0.9447256667232886
10.85836 0.9445558009172753
10.85956 0.9443859351112621
10.86077 0.9442160693052489
10.86198 0.9440122303380329
10.86319 0.9438083913708171
10.86439 0.9436045524036012
10.8656 0.9433667402751825
10.86681 0.9431629013079667
10.86801 0.9429250891795482
10.86922 0.9426872770511296
10.87043 0.9424834380839137
10.87163 0.9422456259554951
10.87284 0.9420078138270767
10.87405 0.9417360285374554
10.87525 0.9414982164090369
10.87646 0.9412604042806182
10.87767 0.9409886189909972
10.87887 0.9407168337013758
10.88008 0.940411075250552
10.88129 0.9401392899609308
10.88249 0.939833531510107
10.8837 0.9394937998980806
10.88491 0.9391880414472565
10.88612 0.9388483098352302
10.88732 0.9385085782232037
10.88853 0.9381688466111772
10.88974 0.9377951418379481
10.89094 0.9374214370647189
10.89215 0.9370137591302871
10.89336 0.9366060811958552
10.89456 0.9361984032614235
10.89577 0.9357567521657891
10.89698 0.9352811279089519
10.89818 0.9348055036521149
10.89939 0.9343298793952777
10.9006 0.9338542551384407
10.9018 0.9333446577204008
10.90301 0.9328350603023611
10.90422 0.9323254628843214
10.90542 0.9318158654662817
10.90663 0.9312722948870391
10.90784 0.9306947511465943
10.90904 0.9301511805673517
10.91025 0.9295736368269066
10.91146 0.9289960930864618
10.91267 0.9284185493460168
10.91387 0.9278410056055717
10.91508 0.9272634618651266
10.91629 0.9266859181246816
10.91749 0.9261083743842364
10.9187 0.9255308306437914
10.91991 0.9249193137421436
10.92111 0.9243417700016986
10.92232 0.9237302531000509
10.92353 0.923152709359606
10.92473 0.9225411924579583
10.92594 0.9219636487175132
10.92715 0.9213861049770682
10.92835 0.9207745880754203
10.92956 0.9201970443349753
10.93077 0.9196195005945302
10.93197 0.9190419568540852
10.93318 0.9184644131136401
10.93439 0.9178868693731951
10.93559 0.91730932563275
10.9368 0.9167657550535077
10.93801 0.9162221844742653
10.93922 0.9156786138950229
10.94042 0.9151350433157805
10.94163 0.9145914727365382
10.94284 0.9140818753184985
10.94404 0.9135722779004586
10.94525 0.9130287073212162
10.94646 0.9125530830643792
10.94766 0.9120434856463393
10.94887 0.9115338882282996
10.95008 0.9110582639714626
10.95128 0.9105826397146254
10.95249 0.9101070154577884
10.9537 0.9096313912009512
10.9549 0.9091897401053168
10.95611 0.9087480890096824
10.95732 0.9083064379140479
10.95852 0.9078647868184135
10.95973 0.907423135722779
10.96094 0.9069814846271445
10.96214 0.9065738066927127
10.96335 0.9061661287582811
10.96456 0.9057584508238492
10.96577 0.9053507728894173
10.96697 0.9049430949549856
10.96818 0.9045354170205537
10.96939 0.9041617122473246
10.97059 0.9037880074740954
10.9718 0.903448275862069
10.97301 0.9030745710888398
10.97421 0.902768812638016
10.97542 0.9024290810259894
10.97663 0.9021233225751656
10.97783 0.9018175641243419
10.97904 0.9015118056735179
10.98025 0.9012400203838967
10.98145 0.9009682350942755
10.98266 0.9007304229658569
10.98387 0.9004586376762358
10.98507 0.9002547987090199
10.98628 0.9000509597418039
10.98749 0.8998471207745881
10.98869 0.8996432818073722
10.9899 0.8994734160013589
10.99111 0.8993035501953457
10.99232 0.8991676575505352
10.99352 0.8990317649057245
10.99473 0.8988958722609138
10.99594 0.898793952777306
10.99714 0.8986580601324953
10.99835 0.8985561406488873
10.99956 0.898488194326482
11.00076 0.8984202480040768
11.00197 0.8983523016816715
11.00318 0.8982843553592661
11.00438 0.898216409036861
11.00559 0.8981824358756583
11.0068 0.8981484627144556
11.008 0.8981484627144556
11.00921 0.8981144895532529
11.01042 0.8981144895532529
11.01162 0.8981144895532529
11.01283 0.8981144895532529
11.01404 0.8981144895532529
11.01524 0.8981484627144556
11.01645 0.8981824358756583
11.01766 0.8982503821980636
11.01887 0.8982843553592661
11.02007 0.8983862748428741
11.02128 0.8984542211652793
11.02249 0.8985561406488873
11.02369 0.8986580601324953
11.0249 0.898793952777306
11.02611 0.8989298454221165
11.02731 0.8990657380669271
11.02852 0.8992016307117379
11.02973 0.8994054696789535
11.03093 0.8995753354849669
11.03214 0.8997791744521827
11.03335 0.9000169865806013
11.03455 0.9002547987090199
11.03576 0.9004926108374385
11.03697 0.9007643961270596
11.03817 0.9010361814166808
11.03938 0.9013419398675047
11.04059 0.9016476983183286
11.04179 0.9019534567691524
11.043 0.9022931883811789
11.04421 0.9026329199932053
11.04542 0.902972651605232
11.04662 0.9033463563784611
11.04783 0.9037200611516902
11.04904 0.9040937659249194
11.05024 0.904501443859351
11.05145 0.9049091217937829
11.05266 0.9053167997282147
11.05386 0.9057244776626465
11.05507 0.9061321555970784
11.05628 0.9065738066927127
11.05748 0.9069814846271445
11.05869 0.907423135722779
11.0599 0.9078647868184135
11.0611 0.9083064379140479
11.06231 0.9087820621708851
11.06352 0.9092237132665194
11.06472 0.9096993375233565
11.06593 0.9101409886189911
11.06714 0.9106166128758281
11.06834 0.9110922371326651
11.06955 0.9115678613895023
11.07076 0.9120434856463393
11.07197 0.9125191099031765
11.07317 0.9130287073212162
11.07438 0.9135043315780534
11.07559 0.9140139289960931
11.07679 0.9145235264141328
11.078 0.9150331238321726
11.07921 0.9155766944114151
11.08041 0.9160862918294548
11.08162 0.9166298624086971
11.08283 0.9171734329879395
11.08403 0.9177170035671819
11.08524 0.9182605741464243
11.08645 0.9188381178868693
11.08765 0.9194156616273144
11.08886 0.9199592322065567
11.09007 0.9205367759470018
11.09127 0.9211143196874468
11.09248 0.9217258365890946
11.09369 0.9223033803295396
11.0949 0.9229148972311874
11.0961 0.9235264141328351
11.09731 0.9241379310344827
11.09852 0.9247494479361305
11.09972 0.9253609648377782
11.10093 0.9259724817394259
11.10214 0.9265839986410734
11.10334 0.9271955155427213
11.10455 0.9278410056055717
11.10576 0.9284525225072192
11.10696 0.9290980125700696
11.10817 0.92974350263292
11.10938 0.9303550195345677
11.11058 0.9310005095974181
11.11179 0.9316459996602683
11.113 0.932257516561916
11.1142 0.9329030066247664
11.11541 0.9335484966876167
11.11662 0.9341600135892645
11.11782 0.9348055036521149
11.11903 0.9354170205537624
11.12024 0.9360625106166128
11.12145 0.9367080006794632
11.12265 0.9373195175811109
11.12386 0.9379650076439613
11.12507 0.938576524545609
11.12627 0.9392220146084592
11.12748 0.939833531510107
11.12869 0.9404450484117548
11.12989 0.941090538474605
11.1311 0.9417020553762527
11.13231 0.9423135722779005
11.13351 0.9429250891795482
11.13472 0.9435366060811958
11.13593 0.9441481229828436
11.13713 0.9447596398844913
11.13834 0.9454051299473417
11.13955 0.9460166468489892
11.14075 0.9466621369118396
11.14196 0.9472736538134874
11.14317 0.9479191438763377
11.14437 0.9485306607779854
11.14558 0.9491761508408358
11.14679 0.9497876677424834
11.148 0.9504331578053338
11.1492 0.9510446747069815
11.15041 0.9516901647698318
11.15162 0.9523016816714795
11.15282 0.95294717173433
11.15403 0.9535586886359775
11.15524 0.9542041786988279
11.15644 0.9548156956004757
11.15765 0.9554611856633259
11.15886 0.9560727025649737
11.16006 0.9567181926278241
11.16127 0.9573297095294717
11.16248 0.9579412264311195
11.16368 0.9585527433327672
11.16489 0.9591302870732122
11.1661 0.9597418039748598
11.1673 0.9603533208765075
11.16851 0.9609308646169525
11.16972 0.9615423815186003
11.17092 0.9621199252590453
11.17213 0.9626974689994905
11.17334 0.9632750127399355
11.17455 0.9638525564803806
11.17575 0.9644640733820281
11.17696 0.9650416171224732
11.17817 0.9655851877017155
11.17937 0.9661627314421606
11.18058 0.9667402751826056
11.18179 0.9673178189230507
11.18299 0.9678953626634957
11.1842 0.9684389332427382
11.18541 0.9690164769831833
11.18661 0.9695600475624256
11.18782 0.9701375913028707
11.18903 0.9706811618821131
11.19023 0.9712247324613557
11.19144 0.971768303040598
11.19265 0.9723118736198404
11.19385 0.9728554441990828
11.19506 0.9733990147783251
11.19627 0.9739425853575675
11.19747 0.9744861559368099
11.19868 0.9750297265160522
11.19989 0.9755732970952948
11.2011 0.9760828945133345
11.2023 0.9766264650925769
11.20351 0.9771700356718193
11.20472 0.977679633089859
11.20592 0.9782232036691013
11.20713 0.9787328010871412
11.20834 0.9792763716663836
11.20954 0.9797859690844233
11.21075 0.980295566502463
11.21196 0.9808051639205029
11.21316 0.9813147613385426
11.21437 0.9818583319177849
11.21558 0.9823679293358246
11.21678 0.9828775267538645
11.21799 0.9833531510107015
11.2192 0.9838627484287413
11.2204 0.984372345846781
11.22161 0.984847970103618
11.22282 0.9853235943604552
11.22402 0.9857992186172922
11.22523 0.9862748428741295
11.22644 0.9867504671309665
11.22765 0.987192118226601
11.22885 0.987667742483438
11.23006 0.9881093935790726
11.23127 0.988551044674707
11.23247 0.9889926957703413
11.23368 0.9894003737047732
11.23489 0.9898420248004077
11.23609 0.9902497027348396
11.2373 0.9906573806692713
11.23851 0.9910310854425005
11.23971 0.9914387633769322
11.24092 0.9918124681501613
11.24213 0.9921861729233904
11.24333 0.9925598776966196
11.24454 0.9928996093086462
11.24575 0.9932733140818754
11.24695 0.9936130456939019
11.24816 0.9939188041447257
11.24937 0.994258535756752
11.25057 0.9945642942075761
11.25178 0.9948700526583998
11.25299 0.9951758111092238
11.2542 0.9954815695600475
11.2554 0.9957533548496689
11.25661 0.99602514013929
11.25782 0.9962969254289112
11.25902 0.9965687107185324
11.26023 0.9968065228469509
11.26144 0.9970443349753695
11.26264 0.9972821471037879
11.26385 0.9975199592322065
11.26506 0.9977577713606252
11.26626 0.997961610327841
11.26747 0.9981994224562596
11.26868 0.9983692882622729
11.26988 0.9985731272294888
11.27109 0.9987429930355021
11.2723 0.9989128588415153
11.2735 0.9990827246475285
11.27471 0.9992186172923391
11.27592 0.9993545099371496
11.27712 0.9994904025819603
11.27833 0.9996262952267708
11.27954 0.9997282147103788
11.28075 0.9997961610327841
11.28195 0.9998980805163922
11.28316 0.9999320536775946
11.28437 0.9999660268387973
11.28557 1.0
11.28678 1.0
11.28799 0.9999660268387973
11.28919 0.9999320536775946
11.2904 0.9998980805163922
11.29161 0.9998301341939868
11.29281 0.9997621878715814
11.29402 0.9996942415491762
11.29523 0.9995923220655681
11.29643 0.9994564294207576
11.29764 0.9993545099371496
11.29885 0.9991846441311364
11.30005 0.9990487514863258
11.30126 0.9988788856803126
11.30247 0.9986750467130967
11.30368 0.9984712077458807
11.30488 0.9982673687786648
11.30609 0.9980635298114489
11.3073 0.997859690844233
11.3085 0.9976558518770171
11.30971 0.9974180397485987
11.31092 0.9971802276201801
11.31212 0.9969424154917614
11.31333 0.9967046033633429
11.31454 0.9964667912349244
11.31574 0.9961950059453032
11.31695 0.9959571938168845
11.31816 0.9956854085272635
11.31936 0.9953796500764395
11.32057 0.9951078647868185
11.32178 0.9948360794971971
11.32298 0.9945303210463734
11.32419 0.9942245625955496
11.3254 0.9939188041447257
11.3266 0.9936130456939019
11.32781 0.9933072872430779
11.32902 0.9929675556310514
11.33023 0.9926278240190249
11.33143 0.9922880924069984
11.33264 0.9919483607949721
11.33385 0.9915746560217429
11.33505 0.9912009512485137
11.33626 0.9908272464752846
11.33747 0.9904535417020555
11.33867 0.9900458637676236
11.33988 0.9896721589943944
11.34109 0.98923050789876
11.34229 0.9888228299643281
11.3435 0.9883811788686938
11.34471 0.9879055546118566
11.34591 0.987463903516222
11.34712 0.986988279259385
11.34833 0.9864786818413454
11.34953 0.9859690844233056
11.35074 0.9854594870052659
11.35195 0.9849159164260235
11.35315 0.984372345846781
11.35436 0.9838287752675386
11.35557 0.9832512315270936
11.35678 0.9826736877866485
11.35798 0.9820621708850008
11.35919 0.9814506539833531
11.3604 0.9808051639205029
11.3616 0.9801257006964498
11.36281 0.9794462374723968
11.36402 0.9787667742483439
11.36522 0.9780533378630881
11.36643 0.9773399014778325
11.36764 0.9766264650925769
11.36884 0.9759130287073212
11.37005 0.975165619160863
11.37126 0.9744521827756072
11.37246 0.9737047732291488
11.37367 0.9729573636826906
11.37488 0.9721759809750298
11.37608 0.9714285714285715
11.37729 0.9706471887209105
11.3785 0.9698658060132496
11.3797 0.9691183964667913
11.38091 0.9683370137591303
11.38212 0.967589604212672
11.38333 0.9668421946662137
11.38453 0.9660947851197554
11.38574 0.9653473755732972
11.38695 0.9646339391880415
11.38815 0.9638865296415833
11.38936 0.9631391200951248
11.39057 0.9624256837098691
11.39177 0.9616782741634109
11.39298 0.9609308646169525
11.39419 0.9601834550704943
11.39539 0.9594360455240359
11.3966 0.9586886359775777
11.39781 0.9579072532699168
11.39901 0.9571598437234584
11.40022 0.9564124341770002
11.40143 0.9556650246305418
11.40263 0.9548836419228809
11.40384 0.9541022592152199
11.40505 0.9533208765075591
11.40625 0.9525055206386954
11.40746 0.9516901647698318
11.40867 0.9508748089009683
11.40988 0.950025479870902
11.41108 0.9491761508408358
11.41229 0.9482928486495668
11.4135 0.947409546458298
11.4147 0.9465262442670291
11.41591 0.94564294207576
11.41712 0.9447256667232886
11.41832 0.9438083913708171
11.41953 0.9428911160183455
11.42074 0.9420078138270767
11.42194 0.9410565653134025
11.42315 0.9401392899609308
11.42436 0.9391880414472565
11.42556 0.9382367929335825
11.42677 0.9372855444199083
11.42798 0.9363342959062342
11.42918 0.93538304739256
11.43039 0.9344317988788857
11.4316 0.9334805503652115
11.4328 0.9325632750127401
11.43401 0.9316120264990658
11.43522 0.9306947511465943
11.43643 0.9297774757941226
11.43763 0.9288602004416511
11.43884 0.9279429250891795
11.44005 0.927025649736708
11.44125 0.9261423475454391
11.44246 0.9252250721929677
11.44367 0.9243077968404959
11.44487 0.9233905214880244
11.44608 0.9225072192967556
11.44729 0.9215899439442841
11.44849 0.920706641753015
11.4497 0.9197893664005435
11.45091 0.9189060642092747
11.45211 0.9180227620180058
11.45332 0.9171054866655343
11.45453 0.9162221844742653
11.45573 0.9153049091217937
11.45694 0.9144216069305249
11.45815 0.9135043315780534
11.45935 0.9125870562255819
11.46056 0.9116358077119077
11.46177 0.910718532359436
11.46298 0.9098012570069645
11.46418 0.9088500084932902
11.46539 0.907898759979616
11.4666 0.9069475114659418
11.4678 0.9059962629522677
11.46901 0.9050450144385936
11.47022 0.9040937659249194
11.47142 0.9031425174112452
11.47263 0.9021572957363683
11.47384 0.9011720740614914
11.47504 0.9001868523866146
11.47625 0.8992016307117379
11.47746 0.898216409036861
11.47866 0.897231187361984
11.47987 0.8962119925259044
11.48108 0.8952267708510278
11.48228 0.8942415491761508
11.48349 0.8932223543400712
11.4847 0.8922371326651944
11.4859 0.8912519109903178
11.48711 0.8902327161542382
11.48832 0.8892474944793612
11.48953 0.8882282996432819
11.49073 0.887243077968405
11.49194 0.886257856293528
11.49315 0.8852386614574487
11.49435 0.8842534397825718
11.49556 0.883268218107695
11.49677 0.882282996432818
11.49797 0.8813317479191438
11.49918 0.8803465262442671
11.50039 0.8793952777305929
11.50159 0.8784440292169187
11.5028 0.8774927807032445
11.50401 0.8765075590283676
11.50521 0.8755902836758961
11.50642 0.8746390351622219
11.50763 0.8736877866485476
11.50883 0.8727365381348735
11.51004 0.8717852896211993
11.51125 0.8708680142687277
11.51246 0.8699507389162562
11.51366 0.8690334635637847
11.51487 0.8680822150501105
11.51608 0.8671649396976387
11.51728 0.8662476643451673
11.51849 0.8653303889926958
11.5197 0.8644131136402242
11.5209 0.8634958382877527
11.52211 0.8625445897740784
11.52332 0.861627314421607
11.52452 0.8606760659079328
11.52573 0.8597587905554612
11.52694 0.858807542041787
11.52814 0.8578562935281129
11.52935 0.8569390181756413
11.53056 0.8559877696619671
11.53176 0.8550365211482929
11.53297 0.8540852726346186
11.53418 0.8531000509597418
11.53538 0.8521488024460676
11.53659 0.8511635807711907
11.5378 0.8501783590963138
11.53901 0.849193137421437
11.54021 0.8481739425853575
11.54142 0.8471887209104807
11.54263 0.8462034992356039
11.54383 0.8451843043995244
11.54504 0.8441651095634449
11.54625 0.8431459147273654
11.54745 0.8421606930524885
11.54866 0.841141498216409
11.54987 0.8400883302191269
11.55107 0.8390691353830474
11.55228 0.8380499405469679
11.55349 0.8369967725496857
11.55469 0.8359775777136063
11.5559 0.8349244097163241
11.55711 0.8338712417190419
11.55831 0.8328520468829624
11.55952 0.831832852046883
11.56073 0.8308136572108035
11.56193 0.8297604892135214
11.56314 0.8287412943774418
11.56435 0.8277220995413623
11.56556 0.8267029047052828
11.56676 0.8256837098692034
11.56797 0.8246645150331239
11.56918 0.8236453201970443
11.57038 0.8226600985221675
11.57159 0.821640903686088
11.5728 0.8206556820112111
11.574 0.8196704603363343
11.57521 0.8186852386614575
11.57642 0.8177000169865806
11.57762 0.8167147953117038
11.57883 0.8157635467980295
11.58004 0.8148122982843553
11.58124 0.8138270766094785
11.58245 0.8128758280958044
11.58366 0.8119245795821302
11.58486 0.8109393579072532
11.58607 0.809988109393579
11.58728 0.8090368608799049
11.58848 0.8080516392050281
11.58969 0.8071003906913539
11.5909 0.8061491421776796
11.59211 0.8051978936640054
11.59331 0.8042466451503312
11.59452 0.803295396636657
11.59573 0.8023101749617803
11.59693 0.801358926448106
11.59814 0.8004076779344318
11.59935 0.7994224562595549
11.60055 0.7984372345846781
11.60176 0.7974520129098013
11.60297 0.7964667912349245
11.60417 0.7954815695600476
11.60538 0.7944963478851708
11.60659 0.7934771530490912
11.60779 0.7924919313742144
11.609 0.7915067096993375
11.61021 0.7905214880244607
11.61141 0.7895362663495838
11.61262 0.788551044674707
11.61383 0.7875658229998301
11.61503 0.7866145744861559
11.61624 0.7856293528112791
11.61745 0.7846441311364022
11.61866 0.7836589094615254
11.61986 0.7827076609478513
11.62107 0.7817224392729744
11.62228 0.7807711907593001
11.62348 0.7798199422456259
11.62469 0.7788686937319518
11.6259 0.7779174452182775
11.6271 0.777000169865806
11.62831 0.7760828945133345
11.62952 0.7751656191608629
11.63072 0.7742483438083914
11.63193 0.7733310684559198
11.63314 0.7724137931034483
11.63434 0.7715304909121794
11.63555 0.7706132155597079
11.63676 0.7696959402072363
11.63796 0.7687786648547648
11.63917 0.7678613895022932
11.64038 0.766910140988619
11.64158 0.7659928656361474
11.64279 0.7650755902836759
11.644 0.7641583149312043
11.64521 0.7632410395787328
11.64641 0.7622897910650586
11.64762 0.761372515712587
11.64883 0.7604212671989129
11.65003 0.7595039918464414
11.65124 0.7585527433327671
11.65245 0.7575675216578902
11.65365 0.7566162731442161
11.65486 0.7556310514693393
11.65607 0.7546458297944624
11.65727 0.7536606081195856
11.65848 0.7526753864447087
11.65969 0.7516901647698319
11.66089 0.750704943094955
11.6621 0.7497197214200781
11.66331 0.7487344997452013
11.66451 0.7477492780703244
11.66572 0.7467640563954476
11.66693 0.7457788347205707
11.66813 0.7447936130456939
11.66934 0.743808391370817
11.67055 0.7428231696959402
11.67176 0.7418379480210634
11.67296 0.7408527263461866
11.67417 0.7398675046713097
11.67538 0.7388822829964328
11.67658 0.7379310344827585
11.67779 0.7369797859690844
11.679 0.7360285374554103
11.6802 0.7351112621029386
11.68141 0.7341600135892644
11.68262 0.7332427382367929
11.68382 0.7323254628843214
11.68503 0.7314081875318499
11.68624 0.7304909121793782
11.68744 0.7295736368269067
11.68865 0.7286563614744352
11.68986 0.7277730592831663
11.69106 0.7268557839306947
11.69227 0.7259385085782233
11.69348 0.7250552063869543
11.69468 0.7241379310344828
11.69589 0.7232546288432139
11.6971 0.722371326651945
11.69831 0.7214880244606761
11.69951 0.7205707491082045
11.70072 0.7196874469169356
11.70193 0.7187701715644641
11.70313 0.7178528962119924
11.70434 0.716935620859521
11.70555 0.7159843723458468
11.70675 0.7150670969933752
11.70796 0.714115848479701
11.70917 0.7131645999660268
11.71037 0.7122133514523526
11.71158 0.7112621029386784
11.71279 0.7103108544250042
11.71399 0.7093256327501274
11.7152 0.7083743842364532
11.71641 0.7073891625615764
11.71761 0.7064039408866996
11.71882 0.7053847460506201
11.72003 0.7043995243757432
11.72124 0.7033803295396637
11.72244 0.7023951078647868
11.72365 0.7013759130287073
11.72486 0.7003227450314251
11.72606 0.6993035501953456
11.72727 0.6982843553592661
11.72848 0.6972651605231867
11.72968 0.6962119925259045
11.73089 0.695192797689825
11.7321 0.6941736028537456
11.7333 0.6931204348564635
11.73451 0.6920672668591813
11.73572 0.6910480720231018
11.73692 0.6899949040258196
11.73813 0.6889417360285375
11.73934 0.6878885680312553
11.74054 0.6868354000339731
11.74175 0.6858162051978937
11.74296 0.6847630372006115
11.74416 0.6837098692033294
11.74537 0.6826567012060473
11.74658 0.6816035332087651
11.74779 0.6805503652114829
11.74899 0.6794971972142008
11.7502 0.6784440292169186
11.75141 0.6773908612196365
11.75261 0.676371666383557
11.75382 0.6753184983862749
11.75503 0.6742653303889927
11.75623 0.6732461355529132
11.75744 0.6722269407168336
11.75865 0.6711737727195516
11.75985 0.670154577883472
11.76106 0.6691353830473925
11.76227 0.668116188211313
11.76347 0.6670969933752335
11.76468 0.666077798539154
11.76589 0.6650925768642773
11.76709 0.6640733820281978
11.7683 0.6630881603533209
11.76951 0.662102938678444
11.77071 0.6611177170035671
11.77192 0.6601664684898929
11.77313 0.6592152199762188
11.77434 0.658229998301342
11.77554 0.6572787497876678
11.77675 0.6563275012739935
11.77796 0.655410225921522
11.77916 0.6544589774078479
11.78037 0.6535417020553763
11.78158 0.6526244267029047
11.78278 0.6517071513504331
11.78399 0.6507898759979617
11.7852 0.6499065738066927
11.7864 0.6489892984542212
11.78761 0.6481059962629523
11.78882 0.6472226940716834
11.79002 0.6463393918804144
11.79123 0.6454900628503483
11.79244 0.644640733820282
11.79364 0.643757431629013
11.79485 0.6429420757601495
11.79606 0.6420927467300832
11.79726 0.6412773908612197
11.79847 0.640462034992356
11.79968 0.6396466791234925
11.80089 0.6388313232546289
11.80209 0.6380159673857653
11.8033 0.6372345846781042
11.80451 0.6364532019704434
11.80571 0.6356718192627824
11.80692 0.6348904365551215
11.80813 0.6341430270086631
11.80933 0.6334295906234075
11.81054 0.6327161542381519
11.81175 0.6320027178528962
11.81295 0.6312892814676406
11.81416 0.6306098182435876
11.81537 0.6299303550195345
11.81657 0.6292848649566842
11.81778 0.6286393748938339
11.81899 0.6279938848309835
11.82019 0.6273823679293358
11.8214 0.626770851027688
11.82261 0.6261933072872431
11.82381 0.625615763546798
11.82502 0.6250721929675556
11.82623 0.6245625955495159
11.82744 0.6240529981314761
11.82864 0.623577373874639
11.82985 0.6231017496178018
11.83106 0.6226261253609648
11.83226 0.6221844742653304
11.83347 0.6217767963308986
11.83468 0.6213351452352641
11.83588 0.6209614404620349
11.83709 0.6205537625276032
11.8383 0.620180057754374
11.8395 0.6198063529811448
11.84071 0.6194666213691185
11.84192 0.619126889757092
11.84312 0.618821131306268
11.84433 0.6184813996942415
11.84554 0.6182096144046203
11.84674 0.6179038559537965
11.84795 0.6176320706641752
11.84916 0.6173263122133514
11.85036 0.6170545269237303
11.85157 0.6167827416341091
11.85278 0.6165109563444878
11.85399 0.6162731442160693
11.85519 0.6160013589264481
11.8564 0.6157635467980296
11.85761 0.6154917615084083
11.85881 0.6152539493799899
11.86002 0.6150501104127739
11.86123 0.6148122982843554
11.86243 0.6146084593171394
11.86364 0.6143706471887209
11.86485 0.614166808221505
11.86605 0.6139629692542891
11.86726 0.6137591302870732
11.86847 0.6135892644810599
11.86967 0.6134193986750467
11.87088 0.6132155597078308
11.87209 0.6130456939018175
11.87329 0.6129098012570069
11.8745 0.6127399354509937
11.87571 0.6125700696449805
11.87691 0.6124341770001699
11.87812 0.6122643111941566
11.87933 0.6121284185493461
11.88054 0.6119925259045353
11.88174 0.6118566332597248
11.88295 0.6117207406149142
11.88416 0.6115848479701037
11.88536 0.6114829284864957
11.88657 0.611347035841685
11.88778 0.6112111431968744
11.88898 0.6110752505520639
11.89019 0.6109393579072533
11.8914 0.6108034652624427
11.8926 0.6106335994564295
11.89381 0.6104637336504162
11.89502 0.6102938678444029
11.89622 0.6101240020383897
11.89743 0.6099541362323765
11.89864 0.6097842704263632
11.89984 0.6095804314591473
11.90105 0.6093765924919313
11.90226 0.6091727535247154
11.90346 0.608934941396297
11.90467 0.6086631561066758
11.90588 0.6083913708170545
11.90709 0.6081195855274333
11.90829 0.6078138270766095
11.9095 0.6075080686257857
11.91071 0.6072023101749617
11.91191 0.6068625785629354
11.91312 0.6065228469509087
11.91433 0.6061491421776796
11.91553 0.6057754374044505
11.91674 0.6053677594700186
11.91795 0.6049600815355869
11.91915 0.6045184304399523
11.92036 0.604076779344318
11.92157 0.6036011550874809
11.92277 0.6031255308306438
11.92398 0.6026159334126041
11.92519 0.6021063359945643
11.92639 0.6015627654153219
11.9276 0.6010191948360796
11.92881 0.6004416510956345
11.93001 0.5998641073551895
11.93122 0.5992865636147443
11.93243 0.5986750467130966
11.93364 0.598063529811449
11.93484 0.5974520129098012
11.93605 0.5968065228469509
11.93726 0.5961610327841006
11.93846 0.5954815695600475
11.93967 0.5948021063359946
11.94088 0.594088669950739
11.94208 0.5934092067266858
11.94329 0.5926957703414303
11.9445 0.5919823339561746
11.9457 0.5912688975709189
11.94691 0.5905214880244607
11.94812 0.589808051639205
11.94932 0.5890606420927467
11.95053 0.5883132325462884
11.95174 0.5875318498386275
11.95294 0.5867844402921693
11.95415 0.5860030575845082
11.95536 0.5852216748768473
11.95657 0.5844063190079837
11.95777 0.5836249363003227
11.95898 0.5828435535926617
11.96019 0.5820281977237982
11.96139 0.5812128418549346
11.9626 0.580397485986071
11.96381 0.5795821301172074
11.96501 0.5787667742483439
11.96622 0.5779514183794802
11.96743 0.577102089349414
11.96863 0.5762527603193477
11.96984 0.5754374044504841
11.97105 0.5745541022592152
11.97225 0.5737047732291489
11.97346 0.5728554441990827
11.97467 0.5719721420078139
11.97587 0.5710888398165449
11.97708 0.570205537625276
11.97829 0.5692882622728045
11.97949 0.5684049600815355
11.9807 0.567487684729064
11.98191 0.5665704093765925
11.98312 0.565653134024121
11.98432 0.5647358586716493
11.98553 0.5637846101579752
11.98674 0.5628333616443011
11.98794 0.5618821131306269
11.98915 0.5609308646169526
11.99036 0.5599456429420757
11.99156 0.5589604212671989
11.99277 0.5579412264311193
11.99398 0.5569560047562426
11.99518 0.5559368099201631
11.99639 0.5549176150840837
11.9976 0.5538984202480041
11.9988 0.5528792254119246
12.00001 0.5518940037370478
12.00122 0.5508748089009682
12.00242 0.5498895872260914
12.00363 0.5488703923900119
12.00484 0.547885170715135
12.00604 0.5468659758790555
12.00725 0.5458467810429761
12.00846 0.5448615593680992
12.00967 0.5438423645320197
12.01087 0.5428571428571428
12.01208 0.5419058943434687
12.01329 0.5409206726685918
12.01449 0.5400033973161202
12.0157 0.5390861219636487
12.01691 0.5381688466111771
12.01811 0.5373195175811109
12.01932 0.5364362153898421
12.02053 0.5355868863597758
12.02173 0.5347715304909122
12.02294 0.5339561746220486
12.02415 0.533140818753185
12.02535 0.5323254628843214
12.02656 0.5315440801766604
12.02777 0.5307626974689995
12.02897 0.5299813147613386
12.03018 0.5291999320536775
12.03139 0.5284525225072193
12.03259 0.527705112960761
12.0338 0.5269916765755054
12.03501 0.526244267029047
12.03622 0.5255308306437914
12.03742 0.5248513674197384
12.03863 0.5241379310344828
12.03984 0.5234244946492271
12.04104 0.5227110582639715
12.04225 0.5219976218787158
12.04346 0.5212502123322575
12.04466 0.5205028027857993
12.04587 0.5197893664005435
12.04708 0.5190079836928826
12.04828 0.5182605741464243
12.04949 0.517513164599966
12.0507 0.5167657550535077
12.0519 0.5160183455070494
12.05311 0.5152369627993885
12.05432 0.5144895532529301
12.05552 0.5137421437064719
12.05673 0.5129947341600136
12.05794 0.5122133514523526
12.05914 0.5114659419058943
12.06035 0.510718532359436
12.06156 0.5099711228129777
12.06277 0.5092237132665194
12.06397 0.5084423305588585
12.06518 0.5076949210124002
12.06639 0.5069475114659419
12.06759 0.5062001019194836
12.0688 0.5054866655342279
12.07001 0.5047392559877697
12.07121 0.504025819602514
12.07242 0.5033123832172584
12.07363 0.5025989468320027
12.07483 0.5018855104467471
12.07604 0.501206047222694
12.07725 0.500526583998641
12.07845 0.4998471207745881
12.07966 0.4991676575505351
12.08087 0.49848819432648206
12.08207 0.49780873110242907
12.08328 0.497129267878376
12.08449 0.4964498046543231
12.08569 0.4957363682690674
12.0869 0.4950569050450144
12.08811 0.4943774418209615
12.08932 0.49369797859690845
12.09052 0.49301851537285546
12.09173 0.4923390521488024
12.09294 0.4916595889247494
12.09414 0.4909801257006965
12.09535 0.49026668931544076
12.09656 0.4895872260913878
12.09776 0.48890776286733484
12.09897 0.48822829964328185
12.10018 0.4875148632580261
12.10138 0.4868354000339732
12.10259 0.4861219636487175
12.1038 0.4854085272634619
12.105 0.48469509087820617
12.10621 0.4840156276541533
12.10742 0.48330219126889756
12.10862 0.48258875488364195
12.10983 0.4818753184983863
12.11104 0.48116188211313066
12.11224 0.48044844572787493
12.11345 0.479768982503822
12.11466 0.4790555461185663
12.11587 0.4783421097333107
12.11707 0.4776626465092577
12.11828 0.476949210124002
12.11949 0.47626974689994905
12.12069 0.4755563105146934
12.1219 0.47487684729064034
12.12311 0.4741634109053847
12.12431 0.47348394768133173
12.12552 0.4727705112960761
12.12673 0.4720910480720231
12.12793 0.4714115848479701
12.12914 0.4707321216239171
12.13035 0.47001868523866147
12.13155 0.4693392220146084
12.13276 0.46865975879055544
12.13397 0.4679802955665025
12.13517 0.46730083234244946
12.13638 0.46662136911839647
12.13759 0.4659419058943434
12.13879 0.46526244267029043
12.14 0.46461695260744007
12.14121 0.4639374893833871
12.14242 0.4632919993205367
12.14362 0.46261253609648384
12.14483 0.4619670460336334
12.14604 0.46132155597078306
12.14724 0.46064209274673007
12.14845 0.4599966026838797
12.14966 0.4593511126210294
12.15086 0.45870562255817904
12.15207 0.4580941056565313
12.15328 0.45744861559368094
12.15448 0.45680312553083063
12.15569 0.45619160862918295
12.1569 0.4555800917275352
12.1581 0.4549685748258876
12.15931 0.45435705792423986
12.16052 0.4537455410225922
12.16172 0.45313402412094445
12.16293 0.4525564803804994
12.16414 0.4519449634788517
12.16535 0.45136741973840666
12.16655 0.4507898759979616
12.16776 0.4501783590963139
12.16897 0.44960081535586893
12.17017 0.4490232716154238
12.17138 0.4484457278749788
12.17259 0.44783421097333104
12.17379 0.447256667232886
12.175 0.44667912349244104
12.17621 0.44610157975199594
12.17741 0.4455240360115509
12.17862 0.44494649227110583
12.17983 0.4443689485306608
12.18103 0.4437914047902157
12.18224 0.4432138610497707
12.18345 0.442602344148123
12.18465 0.44202480040767794
12.18586 0.4414472566672329
12.18707 0.44083573976558516
12.18827 0.44025819602514016
12.18948 0.4396806522846951
12.19069 0.43906913538304737
12.1919 0.43845761848139975
12.1931 0.43788007474095464
12.19431 0.4372685578393069
12.19552 0.43669101409886185
12.19672 0.4360794971972142
12.19793 0.4355019534567691
12.19914 0.4348904365551215
12.20034 0.43431289281467644
12.20155 0.4337013759130287
12.20276 0.43312383217258366
12.20396 0.432512315270936
12.20517 0.4319347715304909
12.20638 0.4313232546288432
12.20758 0.4307457108883982
12.20879 0.43013419398675046
12.21 0.4295566502463054
12.2112 0.42897910650586035
12.21241 0.4284015627654153
12.21362 0.42782401902497025
12.21482 0.42724647528452525
12.21603 0.4266689315440802
12.21724 0.42612536096483783
12.21845 0.4255478172243928
12.21965 0.4250042466451503
12.22086 0.4244606760659079
12.22207 0.42391710548666556
12.22327 0.42337353490742313
12.22448 0.42282996432818076
12.22569 0.42228639374893834
12.22689 0.4217428231696959
12.2281 0.4212332257516562
12.22931 0.4207236283336165
12.23051 0.4202140309155767
12.23172 0.41970443349753694
12.23293 0.4191948360794972
12.23413 0.41868523866145746
12.23534 0.4181756412434177
12.23655 0.4177000169865806
12.23775 0.4172243927297435
12.23896 0.41671479531170375
12.24017 0.4162391710548667
12.24137 0.41576354679802957
12.24258 0.41525394937998983
12.24379 0.4147783251231527
12.245 0.41426872770511297
12.2462 0.41379310344827586
12.24741 0.4133174791914388
12.24862 0.4128418549346017
12.24982 0.41236623067776457
12.25103 0.41189060642092745
12.25224 0.4114149821640904
12.25344 0.4109393579072533
12.25465 0.41046373365041616
12.25586 0.4099541362323764
12.25706 0.4094785119755393
12.25827 0.4090028877187022
12.25948 0.40849329030066245
12.26068 0.4080176660438254
12.26189 0.40750806862578565
12.2631 0.4069984712077459
12.2643 0.4065228469509088
12.26551 0.40601324953286905
12.26672 0.40550365211482925
12.26792 0.4050280278579922
12.26913 0.40451843043995245
12.27034 0.40404280618311533
12.27155 0.4035671819262783
12.27275 0.40309155766944116
12.27396 0.40261593341260404
12.27517 0.40214030915576693
12.27637 0.40166468489892987
12.27758 0.4012230338032954
12.27879 0.40074740954645827
12.27999 0.40027178528962115
12.2812 0.3998301341939868
12.28241 0.3993884830983523
12.28361 0.39894683200271785
12.28482 0.3985051809070834
12.28603 0.3980975029726516
12.28723 0.3976898250382198
12.28844 0.397282147103788
12.28965 0.3968744691693562
12.29085 0.396500764396127
12.29206 0.3961270596228979
12.29327 0.3957533548496687
12.29447 0.3953796500764396
12.29568 0.3950399184644131
12.29689 0.39466621369118393
12.2981 0.3942925089179548
12.2993 0.3939527773059283
12.30051 0.39357907253269914
12.30172 0.39320536775947
12.30292 0.3928656361474435
12.30413 0.39249193137421434
12.30534 0.3921521997621879
12.30654 0.3917784949889587
12.30775 0.39143876337693223
12.30896 0.3910650586037031
12.31016 0.39072532699167656
12.31137 0.39035162221844744
12.31258 0.3899779174452183
12.31378 0.38963818583319176
12.31499 0.38923050789876
12.3162 0.38885680312553084
12.3174 0.38844912519109903
12.31861 0.38807542041786985
12.31982 0.3876677424834381
12.32102 0.38726006454900624
12.32223 0.38681841345337187
12.32344 0.38641073551894
12.32465 0.38600305758450826
12.32585 0.38556140648887377
12.32706 0.38515372855444197
12.32827 0.3847460506200102
12.32947 0.38433837268557836
12.33068 0.3839306947511466
12.33189 0.3834890436555121
12.33309 0.38308136572108037
12.3343 0.38267368778664856
12.33551 0.3822320366910141
12.33671 0.3818243587565823
12.33792 0.38141668082215047
12.33913 0.3810090028877187
12.34033 0.38056735179208423
12.34154 0.3801936470188551
12.34275 0.3797859690844233
12.34395 0.3793782911499915
12.34516 0.3790045863767624
12.34637 0.37859690844233057
12.34757 0.3782232036691014
12.34878 0.37784949889587227
12.34999 0.3775097672838458
12.3512 0.3771360625106166
12.3524 0.3767623577373875
12.35361 0.3764226261253609
12.35482 0.3760489213521318
12.35602 0.3757091897401053
12.35723 0.3753694581280788
12.35844 0.3750297265160523
12.35964 0.3746560217428232
12.36085 0.37431629013079665
12.36206 0.37397655851877015
12.36326 0.37363682690674366
12.36447 0.37333106845591985
12.36568 0.3729913368438933
12.36688 0.3726516052318668
12.36809 0.372345846781043
12.3693 0.3720061151690165
12.3705 0.37166638355698994
12.37171 0.37136062510616613
12.37292 0.37102089349413964
12.37413 0.37068116188211314
12.37533 0.3703754034312893
12.37654 0.3700356718192628
12.37775 0.3696959402072363
12.37895 0.3693562085952098
12.38016 0.3690504501443859
12.38137 0.3687107185323594
12.38257 0.36837098692033293
12.38378 0.3680652284695091
12.38499 0.3677254968574826
12.38619 0.3673857652454561
12.3874 0.3670460336334296
12.38861 0.36674027518260577
12.38981 0.3664005435705793
12.39102 0.3660608119585527
12.39223 0.36572108034652623
12.39343 0.3653813487344998
12.39464 0.36504161712247324
12.39585 0.36470188551044674
12.39705 0.36436215389842025
12.39826 0.36402242228639375
12.39947 0.36368269067436726
12.40068 0.3633769322235434
12.40188 0.3630372006115169
12.40309 0.3626974689994904
12.4043 0.3623577373874639
12.4055 0.3620180057754374
12.40671 0.36171224732461355
12.40792 0.36137251571258705
12.40912 0.36103278410056056
12.41033 0.36069305248853406
12.41154 0.3603872940377102
12.41274 0.3600475624256837
12.41395 0.3597078308136572
12.41516 0.35940207236283334
12.41636 0.3590623407508069
12.41757 0.35875658229998303
12.41878 0.35845082384915916
12.41998 0.3581450653983353
12.42119 0.3578393069475114
12.4224 0.357499575335485
12.4236 0.35722779004586375
12.42481 0.35692203159503993
12.42602 0.35661627314421607
12.42723 0.3563105146933922
12.42843 0.35600475624256833
12.42964 0.35573297095294715
12.43085 0.35542721250212334
12.43205 0.3551554272125021
12.43326 0.3548496687616783
12.43447 0.3545778834720571
12.43567 0.35430609818243586
12.43688 0.35400033973161205
12.43809 0.35372855444199086
12.43929 0.3534567691523696
12.4405 0.3532189570239511
12.44171 0.3529471717343299
12.44291 0.3526753864447087
12.44412 0.3524036011550875
12.44533 0.3521318158654663
12.44653 0.3518600305758451
12.44774 0.3516222184474265
12.44895 0.35135043315780534
12.45015 0.35107864786818416
12.45136 0.350806862578563
12.45257 0.3505690504501444
12.45378 0.3502972651605232
12.45498 0.350025479870902
12.45619 0.34978766774248343
12.4574 0.34951588245286225
12.4586 0.34924409716324106
12.45981 0.3490062850348225
12.46102 0.3487344997452013
12.46222 0.3484627144555801
12.46343 0.34815695600475627
12.46464 0.3478851707151351
12.46584 0.34757941226431116
12.46705 0.34730762697469
12.46826 0.3470018685238661
12.46946 0.3466961100730423
12.47067 0.34639035162221843
12.47188 0.3460845931713946
12.47308 0.34577883472057075
12.47429 0.3454730762697469
12.4755 0.345167317818923
12.4767 0.3448615593680992
12.47791 0.34455580091727533
12.47912 0.3442500424664515
12.48033 0.34394428401562765
12.48153 0.34363852556480384
12.48274 0.3432987939527773
12.48395 0.3429930355019534
12.48515 0.342653303889927
12.48636 0.3423475454391031
12.48757 0.34200781382707657
12.48877 0.34170205537625276
12.48998 0.3413962969254289
12.49119 0.3410905384746051
12.49239 0.3407847800237812
12.4936 0.34051299473416
12.49481 0.34024120944453884
12.49601 0.33996942415491765
12.49722 0.3396976388652964
12.49843 0.33942585357567523
12.49963 0.33915406828605404
12.50084 0.3389162561576355
12.50205 0.33867844402921693
12.50325 0.33840665873959574
12.50446 0.3381688466111772
12.50567 0.33793103448275863
12.50688 0.3376932223543401
12.50808 0.3374554102259215
12.50929 0.33721759809750296
12.5105 0.3369797859690844
12.5117 0.3367419738406659
12.51291 0.33653813487344997
12.51412 0.3363342959062341
12.51532 0.33609648377781554
12.51653 0.3358926448105996
12.51774 0.33565483268218105
12.51894 0.3354509937149652
12.52015 0.3352131815865466
12.52136 0.33497536945812806
12.52256 0.33473755732970956
12.52377 0.334499745201291
12.52498 0.33422795991166976
12.52618 0.3339561746220486
12.52739 0.3336843893324274
12.5286 0.3334126040428062
12.5298 0.33310684559198234
12.53101 0.33283506030236115
12.53222 0.3325293018515373
12.53343 0.3322235434007134
12.53463 0.33191778494988955
12.53584 0.33161202649906574
12.53705 0.33130626804824187
12.53825 0.33100050959741806
12.53946 0.33066077798539156
12.54067 0.33035501953456764
12.54187 0.3300152879225412
12.54308 0.3296755563105147
12.54429 0.32930185153728553
12.54549 0.32896211992525903
12.5467 0.3285884151520299
12.54791 0.32824868354000336
12.54911 0.32787497876677424
12.55032 0.32753524715474774
12.55153 0.32719551554272125
12.55273 0.32685578393069475
12.55394 0.32651605231866826
12.55515 0.32617632070664176
12.55635 0.3258705622558179
12.55756 0.32556480380499403
12.55877 0.32522507219296753
12.55998 0.3249193137421437
12.56118 0.32461355529131986
12.56239 0.32430779684049604
12.5636 0.3240020383896721
12.5648 0.3236962799388483
12.56601 0.32339052148802444
12.56722 0.32308476303720063
12.56842 0.3228129777475794
12.56963 0.3225072192967556
12.57084 0.3222354340071344
12.57204 0.32196364871751315
12.57325 0.32169186342789197
12.57446 0.3214200781382708
12.57566 0.3211482928486496
12.57687 0.32091048072023104
12.57808 0.32063869543060985
12.57928 0.3203669101409886
12.58049 0.32009512485136743
12.5817 0.31982333956174624
12.58291 0.31955155427212506
12.58411 0.3192797689825038
12.58532 0.31897401053167995
12.58653 0.31870222524205877
12.58773 0.3183964667912349
12.58894 0.3180907083404111
12.59015 0.3177849498895872
12.59135 0.3174791914387634
12.59256 0.31717343298793954
12.59377 0.3168676745371157
12.59497 0.3165619160862918
12.59618 0.3162221844742653
12.59739 0.3159164260234415
12.59859 0.31561066757261763
12.5998 0.3153049091217938
12.60101 0.31496517750976727
12.60221 0.3146594190589434
12.60342 0.31431968744691696
12.60463 0.31397995583489047
12.60583 0.3136402242228639
12.60704 0.3133004926108374
12.60825 0.3129607609988109
12.60946 0.3126550025479871
12.61066 0.31231527093596056
12.61187 0.31197553932393407
12.61308 0.31166978087311026
12.61428 0.31133004926108376
12.61549 0.3110242908102599
12.6167 0.31071853235943603
12.6179 0.3104127739086122
12.61911 0.31010701545778835
12.62032 0.3098012570069645
12.62152 0.30949549855614067
12.62273 0.3092237132665195
12.62394 0.3089179548156956
12.62514 0.30861219636487175
12.62635 0.3083404110752505
12.62756 0.3080346526244267
12.62876 0.3077628673348055
12.62997 0.30749108204518427
12.63118 0.30718532359436046
12.63238 0.3069135383047393
12.63359 0.3066417530151181
12.6348 0.3063359945642942
12.63601 0.30606420927467304
12.63721 0.30579242398505185
12.63842 0.3055206386954306
12.63963 0.30524885340580943
12.64083 0.30497706811618824
12.64204 0.30470528282656706
12.64325 0.3044334975369458
12.64445 0.30416171224732463
12.64566 0.3038899269577034
12.64687 0.3035841685068795
12.64807 0.30331238321725834
12.64928 0.30304059792763716
12.65049 0.30276881263801597
12.65169 0.30249702734839473
12.6529 0.30222524205877355
12.65411 0.30195345676915236
12.65531 0.3016476983183285
12.65652 0.3013759130287073
12.65773 0.3011041277390861
12.65893 0.30079836928826226
12.66014 0.3005265839986411
12.66135 0.3002547987090199
12.66256 0.299949040258196
12.66376 0.29967725496857484
12.66497 0.29937149651775097
12.66618 0.2990997112281297
12.66738 0.2987939527773059
12.66859 0.29848819432648205
12.6698 0.29821640903686086
12.671 0.29791065058603705
12.67221 0.2976048921352132
12.67342 0.29729913368438937
12.67462 0.29699337523356545
12.67583 0.29665364362153895
12.67704 0.29634788517071514
12.67824 0.29600815355868865
12.67945 0.2956684219466621
12.68066 0.2953286903346356
12.68186 0.29498895872260916
12.68307 0.29461525394938
12.68428 0.2942755223373535
12.68548 0.29390181756412437
12.68669 0.2935281127908952
12.6879 0.2931883811788687
12.68911 0.2928146764056396
12.69031 0.2924409716324104
12.69152 0.2921012400203839
12.69273 0.2917275352471548
12.69393 0.2913538304739256
12.69514 0.2909801257006965
12.69635 0.2906064209274673
12.69755 0.2902327161542382
12.69876 0.289859011381009
12.69997 0.2894853066077798
12.70117 0.2891116018345507
12.70238 0.2887378970613215
12.70359 0.2883641922880924
12.70479 0.2880244606760659
12.706 0.28765075590283673
12.70721 0.2873110242908103
12.70841 0.2870052658399864
12.70962 0.2866655342279599
12.71083 0.28635977577713606
12.71203 0.28602004416510957
12.71324 0.2857142857142857
12.71445 0.2854425004246645
12.71566 0.2851367419738407
12.71686 0.28483098352301683
12.71807 0.2845591982333956
12.71928 0.2842534397825717
12.72048 0.28398165449295054
12.72169 0.28370986920332936
12.7229 0.2834041107525055
12.7241 0.2831323254628843
12.72531 0.2828605401732631
12.72652 0.28258875488364193
12.72772 0.2823509427552234
12.72893 0.2820791574656022
12.73014 0.28184134533718364
12.73134 0.2816035332087651
12.73255 0.28133174791914384
12.73376 0.2810939357907253
12.73496 0.2808221505011041
12.73617 0.2805843383726856
12.73738 0.28031255308306435
12.73858 0.28004076779344317
12.73979 0.2797350093426193
12.741 0.2794632240529981
12.74221 0.27919143876337693
12.74341 0.27888568031255306
12.74462 0.2786138950229319
12.74583 0.27830813657210807
12.74703 0.2780023781212842
12.74824 0.27769661967046033
12.74945 0.27739086121963646
12.75065 0.2770851027688126
12.75186 0.2767793443179888
12.75307 0.2764735858671649
12.75427 0.2761338542551385
12.75548 0.2758280958043146
12.75669 0.27548836419228806
12.75789 0.27518260574146425
12.7591 0.27484287412943775
12.76031 0.27450314251741126
12.76151 0.2741634109053847
12.76272 0.27382367929335827
12.76393 0.2734499745201291
12.76513 0.2731102429081026
12.76634 0.2727705112960761
12.76755 0.2724307796840496
12.76876 0.27209104807202306
12.76996 0.2717513164599966
12.77117 0.27144555800917275
12.77238 0.27110582639714625
12.77358 0.27080006794632244
12.77479 0.2704603363342959
12.776 0.270154577883472
12.7772 0.2698148462714456
12.77841 0.2695090878206217
12.77962 0.26920332936979785
12.78082 0.26886359775777136
12.78203 0.2685578393069475
12.78324 0.2682520808561237
12.78444 0.2679463224052998
12.78565 0.267640563954476
12.78686 0.2673687786648548
12.78806 0.2670630202140309
12.78927 0.2667912349244097
12.79048 0.2665194496347885
12.79169 0.2662476643451673
12.79289 0.2659758790555461
12.7941 0.2657040937659249
12.79531 0.2654323084763037
12.79651 0.26519449634788517
12.79772 0.2649227110582639
12.79893 0.26465092576864274
12.80013 0.26437914047902156
12.80134 0.2640733820281977
12.80255 0.2638015967385765
12.80375 0.2635298114489553
12.80496 0.26322405299813145
12.80617 0.26295226770851027
12.80737 0.2626804824188891
12.80858 0.2623747239680652
12.80979 0.26210293867844403
12.81099 0.2617971802276202
12.8122 0.261525394937999
12.81341 0.2612196364871751
12.81461 0.26091387803635124
12.81582 0.26060811958552743
12.81703 0.26026838797350094
12.81824 0.2599626295226771
12.81944 0.2596228979106506
12.82065 0.2592831662986241
12.82186 0.2589434346865976
12.82306 0.2585697299133684
12.82427 0.2582299983013419
12.82548 0.2578562935281128
12.82668 0.2574825887548836
12.82789 0.2571088839816545
12.8291 0.2567351792084253
12.8303 0.2563954475963988
12.83151 0.2560217428231697
12.83272 0.2556480380499405
12.83392 0.255308306437914
12.83513 0.2549346016646849
12.83634 0.2545608968914557
12.83754 0.2541871921182266
12.83875 0.2538474605062001
12.83996 0.25347375573297093
12.84116 0.2531000509597418
12.84237 0.25272634618651263
12.84358 0.25238661457448613
12.84479 0.252012909801257
12.84599 0.25167317818923046
12.8472 0.25129947341600134
12.84841 0.2509597418039749
12.84961 0.250653983353151
12.85082 0.2503142517411245
12.85203 0.25000849329030067
12.85323 0.2497027348394768
12.85444 0.24939697638865296
12.85565 0.2490912179378291
12.85685 0.2488194326482079
12.85806 0.2485136741973841
12.85927 0.24824188890776286
12.86047 0.24793613045693902
12.86168 0.24766434516731783
12.86289 0.2473925598776966
12.86409 0.2471207745880754
12.8653 0.2468150161372516
12.86651 0.24654323084763036
12.86771 0.24627144555800917
12.86892 0.245999660268388
12.87013 0.2457278749787668
12.87134 0.24545608968914556
12.87254 0.24518430439952438
12.87375 0.2449125191099032
12.87496 0.24464073382028198
12.87616 0.24436894853066077
12.87737 0.24409716324103956
12.87858 0.24382537795141837
12.87978 0.24355359266179719
12.88099 0.24324783421097332
12.8822 0.2429420757601495
12.8834 0.2426363173093256
12.88461 0.24229658569729912
12.88582 0.24199082724647528
12.88702 0.24165109563444878
12.88823 0.24134533718362497
12.88944 0.24100560557159845
12.89064 0.24066587395957195
12.89185 0.24032614234754543
12.89306 0.23998641073551893
12.89426 0.23961270596228978
12.89547 0.23927297435026332
12.89668 0.2389332427382368
12.89789 0.23855953796500767
12.89909 0.23818583319177852
12.9003 0.23781212841854937
12.90151 0.23743842364532017
12.90271 0.23706471887209102
12.90392 0.2366910140988619
12.90513 0.2362833361644301
12.90633 0.23590963139120097
12.90754 0.23553592661797182
12.90875 0.23512824868354
12.90995 0.23475454391031084
12.91116 0.23434686597587906
12.91237 0.2339731612026499
12.91357 0.23359945642942076
12.91478 0.2332257516561916
12.91599 0.23288602004416512
12.91719 0.23251231527093597
12.9184 0.23213861049770682
12.91961 0.23176490572447767
12.92081 0.23139120095124852
12.92202 0.2310174961780194
12.92323 0.23067776456599287
12.92444 0.23030405979276372
12.92564 0.22996432818073723
12.92685 0.2296245965687107
12.92806 0.22925089179548155
12.92926 0.22891116018345506
12.93047 0.22860540173263122
12.93168 0.22826567012060472
12.93288 0.2279259385085782
12.93409 0.2276201800577544
12.9353 0.22731442160693052
12.9365 0.22700866315610668
12.93771 0.22670290470528282
12.93892 0.226397146254459
12.94012 0.2260913878036351
12.94133 0.2257856293528113
12.94254 0.22547987090198743
12.94374 0.2251741124511636
12.94495 0.22490232716154238
12.94616 0.22459656871071854
12.94736 0.22429081025989467
12.94857 0.22401902497027348
12.94978 0.2237472396806523
12.95099 0.22347545439103111
12.95219 0.22316969594020722
12.9534 0.22289791065058603
12.95461 0.22262612536096485
12.95581 0.2223543400713436
12.95702 0.22208255478172242
12.95823 0.22181076949210124
12.95943 0.22153898420248005
12.96064 0.22126719891285881
12.96185 0.220961440462035
12.96305 0.22068965517241382
12.96426 0.22038389672158992
12.96547 0.22011211143196874
12.96667 0.21980635298114487
12.96788 0.21953456769152369
12.96909 0.21922880924069987
12.97029 0.21895702395107863
12.9715 0.2186512655002548
12.97271 0.21834550704943093
12.97391 0.2180397485986071
12.97512 0.21773399014778322
12.97633 0.2174282316969594
12.97754 0.21712247324613554
12.97874 0.21678274163410907
12.97995 0.2164769831832852
12.98116 0.21613725157125868
12.98236 0.2157975199592322
12.98357 0.21545778834720572
12.98478 0.21511805673517922
12.98598 0.2147783251231527
12.98719 0.21440462034992355
12.9884 0.21406488873789706
12.9896 0.21372515712587054
12.99081 0.21335145235264139
12.99202 0.21301172074061495
12.99322 0.21267198912858842
12.99443 0.21229828435535925
12.99564 0.21195855274333278
12.99684 0.21158484797010363
12.99805 0.2112451163580771
12.99926 0.21087141158484796
13.00047 0.21049770681161883
13.00167 0.2101579751995923
13.00288 0.20978427042636316
13.00409 0.209410565653134
13.00529 0.20907083404110752
13.0065 0.20869712926787837
13.00771 0.20835739765585187
13.00891 0.20801766604382538
13.01012 0.20767793443179886
13.01133 0.2073382028197724
13.01253 0.20703244436894852
13.01374 0.20669271275692203
13.01495 0.20638695430609819
13.01615 0.20608119585527432
13.01736 0.20577543740445048
13.01857 0.20546967895362664
13.01977 0.20519789366400545
13.02098 0.2048921352131816
13.02219 0.20462034992356037
13.02339 0.20431459147273653
13.0246 0.20404280618311535
13.02581 0.2037370477322915
13.02702 0.2034652624426703
13.02822 0.20319347715304908
13.02943 0.2029216918634279
13.03064 0.2026499065738067
13.03184 0.20241209444538816
13.03305 0.20214030915576695
13.03426 0.2019024970273484
13.03546 0.2016307117377272
13.03667 0.20139289960930865
13.03788 0.2011550874808901
13.03908 0.2008833021912689
13.04029 0.2006115169016477
13.0415 0.20037370477322913
13.0427 0.2000679463224053
13.04391 0.1997961610327841
13.04512 0.1995243757431629
13.04632 0.19921861729233906
13.04753 0.1989128588415152
13.04874 0.198641073551894
13.04994 0.19833531510107016
13.05115 0.1980295566502463
13.05236 0.19772379819942246
13.05357 0.19741803974859862
13.05477 0.1970783081365721
13.05598 0.19677254968574825
13.05719 0.19643281807372176
13.05839 0.1961270596228979
13.0596 0.19578732801087143
13.06081 0.1954475963988449
13.06201 0.1951078647868184
13.06322 0.1947681331747919
13.06443 0.19439442840156276
13.06563 0.19405469678953627
13.06684 0.19368099201630712
13.06805 0.19330728724307797
13.06925 0.19296755563105147
13.07046 0.19259385085782232
13.07167 0.19222014608459317
13.07287 0.19188041447256668
13.07408 0.19150670969933753
13.07529 0.19116697808731103
13.07649 0.1908272464752845
13.0777 0.19048751486325805
13.07891 0.19014778325123152
13.08012 0.18984202480040768
13.08132 0.1895022931883812
13.08253 0.1891625615763547
13.08374 0.18885680312553083
13.08494 0.18851707151350433
13.08615 0.18821131306268046
13.08736 0.18790555461185662
13.08856 0.18759979616103278
13.08977 0.18729403771020892
13.09098 0.18702225242058773
13.09218 0.1867164939697639
13.09339 0.18644470868014268
13.0946 0.1861729233905215
13.0958 0.18590113810090028
13.09701 0.1856293528112791
13.09822 0.18539154068286054
13.09942 0.18515372855444198
13.10063 0.1848819432648208
13.10184 0.18464413113640224
13.10304 0.1844063190079837
13.10425 0.18416850687956515
13.10546 0.1839306947511466
13.10667 0.18369288262272804
13.10787 0.18345507049430948
13.10908 0.18321725836589095
13.11029 0.1829794462374724
13.11149 0.1827076609478512
13.1127 0.18246984881943265
13.11391 0.1822320366910141
13.11511 0.18199422456259554
13.11632 0.181756412434177
13.11753 0.18151860030575845
13.11873 0.18124681501613726
13.11994 0.1810090028877187
13.12115 0.18077119075930015
13.12235 0.18049940546967894
13.12356 0.1802615933412604
13.12477 0.1799898080516392
13.12597 0.179718022762018
13.12718 0.1794462374723968
13.12839 0.17914047902157296
13.12959 0.17886869373195177
13.1308 0.1785629352811279
13.13201 0.1782911499915067
13.13322 0.17798539154068285
13.13442 0.177679633089859
13.13563 0.17737387463903517
13.13684 0.1770681161882113
13.13804 0.17676235773738747
13.13925 0.17645659928656363
13.14046 0.17615084083573976
13.14166 0.17584508238491592
13.14287 0.17553932393409208
13.14408 0.17519959232206556
13.14528 0.17489383387124172
13.14649 0.17458807542041788
13.1477 0.17424834380839138
13.1489 0.17394258535756754
13.15011 0.17360285374554102
13.15132 0.17329709529471718
13.15252 0.1729913368438933
13.15373 0.17265160523186682
13.15494 0.17234584678104298
13.15614 0.1720400883302191
13.15735 0.17173432987939527
13.15856 0.17142857142857143
13.15977 0.17112281297774756
13.16097 0.17085102768812638
13.16218 0.17054526923730254
13.16339 0.17027348394768133
13.16459 0.17000169865806014
13.1658 0.16972991336843893
13.16701 0.16945812807881774
13.16821 0.16918634278919653
13.16942 0.16891455749957535
13.17063 0.1686767453711568
13.17183 0.1684049600815356
13.17304 0.1681331747919144
13.17425 0.16789536266349583
13.17545 0.16765755053507728
13.17666 0.1673857652454561
13.17787 0.16714795311703753
13.17907 0.166910140988619
13.18028 0.16667232886020045
13.18149 0.1664345167317819
13.18269 0.166230677764566
13.1839 0.16599286563614746
13.18511 0.16578902666893156
13.18632 0.165551214540513
13.18752 0.16531340241209444
13.18873 0.16510956344487854
13.18994 0.16487175131645998
13.19114 0.16463393918804145
13.19235 0.1643961270596229
13.19356 0.16415831493120436
13.19476 0.1639205028027858
13.19597 0.16368269067436725
13.19718 0.16341090538474604
13.19838 0.1631730932563275
13.19959 0.16293528112790895
13.2008 0.16269746899949042
13.202 0.1624256837098692
13.20321 0.16218787158145065
13.20442 0.16191608629182946
13.20562 0.1616782741634109
13.20683 0.1614064888737897
13.20804 0.1611347035841685
13.20924 0.16086291829454732
13.21045 0.16062510616612877
13.21166 0.16035332087650755
13.21287 0.16004756242568371
13.21407 0.15977577713606253
13.21528 0.15950399184644132
13.21649 0.15919823339561745
13.21769 0.15892644810599627
13.2189 0.15865466281637505
13.22011 0.1583489043655512
13.22131 0.15807711907593003
13.22252 0.15777136062510616
13.22373 0.15749957533548495
13.22493 0.15722779004586376
13.22614 0.15695600475624255
13.22735 0.15668421946662137
13.22855 0.15641243417700015
13.22976 0.15614064888737897
13.23097 0.15586886359775776
13.23217 0.1556310514693392
13.23338 0.15535926617971801
13.23459 0.15508748089009683
13.2358 0.15484966876167827
13.237 0.15457788347205706
13.23821 0.15430609818243587
13.23942 0.15406828605401732
13.24062 0.1538304739255988
13.24183 0.15359266179718023
13.24304 0.15335484966876167
13.24424 0.15311703754034311
13.24545 0.15287922541192459
13.24666 0.15264141328350603
13.24786 0.15243757431629013
13.24907 0.15219976218787157
13.25028 0.1519959232206557
13.25148 0.15179208425343976
13.25269 0.15155427212502123
13.2539 0.15135043315780533
13.2551 0.15114659419058943
13.25631 0.15094275522337353
13.25752 0.15073891625615762
13.25872 0.15056905045014438
13.25993 0.1503652114829285
13.26114 0.1501613725157126
13.26235 0.14999150670969935
13.26355 0.14978766774248342
13.26476 0.1496178019364702
13.26597 0.14944793613045695
13.26717 0.14924409716324102
13.26838 0.1490742313572278
13.26959 0.14890436555121456
13.27079 0.14873449974520128
13.272 0.14856463393918803
13.27321 0.1483947681331748
13.27441 0.14822490232716154
13.27562 0.1480550365211483
13.27683 0.1479191438763377
13.27803 0.14774927807032445
13.27924 0.1475794122643112
13.28045 0.14740954645829793
13.28165 0.14723968065228468
13.28286 0.14706981484627146
13.28407 0.14693392220146084
13.28527 0.1467640563954476
13.28648 0.14659419058943435
13.28769 0.1464243247834211
13.2889 0.1462884321386105
13.2901 0.14611856633259723
13.29131 0.14594870052658399
13.29252 0.1458128078817734
13.29372 0.14564294207576015
13.29493 0.1454730762697469
13.29614 0.14530321046373365
13.29734 0.1451333446577204
13.29855 0.14496347885170716
13.29976 0.1447936130456939
13.30096 0.14462374723968063
13.30217 0.1444538814336674
13.30338 0.14428401562765417
13.30458 0.1441141498216409
13.30579 0.14394428401562764
13.307 0.14377441820961442
13.3082 0.14360455240360115
13.30941 0.1434346865975879
13.31062 0.1432987939527773
13.31182 0.14312892814676406
13.31303 0.14299303550195347
13.31424 0.14282316969594022
13.31545 0.14268727705112963
13.31665 0.142551384406319
13.31786 0.14238151860030576
13.31907 0.14224562595549514
13.32027 0.14210973331068455
13.32148 0.14197384066587396
13.32269 0.14183794802106336
13.32389 0.14170205537625274
13.3251 0.1416001358926448
13.32631 0.14146424324783421
13.32751 0.14136232376422628
13.32872 0.1412604042806183
13.32993 0.14115848479701035
13.33113 0.1410565653134024
13.33234 0.14095464582979447
13.33355 0.14088669950738916
13.33475 0.14081875318498385
13.33596 0.14075080686257857
13.33717 0.14068286054017326
13.33837 0.14061491421776798
13.33958 0.14054696789536264
13.34079 0.14047902157295736
13.342 0.14044504841175473
13.3432 0.14037710208934942
13.34441 0.14034312892814677
13.34562 0.14030915576694414
13.34682 0.1402412094445388
13.34803 0.14020723628333617
13.34924 0.14020723628333617
13.35044 0.14017326312213352
13.35165 0.14013928996093086
13.35286 0.14013928996093086
13.35406 0.1401053167997282
13.35527 0.1401053167997282
13.35648 0.1401053167997282
13.35768 0.14007134363852558
13.35889 0.14007134363852558
13.3601 0.14007134363852558
13.3613 0.14007134363852558
13.36251 0.14007134363852558
13.36372 0.14003737047732293
13.36492 0.14003737047732293
13.36613 0.14003737047732293
13.36734 0.14003737047732293
13.36855 0.14003737047732293
13.36975 0.14003737047732293
13.37096 0.14003737047732293
13.37217 0.14003737047732293
13.37337 0.14007134363852558
13.37458 0.14007134363852558
13.37579 0.14007134363852558
13.37699 0.14007134363852558
13.3782 0.1401053167997282
13.37941 0.1401053167997282
13.38061 0.14013928996093086
13.38182 0.14013928996093086
13.38303 0.14017326312213352
13.38423 0.14017326312213352
13.38544 0.14020723628333617
13.38665 0.14020723628333617
13.38785 0.1402412094445388
13.38906 0.14027518260574146
13.39027 0.14027518260574146
13.39147 0.14030915576694414
13.39268 0.14034312892814677
13.39389 0.14037710208934942
13.3951 0.14041107525055205
13.3963 0.14047902157295736
13.39751 0.14051299473416
13.39872 0.14058094105656532
13.39992 0.14061491421776798
13.40113 0.14068286054017326
13.40234 0.14075080686257857
13.40354 0.14081875318498385
13.40475 0.14088669950738916
13.40596 0.14098861899099713
13.40716 0.1410565653134024
13.40837 0.14112451163580772
13.40958 0.14122643111941566
13.41078 0.14129437744182097
13.41199 0.1413962969254289
13.4132 0.14146424324783421
13.4144 0.14153218957023952
13.41561 0.14163410905384746
13.41682 0.14170205537625274
13.41802 0.1418039748598607
13.41923 0.14190589434346867
13.42044 0.14197384066587396
13.42165 0.14207576014948192
13.42285 0.14217767963308986
13.42406 0.1422795991166978
13.42527 0.14238151860030576
13.42647 0.14244946492271107
13.42768 0.142551384406319
13.42889 0.14261933072872432
13.43009 0.14272125021233226
13.4313 0.14278919653473754
13.43251 0.14282316969594022
13.43371 0.1428911160183455
13.43492 0.14295906234075081
13.43613 0.14299303550195347
13.43733 0.14306098182435875
13.43854 0.1430949549855614
13.43975 0.14312892814676406
13.44095 0.1431629013079667
13.44216 0.14319687446916934
13.44337 0.14323084763037203
13.44458 0.14326482079157465
13.44578 0.14326482079157465
13.44699 0.1432987939527773
13.4482 0.1432987939527773
13.4494 0.1432987939527773
13.45061 0.1432987939527773
13.45182 0.1432987939527773
13.45302 0.1432987939527773
13.45423 0.14326482079157465
13.45544 0.14326482079157465
13.45664 0.14323084763037203
13.45785 0.14319687446916934
13.45906 0.1431629013079667
13.46026 0.14312892814676406
13.46147 0.1430949549855614
13.46268 0.14306098182435875
13.46388 0.1430270086631561
13.46509 0.14299303550195347
13.4663 0.14299303550195347
13.4675 0.14295906234075081
13.46871 0.14292508917954816
13.46992 0.1428911160183455
13.47113 0.1428911160183455
13.47233 0.14285714285714285
13.47354 0.14282316969594022
13.47475 0.14278919653473754
13.47595 0.1427552233735349
13.47716 0.1427552233735349
13.47837 0.14272125021233226
13.47957 0.14268727705112963
13.48078 0.14268727705112963
13.48199 0.14265330388992695
13.48319 0.14265330388992695
13.4844 0.14265330388992695
13.48561 0.14265330388992695
13.48681 0.14265330388992695
13.48802 0.14265330388992695
13.48923 0.14265330388992695
13.49043 0.14265330388992695
13.49164 0.14268727705112963
13.49285 0.14268727705112963
13.49405 0.14272125021233226
13.49526 0.14272125021233226
13.49647 0.1427552233735349
13.49768 0.14278919653473754
13.49888 0.14278919653473754
13.50009 0.14282316969594022
13.5013 0.14285714285714285
13.5025 0.1428911160183455
13.50371 0.14292508917954816
13.50492 0.14295906234075081
13.50612 0.14299303550195347
13.50733 0.1430270086631561
13.50854 0.1430949549855614
13.50974 0.14312892814676406
13.51095 0.1431629013079667
13.51216 0.14323084763037203
13.51336 0.14326482079157465
13.51457 0.1432987939527773
13.51578 0.14336674027518262
13.51698 0.14340071343638525
13.51819 0.14346865975879056
13.5194 0.14353660608119587
13.5206 0.1435705792423985
13.52181 0.1436385255648038
13.52302 0.1437064718872091
13.52423 0.14377441820961442
13.52543 0.14380839137081705
13.52664 0.14387633769322236
13.52785 0.14394428401562764
13.52905 0.14401223033803295
13.53026 0.14408017666043826
13.53147 0.14414812298284357
13.53267 0.14421606930524886
13.53388 0.14428401562765417
13.53509 0.14435196195005945
13.53629 0.14441990827246476
13.5375 0.14448785459487004
13.53871 0.14455580091727535
13.53991 0.14462374723968063
13.54112 0.1446577204008833
13.54233 0.1447256667232886
13.54353 0.1447936130456939
13.54474 0.1448615593680992
13.54595 0.1449295056905045
13.54715 0.1449974520129098
13.54836 0.1450653983353151
13.54957 0.1451333446577204
13.55078 0.1452012909801257
13.55198 0.145269237302531
13.55319 0.1453371836249363
13.5544 0.1454051299473416
13.5556 0.1454730762697469
13.55681 0.1455410225921522
13.55802 0.14560896891455752
13.55922 0.1456769152369628
13.56043 0.1457448615593681
13.56164 0.1458128078817734
13.56284 0.1458807542041787
13.56405 0.14598267368778664
13.56526 0.14605062001019195
13.56646 0.14611856633259723
13.56767 0.1462204858162052
13.56888 0.1462884321386105
13.57008 0.14639035162221845
13.57129 0.14649227110582638
13.5725 0.14659419058943435
13.5737 0.14673008323424494
13.57491 0.1468320027178529
13.57612 0.1469678953626635
13.57733 0.1471037880074741
13.57853 0.14723968065228468
13.57974 0.1473755732970953
13.58095 0.1475114659419059
13.58215 0.1476473585867165
13.58336 0.14781722439272973
13.58457 0.14795311703754033
13.58577 0.1481229828435536
13.58698 0.1482588754883642
13.58819 0.14842874129437744
13.58939 0.14856463393918803
13.5906 0.14873449974520128
13.59181 0.14887039239001187
13.59301 0.14904025819602515
13.59422 0.1492101240020384
13.59543 0.14937998980805164
13.59663 0.14958382877526755
13.59784 0.1497536945812808
13.59905 0.14992356038729404
13.60025 0.1500934261933073
13.60146 0.15026329199932054
13.60267 0.15043315780533378
13.60388 0.15060302361134703
13.60508 0.1507728894173603
13.60629 0.1509087820621709
13.6075 0.15107864786818415
13.6087 0.15118056735179208
13.60991 0.1513164599966027
13.61112 0.15141837948021064
13.61232 0.15155427212502123
13.61353 0.15165619160862917
13.61474 0.15175811109223714
13.61594 0.15186003057584507
13.61715 0.15196195005945304
13.61836 0.15206386954306098
13.61956 0.15213181586546629
13.62077 0.15219976218787157
13.62198 0.15226770851027688
13.62318 0.15233565483268216
13.62439 0.15240360115508747
13.6256 0.15243757431629013
13.6268 0.15247154747749278
13.62801 0.15250552063869544
13.62922 0.15250552063869544
13.63043 0.15250552063869544
13.63163 0.15250552063869544
13.63284 0.15250552063869544
13.63405 0.15247154747749278
13.63525 0.15247154747749278
13.63646 0.15243757431629013
13.63767 0.15240360115508747
13.63887 0.15236962799388484
13.64008 0.15233565483268216
13.64129 0.15230168167147953
13.64249 0.15226770851027688
13.6437 0.15226770851027688
13.64491 0.15223373534907425
13.64611 0.15219976218787157
13.64732 0.15216578902666894
13.64853 0.15213181586546629
13.64973 0.15206386954306098
13.65094 0.15202989638185832
13.65215 0.1519959232206557
13.65336 0.15192797689825038
13.65456 0.15189400373704773
13.65577 0.15186003057584507
13.65698 0.15179208425343976
13.65818 0.15175811109223714
13.65939 0.15175811109223714
13.6606 0.15172413793103448
13.6618 0.15169016476983185
13.66301 0.15169016476983185
13.66422 0.15169016476983185
13.66542 0.15169016476983185
13.66663 0.15169016476983185
13.66784 0.15169016476983185
13.66904 0.15172413793103448
13.67025 0.15172413793103448
13.67146 0.15175811109223714
13.67266 0.15175811109223714
13.67387 0.15179208425343976
13.67508 0.15182605741464245
13.67628 0.15186003057584507
13.67749 0.15189400373704773
13.6787 0.15192797689825038
13.67991 0.15196195005945304
13.68111 0.1519959232206557
13.68232 0.15202989638185832
13.68353 0.15209784270426363
13.68473 0.15213181586546629
13.68594 0.15219976218787157
13.68715 0.15223373534907425
13.68835 0.15230168167147953
13.68956 0.15236962799388484
13.69077 0.15240360115508747
13.69197 0.15247154747749278
13.69318 0.1525394937998981
13.69439 0.15260744012230337
13.69559 0.15267538644470868
13.6968 0.152743332767114
13.69801 0.15281127908951928
13.69921 0.15284525225072193
13.70042 0.15291319857312724
13.70163 0.15298114489553252
13.70283 0.15304909121793783
13.70404 0.1530830643791405
13.70525 0.1531510107015458
13.70646 0.15321895702395108
13.70766 0.1532869033463564
13.70887 0.15332087650755905
13.71008 0.15338882282996433
13.71128 0.15345676915236964
13.71249 0.15352471547477492
13.7137 0.15359266179718023
13.7149 0.1536945812807882
13.71611 0.15376252760319348
13.71732 0.1538304739255988
13.71852 0.15393239340920672
13.71973 0.15400033973161203
13.72094 0.15410225921521997
13.72214 0.15417020553762525
13.72335 0.15427212502123322
13.72456 0.15437404450484118
13.72576 0.15444199082724647
13.72697 0.15454391031085443
13.72818 0.15464582979446237
13.72938 0.15474774927807033
13.73059 0.15488364192288093
13.7318 0.15498556140648886
13.73301 0.15508748089009683
13.73421 0.15522337353490742
13.73542 0.15532529301851536
13.73663 0.15546118566332598
13.73783 0.15559707830813657
13.73904 0.15573297095294716
13.74025 0.15586886359775776
13.74145 0.156038729403771
13.74266 0.1561746220485816
13.74387 0.15631051469339222
13.74507 0.15648038049940546
13.74628 0.15661627314421608
13.74749 0.1567861389502293
13.74869 0.15692203159503992
13.7499 0.15709189740105317
13.75111 0.15726176320706642
13.75231 0.15739765585187704
13.75352 0.15753354849668763
13.75473 0.15770341430270088
13.75593 0.1578732801087141
13.75714 0.15800917275352472
13.75835 0.15817903855953797
13.75956 0.1583489043655512
13.76076 0.15851877017156446
13.76197 0.1586886359775777
13.76318 0.1588245286223883
13.76438 0.15899439442840158
13.76559 0.15916426023441482
13.7668 0.15930015287922542
13.768 0.159436045524036
13.76921 0.1595719381688466
13.77042 0.15970783081365722
13.77162 0.15980975029726516
13.77283 0.15994564294207575
13.77404 0.16004756242568371
13.77524 0.16014948190929165
13.77645 0.1602514013928996
13.77766 0.16035332087650755
13.77886 0.16045524036011552
13.78007 0.16055715984372346
13.78128 0.16062510616612877
13.78248 0.1607270256497367
13.78369 0.160794971972142
13.7849 0.16082894513334467
13.78611 0.16089689145574995
13.78731 0.1609308646169526
13.78852 0.16096483777815526
13.78973 0.16099881093935792
13.79093 0.16099881093935792
13.79214 0.16099881093935792
13.79335 0.16099881093935792
13.79455 0.16099881093935792
13.79576 0.16096483777815526
13.79697 0.1609308646169526
13.79817 0.16089689145574995
13.79938 0.16082894513334467
13.80059 0.160794971972142
13.80179 0.1607270256497367
13.803 0.1606590793273314
13.80421 0.1605911330049261
13.80541 0.1605231866825208
13.80662 0.16042126719891286
13.80783 0.16035332087650755
13.80903 0.1602514013928996
13.81024 0.16014948190929165
13.81145 0.16004756242568371
13.81266 0.15991166978087312
13.81386 0.15980975029726516
13.81507 0.15967385765245456
13.81628 0.15953796500764397
13.81748 0.15940207236283338
13.81869 0.15926617971802276
13.8199 0.1590963139120095
13.8211 0.15896042126719892
13.82231 0.15879055546118565
13.82352 0.15865466281637505
13.82472 0.1584847970103618
13.82593 0.15831493120434859
13.82714 0.15817903855953797
13.82834 0.15800917275352472
13.82955 0.15783930694751147
13.83076 0.15766944114149822
13.83196 0.15749957533548495
13.83317 0.1573297095294717
13.83438 0.15715984372345848
13.83558 0.15695600475624255
13.83679 0.1567861389502293
13.838 0.15658229998301343
13.83921 0.15641243417700015
13.84041 0.15620859520978428
13.84162 0.15600475624256838
13.84283 0.15583489043655513
13.84403 0.1556310514693392
13.84524 0.15542721250212332
13.84645 0.15522337353490742
13.84765 0.15501953456769152
13.84886 0.15481569560047562
13.85007 0.15461185663325974
13.85127 0.1544080176660438
13.85248 0.15417020553762525
13.85369 0.15396636657040938
13.85489 0.15376252760319348
13.8561 0.15352471547477492
13.85731 0.15332087650755905
13.85851 0.1530830643791405
13.85972 0.15284525225072193
13.86093 0.15260744012230337
13.86214 0.15236962799388484
13.86334 0.15213181586546629
13.86455 0.15189400373704773
13.86576 0.15162221844742654
13.86696 0.15138440631900799
13.86817 0.15111262102938677
13.86938 0.15087480890096822
13.87058 0.15060302361134703
13.87179 0.15033123832172582
13.873 0.15005945303210463
13.8742 0.14978766774248342
13.87541 0.14948190929165958
13.87662 0.1492101240020384
13.87782 0.14893833871241718
13.87903 0.14863258026159334
13.88024 0.14836079497197213
13.88144 0.1480550365211483
13.88265 0.14774927807032445
13.88386 0.14744351961950058
13.88506 0.14713776116867675
13.88627 0.14679802955665025
13.88748 0.14649227110582638
13.88869 0.14615253949379992
13.88989 0.1458128078817734
13.8911 0.14550704943094955
13.89231 0.14516731781892303
13.89351 0.14482758620689656
13.89472 0.14448785459487004
13.89593 0.14414812298284357
13.89713 0.1438423645320197
13.89834 0.1435026329199932
13.89955 0.1431629013079667
13.90075 0.14282316969594022
13.90196 0.14251741124511635
13.90317 0.14217767963308986
13.90437 0.14183794802106336
13.90558 0.14149821640903687
13.90679 0.14115848479701035
13.90799 0.1408527263461865
13.9092 0.14051299473416
13.91041 0.14017326312213352
13.91161 0.13983353151010702
13.91282 0.13952777305928318
13.91403 0.13918804144725666
13.91524 0.13888228299643282
13.91644 0.1385425513844063
13.91765 0.13823679293358246
13.91886 0.13793103448275862
13.92006 0.13762527603193475
13.92127 0.13735349074231357
13.92248 0.13704773229148973
13.92368 0.13677594700186851
13.92489 0.13650416171224733
13.9261 0.1361984032614235
13.9273 0.13592661797180228
13.92851 0.13565483268218106
13.92972 0.13538304739255985
13.93092 0.13514523526414135
13.93213 0.13487344997452014
13.93334 0.13460166468489893
13.93454 0.1343298793952777
13.93575 0.13409206726685918
13.93696 0.133820281977238
13.93816 0.13354849668761679
13.93937 0.13331068455919823
13.94058 0.1330728724307797
13.94179 0.13283506030236114
13.94299 0.13256327501273993
13.9442 0.13232546288432137
13.94541 0.13208765075590284
13.94661 0.13188381178868694
13.94782 0.13164599966026838
13.94903 0.13140818753184982
13.95023 0.1311703754034313
13.95144 0.13093256327501274
13.95265 0.13069475114659418
13.95385 0.130422965856973
13.95506 0.13018515372855444
13.95627 0.12994734160013588
13.95747 0.1296755563105147
13.95868 0.12943774418209614
13.95989 0.12916595889247495
13.96109 0.12889417360285374
13.9623 0.12862238831323253
13.96351 0.128384576184814
13.96471 0.12811279089519279
13.96592 0.1278410056055716
13.96713 0.1275692203159504
13.96834 0.1272974350263292
13.96954 0.127025649736708
13.97075 0.12671989128588415
13.97196 0.12644810599626297
13.97316 0.12617632070664175
13.97437 0.12590453541702057
13.97558 0.12563275012739936
13.97678 0.1253269916765755
13.97799 0.1250552063869543
13.9792 0.12474944793613046
13.9804 0.12444368948530661
13.98161 0.12417190419568541
13.98282 0.12386614574486156
13.98402 0.1235603872940377
13.98523 0.12325462884321386
13.98644 0.12294887039239001
13.98764 0.12267708510276883
13.98885 0.12237132665194497
13.99006 0.1220655682011211
13.99126 0.12179378291149992
13.99247 0.12152199762187872
13.99368 0.12125021233225751
13.99489 0.12097842704263632
13.99609 0.12070664175301511
13.9973 0.12043485646339393
13.99851 0.12016307117377271
13.99971 0.11992525904535416
14.00092 0.11965347375573297
14.00213 0.11941566162731443
14.00333 0.11914387633769322
14.00454 0.11890606420927469
14.00575 0.11866825208085613
14.00695 0.11843043995243759
14.00816 0.11819262782401903
14.00937 0.11795481569560048
14.01057 0.11771700356718193
14.01178 0.11751316459996604
14.01299 0.11730932563275012
14.01419 0.11710548666553423
14.0154 0.11690164769831835
14.01661 0.11669780873110243
14.01781 0.11652794292508917
14.01902 0.11632410395787328
14.02023 0.11615423815186002
14.02144 0.11598437234584677
14.02264 0.11581450653983354
14.02385 0.11564464073382029
14.02506 0.11547477492780703
14.02626 0.11533888228299644
14.02747 0.11516901647698319
14.02868 0.11499915067096993
14.02988 0.11482928486495668
14.03109 0.11465941905894345
14.0323 0.11448955325293018
14.0335 0.11431968744691694
14.03471 0.11414982164090368
14.03592 0.11401392899609308
14.03712 0.11384406319007984
14.03833 0.11367419738406657
14.03954 0.11353830473925598
14.04074 0.11336843893324272
14.04195 0.1131985731272295
14.04316 0.11306268048241888
14.04436 0.11289281467640565
14.04557 0.1127229488703924
14.04678 0.11255308306437914
14.04799 0.11238321725836589
14.04919 0.11221335145235263
14.0504 0.1120434856463394
14.05161 0.11187361984032615
14.05281 0.11166978087311026
14.05402 0.111499915067097
14.05523 0.11129607609988108
14.05643 0.1110922371326652
14.05764 0.1108883981654493
14.05885 0.11068455919823339
14.06005 0.1104807202310175
14.06126 0.11027688126380161
14.06247 0.1100730422965857
14.06367 0.1098692033293698
14.06488 0.1096653643621539
14.06609 0.10946152539493799
14.06729 0.1092576864277221
14.0685 0.10905384746050618
14.06971 0.1088500084932903
14.07092 0.10864616952607441
14.07212 0.10844233055885849
14.07333 0.1082384915916426
14.07454 0.10803465262442671
14.07574 0.1078308136572108
14.07695 0.10762697468999491
14.07816 0.107423135722779
14.07936 0.10725326991676576
14.08057 0.10704943094954987
14.08178 0.10684559198233395
14.08298 0.10664175301511807
14.08419 0.1064718872091048
14.0854 0.10626804824188892
14.0866 0.10609818243587565
14.08781 0.1059283166298624
14.08902 0.10575845082384916
14.09022 0.10558858501783591
14.09143 0.10545269237302532
14.09264 0.10531679972821471
14.09384 0.10514693392220145
14.09505 0.10501104127739086
14.09626 0.10487514863258027
14.09747 0.10477322914897232
14.09867 0.10463733650416171
14.09988 0.1045014438593511
14.10109 0.10439952437574317
14.10229 0.10426363173093256
14.1035 0.10416171224732461
14.10471 0.10405979276371667
14.10591 0.1039578732801087
14.10712 0.10385595379650077
14.10833 0.10375403431289282
14.10953 0.10365211482928487
14.11074 0.10358416850687957
14.11195 0.10348224902327162
14.11315 0.10341430270086631
14.11436 0.10334635637846101
14.11557 0.10327841005605572
14.11677 0.10321046373365042
14.11798 0.10314251741124512
14.11919 0.10307457108883981
14.12039 0.10300662476643452
14.1216 0.10293867844402922
14.12281 0.10287073212162393
14.12402 0.10283675896042126
14.12522 0.10276881263801596
14.12643 0.10270086631561066
14.12764 0.10263291999320537
14.12884 0.10256497367080007
14.13005 0.10249702734839476
14.13126 0.10246305418719212
14.13246 0.10239510786478682
14.13367 0.10232716154238153
14.13488 0.10225921521997622
14.13608 0.10222524205877356
14.13729 0.10215729573636827
14.1385 0.10208934941396297
14.1397 0.10202140309155767
14.14091 0.10195345676915236
14.14212 0.10191948360794971
14.14332 0.10185153728554441
14.14453 0.10178359096313912
14.14574 0.10168167147953117
14.14694 0.10161372515712587
14.14815 0.10154577883472057
14.14936 0.10144385935111262
14.15057 0.10137591302870731
14.15177 0.10127399354509938
14.15298 0.10120604722269408
14.15419 0.10110412773908613
14.15539 0.10100220825547818
14.1566 0.10090028877187023
14.15781 0.10083234244946493
14.15901 0.10073042296585696
14.16022 0.10062850348224903
14.16143 0.10052658399864108
14.16263 0.10042466451503312
14.16384 0.10032274503142517
14.16505 0.10022082554781722
14.16625 0.10011890606420927
14.16746 0.10001698658060133
14.16867 0.09988109393579073
14.16987 0.09977917445218278
14.17108 0.09967725496857482
14.17229 0.09954136232376422
14.17349 0.09943944284015628
14.1747 0.09930355019534567
14.17591 0.09920163071173772
14.17712 0.09906573806692712
14.17832 0.09896381858331918
14.17953 0.09882792593850859
14.18074 0.09872600645490062
14.18194 0.09862408697129268
14.18315 0.09848819432648208
14.18436 0.09838627484287413
14.18556 0.09831832852046883
14.18677 0.09821640903686088
14.18798 0.09811448955325293
14.18918 0.09804654323084763
14.19039 0.09794462374723968
14.1916 0.09787667742483437
14.1928 0.09777475794122643
14.19401 0.09770681161882114
14.19522 0.09763886529641584
14.19642 0.09753694581280788
14.19763 0.09746899949040258
14.19884 0.09743502632919994
14.20004 0.09736708000679464
14.20125 0.09729913368438933
14.20246 0.09726516052318668
14.20367 0.09723118736198404
14.20487 0.09716324103957874
14.20608 0.09716324103957874
14.20729 0.09712926787837609
14.20849 0.09709529471717343
14.2097 0.09709529471717343
14.21091 0.09709529471717343
14.21211 0.09709529471717343
14.21332 0.09709529471717343
14.21453 0.09709529471717343
14.21573 0.09712926787837609
14.21694 0.09712926787837609
14.21815 0.09716324103957874
14.21935 0.09716324103957874
14.22056 0.09719721420078138
14.22177 0.09719721420078138
14.22297 0.09723118736198404
14.22418 0.09726516052318668
14.22539 0.09726516052318668
14.22659 0.09729913368438933
14.2278 0.09733310684559197
14.22901 0.09736708000679464
14.23022 0.09740105316799728
14.23142 0.09746899949040258
14.23263 0.09750297265160524
14.23384 0.09753694581280788
14.23504 0.09760489213521317
14.23625 0.09763886529641584
14.23746 0.09767283845761848
14.23866 0.09774078478002378
14.23987 0.09777475794122643
14.24108 0.09780873110242908
14.24228 0.09784270426363173
14.24349 0.09787667742483437
14.2447 0.09791065058603703
14.2459 0.09794462374723968
14.24711 0.09797859690844234
14.24832 0.09801257006964498
14.24952 0.09801257006964498
14.25073 0.09804654323084763
14.25194 0.09808051639205027
14.25314 0.09808051639205027
14.25435 0.09811448955325293
14.25556 0.09814846271445557
14.25677 0.09814846271445557
14.25797 0.09818243587565822
14.25918 0.09821640903686088
14.26039 0.09821640903686088
14.26159 0.09825038219806354
14.2628 0.09828435535926618
14.26401 0.09828435535926618
14.26521 0.09831832852046883
14.26642 0.09835230168167149
14.26763 0.09835230168167149
14.26883 0.09838627484287413
14.27004 0.09838627484287413
14.27125 0.09842024800407678
14.27245 0.09842024800407678
14.27366 0.09845422116527942
14.27487 0.09848819432648208
14.27607 0.09848819432648208
14.27728 0.09852216748768473
14.27849 0.09855614064888739
14.2797 0.09859011381009003
14.2809 0.09862408697129268
14.28211 0.09869203329369798
14.28332 0.09872600645490062
14.28452 0.09879395277730593
14.28573 0.09882792593850859
14.28694 0.09889587226091388
14.28814 0.09896381858331918
14.28935 0.09903176490572448
14.29056 0.09909971122812979
14.29176 0.09920163071173772
14.29297 0.09926957703414302
14.29418 0.09933752335654832
14.29538 0.09943944284015628
14.29659 0.09950738916256158
14.2978 0.09960930864616953
14.299 0.09971122812977748
14.30021 0.09981314761338543
14.30142 0.09988109393579073
14.30262 0.09998301341939868
14.30383 0.10008493290300663
14.30504 0.10022082554781722
14.30625 0.10032274503142517
14.30745 0.10045863767623577
14.30866 0.10056055715984373
14.30987 0.10069644980465432
14.31107 0.10083234244946493
14.31228 0.10093426193307288
14.31349 0.10107015457788347
14.31469 0.10120604722269408
14.3159 0.10134193986750467
14.31711 0.10147783251231528
14.31831 0.10161372515712587
14.31952 0.10174961780193648
14.32073 0.10188551044674707
14.32193 0.10202140309155767
14.32314 0.10212332257516561
14.32435 0.10225921521997622
14.32555 0.10239510786478682
14.32676 0.10253100050959742
14.32797 0.10266689315440802
14.32917 0.10276881263801596
14.33038 0.10290470528282657
14.33159 0.10304059792763716
14.3328 0.10317649057244777
14.334 0.10331238321725836
14.33521 0.10344827586206896
14.33642 0.10355019534567692
14.33762 0.10368608799048751
14.33883 0.10382198063529811
14.34004 0.1039578732801087
14.34124 0.10409376592491931
14.34245 0.1042296585697299
14.34366 0.10433157805333787
14.34486 0.10446747069814846
14.34607 0.10460336334295907
14.34728 0.10473925598776966
14.34848 0.10484117547137761
14.34969 0.10497706811618822
14.3509 0.10507898759979616
14.3521 0.10521488024460676
14.35331 0.10535077288941735
14.35452 0.10548666553422796
14.35572 0.10558858501783591
14.35693 0.1057244776626465
14.35814 0.10586037030745711
14.35935 0.1059962629522677
14.36055 0.10613215559707831
14.36176 0.10626804824188892
14.36297 0.10640394088669951
14.36417 0.1065398335315101
14.36538 0.10670969933752336
14.36659 0.10684559198233395
14.36779 0.10698148462714455
14.369 0.1071513504331578
14.37021 0.1072872430779684
14.37141 0.10745710888398165
14.37262 0.10759300152879224
14.37383 0.1077628673348055
14.37503 0.10793273314081875
14.37624 0.10806862578562934
14.37745 0.1082384915916426
14.37865 0.10840835739765585
14.37986 0.10857822320366911
14.38107 0.10874808900968234
14.38227 0.10891795481569559
14.38348 0.10908782062170885
14.38469 0.10929165958892474
14.3859 0.10946152539493799
14.3871 0.10963139120095125
14.38831 0.10983523016816714
14.38952 0.1100050959741804
14.39072 0.11020893494139629
14.39193 0.11037880074740954
14.39314 0.11058263971462545
14.39434 0.11078647868184134
14.39555 0.11099031764905724
14.39676 0.11116018345507049
14.39796 0.11136402242228638
14.39917 0.1115678613895023
14.40038 0.11177170035671818
14.40158 0.1119755393239341
14.40279 0.11217937829114999
14.404 0.11238321725836589
14.4052 0.11262102938678444
14.40641 0.11282486835400035
14.40762 0.11302870732121624
14.40882 0.11323254628843213
14.41003 0.11347035841685069
14.41124 0.11367419738406657
14.41245 0.11391200951248513
14.41365 0.11411584847970105
14.41486 0.11435366060811959
14.41607 0.11455749957533548
14.41727 0.11479531170375404
14.41848 0.11499915067096993
14.41969 0.11523696279938848
14.42089 0.11544080176660439
14.4221 0.11567861389502292
14.42331 0.11591642602344147
14.42451 0.11612026499065739
14.42572 0.11635807711907593
14.42693 0.11659588924749449
14.42813 0.11683370137591302
14.42934 0.11703754034312894
14.43055 0.11727535247154748
14.43175 0.11751316459996604
14.43296 0.11775097672838458
14.43417 0.11798878885680311
14.43537 0.11822660098522167
14.43658 0.11843043995243759
14.43779 0.11866825208085613
14.439 0.11890606420927469
14.4402 0.11910990317649058
14.44141 0.11934771530490913
14.44262 0.11955155427212502
14.44382 0.11975539323934091
14.44503 0.11999320536775947
14.44624 0.12019704433497537
14.44744 0.12040088330219127
14.44865 0.12060472226940716
14.44986 0.12080856123662308
14.45106 0.12104637336504162
14.45227 0.12125021233225751
14.45348 0.12145405129947341
14.45468 0.12165789026668931
14.45589 0.12182775607270258
14.4571 0.12203159503991846
14.4583 0.12223543400713435
14.45951 0.12240529981314761
14.46072 0.1226091387803635
14.46192 0.12277900458637676
14.46313 0.12298284355359267
14.46434 0.1231527093596059
14.46555 0.12332257516561916
14.46675 0.12349244097163241
14.46796 0.12366230677764567
14.46917 0.12383217258365892
14.47037 0.12400203838967215
14.47158 0.12417190419568541
14.47279 0.124307796840496
14.47399 0.12447766264650925
14.4752 0.12461355529131984
14.47641 0.1247834210973331
14.47761 0.1249193137421437
14.47882 0.12508917954815696
14.48003 0.12522507219296755
14.48123 0.1253949379989808
14.48244 0.1255308306437914
14.48365 0.12570069644980464
14.48485 0.12583658909461523
14.48606 0.12597248173942585
14.48727 0.12614234754543913
14.48848 0.12627824019024972
14.48968 0.1264141328350603
14.49089 0.1265500254798709
14.4921 0.12671989128588415
14.4933 0.12685578393069474
14.49451 0.12699167657550534
14.49572 0.12712756922031596
14.49692 0.12726346186512655
14.49813 0.12739935450993714
14.49934 0.12753524715474773
14.50054 0.1276371666383557
14.50175 0.1277730592831663
14.50296 0.1279089519279769
14.50416 0.1280448445727875
14.50537 0.12814676405639544
14.50658 0.12828265670120606
14.50778 0.12841854934601665
14.50899 0.12852046882962462
14.5102 0.1286563614744352
14.5114 0.1287922541192458
14.51261 0.12889417360285374
14.51382 0.12903006624766433
14.51503 0.1291319857312723
14.51623 0.12923390521488023
14.51744 0.1293358246984882
14.51865 0.12943774418209614
14.51985 0.12953966366570407
14.52106 0.12964158314931204
14.52227 0.12974350263292
14.52347 0.1298114489553253
14.52468 0.1298793952777306
14.52589 0.12994734160013588
14.52709 0.1300152879225412
14.5283 0.13008323424494647
14.52951 0.13015118056735178
14.53071 0.1302191268897571
14.53192 0.13025310005095975
14.53313 0.13032104637336503
14.53433 0.13035501953456768
14.53554 0.13038899269577034
14.53675 0.13045693901817562
14.53795 0.13049091217937828
14.53916 0.13052488534058096
14.54037 0.1305588585017836
14.54158 0.13059283166298624
14.54278 0.1306268048241889
14.54399 0.1306268048241889
14.5452 0.13066077798539155
14.5464 0.13069475114659418
14.54761 0.13069475114659418
14.54882 0.13069475114659418
14.55002 0.13072872430779683
14.55123 0.13072872430779683
14.55244 0.13072872430779683
14.55364 0.13072872430779683
14.55485 0.13072872430779683
14.55606 0.13072872430779683
14.55726 0.13072872430779683
14.55847 0.13072872430779683
14.55968 0.13072872430779683
14.56088 0.13072872430779683
14.56209 0.1307626974689995
14.5633 0.1307626974689995
14.5645 0.13079667063020214
14.56571 0.1308306437914048
14.56692 0.13086461695260743
14.56813 0.1308985901138101
14.56933 0.13093256327501274
14.57054 0.1309665364362154
14.57175 0.13100050959741802
14.57295 0.1310344827586207
14.57416 0.13106845591982336
14.57537 0.13113640224222864
14.57657 0.1311703754034313
14.57778 0.13120434856463395
14.57899 0.13127229488703923
14.58019 0.13134024120944454
14.5814 0.1313742143706472
14.58261 0.1314421606930525
14.58381 0.1315101070154578
14.58502 0.1315780533378631
14.58623 0.13164599966026838
14.58743 0.13174791914387635
14.58864 0.13181586546628163
14.58985 0.1319177849498896
14.59105 0.13201970443349753
14.59226 0.1321216239171055
14.59347 0.13222354340071343
14.59468 0.13232546288432137
14.59588 0.13242738236792934
14.59709 0.1325293018515373
14.5983 0.13263122133514524
14.5995 0.13273314081875318
14.60071 0.13283506030236114
14.60192 0.13293697978596908
14.60312 0.13303889926957704
14.60433 0.13314081875318498
14.60554 0.13324273823679292
14.60674 0.13334465772040088
14.60795 0.13344657720400885
14.60916 0.13354849668761679
14.61036 0.13365041617122472
14.61157 0.1337523356548327
14.61278 0.13385425513844063
14.61398 0.1339561746220486
14.61519 0.13405809410565653
14.6164 0.13416001358926447
14.6176 0.13426193307287243
14.61881 0.1343638525564804
14.62002 0.13446577204008833
14.62123 0.13456769152369627
14.62243 0.13466961100730424
14.62364 0.13477153049091217
14.62485 0.13487344997452014
14.62605 0.13497536945812807
14.62726 0.135077288941736
14.62847 0.13517920842534398
14.62967 0.13524715474774926
14.63088 0.13534907423135722
14.63209 0.1354509937149652
14.63329 0.13551894003737047
14.6345 0.1356208595209784
14.63571 0.13572277900458637
14.63691 0.13579072532699168
14.63812 0.13589264481059962
14.63933 0.1359945642942076
14.64053 0.13609648377781552
14.64174 0.1361644301002208
14.64295 0.13626634958382877
14.64415 0.13636826906743674
14.64536 0.13647018855104467
14.64657 0.1366060811958553
14.64778 0.1367080006794632
14.64898 0.13680992016307117
14.65019 0.13691183964667913
14.6514 0.13704773229148973
14.6526 0.1371496517750977
14.65381 0.13728554441990828
14.65502 0.13738746390351622
14.65622 0.13752335654832684
14.65743 0.13765924919313743
14.65864 0.13776116867674537
14.65984 0.13789706132155596
14.66105 0.13803295396636656
14.66226 0.13816884661117718
14.66346 0.13830473925598777
14.66467 0.13844063190079836
14.66588 0.13857652454560898
14.66708 0.13871241719041957
14.66829 0.13884830983523017
14.6695 0.1390181756412434
14.6707 0.13915406828605403
14.67191 0.13932393409206725
14.67312 0.1394937998980805
14.67433 0.13966366570409378
14.67553 0.13983353151010702
14.67674 0.14000339731612024
14.67795 0.14017326312213352
14.67915 0.14034312892814677
14.68036 0.14051299473416
14.68157 0.14068286054017326
14.68277 0.1408527263461865
14.68398 0.14098861899099713
14.68519 0.14115848479701035
14.68639 0.1413283506030236
14.6876 0.14149821640903687
14.68881 0.14163410905384746
14.69001 0.1418039748598607
14.69122 0.14197384066587396
14.69243 0.14210973331068455
14.69363 0.1422795991166978
14.69484 0.14244946492271107
14.69605 0.14261933072872432
14.69725 0.1427552233735349
14.69846 0.14292508917954816
14.69967 0.14306098182435875
14.70088 0.14323084763037203
14.70208 0.14336674027518262
14.70329 0.14353660608119587
14.7045 0.14367249872600646
14.7057 0.14380839137081705
14.70691 0.14391031085442502
14.70812 0.1440462034992356
14.70932 0.14414812298284357
14.71053 0.14425004246645148
14.71174 0.1443859351112621
14.71294 0.14448785459487004
14.71415 0.144589774078478
14.71536 0.1446577204008833
14.71656 0.14475963988449125
14.71777 0.1448615593680992
14.71898 0.1449295056905045
14.72018 0.14503142517411244
14.72139 0.14509937149651775
14.7226 0.14516731781892303
14.72381 0.14523526414132837
14.72501 0.14530321046373365
14.72622 0.1453371836249363
14.72743 0.1454051299473416
14.72863 0.14543910310854424
14.72984 0.1454730762697469
14.73105 0.14550704943094955
14.73225 0.1455410225921522
14.73346 0.1455410225921522
14.73467 0.14557499575335484
14.73587 0.14557499575335484
14.73708 0.14557499575335484
14.73829 0.14557499575335484
14.73949 0.14557499575335484
14.7407 0.14557499575335484
14.74191 0.1455410225921522
14.74311 0.1455410225921522
14.74432 0.14550704943094955
14.74553 0.1454730762697469
14.74673 0.1454730762697469
14.74794 0.1454051299473416
14.74915 0.14537115678613896
14.75036 0.1453371836249363
14.75156 0.14530321046373365
14.75277 0.14523526414132837
14.75398 0.14516731781892303
14.75518 0.14509937149651775
14.75639 0.14503142517411244
14.7576 0.14496347885170716
14.7588 0.14489553252930185
14.76001 0.14482758620689656
14.76122 0.1447256667232886
14.76242 0.14462374723968063
14.76363 0.14455580091727535
14.76484 0.1444538814336674
14.76604 0.14435196195005945
14.76725 0.14425004246645148
14.76846 0.14414812298284357
14.76966 0.1440462034992356
14.77087 0.14391031085442502
14.77208 0.14380839137081705
14.77328 0.14367249872600646
14.77449 0.1435705792423985
14.7757 0.1434346865975879
14.77691 0.1432987939527773
14.77811 0.1431629013079667
14.77932 0.1430270086631561
14.78053 0.1428911160183455
14.78173 0.1427552233735349
14.78294 0.14258535756752166
14.78415 0.14244946492271107
14.78535 0.1422795991166978
14.78656 0.1421437064718872
14.78777 0.14197384066587396
14.78897 0.1418039748598607
14.79018 0.14166808221505012
14.79139 0.14149821640903687
14.79259 0.1413283506030236
14.7938 0.141192457958213
14.79501 0.14102259215219975
14.79621 0.1408527263461865
14.79742 0.14068286054017326
14.79863 0.14051299473416
14.79983 0.14034312892814677
14.80104 0.14017326312213352
14.80225 0.14000339731612024
14.80346 0.13979955834890437
14.80466 0.13962969254289112
14.80587 0.13945982673687787
14.80708 0.13928996093086463
14.80828 0.1390861219636487
14.80949 0.13891625615763548
14.8107 0.13874639035162223
14.8119 0.13857652454560898
14.81311 0.13837268557839308
14.81432 0.13820281977237983
14.81552 0.13803295396636656
14.81673 0.1378630881603533
14.81794 0.13765924919313743
14.81914 0.13748938338712416
14.82035 0.1373195175811109
14.82156 0.137115678613895
14.82276 0.13694581280788176
14.82397 0.13677594700186851
14.82518 0.1365721080346526
14.82638 0.13640224222863936
14.82759 0.1361984032614235
14.8288 0.13602853745541021
14.83001 0.13585867164939697
14.83121 0.13565483268218106
14.83242 0.13548496687616782
14.83363 0.13531510107015457
14.83483 0.13514523526414135
14.83604 0.13494139629692542
14.83725 0.13477153049091217
14.83845 0.13460166468489893
14.83966 0.13443179887888568
14.84087 0.1342279599116698
14.84207 0.13405809410565653
14.84328 0.13388822829964328
14.84449 0.13371836249363003
14.84569 0.13351452352641413
14.8469 0.13334465772040088
14.84811 0.13317479191438764
14.84931 0.1330049261083744
14.85052 0.13283506030236114
14.85173 0.1326651944963479
14.85293 0.13249532869033465
14.85414 0.13232546288432137
14.85535 0.13215559707830812
14.85656 0.1319857312722949
14.85776 0.13181586546628163
14.85897 0.13167997282147104
14.86018 0.1315101070154578
14.86138 0.13134024120944454
14.86259 0.1311703754034313
14.8638 0.1310344827586207
14.865 0.13086461695260743
14.86621 0.13072872430779683
14.86742 0.1305588585017836
14.86862 0.130422965856973
14.86983 0.13025310005095975
14.87104 0.13011720740614915
14.87224 0.12998131476133856
14.87345 0.12984542211652794
14.87466 0.12970952947171735
14.87586 0.12957363682690676
14.87707 0.12943774418209614
14.87828 0.12930185153728554
14.87948 0.12916595889247495
14.88069 0.12906403940886702
14.8819 0.1289281467640564
14.88311 0.1287922541192458
14.88431 0.12869033463563784
14.88552 0.12855444199082725
14.88673 0.1284525225072193
14.88793 0.12835060302361134
14.88914 0.1282486835400034
14.89035 0.12814676405639544
14.89155 0.1280448445727875
14.89276 0.12794292508917954
14.89397 0.1278410056055716
14.89517 0.12773908612196366
14.89638 0.1276371666383557
14.89759 0.1275692203159504
14.89879 0.12746730083234245
14.9 0.12739935450993714
14.90121 0.12733140818753186
14.90241 0.1272294887039239
14.90362 0.12716154238151858
14.90483 0.1270935960591133
14.90603 0.127025649736708
14.90724 0.1269577034143027
14.90845 0.1268897570918974
14.90966 0.12685578393069474
14.91086 0.12678783760828946
14.91207 0.12671989128588415
14.91328 0.1266859181246815
14.91448 0.12661797180227619
14.91569 0.12658399864107356
14.9169 0.1265500254798709
14.9181 0.12651605231866825
14.91931 0.1264820791574656
14.92052 0.12644810599626297
14.92172 0.1264141328350603
14.92293 0.12638015967385763
14.92414 0.12638015967385763
14.92534 0.126346186512655
14.92655 0.12631221335145235
14.92776 0.12631221335145235
14.92896 0.12631221335145235
14.93017 0.12627824019024972
14.93138 0.12627824019024972
14.93259 0.12627824019024972
14.93379 0.12627824019024972
14.935 0.12627824019024972
14.93621 0.12631221335145235
14.93741 0.12631221335145235
14.93862 0.12631221335145235
14.93983 0.126346186512655
14.94103 0.12638015967385763
14.94224 0.1264141328350603
14.94345 0.12644810599626297
14.94465 0.1264820791574656
14.94586 0.12651605231866825
14.94707 0.12658399864107356
14.94827 0.12661797180227619
14.94948 0.1266859181246815
14.95069 0.12671989128588415
14.95189 0.12678783760828946
14.9531 0.12685578393069474
14.95431 0.12692373025310005
14.95551 0.12699167657550534
14.95672 0.1270935960591133
14.95793 0.12716154238151858
14.95914 0.12726346186512655
14.96034 0.1273653813487345
14.96155 0.12746730083234245
14.96276 0.1275692203159504
14.96396 0.12767113979955835
14.96517 0.12780703244436895
14.96638 0.12794292508917954
14.96758 0.1280448445727875
14.96879 0.1281807372175981
14.97 0.12835060302361134
14.9712 0.12848649566842194
14.97241 0.12862238831323253
14.97362 0.1287922541192458
14.97482 0.12896211992525905
14.97603 0.1291319857312723
14.97724 0.12930185153728554
14.97844 0.1294717173432988
14.97965 0.12964158314931204
14.98086 0.1298114489553253
14.98206 0.1300152879225412
14.98327 0.13018515372855444
14.98448 0.13038899269577034
14.98569 0.13059283166298624
14.98689 0.1307626974689995
14.9881 0.1309665364362154
14.98931 0.13120434856463395
14.99051 0.13140818753184982
14.99172 0.13161202649906573
14.99293 0.13184983862748428
14.99413 0.13208765075590284
14.99534 0.13229148972311874
14.99655 0.1325293018515373
14.99775 0.13276711397995583
14.99896 0.1330049261083744
15.00017 0.13324273823679292
15.00137 0.13348055036521148
15.00258 0.13371836249363003
15.00379 0.1339561746220486
15.00499 0.13419398675046712
15.0062 0.13443179887888568
15.00741 0.13466961100730424
15.00861 0.13487344997452014
15.00982 0.13511126210293867
15.01103 0.13534907423135722
15.01224 0.13558688635977578
15.01344 0.13582469848819434
15.01465 0.13606251061661287
15.01586 0.13630032274503143
15.01706 0.13653813487344996
15.01827 0.13677594700186851
15.01948 0.13701375913028707
15.02068 0.13725157125870563
15.02189 0.13748938338712416
15.0231 0.13772719551554272
15.0243 0.13796500764396127
15.02551 0.13820281977237983
15.02672 0.13844063190079836
15.02792 0.13867844402921692
15.02913 0.13891625615763548
15.03034 0.13915406828605403
15.03154 0.13939188041447256
15.03275 0.13962969254289112
15.03396 0.13986750467130965
15.03516 0.14007134363852558
15.03637 0.14030915576694414
15.03758 0.14054696789536264
15.03879 0.1407847800237812
15.03999 0.14102259215219975
15.0412 0.1412604042806183
15.04241 0.14149821640903687
15.04361 0.1417360285374554
15.04482 0.1420078138270766
15.04603 0.14224562595549514
15.04723 0.14251741124511635
15.04844 0.1427552233735349
15.04965 0.1430270086631561
15.05085 0.1432987939527773
15.05206 0.14360455240360115
15.05327 0.14387633769322236
15.05447 0.14414812298284357
15.05568 0.1444538814336674
15.05689 0.1447256667232886
15.05809 0.14503142517411244
15.0593 0.1453371836249363
15.06051 0.14564294207576015
15.06171 0.14594870052658399
15.06292 0.14625445897740785
15.06413 0.1465602174282317
15.06534 0.14686597587905553
15.06654 0.14717173432987937
15.06775 0.1475114659419059
15.06896 0.14781722439272973
15.07016 0.14815695600475626
15.07137 0.14849668761678272
15.07258 0.14883641922880925
15.07378 0.14917615084083574
15.07499 0.14951588245286224
15.0762 0.1498895872260914
15.0774 0.15022931883811788
15.07861 0.15060302361134703
15.07982 0.15097672838457618
15.08102 0.15135043315780533
15.08223 0.15172413793103448
15.08344 0.15209784270426363
15.08464 0.15247154747749278
15.08585 0.15284525225072193
15.08706 0.15321895702395108
15.08826 0.15359266179718023
15.08947 0.15400033973161203
15.09068 0.15437404450484118
15.09189 0.15474774927807033
15.09309 0.15512145405129946
15.0943 0.1554951588245286
15.09551 0.15586886359775776
15.09671 0.15624256837098693
15.09792 0.1566502463054187
15.09913 0.15702395107864786
15.10033 0.15739765585187704
15.10154 0.15777136062510616
15.10275 0.1581450653983353
15.10395 0.15855274333276712
15.10516 0.15892644810599627
15.10637 0.15930015287922542
15.10757 0.15967385765245456
15.10878 0.16008153558688637
15.10999 0.16045524036011552
15.11119 0.16082894513334467
15.1124 0.16123662306777647
15.11361 0.1616103278410056
15.11481 0.16198403261423475
15.11602 0.1623577373874639
15.11723 0.1627654153218957
15.11844 0.16313912009512485
15.11964 0.163512824868354
15.12085 0.16388652964158315
15.12206 0.1642602344148123
15.12326 0.1646679123492441
15.12447 0.16504161712247323
15.12568 0.16541532189570238
15.12688 0.16578902666893156
15.12809 0.1661627314421607
15.1293 0.16657040937659248
15.1305 0.16694411414982166
15.13171 0.1673178189230508
15.13292 0.1677254968574826
15.13412 0.16809920163071174
15.13533 0.16850687956514354
15.13654 0.16888058433837266
15.13774 0.16928826227280447
15.13895 0.1696959402072363
15.14016 0.1701036181416681
15.14137 0.17051129607609988
15.14257 0.1709189740105317
15.14378 0.1713266519449635
15.14499 0.17173432987939527
15.14619 0.17214200781382707
15.1474 0.1725836589094615
15.14861 0.1729913368438933
15.14981 0.17339901477832512
15.15102 0.17384066587395958
15.15223 0.17424834380839138
15.15343 0.1746899949040258
15.15464 0.17509767283845762
15.15585 0.17553932393409208
15.15705 0.1759809750297265
15.15826 0.17642262612536094
15.15947 0.17683030405979275
15.16067 0.1772719551554272
15.16188 0.17771360625106167
15.16309 0.1781552573466961
15.16429 0.17859690844233056
15.1655 0.179038559537965
15.16671 0.1795141837948021
15.16792 0.17995583489043657
15.16912 0.180397485986071
15.17033 0.18087311024290811
15.17154 0.18131476133854255
15.17274 0.181756412434177
15.17395 0.1822320366910141
15.17516 0.18267368778664855
15.17636 0.18314931204348564
15.17757 0.18362493630032276
15.17878 0.1840665873959572
15.17998 0.1845422116527943
15.18119 0.18498386274842873
15.1824 0.18545948700526585
15.1836 0.18590113810090028
15.18481 0.1863767623577374
15.18602 0.18685238661457448
15.18722 0.18729403771020892
15.18843 0.18776966196704603
15.18964 0.18824528622388315
15.19084 0.18868693731951758
15.19205 0.1891625615763547
15.19326 0.18963818583319178
15.19447 0.1901138100900289
15.19567 0.19058943434686595
15.19688 0.19103108544250044
15.19809 0.19150670969933753
15.19929 0.19198233395617462
15.2005 0.1924579582130117
15.20171 0.19293358246984882
15.20291 0.19337523356548325
15.20412 0.19385085782232037
15.20533 0.19432648207915748
15.20653 0.19480210633599457
15.20774 0.19527773059283168
15.20895 0.19575335484966874
15.21015 0.19622897910650586
15.21136 0.19670460336334297
15.21257 0.19718022762018006
15.21377 0.19765585187701717
15.21498 0.19813147613385423
15.21619 0.19857312722948872
15.21739 0.1990487514863258
15.2186 0.1995243757431629
15.21981 0.19999999999999998
15.22102 0.2004756242568371
15.22222 0.2009512485136742
15.22343 0.2014268727705113
15.22464 0.2019024970273484
15.22584 0.20237812128418547
15.22705 0.2028537455410226
15.22826 0.2033293697978597
15.22946 0.20377102089349414
15.23067 0.20424664515033122
15.23188 0.20472226940716834
15.23308 0.20519789366400545
15.23429 0.2056735179208425
15.2355 0.20614914217767963
15.2367 0.2065907932733141
15.23791 0.20706641753015118
15.23912 0.20754204178698826
15.24032 0.20801766604382538
15.24153 0.2084593171394598
15.24274 0.20893494139629692
15.24394 0.209410565653134
15.24515 0.20988618990997113
15.24636 0.21032784100560556
15.24757 0.21080346526244267
15.24877 0.2112790895192798
15.24998 0.21172074061491422
15.25119 0.2121963648717513
15.25239 0.2126380159673858
15.2536 0.21311364022422286
15.25481 0.21358926448105994
15.25601 0.2140309155766944
15.25722 0.2144725666723289
15.25843 0.21494819092916598
15.25963 0.2153898420248004
15.26084 0.2158654662816375
15.26205 0.21630711737727196
15.26325 0.21678274163410907
15.26446 0.2172243927297435
15.26567 0.2177000169865806
15.26687 0.2181756412434177
15.26808 0.21861729233905217
15.26929 0.21909291659588925
15.27049 0.21956854085272637
15.2717 0.22004416510956343
15.27291 0.22051978936640051
15.27412 0.22099541362323763
15.27532 0.22147103788007474
15.27653 0.22194666213691183
15.27774 0.22242228639374895
15.27894 0.22289791065058603
15.28015 0.22337353490742315
15.28136 0.22384915916426024
15.28256 0.22435875658229998
15.28377 0.2248343808391371
15.28498 0.22531000509597418
15.28618 0.22581960251401392
15.28739 0.22629522677085104
15.2886 0.22680482418889078
15.2898 0.22731442160693052
15.29101 0.2277900458637676
15.29222 0.22829964328180735
15.29342 0.2288092406998471
15.29463 0.2293188381178869
15.29584 0.22982843553592663
15.29704 0.23033803295396638
15.29825 0.23088160353320877
15.29946 0.23139120095124852
15.30067 0.2319347715304909
15.30187 0.23247834210973334
15.30308 0.23298793952777305
15.30429 0.23353151010701545
15.30549 0.23407508068625787
15.3067 0.23461865126550024
15.30791 0.23516222184474267
15.30911 0.23570579242398504
15.31032 0.23624936300322746
15.31153 0.2367589604212672
15.31273 0.23730253100050958
15.31394 0.237846101579752
15.31515 0.23838967215899437
15.31635 0.2388992695770341
15.31756 0.23944284015627654
15.31877 0.23995243757431628
15.31997 0.2404960081535587
15.32118 0.24100560557159845
15.32239 0.24154917615084082
15.32359 0.24209274673008324
15.3248 0.24260234414812298
15.32601 0.24314591472736535
15.32722 0.24368948530660778
15.32842 0.24419908272464752
15.32963 0.24474265330388995
15.33084 0.2452522507219297
15.33204 0.24576184813996943
15.33325 0.24627144555800917
15.33446 0.2468150161372516
15.33566 0.24729064039408866
15.33687 0.24780023781212843
15.33808 0.24830983523016817
15.33928 0.24878545948700528
15.34049 0.24926108374384237
15.3417 0.24973670800067949
15.3429 0.25021233225751655
15.34411 0.25068795651435366
15.34532 0.2511635807711907
15.34652 0.2516052318668252
15.34773 0.2520468829624597
15.34894 0.25252250721929675
15.35015 0.2529641583149312
15.35135 0.2534058094105657
15.35256 0.2538474605062001
15.35377 0.25428911160183454
15.35497 0.254730762697469
15.35618 0.2551384406319008
15.35739 0.25558009172753526
15.35859 0.2560217428231697
15.3598 0.2564294207576015
15.36101 0.25687107185323593
15.36221 0.2573127229488704
15.36342 0.25772040088330217
15.36463 0.25816205197893666
15.36583 0.2585697299133684
15.36704 0.25897740784780027
15.36825 0.259385085782232
15.36945 0.2597927637166638
15.37066 0.2602004416510956
15.37187 0.26060811958552743
15.37307 0.26101579751995924
15.37428 0.26138950229318836
15.37549 0.2617971802276202
15.3767 0.26220485816205197
15.3779 0.2626125360964838
15.37911 0.2630202140309156
15.38032 0.26339391880414476
15.38152 0.2638015967385765
15.38273 0.26420927467300837
15.38394 0.2646169526074401
15.38514 0.2650246305418719
15.38635 0.26546628163750635
15.38756 0.26587395957193816
15.38876 0.26628163750636996
15.38997 0.26668931544080177
15.39118 0.26713096653643625
15.39238 0.267538644470868
15.39359 0.2679463224052998
15.3948 0.26838797350093424
15.396 0.26879565143536605
15.39721 0.26923730253100053
15.39842 0.2696449804654323
15.39962 0.27005265839986414
15.40083 0.2704943094954985
15.40204 0.2709019874299304
15.40325 0.2713436385255648
15.40445 0.2717513164599966
15.40566 0.27219296755563105
15.40687 0.27260064549006285
15.40807 0.27300832342449466
15.40928 0.2734499745201291
15.41049 0.2738576524545609
15.41169 0.2742653303889927
15.4129 0.27470698148462713
15.41411 0.27511465941905894
15.41531 0.27555631051469337
15.41652 0.2759639884491252
15.41773 0.27640563954475966
15.41893 0.2768133174791914
15.42014 0.2772549685748259
15.42135 0.27766264650925765
15.42255 0.27810429760489214
15.42376 0.27851197553932394
15.42497 0.27891965347375575
15.42617 0.27932733140818755
15.42738 0.279768982503822
15.42859 0.2801766604382538
15.4298 0.2805843383726856
15.431 0.2809920163071174
15.43221 0.2813996942415492
15.43342 0.28180737217598095
15.43462 0.2822150501104128
15.43583 0.28258875488364193
15.43704 0.28299643281807374
15.43824 0.2834041107525055
15.43945 0.28377781552573467
15.44066 0.28418549346016647
15.44186 0.2845931713945983
15.44307 0.2849668761678274
15.44428 0.28537455410225926
15.44548 0.2857482588754884
15.44669 0.2861559368099202
15.4479 0.2865296415831493
15.4491 0.28690334635637843
15.45031 0.2873110242908103
15.45152 0.2876847290640394
15.45272 0.2880584338372686
15.45393 0.2884321386104977
15.45514 0.2888058433837269
15.45635 0.28921352131815864
15.45755 0.2895872260913878
15.45876 0.28996093086461694
15.45997 0.29033463563784606
15.46117 0.29070834041107524
15.46238 0.2910820451843044
15.46359 0.29145574995753354
15.46479 0.2918294547307627
15.466 0.29216918634278916
15.46721 0.2925428911160184
15.46841 0.2929165958892475
15.46962 0.29329030066247663
15.47083 0.2936300322745032
15.47203 0.2940037370477323
15.47324 0.2943774418209615
15.47445 0.2947171734329879
15.47565 0.2950908782062171
15.47686 0.2954306098182436
15.47807 0.2958043145914727
15.47927 0.2961440462034992
15.48048 0.29648377781552576
15.48169 0.2968574825887549
15.4829 0.2971972142007814
15.4841 0.2975369458128079
15.48531 0.29791065058603705
15.48652 0.29825038219806355
15.48772 0.29859011381009004
15.48893 0.29892984542211654
15.49014 0.29930355019534566
15.49134 0.29964328180737215
15.49255 0.2999830134193987
15.49376 0.3002887718702225
15.49496 0.300628503482249
15.49617 0.3009682350942755
15.49738 0.30130796670630206
15.49858 0.30161372515712587
15.49979 0.30195345676915236
15.501 0.3022592152199762
15.5022 0.30256497367080004
15.50341 0.3029047052828266
15.50462 0.3032104637336504
15.50582 0.30351622218447427
15.50703 0.3038219806352981
15.50824 0.30412773908612195
15.50945 0.3044334975369458
15.51065 0.3047392559877697
15.51186 0.3050450144385935
15.51307 0.30531679972821474
15.51427 0.30562255817903855
15.51548 0.3059283166298624
15.51669 0.3062001019194836
15.51789 0.3064718872091048
15.5191 0.30674367249872597
15.52031 0.3070154577883472
15.52151 0.3072872430779684
15.52272 0.3075590283675896
15.52393 0.30783081365721077
15.52513 0.3080686257856293
15.52634 0.3083064379140479
15.52755 0.30857822320366907
15.52875 0.3088160353320876
15.52996 0.3090538474605062
15.53117 0.30929165958892474
15.53237 0.30949549855614067
15.53358 0.3097333106845592
15.53479 0.30997112281297773
15.536 0.31017496178019366
15.5372 0.31037880074740953
15.53841 0.31058263971462546
15.53962 0.310820451843044
15.54082 0.3109903176490572
15.54203 0.31119415661627314
15.54324 0.3113979955834891
15.54444 0.31156786138950227
15.54565 0.3117717003567182
15.54686 0.31194156616273144
15.54806 0.3121114319687447
15.54927 0.31228129777475794
15.55048 0.3124511635807712
15.55168 0.31262102938678443
15.55289 0.31275692203159505
15.5541 0.3129267878376083
15.5553 0.31306268048241886
15.55651 0.3131985731272295
15.55772 0.3133344657720401
15.55893 0.3134703584168507
15.56013 0.3136062510616613
15.56134 0.3137081705452693
15.56255 0.31384406319007985
15.56375 0.31397995583489047
15.56496 0.3140818753184984
15.56617 0.31418379480210634
15.56737 0.31431968744691696
15.56858 0.31442160693052484
15.56979 0.3145574995753355
15.57099 0.3146594190589434
15.5722 0.3147613385425514
15.57341 0.31486325802615933
15.57461 0.31496517750976727
15.57582 0.31506709699337526
15.57703 0.3151690164769832
15.57823 0.31527093596059114
15.57944 0.31533888228299645
15.58065 0.3154408017666044
15.58185 0.31550874808900964
15.58306 0.31561066757261763
15.58427 0.31567861389502294
15.58548 0.3157805333786309
15.58668 0.3158484797010362
15.58789 0.3159164260234415
15.5891 0.31601834550704944
15.5903 0.31608629182945475
15.59151 0.31615423815186006
15.59272 0.3162221844742653
15.59392 0.31632410395787325
15.59513 0.3163920502802786
15.59634 0.31645999660268387
15.59754 0.3165279429250892
15.59875 0.3165958892474945
15.59996 0.3166638355698998
15.60116 0.31673178189230505
15.60237 0.31679972821471036
15.60358 0.3168676745371157
15.60478 0.316935620859521
15.60599 0.3170035671819263
15.6072 0.31707151350433155
15.6084 0.31710548666553423
15.60961 0.31717343298793954
15.61082 0.31724137931034485
15.61203 0.3172753524715475
15.61323 0.3173432987939528
15.61444 0.3173772719551554
15.61565 0.3174452182775607
15.61685 0.3174791914387634
15.61806 0.31751316459996604
15.61927 0.31754713776116866
15.62047 0.3175811109223713
15.62168 0.3176490572447766
15.62289 0.3176830304059793
15.62409 0.3176830304059793
15.6253 0.31771700356718197
15.62651 0.3177509767283846
15.62771 0.3177849498895872
15.62892 0.31781892305078985
15.63013 0.31781892305078985
15.63133 0.31785289621199253
15.63254 0.31788686937319516
15.63375 0.31788686937319516
15.63495 0.31792084253439784
15.63616 0.31792084253439784
15.63737 0.3179548156956005
15.63858 0.3179548156956005
15.63978 0.3179548156956005
15.64099 0.31798878885680315
15.6422 0.31798878885680315
15.6434 0.31798878885680315
15.64461 0.31798878885680315
15.64582 0.3180227620180058
15.64702 0.3180227620180058
15.64823 0.3180227620180058
15.64944 0.3180227620180058
15.65064 0.31798878885680315
15.65185 0.31798878885680315
15.65306 0.31798878885680315
15.65426 0.31798878885680315
15.65547 0.31798878885680315
15.65668 0.3179548156956005
15.65788 0.3179548156956005
15.65909 0.3179548156956005
15.6603 0.3179548156956005
15.6615 0.31792084253439784
15.66271 0.31792084253439784
15.66392 0.31788686937319516
15.66513 0.31788686937319516
15.66633 0.31788686937319516
15.66754 0.31785289621199253
15.66875 0.31785289621199253
15.66995 0.31781892305078985
15.67116 0.31781892305078985
15.67237 0.3177849498895872
15.67357 0.3177849498895872
15.67478 0.3177509767283846
15.67599 0.3177509767283846
15.67719 0.31771700356718197
15.6784 0.3176830304059793
15.67961 0.3176830304059793
15.68081 0.3176490572447766
15.68202 0.317615084083574
15.68323 0.3175811109223713
15.68443 0.3175811109223713
15.68564 0.31754713776116866
15.68685 0.31751316459996604
15.68805 0.3174791914387634
15.68926 0.3174452182775607
15.69047 0.3174452182775607
15.69168 0.3174112451163581
15.69288 0.3173772719551554
15.69409 0.3173432987939528
15.6953 0.3172753524715475
15.6965 0.31724137931034485
15.69771 0.31720740614914217
15.69892 0.31717343298793954
15.70012 0.31713945982673686
15.70133 0.31710548666553423
15.70254 0.31707151350433155
15.70374 0.3170375403431289
15.70495 0.3170035671819263
15.70616 0.316935620859521
15.70736 0.31690164769831836
15.70857 0.3168676745371157
15.70978 0.316833701375913
15.71098 0.31679972821471036
15.71219 0.31676575505350774
15.7134 0.31676575505350774
15.7146 0.31673178189230505
15.71581 0.3166978087311024
15.71702 0.3166638355698998
15.71823 0.31662986240869717
15.71943 0.3165958892474945
15.72064 0.3165619160862918
15.72185 0.3165279429250892
15.72305 0.31649396976388655
15.72426 0.31645999660268387
15.72547 0.31642602344148124
15.72667 0.3163920502802786
15.72788 0.31635807711907593
15.72909 0.31635807711907593
15.73029 0.31632410395787325
15.7315 0.31632410395787325
15.73271 0.3162901307966706
15.73391 0.3162901307966706
15.73512 0.3162901307966706
15.73633 0.3162901307966706
15.73753 0.3162901307966706
15.73874 0.3162901307966706
15.73995 0.3162901307966706
15.74115 0.3162901307966706
15.74236 0.3162901307966706
15.74357 0.31632410395787325
15.74478 0.31632410395787325
15.74598 0.31635807711907593
15.74719 0.31635807711907593
15.7484 0.3163920502802786
15.7496 0.3163920502802786
15.75081 0.31642602344148124
15.75202 0.31645999660268387
15.75322 0.31649396976388655
15.75443 0.31649396976388655
15.75564 0.3165279429250892
15.75684 0.3165619160862918
15.75805 0.3165958892474945
15.75926 0.31662986240869717
15.76046 0.3166638355698998
15.76167 0.3166978087311024
15.76288 0.31673178189230505
15.76408 0.31676575505350774
15.76529 0.31679972821471036
15.7665 0.3168676745371157
15.76771 0.31690164769831836
15.76891 0.316935620859521
15.77012 0.3170035671819263
15.77133 0.3170375403431289
15.77253 0.31710548666553423
15.77374 0.31713945982673686
15.77495 0.31717343298793954
15.77615 0.31724137931034485
15.77736 0.3172753524715475
15.77857 0.3173093256327501
15.77977 0.3173772719551554
15.78098 0.3174112451163581
15.78219 0.3174452182775607
15.78339 0.3174791914387634
15.7846 0.31751316459996604
15.78581 0.31754713776116866
15.78701 0.31754713776116866
15.78822 0.3175811109223713
15.78943 0.317615084083574
15.79063 0.317615084083574
15.79184 0.3176490572447766
15.79305 0.3176830304059793
15.79426 0.3176830304059793
15.79546 0.31771700356718197
15.79667 0.31771700356718197
15.79788 0.3177509767283846
15.79908 0.3177509767283846
15.80029 0.3177849498895872
15.8015 0.3177849498895872
15.8027 0.31781892305078985
15.80391 0.31785289621199253
15.80512 0.31785289621199253
15.80632 0.31788686937319516
15.80753 0.31788686937319516
15.80874 0.31792084253439784
15.80994 0.31792084253439784
15.81115 0.3179548156956005
15.81236 0.3179548156956005
15.81356 0.31798878885680315
15.81477 0.31798878885680315
15.81598 0.31798878885680315
15.81718 0.3180227620180058
15.81839 0.3180227620180058
15.8196 0.3180567351792084
15.82081 0.3180567351792084
15.82201 0.3180907083404111
15.82322 0.3180907083404111
15.82443 0.3181246815016137
15.82563 0.3181246815016137
15.82684 0.31815865466281634
15.82805 0.318192627824019
15.82925 0.3182266009852217
15.83046 0.31826057414642434
15.83167 0.31829454730762696
15.83287 0.31832852046882965
15.83408 0.3183624936300323
15.83529 0.3183964667912349
15.83649 0.3184644131136402
15.8377 0.3184983862748429
15.83891 0.3185663325972482
15.84011 0.31860030575845083
15.84132 0.3186682520808561
15.84253 0.31873619840326145
15.84373 0.31880414472566676
15.84494 0.3188381178868694
15.84615 0.31890606420927464
15.84736 0.31897401053167995
15.84856 0.31904195685408526
15.84977 0.31907593001528795
15.85098 0.3191438763376932
15.85218 0.3192118226600985
15.85339 0.31924579582130114
15.8546 0.3193137421437065
15.8558 0.31934771530490913
15.85701 0.31941566162731444
15.85822 0.31944963478851707
15.85942 0.3195175811109224
15.86063 0.31955155427212506
15.86184 0.3196195005945303
15.86304 0.31965347375573294
15.86425 0.31972142007813825
15.86546 0.3197553932393409
15.86666 0.31982333956174624
15.86787 0.31985731272294887
15.86908 0.3198912858841515
15.87028 0.3199592322065568
15.87149 0.31999320536775944
15.8727 0.3200611516901648
15.87391 0.32009512485136743
15.87511 0.32012909801257006
15.87632 0.32019704433497537
15.87753 0.320231017496178
15.87873 0.3202649906573807
15.87994 0.3202989638185833
15.88115 0.3203669101409886
15.88235 0.3204008833021913
15.88356 0.3204348564633939
15.88477 0.32046882962459655
15.88597 0.3205028027857992
15.88718 0.32053677594700186
15.88839 0.3205707491082045
15.88959 0.32060472226940717
15.8908 0.32063869543060985
15.89201 0.3206726685918125
15.89321 0.3207066417530151
15.89442 0.3207066417530151
15.89563 0.32074061491421774
15.89683 0.3207745880754204
15.89804 0.32080856123662305
15.89925 0.32084253439782573
15.90046 0.3208765075590284
15.90166 0.32091048072023104
15.90287 0.32094445388143367
15.90408 0.321012400203839
15.90528 0.3210463733650416
15.90649 0.32108034652624423
15.9077 0.3211143196874469
15.9089 0.3211482928486496
15.91011 0.3211822660098522
15.91132 0.32121623917105485
15.91252 0.32125021233225753
15.91373 0.32128418549346016
15.91494 0.3213181586546628
15.91614 0.32138610497706815
15.91735 0.3214200781382708
15.91856 0.3214540512994734
15.91976 0.3214880244606761
15.92097 0.3215219976218787
15.92218 0.321589943944284
15.92338 0.32162391710548666
15.92459 0.32169186342789197
15.9258 0.32172583658909465
15.92701 0.3217937829114999
15.92821 0.3218617292339052
15.92942 0.3219296755563105
15.93063 0.32199762187871583
15.93183 0.3220655682011211
15.93304 0.3221335145235264
15.93425 0.3222014608459317
15.93545 0.322269407168337
15.93666 0.32237132665194496
15.93787 0.32243927297435027
15.93907 0.3225072192967556
15.94028 0.3226091387803635
15.94149 0.3227110582639715
15.94269 0.32277900458637676
15.9439 0.3228809240699847
15.94511 0.32294887039239
15.94631 0.32305078987599795
15.94752 0.3231527093596059
15.94873 0.3232546288432139
15.94993 0.3233565483268218
15.95114 0.32345846781042975
15.95235 0.32356038729403774
15.95356 0.3236623067776456
15.95476 0.3237642262612536
15.95597 0.32386614574486156
15.95718 0.3239680652284695
15.95838 0.3240699847120775
15.95959 0.32420587735688805
15.9608 0.32430779684049604
15.962 0.3244436894853066
15.96321 0.32454560896891455
15.96442 0.32468150161372517
15.96562 0.3247834210973331
15.96683 0.3249193137421437
15.96804 0.3250552063869543
15.96924 0.3251571258705623
15.97045 0.32529301851537284
15.97166 0.32542891116018346
15.97286 0.32556480380499403
15.97407 0.325666723288602
15.97528 0.3258026159334126
15.97648 0.3259385085782232
15.97769 0.32604042806183114
15.9789 0.32617632070664176
15.98011 0.32631221335145233
15.98131 0.3264141328350603
15.98252 0.3265500254798709
15.98373 0.3266859181246815
15.98493 0.32682181076949207
15.98614 0.32692373025310006
15.98735 0.32705962289791063
15.98855 0.32719551554272125
15.98976 0.32733140818753187
15.99097 0.32743332767113975
15.99217 0.3275692203159504
15.99338 0.327705112960761
15.99459 0.3278410056055716
15.99579 0.3279768982503822
15.997 0.3281127908951928
15.99821 0.32821471037880073
15.99941 0.32835060302361135
16.00062 0.3284864956684219
16.00183 0.32862238831323254
16.00304 0.3287582809580431
16.00424 0.3288941736028537
16.00545 0.32903006624766434
16.00666 0.32916595889247496
16.00786 0.32930185153728553
16.00907 0.3294037710208935
16.01028 0.3295396636657041
16.01148 0.3296755563105147
16.01269 0.32981144895532527
16.0139 0.3299473416001359
16.0151 0.33008323424494646
16.01631 0.3302191268897571
16.01752 0.33035501953456764
16.01872 0.3304909121793783
16.01993 0.3306268048241889
16.02114 0.3307626974689995
16.02234 0.33089859011381006
16.02355 0.3310684559198233
16.02476 0.33120434856463393
16.02596 0.3313742143706472
16.02717 0.3315101070154578
16.02838 0.331679972821471
16.02959 0.3318498386274843
16.03079 0.3319857312722949
16.032 0.3321555970783081
16.03321 0.3323254628843214
16.03441 0.33249532869033466
16.03562 0.33266519449634785
16.03683 0.33283506030236115
16.03803 0.33300492610837434
16.03924 0.3332087650755903
16.04045 0.3333786308816035
16.04165 0.33354849668761677
16.04286 0.33375233565483264
16.04407 0.33392220146084595
16.04527 0.3341260404280619
16.04648 0.3343298793952777
16.04769 0.334499745201291
16.04889 0.3347035841685069
16.0501 0.3349074231357228
16.05131 0.3351112621029387
16.05251 0.33531510107015455
16.05372 0.3355189400373705
16.05493 0.33575675216578904
16.05614 0.33596059113300497
16.05734 0.3361984032614235
16.05855 0.33640224222863935
16.05976 0.3366400543570579
16.06096 0.33687786648547646
16.06217 0.337115678613895
16.06338 0.3373534907423136
16.06458 0.33759130287073214
16.06579 0.3378291149991507
16.067 0.33806692712756925
16.0682 0.33830473925598775
16.06941 0.33857652454560894
16.07062 0.3388143366740275
16.07182 0.33905214880244605
16.07303 0.3392899609308646
16.07424 0.3395617462204858
16.07544 0.33979955834890435
16.07665 0.3400373704773229
16.07786 0.3403091557669441
16.07906 0.34054696789536265
16.08027 0.3407847800237812
16.08148 0.3410565653134024
16.08269 0.34129437744182095
16.08389 0.3415661627314422
16.0851 0.34180397485986075
16.08631 0.34207576014948193
16.08751 0.3423475454391031
16.08872 0.3425853575675217
16.08993 0.34285714285714286
16.09113 0.3431289281467641
16.09234 0.3434007134363853
16.09355 0.34363852556480384
16.09475 0.343910310854425
16.09596 0.3441820961440462
16.09717 0.34441990827246477
16.09837 0.34469169356208595
16.09958 0.3449634788517072
16.10079 0.3452352641413284
16.10199 0.3454730762697469
16.1032 0.3457448615593681
16.10441 0.3459826736877866
16.10561 0.3462544589774078
16.10682 0.34652624426702905
16.10803 0.34676405639544755
16.10924 0.3470358416850688
16.11044 0.34727365381348735
16.11165 0.34754543910310853
16.11286 0.3477832512315271
16.11406 0.3480550365211483
16.11527 0.34829284864956683
16.11648 0.348564633939188
16.11768 0.3488364192288092
16.11889 0.34907423135722776
16.1201 0.349346016646849
16.1213 0.3496178019364702
16.12251 0.34985561406488874
16.12372 0.3501273993545099
16.12492 0.3503991846441311
16.12613 0.35067096993375235
16.12734 0.35094275522337354
16.12854 0.3511805673517921
16.12975 0.3514523526414133
16.13096 0.35172413793103446
16.13216 0.35199592322065565
16.13337 0.3522677085102769
16.13458 0.3525394937998981
16.13579 0.35281127908951926
16.13699 0.35308306437914044
16.1382 0.3533548496687617
16.13941 0.35362663495838287
16.14061 0.35389842024800405
16.14182 0.35417020553762524
16.14303 0.3544419908272465
16.14423 0.35471377611686766
16.14544 0.35501953456769153
16.14665 0.35529131985731277
16.14785 0.35556310514693396
16.14906 0.35586886359775777
16.15027 0.356140648887379
16.15147 0.3564464073382028
16.15268 0.356718192627824
16.15389 0.35702395107864787
16.15509 0.3573297095294717
16.1563 0.35763546798029555
16.15751 0.35790725326991674
16.15871 0.35821301172074066
16.15992 0.35851877017156447
16.16113 0.35882452862238834
16.16234 0.35913028707321215
16.16354 0.359436045524036
16.16475 0.3597757771360625
16.16596 0.3600815355868864
16.16716 0.3603872940377102
16.16837 0.36069305248853406
16.16958 0.36103278410056056
16.17078 0.36133854255138437
16.17199 0.3616782741634109
16.1732 0.3619840326142348
16.1744 0.3623237642262612
16.17561 0.3626295226770851
16.17682 0.36296925428911164
16.17802 0.3633089859011381
16.17923 0.3636487175131646
16.18044 0.36398844912519107
16.18164 0.3643281807372176
16.18285 0.3646679123492441
16.18406 0.36500764396127056
16.18526 0.3653473755732971
16.18647 0.3656871071853236
16.18768 0.3660608119585527
16.18889 0.3664005435705793
16.19009 0.36674027518260577
16.1913 0.3671139799558349
16.19251 0.3674537115678614
16.19371 0.36782741634109056
16.19492 0.368167147953117
16.19613 0.3685408527263462
16.19733 0.3688805843383727
16.19854 0.3692542891116018
16.19975 0.36959402072362835
16.20095 0.36996772549685747
16.20216 0.37030745710888396
16.20337 0.37068116188211314
16.20457 0.37102089349413964
16.20578 0.37139459826736876
16.20699 0.3717343298793953
16.20819 0.37210803465262443
16.2094 0.37248173942585355
16.21061 0.37285544419908273
16.21182 0.3731951758111092
16.21302 0.3735688805843384
16.21423 0.3739425853575675
16.21544 0.37431629013079665
16.21664 0.3746560217428232
16.21785 0.3750297265160523
16.21906 0.3754034312892815
16.22026 0.375743162901308
16.22147 0.3761168676745371
16.22268 0.3764565992865636
16.22388 0.3768303040597928
16.22509 0.3771700356718192
16.2263 0.3775097672838458
16.2275 0.37784949889587227
16.22871 0.37818923050789877
16.22992 0.37852896211992526
16.23112 0.37886869373195176
16.23233 0.37920842534397825
16.23354 0.37954815695600475
16.23474 0.37988788856803124
16.23595 0.3801936470188551
16.23716 0.3805333786308816
16.23837 0.3808731102429081
16.23957 0.3811788686937319
16.24078 0.38151860030575846
16.24199 0.3818243587565823
16.24319 0.3821640903686088
16.2444 0.38246984881943263
16.24561 0.3827756072702565
16.24681 0.38308136572108037
16.24802 0.38342109733310686
16.24923 0.3837268557839307
16.25043 0.38403261423475454
16.25164 0.38433837268557836
16.25285 0.3846441311364022
16.25405 0.3849498895872261
16.25526 0.38522167487684733
16.25647 0.38552743332767114
16.25767 0.385833191778495
16.25888 0.3861049770681162
16.26009 0.38641073551894
16.26129 0.38668252080856125
16.2625 0.38695430609818243
16.26371 0.3872260913878036
16.26492 0.3875318498386275
16.26612 0.38780363512824867
16.26733 0.38807542041786985
16.26854 0.38834720570749104
16.26974 0.3886189909971123
16.27095 0.38889077628673346
16.27216 0.38916256157635465
16.27336 0.3894343468659759
16.27457 0.38974010531679976
16.27578 0.39001189060642094
16.27698 0.3902836758960421
16.27819 0.39055546118566337
16.2794 0.39082724647528455
16.2806 0.39109903176490574
16.28181 0.3914047902157296
16.28302 0.3916765755053508
16.28422 0.391948360794972
16.28543 0.39222014608459316
16.28664 0.39249193137421434
16.28784 0.3927976898250382
16.28905 0.3930694751146594
16.29026 0.3933412604042806
16.29147 0.3936130456939018
16.29267 0.393884830983523
16.29388 0.3941566162731442
16.29509 0.39446237472396806
16.29629 0.3947341600135893
16.2975 0.3950059453032105
16.29871 0.39527773059283167
16.29991 0.3955495158824529
16.30112 0.3958213011720741
16.30233 0.3960930864616953
16.30353 0.39639884491251914
16.30474 0.39667063020214033
16.30595 0.3969424154917615
16.30715 0.3972142007813827
16.30836 0.39748598607100394
16.30957 0.3977577713606251
16.31077 0.39806352981144894
16.31198 0.3983353151010701
16.31319 0.39860710039069136
16.31439 0.39887888568031254
16.3156 0.39915067096993373
16.31681 0.3994564294207576
16.31802 0.3997282147103788
16.31922 0.39999999999999997
16.32043 0.40027178528962115
16.32164 0.4005435705792424
16.32284 0.4008153558688636
16.32405 0.4010871411584848
16.32526 0.401358926448106
16.32646 0.4016307117377272
16.32767 0.4019024970273484
16.32888 0.40214030915576693
16.33008 0.40241209444538817
16.33129 0.40264990657380667
16.3325 0.40292169186342786
16.3337 0.4031595039918464
16.33491 0.40339731612026497
16.33612 0.40363512824868353
16.33732 0.4039069135383047
16.33853 0.40414472566672327
16.33974 0.4043825377951418
16.34094 0.4046203499235604
16.34215 0.40485816205197894
16.34336 0.4050620010191948
16.34457 0.4052998131476134
16.34577 0.40553762527603193
16.34698 0.4057754374044505
16.34819 0.40601324953286905
16.34939 0.4062510616612876
16.3506 0.4064549006285035
16.35181 0.40669271275692204
16.35301 0.4069305248853406
16.35422 0.4071683370137591
16.35543 0.40740614914217765
16.35663 0.4076439612705962
16.35784 0.40788177339901477
16.35905 0.4080856123662307
16.36025 0.40832342449464926
16.36146 0.4085612366230678
16.36267 0.4087650755902837
16.36387 0.4090028877187022
16.36508 0.40924069984712075
16.36629 0.4094445388143367
16.36749 0.40968235094275524
16.3687 0.4098861899099711
16.36991 0.41012400203838967
16.37112 0.4103618141668082
16.37232 0.4105996262952267
16.37353 0.41080346526244266
16.37474 0.4110412773908612
16.37594 0.4112790895192798
16.37715 0.41151690164769833
16.37836 0.4117886869373195
16.37956 0.41202649906573807
16.38077 0.41229828435535926
16.38198 0.4125360964837778
16.38318 0.41280788177339905
16.38439 0.41307966706302024
16.3856 0.4133514523526414
16.3868 0.4136232376422626
16.38801 0.4138950229318838
16.38922 0.41420078138270766
16.39042 0.41447256667232885
16.39163 0.41474435196195003
16.39284 0.4150501104127739
16.39404 0.4153218957023951
16.39525 0.41562765415321895
16.39646 0.4159334126040428
16.39767 0.4162391710548667
16.39887 0.41651095634448787
16.40008 0.4168167147953117
16.40129 0.41712247324613555
16.40249 0.41742823169695936
16.4037 0.41773399014778323
16.40491 0.4180397485986071
16.40611 0.41834550704943096
16.40732 0.41865126550025483
16.40853 0.41895702395107864
16.40973 0.4192627824019025
16.41094 0.4195685408527263
16.41215 0.4199082724647529
16.41335 0.4202140309155767
16.41456 0.4205537625276032
16.41577 0.42085952097842705
16.41697 0.42119925259045354
16.41818 0.42153898420248004
16.41939 0.4218447426533039
16.4206 0.4221844742653304
16.4218 0.4225242058773569
16.42301 0.42282996432818076
16.42422 0.42316969594020726
16.42542 0.42350942755223375
16.42663 0.42381518600305756
16.42784 0.42412094445388143
16.42904 0.4244606760659079
16.43025 0.4247664345167318
16.43146 0.42507219296755566
16.43266 0.4253779514183794
16.43387 0.4256837098692033
16.43508 0.4259554951588245
16.43628 0.4262612536096484
16.43749 0.4265330388992696
16.4387 0.42683879735009345
16.4399 0.42711058263971463
16.44111 0.4274163410905385
16.44232 0.4276881263801597
16.44352 0.42795991166978087
16.44473 0.42823169695940205
16.44594 0.42850348224902324
16.44715 0.4287752675386444
16.44835 0.4290470528282657
16.44956 0.4293188381178869
16.45077 0.4295906234075081
16.45197 0.4298624086971293
16.45318 0.4301002208255478
16.45439 0.43037200611516896
16.45559 0.43060981824358757
16.4568 0.4308476303720061
16.45801 0.4310854425004247
16.45921 0.4313232546288432
16.46042 0.4315610667572618
16.46163 0.4317988788856803
16.46283 0.43203669101409886
16.46404 0.4322405299813148
16.46525 0.4324443689485306
16.46645 0.43264820791574654
16.46766 0.43288602004416515
16.46887 0.43308985901138103
16.47007 0.4332597248173943
16.47128 0.4334635637846102
16.47249 0.4336674027518261
16.4737 0.4338712417190419
16.4749 0.43404110752505526
16.47611 0.4342449464922711
16.47732 0.4344148122982844
16.47852 0.4346186512655002
16.47973 0.43478851707151356
16.48094 0.4349923560387294
16.48214 0.4351622218447427
16.48335 0.4353660608119585
16.48456 0.4355359266179718
16.48576 0.43570579242398505
16.48697 0.435909631391201
16.48818 0.4360794971972142
16.48938 0.4362493630032274
16.49059 0.43645320197044335
16.4918 0.4366230677764566
16.493 0.4367929335824698
16.49421 0.43696279938848315
16.49542 0.4371326651944964
16.49662 0.4373025310005096
16.49783 0.43747239680652283
16.49904 0.4376422626125361
16.50025 0.4378121284185494
16.50145 0.43794802106335995
16.50266 0.43811788686937314
16.50387 0.4382877526753865
16.50507 0.43845761848139975
16.50628 0.43862748428741294
16.50749 0.4387973500934262
16.50869 0.43896721589943943
16.5099 0.43913708170545274
16.51111 0.439306947511466
16.51231 0.4394768133174792
16.51352 0.4396466791234924
16.51473 0.43981654492950567
16.51593 0.4399864107355189
16.51714 0.4401562765415322
16.51835 0.44032614234754547
16.51955 0.44049600815355866
16.52076 0.4406658739595719
16.52197 0.44083573976558516
16.52317 0.44100560557159846
16.52438 0.4411754713776117
16.52559 0.44134533718362495
16.5268 0.44151520298963814
16.528 0.4416850687956514
16.52921 0.4418889077628673
16.53042 0.4420587735688806
16.53162 0.4422286393748939
16.53283 0.44239850518090706
16.53404 0.4425683709869203
16.53524 0.44273823679293356
16.53645 0.44290810259894686
16.53766 0.4430779684049601
16.53886 0.44328180737217604
16.54007 0.44345167317818923
16.54128 0.4436215389842025
16.54248 0.4437914047902157
16.54369 0.443961270596229
16.5449 0.4441311364022423
16.5461 0.4443349753694581
16.54731 0.4445048411754714
16.54852 0.44467470698148465
16.54972 0.4448445727874979
16.55093 0.4450144385935111
16.55214 0.44518430439952433
16.55335 0.44538814336674026
16.55455 0.4455580091727535
16.55576 0.4457278749787668
16.55697 0.44593171394598263
16.55817 0.44610157975199594
16.55938 0.44630541871921176
16.56059 0.4464752845252251
16.56179 0.44667912349244104
16.563 0.44684898929845424
16.56421 0.44705282826567017
16.56541 0.447256667232886
16.56662 0.4474265330388993
16.56783 0.4476303720061151
16.56903 0.44783421097333104
16.57024 0.44803804994054697
16.57145 0.4482418889077629
16.57265 0.4484457278749788
16.57386 0.4486495668421947
16.57507 0.4488534058094105
16.57627 0.44905724477662645
16.57748 0.4492610837438423
16.57869 0.44949889587226094
16.5799 0.44970273483947676
16.5811 0.4499065738066927
16.58231 0.4501104127739086
16.58352 0.4503482249023272
16.58472 0.450552063869543
16.58593 0.4507559028367589
16.58714 0.45099371496517754
16.58834 0.45119755393239347
16.58955 0.45143536606081197
16.59076 0.45163920502802785
16.59196 0.45187701715644635
16.59317 0.45211482928486496
16.59438 0.4523186682520809
16.59558 0.4525564803804994
16.59679 0.452794292508918
16.598 0.4530321046373365
16.5992 0.45326991676575507
16.60041 0.45350772889417357
16.60162 0.4537455410225922
16.60282 0.4539833531510107
16.60403 0.4542211652794293
16.60524 0.4544929505690505
16.60645 0.454730762697469
16.60765 0.4549685748258876
16.60886 0.4552063869543061
16.61007 0.4554441990827247
16.61127 0.4556820112111432
16.61248 0.45591982333956177
16.61369 0.45615763546798027
16.61489 0.4563614744351962
16.6161 0.4565992865636147
16.61731 0.45680312553083063
16.61851 0.45704093765924925
16.61972 0.45724477662646507
16.62093 0.45744861559368094
16.62213 0.45768642772209955
16.62334 0.4578902666893155
16.62455 0.4580941056565313
16.62575 0.4583319177849499
16.62696 0.4585357567521658
16.62817 0.4587395957193817
16.62938 0.45894343468659754
16.63058 0.45914727365381347
16.63179 0.4593511126210294
16.633 0.4595549515882453
16.6342 0.4597587905554612
16.63541 0.45996262952267714
16.63662 0.4601324953286903
16.63782 0.46033633429590626
16.63903 0.4605062001019195
16.64024 0.46071003906913544
16.64144 0.4608799048751486
16.64265 0.4610497706811619
16.64386 0.4612196364871751
16.64506 0.46135552913198574
16.64627 0.461525394937999
16.64748 0.4616612875828096
16.64868 0.46183115338882286
16.64989 0.4619670460336334
16.6511 0.46210293867844404
16.6523 0.4622388313232546
16.65351 0.4623747239680652
16.65472 0.46247664345167316
16.65593 0.46261253609648384
16.65713 0.46274842874129435
16.65834 0.46285034822490234
16.65955 0.4629522677085103
16.66075 0.46308816035332084
16.66196 0.4631900798369288
16.66317 0.4632919993205367
16.66437 0.4633939188041447
16.66558 0.46349583828775265
16.66679 0.46359775777136064
16.66799 0.4636996772549686
16.6692 0.46376762357737383
16.67041 0.4638695430609818
16.67161 0.46397146254458976
16.67282 0.464039408866995
16.67403 0.464141328350603
16.67523 0.4642092746730084
16.67644 0.46427722099541363
16.67765 0.46437914047902157
16.67885 0.4644470868014269
16.68006 0.46451503312383213
16.68127 0.4645490062850348
16.68248 0.46461695260744007
16.68368 0.4646848989298455
16.68489 0.46475284525225075
16.6861 0.4647868184134533
16.6873 0.4648547647358587
16.68851 0.464922711058264
16.68972 0.4649566842194667
16.69092 0.46499065738066925
16.69213 0.4650586037030746
16.69334 0.4650925768642772
16.69454 0.4651605231866825
16.69575 0.4651944963478852
16.69696 0.46526244267029043
16.69816 0.4652964158314931
16.69937 0.4653303889926958
16.70058 0.46539833531510105
16.70178 0.46543230847630374
16.70299 0.46546628163750636
16.7042 0.46553422795991173
16.7054 0.4655682011211143
16.70661 0.465602174282317
16.70782 0.46563614744351955
16.70903 0.46567012060472224
16.71023 0.4657040937659249
16.71144 0.46573806692712755
16.71265 0.46577204008833023
16.71385 0.4658060132495329
16.71506 0.4658399864107355
16.71627 0.46587395957193817
16.71747 0.46590793273314085
16.71868 0.4659419058943434
16.71989 0.4659758790555461
16.72109 0.46600985221674873
16.7223 0.46600985221674873
16.72351 0.4660438253779514
16.72471 0.4660777985391541
16.72592 0.46611177170035667
16.72713 0.46614574486155935
16.72833 0.46617971802276204
16.72954 0.46621369118396466
16.73075 0.46624766434516735
16.73195 0.46628163750637003
16.73316 0.4663156106675726
16.73437 0.4663156106675726
16.73558 0.4663495838287753
16.73678 0.46638355698997797
16.73799 0.46641753015118054
16.7392 0.4664515033123832
16.7404 0.46648547647358585
16.74161 0.46648547647358585
16.74282 0.46651944963478853
16.74402 0.4665534227959912
16.74523 0.4665873959571938
16.74644 0.46662136911839647
16.74764 0.46665534227959915
16.74885 0.4666893154408017
16.75006 0.4667232886020044
16.75126 0.4667572617632071
16.75247 0.4667912349244097
16.75368 0.4668252080856124
16.75488 0.46685918124681497
16.75609 0.46689315440801765
16.7573 0.46692712756922033
16.7585 0.4669950738916256
16.75971 0.4670290470528283
16.76092 0.4670630202140309
16.76213 0.4670969933752336
16.76333 0.46716493969763884
16.76454 0.4671989128588415
16.76575 0.4672328860200442
16.76695 0.4672668591812468
16.76816 0.4673348055036521
16.76937 0.46736877866485477
16.77057 0.46740275182605745
16.77178 0.4674706981484627
16.77299 0.4675046713096654
16.77419 0.4675726176320707
16.7754 0.4676065907932734
16.77661 0.46764056395447595
16.77781 0.4677085102768812
16.77902 0.4677424834380839
16.78023 0.4678104297604892
16.78143 0.4678444029216919
16.78264 0.46791234924409714
16.78385 0.4679463224052998
16.78505 0.4680142687277051
16.78626 0.46804824188890776
16.78747 0.46811618821131307
16.78868 0.4681841345337183
16.78988 0.4682520808561237
16.79109 0.46828605401732626
16.7923 0.4683540003397316
16.7935 0.46842194666213693
16.79471 0.4684559198233396
16.79592 0.46852386614574487
16.79712 0.4685918124681501
16.79833 0.4686257856293528
16.79954 0.4686937319517581
16.80074 0.4687277051129608
16.80195 0.4687616782741634
16.80316 0.46879565143536606
16.80436 0.4688635977577713
16.80557 0.46889757091897405
16.80678 0.46889757091897405
16.80798 0.46893154408017673
16.80919 0.4689655172413793
16.8104 0.468999490402582
16.8116 0.46903346356378456
16.81281 0.46903346356378456
16.81402 0.46906743672498724
16.81523 0.4691014098861899
16.81643 0.4691014098861899
16.81764 0.46913538304739255
16.81885 0.46913538304739255
16.82005 0.46913538304739255
16.82126 0.46916935620859523
16.82247 0.46916935620859523
16.82367 0.46916935620859523
16.82488 0.46916935620859523
16.82609 0.46916935620859523
16.82729 0.46913538304739255
16.8285 0.46913538304739255
16.82971 0.4691014098861899
16.83091 0.46906743672498724
16.83212 0.46903346356378456
16.83333 0.468999490402582
16.83453 0.4689655172413793
16.83574 0.46889757091897405
16.83695 0.4688635977577713
16.83816 0.46879565143536606
16.83936 0.4687277051129608
16.84057 0.46865975879055544
16.84178 0.46855783930694744
16.84298 0.4684898929845422
16.84419 0.46838797350093425
16.8454 0.46832002717852894
16.8466 0.468218107694921
16.84781 0.46811618821131307
16.84902 0.4680142687277051
16.85022 0.46791234924409714
16.85143 0.4678104297604892
16.85264 0.46767453711567863
16.85384 0.4675726176320707
16.85505 0.4674706981484627
16.85626 0.46736877866485477
16.85746 0.4672328860200442
16.85867 0.46713096653643627
16.85988 0.4670290470528283
16.86108 0.46689315440801765
16.86229 0.4667912349244097
16.8635 0.46665534227959915
16.86471 0.46651944963478853
16.86591 0.46638355698997797
16.86712 0.46624766434516735
16.86833 0.46611177170035667
16.86953 0.4659758790555461
16.87074 0.4658399864107355
16.87195 0.46567012060472224
16.87315 0.46553422795991173
16.87436 0.46539833531510105
16.87557 0.46522846950908786
16.87677 0.4650925768642772
16.87798 0.4649566842194667
16.87919 0.4647868184134533
16.88039 0.46465092576864275
16.8816 0.46451503312383213
16.88281 0.46437914047902157
16.88401 0.46427722099541363
16.88522 0.464141328350603
16.88643 0.464039408866995
16.88763 0.4639374893833871
16.88884 0.4638355698997792
16.89005 0.46373365041617126
16.89126 0.4636317309325633
16.89246 0.46352981144895533
16.89367 0.4634618651265501
16.89488 0.46335994564294214
16.89608 0.4632919993205367
16.89729 0.46322405299813146
16.8985 0.4631221335145235
16.8997 0.4630541871921182
16.90091 0.46298624086971296
16.90212 0.4629182945473076
16.90332 0.46285034822490234
16.90453 0.46281637506369966
16.90574 0.46274842874129435
16.90694 0.46271445558009167
16.90815 0.4626465092576864
16.90936 0.46261253609648384
16.91056 0.46257856293528116
16.91177 0.4625445897740785
16.91298 0.46251061661287585
16.91418 0.46251061661287585
16.91539 0.46247664345167316
16.9166 0.46247664345167316
16.91781 0.46247664345167316
16.91901 0.46247664345167316
16.92022 0.46247664345167316
16.92143 0.46247664345167316
16.92263 0.46251061661287585
16.92384 0.46251061661287585
16.92505 0.4625445897740785
16.92625 0.46257856293528116
16.92746 0.46261253609648384
16.92867 0.4626804824188891
16.92987 0.46271445558009167
16.93108 0.46274842874129435
16.93229 0.46281637506369966
16.93349 0.46285034822490234
16.9347 0.4629182945473076
16.93591 0.4629522677085103
16.93711 0.46302021403091553
16.93832 0.4630541871921182
16.93953 0.4631221335145235
16.94073 0.4631561066757262
16.94194 0.46322405299813146
16.94315 0.46325802615933415
16.94436 0.46332597248173946
16.94556 0.46335994564294214
16.94677 0.4634278919653474
16.94798 0.46349583828775265
16.94918 0.46352981144895533
16.95039 0.46359775777136064
16.9516 0.4636657040937659
16.9528 0.46373365041617126
16.95401 0.4638015967385765
16.95522 0.4638695430609818
16.95642 0.4639374893833871
16.95763 0.46397146254458976
16.95884 0.464039408866995
16.96004 0.4641073551894004
16.96125 0.4641753015118057
16.96246 0.46424324783421095
16.96366 0.4643111941566163
16.96487 0.46437914047902157
16.96608 0.4644131136402242
16.96728 0.46448105996262956
16.96849 0.4645490062850348
16.9697 0.4645829794462375
16.97091 0.46461695260744007
16.97211 0.4646848989298455
16.97332 0.46471887209104806
16.97453 0.46475284525225075
16.97573 0.4647868184134533
16.97694 0.4648547647358587
16.97815 0.4648887378970613
16.97935 0.464922711058264
16.98056 0.4649566842194667
16.98177 0.46499065738066925
16.98297 0.46502463054187193
16.98418 0.4650586037030746
16.98539 0.4650925768642772
16.98659 0.46512655002547987
16.9878 0.46512655002547987
16.98901 0.4651605231866825
16.99021 0.4651944963478852
16.99142 0.4651944963478852
16.99263 0.46522846950908786
16.99383 0.46522846950908786
16.99504 0.46522846950908786
16.99625 0.46526244267029043
16.99746 0.46526244267029043
16.99866 0.46526244267029043
16.99987 0.46526244267029043
17.00108 0.46522846950908786
17.00228 0.46522846950908786
17.00349 0.46522846950908786
17.0047 0.4651944963478852
17.0059 0.4651944963478852
17.00711 0.4651605231866825
17.00832 0.4651605231866825
17.00952 0.46512655002547987
17.01073 0.4650925768642772
17.01194 0.4650586037030746
17.01314 0.46502463054187193
17.01435 0.46499065738066925
17.01556 0.4649566842194667
17.01676 0.464922711058264
17.01797 0.4648547647358587
17.01918 0.464820791574656
17.02038 0.4647868184134533
17.02159 0.46471887209104806
17.0228 0.4646848989298455
17.02401 0.46461695260744007
17.02521 0.4645490062850348
17.02642 0.46451503312383213
17.02763 0.4644470868014269
17.02883 0.46437914047902157
17.03004 0.46427722099541363
17.03125 0.4642092746730084
17.03245 0.464141328350603
17.03366 0.464039408866995
17.03487 0.4639374893833871
17.03607 0.4638355698997792
17.03728 0.46373365041617126
17.03849 0.4636317309325633
17.03969 0.46352981144895533
17.0409 0.4634278919653474
17.04211 0.46332597248173946
17.04331 0.46322405299813146
17.04452 0.4631221335145235
17.04573 0.46302021403091553
17.04694 0.4629182945473076
17.04814 0.46281637506369966
17.04935 0.46271445558009167
17.05056 0.46261253609648384
17.05176 0.46251061661287585
17.05297 0.4624426702904705
17.05418 0.46234075080686254
17.05538 0.4622728044844573
17.05659 0.462204858162052
17.0578 0.46210293867844404
17.059 0.4620349923560388
17.06021 0.4619670460336334
17.06142 0.46186512655002543
17.06262 0.4617971802276202
17.06383 0.4616952607440122
17.06504 0.4616273144216069
17.06624 0.4615593680992017
17.06745 0.4614574486155937
17.06866 0.4613895022931883
17.06986 0.46132155597078306
17.07107 0.4612536096483778
17.07228 0.4611856633259725
17.07349 0.46111771700356713
17.07469 0.46108374384236456
17.0759 0.4610157975199592
17.07711 0.4609818243587566
17.07831 0.46094785119755394
17.07952 0.4609138780363513
17.08073 0.4608799048751486
17.08193 0.46084593171394594
17.08314 0.46084593171394594
17.08435 0.4608119585527434
17.08555 0.4608119585527434
17.08676 0.46084593171394594
17.08797 0.46084593171394594
17.08917 0.4608799048751486
17.09038 0.4608799048751486
17.09159 0.4609138780363513
17.09279 0.46094785119755394
17.094 0.4610157975199592
17.09521 0.4610497706811619
17.09641 0.46108374384236456
17.09762 0.4611516901647698
17.09883 0.4612196364871751
17.10004 0.4612536096483778
17.10124 0.46132155597078306
17.10245 0.4613895022931883
17.10366 0.4614574486155937
17.10486 0.4614914217767963
17.10607 0.4615593680992017
17.10728 0.4616273144216069
17.10848 0.4616612875828096
17.10969 0.46172923390521486
17.1109 0.4617971802276202
17.1121 0.46183115338882286
17.11331 0.4618990997112281
17.11452 0.4619330728724308
17.11572 0.4620010191948361
17.11693 0.46206896551724136
17.11814 0.4621369118396467
17.11934 0.462204858162052
17.12055 0.4622728044844573
17.12176 0.46234075080686254
17.12296 0.4624086971292679
17.12417 0.46247664345167316
17.12538 0.46251061661287585
17.12659 0.46257856293528116
17.12779 0.4626465092576864
17.129 0.46271445558009167
17.13021 0.46278240190249703
17.13141 0.46285034822490234
17.13262 0.462884321386105
17.13383 0.4629522677085103
17.13503 0.46298624086971296
17.13624 0.4630541871921182
17.13745 0.46308816035332084
17.13865 0.4631221335145235
17.13986 0.4631561066757262
17.14107 0.4631900798369288
17.14227 0.4631900798369288
17.14348 0.4631900798369288
17.14469 0.46322405299813146
17.14589 0.46322405299813146
17.1471 0.46322405299813146
17.14831 0.4631900798369288
17.14951 0.4631900798369288
17.15072 0.4631900798369288
17.15193 0.4631561066757262
17.15314 0.4631561066757262
17.15434 0.4631221335145235
17.15555 0.4631221335145235
17.15676 0.46308816035332084
17.15796 0.46308816035332084
17.15917 0.46308816035332084
17.16038 0.4630541871921182
17.16158 0.4630541871921182
17.16279 0.4630541871921182
17.164 0.4630541871921182
17.1652 0.4630541871921182
17.16641 0.46308816035332084
17.16762 0.46308816035332084
17.16882 0.4631221335145235
17.17003 0.4631561066757262
17.17124 0.4631561066757262
17.17244 0.4631900798369288
17.17365 0.4631900798369288
17.17486 0.46322405299813146
17.17606 0.46325802615933415
17.17727 0.46325802615933415
17.17848 0.4632919993205367
17.17969 0.46332597248173946
17.18089 0.46335994564294214
17.1821 0.4633939188041447
17.18331 0.4634278919653474
17.18451 0.4634618651265501
17.18572 0.46352981144895533
17.18693 0.46356378461015796
17.18813 0.4636317309325633
17.18934 0.4636996772549686
17.19055 0.4638015967385765
17.19175 0.4638695430609818
17.19296 0.46397146254458976
17.19417 0.4640733820281977
17.19537 0.4641753015118057
17.19658 0.4643111941566163
17.19779 0.4644470868014269
17.19899 0.4645829794462375
17.2002 0.46471887209104806
17.20141 0.4648887378970613
17.20261 0.4650586037030746
17.20382 0.46522846950908786
17.20503 0.46543230847630374
17.20624 0.46563614744351955
17.20744 0.4658060132495329
17.20865 0.46600985221674873
17.20986 0.46624766434516735
17.21106 0.4664515033123832
17.21227 0.4666893154408017
17.21348 0.46689315440801765
17.21468 0.46713096653643627
17.21589 0.46736877866485477
17.2171 0.4676065907932734
17.2183 0.4678444029216919
17.21951 0.46808221505011044
17.22072 0.46832002717852894
17.22192 0.46855783930694744
17.22313 0.46882962459656874
17.22434 0.46906743672498724
17.22554 0.46930524885340585
17.22675 0.46957703414302704
17.22796 0.46981484627144554
17.22916 0.4700866315610667
17.23037 0.4703584168506879
17.23158 0.4706302021403091
17.23279 0.47093596059113296
17.23399 0.47120774588075415
17.2352 0.471513504331578
17.23641 0.47181926278240194
17.23761 0.4720910480720231
17.23882 0.472396806522847
17.24003 0.47270256497367086
17.24123 0.4730083234244946
17.24244 0.4733140818753185
17.24365 0.47358586716493967
17.24485 0.47389162561576353
17.24606 0.4741973840665874
17.24727 0.4745031425174112
17.24847 0.4747749278070325
17.24968 0.47508068625785627
17.25089 0.47535247154747745
17.25209 0.47562425683709875
17.2533 0.47589604212671993
17.25451 0.4761678274163411
17.25571 0.4764396127059623
17.25692 0.4766774248343808
17.25813 0.476949210124002
17.25934 0.4771870222524206
17.26054 0.4774588075420418
17.26175 0.4776966196704604
17.26296 0.4779344317988789
17.26416 0.4782062170885001
17.26537 0.47844402921691864
17.26658 0.4786818413453372
17.26778 0.47891965347375576
17.26899 0.47915746560217426
17.2702 0.4793952777305929
17.2714 0.4796330898590114
17.27261 0.4798709019874299
17.27382 0.4801087141158485
17.27502 0.480346526244267
17.27623 0.4805843383726856
17.27744 0.4808221505011041
17.27864 0.48105996262952266
17.27985 0.4812638015967386
17.28106 0.4815016137251571
17.28227 0.4817394258535757
17.28347 0.4819772379819942
17.28468 0.48218107694921014
17.28589 0.48241888907762864
17.28709 0.4826227280448445
17.2883 0.48286054017326313
17.28951 0.48306437914047906
17.29071 0.4832682181076949
17.29192 0.4835060302361135
17.29313 0.48370986920332937
17.29433 0.4839137081705453
17.29554 0.4841175471377611
17.29675 0.48432138610497705
17.29795 0.484525225072193
17.29916 0.48472906403940885
17.30037 0.48496687616782735
17.30157 0.4851707151350433
17.30278 0.4853745541022592
17.30399 0.48557839306947514
17.30519 0.48581620519789365
17.3064 0.4860200441651095
17.30761 0.48625785629352813
17.30882 0.48649566842194664
17.31002 0.48669950738916257
17.31123 0.4869373195175812
17.31244 0.48720910480720236
17.31364 0.48744691693562087
17.31485 0.4876847290640394
17.31606 0.4879565143536606
17.31726 0.4881943264820791
17.31847 0.48846611177170035
17.31968 0.48873789706132154
17.32088 0.4889757091897401
17.32209 0.4892474944793613
17.3233 0.48951927976898246
17.3245 0.4897910650586037
17.32571 0.4900628503482249
17.32692 0.49033463563784613
17.32812 0.4906064209274673
17.32933 0.4908782062170885
17.33054 0.49114999150670974
17.33174 0.4914217767963309
17.33295 0.4916935620859521
17.33416 0.4919653473755733
17.33537 0.4922371326651945
17.33657 0.49250891795481566
17.33778 0.4927467300832343
17.33899 0.49301851537285546
17.34019 0.49329030066247664
17.3414 0.4935281127908952
17.34261 0.49379989808051644
17.34381 0.49403771020893494
17.34502 0.49430949549855613
17.34623 0.4945812807881773
17.34743 0.49485306607779855
17.34864 0.4951248513674198
17.34985 0.4953626634958383
17.35105 0.4956344487854595
17.35226 0.49590623407508067
17.35347 0.4961780193647019
17.35467 0.4964158314931204
17.35588 0.49668761678274165
17.35709 0.49695940207236283
17.35829 0.4971972142007814
17.3595 0.4974350263291999
17.36071 0.4976728384576185
17.36192 0.4979446237472397
17.36312 0.4981484627144556
17.36433 0.4983862748428741
17.36554 0.49862408697129273
17.36674 0.49882792593850855
17.36795 0.49903176490572443
17.36916 0.49923560387294036
17.37036 0.4994394428401563
17.37157 0.4996432818073722
17.37278 0.4998131476133854
17.37398 0.49998301341939866
17.37519 0.5001528792254119
17.3764 0.5003227450314253
17.3776 0.5004586376762358
17.37881 0.500628503482249
17.38002 0.5007643961270596
17.38122 0.5009002887718702
17.38243 0.5010361814166808
17.38364 0.5011720740614914
17.38484 0.501307966706302
17.38605 0.5014438593511127
17.38726 0.5015797519959232
17.38847 0.5017156446407338
17.38967 0.5018175641243418
17.39088 0.5019534567691524
17.39209 0.502089349413963
17.39329 0.5022252420587735
17.3945 0.5023611347035841
17.39571 0.5024630541871922
17.39691 0.5025989468320027
17.39812 0.5027348394768133
17.39933 0.5028707321216239
17.40053 0.5030066247664345
17.40174 0.5031425174112452
17.40295 0.5032784100560557
17.40415 0.5034143027008663
17.40536 0.5035162221844743
17.40657 0.5036521148292848
17.40777 0.5037540343128928
17.40898 0.5038899269577034
17.41019 0.5039918464413113
17.41139 0.5040937659249194
17.4126 0.5042296585697299
17.41381 0.5043315780533378
17.41502 0.5044674706981485
17.41622 0.5046033633429591
17.41743 0.504705282826567
17.41864 0.5048411754713776
17.41984 0.5049770681161881
17.42105 0.5051129607609989
17.42226 0.5052828265670121
17.42346 0.5054187192118227
17.42467 0.505588585017836
17.42588 0.5057584508238492
17.42708 0.5059283166298624
17.42829 0.5060981824358757
17.4295 0.5063020214030916
17.4307 0.5064718872091047
17.43191 0.5066757261763207
17.43312 0.5068795651435366
17.43432 0.5070834041107525
17.43553 0.5072872430779685
17.43674 0.5074910820451843
17.43794 0.5077288941736029
17.43915 0.5079327331408188
17.44036 0.5081705452692372
17.44157 0.5084083573976559
17.44277 0.5086461695260743
17.44398 0.508883981654493
17.44519 0.5091217937829114
17.44639 0.5093596059113301
17.4476 0.5095974180397486
17.44881 0.5098692033293698
17.45001 0.5101070154577884
17.45122 0.5103788007474096
17.45243 0.510616612875828
17.45363 0.5108883981654493
17.45484 0.5111601834550705
17.45605 0.5114319687446918
17.45725 0.5116697808731102
17.45846 0.5119415661627315
17.45967 0.5122473246135553
17.46087 0.5125191099031765
17.46208 0.5127908951927976
17.46329 0.5130966536436216
17.46449 0.5134024120944454
17.4657 0.5137081705452693
17.46691 0.5140139289960931
17.46812 0.5143196874469169
17.46932 0.5146254458977408
17.47053 0.5149312043485647
17.47174 0.5152369627993885
17.47294 0.5155427212502123
17.47415 0.5158824528622389
17.47536 0.5161882113130627
17.47656 0.5164939697638865
17.47777 0.516833701375913
17.47898 0.5171394598267368
17.48018 0.5174791914387634
17.48139 0.5177849498895872
17.4826 0.5181246815016137
17.4838 0.5184304399524376
17.48501 0.5187361984032614
17.48622 0.519075930015288
17.48742 0.5193816884661118
17.48863 0.5197214200781383
17.48984 0.5200271785289622
17.49105 0.5203329369797859
17.49225 0.5206726685918125
17.49346 0.5209784270426363
17.49467 0.5213181586546628
17.49587 0.5216578902666893
17.49708 0.5219636487175131
17.49829 0.5223033803295396
17.49949 0.5226431119415662
17.5007 0.52294887039239
17.50191 0.5232886020044165
17.50311 0.523628333616443
17.50432 0.5239340920672668
17.50553 0.5242738236792934
17.50673 0.5246135552913198
17.50794 0.5249193137421437
17.50915 0.5252590453541702
17.51035 0.525564803804994
17.51156 0.5259045354170205
17.51277 0.5262102938678443
17.51397 0.5265160523186683
17.51518 0.5268218107694922
17.51639 0.5271615423815186
17.5176 0.5274673008323425
17.5188 0.5277730592831663
17.52001 0.5280788177339901
17.52122 0.528384576184814
17.52242 0.5286903346356379
17.52363 0.5289960930864617
17.52484 0.5293018515372855
17.52604 0.5296076099881094
17.52725 0.5299133684389332
17.52846 0.530219126889757
17.52966 0.530524885340581
17.53087 0.5307966706302021
17.53208 0.531102429081026
17.53328 0.5314081875318498
17.53449 0.5316799728214711
17.5357 0.5319857312722949
17.5369 0.5322914897231188
17.53811 0.5325632750127399
17.53932 0.5328350603023612
17.54052 0.533140818753185
17.54173 0.5334126040428062
17.54294 0.5336843893324275
17.54415 0.5339561746220486
17.54535 0.5342279599116698
17.54656 0.534499745201291
17.54777 0.5347715304909122
17.54897 0.5350433157805333
17.55018 0.5353151010701546
17.55139 0.5355529131985731
17.55259 0.5358246984881944
17.5538 0.5360625106166129
17.55501 0.5363342959062342
17.55621 0.5365721080346526
17.55742 0.5368438933242738
17.55863 0.5370817054526924
17.55983 0.5373195175811109
17.56104 0.5375573297095295
17.56225 0.537795141837948
17.56345 0.5380329539663666
17.56466 0.5383047392559878
17.56587 0.5385425513844063
17.56707 0.5387803635128249
17.56828 0.5389842024800409
17.56949 0.5392220146084593
17.5707 0.5394598267368779
17.5719 0.5396976388652964
17.57311 0.5399354509937149
17.57432 0.5401732631221335
17.57552 0.540411075250552
17.57673 0.5406488873789707
17.57794 0.5408527263461865
17.57914 0.5410905384746051
17.58035 0.5413283506030236
17.58156 0.5415321895702394
17.58276 0.5417700016986581
17.58397 0.541973840665874
17.58518 0.5422116527942925
17.58638 0.5424154917615084
17.58759 0.5426533038899269
17.5888 0.5428571428571428
17.59 0.5430609818243587
17.59121 0.5432987939527774
17.59242 0.5435026329199932
17.59362 0.5437064718872091
17.59483 0.5439442840156277
17.59604 0.5441481229828435
17.59725 0.5443519619500595
17.59845 0.544589774078478
17.59966 0.544793613045694
17.60087 0.5450314251741124
17.60207 0.545269237302531
17.60328 0.545473076269747
17.60449 0.5457108883981654
17.60569 0.5459487005265841
17.6069 0.5461865126550025
17.60811 0.5463903516222185
17.60931 0.5466281637506369
17.61052 0.5468659758790555
17.61173 0.5471037880074741
17.61293 0.5473416001358926
17.61414 0.5475794122643112
17.61535 0.5478172243927297
17.61655 0.5480550365211483
17.61776 0.5482928486495668
17.61897 0.5485306607779854
17.62017 0.548768472906404
17.62138 0.5490062850348225
17.62259 0.5492780703244436
17.6238 0.5495158824528622
17.625 0.5497536945812808
17.62621 0.5499915067096993
17.62742 0.5502632919993206
17.62862 0.550501104127739
17.62983 0.5507389162561577
17.63104 0.5510107015457788
17.63224 0.5512485136741974
17.63345 0.5515202989638186
17.63466 0.5517581110922372
17.63586 0.5520298963818583
17.63707 0.5523016816714795
17.63828 0.5525394937998981
17.63948 0.5528112790895193
17.64069 0.5530830643791405
17.6419 0.5533548496687617
17.6431 0.5536266349583828
17.64431 0.5538984202480041
17.64552 0.5541702055376252
17.64672 0.5544759639884491
17.64793 0.5547477492780702
17.64914 0.5550195345676915
17.65035 0.5552913198573127
17.65155 0.555563105146934
17.65276 0.5558688635977578
17.65397 0.556140648887379
17.65517 0.5564124341770001
17.65638 0.5566842194666214
17.65759 0.5569899779174453
17.65879 0.5572617632070664
17.66 0.5575335484966877
17.66121 0.5578053337863088
17.66241 0.55807711907593
17.66362 0.5583489043655512
17.66483 0.5586206896551724
17.66603 0.5588924749447935
17.66724 0.5591642602344148
17.66845 0.559436045524036
17.66965 0.5597078308136573
17.67086 0.560013589264481
17.67207 0.5602853745541023
17.67327 0.5605571598437235
17.67448 0.5608289451333447
17.67569 0.5611007304229658
17.6769 0.5614064888737897
17.6781 0.5616782741634109
17.67931 0.5619500594530321
17.68052 0.5622218447426532
17.68172 0.5624936300322745
17.68293 0.5627654153218957
17.68414 0.5630372006115169
17.68534 0.5633089859011381
17.68655 0.5635807711907593
17.68776 0.5638185833191779
17.68896 0.564090368608799
17.69017 0.5643281807372176
17.69138 0.5645659928656361
17.69258 0.5648038049940547
17.69379 0.5650416171224732
17.695 0.5652794292508918
17.6962 0.5654832682181077
17.69741 0.5656871071853236
17.69862 0.5659249193137421
17.69983 0.5661287582809581
17.70103 0.5663325972481739
17.70224 0.5665364362153898
17.70345 0.5667402751826057
17.70465 0.5669101409886189
17.70586 0.5671139799558349
17.70707 0.5673178189230508
17.70827 0.567487684729064
17.70948 0.5676575505350773
17.71069 0.5678613895022931
17.71189 0.5680312553083064
17.7131 0.5682011211143198
17.71431 0.5683709869203329
17.71551 0.5685068795651435
17.71672 0.5686767453711569
17.71793 0.5688466111771701
17.71913 0.5689825038219806
17.72034 0.5691183964667912
17.72155 0.5692882622728045
17.72275 0.5694241549176151
17.72396 0.5695600475624256
17.72517 0.5696959402072364
17.72638 0.5697978596908443
17.72758 0.5699337523356548
17.72879 0.5700356718192627
17.73 0.5701375913028707
17.7312 0.5702395107864787
17.73241 0.5703414302700867
17.73362 0.5704093765924919
17.73482 0.5705112960760998
17.73603 0.5705792423985051
17.73724 0.5706471887209105
17.73844 0.5707151350433158
17.73965 0.5707830813657211
17.74086 0.5708510276881265
17.74206 0.5709189740105317
17.74327 0.570986920332937
17.74448 0.5710548666553422
17.74568 0.5711228129777476
17.74689 0.5711907593001528
17.7481 0.5712587056225582
17.7493 0.5713266519449635
17.75051 0.5713945982673688
17.75172 0.5714965177509768
17.75293 0.5715984372345847
17.75413 0.57166638355699
17.75534 0.5717683030405979
17.75655 0.5719041956854085
17.75775 0.5720061151690164
17.75896 0.5721080346526244
17.76017 0.572243927297435
17.76137 0.572345846781043
17.76258 0.5724817394258536
17.76379 0.5725836589094615
17.76499 0.5727195515542721
17.7662 0.5728554441990827
17.76741 0.5729573636826907
17.76861 0.5730932563275013
17.76982 0.5732291489723118
17.77103 0.5733650416171224
17.77223 0.573500934261933
17.77344 0.5736368269067437
17.77465 0.5737727195515543
17.77585 0.5739425853575676
17.77706 0.5740784780023781
17.77827 0.5742483438083914
17.77948 0.5743842364532019
17.78068 0.5745541022592152
17.78189 0.5747239680652284
17.7831 0.5748938338712417
17.7843 0.575063699677255
17.78551 0.5752675386444709
17.78672 0.5754374044504841
17.78792 0.5756412434177001
17.78913 0.5758450823849159
17.79034 0.5760489213521318
17.79154 0.5762867334805504
17.79275 0.5764905724477662
17.79396 0.5767283845761848
17.79516 0.5769661967046034
17.79637 0.5772040088330219
17.79758 0.5774418209614405
17.79878 0.577679633089859
17.79999 0.5779514183794802
17.8012 0.5781892305078988
17.8024 0.5784270426363173
17.80361 0.5786988279259385
17.80482 0.5789366400543571
17.80603 0.5792084253439783
17.80723 0.5794462374723968
17.80844 0.579718022762018
17.80965 0.5799558348904366
17.81085 0.580193647018855
17.81206 0.5804314591472737
17.81327 0.5806692712756921
17.81447 0.5809070834041108
17.81568 0.5811448955325292
17.81689 0.5813827076609479
17.81809 0.5815865466281638
17.8193 0.5817903855953797
17.82051 0.5820281977237982
17.82171 0.5822320366910141
17.82292 0.5824358756582301
17.82413 0.5826736877866485
17.82533 0.5828775267538644
17.82654 0.5830813657210804
17.82775 0.5832852046882963
17.82895 0.5834890436555122
17.83016 0.583692882622728
17.83137 0.5838967215899439
17.83258 0.5841005605571599
17.83378 0.5843043995243757
17.83499 0.5845082384915917
17.8362 0.5846781042976049
17.8374 0.5848819432648208
17.83861 0.5850857822320368
17.83982 0.58525564803805
17.84102 0.5854594870052658
17.84223 0.5856633259724817
17.84344 0.585833191778495
17.84464 0.5860370307457109
17.84585 0.5862068965517242
17.84706 0.5864107355189401
17.84826 0.5865806013249533
17.84947 0.5867504671309666
17.85068 0.5869203329369798
17.85188 0.587090198742993
17.85309 0.5872600645490064
17.8543 0.5874299303550196
17.8555 0.5875997961610328
17.85671 0.587769661967046
17.85792 0.5879395277730592
17.85913 0.5880754204178699
17.86033 0.5882452862238832
17.86154 0.5884151520298964
17.86275 0.588551044674707
17.86395 0.5887209104807203
17.86516 0.5888568031255309
17.86637 0.5890266689315441
17.86757 0.5891965347375573
17.86878 0.589332427382368
17.86999 0.5895022931883812
17.87119 0.5896721589943944
17.8724 0.589808051639205
17.87361 0.5899779174452183
17.87481 0.5901477832512315
17.87602 0.5903176490572448
17.87723 0.590487514863258
17.87843 0.5906913538304739
17.87964 0.5908612196364872
17.88085 0.5910310854425005
17.88205 0.5912009512485137
17.88326 0.5913708170545269
17.88447 0.5915406828605402
17.88568 0.5917105486665534
17.88688 0.5918804144725667
17.88809 0.59205028027858
17.8893 0.5922201460845932
17.8905 0.5923900118906064
17.89171 0.5925598776966197
17.89292 0.5927297435026329
17.89412 0.5928996093086462
17.89533 0.5931034482758621
17.89654 0.5932733140818753
17.89774 0.5934771530490912
17.89895 0.5936470188551045
17.90016 0.5938508578223204
17.90136 0.594088669950739
17.90257 0.5942925089179548
17.90378 0.5945303210463734
17.90498 0.5947681331747919
17.90619 0.5950059453032104
17.9074 0.595243757431629
17.90861 0.5955155427212502
17.90981 0.5957873280108714
17.91102 0.5960591133004925
17.91223 0.5963308985901138
17.91343 0.5966026838797349
17.91464 0.5968404960081536
17.91585 0.5971122812977747
17.91705 0.5973500934261933
17.91826 0.5976218787158145
17.91947 0.5978936640054358
17.92067 0.5981314761338542
17.92188 0.5984372345846781
17.92309 0.5987090198742993
17.92429 0.5990147783251232
17.9255 0.599320536775947
17.92671 0.5996262952267708
17.92791 0.5999660268387974
17.92912 0.6003397316120265
17.93033 0.6007134363852557
17.93153 0.6011211143196874
17.93274 0.6015627654153219
17.93395 0.6020044165109564
17.93516 0.6024800407677934
17.93636 0.6029896381858332
17.93757 0.6035332087650755
17.93878 0.6041107525055207
17.93998 0.6047222694071683
17.94119 0.6053677594700186
17.9424 0.6060472226940716
17.9436 0.6067606590793274
17.94481 0.6075080686257857
17.94602 0.6082554781722439
17.94722 0.6090708340411075
17.94843 0.6098522167487684
17.94964 0.6107015457788347
17.95084 0.611550874808901
17.95205 0.6124341770001699
17.95326 0.6133514523526414
17.95446 0.614268727705113
17.95567 0.6152199762187872
17.95688 0.6161712247324613
17.95808 0.6171564464073381
17.95929 0.618141668082215
17.9605 0.6191608629182945
17.96171 0.6202140309155767
17.96291 0.6212671989128589
17.96412 0.622320366910141
17.96533 0.6233735349074231
17.96653 0.6244946492271106
17.96774 0.6255817903855954
17.96895 0.6267029047052828
17.97015 0.6278240190249702
17.97136 0.6289451333446577
17.97257 0.6301002208255478
17.97377 0.6313232546288432
17.97498 0.6325802615933412
17.97619 0.6339052148802446
17.97739 0.6352641413283505
17.9786 0.6366570409376593
17.97981 0.638049940546968
17.98101 0.6395107864786818
17.98222 0.6409716324103958
17.98343 0.6424664515033124
17.98463 0.643961270596229
17.98584 0.6454560896891456
17.98705 0.6469509087820622
17.98826 0.6484457278749788
17.98946 0.6499065738066927
17.99067 0.6513674197384067
17.99188 0.652794292508918
17.99308 0.6542211652794292
17.99429 0.6555800917275353
17.9955 0.6569050450144386
17.9967 0.6581960251401393
17.99791 0.6594530321046373
17.99912 0.66064209274673
18.00032 0.6617632070664174
18.00153 0.6628503482249023
18.00274 0.6638355698997791
18.00394 0.6647868184134533
18.00515 0.665704093765925
18.00636 0.6665873959571939
18.00756 0.6674706981484627
18.00877 0.6683540003397316
18.00998 0.6691693562085952
18.01118 0.6699847120774588
18.01239 0.6707660947851197
18.0136 0.6715135043315781
18.01481 0.6722609138780363
18.01601 0.6729403771020893
18.01722 0.6735858671649397
18.01843 0.67423135722779
18.01963 0.6748089009682351
18.02084 0.6753524715474775
18.02205 0.6758620689655173
18.02325 0.6763037200611517
18.02446 0.6767453711567861
18.02567 0.6771190759300152
18.02687 0.6774248343808391
18.02808 0.677730592831663
18.02929 0.6779344317988789
18.03049 0.6781042976048921
18.0317 0.6782401902497027
18.03291 0.6783081365721081
18.03411 0.6783081365721081
18.03532 0.6782741634109054
18.03653 0.6781042976048921
18.03773 0.6779004586376762
18.03894 0.6775947001868523
18.04015 0.6772549685748259
18.04136 0.6768133174791915
18.04256 0.6763376932223544
18.04377 0.675794122643112
18.04498 0.675216578902667
18.04618 0.6746050620010192
18.04739 0.6739255987769661
18.0486 0.6732461355529132
18.0498 0.6724987260064549
18.05101 0.6717852896211992
18.05222 0.6710039069135383
18.05342 0.6702225242058774
18.05463 0.6694411414982164
18.05584 0.6686597587905554
18.05704 0.6678783760828945
18.05825 0.6670969933752335
18.05946 0.6663156106675726
18.06066 0.6655682011211144
18.06187 0.664820791574656
18.06308 0.664141328350603
18.06428 0.66346186512655
18.06549 0.6628163750636996
18.0667 0.662204858162052
18.06791 0.6615593680992016
18.06911 0.6608799048751487
18.07032 0.6601664684898929
18.07153 0.6594870052658399
18.07273 0.6587395957193817
18.07394 0.658026159334126
18.07515 0.6572787497876678
18.07635 0.6565313402412095
18.07756 0.6557839306947512
18.07877 0.6550365211482929
18.07997 0.6543230847630371
18.08118 0.6535756752165789
18.08239 0.6528622388313233
18.08359 0.6521827756072702
18.0848 0.6515033123832172
18.08601 0.6508238491591642
18.08721 0.6502123322575166
18.08842 0.6496008153558688
18.08963 0.6490232716154237
18.09083 0.6484797010361814
18.09204 0.6479701036181417
18.09325 0.6475284525225072
18.09446 0.6471207745880755
18.09566 0.6467470698148463
18.09687 0.6464413113640224
18.09808 0.6461695260744013
18.09928 0.6459317139459827
18.10049 0.6457278749787667
18.1017 0.6455580091727535
18.1029 0.645422116527943
18.10411 0.645320197044335
18.10532 0.6452522507219296
18.10652 0.6451843043995243
18.10773 0.6451843043995243
18.10894 0.6451843043995243
18.11014 0.645218277560727
18.11135 0.6452862238831323
18.11256 0.6453541702055375
18.11376 0.6454560896891456
18.11497 0.6455919823339562
18.11618 0.6457278749787667
18.11739 0.64589774078478
18.11859 0.6461015797519959
18.1198 0.6462714455580092
18.12101 0.6465092576864278
18.12221 0.6467470698148463
18.12342 0.6469848819432649
18.12463 0.647256667232886
18.12583 0.6475284525225072
18.12704 0.6478002378121284
18.12825 0.6481059962629523
18.12945 0.6484117547137761
18.13066 0.6487514863258026
18.13187 0.6490912179378291
18.13307 0.6494988958722608
18.13428 0.6499065738066927
18.13549 0.6503142517411246
18.13669 0.6507898759979617
18.1379 0.6512655002547988
18.13911 0.6517411245116358
18.14031 0.6522846950908782
18.14152 0.652794292508918
18.14273 0.6533378630881603
18.14394 0.6539154068286055
18.14514 0.6544589774078479
18.14635 0.6550704943094955
18.14756 0.6556480380499405
18.14876 0.6562595549515883
18.14997 0.6568710718532359
18.15118 0.6574825887548836
18.15238 0.6580941056565314
18.15359 0.6587056225581791
18.1548 0.6593511126210294
18.156 0.659962629522677
18.15721 0.6605741464243248
18.15842 0.6612196364871751
18.15962 0.6618311533888228
18.16083 0.6624426702904705
18.16204 0.6630541871921183
18.16324 0.6636996772549686
18.16445 0.6643451673178189
18.16566 0.665024630541872
18.16686 0.6656701206047223
18.16807 0.6663495838287753
18.16928 0.6670630202140309
18.17049 0.667742483438084
18.17169 0.6684559198233395
18.1729 0.6691693562085952
18.17411 0.6698827925938509
18.17531 0.6705962289791065
18.17652 0.6713096653643621
18.17773 0.6720231017496179
18.17893 0.6727365381348734
18.18014 0.6734499745201291
18.18135 0.6741973840665874
18.18255 0.674910820451843
18.18376 0.6756242568370987
18.18497 0.6763376932223544
18.18617 0.6770171564464074
18.18738 0.677730592831663
18.18859 0.678410056055716
18.18979 0.679089519279769
18.191 0.6797689825038219
18.19221 0.680448445727875
18.19341 0.6810939357907253
18.19462 0.6817394258535756
18.19583 0.6824188890776286
18.19704 0.683064379140479
18.19824 0.6837098692033294
18.19945 0.6843893324273823
18.20066 0.6850348224902327
18.20186 0.6856803125530831
18.20307 0.686359775777136
18.20428 0.6870052658399864
18.20548 0.6876507559028368
18.20669 0.6882962459656871
18.2079 0.6889417360285375
18.2091 0.6895532529301852
18.21031 0.6901987429930355
18.21152 0.6908102598946831
18.21272 0.6914217767963309
18.21393 0.6920332936979786
18.21514 0.6926448105996263
18.21634 0.693256327501274
18.21755 0.693833871241719
18.21876 0.6944114149821641
18.21996 0.6949889587226091
18.22117 0.6955665024630542
18.22238 0.6961100730422966
18.22359 0.6966536436215389
18.22479 0.6971972142007814
18.226 0.6977068116188211
18.22721 0.6982164090368609
18.22841 0.6987260064549006
18.22962 0.6992356038729404
18.23083 0.6997112281297775
18.23203 0.7002208255478172
18.23324 0.7006964498046543
18.23445 0.7011720740614914
18.23565 0.701613725157126
18.23686 0.702089349413963
18.23807 0.7025310005095974
18.23927 0.7029726516052318
18.24048 0.7034143027008664
18.24169 0.7038559537965008
18.24289 0.7042636317309326
18.2441 0.704705282826567
18.24531 0.7051129607609988
18.24651 0.7055206386954306
18.24772 0.7059283166298624
18.24893 0.7063359945642943
18.25014 0.7067436724987259
18.25134 0.7071173772719551
18.25255 0.707525055206387
18.25376 0.7078987599796162
18.25496 0.7083064379140479
18.25617 0.7086801426872771
18.25738 0.7090538474605063
18.25858 0.7094275522337353
18.25979 0.7098012570069645
18.261 0.710140988618991
18.2622 0.7105146933922201
18.26341 0.7108544250042467
18.26462 0.7111941566162732
18.26582 0.7115338882282995
18.26703 0.7118736198403262
18.26824 0.7122133514523526
18.26944 0.7125191099031765
18.27065 0.712858841515203
18.27186 0.7131645999660268
18.27306 0.7135043315780534
18.27427 0.7138100900288772
18.27548 0.714115848479701
18.27669 0.7144216069305249
18.27789 0.7147273653813487
18.2791 0.71499915067097
18.28031 0.7153049091217938
18.28151 0.7156106675726176
18.28272 0.7158824528622388
18.28393 0.7161882113130627
18.28513 0.7164599966026839
18.28634 0.7167657550535077
18.28755 0.7170375403431289
18.28875 0.7173432987939528
18.28996 0.717615084083574
18.29117 0.7178868693731951
18.29237 0.7181586546628164
18.29358 0.7184304399524375
18.29479 0.7187022252420587
18.29599 0.7189400373704773
18.2972 0.7192118226600985
18.29841 0.7194496347885171
18.29961 0.7197214200781383
18.30082 0.7199592322065568
18.30203 0.7201970443349754
18.30324 0.7204348564633939
18.30444 0.7207066417530151
18.30565 0.7209444538814337
18.30686 0.7211822660098522
18.30806 0.7214200781382708
18.30927 0.7216578902666894
18.31048 0.7218957023951079
18.31168 0.7221335145235264
18.31289 0.722371326651945
18.3141 0.7226091387803635
18.3153 0.722846950908782
18.31651 0.7230847630372006
18.31772 0.7233225751656192
18.31892 0.7235603872940377
18.32013 0.7237981994224563
18.32134 0.7240360115508748
18.32254 0.7242738236792933
18.32375 0.7245456089689145
18.32496 0.7247834210973331
18.32617 0.7250212332257516
18.32737 0.7252590453541702
18.32858 0.7254968574825887
18.32979 0.7257346696110073
18.33099 0.7259724817394259
18.3322 0.7262102938678444
18.33341 0.726448105996263
18.33461 0.7266859181246815
18.33582 0.7269237302531
18.33703 0.7271615423815186
18.33823 0.7273993545099371
18.33944 0.7276711397995583
18.34065 0.7279089519279769
18.34185 0.7281467640563954
18.34306 0.728384576184814
18.34427 0.7286223883132326
18.34547 0.7288602004416511
18.34668 0.7291319857312724
18.34789 0.7293697978596908
18.34909 0.7296076099881094
18.3503 0.7298793952777306
18.35151 0.7301172074061492
18.35272 0.7303889926957703
18.35392 0.7306268048241888
18.35513 0.7308985901138101
18.35634 0.7311703754034312
18.35754 0.7314421606930525
18.35875 0.7317139459826737
18.35996 0.7319857312722949
18.36116 0.7322575165619161
18.36237 0.7325293018515373
18.36358 0.7328010871411585
18.36478 0.7331068455919824
18.36599 0.7333786308816036
18.3672 0.7336504161712247
18.3684 0.7339561746220487
18.36961 0.7342279599116698
18.37082 0.734499745201291
18.37202 0.7347715304909122
18.37323 0.7350772889417361
18.37444 0.7353490742313572
18.37564 0.7356208595209784
18.37685 0.7358926448105996
18.37806 0.7361644301002208
18.37927 0.7364362153898419
18.38047 0.7367080006794632
18.38168 0.7369797859690844
18.38289 0.7372515712587057
18.38409 0.7374893833871241
18.3853 0.7377611686767453
18.38651 0.7379989808051639
18.38771 0.7382367929335825
18.38892 0.738474605062001
18.39013 0.7387124171904196
18.39133 0.7389842024800407
18.39254 0.7392220146084594
18.39375 0.7394598267368778
18.39495 0.7396976388652965
18.39616 0.7399354509937149
18.39737 0.7401732631221335
18.39857 0.740411075250552
18.39978 0.7406149142177679
18.40099 0.7408527263461866
18.40219 0.741090538474605
18.4034 0.741294377441821
18.40461 0.7415321895702395
18.40582 0.7417360285374553
18.40702 0.741973840665874
18.40823 0.7421776796330898
18.40944 0.7423815186003058
18.41064 0.7426193307287243
18.41185 0.7428231696959402
18.41306 0.7430270086631561
18.41426 0.7431968744691694
18.41547 0.7434007134363853
18.41668 0.7436045524036011
18.41788 0.7437744182096144
18.41909 0.7439782571768303
18.4203 0.7441481229828436
18.4215 0.7443179887888568
18.42271 0.7444878545948701
18.42392 0.7446577204008833
18.42512 0.7448275862068965
18.42633 0.7449974520129098
18.42754 0.7451333446577204
18.42874 0.7453032104637336
18.42995 0.7454391031085442
18.43116 0.7456089689145575
18.43237 0.7457448615593681
18.43357 0.7458807542041787
18.43478 0.7460166468489893
18.43599 0.7461525394937999
18.43719 0.7462884321386105
18.4384 0.746424324783421
18.43961 0.7465602174282318
18.44081 0.7466961100730424
18.44202 0.7468320027178529
18.44323 0.7469678953626635
18.44443 0.7471037880074741
18.44564 0.7472736538134873
18.44685 0.7474095464582979
18.44805 0.7475454391031086
18.44926 0.7476813317479192
18.45047 0.7478172243927298
18.45167 0.7479531170375403
18.45288 0.7481229828435536
18.45409 0.7482588754883642
18.45529 0.7483947681331748
18.4565 0.7485306607779854
18.45771 0.748666553422796
18.45892 0.7488024460676066
18.46012 0.7489383387124172
18.46133 0.7490742313572277
18.46254 0.7492101240020383
18.46374 0.749346016646849
18.46495 0.7494819092916596
18.46616 0.7496517750976728
18.46736 0.7497876677424835
18.46857 0.749923560387294
18.46978 0.7500594530321046
18.47098 0.7501953456769151
18.47219 0.7503312383217259
18.4734 0.7504671309665365
18.4746 0.750603023611347
18.47581 0.7507728894173603
18.47702 0.7509087820621709
18.47822 0.7510446747069814
18.47943 0.7512145405129947
18.48064 0.7513504331578054
18.48184 0.7515202989638186
18.48305 0.7516561916086292
18.48426 0.7518260574146424
18.48547 0.7519959232206557
18.48667 0.752165789026669
18.48788 0.7523016816714795
18.48909 0.7524715474774928
18.49029 0.752641413283506
18.4915 0.7528112790895193
18.49271 0.7530151180567353
18.49391 0.7531849838627485
18.49512 0.7533548496687617
18.49633 0.753524715474775
18.49753 0.7537285544419908
18.49874 0.753898420248004
18.49995 0.7540682860540173
18.50115 0.7542721250212332
18.50236 0.7544419908272464
18.50357 0.7546118566332598
18.50477 0.7548156956004756
18.50598 0.7549855614064889
18.50719 0.7551554272125022
18.50839 0.755359266179718
18.5096 0.7555291319857312
18.51081 0.7557329709529472
18.51202 0.7559028367589604
18.51322 0.7560727025649736
18.51443 0.7562765415321896
18.51564 0.7564464073382028
18.51684 0.7566162731442161
18.51805 0.756820112111432
18.51926 0.7569899779174452
18.52046 0.7571598437234585
18.52167 0.7573636826906743
18.52288 0.7575335484966876
18.52408 0.7577373874639035
18.52529 0.7579412264311194
18.5265 0.7581110922371326
18.5277 0.7583149312043486
18.52891 0.7585187701715644
18.53012 0.7587226091387803
18.53132 0.7588924749447936
18.53253 0.7590963139120095
18.53374 0.7592661797180228
18.53494 0.7594700186852387
18.53615 0.7596738576524545
18.53736 0.7598437234584678
18.53857 0.760013589264481
18.53977 0.7602174282316969
18.54098 0.7603872940377102
18.54219 0.7605571598437235
18.54339 0.7607270256497367
18.5446 0.76089689145575
18.54581 0.7610327841005605
18.54701 0.7612026499065738
18.54822 0.7613385425513843
18.54943 0.7614744351961951
18.55063 0.7616103278410056
18.55184 0.7617462204858162
18.55305 0.7618821131306268
18.55425 0.7619840326142348
18.55546 0.7621199252590454
18.55667 0.762255817903856
18.55787 0.7623577373874638
18.55908 0.7624596568710719
18.56029 0.7625615763546798
18.5615 0.7626634958382877
18.5627 0.7627654153218957
18.56391 0.7628673348055036
18.56512 0.7629692542891116
18.56632 0.7630711737727196
18.56753 0.7631391200951249
18.56874 0.7632410395787328
18.56994 0.763308985901138
18.57115 0.7633769322235434
18.57236 0.7634788517071514
18.57356 0.7635467980295567
18.57477 0.763614744351962
18.57598 0.7636826906743672
18.57718 0.7637166638355699
18.57839 0.7637846101579752
18.5796 0.7638525564803805
18.5808 0.7638865296415831
18.58201 0.7639544759639884
18.58322 0.763988449125191
18.58442 0.7640224222863937
18.58563 0.7640563954475964
18.58684 0.7640903686087991
18.58805 0.7641243417700018
18.58925 0.7641243417700018
18.59046 0.7641243417700018
18.59167 0.7641243417700018
18.59287 0.7641243417700018
18.59408 0.7641243417700018
18.59529 0.7641243417700018
18.59649 0.7640903686087991
18.5977 0.7640903686087991
18.59891 0.7640563954475964
18.60011 0.7640563954475964
18.60132 0.7640224222863937
18.60253 0.7640224222863937
18.60373 0.763988449125191
18.60494 0.763988449125191
18.60615 0.7639544759639884
18.60735 0.7639544759639884
18.60856 0.7639205028027858
18.60977 0.7639205028027858
18.61097 0.7639205028027858
18.61218 0.7638865296415831
18.61339 0.7638865296415831
18.6146 0.7638865296415831
18.6158 0.7639205028027858
18.61701 0.7639205028027858
18.61822 0.7639544759639884
18.61942 0.7639544759639884
18.62063 0.763988449125191
18.62184 0.763988449125191
18.62304 0.7640224222863937
18.62425 0.7640224222863937
18.62546 0.7640563954475964
18.62666 0.7640903686087991
18.62787 0.7640903686087991
18.62908 0.7641243417700018
18.63028 0.7641583149312043
18.63149 0.764192288092407
18.6327 0.7642262612536097
18.6339 0.7642602344148123
18.63511 0.764294207576015
18.63632 0.7643281807372176
18.63752 0.7643621538984202
18.63873 0.7643961270596229
18.63994 0.7644301002208255
18.64115 0.7644980465432308
18.64235 0.7645320197044334
18.64356 0.7645999660268389
18.64477 0.7646339391880415
18.64597 0.7647018855104468
18.64718 0.7647698318328521
18.64839 0.7648377781552573
18.64959 0.7649057244776626
18.6508 0.764973670800068
18.65201 0.7650755902836759
18.65321 0.7651435366060813
18.65442 0.7652454560896892
18.65563 0.7653473755732971
18.65683 0.7654492950569051
18.65804 0.765551214540513
18.65925 0.7656531340241209
18.66045 0.7657890266689316
18.66166 0.7658909461525395
18.66287 0.7660268387973501
18.66407 0.766128758280958
18.66528 0.7662646509257687
18.66649 0.7664005435705793
18.6677 0.7665024630541871
18.6689 0.7666383556989977
18.67011 0.7667742483438085
18.67132 0.766910140988619
18.67252 0.7670120604722269
18.67373 0.7671479531170375
18.67494 0.7672838457618482
18.67614 0.7673857652454561
18.67735 0.7675216578902667
18.67856 0.7676235773738747
18.67976 0.7677594700186853
18.68097 0.7678613895022932
18.68218 0.7679633089859011
18.68338 0.7680652284695091
18.68459 0.768167147953117
18.6858 0.7682350942755223
18.687 0.7683370137591303
18.68821 0.7684389332427383
18.68942 0.7685408527263462
18.69062 0.7686427722099541
18.69183 0.7687446916935621
18.69304 0.7688126380159674
18.69425 0.7689145574995754
18.69545 0.7690164769831833
18.69666 0.7691183964667913
18.69787 0.7691863427891965
18.69907 0.7692882622728044
18.70028 0.7693901817564125
18.70149 0.7694581280788177
18.70269 0.769526074401223
18.7039 0.7696279938848309
18.70511 0.7696959402072363
18.70631 0.7697638865296416
18.70752 0.7698318328520468
18.70873 0.7698997791744522
18.70993 0.7699677254968575
18.71114 0.7700356718192628
18.71235 0.7701036181416681
18.71355 0.7701375913028707
18.71476 0.770205537625276
18.71597 0.7702395107864787
18.71717 0.7702734839476812
18.71838 0.7703074571088839
18.71959 0.7703414302700866
18.7208 0.7703414302700866
18.722 0.7703754034312893
18.72321 0.7703754034312893
18.72442 0.7703754034312893
18.72562 0.7703754034312893
18.72683 0.7703754034312893
18.72804 0.7703754034312893
18.72924 0.7703754034312893
18.73045 0.7703414302700866
18.73166 0.7703414302700866
18.73286 0.7703074571088839
18.73407 0.7703074571088839
18.73528 0.7702734839476812
18.73648 0.7702395107864787
18.73769 0.770205537625276
18.7389 0.770205537625276
18.7401 0.7701715644640734
18.74131 0.7701375913028707
18.74252 0.7701036181416681
18.74372 0.7700696449804655
18.74493 0.7700696449804655
18.74614 0.7700356718192628
18.74735 0.7700016986580601
18.74855 0.7699677254968575
18.74976 0.7699677254968575
18.75097 0.7699337523356549
18.75217 0.7699337523356549
18.75338 0.7698997791744522
18.75459 0.7698658060132495
18.75579 0.7698318328520468
18.757 0.7697978596908442
18.75821 0.7697638865296416
18.75941 0.7697299133684389
18.76062 0.7696959402072363
18.76183 0.7696619670460336
18.76303 0.7696279938848309
18.76424 0.7695940207236284
18.76545 0.7695600475624257
18.76665 0.7694921012400204
18.76786 0.7694581280788177
18.76907 0.7694241549176151
18.77028 0.7693901817564125
18.77148 0.7693562085952098
18.77269 0.7693222354340071
18.7739 0.7693222354340071
18.7751 0.7692882622728044
18.77631 0.7692542891116018
18.77752 0.7692542891116018
18.77872 0.7692542891116018
18.77993 0.7692542891116018
18.78114 0.7692542891116018
18.78234 0.7692542891116018
18.78355 0.7692542891116018
18.78476 0.7692882622728044
18.78596 0.7693222354340071
18.78717 0.7693562085952098
18.78838 0.7693901817564125
18.78958 0.7694241549176151
18.79079 0.7694921012400204
18.792 0.769526074401223
18.7932 0.7695600475624257
18.79441 0.7696279938848309
18.79562 0.7696959402072363
18.79683 0.7697299133684389
18.79803 0.7697978596908442
18.79924 0.7698658060132495
18.80045 0.7699337523356549
18.80165 0.7700016986580601
18.80286 0.7701036181416681
18.80407 0.7701715644640734
18.80527 0.7702734839476812
18.80648 0.7703754034312893
18.80769 0.7704773229148972
18.80889 0.7705792423985052
18.8101 0.7706811618821131
18.81131 0.770783081365721
18.81251 0.7709189740105317
18.81372 0.7710548666553423
18.81493 0.7711907593001529
18.81613 0.7713266519449634
18.81734 0.7714625445897741
18.81855 0.7716324103957873
18.81975 0.7718022762018005
18.82096 0.7719721420078138
18.82217 0.7721420078138271
18.82338 0.7723118736198403
18.82458 0.7725157125870562
18.82579 0.7727195515542722
18.827 0.772923390521488
18.8282 0.7731272294887039
18.82941 0.7733650416171225
18.83062 0.7735688805843384
18.83182 0.7738066927127569
18.83303 0.7740445048411754
18.83424 0.774282316969594
18.83544 0.7745541022592152
18.83665 0.7747919143876338
18.83786 0.7750297265160523
18.83906 0.7753015118056735
18.84027 0.7755732970952947
18.84148 0.7758450823849159
18.84268 0.7760828945133345
18.84389 0.7763546798029557
18.8451 0.7766264650925768
18.8463 0.7768982503821981
18.84751 0.7771700356718192
18.84872 0.7774418209614404
18.84993 0.7777475794122642
18.85113 0.7780193647018855
18.85234 0.7782911499915066
18.85355 0.778562935281128
18.85475 0.7788347205707491
18.85596 0.7791065058603703
18.85717 0.7794122643111941
18.85837 0.7796840496008154
18.85958 0.7799898080516392
18.86079 0.780295566502463
18.86199 0.7806013249532869
18.8632 0.7809070834041107
18.86441 0.7812128418549346
18.86561 0.7815186003057585
18.86682 0.781858331917785
18.86803 0.7821640903686088
18.86923 0.7824698488194326
18.87044 0.7828095804314592
18.87165 0.783115338882283
18.87285 0.7834550704943095
18.87406 0.7837608289451333
18.87527 0.7841005605571598
18.87648 0.7844063190079837
18.87768 0.7847120774588076
18.87889 0.7850178359096314
18.8801 0.7853575675216579
18.8813 0.7856633259724817
18.88251 0.7859690844233056
18.88372 0.7862408697129267
18.88492 0.7865466281637506
18.88613 0.7868523866145746
18.88734 0.7871241719041957
18.88854 0.7873959571938169
18.88975 0.7876677424834381
18.89096 0.7879395277730593
18.89216 0.7882113130626804
18.89337 0.7884830983523017
18.89458 0.7887209104807202
18.89578 0.7889926957703415
18.89699 0.7892305078987599
18.8982 0.7895022931883813
18.8994 0.7897401053167997
18.90061 0.7899779174452183
18.90182 0.7902497027348395
18.90303 0.790487514863258
18.90423 0.7907253269916766
18.90544 0.7909631391200951
18.90665 0.7912009512485138
18.90785 0.7914387633769322
18.90906 0.7916765755053508
18.91027 0.7919143876337693
18.91147 0.7921521997621879
18.91268 0.7923900118906064
18.91389 0.792627824019025
18.91509 0.7928656361474435
18.9163 0.793103448275862
18.91751 0.7933752335654832
18.91871 0.7936130456939018
18.91992 0.7938508578223203
18.92113 0.7940886699507389
18.92233 0.7943264820791575
18.92354 0.794564294207576
18.92475 0.7948021063359946
18.92595 0.7950399184644131
18.92716 0.7952777305928317
18.92837 0.7955155427212502
18.92958 0.7957193816884661
18.93078 0.7959571938168847
18.93199 0.7961610327841006
18.9332 0.7963648717513164
18.9344 0.796602683879735
18.93561 0.7968065228469509
18.93682 0.7970103618141668
18.93802 0.7972481739425853
18.93923 0.7974520129098013
18.94044 0.7976898250382198
18.94164 0.7978936640054357
18.94285 0.7981314761338543
18.94406 0.7983692882622727
18.94526 0.7986071003906914
18.94647 0.7988449125191098
18.94768 0.7991166978087312
18.94888 0.7993545099371496
18.95009 0.7996262952267709
18.9513 0.799898080516392
18.9525 0.8001698658060132
18.95371 0.800475624256837
18.95492 0.800781382707661
18.95613 0.8010871411584848
18.95733 0.8013928996093086
18.95854 0.8017326312213352
18.95975 0.8020723628333616
18.96095 0.8024120944453882
18.96216 0.8027857992186174
18.96337 0.8031255308306438
18.96457 0.8034992356038729
18.96578 0.8038729403771021
18.96699 0.8042466451503312
18.96819 0.8046203499235604
18.9694 0.8049940546967895
18.97061 0.8054017326312214
18.97181 0.8057754374044505
18.97302 0.8061831153388823
18.97423 0.8065907932733141
18.97543 0.8069984712077459
18.97664 0.8074401223033802
18.97785 0.8078478002378121
18.97906 0.8082894513334465
18.98026 0.8087311024290811
18.98147 0.8091727535247155
18.98268 0.80961440462035
18.98388 0.810090028877187
18.98509 0.8105656531340241
18.9863 0.8110073042296585
18.9875 0.8115169016476983
18.98871 0.8119925259045354
18.98992 0.8124681501613725
18.99112 0.8129777475794123
18.99233 0.813487344997452
18.99354 0.8139969424154918
18.99474 0.8145065398335315
18.99595 0.815050110412774
18.99716 0.8155936809920163
18.99836 0.8161712247324614
18.99957 0.8167487684729065
19.00078 0.8173263122133514
19.00198 0.8179038559537964
19.00319 0.8185153728554442
19.0044 0.8191268897570919
19.00561 0.8197384066587396
19.00681 0.8203499235603873
19.00802 0.820961440462035
19.00923 0.8215729573636826
19.01043 0.822218447426533
19.01164 0.8228299643281808
19.01285 0.8234414812298285
19.01405 0.8240869712926788
19.01526 0.8246984881943265
19.01647 0.8253100050959742
19.01767 0.8259554951588245
19.01888 0.8265670120604722
19.02009 0.82717852896212
19.02129 0.827756072702565
19.0225 0.8283675896042126
19.02371 0.8289451333446577
19.02491 0.8295226770851027
19.02612 0.8301002208255478
19.02733 0.8306777645659928
19.02853 0.8312553083064379
19.02974 0.8317988788856803
19.03095 0.8323764226261253
19.03216 0.8329539663665705
19.03336 0.8335315101070155
19.03457 0.8341090538474605
19.03578 0.8346865975879055
19.03698 0.8352641413283506
19.03819 0.835807711907593
19.0394 0.836385255648038
19.0406 0.8369627993884831
19.04181 0.8375063699677254
19.04302 0.8380839137081705
19.04422 0.838627484287413
19.04543 0.8392050280278579
19.04664 0.8397485986071004
19.04784 0.8402581960251401
19.04905 0.8408017666043825
19.05026 0.8413453371836249
19.05146 0.8418549346016646
19.05267 0.8423645320197044
19.05388 0.8428401562765415
19.05508 0.8433497536945812
19.05629 0.8438253779514183
19.0575 0.8442670290470529
19.05871 0.84474265330389
19.05991 0.8451843043995244
19.06112 0.8455919823339562
19.06233 0.8459996602683879
19.06353 0.8464073382028198
19.06474 0.846781042976049
19.06595 0.8471887209104807
19.06715 0.8475284525225072
19.06836 0.8479021572957364
19.06957 0.8482418889077629
19.07077 0.8485816205197894
19.07198 0.8489213521318159
19.07319 0.8492271105826397
19.07439 0.8495328690334636
19.0756 0.8498386274842874
19.07681 0.8501443859351113
19.07801 0.8504161712247325
19.07922 0.8506879565143537
19.08043 0.8509597418039748
19.08163 0.8512315270935961
19.08284 0.8515033123832172
19.08405 0.8517750976728384
19.08526 0.8520129098012571
19.08646 0.8522507219296757
19.08767 0.8525225072192968
19.08888 0.8527603193477153
19.09008 0.8529981314761339
19.09129 0.8532359436045523
19.0925 0.8534737557329709
19.0937 0.8537115678613896
19.09491 0.8539154068286054
19.09612 0.8541532189570239
19.09732 0.8543910310854425
19.09853 0.8545948700526584
19.09974 0.854832682181077
19.10094 0.8550365211482929
19.10215 0.8552063869543062
19.10336 0.855410225921522
19.10456 0.8555800917275352
19.10577 0.8557499575335485
19.10698 0.8559198233395617
19.10818 0.8560557159843722
19.10939 0.8562255817903855
19.1106 0.8563614744351963
19.11181 0.8565313402412095
19.11301 0.85666723288602
19.11422 0.8568031255308306
19.11543 0.8569729913368438
19.11663 0.8571088839816545
19.11784 0.857244776626465
19.11905 0.8573806692712757
19.12025 0.8575505350772888
19.12146 0.8576864277220996
19.12267 0.8578562935281129
19.12387 0.8579921861729234
19.12508 0.8581620519789366
19.12629 0.8583319177849499
19.12749 0.8585017835909631
19.1287 0.8586716493969763
19.12991 0.8588754883641923
19.13111 0.8590793273314081
19.13232 0.859283166298624
19.13353 0.85948700526584
19.13473 0.8597248173942585
19.13594 0.8599286563614744
19.13715 0.8601664684898931
19.13836 0.8603703074571089
19.13956 0.8606081195855274
19.14077 0.860845931713946
19.14198 0.8610837438423646
19.14318 0.861321555970783
19.14439 0.8615593680992016
19.1456 0.8617971802276202
19.1468 0.8620349923560388
19.14801 0.8623067776456599
19.14922 0.8625445897740784
19.15042 0.8628163750636996
19.15163 0.8630541871921182
19.15284 0.8633259724817395
19.15404 0.8635977577713606
19.15525 0.8638695430609818
19.15646 0.8641073551894004
19.15766 0.8643791404790215
19.15887 0.8646509257686428
19.16008 0.8649566842194666
19.16128 0.8652284695090878
19.16249 0.865500254798709
19.1637 0.8657720400883303
19.16491 0.866077798539154
19.16611 0.8663495838287754
19.16732 0.8666553422795991
19.16853 0.8669271275692204
19.16973 0.8672328860200441
19.17094 0.8675386444708679
19.17215 0.8678783760828945
19.17335 0.8681841345337183
19.17456 0.8685238661457448
19.17577 0.8688296245965688
19.17697 0.8691693562085953
19.17818 0.8695090878206218
19.17939 0.8698488194326481
19.18059 0.8701885510446746
19.1818 0.8705282826567012
19.18301 0.8709019874299304
19.18421 0.8712417190419569
19.18542 0.8715814506539834
19.18663 0.8719211822660098
19.18784 0.872294887039239
19.18904 0.8726346186512655
19.19025 0.8729743502632921
19.19146 0.8733140818753186
19.19266 0.8736538134873449
19.19387 0.8739935450993714
19.19508 0.8743332767113979
19.19628 0.8746390351622219
19.19749 0.8749787667742484
19.1987 0.8752845252250722
19.1999 0.8755902836758961
19.20111 0.8758960421267199
19.20232 0.8762018005775436
19.20352 0.8765075590283676
19.20473 0.8767793443179887
19.20594 0.8770851027688127
19.20714 0.8773568880584338
19.20835 0.877628673348055
19.20956 0.8779344317988789
19.21076 0.8782062170885001
19.21197 0.8784780023781212
19.21318 0.8787497876677425
19.21439 0.8790215729573637
19.21559 0.8792933582469848
19.2168 0.8795651435366062
19.21801 0.8798369288262272
19.21921 0.8800747409546459
19.22042 0.8803465262442671
19.22163 0.8805843383726856
19.22283 0.8808561236623068
19.22404 0.8810939357907254
19.22525 0.8813317479191438
19.22645 0.8815695600475624
19.22766 0.881807372175981
19.22887 0.8820451843043996
19.23007 0.882282996432818
19.23128 0.8825208085612366
19.23249 0.8827246475284526
19.23369 0.8829624596568711
19.2349 0.883166298624087
19.23611 0.8833701375913028
19.23731 0.8835739765585187
19.23852 0.8837778155257346
19.23973 0.8839816544929505
19.24094 0.8841854934601664
19.24214 0.8843553592661797
19.24335 0.8845591982333956
19.24456 0.8847290640394088
19.24576 0.8848989298454221
19.24697 0.8850687956514353
19.24818 0.885204688296246
19.24938 0.8853745541022593
19.25059 0.8855104467470698
19.2518 0.885680312553083
19.253 0.8858162051978937
19.25421 0.8859520978427043
19.25542 0.8860879904875149
19.25662 0.8862238831323254
19.25783 0.8863597757771361
19.25904 0.8864956684219467
19.26024 0.8866315610667572
19.26145 0.8867674537115677
19.26266 0.8869033463563785
19.26386 0.8870392390011891
19.26507 0.8871751316459996
19.26628 0.8873110242908103
19.26749 0.8874469169356208
19.26869 0.8875828095804315
19.2699 0.887718702225242
19.27111 0.8878885680312554
19.27231 0.888024460676066
19.27352 0.8881603533208765
19.27473 0.8883302191268897
19.27593 0.8884661117717003
19.27714 0.8886359775777137
19.27835 0.8887718702225242
19.27955 0.8889417360285374
19.28076 0.889077628673348
19.28197 0.8892135213181586
19.28317 0.889383387124172
19.28438 0.8895192797689825
19.28559 0.8896551724137931
19.28679 0.8898250382198063
19.288 0.889960930864617
19.28921 0.8900968235094275
19.29041 0.8902666893154408
19.29162 0.8904025819602513
19.29283 0.8905724477662645
19.29404 0.8907083404110754
19.29524 0.8908782062170886
19.29645 0.8910140988618991
19.29766 0.8911839646679124
19.29886 0.8913198573127229
19.30007 0.8914897231187361
19.30128 0.8916595889247495
19.30248 0.8917954815695601
19.30369 0.8919653473755733
19.3049 0.8921352131815865
19.3061 0.8923050789875998
19.30731 0.892474944793613
19.30852 0.8926448105996262
19.30972 0.8928146764056395
19.31093 0.8929845422116527
19.31214 0.8931883811788686
19.31334 0.8933582469848821
19.31455 0.8935620859520977
19.31576 0.8937319517581112
19.31696 0.8939357907253269
19.31817 0.8941396296925428
19.31938 0.8943434686597588
19.32059 0.8945473076269747
19.32179 0.8947511465941905
19.323 0.8949549855614065
19.32421 0.8951588245286224
19.32541 0.8953626634958383
19.32662 0.8955665024630542
19.32783 0.8957703414302701
19.32903 0.8960081535586886
19.33024 0.8962119925259044
19.33145 0.8964158314931204
19.33265 0.8966196704603363
19.33386 0.8968235094275522
19.33507 0.8970273483947682
19.33627 0.8972651605231867
19.33748 0.8974689994904026
19.33869 0.8976728384576186
19.33989 0.8978427042636318
19.3411 0.8980465432308476
19.34231 0.8982503821980636
19.34351 0.8984542211652793
19.34472 0.8986240869712927
19.34593 0.8988279259385087
19.34714 0.8989977917445219
19.34834 0.8992016307117379
19.34955 0.8993714965177511
19.35076 0.8995753354849669
19.35196 0.8997452012909802
19.35317 0.8999490402581961
19.35438 0.9001189060642093
19.35558 0.9002887718702226
19.35679 0.9004926108374385
19.358 0.9006624766434517
19.3592 0.900832342449465
19.36041 0.9010361814166808
19.36162 0.901206047222694
19.36282 0.9013759130287073
19.36403 0.9015457788347205
19.36524 0.9017156446407337
19.36644 0.901885510446747
19.36765 0.9020553762527602
19.36886 0.9022252420587735
19.37006 0.9023951078647869
19.37127 0.9025649736708001
19.37248 0.9027348394768133
19.37369 0.9028707321216239
19.37489 0.9030405979276371
19.3761 0.9031764905724476
19.37731 0.9033463563784611
19.37851 0.9034822490232717
19.37972 0.9036181416680822
19.38093 0.9037880074740954
19.38213 0.903923900118906
19.38334 0.9040597927637167
19.38455 0.9041617122473246
19.38575 0.9042976048921353
19.38696 0.9044334975369459
19.38817 0.9045354170205537
19.38937 0.9046373365041618
19.39058 0.9047732291489723
19.39179 0.9048751486325802
19.39299 0.9049770681161883
19.3942 0.9050789875997961
19.39541 0.9051809070834042
19.39662 0.905282826567012
19.39782 0.90538474605062
19.39903 0.905486665534228
19.40024 0.9055546118566333
19.40144 0.9056565313402412
19.40265 0.9057584508238492
19.40386 0.9058263971462543
19.40506 0.9059283166298624
19.40627 0.9060302361134703
19.40748 0.9060981824358757
19.40868 0.9062001019194835
19.40989 0.9062680482418889
19.4111 0.9063699677254969
19.4123 0.9064718872091048
19.41351 0.9065398335315101
19.41472 0.9066417530151181
19.41592 0.9067436724987261
19.41713 0.9068116188211313
19.41834 0.9069135383047393
19.41954 0.9070154577883471
19.42075 0.9071173772719553
19.42196 0.9071853235943604
19.42317 0.9072872430779685
19.42437 0.9073891625615763
19.42558 0.9074571088839817
19.42679 0.9075590283675896
19.42799 0.9076609478511977
19.4292 0.9077288941736028
19.43041 0.9078308136572109
19.43161 0.907898759979616
19.43282 0.908000679463224
19.43403 0.9080686257856294
19.43523 0.9081705452692374
19.43644 0.9082384915916427
19.43765 0.9083404110752505
19.43885 0.9084423305588586
19.44006 0.9085102768812637
19.44127 0.9086121963648718
19.44247 0.908680142687277
19.44368 0.9087820621708851
19.44489 0.9088839816544929
19.44609 0.9089519279768983
19.4473 0.9090538474605061
19.44851 0.9091557669441142
19.44972 0.9092576864277221
19.45092 0.9093256327501275
19.45213 0.9094275522337353
19.45334 0.9095294717173433
19.45454 0.9096313912009512
19.45575 0.9097333106845592
19.45696 0.9098352301681671
19.45816 0.9099371496517752
19.45937 0.910039069135383
19.46058 0.9101409886189911
19.46178 0.9102768812638017
19.46299 0.9103788007474095
19.4642 0.9104807202310176
19.4654 0.9105826397146254
19.46661 0.9106845591982334
19.46782 0.9107864786818414
19.46902 0.9109223713266519
19.47023 0.9110242908102599
19.47144 0.9111262102938678
19.47264 0.9112621029386785
19.47385 0.9113640224222864
19.47506 0.9114659419058943
19.47627 0.911601834550705
19.47747 0.9117037540343128
19.47868 0.9118396466791235
19.47989 0.9119415661627315
19.48109 0.9120434856463393
19.4823 0.91217937829115
19.48351 0.9123152709359605
19.48471 0.9124171904195685
19.48592 0.9125530830643792
19.48713 0.9126889757091897
19.48833 0.9127908951927975
19.48954 0.9129267878376084
19.49075 0.9130626804824189
19.49195 0.9131985731272294
19.49316 0.9133004926108375
19.49437 0.9134363852556481
19.49557 0.9135722779004586
19.49678 0.9137081705452693
19.49799 0.9138440631900798
19.49919 0.9139799558348904
19.5004 0.914115848479701
19.50161 0.9142517411245117
19.50282 0.9143876337693222
19.50402 0.9145235264141328
19.50523 0.9146594190589435
19.50644 0.914795311703754
19.50764 0.9149312043485646
19.50885 0.9150670969933752
19.51006 0.9152029896381859
19.51126 0.9153388822829964
19.51247 0.9154747749278069
19.51368 0.9156446407338202
19.51488 0.915780533378631
19.51609 0.9159164260234415
19.5173 0.9160862918294548
19.5185 0.9162221844742653
19.51971 0.9163920502802785
19.52092 0.9165619160862918
19.52212 0.9166978087311025
19.52333 0.9168676745371157
19.52454 0.9170375403431289
19.52574 0.9172074061491422
19.52695 0.9173772719551554
19.52816 0.9175471377611686
19.52937 0.9177170035671819
19.53057 0.9178868693731951
19.53178 0.9180567351792085
19.53299 0.9182605741464243
19.53419 0.9184304399524377
19.5354 0.9186342789196534
19.53661 0.9188041447256668
19.53781 0.9190079836928825
19.53902 0.9192118226600985
19.54023 0.9193816884661119
19.54143 0.9195855274333276
19.54264 0.9197893664005435
19.54385 0.9199932053677594
19.54505 0.9201970443349753
19.54626 0.9204008833021913
19.54747 0.9206047222694071
19.54867 0.920808561236623
19.54988 0.921012400203839
19.55109 0.9212502123322576
19.55229 0.9214540512994736
19.5535 0.9216578902666892
19.55471 0.9218617292339052
19.55592 0.9220655682011211
19.55712 0.9222694071683369
19.55833 0.9224732461355529
19.55954 0.9227110582639715
19.56074 0.9229148972311874
19.56195 0.9231187361984033
19.56316 0.9233225751656192
19.56436 0.9235264141328351
19.56557 0.9237302531000509
19.56678 0.9239340920672668
19.56798 0.9241379310344827
19.56919 0.9243417700016986
19.5704 0.9245795821301173
19.5716 0.9247834210973331
19.57281 0.924987260064549
19.57402 0.9252250721929677
19.57522 0.9254289111601833
19.57643 0.925666723288602
19.57764 0.9259045354170206
19.57884 0.9261083743842364
19.58005 0.9263461865126551
19.58126 0.9265500254798708
19.58247 0.9267878376082894
19.58367 0.9269916765755053
19.58488 0.927229488703924
19.58609 0.9274333276711398
19.58729 0.9276711397995584
19.5885 0.9278749787667742
19.58971 0.92807881773399
19.59091 0.928282656701206
19.59212 0.9284864956684219
19.59333 0.9286903346356378
19.59453 0.9288941736028538
19.59574 0.9290980125700696
19.59695 0.9292678783760828
19.59815 0.9294377441820961
19.59936 0.929641583149312
19.60057 0.9298114489553253
19.60177 0.9299813147613385
19.60298 0.9301172074061492
19.60419 0.9302870732121624
19.6054 0.9304569390181757
19.6066 0.9305928316629862
19.60781 0.9307626974689994
19.60902 0.93089859011381
19.61022 0.9310344827586208
19.61143 0.9311703754034313
19.61264 0.9313062680482418
19.61384 0.9314421606930525
19.61505 0.9315780533378631
19.61626 0.9317139459826737
19.61746 0.9318158654662817
19.61867 0.9319517581110922
19.61988 0.9320876507559028
19.62108 0.9321895702395109
19.62229 0.9322914897231187
19.6235 0.9323934092067268
19.6247 0.9325293018515374
19.62591 0.9326312213351452
19.62712 0.9327331408187532
19.62832 0.9328010871411584
19.62953 0.9329030066247664
19.63074 0.9330049261083744
19.63195 0.9330728724307797
19.63315 0.9331747919143876
19.63436 0.9332427382367929
19.63557 0.9333106845591983
19.63677 0.9334126040428061
19.63798 0.9334805503652115
19.63919 0.9335484966876167
19.64039 0.9336164430100221
19.6416 0.9336504161712248
19.64281 0.9337183624936299
19.64401 0.9337523356548326
19.64522 0.9337863088160353
19.64643 0.933820281977238
19.64763 0.9338542551384407
19.64884 0.9338882282996434
19.65005 0.9339222014608458
19.65125 0.9339561746220485
19.65246 0.9339561746220485
19.65367 0.9339901477832512
19.65487 0.9339901477832512
19.65608 0.9339901477832512
19.65729 0.9339901477832512
19.6585 0.9340241209444539
19.6597 0.9340241209444539
19.66091 0.9340241209444539
19.66212 0.9340241209444539
19.66332 0.9340241209444539
19.66453 0.9340241209444539
19.66574 0.9340241209444539
19.66694 0.9340241209444539
19.66815 0.9339901477832512
19.66936 0.9339901477832512
19.67056 0.9339901477832512
19.67177 0.9339901477832512
19.67298 0.9339901477832512
19.67418 0.9339901477832512
19.67539 0.9340241209444539
19.6766 0.9340241209444539
19.6778 0.9340241209444539
19.67901 0.9340241209444539
19.68022 0.9340241209444539
19.68142 0.9340241209444539
19.68263 0.9340241209444539
19.68384 0.9340241209444539
19.68505 0.9340241209444539
19.68625 0.9339901477832512
19.68746 0.9339901477832512
19.68867 0.9339901477832512
19.68987 0.9339901477832512
19.69108 0.9339561746220485
19.69229 0.9339561746220485
19.69349 0.9339561746220485
19.6947 0.9339222014608458
19.69591 0.9339222014608458
19.69711 0.9339222014608458
19.69832 0.9339222014608458
19.69953 0.9338882282996434
19.70073 0.9338882282996434
19.70194 0.9338882282996434
19.70315 0.9338882282996434
19.70435 0.9338882282996434
19.70556 0.9338882282996434
19.70677 0.9338882282996434
19.70797 0.9338882282996434
19.70918 0.9338882282996434
19.71039 0.9338882282996434
19.7116 0.9338882282996434
19.7128 0.9339222014608458
19.71401 0.9339222014608458
19.71522 0.9339222014608458
19.71642 0.9339561746220485
19.71763 0.9339901477832512
19.71884 0.9339901477832512
19.72004 0.9340241209444539
19.72125 0.9340241209444539
19.72246 0.9340580941056565
19.72366 0.9340920672668592
19.72487 0.9341260404280618
19.72608 0.9341600135892645
19.72728 0.9341600135892645
19.72849 0.9341939867504672
19.7297 0.9342279599116698
19.7309 0.9342619330728725
19.73211 0.934295906234075
19.73332 0.9343298793952777
19.73452 0.9343638525564804
19.73573 0.934397825717683
19.73694 0.9344317988788857
19.73815 0.9344997452012909
19.73935 0.9345337183624935
19.74056 0.9345676915236962
19.74177 0.9346016646848989
19.74297 0.9346356378461016
19.74418 0.9346696110073042
19.74539 0.9347375573297095
19.74659 0.9347715304909122
19.7478 0.9348055036521149
19.74901 0.9348394768133176
19.75021 0.9349074231357227
19.75142 0.9349413962969254
19.75263 0.9349753694581281
19.75383 0.9350433157805333
19.75504 0.935077288941736
19.75625 0.9351112621029387
19.75745 0.9351792084253441
19.75866 0.9352471547477492
19.75987 0.9352811279089519
19.76107 0.9353490742313573
19.76228 0.9354170205537624
19.76349 0.9354849668761678
19.7647 0.9355189400373705
19.7659 0.9355868863597758
19.76711 0.9356548326821811
19.76832 0.9357227790045864
19.76952 0.9357907253269916
19.77073 0.9358246984881943
19.77194 0.9358926448105996
19.77314 0.935960591133005
19.77435 0.9360285374554101
19.77556 0.9360964837778155
19.77676 0.9361304569390182
19.77797 0.9361984032614235
19.77918 0.9362323764226261
19.78038 0.9363003227450315
19.78159 0.9363342959062342
19.7828 0.9364022422286393
19.784 0.936436215389842
19.78521 0.9364701885510447
19.78642 0.9365041617122474
19.78762 0.9365381348734501
19.78883 0.9365721080346525
19.79004 0.9366060811958552
19.79125 0.9366400543570579
19.79245 0.9366740275182606
19.79366 0.9366740275182606
19.79487 0.9367080006794632
19.79607 0.9367419738406658
19.79728 0.9367759470018685
19.79849 0.9367759470018685
19.79969 0.9368099201630712
19.8009 0.9368438933242739
19.80211 0.9368438933242739
19.80331 0.9368778664854766
19.80452 0.9368778664854766
19.80573 0.9368778664854766
19.80693 0.9369118396466792
19.80814 0.9369118396466792
19.80935 0.9369118396466792
19.81055 0.9369118396466792
19.81176 0.9369118396466792
19.81297 0.9369118396466792
19.81417 0.9369118396466792
19.81538 0.9369118396466792
19.81659 0.9369118396466792
19.8178 0.9368778664854766
19.819 0.9368778664854766
19.82021 0.9368438933242739
19.82142 0.9368099201630712
19.82262 0.9368099201630712
19.82383 0.9367759470018685
19.82504 0.9367080006794632
19.82624 0.9366740275182606
19.82745 0.9366400543570579
19.82866 0.9365721080346525
19.82986 0.9365381348734501
19.83107 0.9364701885510447
19.83228 0.9364022422286393
19.83348 0.9363342959062342
19.83469 0.9362663495838288
19.8359 0.9361984032614235
19.8371 0.9361304569390182
19.83831 0.9360285374554101
19.83952 0.935960591133005
19.84073 0.935858671649397
19.84193 0.9357907253269916
19.84314 0.9356888058433838
19.84435 0.9355868863597758
19.84555 0.9354849668761678
19.84676 0.93538304739256
19.84797 0.9352811279089519
19.84917 0.9351792084253441
19.85038 0.935077288941736
19.85159 0.9349413962969254
19.85279 0.9348394768133176
19.854 0.9347035841685069
19.85521 0.9346016646848989
19.85641 0.9344657720400884
19.85762 0.9343298793952777
19.85883 0.9341939867504672
19.86003 0.9340580941056565
19.86124 0.9339222014608458
19.86245 0.9337863088160353
19.86365 0.9336504161712248
19.86486 0.9335145235264142
19.86607 0.9333786308816034
19.86728 0.9332087650755903
19.86848 0.9330728724307797
19.86969 0.9329030066247664
19.8709 0.9327331408187532
19.8721 0.9325632750127401
19.87331 0.9323934092067268
19.87452 0.9322235434007133
19.87572 0.9320536775947001
19.87693 0.9318498386274842
19.87814 0.931679972821471
19.87934 0.9314761338542551
19.88055 0.9313062680482418
19.88176 0.9311024290810259
19.88296 0.93089859011381
19.88417 0.9307287243077967
19.88538 0.9305248853405809
19.88658 0.930321046373365
19.88779 0.9301172074061492
19.889 0.9299133684389334
19.8902 0.9297095294717174
19.89141 0.9295056905045015
19.89262 0.9293018515372855
19.89383 0.9290980125700696
19.89503 0.9288941736028538
19.89624 0.9286903346356378
19.89745 0.9284525225072192
19.89865 0.9282486835400033
19.89986 0.9280448445727876
19.90107 0.9278410056055717
19.90227 0.9276371666383557
19.90348 0.9274333276711398
19.90469 0.927229488703924
19.90589 0.927025649736708
19.9071 0.9268218107694921
19.90831 0.9266179718022761
19.90951 0.9263801596738576
19.91072 0.9261763207066417
19.91193 0.9259385085782232
19.91313 0.9257346696110074
19.91434 0.9255308306437914
19.91555 0.9252930185153728
19.91675 0.925089179548157
19.91796 0.9248513674197385
19.91917 0.9246135552913199
19.92038 0.924409716324104
19.92158 0.9241719041956854
19.92279 0.9239680652284695
19.924 0.9237302531000509
19.9252 0.9234924409716324
19.92641 0.9232886020044165
19.92762 0.923050789875998
19.92882 0.922846950908782
19.93003 0.9226091387803634
19.93124 0.9224052998131476
19.93244 0.9221674876847291
19.93365 0.9219636487175132
19.93486 0.9217258365890946
19.93606 0.9215219976218787
19.93727 0.9212841854934601
19.93848 0.9210803465262444
19.93968 0.9208765075590284
19.94089 0.9206726685918125
19.9421 0.9204688296245966
19.9433 0.9202649906573807
19.94451 0.9200611516901648
19.94572 0.9198573127229489
19.94693 0.9196534737557329
19.94813 0.919449634788517
19.94934 0.9192797689825039
19.95055 0.9190759300152879
19.95175 0.918872091048072
19.95296 0.9187022252420588
19.95417 0.9184983862748428
19.95537 0.9183285204688296
19.95658 0.9181246815016136
19.95779 0.9179548156956004
19.95899 0.9177509767283846
19.9602 0.9175811109223713
19.96141 0.9173772719551554
19.96261 0.9172074061491422
19.96382 0.9170035671819262
19.96503 0.9167997282147103
19.96623 0.9166298624086971
19.96744 0.9164260234414812
19.96865 0.916256157635468
19.96985 0.9160523186682521
19.97106 0.9158484797010361
19.97227 0.9156446407338202
19.97348 0.9154408017666043
19.97468 0.9152369627993884
19.97589 0.9150331238321726
19.9771 0.9148292848649567
19.9783 0.9146254458977409
19.97951 0.9144216069305249
19.98072 0.9141837948021063
19.98192 0.9139799558348904
19.98313 0.9137761168676745
19.98434 0.9135722779004586
19.98554 0.9133344657720401
19.98675 0.9131306268048243
19.98796 0.9129267878376084
19.98916 0.9127229488703924
19.99037 0.9125191099031765
19.99158 0.9123152709359605
19.99278 0.9121114319687447
19.99399 0.9119075930015288
19.9952 0.9116697808731101
19.9964 0.9114659419058943
19.99761 0.9112621029386785
19.99882 0.9110242908102599
20.00003 0.910820451843044
20.00123 0.9105826397146254
20.00244 0.9103448275862068
20.00365 0.9101070154577884
20.00485 0.9098692033293698
20.00606 0.9096313912009512
20.00727 0.9093935790725326
20.00847 0.9091217937829115
20.00968 0.9088839816544929
20.01089 0.9086121963648718
20.01209 0.9083404110752505
20.0133 0.9080346526244267
20.01451 0.9077628673348055
20.01571 0.9074571088839817
20.01692 0.9071513504331578
20.01813 0.9068455919823339
20.01933 0.9065398335315101
20.02054 0.9062001019194835
20.02175 0.905860370307457
20.02295 0.9055206386954306
20.02416 0.9051809070834042
20.02537 0.9048411754713777
20.02658 0.9044674706981486
20.02778 0.9041277390861219
20.02899 0.9037540343128927
20.0302 0.9033803295396636
20.0314 0.9030066247664345
20.03261 0.9026329199932053
20.03382 0.9022252420587735
20.03502 0.9018515372855443
20.03623 0.9014438593511127
20.03744 0.9010361814166808
20.03864 0.900628503482249
20.03985 0.9002208255478172
20.04106 0.8998131476133854
20.04226 0.8994054696789535
20.04347 0.8989638185833192
20.04468 0.8985221674876847
20.04588 0.8981144895532529
20.04709 0.8976728384576186
20.0483 0.897231187361984
20.04951 0.8967555631051468
20.05071 0.8963139120095125
20.05192 0.895872260913878
20.05313 0.895396636657041
20.05433 0.8949210124002038
20.05554 0.8944793613045695
20.05675 0.8940037370477323
20.05795 0.8935281127908953
20.05916 0.8930185153728554
20.06037 0.8925428911160184
20.06157 0.8920332936979787
20.06278 0.8915236962799388
20.06399 0.8910140988618991
20.06519 0.8904705282826567
20.0664 0.8899269577034143
20.06761 0.8894173602853744
20.06881 0.8888737897061321
20.07002 0.888296245965687
20.07123 0.8877526753864446
20.07243 0.8872091048072023
20.07364 0.8866315610667572
20.07485 0.8860879904875149
20.07606 0.8855104467470698
20.07726 0.8849329030066247
20.07847 0.8843553592661797
20.07968 0.8837778155257346
20.08088 0.8832002717852896
20.08209 0.8826567012060472
20.0833 0.8820791574656021
20.0845 0.881501613725157
20.08571 0.880924069984712
20.08692 0.8803465262442671
20.08812 0.8797689825038221
20.08933 0.879191438763377
20.09054 0.878613895022932
20.09174 0.8780703244436896
20.09295 0.8774927807032445
20.09416 0.8769492101240022
20.09536 0.876371666383557
20.09657 0.8758280958043145
20.09778 0.8752845252250722
20.09898 0.8747409546458298
20.10019 0.8741634109053847
20.1014 0.8736198403261423
20.10261 0.8730762697468999
20.10381 0.8724987260064548
20.10502 0.8719551554272125
20.10623 0.8713776116867674
20.10743 0.870834041107525
20.10864 0.87025649736708
20.10985 0.8697129267878376
20.11105 0.8691693562085953
20.11226 0.8685918124681502
20.11347 0.8680482418889078
20.11467 0.8674706981484628
20.11588 0.8669271275692204
20.11709 0.866383556989978
20.11829 0.865806013249533
20.1195 0.8652624426702905
20.12071 0.864718872091048
20.12191 0.8641753015118057
20.12312 0.8636317309325633
20.12433 0.8630881603533209
20.12553 0.8625445897740784
20.12674 0.8620010191948361
20.12795 0.8614574486155937
20.12916 0.8609138780363513
20.13036 0.8603703074571089
20.13157 0.859860710039069
20.13278 0.8593171394598267
20.13398 0.858807542041787
20.13519 0.8582979446237472
20.1364 0.8577543740445048
20.1376 0.857244776626465
20.13881 0.856769152369628
20.14002 0.8562595549515882
20.14122 0.8557499575335485
20.14243 0.8552403601155089
20.14364 0.8547647358586716
20.14484 0.854255138440632
20.14605 0.8537795141837947
20.14726 0.8533038899269577
20.14846 0.852794292508918
20.14967 0.8523186682520808
20.15088 0.8518430439952438
20.15208 0.8513674197384066
20.15329 0.8508917954815696
20.1545 0.8504161712247325
20.15571 0.8499405469678954
20.15691 0.8494649227110582
20.15812 0.8489892984542212
20.15933 0.8485136741973841
20.16053 0.848038049940547
20.16174 0.8475624256837099
20.16295 0.8470868014268728
20.16415 0.8466111771700356
20.16536 0.8461355529131985
20.16657 0.8456599286563615
20.16777 0.8451503312383217
20.16898 0.8446747069814846
20.17019 0.8441990827246475
20.17139 0.8437234584678104
20.1726 0.8432138610497707
20.17381 0.8427382367929336
20.17501 0.8422286393748938
20.17622 0.8417530151180567
20.17743 0.841243417700017
20.17863 0.8407677934431799
20.17984 0.8402921691863428
20.18105 0.8397825717683031
20.18226 0.839306947511466
20.18346 0.8387973500934263
20.18467 0.8383217258365891
20.18588 0.837846101579752
20.18708 0.8373365041617122
20.18829 0.8368608799048751
20.1895 0.8363512824868354
20.1907 0.8358756582299983
20.19191 0.8354000339731612
20.19312 0.8348904365551214
20.19432 0.8344148122982843
20.19553 0.8339052148802446
20.19674 0.8333956174622048
20.19794 0.8329199932053678
20.19915 0.832410395787328
20.20036 0.8319007983692883
20.20156 0.8313912009512485
20.20277 0.8308816035332088
20.20398 0.830372006115169
20.20518 0.8298624086971292
20.20639 0.8293528112790896
20.2076 0.8288432138610498
20.20881 0.8282996432818074
20.21001 0.8277900458637676
20.21122 0.8272464752845252
20.21243 0.8267368778664855
20.21363 0.826193307287243
20.21484 0.8256497367080007
20.21605 0.8251061661287583
20.21725 0.8245625955495159
20.21846 0.8239850518090709
20.21967 0.8234414812298285
20.22087 0.822897910650586
20.22208 0.822320366910141
20.22329 0.8217767963308986
20.22449 0.8211992525904535
20.2257 0.8206217088500084
20.22691 0.8200441651095635
20.22811 0.8194666213691184
20.22932 0.8189230507898759
20.23053 0.818345507049431
20.23173 0.8177339901477833
20.23294 0.8171564464073382
20.23415 0.8165789026668931
20.23536 0.8160013589264481
20.23656 0.815423815186003
20.23777 0.8148122982843553
20.23898 0.8142347545439103
20.24018 0.8136572108034652
20.24139 0.8130456939018176
20.2426 0.8124681501613725
20.2438 0.8118566332597248
20.24501 0.8112790895192799
20.24622 0.8106675726176321
20.24742 0.8100560557159844
20.24863 0.8094785119755393
20.24984 0.8088669950738916
20.25104 0.8082894513334465
20.25225 0.8076779344317989
20.25346 0.8070664175301512
20.25466 0.8064549006285036
20.25587 0.8058773568880584
20.25708 0.8052658399864107
20.25829 0.804654323084763
20.25949 0.8040088330219127
20.2607 0.803397316120265
20.26191 0.8027857992186174
20.26311 0.8021742823169696
20.26432 0.8015287922541192
20.26553 0.8009172753524715
20.26673 0.8002717852896212
20.26794 0.7996602683879735
20.26915 0.7990147783251231
20.27035 0.7984032614234754
20.27156 0.7977577713606251
20.27277 0.7971122812977748
20.27397 0.796500764396127
20.27518 0.7958552743332767
20.27639 0.795243757431629
20.27759 0.7945982673687786
20.2788 0.7939527773059283
20.28001 0.7933412604042807
20.28121 0.7926957703414304
20.28242 0.7920842534397825
20.28363 0.7914727365381349
20.28484 0.7908272464752845
20.28604 0.7902157295736368
20.28725 0.7896042126719891
20.28846 0.7889926957703415
20.28966 0.7883811788686937
20.29087 0.787769661967046
20.29208 0.7871581450653983
20.29328 0.7865466281637506
20.29449 0.7859690844233056
20.2957 0.7853575675216579
20.2969 0.7847460506200102
20.29811 0.7841345337183625
20.29932 0.7835569899779175
20.30052 0.7829454730762697
20.30173 0.7823339561746221
20.30294 0.781756412434177
20.30414 0.7811448955325293
20.30535 0.7805333786308817
20.30656 0.7799558348904366
20.30776 0.7793443179887888
20.30897 0.7787667742483437
20.31018 0.7781552573466961
20.31139 0.777577713606251
20.31259 0.777000169865806
20.3138 0.7763886529641584
20.31501 0.7758111092237133
20.31621 0.7752335654832683
20.31742 0.7746560217428232
20.31863 0.7740784780023781
20.31983 0.773500934261933
20.32104 0.772923390521488
20.32225 0.7723458467810429
20.32345 0.7718022762018005
20.32466 0.7712247324613555
20.32587 0.7706811618821131
20.32707 0.7701036181416681
20.32828 0.7695600475624257
20.32949 0.7690164769831833
20.33069 0.768472906403941
20.3319 0.7679293358246985
20.33311 0.7674197384066588
20.33431 0.7668761678274163
20.33552 0.7663665704093766
20.33673 0.7658569729913368
20.33794 0.7653134024120944
20.33914 0.7648038049940546
20.34035 0.764294207576015
20.34156 0.7637846101579752
20.34276 0.763308985901138
20.34397 0.7627993884830984
20.34518 0.7622897910650586
20.34638 0.7618141668082214
20.34759 0.7613045693901818
20.3488 0.7608289451333446
20.35 0.7603533208765076
20.35121 0.7598437234584678
20.35242 0.7593680992016307
20.35362 0.7588924749447936
20.35483 0.7584168506879565
20.35604 0.7579412264311194
20.35724 0.757499575335485
20.35845 0.7570239510786478
20.35966 0.7565483268218107
20.36086 0.7560727025649736
20.36207 0.7556310514693393
20.36328 0.7551554272125022
20.36449 0.7547137761168676
20.36569 0.7542381518600306
20.3669 0.7537965007643961
20.36811 0.753320876507559
20.36931 0.7528792254119245
20.37052 0.7524375743162902
20.37173 0.7519619500594531
20.37293 0.7515202989638186
20.37414 0.7510786478681841
20.37535 0.7506369967725497
20.37655 0.7501953456769151
20.37776 0.7497536945812808
20.37897 0.7493120434856464
20.38017 0.7489043655512145
20.38138 0.7484627144555801
20.38259 0.7480550365211482
20.38379 0.7476473585867165
20.385 0.7472057074910821
20.38621 0.7467980295566502
20.38741 0.7463903516222185
20.38862 0.7459826736877866
20.38983 0.7455749957533548
20.39104 0.7451673178189231
20.39224 0.7447596398844912
20.39345 0.7443519619500594
20.39466 0.7439442840156277
20.39586 0.7435366060811959
20.39707 0.743128928146764
20.39828 0.7427212502123323
20.39948 0.7423135722779004
20.40069 0.7418719211822661
20.4019 0.7414642432478342
20.4031 0.7410565653134024
20.40431 0.7406488873789706
20.40552 0.7402412094445389
20.40672 0.7397995583489044
20.40793 0.7393918804144726
20.40914 0.7389502293188381
20.41034 0.7385425513844063
20.41155 0.7381009002887718
20.41276 0.7376592491931374
20.41396 0.737217598097503
20.41517 0.7367759470018685
20.41638 0.736334295906234
20.41759 0.7358926448105996
20.41879 0.7354509937149653
20.42 0.7350093426193307
20.42121 0.7345676915236963
20.42241 0.7340920672668592
20.42362 0.7336504161712247
20.42483 0.7332087650755903
20.42603 0.7327671139799559
20.42724 0.7322914897231187
20.42845 0.7318498386274843
20.42965 0.7314081875318499
20.43086 0.7309325632750128
20.43207 0.7304909121793782
20.43327 0.7300152879225411
20.43448 0.7295736368269067
20.43569 0.7290980125700697
20.43689 0.7286563614744352
20.4381 0.7281807372175981
20.43931 0.7277390861219637
20.44051 0.7272634618651266
20.44172 0.7267878376082895
20.44293 0.7263461865126549
20.44414 0.7258705622558179
20.44534 0.7253949379989808
20.44655 0.7249193137421437
20.44776 0.7244436894853067
20.44896 0.7240020383896721
20.45017 0.723526414132835
20.45138 0.7230507898759979
20.45258 0.7225751656191608
20.45379 0.7220995413623237
20.455 0.7216239171054866
20.4562 0.7211482928486496
20.45741 0.7206386954306099
20.45862 0.7201630711737728
20.45982 0.7196874469169356
20.46103 0.7191778494988958
20.46224 0.7186682520808562
20.46344 0.718192627824019
20.46465 0.7176830304059792
20.46586 0.7171734329879396
20.46707 0.7166638355698998
20.46827 0.7161882113130627
20.46948 0.7156786138950229
20.47069 0.7151690164769832
20.47189 0.7146594190589434
20.4731 0.7141498216409037
20.47431 0.7136402242228639
20.47551 0.7131645999660268
20.47672 0.7126550025479871
20.47793 0.7121454051299474
20.47913 0.7116358077119076
20.48034 0.7111601834550705
20.48155 0.7106505860370308
20.48275 0.7101749617801937
20.48396 0.7096993375233566
20.48517 0.7092237132665195
20.48637 0.7087480890096823
20.48758 0.7082724647528452
20.48879 0.7077968404960081
20.48999 0.707321216239171
20.4912 0.7068795651435367
20.49241 0.7064039408866996
20.49362 0.7059622897910651
20.49482 0.7055206386954306
20.49603 0.7050789875997961
20.49724 0.7046373365041617
20.49844 0.7041956854085273
20.49965 0.7037540343128929
20.50086 0.7033123832172584
20.50206 0.7028707321216239
20.50327 0.7024630541871921
20.50448 0.7020214030915576
20.50568 0.7015797519959233
20.50689 0.7011381009002888
20.5081 0.700730422965857
20.5093 0.7002887718702225
20.51051 0.6998810939357907
20.51172 0.6994734160013589
20.51292 0.6990657380669272
20.51413 0.6986240869712926
20.51534 0.6982503821980635
20.51654 0.6978427042636317
20.51775 0.6974350263292
20.51896 0.6970273483947681
20.52017 0.6966536436215389
20.52137 0.6962799388483099
20.52258 0.6958722609138781
20.52379 0.6954985561406489
20.52499 0.6951588245286223
20.5262 0.6947851197553933
20.52741 0.6944114149821641
20.52861 0.6940716833701376
20.52982 0.6937319517581111
20.53103 0.6933922201460846
20.53223 0.6930524885340581
20.53344 0.6927467300832343
20.53465 0.6924069984712077
20.53585 0.692101240020384
20.53706 0.6917954815695601
20.53827 0.6914897231187362
20.53947 0.691217937829115
20.54068 0.6909121793782911
20.54189 0.69064039408867
20.54309 0.6903686087990487
20.5443 0.6900968235094276
20.54551 0.6898250382198063
20.54672 0.6895532529301852
20.54792 0.6892814676405639
20.54913 0.6890436555121454
20.55034 0.6888058433837269
20.55154 0.6885680312553083
20.55275 0.6883302191268899
20.55396 0.6880924069984712
20.55516 0.6878545948700527
20.55637 0.6876167827416341
20.55758 0.6874129437744182
20.55878 0.6871751316459996
20.55999 0.6869712926787838
20.5612 0.6867674537115679
20.5624 0.6865636147443519
20.56361 0.686359775777136
20.56482 0.6861559368099202
20.56602 0.6859520978427043
20.56723 0.6857822320366911
20.56844 0.6855783930694751
20.56964 0.6854085272634619
20.57085 0.685204688296246
20.57206 0.6850348224902327
20.57327 0.6848649566842194
20.57447 0.6846950908782062
20.57568 0.6845252250721929
20.57689 0.6843553592661797
20.57809 0.6842194666213691
20.5793 0.6840496008153558
20.58051 0.6839137081705452
20.58171 0.6837778155257347
20.58292 0.6836419228809241
20.58413 0.6835060302361134
20.58533 0.6834041107525055
20.58654 0.6832682181076949
20.58775 0.683166298624087
20.58895 0.6830304059792764
20.59016 0.6829284864956684
20.59137 0.6828265670120605
20.59257 0.6827246475284525
20.59378 0.6826227280448446
20.59499 0.6825547817224393
20.59619 0.6824528622388313
20.5974 0.6823509427552233
20.59861 0.6822829964328181
20.59982 0.6821810769492102
20.60102 0.6821131306268048
20.60223 0.682011211143197
20.60344 0.6819432648207916
20.60464 0.6818413453371835
20.60585 0.6817733990147783
20.60706 0.681705452692373
20.60826 0.6816035332087651
20.60947 0.6815355868863598
20.61068 0.6814676405639545
20.61188 0.6813996942415491
20.61309 0.6812977747579412
20.6143 0.6812298284355359
20.6155 0.6811618821131307
20.61671 0.6810599626295227
20.61792 0.6809920163071174
20.61912 0.6809240699847121
20.62033 0.6808561236623067
20.62154 0.6807881773399015
20.62274 0.6807202310174961
20.62395 0.6806522846950909
20.62516 0.6805843383726856
20.62637 0.6805163920502802
20.62757 0.680448445727875
20.62878 0.6804144725666724
20.62999 0.6803465262442671
20.63119 0.6802785799218617
20.6324 0.680244606760659
20.63361 0.6801766604382538
20.63481 0.6801426872770511
20.63602 0.6800747409546458
20.63723 0.6800407677934431
20.63843 0.6799728214710379
20.63964 0.6799388483098353
20.64085 0.6798709019874299
20.64205 0.6798369288262273
20.64326 0.6797689825038219
20.64447 0.6797350093426193
20.64567 0.679667063020214
20.64688 0.6796330898590114
20.64809 0.6795991166978087
20.64929 0.6795311703754034
20.6505 0.6794971972142008
20.65171 0.6794292508917955
20.65292 0.6793952777305928
20.65412 0.6793273314081876
20.65533 0.6792933582469849
20.65654 0.6792254119245795
20.65774 0.6791914387633768
20.65895 0.6791234924409716
20.66016 0.679089519279769
20.66136 0.6790215729573637
20.66257 0.6789536266349584
20.66378 0.6789196534737557
20.66498 0.6788517071513505
20.66619 0.6787837608289452
20.6674 0.6787497876677425
20.6686 0.6786818413453372
20.66981 0.6786138950229319
20.67102 0.6785799218617292
20.67222 0.678511975539324
20.67343 0.6784780023781213
20.67464 0.678410056055716
20.67585 0.6783421097333107
20.67705 0.6783081365721081
20.67826 0.6782401902497027
20.67947 0.6782062170885
20.68067 0.6781382707660948
20.68188 0.6781042976048921
20.68309 0.6780363512824868
20.68429 0.6780023781212842
20.6855 0.6779344317988789
20.68671 0.6779004586376762
20.68791 0.6778664854764737
20.68912 0.677832512315271
20.69033 0.6777985391540683
20.69153 0.677730592831663
20.69274 0.6776966196704604
20.69395 0.6776626465092577
20.69515 0.677628673348055
20.69636 0.677628673348055
20.69757 0.6775947001868523
20.69877 0.6775607270256497
20.69998 0.677526753864447
20.70119 0.677526753864447
20.7024 0.6774927807032444
20.7036 0.6774927807032444
20.70481 0.6774588075420418
20.70602 0.6774248343808391
20.70722 0.6774248343808391
20.70843 0.6773908612196365
20.70964 0.6773908612196365
20.71084 0.6773908612196365
20.71205 0.6773568880584339
20.71326 0.6773568880584339
20.71446 0.6773568880584339
20.71567 0.6773229148972312
20.71688 0.6773229148972312
20.71808 0.6773229148972312
20.71929 0.6773229148972312
20.7205 0.6773229148972312
20.7217 0.6773229148972312
20.72291 0.6773229148972312
20.72412 0.6773229148972312
20.72532 0.6773229148972312
20.72653 0.6773229148972312
20.72774 0.6773568880584339
20.72895 0.6773568880584339
20.73015 0.6773908612196365
20.73136 0.6773908612196365
20.73257 0.6774248343808391
20.73377 0.6774248343808391
20.73498 0.6774588075420418
20.73619 0.6774927807032444
20.73739 0.677526753864447
20.7386 0.6775607270256497
20.73981 0.6775947001868523
20.74101 0.677628673348055
20.74222 0.6776966196704604
20.74343 0.677730592831663
20.74463 0.6777985391540683
20.74584 0.6778664854764737
20.74705 0.6779004586376762
20.74825 0.6779684049600815
20.74946 0.6780363512824868
20.75067 0.6781042976048921
20.75187 0.6782062170885
20.75308 0.6782741634109054
20.75429 0.6783421097333107
20.7555 0.6784440292169186
20.7567 0.678511975539324
20.75791 0.6785799218617292
20.75912 0.6786818413453372
20.76032 0.6787837608289452
20.76153 0.6788517071513505
20.76274 0.6789536266349584
20.76394 0.6790215729573637
20.76515 0.6791234924409716
20.76636 0.6791914387633768
20.76756 0.6792933582469849
20.76877 0.6793952777305928
20.76998 0.6794632240529982
20.77118 0.6795651435366061
20.77239 0.6796330898590114
20.7736 0.6797350093426193
20.7748 0.6798029556650246
20.77601 0.6799048751486326
20.77722 0.6799728214710379
20.77842 0.6800407677934431
20.77963 0.6801087141158485
20.78084 0.6801766604382538
20.78205 0.6802785799218617
20.78325 0.6803465262442671
20.78446 0.6804144725666724
20.78567 0.6804824188890777
20.78687 0.6805503652114829
20.78808 0.6806183115338882
20.78929 0.6807202310174961
20.79049 0.6807881773399015
20.7917 0.6808561236623067
20.79291 0.6809240699847121
20.79411 0.6809920163071174
20.79532 0.6810939357907253
20.79653 0.6811618821131307
20.79773 0.6812298284355359
20.79894 0.6812977747579412
20.80015 0.6813657210803464
20.80135 0.6814336674027519
20.80256 0.6815016137251572
20.80377 0.6815695600475624
20.80497 0.6816375063699678
20.80618 0.681705452692373
20.80739 0.6817733990147783
20.8086 0.6818413453371835
20.8098 0.6819092916595889
20.81101 0.6819772379819943
20.81222 0.6820451843043995
20.81342 0.6820791574656022
20.81463 0.6821471037880075
20.81584 0.6821810769492102
20.81704 0.6822490232716154
20.81825 0.6822829964328181
20.81946 0.6823509427552233
20.82066 0.682384915916426
20.82187 0.6824188890776286
20.82308 0.6824528622388313
20.82428 0.682486835400034
20.82549 0.6825208085612366
20.8267 0.6825547817224393
20.8279 0.6825547817224393
20.82911 0.6825887548836419
20.83032 0.6826227280448446
20.83152 0.6826227280448446
20.83273 0.6826567012060473
20.83394 0.6826567012060473
20.83515 0.6826906743672498
20.83635 0.6826906743672498
20.83756 0.6826906743672498
20.83877 0.6826906743672498
20.83997 0.6827246475284525
20.84118 0.6827246475284525
20.84239 0.6827246475284525
20.84359 0.6827246475284525
20.8448 0.6827246475284525
20.84601 0.6827246475284525
20.84721 0.6827246475284525
20.84842 0.6827246475284525
20.84963 0.6827246475284525
20.85083 0.6827246475284525
20.85204 0.6826906743672498
20.85325 0.6826906743672498
20.85445 0.6826906743672498
20.85566 0.6826906743672498
20.85687 0.6826906743672498
20.85807 0.6826906743672498
20.85928 0.6826567012060473
20.86049 0.6826567012060473
20.8617 0.6826567012060473
20.8629 0.6826567012060473
20.86411 0.6826567012060473
20.86532 0.6826227280448446
20.86652 0.6826227280448446
20.86773 0.6826227280448446
20.86894 0.6826227280448446
20.87014 0.6825887548836419
20.87135 0.6825887548836419
20.87256 0.6825887548836419
20.87376 0.6825887548836419
20.87497 0.6825547817224393
20.87618 0.6825547817224393
20.87738 0.6825547817224393
20.87859 0.6825208085612366
20.8798 0.6825208085612366
20.881 0.6825208085612366
20.88221 0.682486835400034
20.88342 0.682486835400034
20.88463 0.6824528622388313
20.88583 0.6824528622388313
20.88704 0.6824188890776286
20.88825 0.6824188890776286
20.88945 0.682384915916426
20.89066 0.6823509427552233
20.89187 0.6823509427552233
20.89307 0.6823169695940207
20.89428 0.6822829964328181
20.89549 0.6822829964328181
20.89669 0.6822490232716154
20.8979 0.6822150501104127
20.89911 0.6821810769492102
20.90031 0.6821471037880075
20.90152 0.6821131306268048
20.90273 0.6821131306268048
20.90393 0.6820791574656022
20.90514 0.682011211143197
20.90635 0.6819772379819943
20.90755 0.6819432648207916
20.90876 0.6819092916595889
20.90997 0.6818753184983862
20.91118 0.6818413453371835
20.91238 0.681807372175981
20.91359 0.6817394258535756
20.9148 0.681705452692373
20.916 0.6816714795311704
20.91721 0.6816375063699678
20.91842 0.6815695600475624
20.91962 0.6815355868863598
20.92083 0.6814676405639545
20.92204 0.6814336674027519
20.92324 0.6813996942415491
20.92445 0.6813317479191439
20.92566 0.6812638015967386
20.92686 0.6812298284355359
20.92807 0.6811618821131307
20.92928 0.681127908951928
20.93048 0.6810599626295227
20.93169 0.6809920163071174
20.9329 0.6809580431459148
20.9341 0.6808900968235094
20.93531 0.6808221505011041
20.93652 0.6807542041786988
20.93773 0.6806862578562936
20.93893 0.6806183115338882
20.94014 0.6805503652114829
20.94135 0.6804824188890777
20.94255 0.6804144725666724
20.94376 0.6803465262442671
20.94497 0.6802785799218617
20.94617 0.6801766604382538
20.94738 0.6801087141158485
20.94859 0.6800407677934431
20.94979 0.6799388483098353
20.951 0.6798709019874299
20.95221 0.6797689825038219
20.95341 0.6797010361814166
20.95462 0.6795991166978087
20.95583 0.6795311703754034
20.95703 0.6794292508917955
20.95824 0.6793273314081876
20.95945 0.6792254119245795
20.96065 0.6791234924409716
20.96186 0.6790215729573637
20.96307 0.6789536266349584
20.96428 0.6788517071513505
20.96548 0.6787158145065398
20.96669 0.6786138950229319
20.9679 0.678511975539324
20.9691 0.678410056055716
20.97031 0.6783081365721081
20.97152 0.6782062170885
20.97272 0.6781042976048921
20.97393 0.6779684049600815
20.97514 0.6778664854764737
20.97634 0.6777645659928657
20.97755 0.677628673348055
20.97876 0.677526753864447
20.97996 0.6774248343808391
20.98117 0.6772889417360286
20.98238 0.6771870222524206
20.98358 0.6770851027688126
20.98479 0.676949210124002
20.986 0.6768472906403941
20.9872 0.6767113979955836
20.98841 0.6766094785119755
20.98962 0.6764735858671649
20.99083 0.676371666383557
20.99203 0.6762357737387464
20.99324 0.6761338542551385
20.99445 0.6759979616103278
20.99565 0.6758960421267198
20.99686 0.6757601494819093
20.99807 0.6756242568370987
20.99927 0.6755223373534907
21.00048 0.6753864447086801
21.00169 0.6752505520638695
21.00289 0.675114659419059
21.0041 0.675012739935451
21.00531 0.6748768472906403
21.00651 0.6747409546458298
21.00772 0.6746050620010192
21.00893 0.6744691693562086
21.01013 0.674333276711398
21.01134 0.6741973840665874
21.01255 0.6740614914217768
21.01375 0.6739255987769661
21.01496 0.6737897061321556
21.01617 0.673653813487345
21.01738 0.6735179208425345
21.01858 0.6733820281977237
21.01979 0.6732801087141158
21.021 0.6731442160693053
21.0222 0.6730083234244947
21.02341 0.6728724307796841
21.02462 0.6727365381348734
21.02582 0.6726006454900628
21.02703 0.6724647528452523
21.02824 0.6723628333616443
21.02944 0.6722269407168336
21.03065 0.6720910480720231
21.03186 0.6719551554272125
21.03306 0.6718532359436046
21.03427 0.671717343298794
21.03548 0.671615423815186
21.03668 0.6714795311703754
21.03789 0.6713436385255648
21.0391 0.6712417190419568
21.0403 0.6711058263971462
21.04151 0.6710039069135383
21.04272 0.6708680142687278
21.04393 0.670732121623917
21.04513 0.6706302021403091
21.04634 0.6704943094954986
21.04755 0.6703923900118907
21.04875 0.6702564973670799
21.04996 0.670154577883472
21.05117 0.6700186852386615
21.05237 0.6699167657550535
21.05358 0.6697808731102429
21.05479 0.6696789536266349
21.05599 0.6695430609818244
21.0572 0.6694411414982164
21.05841 0.6693052488534058
21.05961 0.6692033293697979
21.06082 0.6691014098861898
21.06203 0.6689655172413793
21.06323 0.6688635977577714
21.06444 0.6687616782741634
21.06565 0.6686257856293528
21.06685 0.6685238661457449
21.06806 0.668421946662137
21.06927 0.668320027178529
21.07048 0.6682181076949211
21.07168 0.668116188211313
21.07289 0.6680142687277051
21.0741 0.6679123492440971
21.0753 0.6678104297604892
21.07651 0.6677085102768813
21.07772 0.6676065907932732
21.07892 0.6675046713096653
21.08013 0.6674027518260575
21.08134 0.6673008323424495
21.08254 0.6672328860200442
21.08375 0.6671309665364362
21.08496 0.6670290470528282
21.08616 0.6669611007304229
21.08737 0.666859181246815
21.08858 0.666757261763207
21.08978 0.6666893154408018
21.09099 0.6665873959571939
21.0922 0.6665194496347885
21.0934 0.6664175301511805
21.09461 0.6663495838287753
21.09582 0.6662816375063699
21.09703 0.666179718022762
21.09823 0.6661117717003567
21.09944 0.6660098522167487
21.10065 0.6659419058943434
21.10185 0.6658739595719382
21.10306 0.6657720400883302
21.10427 0.665704093765925
21.10547 0.6656361474435196
21.10668 0.6655682011211144
21.10789 0.665500254798709
21.10909 0.6653983353151011
21.1103 0.6653303889926957
21.11151 0.6652624426702904
21.11271 0.6651944963478852
21.11392 0.6651265500254799
21.11513 0.6650586037030746
21.11633 0.6649566842194666
21.11754 0.6648887378970613
21.11875 0.664820791574656
21.11996 0.6647528452522508
21.12116 0.6646848989298454
21.12237 0.6646169526074401
21.12358 0.6645490062850349
21.12478 0.6644810599626295
21.12599 0.6644131136402242
21.1272 0.6643791404790216
21.1284 0.6643111941566162
21.12961 0.664243247834211
21.13082 0.6641753015118057
21.13202 0.664141328350603
21.13323 0.6640733820281978
21.13444 0.6640054357057925
21.13564 0.6639374893833871
21.13685 0.6639035162221845
21.13806 0.6638355698997791
21.13926 0.6638015967385765
21.14047 0.6637336504161712
21.14168 0.6636657040937659
21.14288 0.6636317309325633
21.14409 0.663563784610158
21.1453 0.6634958382877527
21.14651 0.66346186512655
21.14771 0.6633939188041447
21.14892 0.663359945642942
21.15013 0.6632919993205367
21.15133 0.6632240529981315
21.15254 0.6631900798369288
21.15375 0.6631221335145235
21.15495 0.6630541871921183
21.15616 0.6629862408697129
21.15737 0.6629182945473077
21.15857 0.662884321386105
21.15978 0.6628163750636996
21.16099 0.6627484287412944
21.16219 0.6626804824188891
21.1634 0.6626125360964837
21.16461 0.6625445897740785
21.16581 0.6624766434516732
21.16702 0.6624086971292679
21.16823 0.6623407508068626
21.16943 0.6622728044844572
21.17064 0.662204858162052
21.17185 0.6621369118396466
21.17306 0.6620689655172414
21.17426 0.6620010191948361
21.17547 0.6619330728724309
21.17668 0.6618990997112282
21.17788 0.6618311533888228
21.17909 0.6617632070664174
21.1803 0.6616952607440122
21.1815 0.6616273144216069
21.18271 0.6615593680992016
21.18392 0.6614914217767963
21.18512 0.6613895022931884
21.18633 0.6613215559707831
21.18754 0.6612536096483778
21.18874 0.6611856633259724
21.18995 0.6611177170035671
21.19116 0.6610157975199592
21.19236 0.660947851197554
21.19357 0.6608799048751487
21.19478 0.6607779853915408
21.19598 0.6607100390691353
21.19719 0.6606081195855275
21.1984 0.6605401732631221
21.19961 0.6604382537795142
21.20081 0.6603363342959062
21.20202 0.660268387973501
21.20323 0.6601664684898929
21.20443 0.660064549006285
21.20564 0.659962629522677
21.20685 0.6598607100390692
21.20805 0.6597587905554613
21.20926 0.6596568710718532
21.21047 0.6595209784270426
21.21167 0.6594190589434347
21.21288 0.6593171394598267
21.21409 0.6591812468150161
21.21529 0.6590793273314082
21.2165 0.6589434346865976
21.21771 0.658807542041787
21.21891 0.6587056225581791
21.22012 0.6585697299133684
21.22133 0.6584338372685579
21.22253 0.6582979446237472
21.22374 0.6581620519789367
21.22495 0.658026159334126
21.22616 0.6579242398505181
21.22736 0.6577883472057074
21.22857 0.6576524545608969
21.22978 0.6575165619160862
21.23098 0.6573806692712757
21.23219 0.6572108034652625
21.2334 0.6570749108204519
21.2346 0.6569390181756412
21.23581 0.6568031255308306
21.23702 0.65666723288602
21.23822 0.6565313402412095
21.23943 0.6563954475963988
21.24064 0.6562595549515883
21.24184 0.6561236623067777
21.24305 0.6559537965007644
21.24426 0.6558179038559537
21.24546 0.6556820112111432
21.24667 0.6555461185663326
21.24788 0.655410225921522
21.24908 0.6552743332767114
21.25029 0.6551384406319009
21.2515 0.6550025479870902
21.25271 0.6548666553422795
21.25391 0.654730762697469
21.25512 0.6545608968914558
21.25633 0.6544250042466452
21.25753 0.6542891116018346
21.25874 0.6541192457958213
21.25995 0.6539833531510107
21.26115 0.6538474605062001
21.26236 0.6536775947001868
21.26357 0.6535417020553763
21.26477 0.653371836249363
21.26598 0.6532359436045524
21.26719 0.6531000509597418
21.26839 0.6529301851537286
21.2696 0.652794292508918
21.27081 0.6526244267029047
21.27201 0.6524885340580941
21.27322 0.6523526414132835
21.27443 0.6521827756072702
21.27563 0.6520468829624596
21.27684 0.6518770171564464
21.27805 0.6517411245116358
21.27926 0.6516052318668252
21.28046 0.6514693392220147
21.28167 0.6512994734160014
21.28288 0.6511635807711907
21.28408 0.6510276881263801
21.28529 0.6508917954815696
21.2865 0.650755902836759
21.2877 0.6506200101919484
21.28891 0.6504841175471378
21.29012 0.6503482249023271
21.29132 0.6502463054187192
21.29253 0.6501104127739086
21.29374 0.649974520129098
21.29494 0.64987260064549
21.29615 0.6497367080006795
21.29736 0.6496347885170716
21.29856 0.6494988958722608
21.29977 0.6493969763886529
21.30098 0.6492950569050451
21.30218 0.6491591642602345
21.30339 0.6490572447766264
21.3046 0.6489553252930185
21.30581 0.6488534058094105
21.30701 0.6487175131646
21.30822 0.6486155936809921
21.30943 0.648513674197384
21.31063 0.6484117547137761
21.31184 0.6483098352301682
21.31305 0.6482079157465602
21.31425 0.6481059962629523
21.31546 0.6480040767793442
21.31667 0.6479021572957363
21.31787 0.6478002378121284
21.31908 0.6476983183285204
21.32029 0.6475963988449126
21.32149 0.6475284525225072
21.3227 0.6474265330388992
21.32391 0.6473246135552913
21.32511 0.6472226940716834
21.32632 0.6471547477492781
21.32753 0.6470528282656701
21.32874 0.6469509087820622
21.32994 0.6468489892984542
21.33115 0.6467810429760489
21.33236 0.6466791234924409
21.33356 0.646577204008833
21.33477 0.6465092576864278
21.33598 0.6464073382028197
21.33718 0.6463054187192118
21.33839 0.6462374723968065
21.3396 0.6461355529131986
21.3408 0.6460676065907933
21.34201 0.6459656871071854
21.34322 0.64589774078478
21.34442 0.6457958213011721
21.34563 0.6457278749787667
21.34684 0.6456599286563615
21.34804 0.6455580091727535
21.34925 0.6454900628503483
21.35046 0.645422116527943
21.35166 0.645320197044335
21.35287 0.6452522507219296
21.35408 0.6451843043995243
21.35529 0.6451163580771191
21.35649 0.6450144385935112
21.3577 0.6449464922711059
21.35891 0.6448785459487005
21.36011 0.6448105996262952
21.36132 0.6447426533038899
21.36253 0.6446747069814847
21.36373 0.6445727874978767
21.36494 0.6445048411754714
21.36615 0.6444368948530661
21.36735 0.6443689485306608
21.36856 0.6443010022082555
21.36977 0.6442330558858501
21.37097 0.6441651095634449
21.37218 0.6440971632410396
21.37339 0.6440292169186342
21.37459 0.643961270596229
21.3758 0.6438933242738237
21.37701 0.6438253779514184
21.37821 0.643757431629013
21.37942 0.6436894853066077
21.38063 0.6436215389842025
21.38184 0.6435196195005946
21.38304 0.6434516731781893
21.38425 0.6433837268557839
21.38546 0.6433157805333787
21.38666 0.6432478342109733
21.38787 0.643179887888568
21.38908 0.6431119415661627
21.39028 0.6430439952437574
21.39149 0.6429420757601495
21.3927 0.6428741294377442
21.3939 0.6428061831153389
21.39511 0.6427382367929336
21.39632 0.6426702904705283
21.39752 0.642602344148123
21.39873 0.6425343978257176
21.39994 0.6424664515033124
21.40114 0.6423985051809071
21.40235 0.6423305588585018
21.40356 0.6422626125360965
21.40476 0.6421946662136911
21.40597 0.6421267198912859
21.40718 0.6420587735688805
21.40839 0.6419908272464753
21.40959 0.64192288092407
21.4108 0.6418549346016647
21.41201 0.6417869882792594
21.41321 0.6417190419568541
21.41442 0.6416850687956515
21.41563 0.6416171224732461
21.41683 0.6415831493120434
21.41804 0.6415152029896382
21.41925 0.6414812298284355
21.42045 0.6414132835060302
21.42166 0.6413793103448276
21.42287 0.6413113640224223
21.42407 0.6412773908612197
21.42528 0.641243417700017
21.42649 0.6412094445388143
21.42769 0.6411754713776117
21.4289 0.641141498216409
21.43011 0.6411075250552063
21.43131 0.6410735518940037
21.43252 0.641039578732801
21.43373 0.6410056055715984
21.43494 0.6409716324103958
21.43614 0.6409376592491931
21.43735 0.6409376592491931
21.43856 0.6409036860879905
21.43976 0.6408697129267878
21.44097 0.6408697129267878
21.44218 0.6408357397655852
21.44338 0.6408017666043826
21.44459 0.6408017666043826
21.4458 0.6407677934431799
21.447 0.6407677934431799
21.44821 0.6407677934431799
21.44942 0.6407338202819772
21.45062 0.6407338202819772
21.45183 0.6407338202819772
21.45304 0.6406998471207747
21.45424 0.6406998471207747
21.45545 0.6406998471207747
21.45666 0.6406998471207747
21.45786 0.6406998471207747
21.45907 0.6406998471207747
21.46028 0.6406998471207747
21.46149 0.6406998471207747
21.46269 0.6406998471207747
21.4639 0.6406998471207747
21.46511 0.6406998471207747
21.46631 0.6406998471207747
21.46752 0.6406998471207747
21.46873 0.6407338202819772
21.46993 0.6407338202819772
21.47114 0.6407338202819772
21.47235 0.6407677934431799
21.47355 0.6407677934431799
21.47476 0.6408017666043826
21.47597 0.6408017666043826
21.47717 0.6408357397655852
21.47838 0.6408697129267878
21.47959 0.6409036860879905
21.48079 0.6409376592491931
21.482 0.6409376592491931
21.48321 0.6409716324103958
21.48441 0.6410056055715984
21.48562 0.641039578732801
21.48683 0.6411075250552063
21.48804 0.641141498216409
21.48924 0.6411754713776117
21.49045 0.6412094445388143
21.49166 0.641243417700017
21.49286 0.6412773908612197
21.49407 0.641345337183625
21.49528 0.6413793103448276
21.49648 0.6414132835060302
21.49769 0.6414472566672329
21.4989 0.6414812298284355
21.5001 0.6415491761508408
21.50131 0.6415831493120434
21.50252 0.6416171224732461
21.50372 0.6416510956344488
21.50493 0.6416850687956515
21.50614 0.6417190419568541
21.50734 0.6417530151180568
21.50855 0.6418209614404621
21.50976 0.6418549346016647
21.51096 0.6418889077628673
21.51217 0.6418889077628673
21.51338 0.64192288092407
21.51459 0.6419568540852726
21.51579 0.6419908272464753
21.517 0.642024800407678
21.51821 0.6420587735688805
21.51941 0.6420927467300832
21.52062 0.6421267198912859
21.52183 0.6421267198912859
21.52303 0.6421606930524885
21.52424 0.6421946662136911
21.52545 0.6422286393748938
21.52665 0.6422626125360965
21.52786 0.6422965856972992
21.52907 0.6423305588585018
21.53027 0.6423645320197044
21.53148 0.6423645320197044
21.53269 0.6423985051809071
21.53389 0.6424324783421097
21.5351 0.6424664515033124
21.53631 0.6425004246645151
21.53752 0.6425004246645151
21.53872 0.6425343978257176
21.53993 0.6425683709869203
21.54114 0.642602344148123
21.54234 0.642602344148123
21.54355 0.6426363173093256
21.54476 0.6426702904705283
21.54596 0.6426702904705283
21.54717 0.6427042636317308
21.54838 0.6427042636317308
21.54958 0.6427382367929336
21.55079 0.6427382367929336
21.552 0.6427722099541363
21.5532 0.6427722099541363
21.55441 0.6428061831153389
21.55562 0.6428061831153389
21.55682 0.6428061831153389
21.55803 0.6428401562765416
21.55924 0.6428401562765416
21.56044 0.6428401562765416
21.56165 0.6428401562765416
21.56286 0.6428741294377442
21.56407 0.6428741294377442
21.56527 0.6428741294377442
21.56648 0.6428741294377442
21.56769 0.6428741294377442
21.56889 0.6428741294377442
21.5701 0.6429081025989468
21.57131 0.6429081025989468
21.57251 0.6429081025989468
21.57372 0.6429081025989468
21.57493 0.6429081025989468
21.57613 0.6429081025989468
21.57734 0.6429081025989468
21.57855 0.6429081025989468
21.57975 0.6429081025989468
21.58096 0.6429081025989468
21.58217 0.6428741294377442
21.58337 0.6428741294377442
21.58458 0.6428741294377442
21.58579 0.6428741294377442
21.58699 0.6428401562765416
21.5882 0.6428401562765416
21.58941 0.6428401562765416
21.59062 0.6428061831153389
21.59182 0.6428061831153389
21.59303 0.6427722099541363
21.59424 0.6427722099541363
21.59544 0.6427382367929336
21.59665 0.6427042636317308
21.59786 0.6427042636317308
21.59906 0.6426702904705283
21.60027 0.6426363173093256
21.60148 0.642602344148123
21.60268 0.6425683709869203
21.60389 0.6425343978257176
21.6051 0.6425004246645151
21.6063 0.6424664515033124
21.60751 0.6424324783421097
21.60872 0.6423645320197044
21.60992 0.6423305588585018
21.61113 0.6422626125360965
21.61234 0.6422286393748938
21.61354 0.6421606930524885
21.61475 0.6421267198912859
21.61596 0.6420587735688805
21.61717 0.6419908272464753
21.61837 0.6419568540852726
21.61958 0.6418889077628673
21.62079 0.6418209614404621
21.62199 0.6417530151180568
21.6232 0.6416850687956515
21.62441 0.6416171224732461
21.62561 0.6415491761508408
21.62682 0.6414812298284355
21.62803 0.6414132835060302
21.62923 0.641345337183625
21.63044 0.6412773908612197
21.63165 0.6412094445388143
21.63285 0.641141498216409
21.63406 0.6410735518940037
21.63527 0.6410056055715984
21.63647 0.6409376592491931
21.63768 0.6408697129267878
21.63889 0.6408017666043826
21.64009 0.6406998471207747
21.6413 0.6406319007983693
21.64251 0.6405639544759639
21.64372 0.6404960081535587
21.64492 0.6404280618311534
21.64613 0.640360115508748
21.64734 0.6402921691863428
21.64854 0.6402242228639375
21.64975 0.6401562765415322
21.65096 0.6400883302191269
21.65216 0.6400203838967216
21.65337 0.6399524375743163
21.65458 0.6398844912519109
21.65578 0.639782571768303
21.65699 0.6397146254458977
21.6582 0.6396127059622898
21.6594 0.6395447596398844
21.66061 0.6394428401562765
21.66182 0.6393748938338712
21.66302 0.6392729743502633
21.66423 0.6391710548666554
21.66544 0.6391031085442501
21.66664 0.6390011890606421
21.66785 0.6388992695770341
21.66906 0.6388313232546289
21.67027 0.6387294037710209
21.67147 0.6386614574486156
21.67268 0.6385595379650076
21.67389 0.6384915916426023
21.67509 0.638423645320197
21.6763 0.6383217258365891
21.67751 0.6382537795141838
21.67871 0.6381858331917785
21.67992 0.6381178868693732
21.68113 0.638049940546968
21.68233 0.6379819942245626
21.68354 0.6379140479021572
21.68475 0.6378800747409547
21.68595 0.6378121284185493
21.68716 0.6377781552573467
21.68837 0.637744182096144
21.68957 0.6377102089349413
21.69078 0.6376762357737388
21.69199 0.6376422626125361
21.69319 0.6376422626125361
21.6944 0.6376422626125361
21.69561 0.6376082894513335
21.69682 0.6376082894513335
21.69802 0.6376082894513335
21.69923 0.6376082894513335
21.70044 0.6376422626125361
21.70164 0.6376422626125361
21.70285 0.6376422626125361
21.70406 0.6376762357737388
21.70526 0.6376762357737388
21.70647 0.6377102089349413
21.70768 0.637744182096144
21.70888 0.6377781552573467
21.71009 0.6378121284185493
21.7113 0.637846101579752
21.7125 0.6378800747409547
21.71371 0.6379140479021572
21.71492 0.6379480210633599
21.71612 0.6380159673857653
21.71733 0.638049940546968
21.71854 0.6381178868693732
21.71974 0.6381858331917785
21.72095 0.6382198063529811
21.72216 0.6382877526753864
21.72337 0.6383556989977918
21.72457 0.638423645320197
21.72578 0.6384915916426023
21.72699 0.6385595379650076
21.72819 0.638627484287413
21.7294 0.6387294037710209
21.73061 0.6387973500934262
21.73181 0.6388652964158315
21.73302 0.6389672158994394
21.73423 0.6390351622218448
21.73543 0.6391370817054527
21.73664 0.6392390011890606
21.73785 0.6393409206726686
21.73905 0.6394088669950738
21.74026 0.6395107864786818
21.74147 0.6396127059622898
21.74267 0.6397485986071004
21.74388 0.6398505180907084
21.74509 0.6399864107355189
21.7463 0.6401223033803296
21.7475 0.6402581960251401
21.74871 0.6403940886699507
21.74992 0.6405299813147614
21.75112 0.640665873959572
21.75233 0.6408357397655852
21.75354 0.6410056055715984
21.75474 0.641141498216409
21.75595 0.6413113640224223
21.75716 0.6414812298284355
21.75836 0.6416510956344488
21.75957 0.6417869882792594
21.76078 0.6419568540852726
21.76198 0.6421267198912859
21.76319 0.6422965856972992
21.7644 0.6424664515033124
21.7656 0.6426363173093256
21.76681 0.6428061831153389
21.76802 0.6429760489213522
21.76922 0.6431459147273654
21.77043 0.6433157805333787
21.77164 0.6434516731781893
21.77285 0.6436215389842025
21.77405 0.643757431629013
21.77526 0.6439272974350263
21.77647 0.6440631900798369
21.77767 0.6441990827246475
21.77888 0.6443689485306608
21.78009 0.6444708680142688
21.78129 0.6446067606590793
21.7825 0.6447426533038899
21.78371 0.6448445727874978
21.78491 0.6449804654323085
21.78612 0.6450823849159164
21.78733 0.6451843043995243
21.78853 0.6452862238831323
21.78974 0.6453881433667402
21.79095 0.6454900628503483
21.79215 0.6455919823339562
21.79336 0.6456939018175641
21.79457 0.6457958213011721
21.79577 0.64589774078478
21.79698 0.6459996602683881
21.79819 0.6461015797519959
21.7994 0.6461695260744013
21.8006 0.6462714455580092
21.80181 0.6463733650416171
21.80302 0.6464413113640224
21.80422 0.6465432308476304
21.80543 0.6466111771700357
21.80664 0.6467130966536436
21.80784 0.6467810429760489
21.80905 0.6468489892984542
21.81026 0.6469169356208595
21.81146 0.6469848819432649
21.81267 0.6470528282656701
21.81388 0.6471207745880755
21.81508 0.6471887209104807
21.81629 0.6472226940716834
21.8175 0.6472906403940887
21.8187 0.6473246135552913
21.81991 0.6473585867164939
21.82112 0.6474265330388992
21.82232 0.6474605062001019
21.82353 0.6474605062001019
21.82474 0.6474944793613046
21.82595 0.6475284525225072
21.82715 0.6475284525225072
21.82836 0.6475624256837099
21.82957 0.6475624256837099
21.83077 0.6475624256837099
21.83198 0.6475624256837099
21.83319 0.6475624256837099
21.83439 0.6475284525225072
21.8356 0.6475284525225072
21.83681 0.6474944793613046
21.83801 0.6474605062001019
21.83922 0.6474265330388992
21.84043 0.6473925598776966
21.84163 0.6473585867164939
21.84284 0.6472906403940887
21.84405 0.647256667232886
21.84525 0.6471887209104807
21.84646 0.6471547477492781
21.84767 0.6470868014268728
21.84887 0.6470188551044675
21.85008 0.6469509087820622
21.85129 0.6468829624596568
21.8525 0.6467810429760489
21.8537 0.6467130966536436
21.85491 0.6466451503312384
21.85612 0.6465432308476304
21.85732 0.6464752845252251
21.85853 0.6463733650416171
21.85974 0.6463054187192118
21.86094 0.6462034992356038
21.86215 0.6461015797519959
21.86336 0.6460336334295906
21.86456 0.6459317139459827
21.86577 0.6458297944623747
21.86698 0.6457278749787667
21.86818 0.6456259554951588
21.86939 0.645524036011551
21.8706 0.645422116527943
21.8718 0.6453541702055375
21.87301 0.6452522507219296
21.87422 0.6451503312383218
21.87542 0.6450484117547138
21.87663 0.6449464922711059
21.87784 0.6448445727874978
21.87905 0.6447426533038899
21.88025 0.644640733820282
21.88146 0.644538814336674
21.88267 0.6444368948530661
21.88387 0.6443010022082555
21.88508 0.6441990827246475
21.88629 0.6440971632410396
21.88749 0.643961270596229
21.8887 0.643859351112621
21.88991 0.6437234584678104
21.89111 0.6436215389842025
21.89232 0.6434856463393919
21.89353 0.6433497536945814
21.89473 0.6432478342109733
21.89594 0.6431119415661627
21.89715 0.6429760489213522
21.89835 0.6428401562765416
21.89956 0.6427042636317308
21.90077 0.642602344148123
21.90197 0.6424664515033124
21.90318 0.6423305588585018
21.90439 0.6421946662136911
21.9056 0.6420587735688805
21.9068 0.64192288092407
21.90801 0.6417869882792594
21.90922 0.6416510956344488
21.91042 0.6414812298284355
21.91163 0.641345337183625
21.91284 0.6412094445388143
21.91404 0.6410735518940037
21.91525 0.6409376592491931
21.91646 0.6408017666043826
21.91766 0.640665873959572
21.91887 0.6404960081535587
21.92008 0.640360115508748
21.92128 0.6402242228639375
21.92249 0.6400883302191269
21.9237 0.6399524375743163
21.9249 0.6398165449295057
21.92611 0.6396466791234925
21.92732 0.6395107864786818
21.92852 0.6393748938338712
21.92973 0.6392050280278581
21.93094 0.6390691353830474
21.93215 0.6388992695770341
21.93335 0.6387633769322235
21.93456 0.6385935111262103
21.93577 0.638423645320197
21.93697 0.6382877526753864
21.93818 0.6381178868693732
21.93939 0.6379480210633599
21.94059 0.6378121284185493
21.9418 0.6376422626125361
21.94301 0.6374723968065229
21.94421 0.6373365041617122
21.94542 0.637166638355699
21.94663 0.6369967725496858
21.94783 0.6368269067436725
21.94904 0.6366910140988619
21.95025 0.6365211482928487
21.95145 0.6363512824868354
21.95266 0.6361814166808222
21.95387 0.6360455240360116
21.95508 0.6358756582299984
21.95628 0.6357057924239851
21.95749 0.6355698997791744
21.9587 0.6354000339731612
21.9599 0.635230168167148
21.96111 0.6350942755223373
21.96232 0.6349244097163241
21.96352 0.6347885170715135
21.96473 0.6346186512655002
21.96594 0.6344827586206897
21.96714 0.6343128928146764
21.96835 0.6341770001698658
21.96956 0.6340411075250552
21.97076 0.633871241719042
21.97197 0.6337353490742313
21.97318 0.633565483268218
21.97438 0.6334295906234075
21.97559 0.6332936979785969
21.9768 0.6331238321725836
21.978 0.6329879395277731
21.97921 0.6328180737217598
21.98042 0.6326482079157465
21.98163 0.632512315270936
21.98283 0.6323424494649227
21.98404 0.6322065568201122
21.98525 0.6320366910140989
21.98645 0.6319007983692883
21.98766 0.6317309325632751
21.98887 0.6315950399184643
21.99007 0.6314251741124511
21.99128 0.6312892814676406
21.99249 0.6311194156616273
21.99369 0.6309835230168167
21.9949 0.6308476303720061
21.99611 0.6307117377271956
21.99731 0.6305418719211823
21.99852 0.6304059792763717
21.99973 0.630270086631561
22.00093 0.6301341939867505
22.00214 0.6300322745031425
22.00335 0.6298963818583319
22.00455 0.6297604892135213
22.00576 0.6296585697299134
22.00697 0.6295226770851028
22.00818 0.6294207576014947
22.00938 0.6293188381178868
22.01059 0.6291829454730763
22.0118 0.6290810259894684
22.013 0.6290130796670631
22.01421 0.628911160183455
22.01542 0.6288092406998471
22.01662 0.6287412943774419
22.01783 0.6286733480550365
22.01904 0.6285714285714286
22.02024 0.6285034822490233
22.02145 0.6284355359266179
22.02266 0.6283675896042127
22.02386 0.6282996432818073
22.02507 0.6282316969594021
22.02628 0.6281637506369968
22.02748 0.6281297774757941
22.02869 0.6280618311533889
22.0299 0.6280278579921862
22.0311 0.6279599116697809
22.03231 0.6279259385085783
22.03352 0.6278919653473756
22.03473 0.6278240190249702
22.03593 0.6277900458637676
22.03714 0.627756072702565
22.03835 0.6277220995413623
22.03955 0.6276881263801597
22.04076 0.6276881263801597
22.04197 0.627654153218957
22.04317 0.6276201800577543
22.04438 0.6276201800577543
22.04559 0.6275862068965518
22.04679 0.6275862068965518
22.048 0.6275862068965518
22.04921 0.6275862068965518
22.05041 0.6275522337353491
22.05162 0.6275522337353491
22.05283 0.6275522337353491
22.05403 0.6275862068965518
22.05524 0.6275862068965518
22.05645 0.6275862068965518
22.05765 0.6275862068965518
22.05886 0.6276201800577543
22.06007 0.6276201800577543
22.06128 0.627654153218957
22.06248 0.6276881263801597
22.06369 0.6277220995413623
22.0649 0.627756072702565
22.0661 0.6277900458637676
22.06731 0.6278240190249702
22.06852 0.6278919653473756
22.06972 0.6279259385085783
22.07093 0.6279938848309835
22.07214 0.6280618311533889
22.07334 0.6281297774757941
22.07455 0.6281977237981994
22.07576 0.6282656701206047
22.07696 0.6283675896042127
22.07817 0.6284355359266179
22.07938 0.628537455410226
22.08058 0.6286054017326312
22.08179 0.6287073212162392
22.083 0.6288092406998471
22.0842 0.628911160183455
22.08541 0.6289791065058604
22.08662 0.6290810259894684
22.08783 0.6291829454730763
22.08903 0.6292848649566842
22.09024 0.6293867844402922
22.09145 0.6294887039239001
22.09265 0.6295906234075082
22.09386 0.629692542891116
22.09507 0.6297944623747239
22.09627 0.6298963818583319
22.09748 0.6299983013419398
22.09869 0.6301002208255478
22.09989 0.6302021403091558
22.1011 0.630270086631561
22.10231 0.630372006115169
22.10351 0.6304739255987769
22.10472 0.6305418719211823
22.10593 0.6306437914047902
22.10713 0.6307117377271956
22.10834 0.6307796840496008
22.10955 0.6308816035332088
22.11075 0.630949549855614
22.11196 0.6310174961780193
22.11317 0.6310854425004246
22.11438 0.63115338882283
22.11558 0.6312213351452353
22.11679 0.6313232546288432
22.118 0.6313912009512485
22.1192 0.6314591472736538
22.12041 0.6315270935960591
22.12162 0.6316290130796671
22.12282 0.6316969594020724
22.12403 0.6317649057244776
22.12524 0.631832852046883
22.12644 0.6319347715304909
22.12765 0.6320027178528962
22.12886 0.6320706641753014
22.13006 0.6321386104977068
22.13127 0.6322065568201122
22.13248 0.6323084763037201
22.13368 0.6323764226261254
22.13489 0.6324443689485306
22.1361 0.6324783421097333
22.1373 0.6325462884321386
22.13851 0.6326142347545438
22.13972 0.6326821810769492
22.14093 0.6327501273993545
22.14213 0.6327841005605572
22.14334 0.6328520468829625
22.14455 0.6328860200441652
22.14575 0.6329199932053677
22.14696 0.6329879395277731
22.14817 0.6330219126889757
22.14937 0.6330558858501784
22.15058 0.6330558858501784
22.15179 0.6330898590113809
22.15299 0.6331238321725836
22.1542 0.6331238321725836
22.15541 0.6331578053337863
22.15661 0.6331578053337863
22.15782 0.6331578053337863
22.15903 0.6331578053337863
22.16023 0.6331578053337863
22.16144 0.6331238321725836
22.16265 0.6331238321725836
22.16386 0.6330898590113809
22.16506 0.6330558858501784
22.16627 0.6330558858501784
22.16748 0.6330219126889757
22.16868 0.6329539663665704
22.16989 0.6329199932053677
22.1711 0.6328860200441652
22.1723 0.6328520468829625
22.17351 0.6327841005605572
22.17472 0.6327501273993545
22.17592 0.6326821810769492
22.17713 0.6326142347545438
22.17834 0.6325802615933412
22.17954 0.632512315270936
22.18075 0.6324443689485306
22.18196 0.6323764226261254
22.18316 0.6323084763037201
22.18437 0.6322405299813147
22.18558 0.6321725836589095
22.18678 0.6321046373365041
22.18799 0.6320366910140989
22.1892 0.6319687446916935
22.19041 0.6318668252080856
22.19161 0.6317988788856803
22.19282 0.6317309325632751
22.19403 0.6316629862408698
22.19523 0.6315610667572618
22.19644 0.6314931204348564
22.19765 0.6314251741124511
22.19885 0.6313572277900459
22.20006 0.631255308306438
22.20127 0.6311873619840327
22.20247 0.6311194156616273
22.20368 0.631051469339222
22.20489 0.6309835230168167
22.20609 0.6309155766944113
22.2073 0.6308476303720061
22.20851 0.6307457108883981
22.20971 0.6306777645659929
22.21092 0.630575845082385
22.21213 0.6305078987599796
22.21333 0.6304059792763717
22.21454 0.6303380329539664
22.21575 0.6302361134703585
22.21696 0.6301341939867505
22.21816 0.6300662476643452
22.21937 0.6299643281807372
22.22058 0.6298624086971293
22.22178 0.6297604892135213
22.22299 0.6296585697299134
22.2242 0.6295566502463055
22.2254 0.6294547307626974
22.22661 0.6293867844402922
22.22782 0.6292848649566842
22.22902 0.6291829454730763
22.23023 0.6290810259894684
22.23144 0.6289791065058604
22.23264 0.6288771870222524
22.23385 0.6287752675386444
22.23506 0.6287073212162392
22.23626 0.6286054017326312
22.23747 0.6285034822490233
22.23868 0.6284355359266179
22.23988 0.62833361644301
22.24109 0.6282316969594021
22.2423 0.6281637506369968
22.24351 0.6280618311533889
22.24471 0.6279938848309835
22.24592 0.6279259385085783
22.24713 0.6278579921861729
22.24833 0.627756072702565
22.24954 0.6276881263801597
22.25075 0.6276201800577543
22.25195 0.6275862068965518
22.25316 0.6275182605741465
22.25437 0.6274503142517411
22.25557 0.6273823679293358
22.25678 0.6273483947681331
22.25799 0.6272804484457278
22.25919 0.6272464752845252
22.2604 0.6271785289621199
22.26161 0.6271445558009172
22.26281 0.627076609478512
22.26402 0.6270426363173094
22.26523 0.626974689994904
22.26643 0.6269407168337015
22.26764 0.6269067436724988
22.26885 0.6268727705112961
22.27006 0.6268387973500934
22.27126 0.626770851027688
22.27247 0.6267368778664855
22.27368 0.6267029047052828
22.27488 0.6266689315440802
22.27609 0.6266349583828775
22.2773 0.6266009852216748
22.2785 0.6265670120604723
22.27971 0.6265670120604723
22.28092 0.6265330388992696
22.28212 0.6264990657380669
22.28333 0.6264650925768643
22.28454 0.6264311194156617
22.28574 0.6264311194156617
22.28695 0.626397146254459
22.28816 0.6263631730932564
22.28936 0.6263631730932564
22.29057 0.6263291999320537
22.29178 0.6263291999320537
22.29298 0.626295226770851
22.29419 0.626295226770851
22.2954 0.626295226770851
22.29661 0.6262612536096483
22.29781 0.6262612536096483
22.29902 0.6262612536096483
22.30023 0.6262272804484457
22.30143 0.6262272804484457
22.30264 0.6262272804484457
22.30385 0.6262272804484457
22.30505 0.6262272804484457
22.30626 0.6262272804484457
22.30747 0.6262272804484457
22.30867 0.6262272804484457
22.30988 0.6262272804484457
22.31109 0.6262272804484457
22.31229 0.6262272804484457
22.3135 0.6262612536096483
22.31471 0.6262612536096483
22.31591 0.6262612536096483
22.31712 0.626295226770851
22.31833 0.626295226770851
22.31953 0.6263291999320537
22.32074 0.6263291999320537
22.32195 0.6263631730932564
22.32316 0.6263631730932564
22.32436 0.626397146254459
22.32557 0.626397146254459
22.32678 0.6264311194156617
22.32798 0.6264650925768643
22.32919 0.6264650925768643
22.3304 0.6264990657380669
22.3316 0.6265330388992696
22.33281 0.6265330388992696
22.33402 0.6265670120604723
22.33522 0.6266009852216748
22.33643 0.6266349583828775
22.33764 0.6266349583828775
22.33884 0.6266689315440802
22.34005 0.6267029047052828
22.34126 0.6267029047052828
22.34246 0.6267368778664855
22.34367 0.626770851027688
22.34488 0.626770851027688
22.34608 0.6268048241888907
22.34729 0.6268387973500934
22.3485 0.6268387973500934
22.34971 0.6268727705112961
22.35091 0.6269067436724988
22.35212 0.6269067436724988
22.35333 0.6269407168337015
22.35453 0.626974689994904
22.35574 0.6270086631561067
22.35695 0.6270086631561067
22.35815 0.6270426363173094
22.35936 0.627076609478512
22.36057 0.6271105826397146
22.36177 0.6271445558009172
22.36298 0.6271785289621199
22.36419 0.6271785289621199
22.36539 0.6272125021233226
22.3666 0.6272464752845252
22.36781 0.6272804484457278
22.36901 0.6273144216069305
22.37022 0.6273483947681331
22.37143 0.6273823679293358
22.37263 0.6274163410905386
22.37384 0.6274503142517411
22.37505 0.6274503142517411
22.37626 0.6274842874129438
22.37746 0.6275182605741465
22.37867 0.6275522337353491
22.37988 0.6275862068965518
22.38108 0.6276201800577543
22.38229 0.627654153218957
22.3835 0.6276881263801597
22.3847 0.6276881263801597
22.38591 0.6277220995413623
22.38712 0.627756072702565
22.38832 0.6277900458637676
22.38953 0.6278240190249702
22.39074 0.6278240190249702
22.39194 0.6278579921861729
22.39315 0.6278919653473756
22.39436 0.6278919653473756
22.39556 0.6279259385085783
22.39677 0.6279599116697809
22.39798 0.6279599116697809
22.39919 0.6279938848309835
22.40039 0.6280278579921862
22.4016 0.6280618311533889
22.40281 0.6280618311533889
22.40401 0.6280958043145914
22.40522 0.6281297774757941
22.40643 0.6281637506369968
22.40763 0.6281977237981994
22.40884 0.6281977237981994
22.41005 0.6282316969594021
22.41125 0.6282656701206047
22.41246 0.6282996432818073
22.41367 0.62833361644301
22.41487 0.6283675896042127
22.41608 0.6283675896042127
22.41729 0.6284015627654153
22.41849 0.6284355359266179
22.4197 0.6284695090878206
22.42091 0.6284695090878206
22.42211 0.6285034822490233
22.42332 0.628537455410226
22.42453 0.628537455410226
22.42574 0.6285714285714286
22.42694 0.6285714285714286
22.42815 0.6286054017326312
22.42936 0.6286054017326312
22.43056 0.6286393748938339
22.43177 0.6286393748938339
22.43298 0.6286393748938339
22.43418 0.6286393748938339
22.43539 0.6286393748938339
22.4366 0.6286393748938339
22.4378 0.6286393748938339
22.43901 0.6286393748938339
22.44022 0.6286393748938339
22.44142 0.6286393748938339
22.44263 0.6286054017326312
22.44384 0.6286054017326312
22.44504 0.6285714285714286
22.44625 0.628537455410226
22.44746 0.6285034822490233
22.44866 0.6285034822490233
22.44987 0.6284695090878206
22.45108 0.6284355359266179
22.45229 0.6284015627654153
22.45349 0.62833361644301
22.4547 0.6282996432818073
22.45591 0.6282656701206047
22.45711 0.6282316969594021
22.45832 0.6281637506369968
22.45953 0.6281297774757941
22.46073 0.6280618311533889
22.46194 0.6280278579921862
22.46315 0.6279599116697809
22.46435 0.6279259385085783
22.46556 0.6278579921861729
22.46677 0.6277900458637676
22.46797 0.6277220995413623
22.46918 0.6276881263801597
22.47039 0.6276201800577543
22.47159 0.6275522337353491
22.4728 0.6274842874129438
22.47401 0.6274163410905386
22.47521 0.6273144216069305
22.47642 0.6272464752845252
22.47763 0.6271785289621199
22.47884 0.6271105826397146
22.48004 0.6270426363173094
22.48125 0.6269407168337015
22.48246 0.6268727705112961
22.48366 0.626770851027688
22.48487 0.6267029047052828
22.48608 0.6266349583828775
22.48728 0.6265330388992696
22.48849 0.6264311194156617
22.4897 0.6263631730932564
22.4909 0.6262612536096483
22.49211 0.6261933072872431
22.49332 0.6260913878036352
22.49452 0.6259894683200272
22.49573 0.6258875488364193
22.49694 0.6257856293528112
22.49814 0.6256837098692033
22.49935 0.6255817903855954
22.50056 0.6254458977407849
22.50176 0.6253100050959742
22.50297 0.6252080856123662
22.50418 0.6250721929675556
22.50539 0.624936300322745
22.50659 0.6248004076779344
22.5078 0.6246645150331238
22.50901 0.6245286223883132
22.51021 0.6243587565823
22.51142 0.6242228639374894
22.51263 0.6240869712926788
22.51383 0.6239510786478681
22.51504 0.623781212841855
22.51625 0.6236453201970443
22.51745 0.6235094275522337
22.51866 0.6233395617462205
22.51987 0.6232036691014099
22.52107 0.6230677764565993
22.52228 0.6229318838117887
22.52349 0.6227959911669781
22.52469 0.6226261253609648
22.5259 0.6224902327161542
22.52711 0.6223883132325463
22.52831 0.6222524205877357
22.52952 0.6221165279429252
22.53073 0.6220146084593171
22.53194 0.6218787158145065
22.53314 0.6217767963308986
22.53435 0.6216748768472907
22.53556 0.6215729573636827
22.53676 0.6214710378800747
22.53797 0.6213691183964668
22.53918 0.6213011720740614
22.54038 0.6211992525904536
22.54159 0.6211313062680482
22.5428 0.621063359945643
22.544 0.6210293867844403
22.54521 0.6209614404620349
22.54642 0.6208934941396297
22.54762 0.620859520978427
22.54883 0.6207915746560217
22.55004 0.6207576014948191
22.55124 0.6206896551724138
22.55245 0.6206556820112111
22.55366 0.6206217088500086
22.55486 0.6205877356888059
22.55607 0.6205537625276032
22.55728 0.6205197893664006
22.55849 0.6204858162051978
22.55969 0.6204518430439951
22.5609 0.6204178698827926
22.56211 0.6203838967215899
22.56331 0.6203838967215899
22.56452 0.6203499235603873
22.56573 0.6203499235603873
22.56693 0.6203499235603873
22.56814 0.6203499235603873
22.56935 0.6203499235603873
22.57055 0.6203499235603873
22.57176 0.6203499235603873
22.57297 0.6203499235603873
22.57417 0.6203838967215899
22.57538 0.6203838967215899
22.57659 0.6204178698827926
22.57779 0.6204518430439951
22.579 0.6204858162051978
22.58021 0.6205197893664006
22.58141 0.6205877356888059
22.58262 0.6206217088500086
22.58383 0.6206896551724138
22.58504 0.6207576014948191
22.58624 0.6208255478172244
22.58745 0.6208934941396297
22.58866 0.6209614404620349
22.58986 0.621063359945643
22.59107 0.6211652794292509
22.59228 0.6212671989128589
22.59348 0.6213691183964668
22.59469 0.6214710378800747
22.5959 0.6216069305248854
22.5971 0.621742823169696
22.59831 0.6218787158145065
22.59952 0.6220485816205198
22.60072 0.6221844742653304
22.60193 0.6223543400713436
22.60314 0.6225242058773568
22.60434 0.6226940716833702
22.60555 0.6228639374893834
22.60676 0.6230677764565993
22.60797 0.6232716154238153
22.60917 0.6234414812298285
22.61038 0.6236453201970443
22.61159 0.6238491591642602
22.61279 0.6240869712926788
22.614 0.6242908102598947
22.61521 0.6244946492271106
22.61641 0.6247324613555292
22.61762 0.624936300322745
22.61883 0.6251741124511635
22.62003 0.6253779514183795
22.62124 0.625615763546798
22.62245 0.6258535756752166
22.62365 0.6260913878036352
22.62486 0.626295226770851
22.62607 0.6265330388992696
22.62727 0.626770851027688
22.62848 0.6270086631561067
22.62969 0.6272125021233226
22.63089 0.6274503142517411
22.6321 0.6276881263801597
22.63331 0.6278919653473756
22.63452 0.6281297774757941
22.63572 0.62833361644301
22.63693 0.6285714285714286
22.63814 0.6287752675386444
22.63934 0.6289791065058604
22.64055 0.6291829454730763
22.64176 0.6293867844402922
22.64296 0.6295906234075082
22.64417 0.6297944623747239
22.64538 0.6299983013419398
22.64658 0.6302361134703585
22.64779 0.6304399524375743
22.649 0.6306437914047902
22.6502 0.6308816035332088
22.65141 0.6310854425004246
22.65262 0.6313232546288432
22.65382 0.6315270935960591
22.65503 0.6317649057244776
22.65624 0.6319687446916935
22.65744 0.6322065568201122
22.65865 0.632410395787328
22.65986 0.6326482079157465
22.66107 0.6328860200441652
22.66227 0.6330898590113809
22.66348 0.6333276711397996
22.66469 0.6335315101070155
22.66589 0.633769322235434
22.6671 0.6339731612026499
22.66831 0.6342109733310685
22.66951 0.6344148122982843
22.67072 0.6346186512655002
22.67193 0.6348564633939189
22.67313 0.6350603023611348
22.67434 0.6352641413283505
22.67555 0.6354679802955665
22.67675 0.6356718192627824
22.67796 0.6358756582299984
22.67917 0.6360794971972142
22.68037 0.6362833361644301
22.68158 0.6364532019704434
22.68279 0.6366570409376593
22.68399 0.6368269067436725
22.6852 0.6369967725496858
22.68641 0.6372006115169017
22.68762 0.6373704773229149
22.68882 0.6375403431289282
22.69003 0.6376762357737388
22.69124 0.637846101579752
22.69244 0.6379819942245626
22.69365 0.6381518600305759
22.69486 0.6382877526753864
22.69606 0.638423645320197
22.69727 0.6385255648038051
22.69848 0.6386614574486156
22.69968 0.6387633769322235
22.70089 0.6388992695770341
22.7021 0.6390011890606421
22.7033 0.6391031085442501
22.70451 0.6392050280278581
22.70572 0.6393069475114659
22.70692 0.6394088669950738
22.70813 0.6395107864786818
22.70934 0.6395787328010871
22.71054 0.6396806522846952
22.71175 0.639782571768303
22.71296 0.6398505180907084
22.71417 0.6399524375743163
22.71537 0.6400203838967216
22.71658 0.6401223033803296
22.71779 0.6401902497027349
22.71899 0.6402921691863428
22.7202 0.640360115508748
22.72141 0.640462034992356
22.72261 0.6405299813147614
22.72382 0.6406319007983693
22.72503 0.6406998471207747
22.72623 0.6408017666043826
22.72744 0.6409036860879905
22.72865 0.6410056055715984
22.72985 0.6410735518940037
22.73106 0.6411754713776117
22.73227 0.6413113640224223
22.73347 0.6414132835060302
22.73468 0.6415152029896382
22.73589 0.6416171224732461
22.73709 0.6417530151180568
22.7383 0.6418889077628673
22.73951 0.6419908272464753
22.74072 0.6421267198912859
22.74192 0.6422626125360965
22.74313 0.6423985051809071
22.74434 0.6425343978257176
22.74554 0.6426702904705283
22.74675 0.6428061831153389
22.74796 0.6429420757601495
22.74916 0.6430779684049601
22.75037 0.6432138610497706
22.75158 0.6433497536945814
22.75278 0.6434856463393919
22.75399 0.6436215389842025
22.7552 0.643757431629013
22.7564 0.6438933242738237
22.75761 0.6440292169186342
22.75882 0.6441651095634449
22.76002 0.6443010022082555
22.76123 0.6444708680142688
22.76244 0.6446067606590793
22.76364 0.6447426533038899
22.76485 0.6449125191099032
22.76606 0.6450823849159164
22.76727 0.645218277560727
22.76847 0.6453881433667402
22.76968 0.6455580091727535
22.77089 0.6457278749787667
22.77209 0.64589774078478
22.7733 0.6460676065907933
22.77451 0.6462374723968065
22.77571 0.6464073382028197
22.77692 0.6466111771700357
22.77813 0.6467810429760489
22.77933 0.6469848819432649
22.78054 0.6471887209104807
22.78175 0.6473925598776966
22.78295 0.6475963988449126
22.78416 0.6478002378121284
22.78537 0.6480380499405469
22.78657 0.6482418889077629
22.78778 0.6484797010361814
22.78899 0.6487175131646
22.79019 0.6489553252930185
22.7914 0.6492271105826397
22.79261 0.6494649227110583
22.79382 0.6497367080006795
22.79502 0.649974520129098
22.79623 0.6502463054187192
22.79744 0.6505180907083404
22.79864 0.6507898759979617
22.79985 0.6510616612875828
22.80106 0.651333446577204
22.80226 0.6516392050280279
22.80347 0.6519109903176491
22.80468 0.6522167487684729
22.80588 0.6525225072192967
22.80709 0.6528282656701206
22.8083 0.6531000509597418
22.8095 0.6534397825717684
22.81071 0.6537455410225921
22.81192 0.654051299473416
22.81312 0.6543570579242398
22.81433 0.6546967895362663
22.81554 0.6550365211482929
22.81675 0.6553422795991166
22.81795 0.6556820112111432
22.81916 0.6560217428231697
22.82037 0.6563614744351962
22.82157 0.6567012060472227
22.82278 0.6570409376592492
22.82399 0.6574146424324783
22.82519 0.6577543740445049
22.8264 0.658128078817734
22.82761 0.6585017835909631
22.82881 0.6588415152029896
22.83002 0.6592152199762188
22.83123 0.6595889247494479
22.83243 0.659962629522677
22.83364 0.6603363342959062
22.83485 0.6607440122303381
22.83605 0.6611177170035671
22.83726 0.6614914217767963
22.83847 0.6618990997112282
22.83967 0.6623067776456599
22.84088 0.6626804824188891
22.84209 0.6630881603533209
22.8433 0.6634958382877527
22.8445 0.6639374893833871
22.84571 0.6643451673178189
22.84692 0.6647868184134533
22.84812 0.6651944963478852
22.84933 0.6656361474435196
22.85054 0.6661117717003567
22.85174 0.6665534227959912
22.85295 0.6669950738916256
22.85416 0.6674706981484627
22.85536 0.6679123492440971
22.85657 0.6683879735009343
22.85778 0.6688635977577714
22.85898 0.6693392220146085
22.86019 0.6698148462714456
22.8614 0.6702904705282826
22.8626 0.6707660947851197
22.86381 0.6712417190419568
22.86502 0.6717513164599965
22.86622 0.6722269407168336
22.86743 0.6727365381348734
22.86864 0.6732121623917106
22.86985 0.6737217598097502
22.87105 0.6741973840665874
22.87226 0.6747069814846272
22.87347 0.6751826057414643
22.87467 0.6756922031595041
22.87588 0.6762018005775438
22.87709 0.6766774248343809
22.87829 0.6771870222524206
22.8795 0.6776626465092577
22.88071 0.6781722439272974
22.88191 0.6786478681841345
22.88312 0.6791574656021743
22.88433 0.6796330898590114
22.88553 0.6801426872770511
22.88674 0.6806183115338882
22.88795 0.6810939357907253
22.88915 0.6815695600475624
22.89036 0.6820451843043995
22.89157 0.6825208085612366
22.89277 0.6830304059792764
22.89398 0.6835060302361134
22.89519 0.6839816544929506
22.8964 0.6844912519109903
22.8976 0.68500084932903
22.89881 0.6855104467470697
22.90002 0.6860200441651095
22.90122 0.6865296415831493
22.90243 0.687039239001189
22.90364 0.6875488364192288
22.90484 0.6880584338372685
22.90605 0.6885680312553083
22.90726 0.6891116018345507
22.90846 0.6896211992525905
22.90967 0.6901307966706302
22.91088 0.6906743672498726
22.91208 0.6911839646679123
22.91329 0.6916935620859521
22.9145 0.6922031595039918
22.9157 0.6927127569220316
22.91691 0.6932223543400714
22.91812 0.6937319517581111
22.91932 0.6942415491761509
22.92053 0.6947511465941906
22.92174 0.6952267708510277
22.92295 0.6957363682690675
22.92415 0.6962119925259045
22.92536 0.6966876167827416
22.92657 0.6971632410395787
22.92777 0.6976388652964158
22.92898 0.6980805163920503
22.93019 0.6985561406488874
22.93139 0.6989977917445218
22.9326 0.6994394428401564
22.93381 0.699847120774588
22.93501 0.7002547987090199
22.93622 0.7006964498046543
22.93743 0.7010701545778835
22.93863 0.7014778325123152
22.93984 0.7018515372855444
22.94105 0.7022252420587736
22.94225 0.7025649736708001
22.94346 0.7029047052828266
22.94467 0.703244436894853
22.94587 0.7035841685068795
22.94708 0.703923900118906
22.94829 0.70422965856973
22.9495 0.7045354170205538
22.9507 0.7048411754713776
22.95191 0.7051469339222014
22.95312 0.7054187192118226
22.95432 0.7057244776626465
22.95553 0.7059962629522677
22.95674 0.7062680482418888
22.95794 0.7065398335315101
22.95915 0.7068116188211313
22.96036 0.7070494309495499
22.96156 0.707321216239171
22.96277 0.7075590283675897
22.96398 0.7077968404960081
22.96518 0.7080346526244268
22.96639 0.7082384915916425
22.9676 0.7084763037200612
22.9688 0.7086801426872771
22.97001 0.7089179548156955
22.97122 0.7091217937829115
22.97242 0.7093256327501274
22.97363 0.7095294717173434
22.97484 0.7096993375233566
22.97605 0.7099031764905724
22.97725 0.7100730422965857
22.97846 0.7102429081025989
22.97967 0.7104467470698148
22.98087 0.7106166128758281
22.98208 0.7107525055206387
22.98329 0.7109223713266519
22.98449 0.7110922371326652
22.9857 0.7112281297774758
22.98691 0.711397995583489
22.98811 0.7115338882282995
22.98932 0.7116697808731103
22.99053 0.7118056735179209
22.99173 0.7119415661627314
22.99294 0.712077458807542
22.99415 0.7122133514523526
22.99535 0.7123152709359606
22.99656 0.7124511635807712
22.99777 0.7125530830643791
22.99897 0.7126210293867844
23.00018 0.7127229488703924
23.00139 0.7127908951927977
23.0026 0.712858841515203
23.0038 0.7129267878376083
23.00501 0.7129947341600136
23.00622 0.7130626804824188
23.00742 0.7130966536436215
23.00863 0.7131306268048242
23.00984 0.7131985731272295
23.01104 0.7132325462884321
23.01225 0.7132665194496348
23.01346 0.7132665194496348
23.01466 0.7133004926108375
23.01587 0.7133344657720401
23.01708 0.7133344657720401
23.01828 0.7133344657720401
23.01949 0.7133684389332428
23.0207 0.7133684389332428
23.0219 0.7133684389332428
23.02311 0.7134024120944454
23.02432 0.7134024120944454
23.02553 0.7134024120944454
23.02673 0.7134024120944454
23.02794 0.7134024120944454
23.02915 0.7134024120944454
23.03035 0.7134024120944454
23.03156 0.7134024120944454
23.03277 0.7134024120944454
23.03397 0.713436385255648
23.03518 0.713436385255648
23.03639 0.713436385255648
23.03759 0.713436385255648
23.0388 0.7134703584168507
23.04001 0.7134703584168507
23.04121 0.7135043315780534
23.04242 0.713538304739256
23.04363 0.713538304739256
23.04483 0.7135722779004586
23.04604 0.7136062510616612
23.04725 0.7136402242228639
23.04845 0.7136402242228639
23.04966 0.7136741973840666
23.05087 0.7136741973840666
23.05208 0.7136741973840666
23.05328 0.7137081705452692
23.05449 0.7137081705452692
23.0557 0.7137081705452692
23.0569 0.7137081705452692
23.05811 0.7137421437064719
23.05932 0.7137421437064719
23.06052 0.7137421437064719
23.06173 0.7137421437064719
23.06294 0.7137421437064719
23.06414 0.7137421437064719
23.06535 0.7137421437064719
23.06656 0.7137761168676746
23.06776 0.7137761168676746
23.06897 0.7137761168676746
23.07018 0.7137761168676746
23.07138 0.7137761168676746
23.07259 0.7138100900288772
23.0738 0.7138100900288772
23.075 0.7138100900288772
23.07621 0.7138440631900799
23.07742 0.7138440631900799
23.07863 0.7138780363512826
23.07983 0.7139120095124851
23.08104 0.7139120095124851
23.08225 0.7139459826736878
23.08345 0.7139799558348905
23.08466 0.7140139289960931
23.08587 0.7140479021572957
23.08707 0.7140818753184983
23.08828 0.7141498216409037
23.08949 0.7141837948021063
23.09069 0.7142177679633089
23.0919 0.7142857142857143
23.09311 0.7143536606081197
23.09431 0.7144216069305249
23.09552 0.7144895532529302
23.09673 0.7145574995753354
23.09793 0.7146254458977408
23.09914 0.7147273653813487
23.10035 0.7147953117037541
23.10155 0.714897231187362
23.10276 0.71499915067097
23.10397 0.7151010701545779
23.10518 0.7152029896381858
23.10638 0.7153049091217938
23.10759 0.7154068286054017
23.1088 0.7155087480890097
23.11 0.7156106675726176
23.11121 0.7157125870562255
23.11242 0.7158484797010362
23.11362 0.7159503991846442
23.11483 0.7160862918294547
23.11604 0.7161882113130627
23.11724 0.7163241039578733
23.11845 0.7164599966026839
23.11966 0.7165619160862918
23.12086 0.7166978087311024
23.12207 0.716833701375913
23.12328 0.7169695940207237
23.12448 0.7171054866655342
23.12569 0.7172413793103448
23.1269 0.7173772719551553
23.1281 0.7175131645999661
23.12931 0.7176490572447767
23.13052 0.7177849498895872
23.13173 0.7179208425343978
23.13293 0.7180567351792084
23.13414 0.718192627824019
23.13535 0.7183285204688296
23.13655 0.7184644131136402
23.13776 0.7186003057584509
23.13897 0.7187701715644641
23.14017 0.7189060642092746
23.14138 0.7190419568540853
23.14259 0.7191778494988958
23.14379 0.7193137421437065
23.145 0.7194496347885171
23.14621 0.7195855274333277
23.14741 0.7197214200781383
23.14862 0.7198573127229488
23.14983 0.720027178528962
23.15103 0.7201630711737728
23.15224 0.720332936979786
23.15345 0.7205028027857991
23.15465 0.7206726685918126
23.15586 0.7208765075590283
23.15707 0.7210463733650416
23.15828 0.7212502123322575
23.15948 0.7214540512994734
23.16069 0.7216239171054866
23.1619 0.7218277560727026
23.1631 0.7220315950399184
23.16431 0.7222354340071344
23.16552 0.7224392729743503
23.16672 0.7226431119415662
23.16793 0.722846950908782
23.16914 0.7230168167147953
23.17034 0.7232206556820112
23.17155 0.7234244946492271
23.17276 0.723628333616443
23.17396 0.7237981994224563
23.17517 0.7239680652284696
23.17638 0.7241719041956853
23.17758 0.7243417700016987
23.17879 0.7245116358077119
23.18 0.7246815016137251
23.1812 0.7248173942585358
23.18241 0.724987260064549
23.18362 0.7251231527093596
23.18483 0.7252590453541702
23.18603 0.7253949379989808
23.18724 0.7254968574825887
23.18845 0.7255987769661967
23.18965 0.7257006964498046
23.19086 0.7257686427722099
23.19207 0.7258705622558179
23.19327 0.7259045354170206
23.19448 0.7259724817394259
23.19569 0.7260064549006285
23.19689 0.7260064549006285
23.1981 0.7260404280618312
23.19931 0.7260404280618312
23.20051 0.7260064549006285
23.20172 0.7260064549006285
23.20293 0.7259724817394259
23.20413 0.7259385085782233
23.20534 0.7259045354170206
23.20655 0.7258365890946152
23.20775 0.7258026159334126
23.20896 0.7257346696110073
23.21017 0.725666723288602
23.21138 0.7255987769661967
23.21258 0.7254968574825887
23.21379 0.7253949379989808
23.215 0.7253269916765754
23.2162 0.7251910990317649
23.21741 0.725089179548157
23.21862 0.724987260064549
23.21982 0.7248513674197384
23.22103 0.7247154747749278
23.22224 0.7245795821301172
23.22344 0.7244436894853067
23.22465 0.7242738236792933
23.22586 0.7241379310344828
23.22706 0.7239680652284696
23.22827 0.7237642262612536
23.22948 0.7235943604552404
23.23068 0.7234244946492271
23.23189 0.7232206556820112
23.2331 0.7230168167147953
23.23431 0.7228129777475795
23.23551 0.7226091387803635
23.23672 0.722371326651945
23.23793 0.7221335145235264
23.23913 0.7218957023951079
23.24034 0.7216578902666894
23.24155 0.7214200781382708
23.24275 0.7211822660098522
23.24396 0.720910480720231
23.24517 0.7206386954306099
23.24637 0.7203669101409886
23.24758 0.7200951248513674
23.24879 0.7197893664005436
23.24999 0.7195175811109223
23.2512 0.7192118226600985
23.25241 0.718872091048072
23.25361 0.7185323594360455
23.25482 0.718192627824019
23.25603 0.7178189230507899
23.25723 0.7174452182775608
23.25844 0.7170375403431289
23.25965 0.7166298624086971
23.26086 0.7161882113130627
23.26206 0.7157805333786308
23.26327 0.7153049091217938
23.26448 0.7148632580261594
23.26568 0.7143876337693222
23.26689 0.7139459826736878
23.2681 0.713436385255648
23.2693 0.7129607609988109
23.27051 0.7124851367419738
23.27172 0.7119755393239341
23.27292 0.7114659419058943
23.27413 0.7109563444878546
23.27534 0.7104807202310175
23.27654 0.7099711228129777
23.27775 0.709461525394938
23.27896 0.7089519279768982
23.28016 0.7084423305588585
23.28137 0.7079327331408188
23.28258 0.707423135722779
23.28378 0.7069135383047392
23.28499 0.7064379140479022
23.2862 0.7059283166298624
23.28741 0.7054526923730253
23.28861 0.7049770681161882
23.28982 0.7045014438593511
23.29103 0.7040597927637167
23.29223 0.7035841685068795
23.29344 0.7031425174112451
23.29465 0.7027008663156107
23.29585 0.7022931883811788
23.29706 0.7018855104467471
23.29827 0.7014778325123152
23.29947 0.7011041277390861
23.30068 0.700730422965857
23.30189 0.7003906913538305
23.30309 0.700050959741804
23.3043 0.6997112281297775
23.30551 0.6993714965177509
23.30671 0.6990317649057245
23.30792 0.698692033293698
23.30913 0.6983523016816715
23.31033 0.6980465432308477
23.31154 0.6977068116188211
23.31275 0.6973670800067947
23.31396 0.6970273483947681
23.31516 0.6967215899439443
23.31637 0.6963818583319178
23.31758 0.6960760998810939
23.31878 0.6957703414302702
23.31999 0.6954645829794462
23.3212 0.6951588245286223
23.3224 0.6948530660777985
23.32361 0.6945473076269747
23.32482 0.6942755223373536
23.32602 0.6940037370477322
23.32723 0.6936979785969085
23.32844 0.6934601664684898
23.32964 0.6931883811788687
23.33085 0.6929505690504502
23.33206 0.6927127569220316
23.33326 0.692474944793613
23.33447 0.6922371326651945
23.33568 0.6920332936979786
23.33688 0.6918294547307626
23.33809 0.6916595889247494
23.3393 0.6914557499575336
23.34051 0.6912858841515203
23.34171 0.6911499915067097
23.34292 0.6910140988618991
23.34413 0.6908782062170885
23.34533 0.6907423135722779
23.34654 0.69064039408867
23.34775 0.6905724477662647
23.34895 0.6904705282826568
23.35016 0.6904365551214541
23.35137 0.6903686087990487
23.35257 0.6903686087990487
23.35378 0.690334635637846
23.35499 0.690334635637846
23.35619 0.6903686087990487
23.3574 0.6904025819602514
23.35861 0.6904705282826568
23.35981 0.6905724477662647
23.36102 0.69064039408867
23.36223 0.6907762867334806
23.36343 0.6909121793782911
23.36464 0.6910480720231018
23.36585 0.691217937829115
23.36706 0.6913878036351282
23.36826 0.6915916426023442
23.36947 0.6917954815695601
23.37068 0.6919993205367759
23.37188 0.6922371326651945
23.37309 0.692474944793613
23.3743 0.6927467300832343
23.3755 0.6930185153728554
23.37671 0.6932903006624767
23.37792 0.6935620859520978
23.37912 0.693833871241719
23.38033 0.694139629692543
23.38154 0.6944453881433668
23.38274 0.6947511465941906
23.38395 0.6950569050450144
23.38516 0.695396636657041
23.38636 0.6957023951078648
23.38757 0.6960421267198913
23.38878 0.6963818583319178
23.38998 0.6967215899439443
23.39119 0.6970273483947681
23.3924 0.6973670800067947
23.39361 0.6977068116188211
23.39481 0.6980465432308477
23.39602 0.6983862748428742
23.39723 0.6987260064549006
23.39843 0.6990657380669272
23.39964 0.6993714965177509
23.40085 0.6997112281297775
23.40205 0.7000169865806014
23.40326 0.7003567181926278
23.40447 0.7006624766434517
23.40567 0.7009682350942755
23.40688 0.7012739935450993
23.40809 0.7015457788347206
23.40929 0.7018515372855444
23.4105 0.7021572957363683
23.41171 0.7024290810259894
23.41291 0.7027348394768134
23.41412 0.7030405979276372
23.41533 0.703346356378461
23.41653 0.7036521148292849
23.41774 0.7039578732801087
23.41895 0.7042636317309326
23.42016 0.7045693901817563
23.42136 0.7048751486325803
23.42257 0.7051809070834041
23.42378 0.7055206386954306
23.42498 0.7058263971462545
23.42619 0.7061321555970783
23.4274 0.7064718872091048
23.4286 0.7067776456599286
23.42981 0.7071173772719551
23.43102 0.707423135722779
23.43222 0.7077628673348054
23.43343 0.7080686257856293
23.43464 0.7084083573976558
23.43584 0.7087480890096823
23.43705 0.7090538474605063
23.43826 0.7093935790725326
23.43946 0.7097333106845592
23.44067 0.7100730422965857
23.44188 0.7104127739086121
23.44309 0.710718532359436
23.44429 0.7110582639714625
23.4455 0.711397995583489
23.44671 0.7117377271955155
23.44791 0.712077458807542
23.44912 0.7124171904195685
23.45033 0.712756922031595
23.45153 0.7130966536436215
23.45274 0.713436385255648
23.45395 0.7137761168676746
23.45515 0.714115848479701
23.45636 0.7144555800917275
23.45757 0.7147953117037541
23.45877 0.7151350433157805
23.45998 0.7154747749278071
23.46119 0.7158145065398335
23.46239 0.71615423815186
23.4636 0.7164939697638866
23.46481 0.716833701375913
23.46601 0.7171394598267369
23.46722 0.7174791914387634
23.46843 0.7178189230507899
23.46964 0.7181246815016138
23.47084 0.7184304399524375
23.47205 0.7187701715644641
23.47326 0.7190759300152879
23.47446 0.7193816884661117
23.47567 0.7197214200781383
23.47688 0.720027178528962
23.47808 0.720332936979786
23.47929 0.7206726685918126
23.4805 0.7209784270426363
23.4817 0.7212841854934602
23.48291 0.7216239171054866
23.48412 0.7219296755563105
23.48532 0.7222694071683371
23.48653 0.7225751656191608
23.48774 0.7229148972311874
23.48894 0.7232546288432139
23.49015 0.7235943604552404
23.49136 0.7239340920672669
23.49256 0.7242738236792933
23.49377 0.7246475284525224
23.49498 0.724987260064549
23.49619 0.7253609648377781
23.49739 0.7257006964498046
23.4986 0.7260744012230338
23.49981 0.7264820791574657
23.50101 0.7268557839306947
23.50222 0.7272634618651266
23.50343 0.7276371666383558
23.50463 0.7280448445727875
23.50584 0.7284864956684219
23.50705 0.7288941736028537
23.50825 0.7293358246984882
23.50946 0.7297774757941227
23.51067 0.7302191268897571
23.51187 0.7306947511465942
23.51308 0.7311703754034312
23.51429 0.7316459996602683
23.51549 0.7321555970783081
23.5167 0.7326991676575505
23.51791 0.7332427382367929
23.51911 0.7338542551384406
23.52032 0.7344657720400883
23.52153 0.7351112621029386
23.52274 0.7357567521657891
23.52394 0.7364362153898419
23.52515 0.737115678613895
23.52636 0.7378291149991507
23.52756 0.7385425513844063
23.52877 0.7392899609308646
23.52998 0.7400373704773229
23.53118 0.7407847800237812
23.53239 0.7415321895702395
23.5336 0.7423135722779004
23.5348 0.7430609818243588
23.53601 0.7438423645320197
23.53722 0.7446237472396807
23.53842 0.745371156786139
23.53963 0.7461185663325973
23.54084 0.7468999490402581
23.54204 0.7476473585867165
23.54325 0.7483607949719722
23.54446 0.7491082045184304
23.54566 0.7498216409036861
23.54687 0.7505350772889418
23.54808 0.7512145405129947
23.54929 0.751860030575845
23.55049 0.7525055206386955
23.5517 0.7531510107015458
23.55291 0.7537285544419908
23.55411 0.7543400713436385
23.55532 0.7548836419228809
23.55653 0.7553932393409206
23.55773 0.7559028367589604
23.55894 0.7563444878545948
23.56015 0.7567861389502294
23.56135 0.7571598437234585
23.56256 0.7575335484966876
23.56377 0.7578393069475114
23.56497 0.7581450653983353
23.56618 0.7583489043655512
23.56739 0.7585527433327671
23.56859 0.7587226091387803
23.5698 0.7588924749447936
23.57101 0.7590283675896042
23.57221 0.7591642602344147
23.57342 0.7593001528792255
23.57463 0.759436045524036
23.57584 0.7595379650076439
23.57704 0.7596398844912519
23.57825 0.7597078308136572
23.57946 0.7597757771360625
23.58066 0.7598437234584678
23.58187 0.7598776966196705
23.58308 0.7599116697808731
23.58428 0.7599116697808731
23.58549 0.7598776966196705
23.5867 0.7598437234584678
23.5879 0.7598097502972652
23.58911 0.7597078308136572
23.59032 0.7596059113300493
23.59152 0.7595039918464414
23.59273 0.759334126040428
23.59394 0.7591642602344147
23.59514 0.7589604212671989
23.59635 0.7587226091387803
23.59756 0.7584847970103618
23.59876 0.7581790385595379
23.59997 0.7578732801087141
23.60118 0.7575335484966876
23.60239 0.7571598437234585
23.60359 0.7567521657890267
23.6048 0.7562765415321896
23.60601 0.7558009172753525
23.60721 0.7552913198573127
23.60842 0.7547477492780703
23.60963 0.7541702055376253
23.61083 0.753524715474775
23.61204 0.7528792254119245
23.61325 0.752165789026669
23.61445 0.7514183794802106
23.61566 0.7506369967725497
23.61687 0.7497876677424835
23.61807 0.7489043655512145
23.61928 0.747987090198743
23.62049 0.7470358416850688
23.62169 0.7460166468489893
23.6229 0.7449295056905044
23.62411 0.7437744182096144
23.62531 0.742551384406319
23.62652 0.7412604042806183
23.62773 0.7399014778325124
23.62894 0.7385085782232036
23.63014 0.7370137591302871
23.63135 0.7354849668761678
23.63256 0.733922201460846
23.63376 0.7322914897231187
23.63497 0.7306268048241888
23.63618 0.7288941736028537
23.63738 0.7271615423815186
23.63859 0.7253609648377781
23.6398 0.723526414132835
23.641 0.7216578902666894
23.64221 0.7197893664005436
23.64342 0.7178868693731951
23.64462 0.7159503991846442
23.64583 0.7139799558348905
23.64704 0.7120095124851367
23.64824 0.7100390691353831
23.64945 0.7080346526244268
23.65066 0.7060302361134704
23.65186 0.704025819602514
23.65307 0.7020214030915576
23.65428 0.7000169865806014
23.65549 0.698012570069645
23.65669 0.6960081535586886
23.6579 0.6940037370477322
23.65911 0.6920332936979786
23.66031 0.6900628503482249
23.66152 0.6881263801596739
23.66273 0.6862238831323255
23.66393 0.6843213861049771
23.66514 0.6824188890776286
23.66635 0.6805843383726856
23.66755 0.6787837608289452
23.66876 0.6770171564464074
23.66997 0.6752505520638695
23.67117 0.673551894003737
23.67238 0.6719211822660099
23.67359 0.6702904705282826
23.67479 0.6687277051129608
23.676 0.6672328860200442
23.67721 0.6657380669271276
23.67842 0.6643111941566162
23.67962 0.662884321386105
23.68083 0.6614914217767963
23.68204 0.6600985221674877
23.68324 0.6587735688805844
23.68445 0.657448615593681
23.68566 0.6561576354679803
23.68686 0.6548666553422795
23.68807 0.6536096483777816
23.68928 0.6523526414132835
23.69048 0.6511296076099881
23.69169 0.6499065738066927
23.6929 0.6486835400033973
23.6941 0.6474944793613046
23.69531 0.6463054187192118
23.69652 0.6451163580771191
23.69772 0.6439272974350263
23.69893 0.6427722099541363
23.70014 0.6415831493120434
23.70134 0.6404280618311534
23.70255 0.6392390011890606
23.70376 0.6380839137081705
23.70497 0.6368948530660777
23.70617 0.6357397655851876
23.70738 0.634550704943095
23.70859 0.6333276711397996
23.70979 0.6321386104977068
23.711 0.6309155766944113
23.71221 0.629692542891116
23.71341 0.6284355359266179
23.71462 0.6271785289621199
23.71583 0.6258875488364193
23.71703 0.6245965687107186
23.71824 0.6233055885850178
23.71945 0.6219466621369119
23.72065 0.6205877356888059
23.72186 0.6191948360794972
23.72307 0.6178019364701886
23.72427 0.6163410905384746
23.72548 0.6148802446067607
23.72669 0.613385425513844
23.72789 0.6118226600985222
23.7291 0.6102598946832003
23.73031 0.608731102429081
23.73152 0.6073382028197725
23.73272 0.6060472226940716
23.73393 0.6048921352131816
23.73514 0.6038389672158995
23.73634 0.6028537455410226
23.73755 0.6019704433497537
23.73876 0.6011550874808901
23.73996 0.6004076779344318
23.74117 0.5996942415491762
23.74238 0.5990147783251232
23.74358 0.5983692882622729
23.74479 0.5977577713606251
23.746 0.5971462544589774
23.7472 0.5965347375573297
23.74841 0.595923220655682
23.74962 0.5952777305928316
23.75082 0.5945982673687787
23.75203 0.593884830983523
23.75324 0.5931034482758621
23.75444 0.5922541192457959
23.75565 0.5913368438933242
23.75686 0.5903516222184475
23.75807 0.5892644810599627
23.75927 0.5880754204178699
23.76048 0.5867504671309666
23.76169 0.5853235943604552
23.76289 0.5837268557839307
23.7641 0.5820281977237982
23.76531 0.5801596738576524
23.76651 0.5781212841854935
23.76772 0.5758790555461185
23.76893 0.573500934261933
23.77013 0.570885000849329
23.77134 0.5680992016307118
23.77255 0.5650755902836759
23.77375 0.5618141668082215
23.77496 0.5583149312043486
23.77617 0.554577883472057
23.77737 0.550603023611347
23.77858 0.5463224052998131
23.77979 0.5418039748598608
23.78099 0.5369458128078818
23.7822 0.5318158654662817
23.78341 0.5263801596738577
23.78462 0.5201630711737727
23.78582 0.5122473246135553
23.78703 0.5027348394768133
23.78824 0.49176150840835736
23.78944 0.4793952777305929
23.79065 0.46577204008833023
23.79186 0.45099371496517754
23.79306 0.4351622218447427
23.79427 0.4184134533718363
23.79548 0.40078138270766095
23.79668 0.38243587565823
23.79789 0.36347885170715133
23.7991 0.34401223033803296
23.8003 0.3241039578732801
23.80151 0.3039239001189061
23.80272 0.2835739765585188
23.80392 0.26308816035332083
23.80513 0.24267029047052827
23.80634 0.2223543400713436
23.80754 0.20227620180057757
23.80875 0.18253779514183796
23.80996 0.16324103957873282
23.81117 0.1445218277560727
23.81237 0.12644810599626297
23.81358 0.10915576694411415
23.81479 0.09274673008323425
23.81599 0.07728894173602853
23.8172 0.06295226770851028
23.81841 0.04977068116188211
23.81961 0.03791404790215729
23.82082 0.027450314251741124
23.82203 0.0185153728554442
23.82323 0.01121114319687447
23.82444 0.005605571598437235
23.82565 0.001834550704943095
23.82685 0.0
23.82806 6.794632240529982e-05
23.82927 0.0022762018005775438
23.83047 0.006726685918124682
23.83168 0.013555291319857311
23.83289 0.022829964328180737
23.83409 0.03468659758790556
23.8353 0.049193137421437064
23.83651 0.06651944963478852
23.83772 0.08669950738916256
23.83892 0.10929165958892474
23.84013 0.13100050959741802
23.84134 0.1514523526414133
23.84254 0.17088500084932903
23.84375 0.18946832002717853
23.84496 0.20740614914217767
23.84616 0.22486835400033972
23.84737 0.24209274673008324
23.84858 0.2592831662986241
23.84978 0.27657550535077285
23.85099 0.2942075760149482
23.8522 0.31238321725836593
23.8534 0.33127229488703924
23.85461 0.35107864786818416
23.85582 0.3720061151690165
23.85702 0.3942585357567522
23.85823 0.4179718022762018
23.85944 0.44341770001698655
23.86064 0.4707321216239171
23.86185 0.5001528792254119
23.86306 0.5318498386274843
23.86427 0.5660268387973502
23.86547 0.6028877187022252
23.86668 0.6425683709869203
23.86789 0.6853405809410565
23.86909 0.7313742143706472
23.8703 0.7808391370817054
23.87151 0.8339391880414473
23.87271 0.8908782062170886
23.87392 0.951860030575845
23.87513 1.0170205537625276
23.87633 1.0866315610667574
23.87754 1.1608289451333447
23.87875 1.2398505180907082
23.87995 1.323832172583659
23.88116 1.413011720740615
23.88237 1.5075590283675895
23.88357 1.6076779344317988
23.88478 1.7135722779004587
23.88599 1.825411924579582
23.8872 1.9434007134363853
23.8884 2.0677085102768813
23.88961 2.198573127229489
23.89082 2.3361304569390184
23.89202 2.4806183115338882
23.89323 2.632206556820112
23.89444 2.793986750467131
23.89564 2.968438933242738
23.89685 3.1550195345676912
23.89806 3.353151010701546
23.89926 3.5622218447426532
23.90047 3.781620519789367
23.90168 4.01076949210124
23.90288 4.2490912179378295
23.90409 4.496008153558688
23.9053 4.750874808900968
23.9065 5.0131815865466285
23.90771 5.282282996432818
23.90892 5.55756752165789
23.91012 5.838525564803804
23.91133 6.124511635807712
23.91254 6.414948190929166
23.91375 6.709257686427722
23.91495 7.006828605401733
23.91616 7.307117377271956
23.91737 7.609512485136743
23.91857 7.913402412094445
23.91978 8.218243587565823
23.92099 8.52345846781043
23.92219 8.828401562765416
23.9234 9.132563275012739
23.92461 9.435298114489553
23.92581 9.736062510616614
23.92702 10.034244946492272
23.92823 10.329267878376083
23.92943 10.620587735688806
23.93064 10.90755902836759
23.93185 11.189638185833193
23.93305 11.466247664345168
23.93426 11.736809920163072
23.93547 12.000679463224053
23.93667 12.257380669271274
23.93788 12.506234075080686
23.93909 12.746730083234244
23.9403 12.978257176830304
23.9415 13.200237812128417
23.94271 13.412094445388142
23.94392 13.613249532869034
23.94512 13.803159503991848
23.94633 13.981178868693732
23.94754 14.14676405639545
23.94874 14.299575335484967
23.94995 14.442976048921352
23.95116 14.578562935281127
23.95236 14.706607779853917
23.95357 14.82731442160693
23.95478 14.94088669950739
23.95598 15.047630372006115
23.95719 15.147715304909122
23.9584 15.241413283506029
23.9596 15.32896211992526
23.96081 15.410565653134025
23.96202 15.486461695260743
23.96322 15.556888058433838
23.96443 15.622082554781722
23.96564 15.682282996432818
23.96685 15.73769322235434
23.96805 15.788585017835908
23.96926 15.835196195005944
23.97047 15.877696619670461
23.97167 15.916358077119078
23.97288 15.95141837948021
23.97409 15.983115338882282
23.97529 16.01165279429251
23.9765 16.03730253100051
23.97771 16.0602344148123
23.97891 16.0807542041787
23.98012 16.099031764905725
23.98133 16.115304909121797
23.98253 16.129845422116528
23.98374 16.14282316969594
23.98495 16.154543910310853
23.98615 16.165177509767283
23.98736 16.174961780193648
23.98857 16.184168506879566
23.98977 16.19300152879225
23.99098 16.20166468489893
23.99219 16.21039578732801
23.9934 16.21946662136912
23.9946 16.22908102598947
23.99581 16.239442840156276
23.99702 16.250823849159165
23.99822 16.263427891965346
23.99943 16.277492780703245
24.00064 16.293256327501272
24.00184 16.31092237132665
24.00305 16.330728724307797
24.00426 16.35267538644471
24.00546 16.374418209614404
24.00667 16.39514183794802
24.00788 16.414914217767965
24.00908 16.433633429590625
24.01029 16.45140139289961
24.0115 16.468150161372517
24.0127 16.483913708170544
24.01391 16.4986920332937
24.01512 16.512485136741976
24.01632 16.52525904535417
24.01753 16.537081705452692
24.01874 16.547885170715134
24.01995 16.5577034143027
24.02115 16.56657040937659
24.02236 16.574418209614404
24.02357 16.58128078817734
24.02477 16.5871581450654
24.02598 16.59205028027858
24.02719 16.595957193816883
24.02839 16.598912858841516
24.0296 16.600849329030066
24.03081 16.601834550704943
24.03201 16.601800577543738
24.03322 16.600815355868864
24.03443 16.59884491251911
24.03563 16.59588924749448
24.03684 16.591982333956175
24.03805 16.58709019874299
24.03925 16.581212841854935
24.04046 16.574350263292
24.04167 16.56650246305419
24.04287 16.5577034143027
24.04408 16.54795311703754
24.04529 16.5371836249363
24.0465 16.52546288432139
24.0477 16.512790895192797
24.04891 16.49913368438933
24.05012 16.484491251910992
24.05132 16.468897570918973
24.05253 16.45235264141328
24.05374 16.434822490232715
24.05494 16.416307117377272
24.05615 16.396840496008153
24.05736 16.37642262612536
24.05856 16.355053507728897
24.05977 16.332733140818753
24.06098 16.311737727195514
24.06218 16.29291659588925
24.06339 16.276065907932733
24.0646 16.260981824358755
24.0658 16.247392559877696
24.06701 16.23512824868354
24.06822 16.22395107864787
24.06942 16.21358926448106
24.07063 16.203906913538304
24.07184 16.19463224052998
24.07305 16.185561406488873
24.07425 16.17642262612536
24.07546 16.16708000679463
24.07667 16.157227790045866
24.07787 16.14669611007304
24.07908 16.13524715474775
24.08029 16.12267708510277
24.08149 16.10874808900968
24.0827 16.09322235434007
24.08391 16.07589604212672
24.08511 16.056565313402412
24.08632 16.034992356038728
24.08753 16.010973331068456
24.08873 15.984270426363175
24.08994 15.954645829794462
24.09115 15.921929675556308
24.09235 15.885850178359096
24.09356 15.846237472396806
24.09477 15.80281977237982
24.09598 15.755427212502122
24.09718 15.703788007474097
24.09839 15.647732291489723
24.0996 15.587022252420589
24.1008 15.521454051299473
24.10201 15.45075590283676
24.10322 15.374757941226429
24.10442 15.293256327501274
24.10563 15.205979276371666
24.10684 15.112756922031593
24.10804 15.01331747919144
24.10925 14.907525055206385
24.11046 14.795073891625616
24.11166 14.675794122643111
24.11287 14.549447936130457
24.11408 14.415865466281637
24.11528 14.274774927807034
24.11649 14.124273823679292
24.1177 13.961372515712588
24.1189 13.786614574486157
24.12011 13.600475624256838
24.12132 13.403567181926277
24.12253 13.196432818073722
24.12373 12.979582130117207
24.12494 12.753660608119585
24.12615 12.519143876337694
24.12735 12.276609478511975
24.12856 12.026634958382877
24.12977 11.769729913368439
24.13097 11.506505860370307
24.13218 11.237472396806522
24.13339 10.963173093256326
24.13459 10.684219466621368
24.1358 10.401087141158484
24.13701 10.114387633769322
24.13821 9.824664515033124
24.13942 9.53242738236793
24.14063 9.238253779514183
24.14183 8.942721250212331
24.14304 8.646339391880414
24.14425 8.349685748258876
24.14545 8.053269916765755
24.14666 7.757703414302701
24.14787 7.463495838287753
24.14908 7.171190759300153
24.15028 6.881331747919145
24.15149 6.594496347885171
24.1527 6.311228129777476
24.1539 6.032036691014099
24.15511 5.757499575335485
24.15632 5.488160353320876
24.15752 5.2245965687107185
24.15873 4.967283845761848
24.15994 4.716833701375913
24.16114 4.473755732970953
24.16235 4.2385935111262105
24.16356 4.011890606420928
24.16476 3.7942245625955495
24.16597 3.586104977068116
24.16718 3.38807542041787
24.16838 3.200713436385256
24.16959 3.0245286223883134
24.1708 2.8600645490062853
24.172 2.7077288941736026
24.17321 2.5638525564803802
24.17442 2.4267368778664853
24.17563 2.2962119925259046
24.17683 2.172040088330219
24.17804 2.0540852726346186
24.17925 1.9421437064718872
24.18045 1.836079497197214
24.18166 1.735654832682181
24.18287 1.6406998471207745
24.18407 1.5510786478681842
24.18528 1.466553422795991
24.18649 1.386988279259385
24.18769 1.3121793782911502
24.1889 1.2419568540852726
24.19011 1.1761508408357397
24.19131 1.1145574995753353
24.19252 1.0570069644980467
24.19373 1.0033293697978596
24.19493 0.9533548496687616
24.19614 0.9068455919823339
24.19735 0.8636996772549687
24.19855 0.823679293358247
24.19976 0.7866485476473586
24.20097 0.7524036011550875
24.20218 0.7207745880754204
24.20338 0.6915916426023442
24.20459 0.6646509257686428
24.2058 0.639782571768303
24.207 0.6168506879565144
24.20821 0.5956174622048582
24.20942 0.5759130287073212
24.21062 0.5576014948190929
24.21183 0.5404450484117547
24.21304 0.5243417700016987
24.21424 0.5090198742993035
24.21545 0.49441141498216407
24.21666 0.4802446067606591
24.21786 0.46638355698997797
24.21907 0.45265839986410733
24.22028 0.4388992695770341
24.22148 0.42486835400033973
24.22269 0.41046373365041616
24.2239 0.3954475963988449
24.2251 0.379718022762018
24.22631 0.36300322745031427
24.22752 0.3452012909801257
24.22873 0.3265500254798709
24.22993 0.3102089349413963
24.23114 0.29672158994394426
24.23235 0.28598607100390694
24.23355 0.2778664854764736
24.23476 0.2723288602004416
24.23597 0.26920332936979785
24.23717 0.26838797350093424
24.23838 0.2698148462714456
24.23959 0.2733820281977238
24.24079 0.27891965347375575
24.242 0.2863937489383387
24.24321 0.2956684219466621
24.24441 0.3066757261763207
24.24562 0.31924579582130114
24.24683 0.33331068455919827
24.24803 0.34876847290640395
24.24924 0.36551724137931035
24.25045 0.38342109733310686
24.25165 0.4024460676065908
24.25286 0.42242228639374896
24.25407 0.44324783421097336
24.25528 0.4648547647358587
24.25648 0.48710718532359437
24.25769 0.5099371496517752
24.2589 0.5332087650755903
24.2601 0.5568201121114319
24.26131 0.5806692712756921
24.26252 0.6046882962459658
24.26372 0.6287412943774419
24.26493 0.6527263461865126
24.26614 0.6765075590283676
24.26734 0.700050959741804
24.26855 0.7232206556820112
24.26976 0.7459147273653813
24.27096 0.7679972821471038
24.27217 0.7894343468659758
24.27338 0.8100560557159844
24.27458 0.829794462374724
24.27579 0.8485476473585867
24.277 0.8661797180227621
24.2782 0.8826227280448445
24.27941 0.8977747579412264
24.28062 0.9115338882282996
24.28183 0.9237642262612535
24.28303 0.934397825717683
24.28424 0.9432987939527774
24.28545 0.9505350772889417
24.28665 0.9571258705622557
24.28786 0.9633089859011382
24.28907 0.9691183964667913
24.29027 0.9745201290980126
24.29148 0.9795481569560047
24.29269 0.9842024800407678
24.29389 0.9885170715135043
24.2951 0.9924919313742144
24.29631 0.996127059622898
24.29751 0.9994564294207576
24.29872 1.0024800407677934
24.29993 1.005163920502803
24.30113 1.0076099881093936
24.30234 1.0097502972651604
24.30355 1.0116188211313062
24.30476 1.0132155597078307
24.30596 1.014574486155937
24.30717 1.015729573636827
24.30838 1.016612875828096
24.30958 1.0172923390521487
24.31079 1.0178019364701887
24.312 1.0180737217598097
24.3132 1.0181756412434178
24.31441 1.0181076949210124
24.31562 1.0178698827925938
24.31682 1.0174961780193648
24.31803 1.0169526074401223
24.31924 1.016307117377272
24.32044 1.0155257346696112
24.32165 1.0146084593171396
24.32286 1.0136232376422627
24.32406 1.012536096483778
24.32527 1.0113810090028879
24.32648 1.0101579751995924
24.32768 1.0088669950738915
24.32889 1.0075080686257856
24.3301 1.0061491421776796
24.33131 1.0047222694071682
24.33251 1.0032953966366571
24.33372 1.0018685238661458
24.33493 1.0004416510956344
24.33613 0.9990487514863258
24.33734 0.9976558518770171
24.33855 0.9962969254289112
24.33975 0.9950059453032104
24.34096 0.9937489383387124
24.34217 0.9925598776966196
24.34337 0.991268897570919
24.34458 0.989808051639205
24.34579 0.9881773399014779
24.34699 0.9863767623577373
24.3482 0.9844402921691864
24.34941 0.9823339561746222
24.35061 0.9800917275352472
24.35182 0.977679633089859
24.35303 0.975165619160863
24.35423 0.9725157125870563
24.35544 0.9697299133684391
24.35665 0.9668421946662137
24.35786 0.9638525564803806
24.35906 0.9607609988109393
24.36027 0.9575675216578903
24.36148 0.9542721250212332
24.36268 0.9508748089009683
24.36389 0.9474435196195007
24.3651 0.9439103108544249
24.3663 0.9403091557669442
24.36751 0.9366400543570579
24.36872 0.9329030066247664
24.36992 0.9291319857312723
24.37113 0.9253269916765755
24.37234 0.9214540512994736
24.37354 0.9175471377611686
24.37475 0.913640224222864
24.37596 0.9096993375233565
24.37716 0.9057244776626465
24.37837 0.9017496178019365
24.37958 0.8977747579412264
24.38078 0.8937998980805164
24.38199 0.8898250382198063
24.3832 0.885884151520299
24.38441 0.8819432648207916
24.38561 0.8780363512824869
24.38682 0.8741634109053847
24.38803 0.8702904705282827
24.38923 0.8664854764735859
24.39044 0.8627484287412944
24.39165 0.8590453541702054
24.39285 0.8553762527603194
24.39406 0.8518090708340411
24.39527 0.8482758620689655
24.39647 0.8448445727874979
24.39768 0.8414812298284355
24.39889 0.8382198063529812
24.40009 0.835026329199932
24.4013 0.831832852046883
24.40251 0.8286393748938339
24.40371 0.8254458977407847
24.40492 0.8222524205877356
24.40613 0.8190589434346865
24.40733 0.8158314931204348
24.40854 0.8126380159673857
24.40975 0.8094445388143366
24.41096 0.8062510616612876
24.41216 0.8030575845082385
24.41337 0.799898080516392
24.41458 0.7967046033633429
24.41578 0.7935111262102938
24.41699 0.7903176490572448
24.4182 0.7871581450653983
24.4194 0.7839646679123492
24.42061 0.7808051639205028
24.42182 0.7776456599286563
24.42302 0.7744861559368099
24.42423 0.7713266519449634
24.42544 0.768167147953117
24.42664 0.7650076439612705
24.42785 0.7618481399694241
24.42906 0.7587226091387803
24.43026 0.7555970783081366
24.43147 0.7524715474774928
24.43268 0.749346016646849
24.43388 0.7462204858162053
24.43509 0.7430949549855614
24.4363 0.7400033973161203
24.43751 0.7369118396466791
24.43871 0.7338202819772379
24.43992 0.7307287243077969
24.44113 0.7276711397995583
24.44233 0.7246135552913199
24.44354 0.7215559707830813
24.44475 0.7184983862748429
24.44595 0.7154747749278071
24.44716 0.7124171904195685
24.44837 0.7094275522337353
24.44957 0.7064039408866996
24.45078 0.7034143027008664
24.45199 0.700424664515033
24.45319 0.6974350263292
24.4544 0.6944793613045693
24.45561 0.6915236962799389
24.45681 0.6885680312553083
24.45802 0.6856123662306777
24.45923 0.6826906743672498
24.46043 0.6797689825038219
24.46164 0.6768472906403941
24.46285 0.6739255987769661
24.46406 0.6710039069135383
24.46526 0.668116188211313
24.46647 0.6651944963478852
24.46768 0.6623067776456599
24.46888 0.6594190589434347
24.47009 0.6565313402412095
24.4713 0.6536436215389841
24.4725 0.6507898759979617
24.47371 0.647936130456939
24.47492 0.6450823849159164
24.47612 0.6422286393748938
24.47733 0.6393748938338712
24.47854 0.6365551214540514
24.47974 0.6337353490742313
24.48095 0.6309155766944113
24.48216 0.6280958043145914
24.48336 0.6252760319347715
24.48457 0.6224902327161542
24.48578 0.6197044334975369
24.48698 0.6169526074401224
24.48819 0.614166808221505
24.4894 0.6114149821640903
24.49061 0.6086631561066758
24.49181 0.6059113300492611
24.49302 0.6031934771530492
24.49423 0.6004756242568371
24.49543 0.5977577713606251
24.49664 0.5950738916256157
24.49785 0.5923900118906064
24.49905 0.5897061321555971
24.50026 0.5870222524205877
24.50147 0.584372345846781
24.50267 0.5817224392729743
24.50388 0.5791065058603703
24.50509 0.5764905724477662
24.50629 0.5738746390351622
24.5075 0.5712587056225582
24.50871 0.5686767453711569
24.50991 0.5660947851197554
24.51112 0.5635467980295567
24.51233 0.5609988109393579
24.51354 0.5584508238491591
24.51474 0.5559368099201631
24.51595 0.5533888228299644
24.51716 0.5508408357397656
24.51836 0.5482588754883642
24.51957 0.5456429420757601
24.52078 0.5430270086631561
24.52198 0.540411075250552
24.52319 0.5377611686767453
24.5244 0.5351112621029387
24.5256 0.5324273823679293
24.52681 0.5297774757941226
24.52802 0.5270935960591133
24.52922 0.5244436894853066
24.53043 0.5217598097502972
24.53164 0.5191099031764905
24.53284 0.5164260234414813
24.53405 0.5137761168676745
24.53526 0.5111262102938678
24.53646 0.5085102768812638
24.53767 0.5058943434686597
24.53888 0.5033123832172584
24.54009 0.5007304229658569
24.54129 0.4981484627144556
24.5425 0.4956344487854595
24.54371 0.4931204348564634
24.54491 0.49064039408866994
24.54612 0.4881943264820791
24.54733 0.485782232036691
24.54853 0.4834041107525055
24.54974 0.48105996262952266
24.55095 0.47874978766774245
24.55215 0.47650755902836756
24.55336 0.4742993035501954
24.55457 0.4721250212332258
24.55577 0.4699847120774588
24.55698 0.46791234924409714
24.55819 0.46590793273314085
24.55939 0.4639374893833871
24.5606 0.4620349923560388
24.56181 0.46020044165109564
24.56301 0.45843383726855785
24.56422 0.4567012060472227
24.56543 0.45507049430949553
24.56664 0.4534737557329709
24.56784 0.45197893664005434
24.56905 0.4505180907083404
24.57026 0.4491591642602344
24.57146 0.4479021572957364
24.57267 0.44667912349244104
24.57388 0.4455580091727535
24.57508 0.4444708680142687
24.57629 0.44345167317818923
24.5775 0.44250042466451506
24.5787 0.4415831493120435
24.57991 0.4406998471207746
24.58112 0.4399184644131136
24.58232 0.4391710548666553
24.58353 0.43845761848139975
24.58474 0.4378121284185494
24.58594 0.43720061151690165
24.58715 0.4366570409376593
24.58836 0.4361474435196195
24.58956 0.43570579242398505
24.59077 0.43529811448955325
24.59198 0.43492440971632407
24.59319 0.4346186512655002
24.59439 0.434346865975879
24.5956 0.4341430270086631
24.59681 0.43393918804144727
24.59801 0.43380329539663665
24.59922 0.4337013759130287
24.60043 0.4336674027518261
24.60163 0.4336674027518261
24.60284 0.4336674027518261
24.60405 0.4337353490742314
24.60525 0.43383726855783933
24.60646 0.4340071343638526
24.60767 0.43417700016986577
24.60887 0.4343808391370817
24.61008 0.4346526244267029
24.61129 0.43492440971632407
24.61249 0.4352641413283506
24.6137 0.4356038729403771
24.61491 0.4360115508748089
24.61611 0.43641922880924067
24.61732 0.4368948530660778
24.61853 0.4373704773229149
24.61974 0.43788007474095464
24.62094 0.43842364532019706
24.62215 0.4390011890606421
24.62336 0.43961270596228974
24.62456 0.4402242228639375
24.62577 0.4409036860879905
24.62698 0.4415831493120435
24.62818 0.4422965856972991
24.62939 0.44301002208255474
24.6306 0.4437574316290131
24.6318 0.4445727874978767
24.63301 0.44542211652794295
24.63422 0.4463733650416171
24.63542 0.4474265330388993
24.63663 0.4485136741973841
24.63784 0.44970273483947676
24.63904 0.4509257686427722
24.64025 0.4522507219296755
24.64146 0.45360964837778156
24.64266 0.45503652114829285
24.64387 0.45653134024120945
24.64508 0.45806013249532873
24.64629 0.45965687107185327
24.64749 0.4612875828095805
24.6487 0.4629522677085103
24.64991 0.4646848989298455
24.65111 0.46641753015118054
24.65232 0.4681841345337183
24.65353 0.47001868523866147
24.65473 0.4718532359436046
24.65594 0.47368778664854766
24.65715 0.4755563105146934
24.65835 0.4774588075420418
24.65956 0.4793613045693902
24.66077 0.48129777475794117
24.66197 0.4832002717852896
24.66318 0.4851367419738407
24.66439 0.4870732121623917
24.66559 0.4889757091897401
24.6668 0.4909121793782911
24.66801 0.49281467640563953
24.66921 0.49471717343298793
24.67042 0.49658569729913365
24.67163 0.4984542211652794
24.67284 0.5002887718702226
24.67404 0.502089349413963
24.67525 0.5038899269577034
24.67646 0.5056565313402412
24.67766 0.5073551894003737
24.67887 0.5090538474605062
24.68008 0.5106845591982334
24.68128 0.512281297774758
24.68249 0.5138100900288772
24.6837 0.5153388822829964
24.6849 0.5167657550535077
24.68611 0.5181586546628163
24.68732 0.5194836079497197
24.68852 0.5207406149142177
24.68973 0.5219296755563104
24.69094 0.5230847630372006
24.69214 0.5242398505180907
24.69335 0.5253609648377782
24.69456 0.5264820791574656
24.69576 0.527603193477153
24.69697 0.5286903346356379
24.69818 0.52974350263292
24.69939 0.5307966706302021
24.70059 0.5318498386274843
24.7018 0.5328690334635637
24.70301 0.5338882282996433
24.70421 0.5348734499745201
24.70542 0.535858671649397
24.70663 0.5368438933242738
24.70783 0.5377611686767453
24.70904 0.5387124171904195
24.71025 0.5395957193816885
24.71145 0.54051299473416
24.71266 0.5413623237642262
24.71387 0.5422116527942925
24.71507 0.5430609818243587
24.71628 0.5438763376932224
24.71749 0.5446916935620859
24.71869 0.5454391031085443
24.7199 0.5462204858162052
24.72111 0.5469339222014609
24.72232 0.5476473585867165
24.72352 0.5483607949719721
24.72473 0.5490402581960252
24.72594 0.5496857482588755
24.72714 0.5502972651605232
24.72835 0.5509087820621709
24.72956 0.5514863258026159
24.73076 0.552063869543061
24.73197 0.5526074401223033
24.73318 0.5531170375403431
24.73438 0.5536266349583828
24.73559 0.5540682860540174
24.7368 0.5545099371496518
24.738 0.5549515882452862
24.73921 0.5553252930185153
24.74042 0.5556989977917445
24.74162 0.5560387294037711
24.74283 0.5563784610157975
24.74404 0.5566502463054187
24.74524 0.55692203159504
24.74645 0.5571598437234585
24.74766 0.5573636826906744
24.74887 0.5575675216578903
24.75007 0.5577034143027009
24.75128 0.5578053337863088
24.75249 0.5578732801087141
24.75369 0.5578732801087141
24.7549 0.5578732801087141
24.75611 0.5578053337863088
24.75731 0.5577034143027009
24.75852 0.5576014948190929
24.75973 0.5574316290130796
24.76093 0.5572277900458638
24.76214 0.5569899779174453
24.76335 0.5567521657890266
24.76455 0.5564803804994055
24.76576 0.556140648887379
24.76697 0.5558348904365551
24.76817 0.555461185663326
24.76938 0.5550874808900969
24.77059 0.554679802955665
24.77179 0.5542381518600306
24.773 0.5537965007643961
24.77421 0.5533548496687617
24.77542 0.5528792254119246
24.77662 0.5524036011550875
24.77783 0.5518940037370478
24.77904 0.551384406319008
24.78024 0.5508408357397656
24.78145 0.5503312383217258
24.78266 0.5497876677424834
24.78386 0.5492440971632411
24.78507 0.5487005265839986
24.78628 0.5481229828435537
24.78748 0.5475794122643112
24.78869 0.5470358416850688
24.7899 0.5464582979446237
24.7911 0.5459147273653814
24.79231 0.545371156786139
24.79352 0.5448275862068966
24.79472 0.5442840156276542
24.79593 0.5437744182096145
24.79714 0.543230847630372
24.79834 0.5427212502123323
24.79955 0.5422456259554952
24.80076 0.5417360285374554
24.80197 0.541294377441821
24.80317 0.5408187531849838
24.80438 0.5403771020893494
24.80559 0.5399694241549176
24.80679 0.5395617462204858
24.808 0.5391880414472566
24.80921 0.5388143366740274
24.81041 0.5384746050620011
24.81162 0.5381009002887719
24.81283 0.5377611686767453
24.81403 0.5373874639035162
24.81524 0.5370477322914897
24.81645 0.5367080006794632
24.81765 0.5363682690674367
24.81886 0.5360625106166129
24.82007 0.5357227790045863
24.82127 0.5353830473925599
24.82248 0.5350433157805333
24.82369 0.5347375573297096
24.82489 0.534397825717683
24.8261 0.5340920672668591
24.82731 0.5337523356548327
24.82852 0.5334465772040088
24.82972 0.5331068455919823
24.83093 0.5327671139799558
24.83214 0.532461355529132
24.83334 0.5321216239171055
24.83455 0.5318158654662817
24.83576 0.5314761338542551
24.83696 0.5311364022422287
24.83817 0.5307966706302021
24.83938 0.5304569390181756
24.84058 0.5301172074061492
24.84179 0.5297774757941226
24.843 0.5294377441820962
24.8442 0.529064039408867
24.84541 0.5287243077968404
24.84662 0.5283506030236114
24.84782 0.5279768982503822
24.84903 0.5276371666383557
24.85024 0.5272294887039238
24.85144 0.5268557839306948
24.85265 0.5264820791574656
24.85386 0.5260744012230337
24.85507 0.525666723288602
24.85627 0.5252590453541702
24.85748 0.5248173942585358
24.85869 0.5244097163241039
24.85989 0.5239680652284695
24.8611 0.523526414132835
24.86231 0.523050789875998
24.86351 0.5226091387803635
24.86472 0.5221335145235264
24.86593 0.5216239171054867
24.86713 0.5211482928486496
24.86834 0.5206386954306098
24.86955 0.5201290980125701
24.87075 0.5196195005945303
24.87196 0.519075930015288
24.87317 0.5185663325972482
24.87437 0.5180227620180058
24.87558 0.5174791914387634
24.87679 0.5169356208595209
24.87799 0.5163580771190759
24.8792 0.5158145065398335
24.88041 0.5152369627993885
24.88162 0.5146594190589435
24.88282 0.5140818753184985
24.88403 0.5135043315780533
24.88524 0.5129267878376083
24.88644 0.5123152709359605
24.88765 0.5117377271955155
24.88886 0.5111262102938678
24.89006 0.5105146933922201
24.89127 0.5099031764905725
24.89248 0.5092576864277221
24.89368 0.5086461695260743
24.89489 0.508000679463224
24.8961 0.5073891625615764
24.8973 0.506743672498726
24.89851 0.5060981824358757
24.89972 0.5054526923730253
24.90092 0.504807202310175
24.90213 0.504127739086122
24.90334 0.5034822490232717
24.90454 0.5028027857992186
24.90575 0.5021233225751656
24.90696 0.5014438593511127
24.90817 0.5007643961270596
24.90937 0.5000849329030066
24.91058 0.4994054696789536
24.91179 0.498692033293698
24.91299 0.498012570069645
24.9142 0.4972991336843894
24.91541 0.49661967046033634
24.91661 0.49590623407508067
24.91782 0.49519279768982505
24.91903 0.49447936130456943
24.92023 0.4937659249193137
24.92144 0.49305248853405814
24.92265 0.4923390521488024
24.92385 0.4915916426023441
24.92506 0.4908782062170885
24.92627 0.49013079667063025
24.92747 0.4894173602853745
24.92868 0.48863597757771365
24.92989 0.48785459487005267
24.93109 0.4870732121623917
24.9323 0.48625785629352813
24.93351 0.4854085272634619
24.93472 0.48455919823339566
24.93592 0.48370986920332937
24.93713 0.48282656701206045
24.93834 0.48194326482079164
24.93954 0.48102598946832
24.94075 0.4801087141158485
24.94196 0.47919143876337694
24.94316 0.47824019024970277
24.94437 0.47728894173602854
24.94558 0.47633769322235436
24.94678 0.47538644470868013
24.94799 0.47443519619500596
24.9492 0.47344997452012916
24.9504 0.4724987260064549
24.95161 0.471513504331578
24.95282 0.47056225581790384
24.95402 0.46957703414302704
24.95523 0.4686257856293528
24.95644 0.46767453711567863
24.95765 0.4667232886020044
24.95885 0.46577204008833023
24.96006 0.464820791574656
24.96127 0.4639035162221845
24.96247 0.4629522677085103
24.96368 0.46206896551724136
24.96489 0.4611516901647698
24.96609 0.4602683879735009
24.9673 0.4593850857822321
24.96851 0.4585357567521658
24.96971 0.45768642772209955
24.97092 0.4568710718532359
24.97213 0.45605571598437233
24.97333 0.45527433327671135
24.97454 0.45452692373025305
24.97575 0.4537795141837948
24.97695 0.4530660777985392
24.97816 0.45235264141328346
24.97937 0.45170715135043316
24.98057 0.4510616612875828
24.98178 0.45045014438593517
24.98299 0.4498726006454901
24.9842 0.449295056905045
24.9854 0.44878545948700527
24.98661 0.44830983523016815
24.98782 0.44783421097333104
24.98902 0.4473925598776966
24.99023 0.4469848819432648
24.99144 0.44657720400883305
24.99264 0.44620349923560393
24.99385 0.44582979446237475
24.99506 0.4454900628503482
24.99626 0.44515033123832176
24.99747 0.4448445727874979
24.99868 0.4445727874978767
24.99988 0.44426702904705284
25.00109 0.44402921691863434
25.0023 0.4437914047902157
25.0035 0.4435535926617972
25.00471 0.4433497536945813
25.00592 0.44314591472736536
25.00712 0.4429760489213522
25.00833 0.4428061831153389
25.00954 0.4426363173093256
25.01075 0.44250042466451506
25.01195 0.44239850518090706
25.01316 0.4422965856972991
25.01437 0.4421946662136912
25.01557 0.4420927467300832
25.01678 0.44202480040767794
25.01799 0.44199082724647526
25.01919 0.44192288092407
25.0204 0.44192288092407
25.02161 0.4418889077628673
25.02281 0.4418889077628673
25.02402 0.4418889077628673
25.02523 0.44192288092407
25.02643 0.44192288092407
25.02764 0.4419568540852727
25.02885 0.44202480040767794
25.03005 0.4420927467300832
25.03126 0.4421606930524885
25.03247 0.4422286393748939
25.03367 0.4423305588585018
25.03488 0.44239850518090706
25.03609 0.44253439782571763
25.0373 0.4426363173093256
25.0385 0.44277220995413624
25.03971 0.4428741294377442
25.04092 0.4430439952437574
25.04212 0.44317988788856805
25.04333 0.4433157805333786
25.04454 0.44348564633939186
25.04574 0.44365551214540516
25.04695 0.4438253779514184
25.04816 0.44402921691863434
25.04936 0.44423305588585016
25.05057 0.4444708680142687
25.05178 0.4447426533038899
25.05298 0.44504841175471377
25.05419 0.4453541702055377
25.0554 0.44569390181756413
25.0566 0.44606760659079325
25.05781 0.44644131136402243
25.05902 0.44684898929845424
25.06022 0.44729064039408867
25.06143 0.4477322914897231
25.06264 0.4482079157465602
25.06385 0.4486835400033973
25.06505 0.4491591642602344
25.06626 0.4496687616782742
25.06747 0.4501783590963139
25.06867 0.45072192967555635
25.06988 0.4512655002547987
25.07109 0.4518090708340411
25.07229 0.45235264141328346
25.0735 0.4529301851537285
25.07471 0.4534737557329709
25.07591 0.454051299473416
25.07712 0.45462884321386104
25.07833 0.4551724137931034
25.07953 0.45574995753354847
25.08074 0.4563275012739935
25.08195 0.4568710718532359
25.08315 0.45744861559368094
25.08436 0.4579921861729234
25.08557 0.4585697299133684
25.08677 0.4591133004926109
25.08798 0.4596228979106506
25.08919 0.46016646848989295
25.0904 0.46067606590793275
25.0916 0.4611856633259725
25.09281 0.4616612875828096
25.09402 0.4621369118396467
25.09522 0.46257856293528116
25.09643 0.46302021403091553
25.09764 0.4634618651265501
25.09884 0.4638695430609818
25.10005 0.46424324783421095
25.10126 0.46461695260744007
25.10246 0.4649566842194667
25.10367 0.46526244267029043
25.10488 0.46553422795991173
25.10608 0.4658060132495329
25.10729 0.4660438253779514
25.1085 0.46624766434516735
25.1097 0.4664515033123832
25.11091 0.46665534227959915
25.11212 0.4668252080856124
25.11332 0.4670290470528283
25.11453 0.4672328860200442
25.11574 0.46740275182605745
25.11695 0.4675726176320707
25.11815 0.4677424834380839
25.11936 0.46791234924409714
25.12057 0.46808221505011044
25.12177 0.4682520808561237
25.12298 0.46838797350093425
25.12419 0.46852386614574487
25.12539 0.46865975879055544
25.1266 0.46879565143536606
25.12781 0.46889757091897405
25.12901 0.468999490402582
25.13022 0.4691014098861899
25.13143 0.4692033293697979
25.13263 0.46927127569220317
25.13384 0.4693392220146084
25.13505 0.4693731951758111
25.13625 0.46940716833701374
25.13746 0.4694411414982164
25.13867 0.4694751146594191
25.13987 0.4694751146594191
25.14108 0.4694411414982164
25.14229 0.46940716833701374
25.1435 0.4693731951758111
25.1447 0.46930524885340585
25.14591 0.4692373025310005
25.14712 0.46916935620859523
25.14832 0.46903346356378456
25.14953 0.46893154408017673
25.15074 0.4687616782741634
25.15194 0.4686257856293528
25.15315 0.46842194666213693
25.15436 0.468218107694921
25.15556 0.4680142687277051
25.15677 0.46777645659928657
25.15798 0.4675046713096654
25.15918 0.4672328860200442
25.16039 0.46692712756922033
25.1616 0.4665873959571938
25.1628 0.46624766434516735
25.16401 0.46587395957193817
25.16522 0.46550025479870905
25.16643 0.4650586037030746
25.16763 0.46461695260744007
25.16884 0.4641753015118057
25.17005 0.4636657040937659
25.17125 0.4631561066757262
25.17246 0.46257856293528116
25.17367 0.4620010191948361
25.17487 0.4613895022931883
25.17608 0.460744012230338
25.17729 0.4600645490062851
25.17849 0.4593850857822321
25.1797 0.45867164939697636
25.18091 0.45792423985051806
25.18211 0.45717683030405976
25.18332 0.4563614744351962
25.18453 0.4555800917275352
25.18573 0.454730762697469
25.18694 0.45388143366740274
25.18815 0.4530321046373365
25.18935 0.45214880244606764
25.19056 0.45123152709359604
25.19177 0.4503142517411245
25.19298 0.4493630032274503
25.19418 0.4484117547137761
25.19539 0.4474605062001019
25.1966 0.4464752845252251
25.1978 0.4454900628503482
25.19901 0.4444708680142687
25.20022 0.44348564633939186
25.20142 0.44243247834210975
25.20263 0.4414132835060302
25.20384 0.44036011550874815
25.20504 0.439306947511466
25.20625 0.4382537795141838
25.20746 0.43720061151690165
25.20866 0.4361474435196195
25.20987 0.43506030236113474
25.21108 0.4339731612026499
25.21228 0.4329199932053677
25.21349 0.431832852046883
25.2147 0.4307457108883982
25.2159 0.42965856972991334
25.21711 0.4285714285714286
25.21832 0.42751826057414644
25.21953 0.4264311194156616
25.22073 0.42534397825717685
25.22194 0.4242908102598947
25.22315 0.4232036691014099
25.22435 0.4221505011041277
25.22556 0.4210973331068456
25.22677 0.42004416510956344
25.22797 0.41902497027348395
25.22918 0.4179718022762018
25.23039 0.4169526074401223
25.23159 0.4159334126040428
25.2328 0.4148802446067607
25.23401 0.41379310344827586
25.23521 0.4126719891285884
25.23642 0.41155087480890096
25.23763 0.4103957873280109
25.23883 0.40924069984712075
25.24004 0.408051639205028
25.24125 0.4068625785629353
25.24245 0.4056395447596399
25.24366 0.4044165109563445
25.24487 0.4031934771530491
25.24608 0.40193647018855105
25.24728 0.400679463224053
25.24849 0.3994224562595549
25.2497 0.39813147613385425
25.2509 0.3968744691693562
25.25211 0.39558348904365553
25.25332 0.3942925089179548
25.25452 0.39303550195345677
25.25573 0.39174452182775604
25.25694 0.3904535417020554
25.25814 0.38919653473755733
25.25935 0.38790555461185666
25.26056 0.38664854764735856
25.26176 0.3853915406828605
25.26297 0.38416850687956516
25.26418 0.3829114999150671
25.26538 0.3816884661117717
25.26659 0.38046543230847635
25.2678 0.37927637166638356
25.269 0.37808731102429083
25.27021 0.37693222354340067
25.27142 0.3757771360625106
25.27263 0.3746560217428232
25.27383 0.3735688805843384
25.27504 0.37248173942585355
25.27625 0.37142857142857144
25.27745 0.37040937659249196
25.27866 0.3693901817564124
25.27987 0.36840496008153556
25.28107 0.3674537115678614
25.28228 0.36657040937659247
25.28349 0.3656871071853236
25.28469 0.36483777815525736
25.2859 0.36402242228639375
25.28711 0.3632410395787328
25.28831 0.3624936300322745
25.28952 0.36178019364701886
25.29073 0.36113470358416855
25.29193 0.3605231866825208
25.29314 0.35994564294207576
25.29435 0.3593680992016307
25.29555 0.35882452862238834
25.29676 0.35831493120434854
25.29797 0.3578393069475114
25.29918 0.35739765585187705
25.30038 0.35695600475624256
25.30159 0.35651435366060813
25.3028 0.356140648887379
25.304 0.3557669441141498
25.30521 0.35542721250212334
25.30642 0.35508748089009684
25.30762 0.354781722439273
25.30883 0.3545099371496518
25.31004 0.3542381518600306
25.31124 0.35400033973161205
25.31245 0.3537625276031935
25.31366 0.35355868863597756
25.31486 0.3533888228299643
25.31607 0.3532189570239511
25.31728 0.35308306437914044
25.31848 0.3529471717343299
25.31969 0.3528452522507219
25.3209 0.352743332767114
25.3221 0.3526753864447087
25.32331 0.3526074401223034
25.32452 0.3525734669611007
25.32573 0.3525394937998981
25.32693 0.3525394937998981
25.32814 0.3525394937998981
25.32935 0.3525734669611007
25.33055 0.3526074401223034
25.33176 0.3526753864447087
25.33297 0.352743332767114
25.33417 0.35281127908951926
25.33538 0.35291319857312725
25.33659 0.3530151180567352
25.33779 0.35315101070154575
25.339 0.3532869033463564
25.34021 0.353422795991167
25.34141 0.35359266179718024
25.34262 0.3537625276031935
25.34383 0.35393239340920674
25.34503 0.3541362323764226
25.34624 0.35434007134363854
25.34745 0.3545439103108544
25.34865 0.354781722439273
25.34986 0.35501953456769153
25.35107 0.35525734669611003
25.35228 0.3555291319857313
25.35348 0.3557669441141498
25.35469 0.3560727025649737
25.3559 0.3563784610157975
25.3571 0.3567521657890267
25.35831 0.3571598437234585
25.35952 0.3576014948190929
25.36072 0.35807711907593
25.36193 0.3585867164939698
25.36314 0.35913028707321215
25.36434 0.3597078308136572
25.36555 0.36028537455410226
25.36676 0.3609308646169526
25.36796 0.3615763546798029
25.36917 0.36225581790385597
25.37038 0.36293528112790896
25.37158 0.3636487175131646
25.37279 0.3643961270596229
25.374 0.36514353660608123
25.37521 0.36589094615253953
25.37641 0.36667232886020046
25.37762 0.3674537115678614
25.37883 0.368269067436725
25.38003 0.3690504501443859
25.38124 0.36986580601324953
25.38245 0.37068116188211314
25.38365 0.37149651775097675
25.38486 0.37231187361984036
25.38607 0.3731272294887039
25.38727 0.3739425853575675
25.38848 0.37475794122643113
25.38969 0.3755732970952947
25.39089 0.37635467980295567
25.3921 0.3771360625106166
25.39331 0.3779174452182776
25.39451 0.3786988279259385
25.39572 0.3794462374723968
25.39693 0.3801596738576524
25.39813 0.3808731102429081
25.39934 0.38158654662816377
25.40055 0.3822660098522167
25.40176 0.3829114999150671
25.40296 0.3835230168167148
25.40417 0.3841345337183625
25.40538 0.38471207745880753
25.40658 0.38525564803804996
25.40779 0.3857652454560897
25.409 0.38624086971292676
25.4102 0.38668252080856125
25.41141 0.38709019874299305
25.41262 0.3874639035162222
25.41382 0.38776966196704604
25.41503 0.38807542041786985
25.41624 0.3883132325462884
25.41744 0.38851707151350434
25.41865 0.3887548836419229
25.41986 0.38892474944793615
25.42106 0.3890946152539494
25.42227 0.38926448105996264
25.42348 0.3894003737047732
25.42468 0.3895362663495838
25.42589 0.3896721589943944
25.4271 0.3897740784780024
25.42831 0.3898420248004077
25.42951 0.38990997112281295
25.43072 0.3899779174452183
25.43193 0.39001189060642094
25.43313 0.39004586376762357
25.43434 0.39004586376762357
25.43555 0.39004586376762357
25.43675 0.39001189060642094
25.43796 0.3899779174452183
25.43917 0.38990997112281295
25.44037 0.3898759979616103
25.44158 0.3897740784780024
25.44279 0.3896721589943944
25.44399 0.38957023951078645
25.4452 0.3894343468659759
25.44641 0.38929845422116527
25.44761 0.389128588415152
25.44882 0.3889587226091388
25.45003 0.3887888568031255
25.45123 0.3885850178359096
25.45244 0.3883811788686937
25.45365 0.3881433667402752
25.45486 0.387871581450654
25.45606 0.3876337693222354
25.45727 0.38736198403261424
25.45848 0.38705622558179037
25.45968 0.3867504671309665
25.46089 0.3864447086801427
25.4621 0.3861049770681162
25.4633 0.3857312722948871
25.46451 0.3853915406828605
25.46572 0.3850178359096314
25.46692 0.3846101579751996
25.46813 0.3842024800407678
25.46934 0.38376082894513336
25.47054 0.38335315101070155
25.47175 0.38287752675386444
25.47296 0.38243587565823
25.47416 0.38192627824019026
25.47537 0.38145065398335315
25.47658 0.3809410565653134
25.47778 0.380397485986071
25.47899 0.3798539154068286
25.4802 0.37927637166638356
25.48141 0.3786648547647359
25.48261 0.37798539154068284
25.48382 0.3773059283166299
25.48503 0.37655851877017155
25.48623 0.37581110922371325
25.48744 0.3749957533548497
25.48865 0.3741803974859861
25.48985 0.37333106845591985
25.49106 0.3724477662646509
25.49227 0.3715304909121794
25.49347 0.37061321555970783
25.49468 0.36966196704603366
25.49589 0.3686767453711568
25.49709 0.36769152369627994
25.4983 0.36667232886020046
25.49951 0.365653134024121
25.50071 0.36463393918804143
25.50192 0.3635807711907593
25.50313 0.3624936300322745
25.50433 0.36144046203499236
25.50554 0.36035332087650757
25.50675 0.35926617971802277
25.50796 0.358179038559538
25.50916 0.3570918974010531
25.51037 0.3559707830813657
25.51158 0.3548836419228809
25.51278 0.3537965007643961
25.51399 0.3527093596059113
25.5152 0.3516222184474265
25.5164 0.35053507728894173
25.51761 0.34944793613045694
25.51882 0.3483947681331748
25.52002 0.34734160013589266
25.52123 0.34628843213861055
25.52244 0.345269237302531
25.52364 0.3442500424664515
25.52485 0.34326482079157467
25.52606 0.3422795991166978
25.52726 0.34132835060302363
25.52847 0.34041107525055203
25.52968 0.33949379989808054
25.53088 0.3386104977068116
25.53209 0.3377611686767453
25.5333 0.3369118396466791
25.53451 0.33609648377781554
25.53571 0.33534907423135724
25.53692 0.33460166468489894
25.53813 0.3338882282996433
25.53933 0.3332427382367929
25.54054 0.3325972481739426
25.54175 0.3319857312722949
25.54295 0.3314081875318498
25.54416 0.33083064379140475
25.54537 0.3302870732121624
25.54657 0.32974350263291996
25.54778 0.3291999320536776
25.54899 0.32869033463563785
25.55019 0.3281807372175981
25.5514 0.327705112960761
25.55261 0.32722948870392393
25.55381 0.3267538644470868
25.55502 0.32631221335145233
25.55623 0.3258705622558179
25.55743 0.32542891116018346
25.55864 0.32502123322575166
25.55985 0.32461355529131986
25.56106 0.32420587735688805
25.56226 0.32383217258365893
25.56347 0.32345846781042975
25.56468 0.32311873619840326
25.56588 0.32277900458637676
25.56709 0.32243927297435027
25.5683 0.3221335145235264
25.5695 0.32182775607270253
25.57071 0.3215219976218787
25.57192 0.32125021233225753
25.57312 0.3209784270426363
25.57433 0.3207066417530151
25.57554 0.32046882962459655
25.57674 0.320231017496178
25.57795 0.3200271785289621
25.57916 0.31978936640054356
25.58036 0.3196195005945303
25.58157 0.31941566162731444
25.58278 0.31924579582130114
25.58399 0.31907593001528795
25.58519 0.31890606420927464
25.5864 0.3187701715644641
25.58761 0.31863427891965346
25.58881 0.3185323594360455
25.59002 0.3184304399524375
25.59123 0.31832852046882965
25.59243 0.3182266009852217
25.59364 0.31815865466281634
25.59485 0.3180907083404111
25.59605 0.3180567351792084
25.59726 0.31798878885680315
25.59847 0.3179548156956005
25.59967 0.3179548156956005
25.60088 0.3179548156956005
25.60209 0.3179548156956005
25.60329 0.3179548156956005
25.6045 0.31798878885680315
25.60571 0.3180227620180058
25.60691 0.3181246815016137
25.60812 0.3182266009852217
25.60933 0.3183964667912349
25.61054 0.3185663325972482
25.61174 0.3187701715644641
25.61295 0.31900798369288264
25.61416 0.3192797689825038
25.61536 0.31955155427212506
25.61657 0.31985731272294887
25.61778 0.32019704433497537
25.61898 0.32053677594700186
25.62019 0.32091048072023104
25.6214 0.32128418549346016
25.6226 0.32169186342789197
25.62381 0.32209954136232377
25.62502 0.3225072192967556
25.62622 0.32294887039239
25.62743 0.3234244946492271
25.62864 0.32386614574486156
25.62984 0.32434177000169867
25.63105 0.3247834210973331
25.63226 0.3252590453541702
25.63346 0.32576864277220996
25.63467 0.3262442670290471
25.63588 0.3267198912858842
25.63709 0.32719551554272125
25.63829 0.3276711397995583
25.6395 0.3281467640563954
25.64071 0.32862238831323254
25.64191 0.329064039408867
25.64312 0.3295396636657041
25.64433 0.3299813147613385
25.64553 0.330422965856973
25.64674 0.33083064379140475
25.64795 0.3312383217258366
25.64915 0.33164599966026836
25.65036 0.33201970443349754
25.65157 0.33239340920672666
25.65277 0.33273314081875316
25.65398 0.333038899269577
25.65519 0.3333446577204009
25.65639 0.3336164430100221
25.6576 0.3338882282996433
25.65881 0.3341260404280619
25.66001 0.3343298793952777
25.66122 0.334499745201291
25.66243 0.3346356378461016
25.66364 0.33473755732970956
25.66484 0.33483947681331744
25.66605 0.3348734499745201
25.66726 0.3349074231357228
25.66846 0.3348734499745201
25.66967 0.3348734499745201
25.67088 0.3348055036521148
25.67208 0.3347715304909122
25.67329 0.3347035841685069
25.6745 0.3346356378461016
25.6757 0.3345337183624936
25.67691 0.3344657720400883
25.67812 0.3343298793952777
25.67932 0.33422795991166976
25.68053 0.3340920672668592
25.68174 0.33392220146084595
25.68294 0.3337863088160353
25.68415 0.3336164430100221
25.68536 0.3334126040428062
25.68656 0.3332087650755903
25.68777 0.33300492610837434
25.68898 0.3328010871411585
25.69019 0.33256327501273997
25.69139 0.3323254628843214
25.6926 0.33205367759470017
25.69381 0.331781892305079
25.69501 0.3315101070154578
25.69622 0.33120434856463393
25.69743 0.33089859011381006
25.69863 0.33055885850178357
25.69984 0.3302191268897571
25.70105 0.32987939527773064
25.70225 0.32950569050450146
25.70346 0.3291319857312723
25.70467 0.3287582809580431
25.70587 0.32835060302361135
25.70708 0.32794292508917955
25.70829 0.3275012739935451
25.70949 0.32705962289791063
25.7107 0.3266179718022762
25.71191 0.3261423475454391
25.71311 0.325666723288602
25.71432 0.3251571258705623
25.71553 0.32464752845252254
25.71674 0.32413793103448274
25.71794 0.32359436045524037
25.71915 0.32305078987599795
25.72036 0.3225072192967556
25.72156 0.3219296755563105
25.72277 0.3213181586546628
25.72398 0.3207066417530151
25.72518 0.32009512485136743
25.72639 0.31944963478851707
25.7276 0.31880414472566676
25.7288 0.31815865466281634
25.73001 0.3174791914387634
25.73122 0.31679972821471036
25.73242 0.31608629182945475
25.73363 0.31533888228299645
25.73484 0.3145574995753355
25.73604 0.31377611686767454
25.73725 0.3129267878376083
25.73846 0.312077458807542
25.73966 0.31122812977747577
25.74087 0.3103108544250043
25.74208 0.3093935790725327
25.74329 0.3084423305588585
25.74449 0.30745710888398164
25.7457 0.3064718872091048
25.74691 0.305486665534228
25.74811 0.3044674706981485
25.74932 0.30341430270086633
25.75053 0.30236113470358417
25.75173 0.30127399354509937
25.75294 0.3001868523866146
25.75415 0.2990997112281297
25.75535 0.2979785969084423
25.75656 0.2968574825887549
25.75777 0.29573636826906746
25.75897 0.29461525394938
25.76018 0.2934601664684899
25.76139 0.29230507898759983
25.76259 0.29114999150670967
25.7638 0.28996093086461694
25.76501 0.2888058433837269
25.76621 0.28765075590283673
25.76742 0.28646169526074405
25.76863 0.28527263461865127
25.76984 0.28411754713776116
25.77104 0.28292848649566843
25.77225 0.2817733990147783
25.77346 0.2806183115338883
25.77466 0.2794292508917955
25.77587 0.2782741634109054
25.77708 0.2771190759300153
25.77828 0.27599796161032786
25.77949 0.27484287412943775
25.7807 0.27372175980975033
25.7819 0.27260064549006285
25.78311 0.27151350433157806
25.78432 0.2703923900118906
25.78552 0.26933922201460847
25.78673 0.2682520808561237
25.78794 0.2671989128588415
25.78914 0.266179718022762
25.79035 0.2651605231866825
25.79156 0.264141328350603
25.79277 0.2631561066757262
25.79397 0.26220485816205197
25.79518 0.2612536096483778
25.79639 0.26033633429590625
25.79759 0.2594190589434347
25.7988 0.25850178359096315
25.80001 0.2575505350772889
25.80121 0.2566332597248174
25.80242 0.2557159843723459
25.80363 0.2547987090198743
25.80483 0.2538814336674028
25.80604 0.2529641583149312
25.80725 0.2520468829624597
25.80845 0.2511635807711907
25.80966 0.25024630541871923
25.81087 0.24932903006624765
25.81207 0.24844572787497876
25.81328 0.2475624256837099
25.81449 0.24667912349244095
25.81569 0.24576184813996943
25.8169 0.2449125191099032
25.81811 0.2440292169186343
25.81932 0.24314591472736535
25.82052 0.2422626125360965
25.82173 0.24141328350603022
25.82294 0.240563954475964
25.82414 0.23971462544589772
25.82535 0.23886529641583149
25.82656 0.23801596738576525
25.82776 0.2372006115169016
25.82897 0.23635128248683543
25.83018 0.23553592661797182
25.83138 0.2347205707491082
25.83259 0.2339052148802446
25.8338 0.23308985901138102
25.835 0.23230847630372004
25.83621 0.2315270935960591
25.83742 0.23074571088839815
25.83862 0.22996432818073723
25.83983 0.22921691863427893
25.84104 0.22843553592661794
25.84224 0.22768812638015967
25.84345 0.226974689994904
25.84466 0.22622728044844573
25.84587 0.22551384406319006
25.84707 0.22480040767793447
25.84828 0.2240869712926788
25.84949 0.22337353490742315
25.85069 0.22269407168337013
25.8519 0.22201460845931717
25.85311 0.22136911839646678
25.85431 0.22068965517241382
25.85552 0.22004416510956343
25.85673 0.21943264820791572
25.85793 0.21878715814506539
25.85914 0.2181756412434177
25.86035 0.21756412434177
25.86155 0.21698658060132495
25.86276 0.21644301002208258
25.86397 0.21589943944284015
25.86517 0.2153898420248004
25.86638 0.21488024460676067
25.86759 0.21437064718872093
25.86879 0.21392899609308647
25.87 0.21345337183624935
25.87121 0.21301172074061495
25.87242 0.2126040428061831
25.87362 0.2121963648717513
25.87483 0.2117886869373195
25.87604 0.2113810090028877
25.87724 0.21100730422965858
25.87845 0.21063359945642943
25.87966 0.2102938678444029
25.88086 0.20995413623237644
25.88207 0.2095804314591473
25.88328 0.20927467300832342
25.88448 0.20893494139629692
25.88569 0.20859520978427043
25.8869 0.2082894513334466
25.8881 0.20798369288262272
25.88931 0.20767793443179886
25.89052 0.2073382028197724
25.89172 0.20703244436894852
25.89293 0.20672668591812468
25.89414 0.20642092746730084
25.89534 0.206115169016477
25.89655 0.20580941056565313
25.89776 0.2055036521148293
25.89897 0.20519789366400545
25.90017 0.20485816205197893
25.90138 0.2045524036011551
25.90259 0.20421267198912857
25.90379 0.2038729403771021
25.905 0.20353320876507558
25.90621 0.20319347715304908
25.90741 0.20281977237981996
25.90862 0.20244606760659078
25.90983 0.20207236283336164
25.91103 0.20166468489892986
25.91224 0.20125700696449805
25.91345 0.20084932903006625
25.91465 0.20044165109563444
25.91586 0.19999999999999998
25.91707 0.1995243757431629
25.91827 0.1990487514863258
25.91948 0.19857312722948872
25.92069 0.19806352981144895
25.92189 0.19751995923220655
25.9231 0.19697638865296416
25.92431 0.19643281807372176
25.92552 0.1958552743332767
25.92672 0.19527773059283168
25.92793 0.19466621369118395
25.92914 0.19408866995073892
25.93034 0.19347715304909122
25.93155 0.19286563614744354
25.93276 0.19225411924579583
25.93396 0.19164260234414812
25.93517 0.19099711228129776
25.93638 0.19038559537965008
25.93758 0.18974010531679972
25.93879 0.18909461525394938
25.94 0.1884151520298964
25.9412 0.18776966196704603
25.94241 0.18709019874299304
25.94362 0.18644470868014268
25.94482 0.1857652454560897
25.94603 0.18505180907083404
25.94724 0.18437234584678103
25.94844 0.18365890946152538
25.94965 0.1829794462374724
25.95086 0.18226600985221675
25.95207 0.1815525734669611
25.95327 0.1808051639205028
25.95448 0.18009172753524716
25.95569 0.17934431798878883
25.95689 0.17859690844233056
25.9581 0.17784949889587226
25.95931 0.17710208934941396
25.96051 0.17635467980295566
25.96172 0.1755732970952947
25.96293 0.1748258875488364
25.96413 0.17404450484117545
25.96534 0.17326312213351452
25.96655 0.1724817394258536
25.96775 0.17166638355698996
25.96896 0.17088500084932903
25.97017 0.17006964498046542
25.97137 0.16925428911160184
25.97258 0.16843893324273823
25.97379 0.16762357737387465
25.97499 0.16680822150501104
25.9762 0.16595889247494477
25.97741 0.16510956344487854
25.97862 0.16429420757601496
25.97982 0.1634448785459487
25.98103 0.1625615763546798
25.98224 0.16171224732461356
25.98344 0.16086291829454732
25.98465 0.1599796161032784
25.98586 0.1590963139120095
25.98706 0.15824698488194328
25.98827 0.15736368269067436
25.98948 0.1564464073382028
25.99068 0.15556310514693392
25.99189 0.15464582979446237
25.9931 0.1536945812807882
25.9943 0.152743332767114
25.99551 0.15175811109223714
25.99672 0.1507728894173603
25.99792 0.14978766774248342
25.99913 0.14876847290640394
26.00034 0.14774927807032445
26.00155 0.14673008323424494
26.00275 0.1456769152369628
26.00396 0.14462374723968063
26.00517 0.1435705792423985
26.00637 0.1424834380839137
26.00758 0.14143027008663156
26.00879 0.14034312892814677
26.00999 0.13922201460845932
26.0112 0.13813487344997452
26.01241 0.13701375913028707
26.01361 0.13592661797180228
26.01482 0.13480550365211483
26.01603 0.1336843893324274
26.01723 0.13256327501273993
26.01844 0.1314421606930525
26.01965 0.13032104637336503
26.02085 0.1291999320536776
26.02206 0.12807881773399013
26.02327 0.1269577034143027
26.02447 0.12583658909461523
26.02568 0.12471547477492781
26.02689 0.12359436045524037
26.0281 0.12247324613555291
26.0293 0.12135213181586547
26.03051 0.12026499065738067
26.03172 0.11914387633769322
26.03292 0.11805673517920844
26.03413 0.11696959402072364
26.03534 0.11588245286223883
26.03654 0.11482928486495668
26.03775 0.11377611686767454
26.03896 0.1127229488703924
26.04016 0.11166978087311026
26.04137 0.1106166128758281
26.04258 0.10959741803974858
26.04378 0.10861219636487175
26.04499 0.10759300152879224
26.0462 0.10664175301511807
26.0474 0.10565653134024121
26.04861 0.104705282826567
26.04982 0.10375403431289282
26.05102 0.10283675896042126
26.05223 0.10195345676915236
26.05344 0.10103618141668082
26.05465 0.10018685238661457
26.05585 0.09933752335654832
26.05706 0.09848819432648208
26.05827 0.09763886529641584
26.05947 0.09682350942755223
26.06068 0.09600815355868864
26.06189 0.09519279768982504
26.06309 0.09441141498216409
26.0643 0.0935960591133005
26.06551 0.09281467640563955
26.06671 0.09206726685918125
26.06792 0.09128588415152031
26.06913 0.090538474605062
26.07033 0.0897910650586037
26.07154 0.08904365551214541
26.07275 0.08833021912688975
26.07395 0.08758280958043146
26.07516 0.0868693731951758
26.07637 0.08615593680992016
26.07757 0.08547647358586716
26.07878 0.08476303720061151
26.07999 0.08408357397655852
26.0812 0.08340411075250552
26.0824 0.08272464752845252
26.08361 0.08204518430439953
26.08482 0.08136572108034652
26.08602 0.08068625785629353
26.08723 0.08004076779344318
26.08844 0.07939527773059282
26.08964 0.07871581450653983
26.09085 0.07807032444368948
26.09206 0.07742483438083914
26.09326 0.07681331747919144
26.09447 0.07616782741634108
26.09568 0.07552233735349075
26.09688 0.07491082045184304
26.09809 0.0742653303889927
26.0993 0.073653813487345
26.1005 0.07300832342449465
26.10171 0.07239680652284695
26.10292 0.07178528962119925
26.10412 0.07117377271955155
26.10533 0.0705282826567012
26.10654 0.06991676575505351
26.10775 0.06930524885340582
26.10895 0.06869373195175811
26.11016 0.0680822150501104
26.11137 0.06747069814846271
26.11257 0.06685918124681502
26.11378 0.06624766434516732
26.11499 0.06560217428231697
26.11619 0.06499065738066928
26.1174 0.06437914047902157
26.11861 0.06376762357737387
26.11981 0.06315610667572617
26.12102 0.06251061661287582
26.12223 0.06189909971122813
26.12343 0.06128758280958043
26.12464 0.06067606590793274
26.12585 0.060098522167487685
26.12705 0.05948700526583999
26.12826 0.05890946152539494
26.12947 0.058297944623747246
26.13067 0.05772040088330219
26.13188 0.05714285714285715
26.13309 0.0565653134024121
26.1343 0.05598776966196705
26.1355 0.055410225921522005
26.13671 0.05483268218107695
26.13792 0.05425513844063191
26.13912 0.0537115678613895
26.14033 0.05313402412094446
26.14154 0.052556480380499405
26.14274 0.05201290980125701
26.14395 0.05146933922201461
26.14516 0.05089179548156956
26.14636 0.05034822490232716
26.14757 0.049804654323084764
26.14878 0.04926108374384237
26.14998 0.04871751316459997
26.15119 0.048173942585357565
26.1524 0.04763037200611517
26.1536 0.04708680142687277
26.15481 0.046543230847630374
26.15602 0.045999660268387976
26.15722 0.04545608968914557
26.15843 0.04491251910990318
26.15964 0.044402921691863426
26.16085 0.04385935111262103
26.16205 0.04331578053337863
26.16326 0.042772209954136234
26.16447 0.042262612536096485
26.16567 0.04171904195685408
26.16688 0.04117547137761169
26.16809 0.040631900798369286
26.16929 0.04012230338032954
26.1705 0.039578732801087146
26.17171 0.03903516222184474
26.17291 0.038491591642602345
26.17412 0.037981994224562596
26.17533 0.0374384236453202
26.17653 0.0368948530660778
26.17774 0.0363512824868354
26.17895 0.03580771190759301
26.18015 0.0352641413283506
26.18136 0.034720570749108205
26.18257 0.0341770001698658
26.18377 0.03363342959062341
26.18498 0.03308985901138101
26.18619 0.03254628843213861
26.1874 0.03200271785289621
26.1886 0.03142517411245116
26.18981 0.030847630372006114
26.19102 0.030270086631561065
26.19222 0.029692542891116017
26.19343 0.029114999150670968
26.19464 0.02850348224902327
26.19584 0.027891965347375574
26.19705 0.027280448445727877
26.19826 0.026668931544080173
26.19946 0.026057414642432476
26.20067 0.02544589774078478
26.20188 0.02483438083913708
26.20308 0.024222863937489382
26.20429 0.023577373874639034
26.2055 0.022965856972991337
26.2067 0.02235434007134364
26.20791 0.02170885000849329
26.20912 0.021097333106845594
26.21032 0.020451843043995246
26.21153 0.019840326142347545
26.21274 0.01922880924069985
26.21395 0.0185833191778495
26.21515 0.017971802276201803
26.21636 0.017360285374554103
26.21757 0.016748768472906406
26.21877 0.016137251571258705
26.21998 0.015525734669611008
26.22119 0.01494819092916596
26.22239 0.01433667402751826
26.2236 0.013759130287073212
26.22481 0.013181586546628165
26.22601 0.012604042806183116
26.22722 0.012060472226940717
26.22843 0.011482928486495668
26.22963 0.010939357907253271
26.23084 0.01039578732801087
26.23205 0.009852216748768473
26.23325 0.009342619330728724
26.23446 0.008833021912688975
26.23567 0.008323424494649227
26.23688 0.007847800237812128
26.23808 0.00737217598097503
26.23929 0.006896551724137932
26.2405 0.006454900628503482
26.2417 0.006013249532869034
26.24291 0.005571598437234584
26.24412 0.005163920502802786
26.24532 0.0047562425683709865
26.24653 0.0043825377951418375
26.24774 0.004008833021912689
26.24894 0.00366910140988619
26.25015 0.0033293697978596906
26.25136 0.0030236113470358413
26.25256 0.002717852896211993
26.25377 0.0024460676065907933
26.25498 0.0021742823169695943
26.25618 0.0019364701885510446
26.25739 0.0016986580601324954
26.2586 0.001494819092916596
26.2598 0.0012909801257006965
26.26101 0.001121114319687447
26.26222 0.0009512485136741973
26.26343 0.0008153558688635977
26.26463 0.0006794632240529982
26.26584 0.0005775437404450485
26.26705 0.00047562425683709864
26.26825 0.000373704773229149
26.26946 0.00030575845082384917
26.27067 0.00023781212841854932
26.27187 0.00020383896721589944
26.27308 0.00013589264481059964
26.27429 0.00010191948360794972
26.27549 6.794632240529982e-05
26.2767 6.794632240529982e-05
26.27791 6.794632240529982e-05
26.27911 3.397316120264991e-05
26.28032 6.794632240529982e-05
26.28153 6.794632240529982e-05
26.28273 6.794632240529982e-05
26.28394 0.00010191948360794972
26.28515 0.00013589264481059964
26.28635 0.00013589264481059964
26.28756 0.00016986580601324955
26.28877 0.00020383896721589944
26.28998 0.00023781212841854932
26.29118 0.0002717852896211993
26.29239 0.00030575845082384917
26.2936 0.0003397316120264991
26.2948 0.000373704773229149
26.29601 0.00040767793443179887
26.29722 0.00044165109563444876
26.29842 0.00047562425683709864
26.29963 0.0005095974180397485
26.30084 0.0005095974180397485
26.30204 0.0005435705792423986
26.30325 0.0005435705792423986
26.30446 0.0005775437404450485
26.30566 0.0005775437404450485
26.30687 0.0005435705792423986
26.30808 0.0005435705792423986
26.30928 0.0005095974180397485
26.31049 0.0005095974180397485
26.3117 0.00044165109563444876
26.3129 0.00040767793443179887
26.31411 0.0003397316120264991
26.31532 0.0002717852896211993
26.31653 0.00020383896721589944
26.31773 0.00010191948360794972
26.31894 0.0
